z[m]	p[mb]	tls(h)[K/s]	qls[kg/kg/s]	u[m/s]	v[m/s]	w[m/s]
244.0	40	1003.9638977050785	day	levels	pres0
-999.0	990.0	-1.1034403661532061e-05	1.9094354245767357e-08	-3.032900234418257	-0.4085288590618544	-5.534040779543337e-05
-999.0	965.0	-1.5691246916835627e-05	2.6035430057654313e-08	-4.600784233638218	-0.7506039323551316	-0.00027591196008024636
-999.0	940.0	-1.0047168212218416e-05	1.6651892906843894e-08	-5.260322783674513	-0.92037827202252	-0.0005902776013747427
-999.0	915.0	-6.451094504593623e-06	7.996013321514642e-09	-5.786837816238404	-1.094547589974744	-0.0006549357052318347
-999.0	890.0	-4.9693271839281635e-06	3.4288698456264905e-09	-6.3158979075295605	-1.3013961756868022	-0.0003739454882484481
-999.0	865.0	-5.356597544122783e-06	1.544352280833417e-09	-6.856105004038131	-1.446762198050107	0.0002570970310600365
-999.0	840.0	-7.859149491340514e-06	-1.5771804037429996e-09	-7.375704901559013	-1.4483136534690857	0.0011188050820395827
-999.0	815.0	-7.15334775916759e-06	-1.0422385179452479e-08	-7.818081412996565	-1.3014014824958786	0.002113508993400992
-999.0	790.0	-3.1219242650660736e-06	-2.1522132410032177e-08	-8.179705023765564	-1.0763091868055719	0.0031719830965466268
-999.0	765.0	-4.5907846282398945e-07	-2.6054886920829883e-08	-8.4435864176069	-0.8388289968882289	0.004079745049914024
-999.0	740.0	-1.4208888428078771e-06	-2.223487500847864e-08	-8.497939944267275	-0.6296054811349937	0.004546969398773661
-999.0	715.0	-4.953066652108516e-06	-1.4361972167708226e-08	-8.334037814821516	-0.4586109455142703	0.004399090629012555
-999.0	690.0	-7.653315274399663e-06	-9.325210906801716e-09	-8.03231499876295	-0.32863910389798046	0.0036514788653382708
-999.0	665.0	-8.977958877083092e-06	-7.451105750136316e-09	-7.584645135062083	-0.2503300032445363	0.0024810664925276776
-999.0	640.0	-8.851779210898613e-06	-5.918800995300806e-09	-7.169547804764338	-0.19834265112876892	0.001092840479946644
-999.0	615.0	-7.154393815509385e-06	-5.234911477023233e-09	-6.8430753265108395	-0.17103963025978633	-0.00033138666685013883
-999.0	590.0	-5.27734062560494e-06	-3.883530607997691e-09	-6.667277110474451	-0.14097943210176062	-0.0017537806750138189
-999.0	565.0	-3.7046122671444977e-06	-2.1288936471729175e-09	-6.687865810734888	-0.1167311615177564	-0.0033450768277712194
-999.0	540.0	-3.5061039751680157e-06	-1.1956160158170249e-09	-6.850973568856718	-0.17718543644462315	-0.005234312273067214
-999.0	515.0	-5.20314947361984e-06	-1.0391506830707107e-09	-7.161306662218912	-0.3578258928443705	-0.007430136733945844
-999.0	490.0	-7.144173719025853e-06	-1.28065044428074e-09	-7.549396010381837	-0.6289967689663172	-0.009809533824304363
-999.0	465.0	-8.208347015112402e-06	-1.5501478975195265e-09	-7.980494652475631	-0.9492651532803266	-0.012114377877207502
-999.0	440.0	-7.994824841189835e-06	-1.3977482116648132e-09	-8.337667124611992	-1.1155549841267722	-0.014152057648150064
-999.0	415.0	-6.630724039120927e-06	-8.062676340433961e-10	-8.531492109809605	-1.0645144815955847	-0.01586030370773615
-999.0	390.0	-5.026976577937603e-06	-4.3481298566875333e-10	-8.435716284172878	-0.9199866599270277	-0.017214537336290848
-999.0	365.0	-3.8047585292674966e-06	-3.289668480676256e-10	-7.97535293017115	-0.7565032190510208	-0.018203768703960246
-999.0	340.0	-3.048859329687225e-06	-4.225556409755162e-10	-7.193237875189102	-0.6932964239801681	-0.018860309880866736
-999.0	315.0	-2.6312593226542785e-06	-4.735671127347149e-10	-6.143950747592109	-0.7278402468987875	-0.019274212672223512
-999.0	290.0	-2.4964747024655696e-06	-1.0179787353528872e-10	-5.010169790126384	-0.6756379199879511	-0.019587905887258342
-999.0	265.0	-1.957430462685547e-06	2.773499946915619e-10	-3.8620209523609716	-0.46725436406476156	-0.019979008065034935
-999.0	240.0	-3.89864218295626e-07	3.9603792394758335e-10	-2.6319306577954977	-0.19082756127629963	-0.020564822371053497
-999.0	215.0	1.2919851181481684e-06	3.4420257598246703e-10	-1.1988816942487446	0.06418838777712411	-0.020986877086330995
-999.0	190.0	2.785993375933715e-06	2.4912311100850947e-10	0.6137612887791226	0.267345582800252	-0.02001684845997037
-999.0	165.0	5.375658695970382e-06	1.2505711642988325e-10	2.75516859122685	0.3732369754995618	-0.01597057859499133
-999.0	140.0	7.633930802093967e-06	2.0967496378860897e-11	4.26179073538099	0.4064154249749014	-0.007933848506518048
-999.0	115.0	4.42673323772079e-06	7.0864745752592254e-12	4.704926139542035	0.42487298697233206	-0.0011295580427063611
-999.0	90.0	4.581033791755401e-06	2.792350036839159e-12	5.293726960463184	0.44002578034996986	-1.6215533368965443e-06
-999.0	65.0	5.110084459865614e-07	0.0	0.6901211077347399	0.49757625681481216	0.0
-999.0	40.0	-1.0459689379093194e-06	0.0	-10.568829111754896	0.3418988484357085	0.0
-999.0	15.0	-4.0409517370992245e-06	0.0	-19.338817051478795	0.28744978989873615	0.0
244.01388888888889	40	1004.1187715076268	day	levels	pres0
-999.0	990.0	-1.0937396480046157e-05	1.8463369588879122e-08	-3.0315361590612215	-0.4385242632457546	-3.812916971410743e-05
-999.0	965.0	-1.6115990929745798e-05	2.5165023263844574e-08	-4.629980825242546	-0.7952472607989974	-0.00023303278079959673
-999.0	940.0	-1.0699666851747327e-05	1.5935431790513293e-08	-5.307299645174152	-0.9768080368993375	-0.0005130604133816274
-999.0	915.0	-7.324070235258059e-06	7.65149319803904e-09	-5.834117981176574	-1.1604252883366823	-0.0005344396631006905
-999.0	890.0	-6.002674238162317e-06	3.611794451162765e-09	-6.357993052119345	-1.371755232177156	-0.00020130325514824003
-999.0	865.0	-6.381583710512314e-06	2.2174178253505287e-09	-6.895682066205991	-1.5186170651799966	0.0004843456100936933
-999.0	840.0	-8.610705545294218e-06	-6.856250228035141e-10	-7.416019027195325	-1.5208395170787918	0.0013947055318524865
-999.0	815.0	-7.735750171055779e-06	-9.323491159918377e-09	-7.861153859940834	-1.3738494921062678	0.0024198386752701754
-999.0	790.0	-3.680385627851788e-06	-2.0272275199905797e-08	-8.223152086848351	-1.143194225838588	0.003482632548504526
-999.0	765.0	-8.077223290820934e-07	-2.526048815485093e-08	-8.481099200627199	-0.8925048169932017	0.004374644944856348
-999.0	740.0	-1.4241544814778037e-06	-2.2112985026185222e-08	-8.523057481599256	-0.6670417442829697	0.0048185209519280145
-999.0	715.0	-4.644844494390029e-06	-1.4664149098159458e-08	-8.343202507685104	-0.48075653716097716	0.004649452813766869
-999.0	690.0	-7.138077668681426e-06	-9.724388171703544e-09	-8.025561892797064	-0.33786637176362383	0.003887980753631009
-999.0	665.0	-8.364903457347691e-06	-7.667496873926509e-09	-7.563221315542832	-0.24974858902750008	0.002714153185685222
-999.0	640.0	-8.218606612217075e-06	-6.035933323611832e-09	-7.139221605800417	-0.18941914278362598	0.00133595020552096
-999.0	615.0	-6.562027505538963e-06	-5.340730454000711e-09	-6.811643133324267	-0.1552914697972377	-6.204182049472255e-05
-999.0	590.0	-4.7233894664861555e-06	-4.078965634415741e-09	-6.638557531767407	-0.11938504815572115	-0.0014400508969843295
-999.0	565.0	-3.1687382906765485e-06	-2.5189625911544525e-09	-6.665055272834638	-0.0899221523265434	-0.0029686967559386756
-999.0	540.0	-2.953930335189084e-06	-1.6610672181261867e-09	-6.833437491503974	-0.14336277630235272	-0.0047798884089571055
-999.0	515.0	-4.595173897534374e-06	-1.4457253887996438e-09	-7.14710407443936	-0.31509376163515596	-0.006888608349154466
-999.0	490.0	-6.517749689345868e-06	-1.6007604452373487e-09	-7.536156777351616	-0.5799882420825991	-0.009183180934395263
-999.0	465.0	-7.644383674297631e-06	-1.7477488621508038e-09	-7.966525235346372	-0.8987527877860566	-0.01142066411136072
-999.0	440.0	-7.494092713664878e-06	-1.5535996926558333e-09	-8.32646513694807	-1.068975147525072	-0.013415139373547099
-999.0	415.0	-6.150813350883015e-06	-9.886548519796268e-10	-8.527761405304295	-1.0274494302214845	-0.015097678409229324
-999.0	390.0	-4.483382148803466e-06	-6.148801912147795e-10	-8.43978377892856	-0.8943669795102842	-0.016435770966761996
-999.0	365.0	-3.1337156106263625e-06	-4.827544432490103e-10	-7.984016815821316	-0.7419316632495675	-0.01741547846366899
-999.0	340.0	-2.305529514988251e-06	-5.384190573348558e-10	-7.197489787661819	-0.6857551685164848	-0.018070372859272335
-999.0	315.0	-1.9047139467070636e-06	-5.457409751549185e-10	-6.134710429206697	-0.7229872214652304	-0.01849478337715298
-999.0	290.0	-1.831006727645647e-06	-1.4456579305351527e-10	-4.9878425317860415	-0.6738601651131552	-0.018830016493061763
-999.0	265.0	-1.380770679519503e-06	2.558738927449844e-10	-3.8296926970046203	-0.46883487322976464	-0.019240874366064756
-999.0	240.0	1.5609371340468318e-07	3.821130559715691e-10	-2.587222000524812	-0.18977613232677587	-0.019822553047093783
-999.0	215.0	1.946571773753574e-06	3.31880276484911e-10	-1.136416944246356	0.07360967910951062	-0.02020544017463295
-999.0	190.0	3.5671922016893437e-06	2.3865829765174876e-10	0.6939451145748395	0.28472578170755153	-0.01920303713911457
-999.0	165.0	6.095941672907736e-06	1.1821220597779086e-10	2.8365352745094947	0.40257599205523054	-0.015242748589465352
-999.0	140.0	8.385703967544023e-06	1.9839216534703748e-11	4.310265140874101	0.45418283508893353	-0.0075288914963851546
-999.0	115.0	5.4808936658375425e-06	6.687374831643253e-12	4.703954267123391	0.473889314111372	-0.0010499605350294742
-999.0	90.0	5.682397086004083e-06	2.6382560763746008e-12	5.273911160372522	0.45403870640120747	-1.3837525252185172e-06
-999.0	65.0	1.2062088384367114e-06	0.0	0.6820274230743005	0.47322762398683554	0.0
-999.0	40.0	-6.350174581549873e-07	0.0	-10.531845185491735	0.3156147857033697	0.0
-999.0	15.0	-3.6559191996857353e-06	0.0	-19.284878745911534	0.27315108365717683	0.0
244.02777777777777	40	1004.2736453101751	day	levels	pres0
-999.0	990.0	-1.0840389298560954e-05	1.7832384931993155e-08	-3.030172083704245	-0.4685196674295705	-2.092367536534899e-05
-999.0	965.0	-1.6540734942655698e-05	2.429461647003743e-08	-4.659177416846852	-0.8398905892427527	-0.00019015493291318837
-999.0	940.0	-1.1352165491275601e-05	1.521897067418472e-08	-5.354276506673701	-1.033237801776023	-0.00043583804299159143
-999.0	915.0	-8.197045965921466e-06	7.3069730745647274e-09	-5.881398146114631	-1.2263029866984647	-0.00041393927663448897
-999.0	890.0	-7.036021292394877e-06	3.79471905669935e-09	-6.400088196709026	-1.4421142886673364	-2.8665299508705524e-05
-999.0	865.0	-7.4065698768999005e-06	2.8904833698665597e-09	-6.93525912837375	-1.5904719323096945	0.0007115735047632117
-999.0	840.0	-9.362261599246505e-06	2.0593035813362363e-10	-7.45633315283153	-1.593365380688288	0.001670564995876514
-999.0	815.0	-8.318152582942821e-06	-8.224597140388301e-09	-7.904226306884989	-1.4462975017164341	0.0027261108422967535
-999.0	790.0	-4.238846990636048e-06	-1.9022417989785075e-08	-8.266599149931025	-1.2100792648713894	0.003793217861253805
-999.0	765.0	-1.1563661953390043e-06	-2.4466089388877022e-08	-8.518611983647407	-0.9461806370979938	0.004669481905517408
-999.0	740.0	-1.427420120147526e-06	-2.1991095043894616e-08	-8.548175018931182	-0.7044780074308106	0.005090015889739336
-999.0	715.0	-4.336622336672538e-06	-1.4966326028611384e-08	-8.352367200548683	-0.5029021288075938	0.004899766873298491
-999.0	690.0	-6.622840062965004e-06	-1.0123565436605138e-08	-8.018808786831208	-0.34709363962921774	0.004124441991721613
-999.0	665.0	-7.751848037614437e-06	-7.88388799771664e-09	-7.541797496023642	-0.24916717481044923	0.0029472056576406026
-999.0	640.0	-7.585434013537718e-06	-6.153065651922887e-09	-7.108895406836568	-0.18049563443849787	0.0015790295006087513
-999.0	615.0	-5.969661195570529e-06	-5.446549430978158e-09	-6.780210940137756	-0.13954330933472692	0.00020727302918194625
-999.0	590.0	-4.1694383073692416e-06	-4.274400660833363e-09	-6.609837953060403	-0.09779066420973884	-0.001126356966262145
-999.0	565.0	-2.6328643142105e-06	-2.9090315351348058e-09	-6.6422447349344065	-0.06311314313540385	-0.002592368808166547
-999.0	540.0	-2.4017566952122052e-06	-2.1265184204338436e-09	-6.815901414151237	-0.10954011616017542	-0.004325540814478129
-999.0	515.0	-3.987198321451237e-06	-1.8523000945272506e-09	-7.1329014866598115	-0.2723616304260577	-0.006347186459767509
-999.0	490.0	-5.891325659668289e-06	-1.92087044619294e-09	-7.522917544321414	-0.530979715199009	-0.008556963524116286
-999.0	465.0	-7.080420333484998e-06	-1.9453498267815626e-09	-7.9525558182171485	-0.8482404222919101	-0.010727105818220865
-999.0	440.0	-6.99336058614186e-06	-1.7094511736464578e-09	-8.31526314928419	-1.0223953109234774	-0.012678388377797108
-999.0	415.0	-5.670902662647098e-06	-1.1710420699152438e-09	-8.524030700799026	-0.9903843788474601	-0.014335224247706306
-999.0	390.0	-3.939787719671634e-06	-7.949473967601318e-10	-8.44385127368428	-0.8687472990935861	-0.015657166931165135
-999.0	365.0	-2.4626726919880045e-06	-6.365420384297931e-10	-7.992680701471512	-0.7273601074481344	-0.016627328885219943
-999.0	340.0	-1.5621997002922844e-06	-6.542824736937392e-10	-7.201741700134584	-0.6782139130528027	-0.01728054891137937
-999.0	315.0	-1.178168570762745e-06	-6.179148375748396e-10	-6.125470110821355	-0.7181341960316613	-0.017715435637796626
-999.0	290.0	-1.165538752828407e-06	-1.8733371257157527e-10	-4.965515273445786	-0.6720824102383269	-0.01807217154349429
-999.0	265.0	-8.041108963559049e-07	2.34397790798489e-10	-3.7973644416483774	-0.4704153823947122	-0.018502743398070825
-999.0	240.0	7.020516451026373e-07	3.681881879956011e-10	-2.5425133432542717	-0.18872470337720065	-0.019080251762309926
-999.0	215.0	2.6011584293565387e-06	3.1955797698739123e-10	-1.073952194244168	0.08303097044191167	-0.019423974975325664
-999.0	190.0	4.3483910274423955e-06	2.2819348429500992e-10	0.7741289403703172	0.30210598061481025	-0.01838927875892114
-999.0	165.0	6.816224649842196e-06	1.1136729552570874e-10	2.9179019577919205	0.43191500861077714	-0.01451507608341282
-999.0	140.0	9.137477132990694e-06	1.871093669054765e-11	4.358739546367084	0.5019502452027452	-0.0071240584857799015
-999.0	115.0	6.535054093950685e-06	6.288275088027921e-12	4.702982394704742	0.5229056412501691	-0.0009703791214947038
-999.0	90.0	6.783760380249068e-06	2.4841621159103346e-12	5.254095360281928	0.46805163245233283	-1.1459186743246865e-06
-999.0	65.0	1.9014092308845541e-06	0.0	0.6739337384139056	0.4488789911588934	0.0
-999.0	40.0	-2.2406597840216512e-07	0.0	-10.49486125922867	0.2893307229711047	0.0
-999.0	15.0	-3.2708866622734557e-06	0.0	-19.230940440344458	0.2588523774156548	0.0
244.04166666666666	40	1004.4285191127235	day	levels	pres0
-999.0	990.0	-1.0743382117075097e-05	1.7201400275104954e-08	-3.028808008347216	-0.498515071613468	-3.723924806632587e-06
-999.0	965.0	-1.696547895556604e-05	2.3424209676227674e-08	-4.6883740084511905	-0.8845339176866173	-0.00014727841645631695
-999.0	940.0	-1.2004664130804695e-05	1.4502509557854087e-08	-5.40125336817335	-1.089667566652841	-0.00035861049018945135
-999.0	915.0	-9.070021696586076e-06	6.96245295108916e-09	-5.9286783110528125	-1.292180685060405	-0.000293434545862438
-999.0	890.0	-8.069368346629215e-06	3.977643662235779e-09	-6.44218334129882	-1.512473345157693	0.00014396837868625056
-999.0	865.0	-8.431556043289603e-06	3.5635489143838993e-09	-6.974836190541619	-1.6623267994395863	0.0009387807150715081
-999.0	840.0	-1.0113817653200383e-05	1.097485739073377e-09	-7.496647278467847	-1.6658912442979976	0.0019463834735807084
-999.0	815.0	-8.900554994831201e-06	-7.1257031208539215e-09	-7.947298753829263	-1.5187455113268287	0.0030323254935268884
-999.0	790.0	-4.797308353421912e-06	-1.7772560779658476e-08	-8.310046213013816	-1.2769643039044118	0.00410373903443173
-999.0	765.0	-1.5050100615971893e-06	-2.367169062289797e-08	-8.556124766667708	-0.9998564572029733	0.004964255932080829
-999.0	740.0	-1.4306857588174848e-06	-2.1869205061601184e-08	-8.573292556263164	-0.741914270578793	0.005361454212388754
-999.0	715.0	-4.02840017895406e-06	-1.526850295906264e-08	-8.361531893412272	-0.5250477204543073	0.005150032807525639
-999.0	690.0	-6.107602457246762e-06	-1.0522742701507e-08	-8.01205568086532	-0.3563209074948675	0.004360862579321367
-999.0	665.0	-7.138792617879026e-06	-8.10027912150686e-09	-7.520373676504385	-0.2485857605934191	0.0031802239079308224
-999.0	640.0	-6.952261414856168e-06	-6.270197980233943e-09	-7.078569207872638	-0.1715721260933606	0.0018220783647452398
-999.0	615.0	-5.377294885600088e-06	-5.552368407955668e-09	-6.7487787469511735	-0.12379514887218296	0.00047655788189054877
-999.0	590.0	-3.6154871482504354e-06	-4.4698356872514455e-09	-6.581118374353351	-0.07619628026370333	-0.0008126988830132438
-999.0	565.0	-2.096990337742531e-06	-3.299100479116368e-09	-6.619434197034147	-0.0363041339441935	-0.0022160929844982536
-999.0	540.0	-1.849583055233254e-06	-2.5919696227430257e-09	-6.798365336798483	-0.07571745601790596	-0.0038712694894549216
-999.0	515.0	-3.379222745365752e-06	-2.258874800256189e-09	-7.118698898880249	-0.22962949921684214	-0.005805871065287551
-999.0	490.0	-5.264901629988282e-06	-2.2409804471495497e-09	-7.509678311291181	-0.48197118831528785	-0.00793088159274373
-999.0	465.0	-6.516456992670209e-06	-2.142950791412846e-09	-7.938586401087878	-0.7977280567976363	-0.010033702997119129
-999.0	440.0	-6.492628458616892e-06	-1.8653026546374824e-09	-8.304061161620256	-0.9758154743217738	-0.011941804660249392
-999.0	415.0	-5.1909919744091845e-06	-1.3534292878514777e-09	-8.520299996293707	-0.953319327473359	-0.013572941222519534
-999.0	390.0	-3.396193290537496e-06	-9.750146023061636e-10	-8.447918768439958	-0.8431276186768446	-0.014878725228969982
-999.0	365.0	-1.7916297733468717e-06	-7.903296336111865e-10	-8.001344587121677	-0.7127885516466865	-0.015839319968265462
-999.0	340.0	-8.188698855933109e-07	-7.701458900530851e-10	-7.2059936126073065	-0.670672657589125	-0.016490838037013286
-999.0	315.0	-4.516231948155264e-07	-6.900886999950448e-10	-6.116229792435948	-0.7132811705981076	-0.016936169454103516
-999.0	290.0	-5.000707780084753e-07	-2.301016320898022e-10	-4.943188015105449	-0.6703046553635315	-0.017314371038552514
-999.0	265.0	-2.2745111318985376e-07	2.1292168885191225e-10	-3.7650361862920327	-0.4719958915597123	-0.0177646151610504
-999.0	240.0	1.2480095768029503e-06	3.5426332001958813e-10	-2.4978046859835894	-0.1876732744276708	-0.018337918516687673
-999.0	215.0	3.2557450849619724e-06	3.07235677489837e-10	-1.0114874442417812	0.09245226177430692	-0.018642481488398064
-999.0	190.0	5.129589853198073e-06	2.177286709382487e-10	0.8543127661660375	0.31948617952211894	-0.017575573319389897
-999.0	165.0	7.536507626779574e-06	1.0452238507361441e-10	2.999268641074573	0.46125402516645275	-0.013787561076820498
-999.0	140.0	9.889250298440775e-06	1.7582656846390193e-11	4.4072139518602	0.549717655316779	-0.006719349474697834
-999.0	115.0	7.5892145220674925e-06	5.8891753444119005e-12	4.702010522286103	0.5719219683892026	-0.0008908138021015892
-999.0	90.0	7.885123674497775e-06	2.330068155445759e-12	5.234279560191273	0.48206455850355756	-9.080517842128384e-07
-999.0	65.0	2.5966096233347056e-06	0.0	0.6658400537534725	0.4245303583309073	0.0
-999.0	40.0	1.8688550135213705e-07	0.0	-10.457877332965504	0.2630466602387631	0.0
-999.0	15.0	-2.8858541248599568e-06	0.0	-19.177002134777194	0.24455367117409818	0.0
244.05555555555554	40	1004.5833929152718	day	levels	pres0
-999.0	990.0	-1.0646374935589892e-05	1.657041561821899e-08	-3.027443932990239	-0.5285104757972839	1.3470081904108046e-05
-999.0	965.0	-1.7390222968475946e-05	2.255380288242052e-08	-4.717570600055497	-0.9291772461303726	-0.00010440323146553349
-999.0	940.0	-1.265716277033297e-05	1.3786048441525513e-08	-5.448230229672901	-1.1460973315295264	-0.00028137775496211314
-999.0	915.0	-9.942997427249481e-06	6.617932827614846e-09	-5.975958475990869	-1.3580583834221875	-0.00017292547081663125
-999.0	890.0	-9.102715400861774e-06	4.160568267772365e-09	-6.484278485888499	-1.5828324016478728	0.00031659777944904085
-999.0	865.0	-9.456542209677187e-06	4.236614458899928e-09	-7.014413252709378	-1.734181666569284	0.001165967241017087
-999.0	840.0	-1.0865373707152668e-05	1.989041120010509e-09	-7.536961404104053	-1.738417107907494	0.0022221609644291433
-999.0	815.0	-9.482957406718243e-06	-6.026809101323845e-09	-7.99037120077342	-1.5911935209369954	0.0033384826280014814
-999.0	790.0	-5.3557697162061715e-06	-1.6522703569537757e-08	-8.353493276096494	-1.3438493429372131	0.004414196067670291
-999.0	765.0	-1.8536539278541001e-06	-2.287729185692407e-08	-8.593637549687916	-1.0535322773077656	0.0052589670247251835
-999.0	740.0	-1.4339513974872082e-06	-2.174731507931058e-08	-8.598410093595088	-0.7793505337266342	0.005632835920052688
-999.0	715.0	-3.7201780212365714e-06	-1.5570679889514562e-08	-8.370696586275848	-0.5471933121009241	0.005400250616362237
-999.0	690.0	-5.592364851530338e-06	-1.0921919966408592e-08	-8.005302574899464	-0.3655481753604615	0.004597242516137638
-999.0	665.0	-6.5257371981457715e-06	-8.316670245296991e-09	-7.498949856985196	-0.24800434637636826	0.0034132079360892826
-999.0	640.0	-6.319088816176812e-06	-6.387330308544997e-09	-7.0482430089087895	-0.16264861774823255	0.002065096797462176
-999.0	615.0	-4.7849285756316525e-06	-5.658187384933117e-09	-6.717346553764662	-0.1080469884096723	0.0007458127373381944
-999.0	590.0	-3.061535989133521e-06	-4.665270713669066e-09	-6.552398795646348	-0.054601896317720985	-0.000499076647407575
-999.0	565.0	-1.5611163612764825e-06	-3.6891694230967197e-09	-6.596623659133917	-0.009495124753053976	-0.0018398692849819235
-999.0	540.0	-1.2974094152563747e-06	-3.057420825050683e-09	-6.780829259445743	-0.04189479587572862	-0.0034170744337178875
-999.0	515.0	-2.7712471692826144e-06	-2.6654495059837956e-09	-7.1044963111007	-0.18689736800774373	-0.005264662165224228
-999.0	490.0	-4.638477600310706e-06	-2.561090448105141e-09	-7.49643907826098	-0.4329626614316979	-0.007304935139562202
-999.0	465.0	-5.952493651857574e-06	-2.3405517560436048e-09	-7.924616983958654	-0.7472156913034894	-0.00934045564739604
-999.0	440.0	-5.991896331093876e-06	-2.0211541356281073e-09	-8.292859173956376	-0.9292356377201788	-0.011205388220263192
-999.0	415.0	-4.711081286173269e-06	-1.5358165057870946e-09	-8.51656929178844	-0.9162542760993346	-0.01281082933303162
-999.0	390.0	-2.8525988614056636e-06	-1.155081807851516e-09	-8.451986263195678	-0.8175079382601468	-0.014100445859656491
-999.0	365.0	-1.1205868547085143e-06	-9.441172287919692e-10	-8.010008472771876	-0.6982169958452532	-0.015051451712468024
-999.0	340.0	-7.554007089734382e-08	-8.860093064119683e-10	-7.2102455250800705	-0.6631314021254429	-0.01570124023600938
-999.0	315.0	2.749221811287925e-07	-7.62262562414966e-10	-6.106989474050604	-0.7084281451645384	-0.016156984826032138
-999.0	290.0	1.653971968087649e-07	-2.728695516078622e-10	-4.920860756765195	-0.6685269004887031	-0.016556614978241662
-999.0	265.0	3.4920866997374445e-07	1.9144558690541687e-10	-3.7327079309357902	-0.47357640072465984	-0.017026489655008418
-999.0	240.0	1.7939675085009052e-06	3.403384520436202e-10	-2.45309602871305	-0.18662184547809565	-0.01759555331021985
-999.0	215.0	3.910331740564937e-06	2.949133779923172e-10	-0.9490226942395934	0.10187355310670795	-0.0178609597138462
-999.0	190.0	5.910788678951125e-06	2.072638575815099e-10	0.9344965919615154	0.33686637842937783	-0.016761920820528266
-999.0	165.0	8.256790603714032e-06	9.767747462153228e-11	3.0806353243569977	0.49059304172199947	-0.013060203569682526
-999.0	140.0	1.0641023463887443e-05	1.64543770022341e-11	4.455688357353184	0.5974850654305907	-0.0063147644631390215
-999.0	115.0	8.643374950180633e-06	5.490075600796568e-12	4.701038649867455	0.6209382955279997	-0.0008112645768508565
-999.0	90.0	8.986486968742762e-06	2.175974194981492e-12	5.21446376010068	0.496077484554683	-6.701518548830774e-07
-999.0	65.0	3.291810015782548e-06	0.0	0.6577463690930776	0.40018172550296544	0.0
-999.0	40.0	5.978369811049592e-07	0.0	-10.420893406702437	0.23676259750649792	0.0
-999.0	15.0	-2.500821587447677e-06	0.0	-19.123063829210114	0.23025496493257627	0.0
244.06944444444446	40	1004.7382667178204	day	levels	pres0
-999.0	990.0	-1.0549367754104076e-05	1.593943096133058e-08	-3.026079857633223	-0.5585058799812058	3.065834470940068e-05
-999.0	965.0	-1.7814966981386486e-05	2.1683396088610314e-08	-4.746767191659855	-0.973820574574271	-6.152937797613113e-05
-999.0	940.0	-1.3309661409862291e-05	1.3069587325194239e-08	-5.495207091172568	-1.2025270964063806	-0.0002041398372943868
-999.0	915.0	-1.081597315791438e-05	6.273412704138763e-09	-6.0232386409290575	-1.4239360817841633	-5.24120515262543e-05
-999.0	890.0	-1.013606245509637e-05	4.343492873308554e-09	-6.5263736304782975	-1.6531914581382636	0.0004892229027958114
-999.0	865.0	-1.0481528376067063e-05	4.9096800034172315e-09	-7.053990314877249	-1.8060365336992064	0.00139313308260295
-999.0	840.0	-1.1616929761106537e-05	2.8805965009500458e-09	-7.57727552974038	-1.8109429715172292	0.002497897467891007
-999.0	815.0	-1.0065359818606487e-05	-4.927915081790074e-09	-8.033443647717707	-1.663641530547411	0.0036445822447668946
-999.0	790.0	-5.914231078991933e-06	-1.5272846359412065e-08	-8.396940339179302	-1.4107343819702536	0.0047245889606069074
-999.0	765.0	-2.202297794112168e-06	-2.208289309094621e-08	-8.631150332708241	-1.1072080974127572	0.005553615183634238
-999.0	740.0	-1.4372170361570248e-06	-2.162542509701837e-08	-8.623527630927095	-0.8167867968746244	0.005904161012912383
-999.0	715.0	-3.4119558635179943e-06	-1.587285681996674e-08	-8.379861279139455	-0.5693389037476413	0.005650420299726602
-999.0	690.0	-5.07712724581202e-06	-1.1321097231311053e-08	-7.998549468933591	-0.37477544322611284	0.004833581801881789
-999.0	665.0	-5.912681778410266e-06	-8.533061369087517e-09	-7.477526037465949	-0.24742293215933853	0.003646157741653064
-999.0	640.0	-5.6859162174951635e-06	-6.504462636856187e-09	-7.017916809944864	-0.15372510940309322	0.002308084798294857
-999.0	615.0	-4.192562265661141e-06	-5.764006361910689e-09	-6.685914360578083	-0.09229882794712287	0.0010150375952356185
-999.0	590.0	-2.5075848300146886e-06	-4.8607057400871976e-09	-6.523679216939296	-0.03300751237167577	-0.00018549025961106665
-999.0	565.0	-1.0252423848085376e-06	-4.079238367078373e-09	-6.573813121233664	0.017313884438170144	-0.0014636977096609235
-999.0	540.0	-7.452357752774821e-07	-3.52287202735998e-09	-6.763293182093002	-0.00807213573344215	-0.0029629556470916183
-999.0	515.0	-2.163271593197204e-06	-3.0720242117128605e-09	-7.090293723321157	-0.1441652367985092	-0.004723559759080072
-999.0	490.0	-4.012053570630772e-06	-2.881200449061867e-09	-7.483199845230772	-0.38395413454795546	-0.006679124163847968
-999.0	465.0	-5.388530311042825e-06	-2.538152720674991e-09	-7.910647566829409	-0.6967033258091914	-0.0086473637683828
-999.0	440.0	-5.491164203568945e-06	-2.1770056166192165e-09	-8.281657186292465	-0.8826558011184483	-0.010469139057187821
-999.0	415.0	-4.231170597935437e-06	-1.7182037237233672e-09	-8.512838587283142	-0.8791892247252042	-0.01204888857859503
-999.0	390.0	-2.3090044322716263e-06	-1.3351490133975486e-09	-8.456053757951372	-0.7918882578433755	-0.013322328822694405
-999.0	365.0	-4.4954393606745286e-07	-1.0979048239733423e-09	-8.01867235842205	-0.6836454400437779	-0.014263724117479998
-999.0	340.0	6.677897438015996e-07	-1.0018727227712965e-09	-7.214497437552792	-0.6555901466617425	-0.014911755508193065
-999.0	315.0	1.001467557076023e-06	-8.344364248351657e-10	-6.0977491556651815	-0.7035751197309689	-0.015377881753531492
-999.0	290.0	8.308651716287441e-07	-3.156374711260849e-10	-4.898533498424832	-0.6667491456138975	-0.015798903362558202
-999.0	265.0	9.258684531398825e-07	1.699694849588445e-10	-3.7003796755794145	-0.47515690988965387	-0.016288366879941965
-999.0	240.0	2.339925440201369e-06	3.2641358406760833e-10	-2.408387371442342	-0.1855704165285618	-0.016853156142891974
-999.0	215.0	4.564918396170543e-06	2.8259107849475965e-10	-0.8865579442371871	0.11129484443910653	-0.017079409651658804
-999.0	190.0	6.6919875047069354e-06	1.9679904422474466e-10	1.0146804177572444	0.35424657733668724	-0.015948321262335877
-999.0	165.0	8.977073580651475e-06	9.083256416943622e-11	3.1620020076396482	0.5199320582776713	-0.012333003561985573
-999.0	140.0	1.1392796629337597e-05	1.532609715807634e-11	4.504162762846294	0.6452524755446226	-0.005910303451098993
-999.0	115.0	9.697535378297581e-06	5.090975857180449e-12	4.700066777448804	0.6699546226670435	-0.0007317314457420573
-999.0	90.0	1.0087850262991682e-05	2.0218802345168777e-12	5.194647960010012	0.5100904106059325	-4.3221888633318303e-07
-999.0	65.0	3.987010408232894e-06	0.0	0.6496526844326341	0.3758330926749925	0.0
-999.0	40.0	1.0087884608594615e-06	0.0	-10.383909480439268	0.21047853477415848	0.0
-999.0	15.0	-2.1157890500339283e-06	0.0	-19.069125523642846	0.2159562586910062	0.0
244.08333333333334	40	1004.8931405203683	day	levels	pres0
-999.0	990.0	-1.0452360572618878e-05	1.5308446304444632e-08	-3.024715782276247	-0.5885012841650212	4.784086355131307e-05
-999.0	965.0	-1.8239710994296383e-05	2.081298929480316e-08	-4.775963783264163	-1.0184639030180245	-1.865685602466381e-05
-999.0	940.0	-1.3962160049390514e-05	1.2353126208865603e-08	-5.542183952672117	-1.2589568612830633	-0.0001268967371731977
-999.0	915.0	-1.1688948888577684e-05	5.928892580664369e-09	-6.070518805867116	-1.4898137801459423	6.810571197654554e-05
-999.0	890.0	-1.1169409509328815e-05	4.526417478845072e-09	-6.568468775067976	-1.7235505146284402	0.0006618437487388646
-999.0	865.0	-1.1506514542454554e-05	5.5827455479332225e-09	-7.093567377045011	-1.8778914008289014	0.001620278239827415
-999.0	840.0	-1.2368485815058747e-05	3.772151881887163e-09	-7.617589655376586	-1.883468835126724	0.0027735929834301295
-999.0	815.0	-1.064776223049349e-05	-3.829021062260004e-09	-8.076516094661862	-1.7360895401575782	0.003950624342863752
-999.0	790.0	-6.472692441776176e-06	-1.4022989149291348e-08	-8.440387402261976	-1.4776194210030564	0.005034917712873207
-999.0	765.0	-2.5509416603690793e-06	-2.1288494324972307e-08	-8.66866311572845	-1.1608839175175525	0.00584820040898619
-999.0	740.0	-1.4404826748267595e-06	-2.1503535114727776e-08	-8.648645168259021	-0.8542230600224693	0.006175429491143922
-999.0	715.0	-3.1037337058005184e-06	-1.617503375041867e-08	-8.389025972003033	-0.5914844953942632	0.00590054185753236
-999.0	690.0	-4.5618896400956105e-06	-1.172027449621265e-08	-7.991796362967735	-0.3840027110917127	0.0050698804362609515
-999.0	665.0	-5.299626358677023e-06	-8.749452492877642e-09	-7.456102217946761	-0.2468415179422936	0.003879073324155389
-999.0	640.0	-5.0527436188158236e-06	-6.621594965167235e-09	-6.987590610981015	-0.14480160105797102	0.0025510423667748964
-999.0	615.0	-3.600195955692726e-06	-5.869825338888128e-09	-6.654482167391575	-0.07655066748461707	0.0012842324552898008
-999.0	590.0	-1.9536336708977975e-06	-5.056140766504811e-09	-6.494959638232296	-0.011413128425697363	0.00012806028020619867
-999.0	565.0	-4.893684083425141e-07	-4.469307311058719e-09	-6.551002583333435	0.04412289362930694	-0.0010875782585835147
-999.0	540.0	-1.9306213530062652e-07	-3.988323229667631e-09	-6.7457571047402665	0.025750524408733245	-0.002508913129406636
-999.0	515.0	-1.5552960171140892e-06	-3.4785989174404605e-09	-7.076091135541612	-0.10143310558941251	-0.0041825638463647815
-999.0	490.0	-3.3856295409532134e-06	-3.2013104500174524e-09	-7.469960612200573	-0.3349456076643666	-0.006053448664885647
-999.0	465.0	-4.824566970230207e-06	-2.735753685305744e-09	-7.896678149700185	-0.646190960315046	-0.007954427359419867
-999.0	440.0	-4.990432076045943e-06	-2.3328570976098356e-09	-8.270455198628582	-0.8360759645168544	-0.009733057170382375
-999.0	415.0	-3.7512599096995346e-06	-1.9005909416589798e-09	-8.509107882777869	-0.8421241733511815	-0.011287118958572154
-999.0	390.0	-1.7654100031398081e-06	-1.5152162189428985e-09	-8.460121252707086	-0.7662685774266789	-0.012544374117563407
-999.0	365.0	2.2149898257089097e-07	-1.2516924191541231e-09	-8.027336244072243	-0.6690738842423464	-0.013476137182963616
-999.0	340.0	1.4111195584975553e-06	-1.117736139130178e-09	-7.218749350025553	-0.6480488911980624	-0.014122383853399416
-999.0	315.0	1.7280129330203383e-06	-9.066102872550854e-10	-6.088508837279836	-0.6987220942974022	-0.014598860236559949
-999.0	290.0	1.496333146445996e-06	-3.5840539064414337e-10	-4.876206240084573	-0.6649713907390716	-0.015041236191507348
-999.0	265.0	1.5025282363035143e-06	1.4849338301235114e-10	-3.6680514202231715	-0.4767374190546034	-0.015550246835856115
-999.0	240.0	2.8858833718993733e-06	3.124887160916428e-10	-2.3636787141718028	-0.1845189875789877	-0.016110727014697065
-999.0	215.0	5.21950505177354e-06	2.70268778997242e-10	-0.8240931942350025	0.12071613577150803	-0.01629783130183211
-999.0	190.0	7.47318633045998e-06	1.8633423086800688e-10	1.0948642435527158	0.3716267762439487	-0.015134774644820234
-999.0	165.0	9.697356557585957e-06	8.398765371735434e-11	3.2433686909220656	0.5492710748332221	-0.011605961053723728
-999.0	140.0	1.2144569794784336e-05	1.4197817313920374e-11	4.552637168339272	0.693019885658438	-0.005505966438577755
-999.0	115.0	1.075169580641071e-05	4.691876113565173e-12	4.699094905030157	0.7189709498058433	-0.0006522144087759006
-999.0	90.0	1.1189213557236644e-05	1.867786274052629e-12	5.17483215991942	0.5241033366570612	-1.9425287856314688e-07
-999.0	65.0	4.682210800680722e-06	0.0	0.6415589997722402	0.3514844598470543	0.0
-999.0	40.0	1.4197399406122888e-06	0.0	-10.346925554176208	0.1841944720418956	0.0
-999.0	15.0	-1.7307565126216275e-06	0.0	-19.01518721807577	0.20165755244948536	0.0
244.09722222222223	40	1005.0480143229172	day	levels	pres0
-999.0	990.0	-1.0355353391133014e-05	1.4677461647556418e-08	-3.0233517069192164	-0.6184966883489195	6.501763837236318e-05
-999.0	965.0	-1.8664455007206733e-05	1.994258250099341e-08	-4.805160374868498	-1.0631072314618908	2.4214334353540608e-05
-999.0	940.0	-1.4614658688919658e-05	1.1636665092535033e-08	-5.589160814171769	-1.315386626159884	-4.964845458341528e-05
-999.0	915.0	-1.2561924619242401e-05	5.5843724571888805e-09	-6.117798970805297	-1.5556914785078861	0.00018862781966250833
-999.0	890.0	-1.2202756563563265e-05	4.709342084381568e-09	-6.610563919657772	-1.7939095711188	0.0008344603172942625
-999.0	865.0	-1.253150070884435e-05	6.255811092450602e-09	-7.133144439212878	-1.9497462679587967	0.001847402712693394
-999.0	840.0	-1.31200418690127e-05	4.663707262826932e-09	-7.657903781012902	-1.955994698736435	0.0030492475105156425
-999.0	815.0	-1.123016464238191e-05	-2.7301270427256213e-09	-8.119588541606136	-1.8085375497679725	0.004256608921338413
-999.0	790.0	-7.0311538045620574e-06	-1.277313193916475e-08	-8.483834465344767	-1.5445044600360776	0.005345182324106556
-999.0	765.0	-2.899585526627263e-06	-2.0494095558993248e-08	-8.70617589874875	-1.2145597376225288	0.006142722700964768
-999.0	740.0	-1.4437483134967061e-06	-2.138164513243433e-08	-8.673762705591004	-0.8916593231704475	0.006446641354928522
-999.0	715.0	-2.7955115480820247e-06	-1.6477210680869915e-08	-8.39819066486662	-0.6136300870409714	0.006150615289697808
-999.0	690.0	-4.0466520343773566e-06	-1.211945176111451e-08	-7.985043257001847	-0.39322997895735673	0.005306138418986496
-999.0	665.0	-4.686570938941601e-06	-8.965843616667868e-09	-7.434678398427502	-0.24626010372525742	0.00411195468313339
-999.0	640.0	-4.419571020134257e-06	-6.738727293478297e-09	-6.957264412017084	-0.1358780927128279	0.002793969502437661
-999.0	615.0	-3.0078296457222647e-06	-5.9756443158656476e-09	-6.62304997420499	-0.06080250702206831	0.001553397317211547
-999.0	590.0	-1.399682511778967e-06	-5.2515757929229025e-09	-6.466240059525238	0.01018125552034216	0.0004415749718783689
-999.0	565.0	4.650556812548051e-08	-4.859376255040288e-09	-6.528192045433175	0.07093190282051999	-0.0007115109317929803
-999.0	540.0	3.591115046783476e-07	-4.45377443197682e-09	-6.7282210273875105	0.05957318455100459	-0.002054946880487435
-999.0	515.0	-9.473204410285816e-07	-3.8851736231694055e-09	-7.061888547762044	-0.058700974380195156	-0.003641674426580778
-999.0	490.0	-2.759205511273187e-06	-3.5214204509740678e-09	-7.45672137917034	-0.28593708078064406	-0.005427908641951361
-999.0	465.0	-4.260603629415402e-06	-2.933354649937033e-09	-7.882708732570915	-0.595678594820771	-0.007261646419838291
-999.0	440.0	-4.489699948520959e-06	-2.4887085786008662e-09	-8.259253210964653	-0.7894961279151498	-0.008997142559196033
-999.0	415.0	-3.271349221461607e-06	-2.0829781595952178e-09	-8.505377178272553	-0.8050591219770791	-0.010525520472315331
-999.0	390.0	-1.2218155740056563e-06	-1.6952834244889333e-09	-8.46418874746277	-0.740648897009936	-0.011766581743733134
-999.0	365.0	8.925419012120373e-07	-1.4054800143355187e-09	-8.036000129722412	-0.6545023284408971	-0.012688690908571118
-999.0	340.0	2.15444937319654e-06	-1.2335995554895254e-09	-7.223001262498279	-0.6405076357343827	-0.01333312527145376
-999.0	315.0	2.4545583089675604e-06	-9.78784149675292e-10	-6.079268518894431	-0.6938690688638464	-0.013819920275066426
-999.0	290.0	2.1618011212659158e-06	-4.011733101623719e-10	-4.853878981744239	-0.6631936358642738	-0.014283613465085505
-999.0	265.0	2.079188019469532e-06	1.2701728106577233e-10	-3.6357231648668265	-0.4783179282196015	-0.014812129522747861
-999.0	240.0	3.431841303599636e-06	2.985638481156274e-10	-2.3189700569011196	-0.1834675586294567	-0.015368265925620555
-999.0	215.0	5.874091707378943e-06	2.5794647949968576e-10	-0.7616284442326123	0.1301374271039027	-0.015516224664354707
-999.0	190.0	8.254385156215667e-06	1.7586941751124464e-10	1.1750480693484424	0.3890069751512545	-0.014321280967980791
-999.0	165.0	1.0417639534523313e-05	7.714274326525975e-11	3.324735374204726	0.5786100913888935	-0.010879076044883485
-999.0	140.0	1.2896342960234349e-05	1.306953746976279e-11	4.6011115738323936	0.740787295772468	-0.005101753425570734
-999.0	115.0	1.1805856234527532e-05	4.292776369949097e-12	4.698123032611516	0.7679872769448743	-0.0005727134659519209
-999.0	90.0	1.2290576851485376e-05	1.7136923135880368e-12	5.155016359828763	0.5381162627082827	4.374616842930127e-08
-999.0	65.0	5.377411193130888e-06	0.0	0.6334653151118063	0.3271358270190644	0.0
-999.0	40.0	1.8306914203665852e-06	0.0	-10.309941627913037	0.15791040930955177	0.0
-999.0	15.0	-1.34572397520815e-06	0.0	-18.961248912508502	0.1873588462079276	0.0
244.11111111111111	40	1005.2028881254652	day	levels	pres0
-999.0	990.0	-1.0258346209647809e-05	1.4046476990670457e-08	-3.02198763156224	-0.6484920925327354	8.218866911463485e-05
-999.0	965.0	-1.9089199020116633e-05	1.9072175707186252e-08	-4.8343569664728046	-1.107750559905646	6.708419312197276e-05
-999.0	940.0	-1.5267157328447933e-05	1.0920203976206459e-08	-5.636137675671317	-1.37181639103657	2.7605010488112902e-05
-999.0	915.0	-1.3434900349905801e-05	5.239852333714566e-09	-6.165079135743355	-1.6215691768696687	0.00030915427149961214
-999.0	890.0	-1.3236103617795825e-05	4.892266689918154e-09	-6.652659064247452	-1.8642686276089806	0.0010070726084745044
-999.0	865.0	-1.355648687523194e-05	6.92887663696663e-09	-7.17272150138064	-2.021601135088494	0.0020745065011994798
-999.0	840.0	-1.3871597922964983e-05	5.55526264376407e-09	-7.698217906649109	-2.028520562345931	0.0033248610486117597
-999.0	815.0	-1.1812567054268953e-05	-1.6312330231955449e-09	-8.162660988550293	-1.8809855593781388	0.004562535979231969
-999.0	790.0	-7.589615167346314e-06	-1.1523274729044033e-08	-8.527281528427443	-1.6113894990688786	0.005655382793939024
-999.0	765.0	-3.2482293928841728e-06	-1.9699696793019357e-08	-8.743688681768957	-1.2682355577273212	0.006437182059748591
-999.0	740.0	-1.4470139521664291e-06	-2.1259755150143728e-08	-8.698880242922929	-0.9290955863182886	0.0067177966044426355
-999.0	715.0	-2.487289390364537e-06	-1.677938761132184e-08	-8.407355357730196	-0.6357756786875881	0.006400640596136886
-999.0	690.0	-3.531414428660934e-06	-1.2518629026016103e-08	-7.978290151035991	-0.4024572468229506	0.005542355749765802
-999.0	665.0	-4.0735155192083465e-06	-9.182234740458e-09	-7.413254578908313	-0.24567868950820665	0.004344801818120489
-999.0	640.0	-3.7863984214548994e-06	-6.855859621789353e-09	-6.926938213053237	-0.1269545843676999	0.003036866204814911
-999.0	615.0	-2.415463335753829e-06	-6.081463292843095e-09	-6.59161778101848	-0.04505434655955754	0.0018225321807079288
-999.0	590.0	-8.457313526620534e-07	-5.447010819340523e-09	-6.437520480818235	0.03177563946632451	0.0007550538152354295
-999.0	565.0	5.823795445915281e-07	-5.2494451990206405e-09	-6.5053815075329435	0.09774091201165955	-0.00033549572933753047
-999.0	540.0	9.112851446552261e-07	-4.919225634284477e-09	-6.7106849500347705	0.09339584469318198	-0.001601056900164503
-999.0	515.0	-3.393448649454438e-07	-4.29174832889701e-09	-7.047685959982495	-0.015968843171096873	-0.0031008914992377693
-999.0	490.0	-2.1327814815956096e-06	-3.841530451929659e-09	-7.443482146140137	-0.23692855389705406	-0.004802504094329803
-999.0	465.0	-3.6966402886027676e-06	-3.130955614567792e-09	-7.868739315441692	-0.5451662293266245	-0.006569020948978708
-999.0	440.0	-3.988967820997944e-06	-2.6445600595914907e-09	-8.248051223300774	-0.7429162913135546	-0.008261395222988131
-999.0	415.0	-2.7914385332256915e-06	-2.265365377530834e-09	-8.501646473767282	-0.7679940706030548	-0.009764093119187264
-999.0	390.0	-6.78221144873824e-07	-1.875350630034286e-09	-8.468256242218489	-0.715029216593238	-0.010988951700683626
-999.0	365.0	1.563584819850395e-06	-1.5592676095163012e-09	-8.044664015372613	-0.6399307726394637	-0.011901385293965082
-999.0	340.0	2.8977791878925076e-06	-1.3494629718484091e-09	-7.227253174971045	-0.6329663802707005	-0.012543979762191492
-999.0	315.0	3.181103684911879e-06	-1.0509580120952134e-09	-6.070028200509088	-0.6890160434302772	-0.01304106186900949
-999.0	290.0	2.8272690960831563e-06	-4.4394122968043187e-10	-4.831551723403984	-0.6614158809894454	-0.01352603518329796
-999.0	265.0	2.65584780263313e-06	1.0554117911927694e-10	-3.6033949095105844	-0.47989843738454896	-0.014074014940622225
-999.0	240.0	3.977799235297591e-06	2.846389801396596e-10	-2.27426139963058	-0.18241612967988172	-0.014625772875655352
-999.0	215.0	6.528678362981908e-06	2.4562418000216596e-10	-0.6991636942304243	0.13955871843630382	-0.014734589739222767
-999.0	190.0	9.035583981968715e-06	1.654046041545057e-10	1.25523189514392	0.40638717405851355	-0.013507840231825158
-999.0	165.0	1.1137922511457768e-05	7.029783281317758e-11	3.4061020574871503	0.6079491079444403	-0.010152348535459162
-999.0	140.0	1.3648116125681017e-05	1.1941257625606698e-11	4.649585979325377	0.7885547058862798	-0.004697664412078102
-999.0	115.0	1.2860016662640672e-05	3.893676626333766e-12	4.697151160192868	0.8170036040836716	-0.0004932286172708605
-999.0	90.0	1.3391940145730363e-05	1.5595983531237694e-12	5.135200559738167	0.5521291887594081	2.8177825464400756e-07
-999.0	65.0	6.072611585578732e-06	0.0	0.6253716304514115	0.3027871941911224	0.0
-999.0	40.0	2.2416429001194075e-06	0.0	-10.272957701649972	0.13162634657728658	0.0
-999.0	15.0	-9.606914377958706e-07	0.0	-18.907310606941422	0.1730601399664056	0.0
244.125	40	1005.3577619280138	day	levels	pres0
-999.0	990.0	-1.0161339028161906e-05	1.341549233378222e-08	-3.0206235562052055	-0.6784874967166354	9.935395572065628e-05
-999.0	965.0	-1.95139430330268e-05	1.8201768913376517e-08	-4.863553558077131	-1.152393888349512	0.0001099527202453316
-999.0	940.0	-1.591965596797684e-05	1.0203742859875858e-08	-5.6831145371709555	-1.4282461559133874	0.00010486365805655075
-999.0	915.0	-1.4307876080570242e-05	4.895332210238964e-09	-6.212359300681524	-1.6874468752316067	0.00042968506745862345
-999.0	890.0	-1.426945067202998e-05	5.075191295454427e-09	-6.694754208837238	-1.934627684099334	0.0011796806222956577
-999.0	865.0	-1.458147304162147e-05	7.601942181483741e-09	-7.212298563548498	-2.093456002218383	0.002301589605348558
-999.0	840.0	-1.462315397691869e-05	6.4468180247035534e-09	-7.738532032285419	-2.1010464259556363	0.0036004335971875742
-999.0	815.0	-1.2394969466157143e-05	-5.323390036614393e-10	-8.20573343549456	-1.953433568988528	0.004868405515590749
-999.0	790.0	-8.148076530132031e-06	-1.0273417518917648e-08	-8.57072859151023	-1.6782745381018946	0.005965519122007881
-999.0	765.0	-3.596873259142278e-06	-1.8905298027040394e-08	-8.781201464789255	-1.3219113778322933	0.006731578485521279
-999.0	740.0	-1.450279590836357e-06	-2.113786516785031e-08	-8.72399778025491	-0.9665318494662645	0.006988895239867391
-999.0	715.0	-2.1790672326460487e-06	-1.7081564541773076e-08	-8.416520050593787	-0.6579212703342948	0.006650617776767809
-999.0	690.0	-3.016176822942697e-06	-1.2917806290917929e-08	-7.971537045070105	-0.4116845146885941	0.005778532428310183
-999.0	665.0	-3.460460099472946e-06	-9.398625864248192e-09	-7.3918307593890615	-0.24509727529117054	0.004577614728653771
-999.0	640.0	-3.153225822773364e-06	-6.972991950100379e-09	-6.896612014089314	-0.11803107602255686	0.003279732473441965
-999.0	615.0	-1.8230970257834081e-06	-6.187282269820572e-09	-6.560185587831907	-0.029306186097008836	0.0020916370454896797
-999.0	590.0	-2.917801935432687e-07	-5.642445845758573e-09	-6.4088009021111905	0.05337002341236392	0.0010684968101114336
-999.0	565.0	1.1182535210594774e-06	-5.639514143002176e-09	-6.482570969632695	0.12454992120287248	4.0467348739441375e-05
-999.0	540.0	1.4634587846341588e-06	-5.3846768365936384e-09	-6.693148872682028	0.12721850483545238	-0.0011472431882624545
-999.0	515.0	2.686307111400224e-07	-4.698323034625944e-09	-7.033483372202943	0.02676328803811754	-0.002560215063838278
-999.0	490.0	-1.506357451915623e-06	-4.161640452886267e-09	-7.430242913109916	-0.18792002701333588	-0.00417723502129718
-999.0	465.0	-3.1326769477879956e-06	-3.3285565791990695e-09	-7.8547698983124326	-0.49465386383235466	-0.005876550946172239
-999.0	440.0	-3.488235693472985e-06	-2.8004115405825106e-09	-8.236849235636848	-0.6963364547118546	-0.0075258151611079
-999.0	415.0	-2.31152784498778e-06	-2.4477525954670647e-09	-8.497915769261974	-0.7309290192289545	-0.009002836898540326
-999.0	390.0	-1.3462671573968645e-07	-2.0554178355803113e-09	-8.472323736974172	-0.6894095361764944	-0.01021148398788454
-999.0	365.0	2.2346277384915288e-06	-1.7130552046976865e-09	-8.053327901022776	-0.6253592168380108	-0.011114220338797819
-999.0	340.0	3.6411090025914806e-06	-1.465326388207749e-09	-7.231505087443761	-0.6254251248070173	-0.011754947325438001
-999.0	315.0	3.907649060859094e-06	-1.1231318745154165e-09	-6.060787882123677	-0.6841630179967199	-0.012262285018338195
-999.0	290.0	3.492737070903079e-06	-4.867091491986586e-10	-4.80922446506364	-0.6596381261146497	-0.012768501346141287
-999.0	265.0	3.232507585799174e-06	8.406507717269944e-11	-3.5710666541542326	-0.4814789465495519	-0.013335903089476448
-999.0	240.0	4.5237571669979e-06	2.707141121636452e-10	-2.2295527423598935	-0.18136470073035757	-0.013883247864787177
-999.0	215.0	7.183265018587312e-06	2.3330188050460986e-10	-0.6366989442280363	0.1489800097686903	-0.013952926526425229
-999.0	190.0	9.816782807724345e-06	1.5493979079774506e-10	1.3354157209396365	0.4237673729658128	-0.012694452436353084
-999.0	165.0	1.1858205488395126e-05	6.345292236108523e-11	3.487468740769796	0.6372881245001086	-0.009425778525437448
-999.0	140.0	1.4399889291131073e-05	1.0812977781449537e-11	4.698060384818485	0.8363221160003119	-0.0042936993980953716
-999.0	115.0	1.3914177090757427e-05	3.4945768827177927e-12	4.696179287774223	0.8660199312227114	-0.00041375986273225405
-999.0	90.0	1.4493303439979044e-05	1.4055043926592114e-12	5.115384759647506	0.5661421148106457	5.198433800832025e-07
-999.0	65.0	6.767811978028881e-06	0.0	0.6172779457909723	0.2784385613631457	0.0
-999.0	40.0	2.6525943798737398e-06	0.0	-10.235973775386812	0.10534228384494783	0.0
-999.0	15.0	-5.756589003823813e-07	0.0	-18.85337230137417	0.15876143372484613	0.0
244.13888888888889	40	1005.2160208565848	day	levels	pres0
-999.0	990.0	-1.080938419442191e-05	1.2906053189944707e-08	-3.023015142433198	-0.7094847104024679	7.960851169780063e-05
-999.0	965.0	-2.080868925518319e-05	1.7183842140021236e-08	-4.895602606591727	-1.1966401703419656	6.104151688388776e-05
-999.0	940.0	-1.7360299437618476e-05	9.165566103125919e-09	-5.732781919458588	-1.4822565249153148	3.58118768922919e-05
-999.0	915.0	-1.6026193739246595e-05	4.439821690188568e-09	-6.263523666631652	-1.7508884034460204	0.0003543907578626841
-999.0	890.0	-1.6292863674512956e-05	5.502862234909955e-09	-6.742078342135033	-2.0041522825994917	0.0011128748375371221
-999.0	865.0	-1.664107482276102e-05	8.67149905536553e-09	-7.257979037269754	-2.1667068979097595	0.0022507899216668474
-999.0	840.0	-1.637168571096903e-05	7.625073915171066e-09	-7.785234027438735	-2.1771043207911207	0.0035626015238239606
-999.0	815.0	-1.393093337835604e-05	7.496005260097145e-10	-8.254912421816917	-2.0306944979562633	0.004826448459332199
-999.0	790.0	-9.667724991018797e-06	-8.84281588813288e-09	-8.61955970809578	-1.750341405471256	0.0058933100386650205
-999.0	765.0	-4.889937062261804e-06	-1.793455491613174e-08	-8.822461383683377	-1.3803766742201593	0.0066067457529694566
-999.0	740.0	-2.339513798088005e-06	-2.089840532863452e-08	-8.750325959826295	-1.0082915722141745	0.0068003824390769005
-999.0	715.0	-2.6882739256783153e-06	-1.7371170154593153e-08	-8.423937027416537	-0.6842531913093519	0.006398827805876877
-999.0	690.0	-3.290668422910235e-06	-1.3352082132191784e-08	-7.960758074881529	-0.42517408357550673	0.005470714108884891
-999.0	665.0	-3.6411396062704577e-06	-9.671915718805925e-09	-7.365149422297378	-0.24915253997795483	0.004224655016716406
-999.0	640.0	-3.331118831830183e-06	-7.143623891719323e-09	-6.860615636621173	-0.11453504387347446	0.0028961000749370843
-999.0	615.0	-2.066035515988897e-06	-6.311114156436863e-09	-6.52360913240245	-0.020272227270243057	0.0016959005004684698
-999.0	590.0	-5.933511024920638e-07	-5.8054062301736e-09	-6.375894030881295	0.0668720397211532	0.0006821196207768138
-999.0	565.0	7.757298721035246e-07	-5.930816910022454e-09	-6.456831734804878	0.14196091500069996	-0.0003140470136052165
-999.0	540.0	1.1114554195964304e-06	-5.713203036788842e-09	-6.673613994840594	0.15091354080613126	-0.0014498565165777665
-999.0	515.0	-5.624996378359217e-08	-4.9499186031803e-09	-7.017524671933008	0.059529535590707686	-0.0027991592995244377
-999.0	490.0	-1.843568302873743e-06	-4.3227411441122585e-09	-7.414292437689641	-0.14766022279143456	-0.004354766454857334
-999.0	465.0	-3.550638326869814e-06	-3.379641260758649e-09	-7.835902665342591	-0.45057354182265774	-0.0060126664677475515
-999.0	440.0	-3.9696221024699745e-06	-2.815976552409773e-09	-8.21878985445649	-0.6537150779945546	-0.007647117601672752
-999.0	415.0	-2.8075829720727594e-06	-2.4926533788945317e-09	-8.486285306513295	-0.6955375241204079	-0.009125403319572194
-999.0	390.0	-5.718369422507231e-07	-2.0990831289229466e-09	-8.468852397468341	-0.6635358777665724	-0.010338973388894203
-999.0	365.0	1.9052082734716708e-06	-1.7386828454377766e-09	-8.056083525930116	-0.6091798982686395	-0.011243124014147215
-999.0	340.0	3.3420037958238855e-06	-1.482807174301712e-09	-7.23111167218948	-0.6158526265431968	-0.011881716736710898
-999.0	315.0	3.546156386254759e-06	-1.1448152496950782e-09	-6.047488591973715	-0.6779120822274559	-0.012389875019220068
-999.0	290.0	3.061056505835681e-06	-5.074141495283563e-10	-4.784031280212894	-0.6578194450528058	-0.012900885019063892
-999.0	265.0	2.719332403777958e-06	7.439721858966642e-11	-3.537572931439112	-0.4849278682044832	-0.013463153674523744
-999.0	240.0	3.947860625369898e-06	2.6797035540461316e-10	-2.1829888953102325	-0.18414776240078765	-0.013964168509625662
-999.0	215.0	6.6557586931402075e-06	2.307170208912352e-10	-0.5673258124835047	0.1535713935182123	-0.013915024828230663
-999.0	190.0	9.360369399593317e-06	1.488171643773021e-10	1.4270406422161939	0.4362369411521645	-0.012490303088662917
-999.0	165.0	1.1194023684346463e-05	5.803955200607105e-11	3.57913781111212	0.6625459458502098	-0.009122641956075647
-999.0	140.0	1.3781453503748542e-05	9.922526524263727e-12	4.753870356177581	0.8846108464022508	-0.0040873078315070855
-999.0	115.0	1.3418810215623685e-05	3.2525199237807615e-12	4.701992625281924	0.9218162473233102	-0.0003719270339779298
-999.0	90.0	1.3957224023832527e-05	1.3519554707722652e-12	5.101641872099437	0.5855335767957927	4.849642770930798e-07
-999.0	65.0	6.169095219439019e-06	0.0	0.6120211172198282	0.2513402059437607	0.0
-999.0	40.0	2.291404013480456e-06	0.0	-10.199591224628742	0.07269343615521291	0.0
-999.0	15.0	-4.404404190754833e-07	0.0	-18.80140394445442	0.13891451978418853	0.0
244.15277777777777	40	1005.0742797851564	day	levels	pres0
-999.0	990.0	-1.1457429360680165e-05	1.239661404610893e-08	-3.025406728661249	-0.740481924088215	5.987020534678802e-05
-999.0	965.0	-2.2103435477336556e-05	1.6165915366668814e-08	-4.927651655106304	-1.2408864523343082	1.2132165329347611e-05
-999.0	940.0	-1.8800942907257088e-05	8.127389346379144e-09	-5.7824493017461345	-1.536266893917111	-3.324478834258037e-05
-999.0	915.0	-1.7744511397919452e-05	3.9843111701405346e-09	-6.314688032581671	-1.8143299316602783	0.00027909296260166503
-999.0	890.0	-1.8316276676991466e-05	5.930533174366181e-09	-6.789402475432725	-2.073676881099476	0.0010460699473484412
-999.0	865.0	-1.8700676603895663e-05	9.741055929246154e-09	-7.3036595109909115	-2.239957793600945	0.0021999944354238743
-999.0	840.0	-1.8120217445015033e-05	8.803329805636085e-09	-7.831936022591949	-2.2531622156263955	0.003524775061166176
-999.0	815.0	-1.546689729055085e-05	2.0315400556765644e-09	-8.304091408139163	-2.1079554269237772	0.0047844996139285965
-999.0	790.0	-1.1187373451901032e-05	-7.412214257354248e-09	-8.668390824681214	-1.8224082728404034	0.005821116531903996
-999.0	765.0	-6.183000865377026e-06	-1.696381180522866e-08	-8.863721302577408	-1.438841970607846	0.006481940315720126
-999.0	740.0	-3.2287480053364746e-06	-2.0658945489421965e-08	-8.776654139397625	-1.050051294961951	0.006611908769832558
-999.0	715.0	-3.197480618708745e-06	-1.7660775767414126e-08	-8.431354004239276	-0.7105851122843195	0.0061470845864235605
-999.0	690.0	-3.565160022876762e-06	-1.3786357973465545e-08	-7.9499791046929795	-0.43866365246237027	0.005162945324931958
-999.0	665.0	-3.82181911306725e-06	-9.945205573363674e-09	-7.338468085205758	-0.25320780466472503	0.0038717429676691675
-999.0	640.0	-3.509011840886274e-06	-7.314255833338293e-09	-6.824619259153111	-0.11103901172440742	0.002512512282857694
-999.0	615.0	-2.3089740061934316e-06	-6.434946043052996e-09	-6.4870326769730555	-0.011238268443515555	0.0013002073218432184
-999.0	590.0	-8.949220114397687e-07	-5.968366614588012e-09	-6.342987159651437	0.08037405602988527	0.0002957889023311009
-999.0	565.0	4.332062231486749e-07	-6.2221196770413865e-09	-6.431092499977076	0.15937190879845384	-0.0006685075777030597
-999.0	540.0	7.594520545597423e-07	-6.041729236982388e-09	-6.654079116999165	0.17460857677671707	-0.0017524129754955772
-999.0	515.0	-3.811306387063032e-07	-5.201514171733214e-09	-7.001565971663081	0.09229578314318161	-0.0030380502073735862
-999.0	490.0	-2.1807791538308373e-06	-4.483841835337132e-09	-7.398341962269381	-0.10740041856966126	-0.004532253506062564
-999.0	465.0	-3.968599705950124e-06	-3.430725942317609e-09	-7.817035432372784	-0.4064932198130848	-0.00614874597603805
-999.0	440.0	-4.451008511465112e-06	-2.831541564236583e-09	-8.20073047327618	-0.6110937012773604	-0.007768387038921329
-999.0	415.0	-3.3036380991558446e-06	-2.537554162321388e-09	-8.474654843764656	-0.6601460290119378	-0.009247936653149815
-999.0	390.0	-1.0090471687601576e-06	-2.142748422264951e-09	-8.465381057962546	-0.6376622193566969	-0.010466430969357881
-999.0	365.0	1.5757888084528576e-06	-1.7643104861773027e-09	-8.058839150837494	-0.5930005796992882	-0.01137200065021151
-999.0	340.0	3.0428985890570595e-06	-1.500287960395257e-09	-7.230718256935248	-0.6062801282793779	-0.012008465360869528
-999.0	315.0	3.1846637116513306e-06	-1.16649862487448e-09	-6.034189301823822	-0.6716611464581799	-0.01251745015186926
-999.0	290.0	2.629375940769363e-06	-5.281191498578844e-10	-4.758838095362237	-0.6560007639909295	-0.013033260184307388
-999.0	265.0	2.2061572217579817e-06	6.472936000672614e-11	-3.5040792087240984	-0.4883767898593592	-0.013590403613582856
-999.0	240.0	3.371964083743249e-06	2.652265986456303e-10	-2.1364250482607186	-0.18693082407116654	-0.014045093303242875
-999.0	215.0	6.128252367694568e-06	2.2813216127788902e-10	-0.49795268073917415	0.1581627772677485	-0.013877121067651339
-999.0	190.0	8.903955991463886e-06	1.4269453795687338e-10	1.5186655634925124	0.4487065093384762	-0.012286164703896308
-999.0	165.0	1.0529841880299522e-05	5.262618165106346e-11	3.6708068814542223	0.6878037672001888	-0.008819574241226898
-999.0	140.0	1.3163017716367403e-05	9.032075267078584e-12	4.809680327536548	0.9328995768039694	-0.0038809847933755043
-999.0	115.0	1.2923443340491288e-05	3.0104629648441383e-12	4.707805962789622	0.9776125634236665	-0.0003301031433104513
-999.0	90.0	1.3421144607687364e-05	1.2984065488853688e-12	5.087898984551432	0.6049250387808279	4.500794397118847e-07
-999.0	65.0	5.570378460850977e-06	0.0	0.6067642886487283	0.22424185052441015	0.0
-999.0	40.0	1.9302136470882217e-06	0.0	-10.163208673870768	0.040044588465551666	0.0
-999.0	15.0	-3.0522193776933934e-07	0.0	-18.749435587534855	0.1190676058435684	0.0
244.16666666666666	40	1004.932538713728	day	levels	pres0
-999.0	990.0	-1.210547452694024e-05	1.1887174902271455e-08	-3.027798314889246	-0.7714791377740445	4.013903668063748e-05
-999.0	965.0	-2.3398181699493188e-05	1.5147988593313486e-08	-4.959700703620909	-1.2851327343267605	-3.677533439849826e-05
-999.0	940.0	-2.024158637689899e-05	7.0892125896291045e-09	-5.832116684033778	-1.5902772629190396	-0.00010230633762119811
-999.0	915.0	-1.946282905659606e-05	3.528800650090147e-09	-6.36585239853181	-1.8777714598746944	0.000203791681767314
-999.0	890.0	-2.0339689679474707e-05	6.35820411382191e-09	-6.836726608730529	-2.143201479599636	0.0009792659517533994
-999.0	865.0	-2.0760278385035453e-05	1.0810612803128247e-08	-7.349339984712175	-2.313208689292324	0.0021492031465955757
-999.0	840.0	-1.986874917906561e-05	9.981585696103938e-09	-7.878638017745272	-2.3292201104618835	0.0034869542092621523
-999.0	815.0	-1.7002861202749997e-05	3.313479585348087e-09	-8.353270394461523	-2.1852163558915176	0.004742558979486438
-999.0	790.0	-1.2707021912787993e-05	-5.981612626569178e-09	-8.71722194126677	-1.8944751402097706	0.005748938601780396
-999.0	765.0	-7.476064668496655e-06	-1.599306869431983e-08	-8.904981221471536	-1.4973072669957175	0.006357162173646585
-999.0	740.0	-4.1179822125881615e-06	-2.0419485650206116e-08	-8.802982318969011	-1.0918110177098674	0.00642347423189869
-999.0	715.0	-3.7066873117410118e-06	-1.7950381380234206e-08	-8.438770981062026	-0.736917033259383	0.00589538811830036
-999.0	690.0	-3.839651622844282e-06	-1.422063381473943e-08	-7.939200134504397	-0.45215322134928915	0.00485522607657206
-999.0	665.0	-4.002498619864738e-06	-1.0218495427921439e-08	-7.311786748114067	-0.2572630693515154	0.0035188785819453496
-999.0	640.0	-3.686904849943066e-06	-7.484887774957275e-09	-6.788622881684963	-0.10754297957533054	0.002128969097725107
-999.0	615.0	-2.551912496398889e-06	-6.5587779296693255e-09	-6.4504562215435906	-0.002204309616754469	0.0009045575099561582
-999.0	590.0	-1.1964929203885366e-06	-6.13132699900307e-09	-6.3100802884215295	0.09387607233867075	-9.049534502364649e-05
-999.0	565.0	9.06825741927404e-08	-6.51342244406169e-09	-6.405353265149248	0.17678290259627874	-0.001022914343455275
-999.0	540.0	4.0744868952202124e-07	-6.3702554371776e-09	-6.634544239157719	0.19830361274739505	-0.002054912565048821
-999.0	515.0	-7.060113136299137e-07	-5.453109740287561e-09	-6.985607271393134	0.12506203069577285	-0.0032768877875314255
-999.0	490.0	-2.5179900047889523e-06	-4.644942526563106e-09	-7.382391486849093	-0.06714061434775674	-0.004709696175074424
-999.0	465.0	-4.386561085031928e-06	-3.481810623877178e-09	-7.798168199402929	-0.36241289780338404	-0.006284789471159094
-999.0	440.0	-4.93239492046209e-06	-2.8471065760638414e-09	-8.182671092095815	-0.5684723245600569	-0.007889623472969199
-999.0	415.0	-3.7996932262408195e-06	-2.5824549457488548e-09	-8.463024381015968	-0.6247545339033903	-0.009370436899420295
-999.0	390.0	-1.4462573952712002e-06	-2.1864137156075904e-09	-8.461909718456713	-0.6117885609467772	-0.010593856729425543
-999.0	365.0	1.24636934343298e-06	-1.7899381269173996e-09	-8.061594775744839	-0.5768212611299223	-0.011500850247117105
-999.0	340.0	2.7437933822894377e-06	-1.5177687464892255e-09	-7.230324841680969	-0.5967076300155635	-0.012135193197990933
-999.0	315.0	2.823171037046976e-06	-1.1881820000541439e-09	-6.020890011673867	-0.6654102106889194	-0.012645010416317513
-999.0	290.0	2.1976953757019544e-06	-5.488241501875832e-10	-4.733644910511499	-0.6541820829290861	-0.013165626841879507
-999.0	265.0	1.6929820397367525e-06	5.506150142369363e-11	-3.470585486008983	-0.491825711514288	-0.013717652906654285
-999.0	240.0	2.7960675421152236e-06	2.624828418865997e-10	-2.089861201211062	-0.18971388574159026	-0.01412602224564002
-999.0	215.0	5.600746042247463e-06	2.2554730166451632e-10	-0.4285795489946446	0.16275416101727916	-0.013839215244686976
-999.0	190.0	8.447542583332885e-06	1.3657191153643006e-10	1.6102904847690733	0.4611760775248377	-0.01208203728205173
-999.0	165.0	9.865660076250833e-06	4.721281129604708e-11	3.762475951796554	0.7130615885502973	-0.008516575380883601
-999.0	140.0	1.2544581928984826e-05	8.141624009892438e-12	4.865490298895648	0.9811883072059098	-0.003674730283698172
-999.0	115.0	1.2428076465357514e-05	2.768406005907053e-12	4.713619300297331	1.0334088795242584	-0.0002882881907294258
-999.0	90.0	1.2885065191540794e-05	1.2448576269984054e-12	5.074156097003371	0.6243165007659622	4.151888679392316e-07
-999.0	65.0	4.971661702261104e-06	0.0	0.6015074600775907	0.1971434951050156	0.0
-999.0	40.0	1.5690232806949462e-06	0.0	-10.126826123112691	0.007395740775814121	0.0
-999.0	15.0	-1.7000345646241977e-07	0.0	-18.697467230615104	0.09922069190291351	0.0
244.18055555555554	40	1004.7907976422991	day	levels	pres0
-999.0	990.0	-1.275351969319849e-05	1.1377735758435676e-08	-3.0301899011172964	-0.8024763514597917	2.0415005712529737e-05
-999.0	965.0	-2.469292792164656e-05	1.4130061819961064e-08	-4.991749752135485	-1.3293790163191035	-8.568098227949875e-05
-999.0	940.0	-2.16822298465376e-05	6.051035832882332e-09	-5.881784066321325	-1.6442876319208357	-0.0001713727709161379
-999.0	915.0	-2.1181146715268907e-05	3.0732901300421136e-09	-6.417016764481829	-1.941212988088952	0.00012848691545211735
-999.0	890.0	-2.2363102681953224e-05	6.785875053278136e-09	-6.8840507420282195	-2.2127260780996205	0.0009124628507766247
-999.0	865.0	-2.2819880166170094e-05	1.188016967700887e-08	-7.395020458433332	-2.3864595849835095	0.002098416055158791
-999.0	840.0	-2.1617280913111613e-05	1.115984158656896e-08	-7.925340012898488	-2.4052780052971596	0.0034491389681608137
-999.0	815.0	-1.85388251149448e-05	4.595419115014934e-09	-8.402449380783768	-2.2624772848590315	0.004700626556113472
-999.0	790.0	-1.4226670373670228e-05	-4.55101099579055e-09	-8.766053057852206	-1.966542007578918	0.005676776248351564
-999.0	765.0	-8.769128471611876e-06	-1.5022325583416754e-08	-8.946241140365567	-1.555772563383404	0.006232411326624518
-999.0	740.0	-5.0072164198366285e-06	-2.0180025810993562e-08	-8.829310498540341	-1.1335707404576436	0.006235078825042759
-999.0	715.0	-4.215894004771442e-06	-1.8239986993055176e-08	-8.446187957884764	-0.7632489542343508	0.005643738401403748
-999.0	690.0	-4.11414322281081e-06	-1.4654909656013194e-08	-7.928421164315852	-0.4656427902361526	0.004547556363930634
-999.0	665.0	-4.1831781266615316e-06	-1.0491785282479191e-08	-7.285105411022447	-0.26131833403828575	0.0031660618599837153
-999.0	640.0	-3.864797858999158e-06	-7.655519716576243e-09	-6.7526265042169005	-0.10404694742626341	0.0017454705200666452
-999.0	615.0	-2.7948509866034237e-06	-6.682609816285457e-09	-6.413879766114196	0.006829649209973145	0.0005089510651557699
-999.0	590.0	-1.498063829336242e-06	-6.294287383417483e-09	-6.2771734171916735	0.10737808864740278	-0.00047673312107927634
-999.0	565.0	-2.51841074762108e-07	-6.804725211080624e-09	-6.379614030321449	0.19419389639403256	-0.001377267310757523
-999.0	540.0	5.544532448533191e-08	-6.698781637371147e-09	-6.615009361316289	0.22199864871798078	-0.0023573552852658754
-999.0	515.0	-1.0308919885526239e-06	-5.7047053088404754e-09	-6.969648571123206	0.1578282782482468	-0.0035156720401403434
-999.0	490.0	-2.8552008557460463e-06	-4.80604321778798e-09	-7.366441011428834	-0.02688081012598357	-0.004887094462052448
-999.0	465.0	-4.80452246411224e-06	-3.5328953054361386e-09	-7.779300966433122	-0.3183325757938108	-0.006420796953225073
-999.0	440.0	-5.41378132945723e-06	-2.8626715878906516e-09	-8.164611710915501	-0.5258509478428627	-0.008010826903931569
-999.0	415.0	-4.295748353323905e-06	-2.6273557291757113e-09	-8.45139391826733	-0.5893630387949202	-0.009492904058530678
-999.0	390.0	-1.883467621780635e-06	-2.2300790089495958e-09	-8.458438378950916	-0.5859149025369014	-0.010721250669247206
-999.0	365.0	9.169498784141685e-07	-1.815565767656926e-09	-8.064350400652215	-0.560641942560571	-0.01162967280499053
-999.0	340.0	2.444688175522612e-06	-1.5352495325827704e-09	-7.229931426426736	-0.5871351317517446	-0.012261900248152326
-999.0	315.0	2.4616783624435464e-06	-1.2098653752335454e-09	-6.007590721523975	-0.6591592749196431	-0.012772555812596507
-999.0	290.0	1.7660148106356373e-06	-5.695291505171112e-10	-4.708451725660841	-0.6523634018672099	-0.013297984991787491
-999.0	265.0	1.1798068577167763e-06	4.5393642840753335e-11	-3.437091763293969	-0.495274633169164	-0.013844901553737656
-999.0	240.0	2.220171000488575e-06	2.597390851276169e-10	-2.043297354161548	-0.19249694741196893	-0.014206955336817558
-999.0	215.0	5.073239716801823e-06	2.2296244205117027e-10	-0.35920641725031377	0.1673455447668155	-0.01380130735933754
-999.0	190.0	7.991129175203454e-06	1.3044928511600135e-10	1.701915406045391	0.4736456457111494	-0.011877920823129743
-999.0	165.0	9.201478272203892e-06	4.1799440941039484e-11	3.854145022138657	0.7383194099002764	-0.00821364537504172
-999.0	140.0	1.1926146141603687e-05	7.251172752707293e-12	4.9213002702546165	1.0294770376076283	-0.003468544302475441
-999.0	115.0	1.1932709590225119e-05	2.5263490469704295e-12	4.719432637805028	1.0892051956246147	-0.0002464821762353789
-999.0	90.0	1.2348985775395633e-05	1.1913087051115086e-12	5.0604132094553655	0.6437079627509973	3.8029256177512445e-07
-999.0	65.0	4.372944943673062e-06	0.0	0.5962506315064907	0.17004513968566506	0.0
-999.0	40.0	1.2078329143027116e-06	0.0	-10.090443572354719	-0.02525310691384723	0.0
-999.0	15.0	-3.4784975156275467e-08	0.0	-18.645498873695534	0.07937377796229338	0.0
244.19444444444446	40	1004.6490565708706	day	levels	pres0
-999.0	990.0	-1.3401564859458785e-05	1.0868296614597908e-08	-3.0325814873453156	-0.8334735651456471	6.981124554761189e-07
-999.0	965.0	-2.598767414380359e-05	1.3112135046605078e-08	-5.023798800650119	-1.3736252983115886	-0.00013458477829388123
-999.0	940.0	-2.3122873316179897e-05	5.0128590761314856e-09	-5.9314514486089935	-1.6982980009227957	-0.00024044408820054312
-999.0	915.0	-2.2899464373946017e-05	2.617779609991225e-09	-6.468181130431984	-2.0046545163034	5.317866374783938e-05
-999.0	890.0	-2.4386515684437013e-05	7.213545992733844e-09	-6.93137487532604	-2.2822506765998143	0.0008456606444419521
-999.0	865.0	-2.4879481947310436e-05	1.2949726550891252e-08	-7.440700932154614	-2.4597104806749237	0.002047633161089551
-999.0	840.0	-2.3365812647162552e-05	1.2338097477036736e-08	-7.972042008051834	-2.481335900132682	0.003411329337910213
-999.0	815.0	-2.00747890271441e-05	5.877358644685728e-09	-8.45162836710616	-2.3397382138268057	0.004658702343916341
-999.0	790.0	-1.5746318834557363e-05	-3.1204093650065516e-09	-8.814884174437793	-2.038608874948315	0.00560462947167325
-999.0	765.0	-1.006219227473165e-05	-1.405158247250925e-08	-8.987501059259724	-1.6142378597712996	0.006107687774527372
-999.0	740.0	-5.896450627088396e-06	-1.9940565971779026e-08	-8.855638678111754	-1.1753304632055779	0.006046722549029191
-999.0	715.0	-4.7251006978037845e-06	-1.8529592605876275e-08	-8.453604934707531	-0.7895808752094279	0.005392135435626293
-999.0	690.0	-4.3886348227783844e-06	-1.5089185497287762e-08	-7.917642194127275	-0.4791323591230823	0.004239936187128394
-999.0	665.0	-4.363857633459033e-06	-1.076507513703734e-08	-7.2584240739307555	-0.2653735987250864	0.002813292802217566
-999.0	640.0	-4.04269086805598e-06	-7.826151658195386e-09	-6.716630126748746	-0.10055091527719615	0.0013620165504036165
-999.0	615.0	-3.037789476808976e-06	-6.806441702901773e-09	-6.377303310684722	0.015863608036725572	0.00011338798778428471
-999.0	590.0	-1.799634738285169e-06	-6.457247767832412e-09	-6.24426654596176	0.12088010495618103	-0.000862924425633729
-999.0	565.0	-5.943647237182561e-07	-7.096027978100726e-09	-6.35387479549362	0.21160489019185194	-0.0017315664795109892
-999.0	540.0	-2.965580405526195e-07	-7.02730783756613e-09	-6.595474483474853	0.2456936846886549	-0.0026597411361796823
-999.0	515.0	-1.3557726634764576e-06	-5.9563008773946036e-09	-6.953689870853278	0.19059452580083638	-0.003754402965346088
-999.0	490.0	-3.1924117067043414e-06	-4.967143909013741e-09	-7.350490536008565	0.013378994095924055	-0.005064448367158272
-999.0	465.0	-5.22248384319415e-06	-3.583979986995511e-09	-7.760433733463283	-0.27425225378409934	-0.006556768422351485
-999.0	440.0	-5.895167738454259e-06	-2.878236599717717e-09	-8.14655232973514	-0.48322957112554066	-0.008131997331924193
-999.0	415.0	-4.791803480408919e-06	-2.6722565126029595e-09	-8.439763455518646	-0.5539715436863472	-0.009615338130628322
-999.0	390.0	-2.3206778482917183e-06	-2.2737443022919907e-09	-8.45496703944508	-0.5600412441269519	-0.010848612788973118
-999.0	365.0	5.875304133942406e-07	-1.8411934083967666e-09	-8.067106025559553	-0.5444626239911742	-0.011758468323958481
-999.0	340.0	2.1455829687549083e-06	-1.5527303186765446e-09	-7.2295380111724485	-0.5775626334879032	-0.012388586511430995
-999.0	315.0	2.1001856878390637e-06	-1.2315487504131153e-09	-5.994291431373996	-0.6529083391503636	-0.012900086340738182
-999.0	290.0	1.334334245568065e-06	-5.902341508467625e-10	-4.683258540810068	-0.6505447208053567	-0.013430334634039193
-999.0	265.0	6.666316756953686e-07	3.572578425775125e-11	-3.4035980405788218	-0.4987235548240901	-0.013972149554833505
-999.0	240.0	1.6442744588603584e-06	2.5699532836860826e-10	-1.9967335071118613	-0.19528000908239662	-0.014287892576776698
-999.0	215.0	4.545733391354511e-06	2.2037758243780695e-10	-0.2898332855057505	0.17193692851633904	-0.013763397411602735
-999.0	190.0	7.534715767072279e-06	1.2432665869555655e-10	1.7935403273219848	0.48611521389750084	-0.011673815327128753
-999.0	165.0	8.537296468155013e-06	3.6386070586022434e-11	3.9458140924810077	0.7635772312503727	-0.00791078422369358
-999.0	140.0	1.1307710354220914e-05	6.360721495520879e-12	4.977110241613725	1.077765768009568	-0.0032624268497048288
-999.0	115.0	1.1437342715091172e-05	2.2842920880332784e-12	4.7252459753127365	1.145001511725231	-0.00020468509982792525
-999.0	90.0	1.1812906359248879e-05	1.1377597832245143e-12	5.046670321907305	0.6630994247361675	3.453905212191415e-07
-999.0	65.0	3.7742281850829684e-06	0.0	0.5909938029353484	0.14294678426627802	0.0
-999.0	40.0	8.466425479092649e-07	0.0	-10.054061021596645	-0.05790195460359579	0.0
-999.0	15.0	1.0043350615053669e-07	0.0	-18.59353051677579	0.05952686402161375	0.0
244.20833333333334	40	1004.5073154994424	day	levels	pres0
-999.0	990.0	-1.4049610025717034e-05	1.0358857470762128e-08	-3.0349730735733673	-0.8644707788313934	-1.901164307733114e-05
-999.0	965.0	-2.7282420365956956e-05	1.2094208273252628e-08	-5.055847849164694	-1.4178715803039295	-0.00018348672242147462
-999.0	940.0	-2.4563516785818452e-05	3.9746823193845885e-09	-5.981118830896539	-1.7523083699245892	-0.0003095202894469877
-999.0	915.0	-2.461778203261876e-05	2.1622690899430318e-09	-6.519345496382002	-2.068096044517655	-2.2133073253072353e-05
-999.0	890.0	-2.64099286869154e-05	7.641216932189927e-09	-6.97869900862373	-2.351775275099796	0.0007788593327738913
-999.0	865.0	-2.693908372844497e-05	1.4019283424771782e-08	-7.486381405875772	-2.532961376366107	0.0019968544643644854
-999.0	840.0	-2.511434438120848e-05	1.3516353367501708e-08	-8.018744003205047	-2.557393794967956	0.0033735253185589904
-999.0	815.0	-2.1610752939338866e-05	7.159298174352555e-09	-8.500807353428403	-2.41699914279432	0.004616786343002433
-999.0	790.0	-1.7265967295439576e-05	-1.6898077342279323e-09	-8.86371529102323	-2.110675742317464	0.005532498271802408
-999.0	765.0	-1.1355256077846862e-05	-1.3080839361606179e-08	-9.028760978153755	-1.6727031561589893	0.005982991517230472
-999.0	740.0	-6.785684834336855e-06	-1.9701106132566476e-08	-8.881966857683084	-1.2170901859533585	0.00585840540362514
-999.0	715.0	-5.234307390834204e-06	-1.8819198218697238e-08	-8.46102191153027	-0.8159127961844006	0.005140579220864232
-999.0	690.0	-4.6631264227449e-06	-1.552346133856151e-08	-7.906863223938728	-0.49262192800995175	0.003932365546290611
-999.0	665.0	-4.5445371402558115e-06	-1.1038364991595069e-08	-7.231742736839135	-0.2694288634118628	0.00246057140908553
-999.0	640.0	-4.22058387711206e-06	-7.996783599814335e-09	-6.680633749280681	-0.09705488312813484	0.0009786071892632364
-999.0	615.0	-3.280727967013506e-06	-6.9302735895178864e-09	-6.340726855255329	0.02489756686344819	-0.00028213172180988587
-999.0	590.0	-2.1012056472328736e-06	-6.6202081522468096e-09	-6.211359674731905	0.13438212126490917	-0.0012490692584788984
-999.0	565.0	-9.368883726731062e-07	-7.387330745119649e-09	-6.328135560665821	0.22901588398960313	-0.0020858118496113647
-999.0	540.0	-6.485614055893098e-07	-7.355834037759667e-09	-6.575939605633427	0.26938872065923875	-0.002962070117818625
-999.0	515.0	-1.6806533383991693e-06	-6.207896445947507e-09	-6.93773117058335	0.22336077335330873	-0.003993080563290981
-999.0	490.0	-3.529622557661434e-06	-5.128244600238606e-09	-7.334540060588308	0.05363879831769587	-0.005241757890551267
-999.0	465.0	-5.640445222274453e-06	-3.635064668554466e-09	-7.7415665004934775	-0.2301719317745274	-0.0066927038786524186
-999.0	440.0	-6.376554147449389e-06	-2.8938016115445245e-09	-8.128492948554829	-0.44060819440834764	-0.008253134757061822
-999.0	415.0	-5.287858607491995e-06	-2.7171572960298153e-09	-8.428132992770001	-0.5185800485778783	-0.009737739115859683
-999.0	390.0	-2.7578880748011445e-06	-2.3174095956339948e-09	-8.451495699939283	-0.5341675857170777	-0.010975943088752603
-999.0	365.0	2.581109483754381e-07	-1.8668210491362914e-09	-8.069861650466926	-0.5282833054218247	-0.011887236804146759
-999.0	340.0	1.8464777619880975e-06	-1.570211104770088e-09	-7.2291445959182115	-0.5679901352240861	-0.012515251987903441
-999.0	315.0	1.738693013235656e-06	-1.2532321255925166e-09	-5.980992141224101	-0.64665740338109	-0.013027602000773601
-999.0	290.0	9.026536805017812e-07	-6.109391511762901e-10	-4.65806535595941	-0.6487260397434828	-0.013562675768641388
-999.0	265.0	1.5345649367543938e-07	2.6057925674812214e-11	-3.3701043178638077	-0.5021724764789683	-0.014099396909941112
-999.0	240.0	1.0683779172337636e-06	2.542515716096271e-10	-1.9501696600623473	-0.19806307075277635	-0.014368833965517658
-999.0	215.0	4.018227065908902e-06	2.177927228244624e-10	-0.2204601537614228	0.1765283122658761	-0.013725485401482343
-999.0	190.0	7.078302358942858e-06	1.1820403227512853e-10	1.885165248598297	0.4985847820838156	-0.011469720794049244
-999.0	165.0	7.873114664108124e-06	3.0972700231014955e-11	4.037483162823103	0.7888350526003562	-0.007607991926835095
-999.0	140.0	1.068927456683983e-05	5.4702702383357824e-12	5.032920212972688	1.1260544984112901	-0.0030563779253866643
-999.0	115.0	1.0941975839958792e-05	2.0422351290966685e-12	4.7310593128204355	1.2007978278255897	-0.00016289696150758025
-999.0	90.0	1.127682694310373e-05	1.0842108613376182e-12	5.032927434359305	0.6824908867212057	3.1048274627138594e-07
-999.0	65.0	3.1755114264949405e-06	0.0	0.5857369743642494	0.11584842884693142	0.0
-999.0	40.0	4.854521815170454e-07	0.0	-10.017678470838673	-0.09055080229325464	0.0
-999.0	15.0	2.3565198745669338e-07	0.0	-18.541562159856227	0.03967995008099484	0.0
244.22222222222223	40	1004.3655744280137	day	levels	pres0
-999.0	990.0	-1.4697655191977112e-05	9.849418326924657e-09	-3.0373646598013644	-0.8954679925172238	-3.871426087288594e-05
-999.0	965.0	-2.857716658811359e-05	1.1076281499897325e-08	-5.0878968976792995	-1.4621178622963835	-0.00023238681464252288
-999.0	940.0	-2.600416025546041e-05	2.936505562634675e-09	-6.030786213184182	-1.8063187389265203	-0.0003786013746286379
-999.0	915.0	-2.633609969129548e-05	1.7067585698928057e-09	-6.570509862332141	-2.1315375727320736	-9.744829545887737e-05
-999.0	890.0	-2.8433341689398767e-05	8.068887871645799e-09	-7.026023141921535	-2.4212998735999594	0.0007120589157962464
-999.0	865.0	-2.8998685509584873e-05	1.5088840298653963e-08	-7.532061879597034	-2.6062122720574887	0.0019460799649595871
-999.0	840.0	-2.6862876115259132e-05	1.4694609257969608e-08	-8.065445998358369	-2.6334516898034446	0.0033357269101551615
-999.0	815.0	-2.3146716851538058e-05	8.441237704024097e-09	-8.549986339750768	-2.49426007176206	0.004574878553478358
-999.0	790.0	-1.8785615756326557e-05	-2.5920610344285064e-10	-8.912546407608783	-2.1827426096868296	0.005460382648794773
-999.0	765.0	-1.26483198809665e-05	-1.2110096250697344e-08	-9.070020897047879	-1.731168452546858	0.005858322554607241
-999.0	740.0	-7.67491904158855e-06	-1.946164629335063e-08	-8.908295037254469	-1.258849908701271	0.00567012738859501
-999.0	715.0	-5.743514083866482e-06	-1.9108803831517325e-08	-8.46843888835302	-0.8422447171594589	0.004889069757010123
-999.0	690.0	-4.937618022712431e-06	-1.595773717983541e-08	-7.896084253750148	-0.5061114968968646	0.003624844441537989
-999.0	665.0	-4.725216647053314e-06	-1.1311654846152856e-08	-7.205061399747445	-0.27348412809864714	0.002107897681020892
-999.0	640.0	-4.398476886168862e-06	-8.167415541433338e-09	-6.644637371812535	-0.0935588509790522	0.0005952424371667912
-999.0	615.0	-3.523666457218969e-06	-7.054105476134233e-09	-6.304150399825862	0.03393152569021419	-0.0006776080632845208
-999.0	590.0	-2.4027765561816405e-06	-6.783168536661883e-09	-6.178452803501996	0.14788413757369853	-0.0016351676194127317
-999.0	565.0	-1.2794120216290396e-06	-7.678633512139962e-09	-6.302396325837989	0.24642687778743066	-0.0024400034209598413
-999.0	540.0	-1.0005647706270283e-06	-7.684360237954886e-09	-6.5564047277919775	0.29308375662991876	-0.003264342230215657
-999.0	515.0	-2.0055340133227803e-06	-6.459492014501863e-09	-6.921772470313402	0.2561270209059017	-0.004231704834120787
-999.0	490.0	-3.866833408619552e-06	-5.28934529146459e-09	-7.3185895851680165	0.09389860253960178	-0.005419023032393093
-999.0	465.0	-6.058406601356268e-06	-3.6861493501140404e-09	-7.7226992675236215	-0.18609160976482542	-0.006828603322243398
-999.0	440.0	-6.8579405564463755e-06	-2.9093666233717856e-09	-8.110433567374463	-0.39798681769104327	-0.008374239179460249
-999.0	415.0	-5.783913734576979e-06	-2.762058079457283e-09	-8.41650253002132	-0.48318855346932943	-0.009860107014372175
-999.0	390.0	-3.195098301312196e-06	-2.3610748889766354e-09	-8.448024360433452	-0.5082939273071566	-0.01110324156873596
-999.0	365.0	-7.130851664444929e-08	-1.89244868987639e-09	-8.072617275374274	-0.5121039868524568	-0.012015978245682131
-999.0	340.0	1.5473725552204612e-06	-1.587691890864058e-09	-7.228751180663938	-0.5584176369602696	-0.012641896677647053
-999.0	315.0	1.3772003386312796e-06	-1.2749155007721807e-09	-5.9676928510741485	-0.6404064676118273	-0.013155102792734819
-999.0	290.0	4.709731154343392e-07	-6.316441515059893e-10	-4.632872171108672	-0.6469073586816368	-0.013695008395602074
-999.0	265.0	-3.5971868834583693e-07	1.6390067091778427e-11	-3.336610595148693	-0.5056213981338947	-0.014226643619061197
-999.0	240.0	4.924813756056849e-07	2.5150781485059477e-10	-1.9036058130126905	-0.2008461324231992	-0.0144497795030418
-999.0	215.0	3.4907207404617665e-06	2.1520786321108823e-10	-0.15108702201689012	0.18111969601540626	-0.013687571328976184
-999.0	190.0	6.621888950811846e-06	1.120814058546845e-10	1.9767901698748638	0.511054350270174	-0.011265637223889683
-999.0	165.0	7.208932860059384e-06	2.555932987599846e-11	4.129152233165442	0.8140928739504603	-0.007305268484458616
-999.0	140.0	1.0070838779457198e-05	4.5798189811495894e-12	5.088730184331793	1.1743432288132272	-0.002850397529518468
-999.0	115.0	1.0446608964825e-05	1.8001781701595687e-12	4.7368726503281415	1.2565941439261794	-0.00012111776127396884
-999.0	90.0	1.0740747526957142e-05	1.0306619394506545e-12	5.019184546811238	0.7018823487063369	2.7556923693143095e-07
-999.0	65.0	2.5767946679050533e-06	0.0	0.5804801457931111	0.08875007342753292	0.0
-999.0	40.0	1.2426181512375482e-07	0.0	-9.981295920080596	-0.12319964998299461	0.0
-999.0	15.0	3.7087046876360024e-07	0.0	-18.489593802936476	0.019833036140338725	0.0
244.23611111111111	40	1004.2238333565853	day	levels	pres0
-999.0	990.0	-1.5345700358235364e-05	9.33997918308888e-09	-3.039756246029415	-0.9264652062029708	-5.840974091800282e-05
-999.0	965.0	-2.9871912810266968e-05	1.0058354726544903e-08	-5.119945946193875	-1.5063641442887268	-0.00028128505493686017
-999.0	940.0	-2.7444803725099017e-05	1.8983288058879014e-09	-6.080453595471731	-1.8603291079283164	-0.00044768734371804643
-999.0	915.0	-2.8054417349968325e-05	1.2512480498447715e-09	-6.621674228282159	-2.1949791009463313	-0.00017276700277704408
-999.0	890.0	-3.0456754691877288e-05	8.496558811102024e-09	-7.073347275219226	-2.490824472099944	0.0006452593935336828
-999.0	865.0	-3.105828729071952e-05	1.615839717253459e-08	-7.577742353318193	-2.6794631677486747	0.0018953096628517299
-999.0	840.0	-2.8611407849305134e-05	1.587286514843463e-08	-8.112147993511586	-2.70950958463872	0.0032979341127476864
-999.0	815.0	-2.4682680763732863e-05	9.723177233690946e-09	-8.599165326073013	-2.5715210007295735	0.004532978975451881
-999.0	790.0	-2.030526421720879e-05	1.1713955273357801e-09	-8.96137752419422	-2.2548094770559772	0.005388282602707697
-999.0	765.0	-1.3941383684081723e-05	-1.1139353139794264e-08	-9.111280815941912	-1.7896337489345442	0.005733680886533379
-999.0	740.0	-8.56415324883702e-06	-1.9222186454138076e-08	-8.934623216825798	-1.3006096314490474	0.0054818885037062675
-999.0	715.0	-6.252720776896912e-06	-1.9398409444338304e-08	-8.47585586517576	-0.8685766381344266	0.004637607043960441
-999.0	690.0	-5.212109622678959e-06	-1.6392013021109172e-08	-7.885305283561598	-0.5196010657837284	0.0033173728729959705
-999.0	665.0	-4.905896153850107e-06	-1.1584944700710607e-08	-7.178380062655825	-0.27753939278541734	0.0017552716184623851
-999.0	640.0	-4.576369895224952e-06	-8.338047483052307e-09	-6.608640994344469	-0.09006281882998515	0.00021192229464155196
-999.0	615.0	-3.7666049474235037e-06	-7.1779373627503635e-09	-6.267573944396468	0.04296548451694173	-0.001073041036291164
-999.0	590.0	-2.704347465129345e-06	-6.946128921076295e-09	-6.14554593227214	0.1613861538824306	-0.002021219508227081
-999.0	565.0	-1.6219356705838885e-06	-7.969936279158896e-09	-6.27665709101019	0.2638378715851846	-0.0027941411934520742
-999.0	540.0	-1.3525681356637165e-06	-8.012886438148435e-09	-6.536869849950549	0.3167787926005043	-0.0035665574733991416
-999.0	515.0	-2.3304146882454897e-06	-6.711087583054776e-09	-6.905813770043473	0.28889326845837554	-0.0044702757779778845
-999.0	490.0	-4.204044259576645e-06	-5.450445982689461e-09	-7.302639109747758	0.13415840676137494	-0.005596243792843269
-999.0	465.0	-6.476367980436575e-06	-3.7372340316729996e-09	-7.703832034553816	-0.14201128775525224	-0.006964466753238795
-999.0	440.0	-7.339326965441518e-06	-2.9249316351985946e-09	-8.092374186194151	-0.35536544097384887	-0.008495310599234644
-999.0	415.0	-6.279968861660064e-06	-2.8069588628841396e-09	-8.404872067272679	-0.44779705836085937	-0.009982441826312792
-999.0	390.0	-3.632308527821631e-06	-2.4047401823186407e-09	-8.444553020927655	-0.48242026889728085	-0.011230508229073165
-999.0	365.0	-4.007279816632614e-07	-1.9180763306159154e-09	-8.075372900281652	-0.4959246682831056	-0.012144692648691058
-999.0	340.0	1.2482673484536352e-06	-1.605172676957603e-09	-7.228357765409704	-0.5488451386964507	-0.012768520580738954
-999.0	315.0	1.0157076640278504e-06	-1.2965988759515825e-09	-5.954393560924259	-0.634155531842551	-0.01328258871665341
-999.0	290.0	3.9292550368021914e-08	-6.523491518355174e-10	-4.607678986258016	-0.6450886776197607	-0.01382733251492835
-999.0	265.0	-8.728938703658135e-07	6.72220850883819e-12	-3.303116872433679	-0.5090703197887709	-0.01435388968219319
-999.0	240.0	-8.341516602096374e-08	2.4876405809161204e-10	-1.8570419659631754	-0.20362919409357766	-0.01453072918934942
-999.0	215.0	2.9632144150161272e-06	2.1262300359774206e-10	-0.08171389027255961	0.18571107976494233	-0.013649655194084107
-999.0	190.0	6.165475542682418e-06	1.0595877943425581e-10	2.068415091151182	0.5235239184564856	-0.011061564616650567
-999.0	165.0	6.544751056012444e-06	2.014595952099088e-11	4.220821303507546	0.8393506953004397	-0.007002613896560082
-999.0	140.0	9.452402992076059e-06	3.689367723964443e-12	5.144540155690762	1.2226319592149457	-0.002644485662100592
-999.0	115.0	9.951242089692606e-06	1.5581212112229463e-12	4.74268598783584	1.3123904600265353	-7.934749912760619e-05
-999.0	90.0	1.0204668110811982e-05	9.771130175637578e-13	5.0054416592632345	0.721273810691372	2.406499931992856e-07
-999.0	65.0	1.978077909317012e-06	0.0	0.5752233172220108	0.0616517180081824	0.0
-999.0	40.0	-2.3692855126847988e-07	0.0	-9.944913369322622	-0.1558484976726559	0.0
-999.0	15.0	5.060889500697442e-07	0.0	-18.437625446016906	-1.3877800281407799e-05	0.0
244.25	40	1004.0820922851564	day	levels	pres0
-999.0	990.0	-1.599374552449537e-05	8.83054003925137e-09	-3.0421478322574074	-0.9574624198888031	-7.809808319966444e-05
-999.0	965.0	-3.116665903242335e-05	9.040427953189625e-09	-5.15199499470847	-1.55061042628118	-0.0003301814432847039
-999.0	940.0	-2.8885447194740655e-05	8.601520491379599e-10	-6.130120977759361	-1.914339476930244	-0.00051677819668835
-999.0	915.0	-2.9772735008644686e-05	7.957375297943759e-10	-6.672838594232288	-2.258420629160745	-0.0002480891951158154
-999.0	890.0	-3.2480167694360264e-05	8.924229750557552e-09	-7.120671408517021	-2.5603490706001013	0.0005784607660099801
-999.0	865.0	-3.311788907185907e-05	1.7227954046416376e-08	-7.623422827039448	-2.7527140634400507	0.001844543558016837
-999.0	840.0	-3.0359939583355474e-05	1.705112103890214e-08	-8.158849988664901	-2.7855674794742042	0.003260146926384473
-999.0	815.0	-2.6218644675931764e-05	1.1005116763362099e-08	-8.64834431239537	-2.64878192969731	0.004491087609029469
-999.0	790.0	-2.1824912678095554e-05	2.6019971581205494e-09	-9.010208640779767	-2.326876344425338	0.005316198133596773
-999.0	765.0	-1.5234447487201248e-05	-1.0168610028885602e-08	-9.152540734836032	-1.84809904532241	0.005609066512882168
-999.0	740.0	-9.453387456088668e-06	-1.898272661492229e-08	-8.960951396397183	-1.3423693541969572	0.0052936887487232106
-999.0	715.0	-6.761927469929177e-06	-1.9688015057158374e-08	-8.48327284199851	-0.8949085591094835	0.004386191081607689
-999.0	690.0	-5.486601222646497e-06	-1.6826288862383028e-08	-7.874526313373023	-0.5330906346706408	0.003009950840785228
-999.0	665.0	-5.0865756606476185e-06	-1.185823455526834e-08	-7.151698725564141	-0.28159465747220175	0.0014026932218432527
-999.0	640.0	-4.754262904281773e-06	-8.50867942467125e-09	-6.572644616876331	-0.08656678668090277	-0.0001713532377912319
-999.0	615.0	-4.009543437628993e-06	-7.301769249366656e-09	-6.230997488967011	0.05199944334370751	-0.0014684306404876086
-999.0	590.0	-3.005918374078141e-06	-7.109089305491322e-09	-6.112639061042242	0.17488817019121983	-0.0024072249247198995
-999.0	565.0	-1.9644593195398415e-06	-8.261239046179173e-09	-6.250917856182372	0.2812488653830119	-0.003148225166989255
-999.0	540.0	-1.7045715007014453e-06	-8.341412638343636e-09	-6.517334972109115	0.3404738285711834	-0.003868715847402021
-999.0	515.0	-2.655295363169104e-06	-6.962683151609133e-09	-6.8898550697735415	0.32165951601096565	-0.004708793395007986
-999.0	490.0	-4.541255110534767e-06	-5.611546673915454e-09	-7.286688634327482	0.17441821098327637	-0.005773420172063364
-999.0	465.0	-6.894329359518396e-06	-3.78831871323258e-09	-7.684964801583973	-0.09793096574555554	-0.007100294171753981
-999.0	440.0	-7.820713374438506e-06	-2.9404966470258577e-09	-8.074314805013795	-0.31274406425654894	-0.00861634901650059
-999.0	415.0	-6.776023988745044e-06	-2.851859646311607e-09	-8.393241604524	-0.4124055632523129	-0.010104743551828672
-999.0	390.0	-4.069518754332667e-06	-2.448405475661275e-09	-8.441081681421828	-0.456546610487359	-0.0113577430699142
-999.0	365.0	-7.301474466831206e-07	-1.943703971356006e-09	-8.078128525188992	-0.47974534971373417	-0.01227338001329997
-999.0	340.0	9.491621416860393e-07	-1.6226534630515657e-09	-7.227964350155424	-0.5392726404326303	-0.012895123697256206
-999.0	315.0	6.542149894235153e-07	-1.3182822511312444e-09	-5.941094270774297	-0.6279045960732871	-0.013410059772561133
-999.0	290.0	-3.9238801469937666e-07	-6.730541521652154e-10	-4.58248580140727	-0.6432699965579171	-0.013959648126627993
-999.0	265.0	-1.3860690523870288e-06	-2.945650074194867e-12	-3.2696231497185577	-0.5125192414437022	-0.014481135099337652
-999.0	240.0	-6.593117076489658e-07	2.4602030133258e-10	-1.8104781189135148	-0.2064122557640078	-0.01461168302444179
-999.0	215.0	2.435708089569022e-06	2.1003814398436737e-10	-0.012340758528028229	0.19030246351446423	-0.01361173699680589
-999.0	190.0	5.709062134551388e-06	9.983615301381281e-11	2.160040012427739	0.5359934866428376	-0.010857502972330393
-999.0	165.0	5.880569251963782e-06	1.4732589165976697e-11	4.31249037384987	0.8646085166505407	-0.006700028163131897
-999.0	140.0	8.83396720469353e-06	2.7989164667786337e-12	5.200350127049855	1.2709206896168848	-0.0024386423231305752
-999.0	115.0	9.455875214558863e-06	1.3160642522859154e-12	4.748499325343541	1.3681867761271342	-3.7586175068103666e-05
-999.0	90.0	9.668588694665464e-06	9.235640956768117e-13	4.991698771715164	0.740665272676519	2.0572501507456235e-07
-999.0	65.0	1.3793611507271492e-06	0.0	0.5699664886508669	0.03455336258879726	0.0
-999.0	40.0	-5.981189176617635e-07	0.0	-9.908530818564552	-0.18849734536239088	0.0
-999.0	15.0	6.413074313766429e-07	0.0	-18.38565708909716	-0.01986079174093905	0.0
244.26388888888889	40	1004.1023564414375	day	levels	pres0
-999.0	990.0	-1.5882684009862597e-05	8.521774253291178e-09	-3.0589616421669565	-0.9607093522827624	-6.712611344254848e-05
-999.0	965.0	-3.0884859324605734e-05	8.631057128132725e-09	-5.172566885513017	-1.5583095053240266	-0.0003168000894023621
-999.0	940.0	-2.904983219728477e-05	8.311829647967287e-10	-6.176245077261917	-1.9357527013099343	-0.0005285274357609828
-999.0	915.0	-3.0153265548952786e-05	9.547792805434773e-10	-6.732269781922607	-2.290804906969985	-0.00030846853588057337
-999.0	890.0	-3.275374571482384e-05	8.536675732214233e-09	-7.174442679163065	-2.5941105229514103	0.0004592496908018411
-999.0	865.0	-3.326492786499474e-05	1.636734423868081e-08	-7.660912120153069	-2.779614091865614	0.0016688518685655288
-999.0	840.0	-3.045078227378606e-05	1.6193814198706885e-08	-8.1785669780913	-2.801079029128674	0.0030367229291757996
-999.0	815.0	-2.6222814147145436e-05	1.0260848445090452e-08	-8.654511849085491	-2.648268852915079	0.004233971421827885
-999.0	790.0	-2.174692115922192e-05	2.032211449733817e-09	-9.007137985456552	-2.3079008209326672	0.00503952531681221
-999.0	765.0	-1.5240301841269013e-05	-1.0295178908756365e-08	-9.142303109168997	-1.8130979069641229	0.005322259652621229
-999.0	740.0	-9.59097273480285e-06	-1.876973333100001e-08	-8.944040209527987	-1.2971537829568363	0.0050022680946796415
-999.0	715.0	-6.9929626248814e-06	-1.9406200580300975e-08	-8.460166656781738	-0.844107657434382	0.004095681379379395
-999.0	690.0	-5.7981555872459e-06	-1.6633779615681112e-08	-7.8481979067363214	-0.4787789721573402	0.002728634276712232
-999.0	665.0	-5.462357679520561e-06	-1.1891076664441967e-08	-7.126815570725313	-0.2262561964609595	0.0011429945618779682
-999.0	640.0	-5.1691026752903805e-06	-8.687673273154272e-09	-6.5558561767850465	-0.033351889087034674	-0.0003983898248672737
-999.0	615.0	-4.447515090152974e-06	-7.534054166685301e-09	-6.230009585145922	0.09913477287558546	-0.0016611753428625654
-999.0	590.0	-3.4794488279535226e-06	-7.294751081625763e-09	-6.126945611503404	0.21357005527098494	-0.002571150320988452
-999.0	565.0	-2.4820669805492373e-06	-8.277534469231102e-09	-6.277379789641004	0.30975405428383085	-0.003290492552045888
-999.0	540.0	-2.2357692009888393e-06	-8.221492576790322e-09	-6.549843729961516	0.3618753632855886	-0.003996705787077747
-999.0	515.0	-3.148672754862301e-06	-6.758848114252448e-09	-6.92070419636987	0.34022239891310135	-0.0048279945034148085
-999.0	490.0	-4.98859864303241e-06	-5.354561568467254e-09	-7.31125798868757	0.19054915034581976	-0.005884135392942662
-999.0	465.0	-7.306199380800043e-06	-3.5801808729313596e-09	-7.700217546451672	-0.08565805905631847	-0.007194877003035548
-999.0	440.0	-8.27241173002613e-06	-2.772014851078221e-09	-8.083613113869754	-0.3085466935521202	-0.008683116892673252
-999.0	415.0	-7.362917080096208e-06	-2.684009011479836e-09	-8.401481055196314	-0.4196196222116325	-0.010136420733587231
-999.0	390.0	-4.781372621377263e-06	-2.3081148768377593e-09	-8.44860646199612	-0.469335787116562	-0.01135739043000046
-999.0	365.0	-1.5016938099809957e-06	-1.8434704976574899e-09	-8.08348163536616	-0.48927137563154455	-0.012256841570841708
-999.0	340.0	2.241361417305032e-07	-1.549359808987576e-09	-7.229607521541525	-0.541245388133187	-0.01288177792008249
-999.0	315.0	6.184688086700377e-08	-1.2755472070794695e-09	-5.9391330130516415	-0.6215017847125412	-0.013408486732647931
-999.0	290.0	-8.856203404799694e-07	-6.599663243002864e-10	-4.5822020277144375	-0.6328486385089883	-0.013965629067817646
-999.0	265.0	-1.8548217218753718e-06	-1.1759290220237446e-11	-3.276632368091567	-0.5044700862869252	-0.014481826396009164
-999.0	240.0	-1.1633870912444465e-06	2.3354738649682873e-10	-1.8252140863074529	-0.20435928328641484	-0.014588054671837483
-999.0	215.0	1.8799389245199598e-06	2.026552978690231e-10	-0.03891860681872151	0.18735933268355345	-0.01355183735195401
-999.0	190.0	5.086836992512493e-06	9.399094509447959e-11	2.106385376481706	0.532475631891041	-0.010785307741566965
-999.0	165.0	5.2663209545048675e-06	1.378506807015951e-11	4.218556129506548	0.8609169995974124	-0.006673658488877444
-999.0	140.0	8.208989120552515e-06	2.4293454282208237e-12	5.076628363853749	1.2524748936531902	-0.0024750025420302753
-999.0	115.0	8.77046219493636e-06	1.2130266109702442e-12	4.636965012266408	1.328411437216207	-9.055963846449262e-05
-999.0	90.0	8.866769741896004e-06	8.468064860648043e-13	4.938090946466159	0.7061593439133925	2.1371846235131834e-07
-999.0	65.0	7.806759721031619e-07	0.0	0.5567195579882651	0.029223791308821752	0.0
-999.0	40.0	-9.593251879894879e-07	0.0	-9.907338464543923	-0.17148683119620764	0.0
-999.0	15.0	7.763951507645154e-07	0.0	-18.397344303509552	0.00159305795321132	0.0
244.27777777777777	40	1004.1226205977185	day	levels	pres0
-999.0	990.0	-1.5771622495229756e-05	8.213008467331554e-09	-3.075775452076436	-0.9639562846767534	-5.615588712475851e-05
-999.0	965.0	-3.060305961678752e-05	8.22168630307621e-09	-5.193138776317464	-1.5660085843669038	-0.00030342439338888814
-999.0	940.0	-2.9214217199827258e-05	8.022138804552754e-10	-6.2223691767643174	-1.9571659256896268	-0.0005402722358086873
-999.0	915.0	-3.0533796089259354e-05	1.1138210312924968e-09	-6.791700969612761	-2.3231891847792014	-0.00036882787593906565
-999.0	890.0	-3.302732373528645e-05	8.149121713872456e-09	-7.228213949808975	-2.627871975302684	0.00034007602988634164
-999.0	865.0	-3.3411966658129955e-05	1.5506734430948082e-08	-7.6984014132666045	-2.8065141202911392	0.0014932149179407923
-999.0	840.0	-3.054162496421648e-05	1.5336507358514797e-08	-8.198283967517664	-2.8165905787831194	0.002813365087103466
-999.0	815.0	-2.622698361835914e-05	9.51658012682191e-09	-8.660679385775609	-2.647755776132857	0.003976923261091748
-999.0	790.0	-2.1668929640348297e-05	1.4624257413492477e-09	-9.004067330133351	-2.288925297440053	0.004762916330329016
-999.0	765.0	-1.5246156195336322e-05	-1.0421747788626676e-08	-9.132065483501984	-1.7780967686059377	0.005035507068179284
-999.0	740.0	-9.728558013516197e-06	-1.855674004707843e-08	-8.927129022658828	-1.2519382117168496	0.0047108915133377335
-999.0	715.0	-7.2239977798326794e-06	-1.9124386103444488e-08	-8.437060471565017	-0.7933067557594354	0.003805205787890009
-999.0	690.0	-6.10970995184414e-06	-1.6441270368979905e-08	-7.821869500099679	-0.42446730964420293	0.002447342830102676
-999.0	665.0	-5.8381396983920855e-06	-1.1923918773615627e-08	-7.101932415886543	-0.17091773544987504	0.0008833137425006318
-999.0	640.0	-5.583942446297388e-06	-8.866667121636822e-09	-6.5390677366938	0.019863008506691888	-0.0006254143139503446
-999.0	615.0	-4.885486742675209e-06	-7.76633908400324e-09	-6.229021681324832	0.14627010240734958	-0.0018539114158417668
-999.0	590.0	-3.95297928182699e-06	-7.480412857759684e-09	-6.141252161964533	0.25225194035066817	-0.0027350665747986817
-999.0	565.0	-2.9996746415565693e-06	-8.293829892283196e-09	-6.303841723099577	0.3382592431846014	-0.0034327471732345624
-999.0	540.0	-2.7669669012742045e-06	-8.1015725152377e-09	-6.5823524878138455	0.3832768979999688	-0.0041246808314986325
-999.0	515.0	-3.6420501465537482e-06	-6.555013076896741e-09	-6.951553322966125	0.35878528181522107	-0.004947180444023611
-999.0	490.0	-5.435942175528549e-06	-5.0975764630202565e-09	-7.335827343047601	0.2066800897083547	-0.005994836097203976
-999.0	465.0	-7.71806940208032e-06	-3.3720430326312263e-09	-7.715470291319342	-0.07338515236707903	-0.007289447681717861
-999.0	440.0	-8.72411008561224e-06	-2.6035330551315483e-09	-8.092911422725704	-0.3043493228476664	-0.008749876831988924
-999.0	415.0	-7.949810171445388e-06	-2.5161583766490214e-09	-8.409720505868629	-0.42683368117089704	-0.01016809464548848
-999.0	390.0	-5.493226488419489e-06	-2.167824278015019e-09	-8.456131242570422	-0.48212496374570385	-0.011357037781598071
-999.0	365.0	-2.273240173276265e-06	-1.7432370239594994e-09	-8.088834745543343	-0.4987974015493186	-0.012240304205452081
-999.0	340.0	-5.008898582224162e-07	-1.47606615492396e-09	-7.23125069292765	-0.5432181358337387	-0.012868432864114
-999.0	315.0	-5.305212276871721e-07	-1.2328121630279404e-09	-5.937171755329013	-0.6150989733518145	-0.013406913759533729
-999.0	290.0	-1.3788526662585313e-06	-6.46878496435492e-10	-4.5819182540216135	-0.6224272804600904	-0.013971609548881752
-999.0	265.0	-2.323574391361827e-06	-2.0572930366327863e-11	-3.283641586464545	-0.4964209311301793	-0.014482517548846555
-999.0	240.0	-1.6674624748379364e-06	2.2107447166105942e-10	-1.8399500537013163	-0.20230631080885064	-0.014564428997051184
-999.0	215.0	1.3241697594729826e-06	1.95272451753663e-10	-0.06549645510929387	0.18441620185261504	-0.013491943877717502
-999.0	190.0	4.4646118504755234e-06	8.814573717515065e-11	2.0527307405358526	0.5289577771392105	-0.010713118805154338
-999.0	165.0	4.652072657047781e-06	1.2837546974346935e-11	4.124621885163483	0.8572254825442527	-0.006647291024548909
-999.0	140.0	7.584011036413466e-06	2.0597743896638386e-12	4.952906600657958	1.2340290976895276	-0.0025113609899384045
-999.0	115.0	8.085049175315981e-06	1.1099889696550194e-12	4.525430699189546	1.2886360983054	-0.00014353810701251953
-999.0	90.0	8.064950789128999e-06	7.700488764531171e-13	4.8844831212172615	0.6716534151503629	2.2171397390050662e-07
-999.0	65.0	1.819907934809918e-07	0.0	0.5434726273256676	0.023894220028842783	0.0
-999.0	40.0	-1.3205314583161661e-06	0.0	-9.906146110523318	-0.15447631703010675	0.0
-999.0	15.0	9.114828701516303e-07	0.0	-18.409031517921928	0.023046907647278632	0.0
244.29166666666666	40	1004.1428847539997	day	levels	pres0
-999.0	990.0	-1.566056098059697e-05	7.904242681371288e-09	-3.0925892619859887	-0.9672032170707198	-4.518740441188575e-05
-999.0	965.0	-3.032125990896973e-05	7.812315478019128e-09	-5.213710667122013	-1.5737076634097575	-0.00029005435525042975
-999.0	940.0	-2.937860220237126e-05	7.732447961138759e-10	-6.268493276266873	-1.978579150069326	-0.0005520125969461322
-999.0	915.0	-3.091432662956745e-05	1.2728627820414312e-09	-6.851132157303088	-2.3555734625884517	-0.000429167215789939
-999.0	890.0	-3.330090175574998e-05	7.76156769552889e-09	-7.281985220455028	-2.6616334276540035	0.00022093978260781432
-999.0	865.0	-3.355900545126551e-05	1.4646124623212247e-08	-7.73589070638023	-2.83341414871671	0.0013176327057636474
-999.0	840.0	-3.0632467654646935e-05	1.4479200518319304e-08	-8.218000956944065	-2.832102128437595	0.0025900734003646746
-999.0	815.0	-2.6231153089572693e-05	8.772311808550082e-09	-8.666846922465732	-2.647242699350629	0.0037199431275007867
-999.0	790.0	-2.1590938121474558e-05	8.926400329623729e-10	-9.000996674810132	-2.2699497739473835	0.004486371174736681
-999.0	765.0	-1.5252010549404006e-05	-1.0548316668497539e-08	-9.121827857834948	-1.7430956302476501	0.004748808759211724
-999.0	740.0	-9.866143292230324e-06	-1.8343746763156195e-08	-8.910217835789629	-1.2067226404767268	0.004419559003897355
-999.0	715.0	-7.455032934784878e-06	-1.884257162658706e-08	-8.413954286348243	-0.7425058540843317	0.0035147643066117153
-999.0	690.0	-6.421264316443535e-06	-1.6248761122277943e-08	-7.795541093462979	-0.3701556471308995	0.002166076500884741
-999.0	665.0	-6.2139217172650246e-06	-1.1956760882789223e-08	-7.0770492610477165	-0.11557927443862959	0.0006236507637555772
-999.0	640.0	-5.998782217305998e-06	-9.045660970119819e-09	-6.522279296602518	0.07307790610056346	-0.0008524267049435285
-999.0	615.0	-5.323458395199196e-06	-7.998624001321871e-09	-6.228033777503744	0.19340543193923126	-0.0020466388593223927
-999.0	590.0	-4.426509735702377e-06	-7.666074633894116e-09	-6.155558712425698	0.2909338254304367	-0.002898973686147452
-999.0	565.0	-3.5172823025659672e-06	-8.310125315335114e-09	-6.330303656558211	0.36676443208542314	-0.003574989030714139
-999.0	540.0	-3.2981646015615996e-06	-7.98165245368438e-09	-6.6148612456662494	0.40467843271437587	-0.004252640980896717
-999.0	515.0	-4.135427538246945e-06	-6.3511780395400544e-09	-6.982402449562458	0.3773481647173571	-0.005066351217044548
-999.0	490.0	-5.883285708026197e-06	-4.8405913575720566e-09	-7.360396697407694	0.22281102907089684	-0.006105522285009598
-999.0	465.0	-8.129939423361968e-06	-3.163905192330009e-09	-7.730723036187045	-0.06111224567784514	-0.007384006207909373
-999.0	440.0	-9.175808441199868e-06	-2.4350512591839156e-09	-8.102209731581667	-0.30015195214324214	-0.008816628834505501
-999.0	415.0	-8.536703262796558e-06	-2.348307741817257e-09	-8.417959956540944	-0.43404774013022257	-0.010199765287554435
-999.0	390.0	-6.205080355464097e-06	-2.0275336791915064e-09	-8.463656023144715	-0.49491414037491294	-0.011356685124707592
-999.0	365.0	-3.0447865365741536e-06	-1.6430035502609814e-09	-8.094187855720508	-0.5083234274671334	-0.012223767917127162
-999.0	340.0	-1.225915858177962e-06	-1.4027725008599662e-09	-7.232893864313746	-0.5451908835342979	-0.01285508852934897
-999.0	315.0	-1.122889336243684e-06	-1.1900771189761645e-09	-5.935210497606352	-0.6086961619910682	-0.013405340853219086
-999.0	290.0	-1.8720849920391154e-06	-6.337906685705628e-10	-4.581634480328779	-0.6120059224111597	-0.013977589569822327
-999.0	265.0	-2.792327060850156e-06	-2.938657051236963e-11	-3.2906508048375485	-0.4883717759734005	-0.01448320855785101
-999.0	240.0	-2.1715378584334e-06	2.0860155682531033e-10	-1.8546860210952492	-0.20025333833125708	-0.014540806000081697
-999.0	215.0	7.684005944239285e-07	1.878896056383178e-10	-0.09207430339998694	0.18147307102170543	-0.013432056574094325
-999.0	190.0	3.842386708436629e-06	8.230052925581466e-11	1.9990761045898109	0.5254399223874165	-0.010640936163091346
-999.0	165.0	4.037824359588879e-06	1.1890025878529753e-11	4.030687640820148	0.8535339654911289	-0.00662092577014633
-999.0	140.0	6.959032952272448e-06	1.6902033511060468e-12	4.829184837461841	1.215583301725837	-0.0025477176668552513
-999.0	115.0	7.39963615569346e-06	1.0069513283393572e-12	4.413896386112405	1.2488607593944756	-0.0001965215807123689
-999.0	90.0	7.263131836359522e-06	6.932912668411138e-13	4.830875295968255	0.6371474863872386	2.2971154972206662e-07
-999.0	65.0	-4.166943851430067e-07	0.0	0.5302256966630639	0.018564648748870118	0.0
-999.0	40.0	-1.6817377286438822e-06	0.0	-9.904953756502689	-0.13746580286392113	0.0
-999.0	15.0	1.046570589539524e-06	0.0	-18.42071873233433	0.04450075734143176	0.0
244.30555555555554	40	1004.1631489102803	day	levels	pres0
-999.0	990.0	-1.554949946596413e-05	7.595476895411663e-09	-3.1094030718954673	-0.9704501494647102	-3.422066546966475e-05
-999.0	965.0	-3.0039460201151514e-05	7.402944652962613e-09	-5.234282557926459	-1.5814067424526348	-0.0002766899749933718
-999.0	940.0	-2.9542987204913753e-05	7.442757117724253e-10	-6.314617375769274	-1.9999923744490182	-0.0005637485192879485
-999.0	915.0	-3.1294857169874e-05	1.4319045327904521e-09	-6.910563344993242	-2.387957740397669	-0.0004894865559312688
-999.0	890.0	-3.357447977621259e-05	7.374013677187111e-09	-7.335756491100936	-2.6953948800052765	0.00010184094831189194
-999.0	865.0	-3.3706044244400724e-05	1.3785514815479528e-08	-7.773379999493767	-2.860314177142236	0.0011421052316572128
-999.0	840.0	-3.072331034507735e-05	1.3621893678127214e-08	-8.237717946370429	-2.8476136780920416	0.0023668478691594884
-999.0	815.0	-2.6235322560786406e-05	8.02804349028154e-09	-8.673014459155851	-2.646729622568407	0.0034630310217382155
-999.0	790.0	-2.1512946602600937e-05	3.228543245778018e-10	-8.99792601948693	-2.2509742504547696	0.004209889850628599
-999.0	765.0	-1.525786490347131e-05	-1.0674885548367847e-08	-9.111590232167936	-1.7080944918894647	0.004462164725378132
-999.0	740.0	-1.0003728570943671e-05	-1.8130753479234618e-08	-8.89330664892047	-1.1615070692367404	0.004128270565562657
-999.0	715.0	-7.686068089736153e-06	-1.8560757149730572e-08	-8.390848101131523	-0.6917049524093849	0.003224356935021012
-999.0	690.0	-6.732818681041777e-06	-1.605625187557673e-08	-7.769212686826339	-0.31584398461776236	0.0018848352889908597
-999.0	665.0	-6.58970373613655e-06	-1.1989602991962884e-08	-7.052166106208948	-0.0602408134275451	0.00036400562569115344
-999.0	640.0	-6.413621988313003e-06	-9.22465481860237e-09	-6.50549085651127	0.12629280369428997	-0.0010794269977463008
-999.0	615.0	-5.76143004772143e-06	-8.23090891863981e-09	-6.227045873682654	0.2405407614709954	-0.002239357673198499
-999.0	590.0	-4.900040189575844e-06	-7.851736410028036e-09	-6.169865262886825	0.3296157105101199	-0.003062871655028982
-999.0	565.0	-4.0348899635733e-06	-8.326420738387209e-09	-6.356765590016784	0.3952696209861937	-0.0037172181246412435
-999.0	540.0	-3.829362301846964e-06	-7.86173239213176e-09	-6.647370003518579	0.4260799674287559	-0.004380586235502103
-999.0	515.0	-4.628804929938388e-06	-6.147343002184348e-09	-7.013251576158712	0.39591104761947704	-0.005185506822685996
-999.0	490.0	-6.3306292405223315e-06	-4.583606252125057e-09	-7.384966051767726	0.23894196843343174	-0.006216193956520121
-999.0	465.0	-8.54180944464224e-06	-2.955767352029877e-09	-7.745975781054715	-0.0488393389886055	-0.007478552581716922
-999.0	440.0	-9.627506796785977e-06	-2.2665694632372437e-09	-8.111508040437618	-0.2959545814387882	-0.008883372900279464
-999.0	415.0	-9.12359635414574e-06	-2.1804571069864424e-09	-8.42619940721326	-0.44126179908948704	-0.010231432659805927
-999.0	390.0	-6.916934222506323e-06	-1.8872430803687665e-09	-8.471180803719013	-0.5077033170040548	-0.011356332459328593
-999.0	365.0	-3.816332899869423e-06	-1.5427700765629913e-09	-8.09954096589769	-0.517849453384908	-0.012207232705862003
-999.0	340.0	-1.9509418581308817e-06	-1.3294788467963507e-09	-7.23453703569987	-0.5471636312348496	-0.012841744915784398
-999.0	315.0	-1.7152574447978594e-06	-1.1473420749246347e-09	-5.933249239883722	-0.6022933506303415	-0.013403768013703037
-999.0	290.0	-2.365317317817678e-06	-6.207028407057684e-10	-4.581350706635953	-0.601584564362262	-0.013983569130639686
-999.0	265.0	-3.2610797303366134e-06	-3.820021065845995e-11	-3.2976600232105264	-0.48032262081665505	-0.014483899423021812
-999.0	240.0	-2.6756132420268906e-06	1.961286419895411e-10	-1.8694219884891123	-0.19820036585369283	-0.01451718568092586
-999.0	215.0	2.1263142937695096e-07	1.8050675952295778e-10	-0.1186521516905591	0.17852994019076668	-0.013372175441080606
-999.0	190.0	3.2201615663996575e-06	7.645532133648575e-11	1.945421468643958	0.5219220676355861	-0.010568759815375554
-999.0	165.0	3.4235760621317923e-06	1.0942504782717179e-11	3.9367533964770844	0.8498424484379694	-0.00659456272566909
-999.0	140.0	6.3340548681333995e-06	1.3206323125490617e-12	4.705463074266049	1.1971375057621745	-0.002584072572780697
-999.0	115.0	6.714223136073083e-06	9.039136870241325e-13	4.302362073035543	1.2090854204836685	-0.0002495100595637831
-999.0	90.0	6.461312883592516e-06	6.165336572294264e-13	4.777267470719358	0.602641557624209	2.3771118981604975e-07
-999.0	65.0	-1.0153795637651769e-06	0.0	0.5169787660004663	0.013235077468891073	0.0
-999.0	40.0	-2.042943998970561e-06	0.0	-9.903761402482083	-0.12045528869782016	0.0
-999.0	15.0	1.1816583089266386e-06	0.0	-18.432405946746705	0.06595460703549909	0.0
244.31944444444446	40	1004.1834130665613	day	levels	pres0
-999.0	990.0	-1.5438437951331125e-05	7.286711109451213e-09	-3.126216881805009	-0.9736970818586682	-2.3255670463649175e-05
-999.0	965.0	-2.975766049333347e-05	6.993573827905307e-09	-5.254854448731007	-1.5891058214954863	-0.0002633312526238889
-999.0	940.0	-2.9707372207457664e-05	7.153066274311234e-10	-6.360741475271843	-2.021405598828721	-0.0005754800029488781
-999.0	915.0	-3.16753877101821e-05	1.5909462835398156e-09	-6.969994532683589	-2.4203420182069264	-0.000549785896861861
-999.0	890.0	-3.3848057796676284e-05	6.98645965884393e-09	-7.38952776174701	-2.729156332356605	-1.722047365727447e-05
-999.0	865.0	-3.385308303753662e-05	1.2924905007743882e-08	-7.810869292607413	-2.8872142055678127	0.0009666324952423569
-999.0	840.0	-3.081415303550824e-05	1.2764586837932082e-08	-8.257434935796846	-2.863125227746517	0.002143688493684968
-999.0	815.0	-2.623949203200033e-05	7.283775172010182e-09	-8.679181995845983	-2.646216545786173	0.003206186944483622
-999.0	790.0	-2.1434955083727334e-05	-2.469313838087925e-10	-8.994855364163715	-2.2319987269620873	0.0039334723585941435
-999.0	765.0	-1.5263719257538988e-05	-1.0801454428238482e-08	-9.10135260650089	-1.6730933535311605	0.004175574966333828
-999.0	740.0	-1.0141313849657777e-05	-1.791776019531219e-08	-8.876395462051255	-1.1162914979966012	0.0038370261975333797
-999.0	715.0	-7.917103244688393e-06	-1.8278942672873086e-08	-8.367741915914726	-0.6409040507342666	0.002933983672589965
-999.0	690.0	-7.044373045641258e-06	-1.5863742628874807e-08	-7.742884280189611	-0.2615323221044445	0.0016036191943491884
-999.0	665.0	-6.965485755009593e-06	-1.2022445101136564e-08	-7.027282951370096	-0.004902352416282244	0.00010437832835170746
-999.0	640.0	-6.828461759321692e-06	-9.403648667085471e-09	-6.488702416419966	0.17950770128818155	-0.0013064151922617126
-999.0	615.0	-6.199401700245435e-06	-8.463193835958557e-09	-6.22605796986156	0.2876760910028981	-0.002432067857367228
-999.0	590.0	-5.373570643451217e-06	-8.037398186162604e-09	-6.184171813347995	0.368297595589908	-0.0032267604814401195
-999.0	565.0	-4.552497624582705e-06	-8.34271616143928e-09	-6.383227523475435	0.4237748098870302	-0.003859434455174755
-999.0	540.0	-4.360560002134406e-06	-7.741812330578581e-09	-6.679878761371005	0.4474815021431753	-0.004508516595546874
-999.0	515.0	-5.122182321631676e-06	-5.943507964827765e-09	-7.044100702755061	0.4144739305216266	-0.005304647261158155
-999.0	490.0	-6.777972773020089e-06	-4.326621146676953e-09	-7.409535406127828	0.2550729077959907	-0.0063268511118978864
-999.0	465.0	-8.953679465924006e-06	-2.7476295117287773e-09	-7.761228525922424	-0.036566432299350894	-0.007573086803249003
-999.0	440.0	-1.0079205152373726e-05	-2.0980876672897335e-09	-8.120806349293588	-0.29175721073434197	-0.008950109029368733
-999.0	415.0	-9.710489445497056e-06	-2.0126064721547943e-09	-8.434438857885587	-0.44847585804879264	-0.010263096762264988
-999.0	390.0	-7.6287880895510974e-06	-1.7469524815453536e-09	-8.478705584293326	-0.5204924936332492	-0.01135597978546163
-999.0	365.0	-4.587879263167474e-06	-1.4425366028645465e-09	-8.104894076074881	-0.5273754793027154	-0.012190698571652663
-999.0	340.0	-2.675967858086528e-06	-1.256185192732403e-09	-7.2361802070859955	-0.549136378935406	-0.01282840202341851
-999.0	315.0	-2.3076255533544075e-06	-1.1046070308728747e-09	-5.931287982161088	-0.5958905392695936	-0.013402195240986155
-999.0	290.0	-2.858549643598299e-06	-6.076150128408505e-10	-4.581066932943139	-0.5911632063133293	-0.013989548231335856
-999.0	265.0	-3.7298323998250357e-06	-4.701385080452565e-11	-3.3046692415835524	-0.47227346565987555	-0.014484590144360154
-999.0	240.0	-3.1796886256225137e-06	1.8365572715376252e-10	-1.8841579558830654	-0.19614739337610365	-0.014493568039582409
-999.0	215.0	-3.431377356723074e-07	1.7312391340759738e-10	-0.1452299999812593	0.17558680935984833	-0.013312300478674214
-999.0	190.0	2.597936424360479e-06	7.061011341715037e-11	1.8917668326979173	0.5184042128837804	-0.010496589762005688
-999.0	165.0	2.809327764672596e-06	9.994983686899849e-12	3.8428191521337407	0.84615093138483	-0.006568201891117168
-999.0	140.0	5.70907678399213e-06	9.510612739908903e-13	4.581741311069909	1.1786917097984662	-0.0026204257077150493
-999.0	115.0	6.028810116450333e-06	8.008760457084191e-13	4.190827759958374	1.169310081572726	-0.00030250354356697466
-999.0	90.0	5.659493930822778e-06	5.397760476173913e-13	4.7236596454703275	0.5681356288610647	2.4571289418242137e-07
-999.0	65.0	-1.6140647423893964e-06	0.0	0.5037318353378522	0.007905506188901625	0.0
-999.0	40.0	-2.404150269298449e-06	0.0	-9.902569048461455	-0.10344477453163856	0.0
-999.0	15.0	1.3167460283144245e-06	0.0	-18.444093161159095	0.08740845672965852	0.0
244.33333333333334	40	1004.2036772228424	day	levels	pres0
-999.0	990.0	-1.532737643669828e-05	6.977945323491574e-09	-3.1430306917144875	-0.976944014252657	-1.229241955951307e-05
-999.0	965.0	-2.9475860785515283e-05	6.584203002848761e-09	-5.275426339535455	-1.5968049005383609	-0.0002499781881482896
-999.0	940.0	-2.9871757210000166e-05	6.863375430896193e-10	-6.406865574774242	-2.0428188232084104	-0.0005872070480434132
-999.0	915.0	-3.205591825048865e-05	1.7499880342887534e-09	-7.029425720373741	-2.45272629601614	-0.0006100652390796207
-999.0	890.0	-3.412163581713887e-05	6.598905640502078e-09	-7.44329903239292	-2.7629177847078745	-0.0001362444839537988
-999.0	865.0	-3.4000121830671805e-05	1.20642952000111e-08	-7.848358585720949	-2.914114233993337	0.0007912144961425473
-999.0	840.0	-3.0904995725938647e-05	1.1907279997739956e-08	-8.27715192522321	-2.8786367774009625	0.0019205952741415508
-999.0	815.0	-2.6243661503214035e-05	6.53950685374162e-09	-8.685349532536101	-2.645703469003951	0.002949410896420543
-999.0	790.0	-2.1356963564853717e-05	-8.16717092193376e-10	-8.991784708840513	-2.2130232034694735	0.0036571186992270057
-999.0	765.0	-1.5269573611606282e-05	-1.0928023308108803e-08	-9.09111498083388	-1.6380922151729758	0.0038890394817386663
-999.0	740.0	-1.0278899128371109e-05	-1.7704766911390613e-08	-8.859484275182096	-1.0710759267566152	0.003545825899013829
-999.0	715.0	-8.148138399639665e-06	-1.7997128196016596e-08	-8.344635730698007	-0.5901031490593209	0.002643644518795196
-999.0	690.0	-7.3559274102395005e-06	-1.567123338217358e-08	-7.716555873552969	-0.20722065959130875	0.0013224282168923477
-999.0	665.0	-7.341267773881126e-06	-1.2055287210310204e-08	-7.002399796531325	0.05043610859480063	-0.00015523112821423478
-999.0	640.0	-7.243301530328706e-06	-9.582642515567998e-09	-6.471913976328721	0.23272259888190636	-0.00153339128838909
-999.0	615.0	-6.637373352767672e-06	-8.695478753276483e-09	-6.225070066040469	0.33481142053466056	-0.0026247694117225114
-999.0	590.0	-5.8471010973246825e-06	-8.223059962296522e-09	-6.198478363809124	0.40697948066958933	-0.003390640165374986
-999.0	565.0	-5.070105285590034e-06	-8.359011584491375e-09	-6.409689456934008	0.45227999878779823	-0.004001638022471222
-999.0	540.0	-4.891757702419767e-06	-7.621892269025963e-09	-6.712387519223335	0.4688830368575523	-0.004636432061261045
-999.0	515.0	-5.615559713323112e-06	-5.739672927472065e-09	-7.074949829351317	0.433036813423743	-0.005423772532669312
-999.0	490.0	-7.225316305516217e-06	-4.069636041229959e-09	-7.434104760487859	0.27120384715852225	-0.006437493751303399
-999.0	465.0	-9.365549487204272e-06	-2.539491671428646e-09	-7.776481270790093	-0.02429352561011467	-0.00766760887261239
-999.0	440.0	-1.0530903507959827e-05	-1.9296058713430612e-09	-8.130104658149538	-0.28755984002989093	-0.009016837221829782
-999.0	415.0	-1.0297382536846227e-05	-1.84475583732398e-09	-8.4426783085579	-0.4556899170080594	-0.010294757594952499
-999.0	390.0	-8.34064195659331e-06	-1.6066618827226152e-09	-8.486230364867628	-0.5332816702623929	-0.011355627103106359
-999.0	365.0	-5.359425626462726e-06	-1.3423031291665581e-09	-8.110247186252064	-0.5369015052204911	-0.012174165514494285
-999.0	340.0	-3.400993858039438e-06	-1.1828915386687869e-09	-7.237823378472118	-0.5511091266359585	-0.012815059852248387
-999.0	315.0	-2.899993661908582e-06	-1.0618719868213399e-09	-5.929326724438456	-0.5894877279088669	-0.013400622535067517
-999.0	290.0	-3.351781969376865e-06	-5.945271849760495e-10	-4.580783159250316	-0.580741848264431	-0.013995526871911136
-999.0	265.0	-4.1985850693115e-06	-5.582749095061142e-11	-3.3116784599565317	-0.46422431050312885	-0.014485280721865331
-999.0	240.0	-3.683764009216019e-06	1.711828123179957e-10	-1.8988939232769306	-0.19409442089853762	-0.014469953076048286
-999.0	215.0	-8.989069007193049e-07	1.6574106729223838e-10	-0.17180784827183387	0.17264367852891296	-0.013252431686871465
-999.0	190.0	1.975711282323515e-06	6.476490549782195e-11	1.8381121967520628	0.5148863581319546	-0.01042442600297952
-999.0	165.0	2.1950794672155277e-06	9.047462591087159e-12	3.7488849077906803	0.842459414331675	-0.0065418432664901055
-999.0	140.0	5.084098699853091e-06	5.814902354339087e-13	4.458019547874124	1.1602459138348074	-0.002656777071658232
-999.0	115.0	5.3433970968299695e-06	6.97838404393186e-13	4.079293446881522	1.1295347426619218	-0.00035550203272168045
-999.0	90.0	4.8576749780557955e-06	4.630184380056989e-13	4.670051820221437	0.533629700098037	2.5371666282119186e-07
-999.0	65.0	-2.2127499210115524e-06	0.0	0.4904849046752566	0.0025759349089234944	0.0
-999.0	40.0	-2.7653565396251122e-06	0.0	-9.901376694440849	-0.08643426036553545	0.0
-999.0	15.0	1.4518337477015522e-06	0.0	-18.455780375571468	0.10886230642372847	0.0
244.34722222222223	40	1004.2239413791234	day	levels	pres0
-999.0	990.0	-1.5216314922065496e-05	6.669179537531322e-09	-3.1598445016240397	-0.9801909466466253	-1.3309129227664097e-06
-999.0	965.0	-2.919406107769747e-05	6.174832177791708e-09	-5.2959982303399995	-1.6045039795812173	-0.00023663078157274572
-999.0	940.0	-3.003614221254415e-05	6.573684587482719e-10	-6.4529896742767985	-2.064232047588113	-0.0005989296546863074
-999.0	915.0	-3.2436448790796754e-05	1.90902978503777e-09	-7.088856908064067	-2.485110573825394	-0.0006703245830834176
-999.0	890.0	-3.4395213837602416e-05	6.211351622158585e-09	-7.497070303038972	-2.7966792370591977	-0.00025523108323358915
-999.0	865.0	-3.414716062380739e-05	1.1203685392275322e-08	-7.885847878834577	-2.9410142624189093	0.0006158512339786273
-999.0	840.0	-3.0995838416369124e-05	1.1049973157544501e-08	-8.296868914649611	-2.8941483270554382	0.0016975682107262693
-999.0	815.0	-2.6247830974427595e-05	5.795238535469811e-09	-8.691517069226222	-2.6451903922217235	0.002692702878228501
-999.0	790.0	-2.1278972045979975e-05	-1.3865028005802357e-09	-8.988714053517294	-2.1940476799768036	0.0033808288731164817
-999.0	765.0	-1.5275427965673972e-05	-1.1054592187979659e-08	-9.08087735516684	-1.6030910768146875	0.0036025582712478875
-999.0	740.0	-1.0416484407085246e-05	-1.7491773627468378e-08	-8.8425730883129	-1.0258603555164918	0.0032546696692035593
-999.0	715.0	-8.379173554591867e-06	-1.7715313719159166e-08	-8.321529545481232	-0.5393022473842161	0.002353339473108578
-999.0	690.0	-7.667481774838895e-06	-1.5478724135471634e-08	-7.690227466916271	-0.15290899707800387	0.0010412623565483716
-999.0	665.0	-7.717049792754058e-06	-1.2088129319483823e-08	-6.977516641692499	0.1057745696060477	-0.00041482274396242055
-999.0	640.0	-7.658141301337308e-06	-9.76163636405102e-09	-6.455125536237437	0.2859374964757796	-0.0017603552860315649
-999.0	615.0	-7.075345005291655e-06	-8.927763670595129e-09	-6.224082162219381	0.3819467500665439	-0.002817462336161558
-999.0	590.0	-6.320631551200071e-06	-8.408721738430957e-09	-6.212784914270287	0.44566136574935983	-0.0035545107068304994
-999.0	565.0	-5.587712946599434e-06	-8.375307007543294e-09	-6.436151390392642	0.4807851876886224	-0.004143828826689596
-999.0	540.0	-5.422955402707166e-06	-7.501972207472638e-09	-6.744896277075738	0.4902845715719624	-0.004764332632876769
-999.0	515.0	-6.108937105016319e-06	-5.535837890115371e-09	-7.105798955947649	0.4515996963258826	-0.005542882637429706
-999.0	490.0	-7.672659838013874e-06	-3.812650935781756e-09	-7.458674114847953	0.28733478652106775	-0.006548121874899015
-999.0	465.0	-9.777419508485929e-06	-2.331353831127426e-09	-7.791734015657796	-0.01202061892087736	-0.007762118789915567
-999.0	440.0	-1.0982601863547466e-05	-1.761124075395429e-09	-8.1394029670055	-0.28336246932546394	-0.009083557477720477
-999.0	415.0	-1.0884275628197406e-05	-1.6769052024922154e-09	-8.450917759230215	-0.4629039759673826	-0.010326415157890406
-999.0	390.0	-9.052495823637933e-06	-1.4663712838991008e-09	-8.493755145441922	-0.5460708468916002	-0.01135527441226324
-999.0	365.0	-6.1309719897606315e-06	-1.2420696554680379e-09	-8.115600296429228	-0.5464275311383047	-0.012157633534382824
-999.0	340.0	-4.126019857994994e-06	-1.1095978846047933e-09	-7.239466549858216	-0.5530818743365168	-0.012801718402272129
-999.0	315.0	-3.492361770465095e-06	-1.019136942769569e-09	-5.927365466715798	-0.5830849165481208	-0.01339904989594755
-999.0	290.0	-3.845014295157446e-06	-5.814393571111269e-10	-4.580499385557478	-0.5703204902155007	-0.014001505052367455
-999.0	265.0	-4.66733773879982e-06	-6.464113109665776e-11	-3.3186876783295336	-0.4561751553463509	-0.01448597115553841
-999.0	240.0	-4.1878393928114674e-06	1.587098974822441e-10	-1.9136298906708613	-0.19204144842094562	-0.014446340790322105
-999.0	215.0	-1.45467606576834e-06	1.5835822117689207e-10	-0.19838569656252458	0.169700547698	-0.013192569065670078
-999.0	190.0	1.3534861402846132e-06	5.891969757848548e-11	1.7844575608060227	0.5113685033801562	-0.010352268538295652
-999.0	165.0	1.5808311697566072e-06	8.099941495270092e-12	3.6549506634473414	0.8387678972785466	-0.006515486851787797
-999.0	140.0	4.459120615712064e-06	2.119191968761124e-13	4.334297784678	1.1418001178711132	-0.002693126664610515
-999.0	115.0	4.657984077207434e-06	5.94800763077532e-13	3.9677591338043716	1.0897594037509946	-0.0004085055270281045
-999.0	90.0	4.055856025286296e-06	3.862608283937007e-13	4.616443994972424	0.49912377133491065	2.617224957323246e-07
-999.0	65.0	-2.8114350996355642e-06	0.0	0.477237974012651	-0.0027536363710500837	0.0
-999.0	40.0	-3.1265628099528442e-06	0.0	-9.900184340420223	-0.06942374619935207	0.0
-999.0	15.0	1.5869214670894334e-06	0.0	-18.467467589983873	0.13031615611787886	0.0
244.36111111111111	40	1004.2442055354045	day	levels	pres0
-999.0	990.0	-1.5105253407432652e-05	6.360413751571697e-09	-3.1766583115335183	-0.9834378790406162	9.6288492809414e-06
-999.0	965.0	-2.8912261369879255e-05	5.7654613527351915e-09	-5.316570121144446	-1.6122030586240947	-0.00022328903290364416
-999.0	940.0	-3.0200527215086646e-05	6.283993744068198e-10	-6.499113773779198	-2.085645271967805	-0.0006106478229922266
-999.0	915.0	-3.2816979331103326e-05	2.068071535786791e-09	-7.148288095754223	-2.51749485163461	-0.0007305639293714619
-999.0	890.0	-3.466879185806503e-05	5.823797603816808e-09	-7.550841573684881	-2.8304406894104703	-0.0003741802721511284
-999.0	865.0	-3.42941994169426e-05	1.0343075584542596e-08	-7.9233371719481145	-2.9679142908444347	0.0004405427083737043
-999.0	840.0	-3.108668110679954e-05	1.0192666317352415e-08	-8.316585904075975	-2.9096598767098842	0.0014746073036392066
-999.0	815.0	-2.6252000445641298e-05	5.0509702172012684e-09	-8.697684605916342	-2.6446773154395014	0.0024360628905906894
-999.0	790.0	-2.120098052710636e-05	-1.956288508964807e-09	-8.985643398194092	-2.175072156484189	0.0031046028808559786
-999.0	765.0	-1.528128231974128e-05	-1.1181161067849964e-08	-9.07063972949983	-1.5680899384565024	0.0033161313345211273
-999.0	740.0	-1.0554069685798594e-05	-1.7278780343546797e-08	-8.82566190144374	-0.9806447842765049	0.0029635575073066298
-999.0	715.0	-8.610208709543143e-06	-1.7433499242302677e-08	-8.298423360264513	-0.4885013457092693	0.002063068535006509
-999.0	690.0	-7.979036139437135e-06	-1.5286214888770424e-08	-7.663899060279631	-0.09859733456486666	0.0007601216132497732
-999.0	665.0	-8.09283181162558e-06	-1.2120971428657484e-08	-6.95263348685373	0.16111303061713214	-0.0006743965188443805
-999.0	640.0	-8.072981072344313e-06	-9.940630212533569e-09	-6.438337096146191	0.3391523940695061	-0.0019873071850884804
-999.0	615.0	-7.5133166578138906e-06	-9.160048587913066e-09	-6.223094258398292	0.429082079598308	-0.0030101466305783066
-999.0	590.0	-6.794162005073539e-06	-8.594383514564878e-09	-6.227091464731416	0.4843432508290431	-0.0037183721058008067
-999.0	565.0	-6.105320607606767e-06	-8.391602430595387e-09	-6.462613323851215	0.5092903765893929	-0.00428600686798649
-999.0	540.0	-5.95415310299253e-06	-7.3820521459200164e-09	-6.7774050349280675	0.5116861062863425	-0.004892218310624154
-999.0	515.0	-6.602314496707764e-06	-5.3320028527596626e-09	-7.136648082543904	0.4701625792280022	-0.005661977575647727
-999.0	490.0	-8.12000337051001e-06	-3.555665830334756e-09	-7.4832434692079834	0.30346572588360277	-0.006658735482845338
-999.0	465.0	-1.0189289529766204e-05	-2.1232159908272937e-09	-7.806986760525466	0.0002522877683621972	-0.0078566165552654
-999.0	440.0	-1.1434300219133571e-05	-1.5926422794487565e-09	-8.14870127586145	-0.2791650986210101	-0.009150269797097352
-999.0	415.0	-1.1471168719546591e-05	-1.509054567661401e-09	-8.459157209902532	-0.47011803492664705	-0.010358069451099622
-999.0	390.0	-9.764349690680158e-06	-1.3260806850763602e-09	-8.501279926016224	-0.5588600235207419	-0.011354921712931934
-999.0	365.0	-6.902518353055901e-06	-1.1418361817700474e-09	-8.12095340660641	-0.5559535570560791	-0.012141102631313436
-999.0	340.0	-4.8510458579479125e-06	-1.0363042305411776e-09	-7.241109721244339	-0.5550546220370687	-0.012788377673486864
-999.0	315.0	-4.0847298790192705e-06	-9.764018987180397e-10	-5.925404208993168	-0.5766821051873939	-0.013397477323625428
-999.0	290.0	-4.338246620936007e-06	-5.683515292463324e-10	-4.580215611864656	-0.5598991321666028	-0.014007482772705216
-999.0	265.0	-5.136090408286276e-06	-7.345477124274815e-11	-3.3256968967025116	-0.44812600018960536	-0.014486661445378806
-999.0	240.0	-4.6919147764049564e-06	1.462369826464748e-10	-1.9283658580647247	-0.18998847594338147	-0.014422731182400818
-999.0	215.0	-2.0104452308153173e-06	1.50975375061532e-10	-0.2249635448530964	0.16675741686706136	-0.013132712615066319
-999.0	190.0	7.312609982476444e-07	5.307448965915658e-11	1.730802924860169	0.5078506486283253	-0.010280117367951772
-999.0	165.0	9.665828722995207e-07	7.1524203994575155e-12	3.561016419104277	0.8350763802253873	-0.006489132647009721
-999.0	140.0	3.834142531573016e-06	-1.5765184168087335e-13	4.210576021482207	1.1233543219074507	-0.002729474486571818
-999.0	115.0	3.972571057587056e-06	4.917631217623072e-13	3.85622482072751	1.0499840648401875	-0.0004615140264859972
-999.0	90.0	3.25403707251929e-06	3.0950321878201325e-13	4.562836169723528	0.4646178425718811	2.697303929158727e-07
-999.0	65.0	-3.4101202782577346e-06	0.0	0.46399104335005364	-0.0080832076510292	0.0
-999.0	40.0	-3.487769080279522e-06	0.0	-9.898991986399617	-0.052413232033251045	0.0
-999.0	15.0	1.7220091864765486e-06	0.0	-18.47915480439625	0.15177000581194622	0.0
244.375	40	1004.2644696916856	day	levels	pres0
-999.0	990.0	-1.4994191892799879e-05	6.0516479656115076e-09	-3.193472121443068	-0.9866848114345755	2.058686688614796e-05
-999.0	965.0	-2.8630461662061636e-05	5.356090527678294e-09	-5.337142011948994	-1.6199021376669407	-0.00020995294214713284
-999.0	940.0	-3.0364912217630758e-05	5.994302900655872e-10	-6.545237873281753	-2.107058496347496	-0.0006223615530758848
-999.0	915.0	-3.319750987141142e-05	2.2271132865358906e-09	-7.2077192834445425	-2.549879129443851	-0.0007907832784425988
-999.0	890.0	-3.494236987852862e-05	5.43624358547349e-09	-7.604612844330925	-2.8642021417617802	-0.0004930920513622545
-999.0	865.0	-3.444123821007828e-05	9.482465776807025e-09	-7.960826465061735	-2.9948143192699983	0.00026528891894875647
-999.0	840.0	-3.117752379723012e-05	9.335359477157159e-09	-8.336302893502372	-2.925171426364354	0.00125171255307755
-999.0	815.0	-2.6256169916854967e-05	4.3067018989296186e-09	-8.703852142606463	-2.644164238657271	0.0021794909341867432
-999.0	790.0	-2.1122989008232714e-05	-2.526074217351537e-09	-8.982572742870875	-2.156096632991519	0.0028284407230348913
-999.0	765.0	-1.5287136673809048e-05	-1.1307729947720732e-08	-9.060402103832793	-1.5330888000982152	0.0030297586712137196
-999.0	740.0	-1.0691654964512774e-05	-1.7065787059624516e-08	-8.808750714574542	-0.9354292130363842	0.0026724894125226
-999.0	715.0	-8.841243864495367e-06	-1.715168476544528e-08	-8.27531717504774	-0.43770044403416775	0.0017728317039608526
-999.0	690.0	-8.290590504036538e-06	-1.5093705642068508e-08	-7.6375706536429275	-0.044285672051565965	0.0004790059869246502
-999.0	665.0	-8.468613830498525e-06	-1.215381353783111e-08	-6.927750332014904	0.2164514916283744	-0.0009339524528157904
-999.0	640.0	-8.487820843352923e-06	-1.0119624061016587e-08	-6.421548656054907	0.3923672916633743	-0.0022142469854629083
-999.0	615.0	-7.951288310337871e-06	-9.39233350523171e-09	-6.2221063545772015	0.47621740913018595	-0.0032028222948699207
-999.0	590.0	-7.2676924589489194e-06	-8.78004529069932e-09	-6.241398015192577	0.5230251359088082	-0.0038822243622827954
-999.0	565.0	-6.6229282686161625e-06	-8.407897853647317e-09	-6.489075257309846	0.5377955654902119	-0.004428172146520842
-999.0	540.0	-6.485350803279925e-06	-7.262132084366703e-09	-6.809913792780469	0.5330876410007478	-0.005020089094735336
-999.0	515.0	-7.095691888400961e-06	-5.128167815402979e-09	-7.167497209140234	0.4887254621301379	-0.0057810573475335905
-999.0	490.0	-8.567346903007655e-06	-3.298680724886558e-09	-7.507812823568074	0.3195966652461461	-0.006769334575304699
-999.0	465.0	-1.0601159551047854e-05	-1.915078150526074e-09	-7.822239505393164	0.01252519445759909	-0.00795110216877035
-999.0	440.0	-1.1885998574721201e-05	-1.4241604835011202e-09	-8.15799958471741	-0.27496772791658136	-0.009216974180018302
-999.0	415.0	-1.2058061810897755e-05	-1.3412039328296302e-09	-8.467396660574845	-0.47733209388596676	-0.010389720474602149
-999.0	390.0	-1.0476203557724754e-05	-1.1857900862528442e-09	-8.508804706590517	-0.5716492001499449	-0.01135456900511298
-999.0	365.0	-7.674064716353776e-06	-1.0416027080715315e-09	-8.126306516783579	-0.565479582973889	-0.012124572805282152
-999.0	340.0	-5.5760718579034485e-06	-9.630105764771876e-10	-7.242752892630442	-0.5570273697376252	-0.012775037665890776
-999.0	315.0	-4.677097987575783e-06	-9.336668546662654e-10	-5.923442951270514	-0.5702792938266482	-0.013395904818101663
-999.0	290.0	-4.831478946716599e-06	-5.552637013814036e-10	-4.579931838171824	-0.5494777741176745	-0.0140134600329264
-999.0	265.0	-5.604843077774618e-06	-8.226841138879074e-11	-3.332706115075521	-0.4400768450328282	-0.014487351591387662
-999.0	240.0	-5.195990160000438e-06	1.337640678107236e-10	-1.9431018254586636	-0.1879355034657887	-0.014399124252283202
-999.0	215.0	-2.5662143958643797e-06	1.435925289461877e-10	-0.25154139314379	0.16381428603615084	-0.013072862335058113
-999.0	190.0	1.0903585620874945e-07	4.722928173982333e-11	1.6771482889141358	0.5043327938765289	-0.010207972491946668
-999.0	165.0	3.523345748406081e-07	6.20489930364033e-12	3.4670821747609555	0.8313848631722588	-0.006462780652155872
-999.0	140.0	3.2091644474320004e-06	-5.27222880238682e-13	4.086854258286102	1.1049085259437563	-0.0027658205375424155
-999.0	115.0	3.2871580379645513e-06	3.887254804466365e-13	3.7446905076503763	1.0102087259292605	-0.0005145275310955411
-999.0	90.0	2.4522181197498293e-06	2.3274560917000626e-13	4.509228344474521	0.4301119138087546	2.777403543717752e-07
-999.0	65.0	-4.008805456881723e-06	0.0	0.4507441126874517	-0.013412778931004694	0.0
-999.0	40.0	-3.848975350607247e-06	0.0	-9.89779963237899	-0.03540271786706787	0.0
-999.0	15.0	1.8570969058644207e-06	0.0	-18.49084201880864	0.17322385550609662	0.0
244.38888888888889	40	1004.4936935182607	day	levels	pres0
-999.0	990.0	-1.3227180521966296e-05	5.671671087437825e-09	-3.210105481956718	-0.9897719815609793	3.072149114151624e-05
-999.0	965.0	-2.6891131928875902e-05	4.866851565166723e-09	-5.357635900319143	-1.6274387888491937	-0.0002053622432330644
-999.0	940.0	-2.91476913644042e-05	2.412030169889329e-10	-6.59116914442614	-2.128307244607376	-0.0006502222586803301
-999.0	915.0	-3.228934706768473e-05	1.910048792782158e-09	-7.2668876080286635	-2.5820008989364442	-0.000875039506527842
-999.0	890.0	-3.396071282558608e-05	4.450133393929696e-09	-7.658196507938381	-2.897703803720941	-0.000639399920610114
-999.0	865.0	-3.3379488629148204e-05	8.07792647631508e-09	-7.998188529695819	-3.0214363790693874	6.719506960519498e-05
-999.0	840.0	-3.012952751215474e-05	8.115161169643742e-09	-8.355858378940173	-2.9403703099205463	0.0010191193865471476
-999.0	815.0	-2.5186470374660895e-05	3.416250937007267e-09	-8.709817224078709	-2.6433524177187926	0.0019368688715964595
-999.0	790.0	-2.0029494745041418e-05	-3.0915894123903114e-09	-8.979317827830233	-2.1367889978582655	0.0026026277396531076
-999.0	765.0	-1.4313627595969678e-05	-1.1457996558790824e-08	-9.050064571320057	-1.4977126222635582	0.0028440649827549164
-999.0	740.0	-9.822494163944255e-06	-1.6976609244832595e-08	-8.791865411258867	-0.8898440642015696	0.002544499738208941
-999.0	715.0	-7.998643962467923e-06	-1.7067286517714083e-08	-8.25237400001948	-0.3865687770265714	0.0017147697743419422
-999.0	690.0	-7.488857716570908e-06	-1.5111599234343412e-08	-7.611488596787507	0.010273585835216982	0.0005022960048452635
-999.0	665.0	-7.717084267703319e-06	-1.2369163848075582e-08	-6.903122747701291	0.2718938267864369	-0.0008152489165295726
-999.0	640.0	-7.770268908270917e-06	-1.0440475745759346e-08	-6.404981739582511	0.4455991242791102	-0.001987379853852285
-999.0	615.0	-7.264935053232373e-06	-9.71366428586197e-09	-6.221261706380619	0.5233422777955965	-0.0028622389564236248
-999.0	590.0	-6.640460191772919e-06	-9.005443838538533e-09	-6.255771233921975	0.5617033337790199	-0.0034288458035688714
-999.0	565.0	-6.07298708350792e-06	-8.424930386128097e-09	-6.515524294049992	0.5663411888249763	-0.0038661387880986465
-999.0	540.0	-6.009394601598975e-06	-7.121828677403605e-09	-6.842369081009033	0.5545771703833723	-0.004354761023371615
-999.0	515.0	-6.6664467407206336e-06	-4.89168300669485e-09	-7.198285047024045	0.5074298714420685	-0.005015812334078345
-999.0	490.0	-8.172943341796707e-06	-3.022986135282421e-09	-7.532337833018556	0.3358859717845944	-0.005902682727806314
-999.0	465.0	-1.0237430680294008e-05	-1.7165927874399202e-09	-7.8375058462695595	0.024940712347861	-0.0069744878051545105
-999.0	440.0	-1.1612513142422534e-05	-1.2783055550766435e-09	-8.167336356168292	-0.270679835525782	-0.00811936573769605
-999.0	415.0	-1.1966655942356025e-05	-1.192801557353592e-09	-8.475676254502362	-0.4845444181609023	-0.009167414117528286
-999.0	390.0	-1.0537405020345673e-05	-1.0588093960994743e-09	-8.516363984535607	-0.5844928401315648	-0.010018092500248184
-999.0	365.0	-7.79035564625378e-06	-9.523540959019775e-10	-8.13168968236635	-0.5750839310506186	-0.010702310905038065
-999.0	340.0	-5.612060893429871e-06	-9.033030603559557e-10	-7.244421786259082	-0.5590859951954058	-0.011303457314868993
-999.0	315.0	-4.531504966998636e-06	-9.03755786868227e-10	-5.9214990233618	-0.5639584496735501	-0.011903896857863711
-999.0	290.0	-4.570432347319281e-06	-5.535901697472239e-10	-4.579658866194738	-0.5391346864283902	-0.012519444869427182
-999.0	265.0	-5.333511255528546e-06	-9.697789957379306e-11	-3.3397271477040924	-0.43210162009510356	-0.01300499796509184
-999.0	240.0	-4.996253144467259e-06	1.2090230614246913e-10	-1.9578560043777127	-0.18595535225337131	-0.012944412861197945
-999.0	215.0	-2.4962702606322887e-06	1.3922137275897645e-10	-0.2781280685985434	0.16079369015874728	-0.011683732782650166
-999.0	190.0	9.550107314535569e-09	4.4122585960368425e-11	1.6235170830336056	0.5007229847094523	-0.008980346632396502
-999.0	165.0	1.9928041724017307e-07	5.6725339239856864e-12	3.3731821049299366	0.8275814780167314	-0.005555666945291253
-999.0	140.0	3.1336824124990717e-06	-8.839991948015831e-13	3.963121121246531	1.0863351206930725	-0.0023415667428307073
-999.0	115.0	3.2805529436609212e-06	2.7210046699429117e-13	3.633151203630348	0.9704112444988982	-0.0004626802455194198
-999.0	90.0	2.4815246288712618e-06	1.3669887477100758e-13	4.455620277495567	0.3956049708501272	2.7133647371282027e-07
-999.0	65.0	-3.6695342230880655e-06	0.0	0.43749724541391655	-0.018742533223257505	0.0
-999.0	40.0	-3.3824981048178397e-06	0.0	-9.89660622581602	-0.0183921573121508	0.0
-999.0	15.0	2.1466142717137486e-06	0.0	-18.502527753512076	0.1946777735083229	0.0
244.40277777777777	40	1004.7229173448353	day	levels	pres0
-999.0	990.0	-1.1460169151137018e-05	5.2916942092647674e-09	-3.2267388424702985	-0.9928591516874151	4.085447041667256e-05
-999.0	965.0	-2.5151802195693438e-05	4.377612602655766e-09	-5.378129788689187	-1.6349754400314789	-0.00020077349929196052
-999.0	940.0	-2.7930470511179784e-05	-1.1702425608711398e-10	-6.637100415570375	-2.14955599286726	-0.000678072419977473
-999.0	915.0	-3.13811842639601e-05	1.5929842990294468e-09	-7.326055932612621	-2.6141226684290153	-0.0009592676576046643
-999.0	890.0	-3.2979055772645986e-05	3.4640232023888153e-09	-7.711780171545701	-2.931205465680065	-0.0007856614758534132
-999.0	865.0	-3.2317739048220905e-05	6.673387175827344e-09	-8.035550594329818	-3.0480584388687397	-0.00013083635796397628
-999.0	840.0	-2.9081531227082202e-05	6.894962862134563e-09	-8.375413864377938	-2.955569193476716	0.0007865961096367056
-999.0	815.0	-2.4116770832469666e-05	2.5257999750886664e-09	-8.715782305550952	-2.642540596780323	0.001694312053427837
-999.0	790.0	-1.8936000481852808e-05	-3.6571046074264953e-09	-8.976062912789603	-2.1174813627250697	0.0023768677052056677
-999.0	765.0	-1.3340118518132438e-05	-1.1608263169859939e-08	-9.039727038807346	-1.4623364444290043	0.0026584068696569657
-999.0	740.0	-8.953333363377529e-06	-1.6887431430040754e-08	-8.774980107943227	-0.8442589153668909	0.0024165294911641863
-999.0	715.0	-7.15604406044231e-06	-1.6982888269983117e-08	-8.229430824991269	-0.3354371100191306	0.001656714675093817
-999.0	690.0	-6.6871249291069955e-06	-1.512949282661837e-08	-7.585406539932144	0.06483284372183572	0.0005255839379290088
-999.0	665.0	-6.965554704909647e-06	-1.2584514158319556e-08	-6.8784951633877345	0.3273361619443413	-0.0006965535994097739
-999.0	640.0	-7.0527169731903265e-06	-1.0761327430501266e-08	-6.38841482311015	0.4988309568947045	-0.0017605250348045989
-999.0	615.0	-6.5785817961281735e-06	-1.003499506649136e-08	-6.220417058184036	0.5704671464608934	-0.002521671248340833
-999.0	590.0	-6.013227924598022e-06	-9.23084238637722e-09	-6.270144452651336	0.60038153164915	-0.0029754930534532016
-999.0	565.0	-5.5230458984005675e-06	-8.441962918609116e-09	-6.541973330790078	0.5948868121596923	-0.0033041561426133933
-999.0	540.0	-5.533438399918814e-06	-6.98152527044126e-09	-6.874824369237523	0.5760666997659705	-0.0036895105414383794
-999.0	515.0	-6.237201593041162e-06	-4.655198197987697e-09	-7.229072884907786	0.5261342807539822	-0.0042506647571182825
-999.0	490.0	-7.778539780586636e-06	-2.7472915456794103e-09	-7.556862842468979	0.35217527832303347	-0.005036144315221535
-999.0	465.0	-9.873701809540964e-06	-1.518107424354732e-09	-7.852772187145924	0.03735623023812502	-0.005997998201546614
-999.0	440.0	-1.1339027710124373e-05	-1.1324506266530044e-09	-8.176673127619162	-0.2663919431349579	-0.007021886818580921
-999.0	415.0	-1.1875250073814233e-05	-1.0443991818784177e-09	-8.483955848429883	-0.49175674243578293	-0.007945232237201451
-999.0	390.0	-1.059860648296612e-05	-9.318287059468362e-10	-8.523923262480704	-0.5973364801131232	-0.008681727639653797
-999.0	365.0	-7.90664657615316e-06	-8.631054837329375e-10	-8.137072847949133	-0.5846882791273124	-0.009280143873529096
-999.0	340.0	-5.648049928955832e-06	-8.435955442350734e-10	-7.246090679887741	-0.5611446206531812	-0.009831958629249007
-999.0	315.0	-4.3859119464215045e-06	-8.738447190704005e-10	-5.919555095453112	-0.5576376055204709	-0.01041197061838652
-999.0	290.0	-4.3093857479223535e-06	-5.51916638113142e-10	-4.579385894217661	-0.5287915987391373	-0.011025535392056375
-999.0	265.0	-5.062179433282997e-06	-1.1168738775882247e-10	-3.346748180332634	-0.42412639515741013	-0.011522794320301843
-999.0	240.0	-4.796516128934446e-06	1.0804054447420544e-10	-1.9726101832966867	-0.18397520104098217	-0.011489872228051621
-999.0	215.0	-2.4263261254003046e-06	1.348502165717483e-10	-0.30471474405317495	0.1577730942813156	-0.010294748533306726
-999.0	190.0	-8.993564157970441e-08	4.10158901809137e-11	1.5698858771532556	0.49711317554234213	-0.007752829502492894
-999.0	165.0	4.62262596396773e-08	5.1401685443338636e-12	3.279282035099176	0.8237780928611727	-0.004648630644920996
-999.0	140.0	3.058200377566063e-06	-1.2407755093639583e-12	3.8393879842072742	1.0677617154424204	-0.0019173336461238283
-999.0	115.0	3.2739478493572454e-06	1.5547545354237397e-13	3.5216118996105923	0.930613763068656	-0.00041082806111575456
-999.0	90.0	2.510831137992599e-06	4.065214037241354e-14	4.402012210516721	0.36109802789159673	2.649309279688817e-07
-999.0	65.0	-3.330262989295398e-06	0.0	0.4242503781403854	-0.02407228751551385	0.0
-999.0	40.0	-2.9160208590297813e-06	0.0	-9.895412819253076	-0.0013815967573158757	0.0
-999.0	15.0	2.4361316375622352e-06	0.0	-18.51421348821549	0.21613169151046624	0.0
244.41666666666666	40	1004.9521411714105	day	levels	pres0
-999.0	990.0	-9.6931577803033e-06	4.911717331090926e-09	-3.2433722029839522	-0.9959463218138255	5.0985804571842236e-05
-999.0	965.0	-2.3412472462507436e-05	3.888373640143937e-09	-5.398623677059332	-1.6425120912137396	-0.00019618671031420862
-999.0	940.0	-2.6713249657953067e-05	-4.752515291640838e-10	-6.683031686714766	-2.1708047411271485	-0.0007059120372574742
-999.0	915.0	-3.0473021460233375e-05	1.2759198052753187e-09	-7.385224257196749	-2.64624443792162	-0.0010434677324068467
-999.0	890.0	-3.199739871970335e-05	2.4779130108445143e-09	-7.765363835153163	-2.964707127639235	-0.0009318767179974265
-999.0	865.0	-3.125598946729067e-05	5.268847875334922e-09	-8.072912658963908	-3.074680498668137	-0.00032880536440359936
-999.0	840.0	-2.8033534942006657e-05	5.674764554620761e-09	-8.39496934981574	-2.9707680770329143	0.000554142722233495
-999.0	815.0	-2.3047071290275442e-05	1.6353490131660275e-09	-8.7217473870232	-2.641728775841848	0.0014518204799482733
-999.0	790.0	-1.7842506218661383e-05	-4.222619802465484e-09	-8.97280799774896	-2.0981737275918175	0.0021511606198758287
-999.0	765.0	-1.2366609440292961e-05	-1.1758529780930195e-08	-9.029389506294608	-1.426960266594347	0.002472784331601946
-999.0	740.0	-8.084172562808915e-06	-1.6798253615248926e-08	-8.75809480462755	-0.7986737665320751	0.002288578671025535
-999.0	715.0	-6.3134441584147944e-06	-1.6898490022251944e-08	-8.206487649963007	-0.284305443011532	0.0015986664061100368
-999.0	690.0	-5.885392141641298e-06	-1.514738641889326e-08	-7.559324483076723	0.11939210160862151	0.0005488697861797725
-999.0	665.0	-6.214025142114369e-06	-1.2799864468564024e-08	-6.853867579074124	0.3827784971024069	-0.0005778665014828469
-999.0	640.0	-6.335165038108249e-06	-1.1082179115244016e-08	-6.371847906637756	0.5520627895104441	-0.001533682528428871
-999.0	615.0	-5.892228539022605e-06	-1.0356325847121616e-08	-6.219572409987453	0.6175920151263076	-0.0021811191708271567
-999.0	590.0	-5.385995657421957e-06	-9.456240934216426e-09	-6.284517671380735	0.6390597295193653	-0.0025221661119668452
-999.0	565.0	-4.9731047132922665e-06	-8.458995451089894e-09	-6.568422367530225	0.6234324354944597	-0.0027422242094409656
-999.0	540.0	-5.057482198237813e-06	-6.841221863478156e-09	-6.9072796574660895	0.5975562291485967	-0.0030243376477087423
-999.0	515.0	-5.807956445360793e-06	-4.418713389279567e-09	-7.2598607227916006	0.5448386900659128	-0.0034856146152704263
-999.0	490.0	-7.384136219375656e-06	-2.4715969560752775e-09	-7.581387851919464	0.3684645848614802	-0.004169719336251532
-999.0	465.0	-9.509972938787085e-06	-1.3196220612685815e-09	-7.868038528022321	0.04977174812838388	-0.005021633356817274
-999.0	440.0	-1.1065542277825678e-05	-9.865956982285335e-10	-8.186009899070044	-0.26210405074416326	-0.005924537421717703
-999.0	415.0	-1.178384420527248e-05	-8.959968064023869e-10	-8.492235442357398	-0.49896906671072416	-0.006723174832789332
-999.0	390.0	-1.0659807945587023e-05	-8.048480157934692e-10	-8.531482540425792	-0.610180120094749	-0.007345474422703111
-999.0	365.0	-8.022937506053157e-06	-7.738568715633804e-10	-8.1424560135319	-0.5942926272040465	-0.007858071710350242
-999.0	340.0	-5.684038964482248e-06	-7.838880281138372e-10	-7.247759573516376	-0.5632032461109642	-0.0083605416087442
-999.0	315.0	-4.240318925844338e-06	-8.439336512723611e-10	-5.917611167544394	-0.5513167613673723	-0.00892012609940215
-999.0	290.0	-4.04833914852501e-06	-5.502431064789623e-10	-4.579112922240571	-0.5184485110498515	-0.00953173160053626
-999.0	265.0	-4.790847611036902e-06	-1.2639687594382364e-10	-3.353769212961199	-0.4161511702196837	-0.010040740656769678
-999.0	240.0	-4.596779113401263e-06	9.51787828059534e-11	-1.987364362215731	-0.18199504982856393	-0.010035502352693286
-999.0	215.0	-2.356381990168258e-06	1.3047906038453553e-10	-0.3313014195079274	0.1547524984039135	-0.008905909586950665
-999.0	190.0	-1.8942139047401274e-07	3.790919440145569e-11	1.5162546712727183	0.4935033663752685	-0.006525421102198525
-999.0	165.0	-1.0682789796085285e-07	4.607803164678886e-12	3.1853819652681437	0.8199747077056496	-0.0037416717510304117
-999.0	140.0	2.9827183426330763e-06	-1.5975518239269323e-12	3.715654847167691	1.04918831019174	-0.001493121247418235
-999.0	115.0	3.2673427550536026e-06	3.885044009002406e-14	3.4100725955905564	0.8908162816382958	-0.0003589709778842315
-999.0	90.0	2.540137647114027e-06	-5.5394594026584673e-14	4.348404143537766	0.32659108493297145	2.585237171398001e-07
-999.0	65.0	-2.990991755501737e-06	0.0	0.4110035108668485	-0.029402041807763936	0.0
-999.0	40.0	-2.449543613240355e-06	0.0	-9.894219412690111	0.015628963797603646	0.0
-999.0	15.0	2.725649003411563e-06	0.0	-18.52589922291893	0.23758560951269525	0.0
244.43055555555554	40	1005.1813649979848	day	levels	pres0
-999.0	990.0	-7.926146409474027e-06	4.531740452917869e-09	-3.260005563497532	-0.9990334919402611	6.111549346714738e-05
-999.0	965.0	-2.1673142729324962e-05	3.3991346776329807e-09	-5.419117565429378	-1.6500487423960237	-0.00019160187629019374
-999.0	940.0	-2.5496028804728647e-05	-8.334788022401306e-10	-6.728962957858999	-2.1920534893870314	-0.0007337411108100041
-999.0	915.0	-2.9564858656508743e-05	9.588553115226076e-10	-7.444392581780705	-2.6783662074141916	-0.001127639731666838
-999.0	890.0	-3.1015741666763256e-05	1.4918028193036338e-09	-7.818947498760485	-2.9982087895983596	-0.001078045647945074
-999.0	865.0	-3.0194239886363367e-05	3.864308574847184e-09	-8.110274723597907	-3.1013025584674896	-0.0005267119503551686
-999.0	840.0	-2.6985538656934107e-05	4.454566247111581e-09	-8.414524835253504	-2.9859669605890837	0.0003217592242289531
-999.0	815.0	-2.1977371748084206e-05	7.448980512474249e-10	-8.72771246849544	-2.64091695490338	0.0012093941514298115
-999.0	790.0	-1.6749011955472773e-05	-4.788134997501666e-09	-8.969553082708332	-2.078866092458622	0.001925506483851575
-999.0	765.0	-1.1393100362455725e-05	-1.1908796391999314e-08	-9.019051973781897	-1.3915840887597934	0.0022871973682763638
-999.0	740.0	-7.21501176224219e-06	-1.6709075800457082e-08	-8.741209501311909	-0.7530886176973963	0.002160647277433976
-999.0	715.0	-5.4708442563891835e-06	-1.681409177452098e-08	-8.183544474934797	-0.23317377600409134	0.0015406249672871174
-999.0	690.0	-5.0836593541773855e-06	-1.5165280011168216e-08	-7.53324242622136	0.17395135949524018	0.0005721535496033849
-999.0	665.0	-5.462495579320695e-06	-1.3015214778807997e-08	-6.829239994760568	0.4382208322603112	-0.00045918762277454353
-999.0	640.0	-5.617613103027656e-06	-1.1403030799985937e-08	-6.3552809901653955	0.6052946221260384	-0.001306852334834882
-999.0	615.0	-5.205875281918404e-06	-1.0677656627751004e-08	-6.21872776179087	0.6647168837916043	-0.001840582724090557
-999.0	590.0	-4.758763390247059e-06	-9.681639482055115e-09	-6.298890890110097	0.6777379273894956	-0.0020688649791448417
-999.0	565.0	-4.423163528184914e-06	-8.476027983570912e-09	-6.594871404270312	0.6519780588291757	-0.002180342987962786
-999.0	540.0	-4.581525996557653e-06	-6.700918456515812e-09	-6.93973494569458	0.6190457585311954	-0.0023592423409628583
-999.0	515.0	-5.378711297681321e-06	-4.182228580572416e-09	-7.29064856067534	0.5635430993778265	-0.00272066190716029
-999.0	490.0	-6.989732658165583e-06	-2.1959023664722677e-09	-7.6059128613698865	0.38475389139991945	-0.0033034077896073257
-999.0	465.0	-9.146244068034043e-06	-1.1211366981833924e-09	-7.8833048688986835	0.06218726601864773	-0.004045393269848335
-999.0	440.0	-1.0792056845527515e-05	-8.407407698048944e-10	-8.195346670520916	-0.2578161583533391	-0.004827317546163837
-999.0	415.0	-1.1692438336730686e-05	-7.475944309272125e-10	-8.50051503628492	-0.5061813909856048	-0.005501241903473576
-999.0	390.0	-1.0721009408207465e-05	-6.778673256408311e-10	-8.539041818370892	-0.6230237600763076	-0.006009332848784529
-999.0	365.0	-8.139228435952535e-06	-6.846082593943404e-10	-8.147839179114683	-0.6038969752807403	-0.006436094415112424
-999.0	340.0	-5.720028000008207e-06	-7.24180511992955e-10	-7.249428467145036	-0.5652618715687397	-0.0068892062530842135
-999.0	315.0	-4.094725905267206e-06	-8.140225834745343e-10	-5.915667239635707	-0.5449959172142929	-0.007428363300658967
-999.0	290.0	-3.787292549128082e-06	-5.485695748448805e-10	-4.578839950263495	-0.5081054233605985	-0.008038033494605214
-999.0	265.0	-4.519515788791351e-06	-1.411063641288531e-10	-3.3607902455897416	-0.4081759452819901	-0.008558836974262917
-999.0	240.0	-4.3970420978684495e-06	8.231702113768967e-11	-2.0021185411347058	-0.180014898616175	-0.00858130323498664
-999.0	215.0	-2.286437854936273e-06	1.261079041973074e-10	-0.3578880949625594	0.15173190252648183	-0.007517215943518335
-999.0	190.0	-2.889071393682526e-07	3.4802498622000975e-11	1.4626234653923673	0.4898935572081584	-0.005298121431487924
-999.0	165.0	-2.5988205556134823e-07	4.0754377850270626e-12	3.091481895437382	0.8161713225500908	-0.0028347902636140314
-999.0	140.0	2.907236307700068e-06	-1.9543281384893063e-12	3.591921710128434	1.0306149049410882	-0.0010689295467150612
-999.0	115.0	3.260737660749927e-06	-7.777457336189293e-14	3.2985332915708	0.8510188002080539	-0.00030710899582523814
-999.0	90.0	2.569444156235365e-06	-1.5144132842517888e-13	4.29479607655892	0.2920841419744411	2.521148412257552e-07
-999.0	65.0	-2.6517205217090697e-06	0.0	0.3977566435933175	-0.034731796100020335	0.0
-999.0	40.0	-1.983066367452297e-06	0.0	-9.893026006127169	0.032639524352438574	0.0
-999.0	15.0	3.0151663692600495e-06	0.0	-18.537584957622343	0.25903952751483855	0.0
244.44444444444446	40	1005.4105888245601	day	levels	pres0
-999.0	990.0	-6.159135038639516e-06	4.151763574744015e-09	-3.2766389240111744	-1.0021206620666634	7.124353696285766e-05
-999.0	965.0	-1.9933812996138175e-05	2.9098957151211924e-09	-5.439611453799525	-1.6575853935782818	-0.00018701899721028527
-999.0	940.0	-2.4278807951501242e-05	-1.1917060753166935e-09	-6.7748942290034035	-2.213302237646925	-0.000761559640925246
-999.0	915.0	-2.8656695852781417e-05	6.41790817769314e-10	-7.503560906364854	-2.710487976906804	-0.0012117836561185002
-999.0	890.0	-3.0034084613820217e-05	5.056926277600966e-10	-7.872531162367971	-3.031710451557539	-0.0012241682666016935
-999.0	865.0	-2.9132490305432947e-05	2.4597692743552643e-09	-8.147636788232017	-3.1279246182668916	-0.0007245561164635141
-999.0	840.0	-2.59375423718585e-05	3.234367939598437e-09	-8.434080320691322	-3.001165844145283	8.944561551042863e-05
-999.0	815.0	-2.0907672205889887e-05	-1.4555291067437367e-10	-8.733677549967696	-2.6401051339648984	0.0009670330681399648
-999.0	790.0	-1.565551769228106e-05	-5.35365019253991e-09	-8.96629816766769	-2.0595584573253576	0.001699905297316324
-999.0	765.0	-1.0419591284615848e-05	-1.2059063003068934e-08	-9.008714441269154	-1.3562079109251195	0.002101645979362503
-999.0	740.0	-6.3458509616731625e-06	-1.6619897985664837e-08	-8.724324197996216	-0.7075034688625639	0.0020327353100269238
-999.0	715.0	-4.628244354361294e-06	-1.672969352678964e-08	-8.160601299906512	-0.18204210899647819	0.0014825903585188847
-999.0	690.0	-4.2819265667113675e-06	-1.5183173603443103e-08	-7.50716036936591	0.22851061738204054	0.0005954352282040461
-999.0	665.0	-4.7109660165251425e-06	-1.3230565089052542e-08	-6.80461241044693	0.4936631674183943	-0.00034051696331098764
-999.0	640.0	-4.900061167945309e-06	-1.1723882484728818e-08	-6.33871407369298	0.6585264547417976	-0.0010800344541313266
-999.0	615.0	-4.519522024812538e-06	-1.0998987408381426e-08	-6.217883113594281	0.7118417524570398	-0.0015000619083363309
-999.0	590.0	-4.131531123070683e-06	-9.907038029894512e-09	-6.313264108839501	0.7164161252597301	-0.0016155896550179092
-999.0	565.0	-3.873222343076327e-06	-8.493060516051865e-09	-6.621320441010475	0.6805236821639581	-0.0016185124775543154
-999.0	540.0	-4.10556979487642e-06	-6.560615049552828e-09	-6.972190233923169	0.640535287913834	-0.0016942246199733888
-999.0	515.0	-4.949466150000779e-06	-3.945743771864315e-09	-7.3214363985591735	0.5822475086897712	-0.001955806631404493
-999.0	490.0	-6.595329096954463e-06	-1.920207776868148e-09	-7.6304378708203835	0.4010431979383834	-0.002437209673989727
-999.0	465.0	-8.782515197280039e-06	-9.226513350973217e-10	-7.898571209775088	0.07460278390892745	-0.0030692779395100826
-999.0	440.0	-1.0518571413228715e-05	-6.94885841380536e-10	-8.204683441971806	-0.2535282659625222	-0.0037302271909637756
-999.0	415.0	-1.1601032468188878e-05	-5.99192055451304e-10	-8.50879463021245	-0.513393715260526	-0.004279433448421522
-999.0	390.0	-1.0782210870828362e-05	-5.508866354875812e-10	-8.546601096316	-0.6358674000579188	-0.0046733029172709665
-999.0	365.0	-8.255519365852532e-06	-5.953596472248788e-10	-8.153222344697477	-0.6135013233574675	-0.005014211987410283
-999.0	340.0	-5.756017035534566e-06	-6.644729958717797e-10	-7.2510973607737	-0.5673204970265202	-0.005417952561982053
-999.0	315.0	-3.949132884689909e-06	-7.841115156765183e-10	-5.913723311727012	-0.5386750730611924	-0.005936682221888687
-999.0	290.0	-3.5262459497305896e-06	-5.468960432107176e-10	-4.578566978286427	-0.49776233567131034	-0.006544441073985176
-999.0	265.0	-4.248183966545149e-06	-1.5581585231388213e-10	-3.3678112782183307	-0.4002007203442633	-0.00707708327253322
-999.0	240.0	-4.1973050823351905e-06	6.945525946940939e-11	-2.0168727200537684	-0.17803474740376066	-0.007127274874780368
-999.0	215.0	-2.216493719704139e-06	1.2173674801008542e-10	-0.3844747704173191	0.14871130664907073	-0.006128667602932239
-999.0	190.0	-3.8839288826249757e-07	3.169580284254674e-11	1.4089922595118294	0.486283748041073	-0.004070930490323433
-999.0	165.0	-4.129362131618469e-07	3.543072405372806e-12	2.9975818256063422	0.8123679373945525	-0.0019279861826569402
-999.0	140.0	2.8317542727671453e-06	-2.311104453052417e-12	3.468188573088828	1.0120414996903906	-0.0006447585440106882
-999.0	115.0	3.254132566446343e-06	-1.9439958681426144e-13	3.1869939875507365	0.8112213187776761	-0.00025524211493847083
-999.0	90.0	2.598750665356879e-06	-2.4748806282418607e-13	4.241188009579942	0.25757719901579584	2.457043002265791e-07
-999.0	65.0	-2.3124492879152473e-06	0.0	0.3845097763197703	-0.04006155039228718	0.0
-999.0	40.0	-1.5165891216627184e-06	0.0	-9.8918325995642	0.049650084907354175	0.0
-999.0	15.0	3.3046837351093823e-06	0.0	-18.54927069232578	0.280493445517074	0.0
244.45833333333334	40	1005.6398126511349	day	levels	pres0
-999.0	990.0	-4.3921236678103025e-06	3.771786696570951e-09	-3.293272284524755	-1.0052078321930966	8.136993491910588e-05
-999.0	965.0	-1.819448326295578e-05	2.420656752610228e-09	-5.460105342169571	-1.665122044760564	-0.00018243807306491186
-999.0	940.0	-2.3061587098276873e-05	-1.5499333483927623e-09	-6.820825500147638	-2.2345509859068042	-0.000789367627892966
-999.0	915.0	-2.7748533049056825e-05	3.2472632401655173e-10	-7.562729230948811	-2.7426097463993715	-0.0012958995064944526
-999.0	890.0	-2.9052427560880146e-05	-4.804175637808281e-10	-7.926114825975291	-3.0652121135166603	-0.0013702445748703762
-999.0	865.0	-2.8070740724505665e-05	1.0552299738674928e-09	-8.184998852866018	-3.1545466780662434	-0.0009223378633702757
-999.0	840.0	-2.4889546086785985e-05	2.0141696320892296e-09	-8.453635806129085	-3.0163647277014527	-0.0001427981040308144
-999.0	815.0	-1.9837972663698706e-05	-1.0360038725929912e-09	-8.739642631439938	-2.63929331302643	0.000724737230350529
-999.0	790.0	-1.4562023429092498e-05	-5.919165387576105e-09	-8.963043252627063	-2.0402508221921622	0.0014743570604577373
-999.0	765.0	-9.446082206778655e-06	-1.220932961413806e-08	-8.998376908756445	-1.3208317330905668	0.0019161301645464598
-999.0	740.0	-5.47669016110648e-06	-1.6530720170872996e-08	-8.707438894680577	-0.6619183200278863	0.001904842768444867
-999.0	715.0	-3.78564445233573e-06	-1.664529527905867e-08	-8.137658124878302	-0.13091044198903876	0.0014245625797013346
-999.0	690.0	-3.480193779247513e-06	-1.5201067195718033e-08	-7.481078312510547	0.28306987526865773	0.0006187148219870416
-999.0	665.0	-3.959436453731534e-06	-1.3445915399296487e-08	-6.779984826133376	0.5491055025762971	-0.00022185452311852084
-999.0	640.0	-4.182509232864781e-06	-1.2044734169470712e-08	-6.322147157220619	0.7117582873573903	-0.0008532288864286146
-999.0	615.0	-3.833168767708394e-06	-1.1320318189010802e-08	-6.217038465397697	0.7589666211223351	-0.0011595567237731028
-999.0	590.0	-3.5042988558958367e-06	-1.0132436577733194e-08	-6.327637327568864	0.7550943231298586	-0.0011623401396217152
-999.0	565.0	-3.3232811579690245e-06	-8.510093048532885e-09	-6.647769477750561	0.7090693054986715	-0.001056732677597508
-999.0	540.0	-3.6296135931963033e-06	-6.420311642590487e-09	-7.004645522151659	0.6620248172964296	-0.001029284483520939
-999.0	515.0	-4.520221002321342e-06	-3.7092589631571672e-09	-7.352224236442911	0.6009519180016816	-0.0011910487866289817
-999.0	490.0	-6.200925535744421e-06	-1.6445131872651433e-09	-7.654962880270807	0.4173325044768189	-0.0015711249881102058
-999.0	465.0	-8.41878632652702e-06	-7.241659720121358e-10	-7.913837550651453	0.08701830179918815	-0.0020932873646848354
-999.0	440.0	-1.024508598093058e-05	-5.49030912956899e-10	-8.214020213422677	-0.24924037357170103	-0.002633266355175482
-999.0	415.0	-1.1509626599647104e-05	-4.5078967997613333e-10	-8.517074224139968	-0.520606039535409	-0.003057749466815404
-999.0	390.0	-1.0843412333448819e-05	-4.2390594533494716e-10	-8.554160374261093	-0.648711040039479	-0.0033373846275514514
-999.0	365.0	-8.371810295751922e-06	-5.061110350558412e-10	-8.15860551028026	-0.6231056714341624	-0.0035924244268553435
-999.0	340.0	-5.792006071060544e-06	-6.047654797508965e-10	-7.252766254402359	-0.5693791224842961	-0.003946780535167924
-999.0	315.0	-3.803539864112799e-06	-7.542004478786861e-10	-5.911779383818325	-0.5323542289081132	-0.004445082862840167
-999.0	290.0	-3.2651993503336866e-06	-5.452225115766294e-10	-4.578294006309349	-0.48741924798205694	-0.005050954338414957
-999.0	265.0	-3.9768521442996235e-06	-1.7052534049890735e-10	-3.374832310846874	-0.39222549540656865	-0.005595479551348577
-999.0	240.0	-3.997568066802408e-06	5.659349780114789e-11	-2.031626898972745	-0.17605459619136962	-0.005673417271938615
-999.0	215.0	-2.146549584472184e-06	1.173655918228581e-10	-0.41106144587195376	0.14569071077164247	-0.004740264565129195
-999.0	190.0	-4.878786371567382e-07	2.8589107063092164e-11	1.3553610536314786	0.4826739388739675	-0.0028438482786800182
-999.0	165.0	-5.659903707623219e-07	3.0107070257208533e-12	2.9036817557755836	0.8085645522389987	-0.0010212595081539537
-999.0	140.0	2.756272237834156e-06	-2.6678807676147653e-12	3.3444554360495786	0.9934680944397423	-0.00022060823930634643
-999.0	115.0	3.2475274721426805e-06	-3.110246002661801e-13	3.0754546835309893	0.7714238373474365	-0.00020337033522431283
-999.0	90.0	2.6280571744782295e-06	-3.435347972227831e-13	4.187579942601104	0.2230702560572673	2.39292094142469e-07
-999.0	65.0	-1.9731780541225862e-06	0.0	0.3712629090462413	-0.04539130468454263	0.0
-999.0	40.0	-1.0501118758746758e-06	0.0	-9.890639193001258	0.06666064546219116	0.0
-999.0	15.0	3.594201100957831e-06	0.0	-18.56095642702919	0.30194736351921997	0.0
244.47222222222223	40	1005.8690364777099	day	levels	pres0
-999.0	990.0	-2.6251122969765237e-06	3.391809818397115e-09	-3.309905645038408	-1.0082950023195094	9.149468719619342e-05
-999.0	965.0	-1.645515352976971e-05	1.931417790098408e-09	-5.480599230539716	-1.672658695942827	-0.00017785910384444408
-999.0	940.0	-2.1844366245050102e-05	-1.908160621469709e-09	-6.866756771292028	-2.255799734166697	-0.0008171650720033893
-999.0	915.0	-2.684037024533006e-05	7.661830262471892e-12	-7.6218975555329385	-2.77473151589198	-0.001379987283528661
-999.0	890.0	-2.8070770507937483e-05	-1.4665277553250831e-09	-7.979698489582753	-3.0987137754758334	-0.001516274573656551
-999.0	865.0	-2.700899114357541e-05	-3.4930932662489333e-10	-8.222360917500106	-3.1811687378656406	-0.001120057191720318
-999.0	840.0	-2.384154980171041e-05	7.93971324575454e-10	-8.47319129156689	-3.031563611257651	-0.0003749719345074367
-999.0	815.0	-1.8768273121504434e-05	-1.926454834515613e-09	-8.745607712912186	-2.6384814920879545	0.0004825066383289923
-999.0	790.0	-1.3468529165901023e-05	-6.4846805826150844e-09	-8.959788337586417	-2.02094318705891	0.001248861773459202
-999.0	765.0	-8.472573128939133e-06	-1.2359596225208307e-08	-8.988039376243709	-1.2854555552559084	0.0017306499235104644
-999.0	740.0	-4.607529360537823e-06	-1.644154235608117e-08	-8.690553591364898	-0.6163331711930691	0.0017769696523251318
-999.0	715.0	-2.943044550308165e-06	-1.6560897031327506e-08	-8.114714949850041	-0.07977877498143882	0.0013665416307282181
-999.0	690.0	-2.678460991781758e-06	-1.521896078799295e-08	-7.454996255655127	0.33762913315544496	0.0006419923309565228
-999.0	665.0	-3.2079068909361917e-06	-1.3661265709540982e-08	-6.755357241819765	0.6045478377343642	-0.00010320030222330908
-999.0	640.0	-3.464957297782641e-06	-1.2365585854213488e-08	-6.305580240748225	0.7649901199731316	-0.0006264356318354819
-999.0	615.0	-3.1468155106027705e-06	-1.164164896964107e-08	-6.216193817201114	0.806091489787751	-0.000819067170606201
-999.0	590.0	-2.877066588719721e-06	-1.0357835125572407e-08	-6.342010546298262	0.7937725210000758	-0.0007091164329869662
-999.0	565.0	-2.7733399728606726e-06	-8.527125581013658e-09	-6.674218514490709	0.7376149288334414	-0.0004950035874676955
-999.0	540.0	-3.1536573915152583e-06	-6.280008235627381e-09	-7.037100810380226	0.6835143466790586	-0.00036442193037795277
-999.0	515.0	-4.090975854640939e-06	-3.4727741544490334e-09	-7.383012074326726	0.6196563273136158	-0.0004263883714501621
-999.0	490.0	-5.806521974533412e-06	-1.3688185976610041e-09	-7.679487889721292	0.4336218110152692	-0.0007051537306693685
-999.0	465.0	-8.055057455773115e-06	-5.256806089259824e-10	-7.929103891527849	0.09943381968945035	-0.0011174215442426702
-999.0	440.0	-9.971600548631859e-06	-4.0317598453242597e-10	-8.22335698487356	-0.2449524811809034	-0.0015364350378431913
-999.0	415.0	-1.1418220731105333e-05	-3.0238730450009874e-10	-8.525353818067487	-0.527818363810348	-0.001836189957822296
-999.0	390.0	-1.0904613796069709e-05	-2.96925255181576e-10	-8.56171965220618	-0.6615546800211031	-0.0020015779789986205
-999.0	365.0	-8.488101225651907e-06	-4.168624228862816e-10	-8.163988675863028	-0.6327100195108954	-0.002170731733041961
-999.0	340.0	-5.827995106586942e-06	-5.450579636296611e-10	-7.254435148030994	-0.5714377479420784	-0.0024756901723545486
-999.0	315.0	-3.6579468435356115e-06	-7.242893800806521e-10	-5.909835455909609	-0.5260333847550144	-0.0029535652232448245
-999.0	290.0	-3.0041527509363173e-06	-5.435489799424561e-10	-4.578021034332259	-0.47707616029277167	-0.0035575732876161996
-999.0	265.0	-3.7055203220535034e-06	-1.8523482868391268e-10	-3.381853343475438	-0.38425027046884336	-0.00411402581046035
-999.0	240.0	-3.797831051269194e-06	4.373173613289362e-11	-2.0463810778917866	-0.17407444497895327	-0.004219730426309756
-999.0	215.0	-2.0766054492401075e-06	1.1299443563564447e-10	-0.4376481213267035	0.14267011489423687	-0.003352006830031392
-999.0	190.0	-5.873643860510457e-07	2.5482411283634e-11	1.3017298477509414	0.4790641297068891	-0.0016168747965197427
-999.0	165.0	-7.19044528362872e-07	2.4783416460660016e-12	2.8097816859445484	0.8047611670834709	-0.00011461024008996327
-999.0	140.0	2.68079020290115e-06	-3.0246570821777657e-12	3.2207222990099873	0.9748946891890583	0.00020352136740167881
-999.0	115.0	3.2409223778390246e-06	-4.276496137185287e-13	2.9639153795109445	0.7316263559170738	-0.00015149365668243724
-999.0	90.0	2.657363683599645e-06	-4.395815316217783e-13	4.133971875622142	0.18856331309864013	2.3287822297327795e-07
-999.0	65.0	-1.6339068203289187e-06	0.0	0.3580160417727026	-0.05072105897679369	0.0
-999.0	40.0	-5.836346300852347e-07	0.0	-9.88944578643829	0.08367120601710865	0.0
-999.0	15.0	3.883718466807197e-06	0.0	-18.572642161732638	0.3234012815214463	0.0
244.48611111111111	40	1006.0982603042842	day	levels	pres0
-999.0	990.0	-8.581009261472491e-07	3.011832940224059e-09	-3.3265390055519886	-1.0113821724459449	0.00010161779365431155
-999.0	965.0	-1.4715823796587245e-05	1.4421788275874509e-09	-5.5010931189097585	-1.6801953471251116	-0.0001732820895392653
-999.0	940.0	-2.062714539182568e-05	-2.2663878945457557e-09	-6.912688042436263	-2.2770484824265798	-0.0008449519735462709
-999.0	915.0	-2.5932207441605443e-05	-3.094026634902397e-10	-7.681065880116895	-2.806853285384551	-0.001464046987953781
-999.0	890.0	-2.7089113454997395e-05	-2.4526379468659645e-09	-8.033282153190074	-3.132215437434957	-0.0016622582638633205
-999.0	865.0	-2.5947241562648117e-05	-1.7538486271126295e-09	-8.259722982134106	-3.207790797664994	-0.0013177141021551964
-999.0	840.0	-2.2793553516637856e-05	-4.2622698293372485e-10	-8.492746777004655	-3.0467624948138208	-0.000607075876027995
-999.0	815.0	-1.769857357931321e-05	-2.816905796434215e-09	-8.751572794384426	-2.637669671149486	0.00024034129234740684
-999.0	790.0	-1.2375034902712413e-05	-7.050195777651268e-09	-8.95653342254579	-2.0016355519257143	0.001023419436508725
-999.0	765.0	-7.4990640511018964e-06	-1.2509862836277424e-08	-8.977701843730998	-1.250079377421355	0.0015452052559410331
-999.0	740.0	-3.7383685599710988e-06	-1.6352364541289324e-08	-8.673668288049258	-0.5707480223583905	0.0016491159613086647
-999.0	715.0	-2.1004446482825533e-06	-1.647649878359654e-08	-8.091771774821833	-0.02864710797399822	0.0013085275114960682
-999.0	690.0	-1.8767282043178466e-06	-1.5236854380267904e-08	-7.428914198799764	0.39218839104206377	0.000665267755118372
-999.0	665.0	-2.4563773281425207e-06	-1.3876616019784958e-08	-6.7307296575062106	0.6599901728922688	1.544569934892226e-05
-999.0	640.0	-2.7474053627020488e-06	-1.2686437538955407e-08	-6.2890133242758655	0.818221952588726	-0.00039965469046172186
-999.0	615.0	-2.4604622534985693e-06	-1.1962979750270464e-08	-6.215349169004532	0.8532163584530478	-0.00047859324904365135
-999.0	590.0	-2.249834321544823e-06	-1.0583233673411096e-08	-6.3563837650276245	0.8324507188702058	-0.0002559185351487275
-999.0	565.0	-2.223398787753321e-06	-8.544158113494678e-09	-6.7006675512307945	0.7661605521681574	6.66747934538197e-05
-999.0	540.0	-2.677701189835097e-06	-6.139704828665037e-09	-7.069556098608715	0.7050038760616569	0.0003003630406756214
-999.0	515.0	-3.6617307069614678e-06	-3.2362893457418806e-09	-7.413799912210466	0.6383607366255295	0.00033817461550659703
-999.0	490.0	-5.412118413323337e-06	-1.0931240080579943e-09	-7.7040128991717145	0.44991111755370855	0.00016070409962180425
-999.0	465.0	-7.691328585020073e-06	-3.2719524584079407e-10	-7.944370232404213	0.11184933757971417	-0.00014168047706547768
-999.0	440.0	-9.6981151163337e-06	-2.57321056108787e-10	-8.23269375632443	-0.24066458879007935	-0.0004397332380244541
-999.0	415.0	-1.1326814862563538e-05	-1.5398492902492403e-10	-8.533633411995005	-0.5350306880852287	-0.0006147549206240325
-999.0	390.0	-1.0965815258690152e-05	-1.699445650289379e-10	-8.56927893015128	-0.6743983200026615	-0.0006658829710011068
-999.0	365.0	-8.604392155551285e-06	-3.276138107172415e-10	-8.16937184144581	-0.6423143675875892	-0.0007491339055813079
-999.0	340.0	-5.863984142112903e-06	-4.853504475087788e-10	-7.256104041659655	-0.573496373399854	-0.0010046814732718476
-999.0	315.0	-3.5123538229584792e-06	-6.943783122828254e-10	-5.90789152800092	-0.5197125406019352	-0.0014621293028513139
-999.0	290.0	-2.74310615153939e-06	-5.418754483083742e-10	-4.577748062355182	-0.4667330726035186	-0.0020642979213275703
-999.0	265.0	-3.4341884998079525e-06	-1.9994431686894214e-10	-3.3888743761039795	-0.37627504553115004	-0.0026327220496364075
-999.0	240.0	-3.5980940357363808e-06	3.0869974464629874e-11	-2.0611352568107613	-0.1720942937665644	-0.0027662143377577995
-999.0	215.0	-2.006661314008123e-06	1.0862327944841635e-10	-0.4642347967813355	0.13964951901680547	-0.001963894397575482
-999.0	190.0	-6.868501349452856e-07	2.2375715504179288e-11	1.2480986418705913	0.4754543205397791	-0.0003900100438174149
-999.0	165.0	-8.720986859633671e-07	1.945976266414184e-12	2.7158816161137866	0.8009577819279121	0.0007919616215403059
-999.0	140.0	2.605308167968141e-06	-3.38143339674014e-12	3.0969891619707304	0.9563212839384068	0.0006276302761121568
-999.0	115.0	3.234317283535349e-06	-5.442746271704455e-13	2.852376075491188	0.6918288744868318	-9.961207931325518e-05
-999.0	90.0	2.6866701927209817e-06	-5.356282660203723e-13	4.080363808643296	0.15405637014010978	2.2646268671916473e-07
-999.0	65.0	-1.2946355865362519e-06	0.0	0.34476917449917127	-0.05605081326905005	0.0
-999.0	40.0	-1.1715738429717652e-07	0.0	-9.888252379875349	0.10068176657194355	0.0
-999.0	15.0	4.173235832655681e-06	0.0	-18.58432789643605	0.3448551995235896	0.0
244.5	40	1006.3274841308597	day	levels	pres0
-999.0	990.0	9.089104446863375e-07	2.6318560620503767e-09	-3.343172366065639	-1.0144693425723486	0.00011173925415378594
-999.0	965.0	-1.2976494063401508e-05	9.5293986507588e-10	-5.521587007279908	-1.6877319983073646	-0.00016870703013976277
-999.0	940.0	-1.9409924538599128e-05	-2.624615167622411e-09	-6.958619313580651	-2.2982972306864613	-0.000872728332811898
-999.0	915.0	-2.502404463787874e-05	-6.264671572439726e-10	-7.740234204701016	-2.8389750548771446	-0.0015480786205039007
-999.0	890.0	-2.6107456402054858e-05	-3.438748138409759e-09	-8.08686581679753	-3.165717099394118	-0.001808195646396227
-999.0	865.0	-2.488549198171804e-05	-3.1583879276045726e-09	-8.29708504676819	-3.234412857464382	-0.0015153085953198465
-999.0	840.0	-2.174555723156248e-05	-1.646425290447143e-09	-8.512302262442454	-3.0619613783700137	-0.0008391099287052193
-999.0	815.0	-1.6628874037119137e-05	-3.7073567583565683e-09	-8.757537875856674	-2.636857850211008	-1.7588073268485863e-06
-999.0	790.0	-1.128154063952111e-05	-7.615710972690039e-09	-8.953278507505146	-1.9823279167924612	0.0007980300497895433
-999.0	765.0	-6.525554973262525e-06	-1.266012944734752e-08	-8.967364311218262	-1.2147031995866984	0.0013597961615201956
-999.0	740.0	-2.8692077594025743e-06	-1.6263186726497397e-08	-8.656782984733583	-0.525162873523576	0.001521281695032522
-999.0	715.0	-1.2578447462551085e-06	-1.6392100535865343e-08	-8.068828599793573	0.022484559033598233	0.0012505202218983666
-999.0	690.0	-1.074995416852217e-06	-1.5254747972542804e-08	-7.402832141944342	0.4467476489288467	0.0006885410944764616
-999.0	665.0	-1.7048477653473141e-06	-1.4091966330029428e-08	-6.706102073192598	0.7154325080503311	0.00013408348157169535
-999.0	640.0	-2.029853427620043e-06	-1.3007289223698162e-08	-6.272446407803468	0.8714537852044619	-0.0001728860624164191
-999.0	615.0	-1.7741089963930704e-06	-1.2284310530900722e-08	-6.214504520807949	0.9003412271184582	-0.00013813495929116486
-999.0	590.0	-1.622602054368823e-06	-1.080863222125031e-08	-6.37075698375702	0.8711289167404178	0.00019725355386193455
-999.0	565.0	-1.6734576026450786e-06	-8.56119064597546e-09	-6.727116587970938	0.794706175502922	0.000628302465791427
-999.0	540.0	-2.2017449881541475e-06	-5.999401421701936e-09	-7.102011386837279	0.7264934054442816	0.0009650704308671148
-999.0	515.0	-3.2324855592811398e-06	-2.9998045370337513e-09	-7.444587750094279	0.6570651459374599	0.001102640175624644
-999.0	490.0	-5.01771485211239e-06	-8.174294184538581e-10	-7.728537908622198	0.4662004240921567	0.0010264485040624171
-999.0	465.0	-7.327599714266226e-06	-1.2870988275464024e-10	-7.9596365732806085	0.12426485546997608	0.0008339358379763259
-999.0	440.0	-9.424629684035032e-06	-1.1146612768431034e-10	-8.24203052777531	-0.23637669639928005	0.0006568390452360982
-999.0	415.0	-1.1235408994021813e-05	-5.582553548886052e-12	-8.541913005922522	-0.5422430123601643	0.0006065556456118658
-999.0	390.0	-1.102701672131107e-05	-4.296387487556792e-11	-8.576838208096369	-0.6872419599842813	0.0006697003970679485
-999.0	365.0	-8.72068308545129e-06	-2.3836519854768777e-10	-8.174755007028581	-0.6519187156643188	0.000672369055931725
-999.0	340.0	-5.899973177639325e-06	-4.2564293138754684e-10	-7.257772935288295	-0.5755549988576346	0.000466245562366919
-999.0	315.0	-3.366760802381333e-06	-6.644672444847873e-10	-5.905947600092207	-0.5133916964488371	2.9224898608417288e-05
-999.0	290.0	-2.4820595521420717e-06	-5.402019166741946e-10	-4.577475090378098	-0.4563899849142347	-0.0005711282392712371
-999.0	265.0	-3.1628566775618807e-06	-2.146538050539445e-10	-3.3958954087325517	-0.36829982059342514	-0.0011515682686286527
-999.0	240.0	-3.3983570202032027e-06	1.8008212796375446e-11	-2.075889435729811	-0.17011414255414695	-0.0013128690061316964
-999.0	215.0	-1.936717178776033e-06	1.0425212326120507e-10	-0.4908214722360885	0.1366289231394019	-0.0005759272676842449
-999.0	190.0	-7.863358838394995e-07	1.926901972472439e-11	1.1944674359900613	0.47184451137270267	0.0008367459794643759
-999.0	165.0	-1.0251528435638032e-06	1.4136108867595382e-12	2.6219815462827682	0.7971543967723846	0.0016984560767516067
-999.0	140.0	2.529826133035212e-06	-3.7382097113030405e-12	2.973256024931159	0.9377478786877225	0.0010517184868286656
-999.0	115.0	3.227712189231719e-06	-6.608996406227908e-13	2.74083677147116	0.6520313930564694	-4.772560311644465e-05
-999.0	90.0	2.7159767018424145e-06	-6.316750004193708e-13	4.026755741664342	0.11954942718148234	2.2004548537997673e-07
-999.0	65.0	-9.553643527425945e-07	0.0	0.3315223072256363	-0.06138056756130286	0.0
-999.0	40.0	3.4931986149223073e-07	0.0	-9.887058973312381	0.11769232712686069	0.0
-999.0	15.0	4.462753198505011e-06	0.0	-18.596013631139485	0.36630911752581596	0.0
244.51388888888889	40	1006.2883901444693	day	levels	pres0
-999.0	990.0	2.80135505828049e-06	2.1509191411830082e-09	-3.3299980128095252	-1.0118239543267737	5.99556120669057e-05
-999.0	965.0	-1.0427334148768131e-05	6.805995530013503e-11	-5.444376734514011	-1.663380015020559	-0.00028225144435868046
-999.0	940.0	-1.6990249567518806e-05	-3.865394743146122e-09	-6.841439792087986	-2.248762656771912	-0.0010410552744710042
-999.0	915.0	-2.2809418666500768e-05	-2.458802579593504e-09	-7.614846749911113	-2.767795874012783	-0.0017883686498473372
-999.0	890.0	-2.425734558991731e-05	-5.153339695781696e-09	-7.966909058510189	-3.0806104370525107	-0.0021410433262879602
-999.0	865.0	-2.3200549361847908e-05	-4.612261691108391e-09	-8.184533297069363	-3.1432255525436608	-0.0019585319830630354
-999.0	840.0	-2.007974530988889e-05	-3.1614125229113525e-09	-8.408176293448674	-2.971524162897875	-0.0013950768259294603
-999.0	815.0	-1.510108679835067e-05	-5.233509211870183e-09	-8.660404697296993	-2.55483811289534	-0.0006532032323105707
-999.0	790.0	-1.0061447415827963e-05	-9.045205697028301e-09	-8.86275232405879	-1.9151561583080903	8.634218964441318e-05
-999.0	765.0	-5.481688078241982e-06	-1.3966941704024326e-08	-8.885273999637935	-1.1650424098210823	0.0006390471022450089
-999.0	740.0	-2.035282107111875e-06	-1.7148174909708338e-08	-8.589139879695873	-0.4902665644055661	0.0008490468303701821
-999.0	715.0	-6.988532013768184e-07	-1.6689930420995015e-08	-8.020165405576128	0.04632135374209654	0.0006763618024066316
-999.0	690.0	-6.810521170643464e-07	-1.5269510160122996e-08	-7.373403971157339	0.4614675159137648	0.0002484078772094636
-999.0	665.0	-1.3529643522343663e-06	-1.4064316290826361e-08	-6.694958250200934	0.7231371789461182	-0.00015478684276728412
-999.0	640.0	-1.70201531691819e-06	-1.2945794466327507e-08	-6.274378568880163	0.8729339401636766	-0.00031092713406560466
-999.0	615.0	-1.491349752223357e-06	-1.2187816334197791e-08	-6.222316432093848	0.8964781191732069	-0.0001385096870438033
-999.0	590.0	-1.3900081080101725e-06	-1.0696554260214843e-08	-6.38004580849696	0.8635150062895772	0.0003162751142043491
-999.0	565.0	-1.4844095511804178e-06	-8.443447948904558e-09	-6.733499335864254	0.7849759682421457	0.0008556912746256352
-999.0	540.0	-2.0410383335351796e-06	-5.938523992891134e-09	-7.104210555671707	0.7132182648730435	0.0012997958995077975
-999.0	515.0	-3.1037876839097444e-06	-3.0641922726407897e-09	-7.44196608378773	0.6383198684169844	0.0015541680087709025
-999.0	490.0	-4.9270605266002854e-06	-9.76995550163359e-10	-7.720942955168447	0.4431904951731053	0.0016086945378385217
-999.0	465.0	-7.299741284964614e-06	-3.1348105602867947e-10	-7.9466486554296845	0.09965238708349657	0.0015566867653852064
-999.0	440.0	-9.48174324829477e-06	-2.6878058970781e-10	-8.221651822860702	-0.25900497535866096	0.001525358934248194
-999.0	415.0	-1.134319170550641e-05	-1.1435031805285833e-10	-8.512048953582305	-0.5589779679264352	0.0016218925228014527
-999.0	390.0	-1.1179350477494094e-05	-1.2298850022937488e-10	-8.53822044413234	-0.6964180830806846	0.0018289159064696023
-999.0	365.0	-8.908472045668272e-06	-3.012973045706227e-10	-8.130546514654377	-0.6538459536367985	0.0019687773422665455
-999.0	340.0	-6.062155308175783e-06	-4.542419045475323e-10	-7.214941255393423	-0.5747151911731612	0.0018870187364503467
-999.0	315.0	-3.4576433368283946e-06	-6.472801180514421e-10	-5.87137273285119	-0.514521377752463	0.0015531127004397155
-999.0	290.0	-2.4956961780806036e-06	-5.056787528314163e-10	-4.551235639741452	-0.45847057188965773	0.001029274532099384
-999.0	265.0	-3.0698389105655467e-06	-1.8939469011562678e-10	-3.3766230121254437	-0.36707185291582656	0.0004937592821752042
-999.0	240.0	-3.1519770056394163e-06	1.9283328314209023e-11	-2.0657531179132342	-0.16032465220620698	0.0003243136071866776
-999.0	215.0	-1.6189288034639532e-06	8.797908454700963e-11	-0.4892482899483428	0.1579425926246614	0.0009589309238408316
-999.0	190.0	-5.52642664245832e-07	1.2479661251814028e-11	1.1933091926197084	0.4974805930304534	0.0021585809060648436
-999.0	165.0	-8.283823121740509e-07	5.062650206108453e-13	2.6213735096925914	0.8126204136818362	0.0027227707017428975
-999.0	140.0	2.5708094543928922e-06	-3.886015356024471e-12	2.978401390924377	0.9365450531717219	0.0015934176004304755
-999.0	115.0	3.3378301504952025e-06	-6.125583597796647e-13	2.7623646773753046	0.6411156823474105	6.513541961486332e-05
-999.0	90.0	2.9869660869822744e-06	-6.571503311101594e-13	4.057973930287019	0.11406637196030445	1.7437483399332147e-07
-999.0	65.0	-6.014471947551164e-07	0.0	0.3692083091638076	-0.05588805279322693	0.0
-999.0	40.0	8.304809845129185e-07	0.0	-9.85941715372931	0.10070117429961105	0.0
-999.0	15.0	4.766956154451267e-06	0.0	-18.566679489044898	0.3324115330145917	0.0
244.52777777777777	40	1006.2492961580793	day	levels	pres0
-999.0	990.0	4.693799671868789e-06	1.6699822203174612e-09	-3.3168236595534193	-1.009178566081184	8.115437142615464e-06
-999.0	965.0	-7.878174234143521e-06	-8.168199544725826e-10	-5.367166461748296	-1.6390280317337838	-0.00039587956730108216
-999.0	940.0	-1.4570574596446606e-05	-5.106174318666339e-09	-6.7242602705956	-2.199228082857453	-0.0012094636719149163
-999.0	915.0	-2.0594792695128996e-05	-4.291138001938685e-09	-7.489459295121504	-2.696616693148563	-0.002028762013962
-999.0	890.0	-2.2407234777784257e-05	-6.8679312531496964e-09	-7.846952300223144	-2.9955037747110955	-0.002474042241684302
-999.0	865.0	-2.1515606741981723e-05	-6.066135454608693e-09	-8.07198154737084	-3.052038247623177	-0.0024019623445545716
-999.0	840.0	-1.8413933388219354e-05	-4.6763997553715405e-09	-8.304050324455188	-2.881086947426001	-0.0019512944419621677
-999.0	815.0	-1.3573299559586138e-05	-6.7596616653794824e-09	-8.563271518737595	-2.4728183755799296	-0.0013049323500988377
-999.0	790.0	-8.841354192138139e-06	-1.0474700421362022e-08	-8.77222614061269	-1.8479843998239458	-0.0006256493397960434
-999.0	765.0	-4.437821183224306e-06	-1.5273753960697002e-08	-8.80318368805783	-1.1153816200556492	-8.1985273108183e-05
-999.0	740.0	-1.201356454823333e-06	-1.8033163092916724e-08	-8.521496774658356	-0.45537025528769415	0.00017656875799606744
-999.0	715.0	-1.3986165649988145e-07	-1.6987760306123963e-08	-7.9715022113588345	0.07015814845049935	0.00010200817871731874
-999.0	690.0	-2.8710881727752805e-07	-1.5284272347703382e-08	-7.343975800370426	0.4761873828986262	-0.00019186395911140994
-999.0	665.0	-1.0010809391225712e-06	-1.4036666251623738e-08	-6.683814427209284	0.7308418498418832	-0.0004437396788951541
-999.0	640.0	-1.3741772062174177e-06	-1.2884299708957391e-08	-6.276310729956815	0.8744140951228982	-0.0004490038426865495
-999.0	615.0	-1.2085905080543743e-06	-1.2091322137495444e-08	-6.230128343379683	0.892615011227984	-0.0001388845002031553
-999.0	590.0	-1.157414161651974e-06	-1.0584476299179899e-08	-6.389334633236834	0.8559010958387776	0.0004353264848007753
-999.0	565.0	-1.29536149971606e-06	-8.32570525183403e-09	-6.739882083757526	0.7752457609814118	0.0010831476548884135
-999.0	540.0	-1.8803316789163863e-06	-5.877646564080405e-09	-7.106409724506121	0.6999431243018556	0.0016346338972213575
-999.0	515.0	-2.975089808538365e-06	-3.1285800082474175e-09	-7.439344417481196	0.6195745908965745	0.002005855570488379
-999.0	490.0	-4.836406201088056e-06	-1.1365616818720145e-09	-7.713348001714741	0.42018056625412536	0.002191146788037458
-999.0	465.0	-7.271882855662696e-06	-4.982522293016256e-10	-7.93366073757884	0.07503991869707899	0.0022796817233572656
-999.0	440.0	-9.538856812553986e-06	-4.260950517302854e-10	-8.201273117946206	-0.2816332543180023	0.002394151611439236
-999.0	415.0	-1.1450974416990439e-05	-2.2311808255609442e-10	-8.482184901242233	-0.5757129234926995	0.0026375213584275813
-999.0	390.0	-1.1331684233676522e-05	-2.0301312558264841e-10	-8.499602680168474	-0.7055942061771117	0.0029884306306117592
-999.0	365.0	-9.096261005884681e-06	-3.6422941059316755e-10	-8.086338022280328	-0.6557731916093198	0.0032654812880228237
-999.0	340.0	-6.224337438711845e-06	-4.828408777072969e-10	-7.172109575498695	-0.5738753834887202	0.003308077906211962
-999.0	315.0	-3.548525871275307e-06	-6.300929916180371e-10	-5.8367978656102935	-0.5156510590560882	0.0030772751182911616
-999.0	290.0	-2.509332804019157e-06	-4.711555889886449e-10	-4.524996189104913	-0.4605511588650581	0.002629942312980956
-999.0	265.0	-2.9768211435694405e-06	-1.6413557517731534e-10	-3.3573506155184476	-0.36584388523821154	0.0021393438359240224
-999.0	240.0	-2.9055969910762736e-06	2.0558443832061095e-11	-2.0556168000967814	-0.15053516185828372	0.0019617222131990543
-999.0	215.0	-1.301140428152936e-06	7.170604583284592e-11	-0.48767510766075156	0.1792562621098543	0.002493935465809857
-999.0	190.0	-3.189494446531942e-07	5.690302778909034e-12	1.1921509492491904	0.5231166746881154	0.0034804784225843897
-999.0	165.0	-6.316117807850419e-07	-4.0108084554159054e-13	2.6207654731022907	0.8280864305912463	0.003747116777517881
-999.0	140.0	2.6117927757501555e-06	-4.033821000745706e-12	2.9835467569175163	0.9353422276557486	0.002135155335185076
-999.0	115.0	3.44794811175826e-06	-5.642170789366386e-13	2.7838925832793717	0.6301999716383905	0.00017800674474049847
-999.0	90.0	3.257955472121255e-06	-6.826256618008589e-13	4.089192118909611	0.10858331673911818	1.2870740069466518e-07
-999.0	65.0	-2.475300367686609e-07	0.0	0.40689431110188395	-0.05039553802519992	0.0
-999.0	40.0	1.3116421075322251e-06	0.0	-9.8317753341463	0.08371002147240986	0.0
-999.0	15.0	5.07115911039665e-06	0.0	-18.537345346950364	0.29851394850348256	0.0
244.54166666666666	40	1006.2102021716892	day	levels	pres0
-999.0	990.0	6.586244285463267e-06	1.1890452994500116e-09	-3.3036493062972996	-1.006533177835605	-4.3781264405787954e-05
-999.0	965.0	-5.329014319509795e-06	-1.7016998642484875e-09	-5.289956188982391	-1.614676048446972	-0.0005095913977735597
-999.0	940.0	-1.2150899625365956e-05	-6.346953894190264e-09	-6.6070807491029235	-2.149693508942897	-0.0013779535286510978
-999.0	915.0	-1.838016672375071e-05	-6.1234734242884415e-09	-7.3640718403315875	-2.625437512284192	-0.002269258718731395
-999.0	890.0	-2.0557123965646504e-05	-8.582522810521762e-09	-7.7269955419357945	-2.9103971123694796	-0.002807192401899105
-999.0	865.0	-1.9830664122111513e-05	-7.520009218112594e-09	-7.959429797672012	-2.960850942702446	-0.0028455996919475404
-999.0	840.0	-1.6748121466545775e-05	-6.191386987835916e-09	-8.199924355461409	-2.7906497319538555	-0.0025077627889100035
-999.0	815.0	-1.204551232081769e-05	-8.285814118893373e-09	-8.466138340177924	-2.3907986382642563	-0.0019569461707475934
-999.0	790.0	-7.621260968444974e-06	-1.1904195145700597e-08	-8.681699957166343	-1.7808126413395702	-0.0013379445447614367
-999.0	765.0	-3.393954288203718e-06	-1.658056621737411e-08	-8.72109337647751	-1.0657208302900307	-0.0008033009669350188
-999.0	740.0	-3.674308025325727e-07	-1.8918151276127903e-08	-8.453853669620651	-0.4204739461696831	-0.0004961525217384655
-999.0	715.0	4.1912988837847755e-07	-1.7285590191253827e-08	-7.922839017141396	0.09399494315899776	-0.00047254064757703065
-999.0	690.0	1.0683448251040839e-07	-1.5299034535283703e-08	-7.314547629583428	0.4909072498835438	-0.000632274412567352
-999.0	665.0	-6.491975260095635e-07	-1.4009016212420746e-08	-6.672670604217624	0.73854652073767	-0.0007327750253762068
-999.0	640.0	-1.0463390955155092e-06	-1.2822804951586772e-08	-6.278242891033513	0.8758942500821134	-0.0005871161875742173
-999.0	615.0	-9.258312638846038e-07	-1.1994827940792533e-08	-6.237940254665585	0.8887519032827333	-0.0001392593987671918
-999.0	590.0	-9.248202152932683e-07	-1.047239833814444e-08	-6.398623457976778	0.8482871853879375	0.000554407665112681
-999.0	565.0	-1.106313448251348e-06	-8.207962554763128e-09	-6.746264831650843	0.7655155537206351	0.0013106716054645513
-999.0	540.0	-1.719625024297368e-06	-5.816769135269609e-09	-7.10860889334055	0.6866679837306159	0.001969584422331654
-999.0	515.0	-2.846391933166923e-06	-3.1929677438544704e-09	-7.436722751174651	0.6008293133760959	0.0024577028586737545
-999.0	490.0	-4.745751875575913e-06	-1.2961278135815315e-09	-7.705753048260991	0.39717063733506985	0.002773805252688836
-999.0	465.0	-7.244024426361056e-06	-6.830234025756714e-10	-7.920672819727916	0.05042745031059502	0.0030029207109447094
-999.0	440.0	-9.595970376813698e-06	-5.834095137537867e-10	-8.180894413031597	-0.3042615332773866	0.003263217077055504
-999.0	415.0	-1.1558757128475014e-05	-3.318858470600648e-10	-8.452320848902012	-0.5924478790589717	0.0036534421538864286
-999.0	390.0	-1.1484017989859518e-05	-2.8303775093645184e-10	-8.460984916204442	-0.7147703292735131	0.004148244571281823
-999.0	365.0	-9.284049966101626e-06	-4.2716151661610043e-10	-8.04212952990612	-0.6577004295817942	0.004562480894725405
-999.0	340.0	-6.386519569248263e-06	-5.114398508672825e-10	-7.1292778956038205	-0.5730355758042392	0.004729423072578071
-999.0	315.0	-3.6394084057223354e-06	-6.12905865184692e-10	-5.802222998369273	-0.5167807403597061	0.0046017121523484
-999.0	290.0	-2.522969429957664e-06	-4.366324251458664e-10	-4.498756738468264	-0.4626317458404733	0.00423087510309848
-999.0	265.0	-2.8838033765730858e-06	-1.388764602389987e-10	-3.338078218911343	-0.36461591756060485	0.003785185392121251
-999.0	240.0	-2.6592169765124817e-06	2.1833559349889538e-11	-2.0454804822802157	-0.1407456715103352	0.0035993568115050313
-999.0	215.0	-9.83352052840897e-07	5.543300711864292e-11	-0.4861019253730255	0.20056993159512218	0.004029086358089106
-999.0	190.0	-8.525622505961062e-08	-1.0990556940040934e-12	1.190992705878813	0.5487527563458704	0.004802438529014131
-999.0	165.0	-4.348412493953751e-07	-1.3084267116904564e-12	2.6201574365120943	0.8435524475006957	0.0047714943040805405
-999.0	140.0	2.652776097107767e-06	-4.181626645467125e-12	2.988692122910725	0.93413940213974	0.0026769316910950037
-999.0	115.0	3.5580660730217077e-06	-5.158757980935168e-13	2.805420489183516	0.6192842609293224	0.00029088837226091155
-999.0	90.0	3.5289448572611066e-06	-7.08100992491656e-13	4.120410307532291	0.10310026151793586	8.304318548332673e-08
-999.0	65.0	1.0638712121882216e-07	0.0	0.44458031304005735	-0.0449030232571259	0.0
-999.0	40.0	1.7928032305529322e-06	0.0	-9.804133514563233	0.06671886864516112	0.0
-999.0	15.0	5.3753620663429065e-06	0.0	-18.50801120485578	0.264616363992258	0.0
244.55555555555554	40	1006.1711081852992	day	levels	pres0
-999.0	990.0	8.478688899051568e-06	7.081083785844647e-10	-3.2904749530411928	-1.0038877895900158	-9.5734486362917e-05
-999.0	965.0	-2.7798544048851838e-06	-2.586579774021208e-09	-5.212745916216676	-1.5903240651601969	-0.0006233869345809533
-999.0	940.0	-9.73122465429375e-06	-7.58773346971048e-09	-6.489901227610538	-2.1001589350284378	-0.0015465248481840107
-999.0	915.0	-1.6165540752378936e-05	-7.95580884663362e-09	-7.238684385541979	-2.554258331419972	-0.002509858770034204
-999.0	890.0	-1.8707013153513457e-05	-1.029711436788976e-08	-7.607038783648752	-2.8252904500280644	-0.003140493816239297
-999.0	865.0	-1.8145721502245332e-05	-8.973882981612892e-09	-7.846878047973488	-2.8696636377819624	-0.0032894440373866943
-999.0	840.0	-1.5082309544876245e-05	-7.706374220296102e-09	-8.095798386467925	-2.700212516481981	-0.0030644818788708892
-999.0	815.0	-1.0517725082053152e-05	-9.811966572402672e-09	-8.369005161618523	-2.3087789009488464	-0.0026092447043039803
-999.0	790.0	-6.401167744755149e-06	-1.3333689870034321e-08	-8.59117377372024	-1.7136408828554255	-0.002050543431472691
-999.0	765.0	-2.3500873931860424e-06	-1.7887378474046785e-08	-8.639003064897407	-1.0160600405245979	-0.0015248999816226707
-999.0	740.0	4.664948497559689e-07	-1.9803139459336296e-08	-8.386210564583132	-0.3855776370518111	-0.0011691170084741841
-999.0	715.0	9.781214332554153e-07	-1.7583420076382775e-08	-7.8741758229241015	0.11783173786740056	-0.0010472846748770946
-999.0	690.0	5.00777782297227e-07	-1.531379672286409e-08	-7.2851194587965145	0.5056271168684051	-0.0010728234812343463
-999.0	665.0	-2.9731411289776804e-07	-1.3981366173218122e-08	-6.661526781225973	0.7462511916334348	-0.001021892880771418
-999.0	640.0	-7.185009848147373e-07	-1.2761310194216658e-08	-6.280175052110163	0.8773744050413351	-0.0007252641680222508
-999.0	615.0	-6.430720197156213e-07	-1.1898333744090186e-08	-6.24575216595142	0.8848887953375104	-0.0001396343827344616
-999.0	590.0	-6.922262689350692e-07	-1.0360320377109495e-08	-6.407912282716652	0.8406732749371376	0.0006735186545992858
-999.0	565.0	-9.172653967869898e-07	-8.0902198576926e-09	-6.752647579544115	0.7557853464599015	0.0015382631252351582
-999.0	540.0	-1.558918369678573e-06	-5.7558917064588824e-09	-7.110808062174963	0.6733928431594282	0.0023046474731576137
-999.0	515.0	-2.7176940577955437e-06	-3.257355479461098e-09	-7.434101084868119	0.582084035855686	0.002909709871217603
-999.0	490.0	-4.655097550063683e-06	-1.4556939452901866e-09	-7.698158094807288	0.37416070841609006	0.0033566699298150098
-999.0	465.0	-7.216165997059137e-06	-8.677945758486176e-10	-7.907684901877071	0.025814981924177534	0.003726403727191327
-999.0	440.0	-9.653083941072913e-06	-7.407239757762626e-10	-8.160515708117101	-0.32688981223672786	0.004132555331333633
-999.0	415.0	-1.1666539839959037e-05	-4.406536115633008e-10	-8.422456796561942	-0.609182834625236	0.004669654910563258
-999.0	390.0	-1.1636351746041953e-05	-3.6306237628972524e-10	-8.422367152240573	-0.7239464523699402	0.0053083577302550705
-999.0	365.0	-9.471838926318035e-06	-4.900936226386452e-10	-7.997921037532074	-0.6596276675543155	0.005859776163885946
-999.0	340.0	-6.548701699784325e-06	-5.40038824027047e-10	-7.086446215709091	-0.5721957681197983	0.006151054236460948
-999.0	315.0	-3.7302909401692476e-06	-5.957187387512871e-10	-5.767648131128377	-0.5179104216633316	0.0061264238027823655
-999.0	290.0	-2.536606055896217e-06	-4.0210926130309493e-10	-4.472517287831726	-0.4647123328158737	0.005832072902161715
-999.0	265.0	-2.7907856095769788e-06	-1.1361734530068733e-10	-3.318805822304346	-0.3633879498829896	0.005431283950254749
-999.0	240.0	-2.4128369619493394e-06	2.310867486774163e-11	-2.0353441644637633	-0.13095618116241178	0.005237217401688573
-999.0	215.0	-6.6556367752988e-07	3.9159968404479194e-11	-0.4845287430854345	0.22188360108031494	0.00556438360052988
-999.0	190.0	1.4843699453302685e-07	-7.888414166909087e-12	1.1898344625082946	0.5743888380035328	0.006124461225331902
-999.0	165.0	-2.3807071800636635e-07	-2.215772577842893e-12	2.619549399921793	0.8590184644101055	0.005795903281424416
-999.0	140.0	2.69375941846503e-06	-4.329432290188359e-12	2.9938374889038646	0.9329365766237669	0.0032187466681573144
-999.0	115.0	3.6681840342847634e-06	-4.675345172504908e-13	2.826948395087582	0.6083685502203023	0.00040378030217541464
-999.0	90.0	3.7999342424000864e-06	-7.335763231823553e-13	4.151628496154883	0.09761720629674965	3.7382188359738516e-08
-999.0	65.0	4.6030427920527777e-07	0.0	0.48226631497813327	-0.039410508489098973	0.0
-999.0	40.0	2.273964353572239e-06	0.0	-9.776491694980223	0.049727715817959886	0.0
-999.0	15.0	5.679565022288289e-06	0.0	-18.478677062761243	0.23071877948114888	0.0
244.56944444444446	40	1006.1320141989088	day	levels	pres0
-999.0	990.0	1.0371133512646444e-05	2.2717145771718318e-10	-3.277300599785076	-1.0012424013444383	-0.00014774422251282102
-999.0	965.0	-2.3069449025104822e-07	-3.471459683796903e-09	-5.1355356434507415	-1.565972081873376	-0.000737266176529787
-999.0	940.0	-7.311549683212735e-06	-8.828513045234323e-09	-6.37272170611782	-2.0506243611138686	-0.0017151776340202814
-999.0	915.0	-1.3950914781000196e-05	-9.788144268983618e-09	-7.113296930752012	-2.4830791505555845	-0.0027505621737515334
-999.0	890.0	-1.6856902341375094e-05	-1.201170592526215e-08	-7.487082025361347	-2.7401837876864312	-0.0034739464940144503
-999.0	865.0	-1.6460778882374218e-05	-1.0427756745117024e-08	-7.734326298274596	-2.778476332861217	-0.003733495393020426
-999.0	840.0	-1.3416497623201616e-05	-9.221361452760608e-09	-7.991672417474077	-2.6097753010098232	-0.0036214517239481943
-999.0	815.0	-8.989937843283893e-06	-1.1338119025916393e-08	-8.271871983058778	-2.226759163633161	-0.003261827960822316
-999.0	790.0	-5.181074521061572e-06	-1.476318459437242e-08	-8.500647590273816	-1.6464691243710425	-0.002763446006159128
-999.0	765.0	-1.3062204981652027e-06	-1.9194190730723532e-08	-8.556912753317011	-0.9663992507589758	-0.0022467823195670283
-999.0	740.0	1.3004205020468989e-06	-2.068812764254725e-08	-8.318567459545374	-0.350681327933798	-0.0018423247018600417
-999.0	715.0	1.5371129781337968e-06	-1.7881249961512315e-08	-7.825512628706629	0.14166853257590276	-0.0016222239015905296
-999.0	690.0	8.947210820850419e-07	-1.532855891044417e-08	-7.255691288009495	0.5203469838533288	-0.0015135111631936601
-999.0	665.0	5.456930021502443e-08	-1.395371613401511e-08	-6.650382958234293	0.7539558625292295	-0.001311093243645094
-999.0	640.0	-3.9066287411304875e-07	-1.2699815436846102e-08	-6.282107213186842	0.878854560000558	-0.0008634477833256223
-999.0	615.0	-3.6031277554601457e-07	-1.1801839547387327e-08	-6.253564077237305	0.8810256873922654	-0.00014000945210296706
-999.0	590.0	-4.5963232257648025e-07	-1.0248242416074045e-08	-6.417201107456582	0.8330593644863011	0.0007926594527220036
-999.0	565.0	-7.282173453223615e-07	-7.972477160621619e-09	-6.759030327437425	0.7460551391991274	0.0017659222130849488
-999.0	540.0	-1.398211715059622e-06	-5.695014277647949e-09	-7.113007231009388	0.6601177025881927	0.002639823048023027
-999.0	515.0	-2.5889961824241658e-06	-3.3217432150679923e-09	-7.43147941856157	0.5633387583352149	0.0033618766060165813
-999.0	490.0	-4.564443224551593e-06	-1.6152600769995264e-09	-7.69056314135354	0.3511507794970418	0.003939740817445694
-999.0	465.0	-7.188307567757533e-06	-1.0525657491224593e-09	-7.8946969840261545	0.0012025135376951964	0.00445013077114961
-999.0	440.0	-9.710197505332674e-06	-8.980384377995692e-10	-8.140137003202504	-0.3495180911961182	0.005002166374520319
-999.0	415.0	-1.1774322551443706e-05	-5.494213760671332e-10	-8.392592744221739	-0.6259177901915225	0.005686159629854745
-999.0	390.0	-1.1788685502225123e-05	-4.430870016434405e-10	-8.383749388276554	-0.7331225754663617	0.0064687701093195105
-999.0	365.0	-9.659627886535268e-06	-5.53025728661528e-10	-7.95371254515786	-0.661554905526812	0.007157367097030025
-999.0	340.0	-6.710883830321064e-06	-5.686377971870014e-10	-7.043614535814203	-0.5713559604353361	0.007572971398787782
-999.0	315.0	-3.821173474616532e-06	-5.785316123179125e-10	-5.7330732638873405	-0.5190401029669599	0.0076514100697796855
-999.0	290.0	-2.5502426818348864e-06	-3.675860974602845e-10	-4.446277837195063	-0.46679291979129317	0.0074335357098967185
-999.0	265.0	-2.6977678425806888e-06	-8.835823036234382e-11	-3.29953342569723	-0.36215998220538537	0.007077639509829053
-999.0	240.0	-2.1664569473854903e-06	2.438379038558274e-11	-2.0252078466471897	-0.12116669081446604	0.0068753039833503605
-999.0	215.0	-3.477753022176805e-07	2.2886929690278905e-11	-0.4829555607977096	0.24319727056557852	0.007099827192999442
-999.0	190.0	3.8213021412676407e-07	-1.4677772639822247e-11	1.1886762191379163	0.600024919661284	0.007446546511529639
-999.0	165.0	-4.130018661658825e-08	-3.123118443992144e-12	2.618941363331606	0.874484481319559	0.006820343709554081
-999.0	140.0	2.7347427398226765e-06	-4.477237934909817e-12	2.9989828548970894	0.9317337511077746	0.003760600266374844
-999.0	115.0	3.7783019955483205e-06	-4.191932364073173e-13	2.848476300991741	0.5974528395112498	0.0005166825344845138
-999.0	90.0	4.070923627540059e-06	-7.59051653873126e-13	4.182846684777572	0.09213415107556837	-8.275590676770003e-09
-999.0	65.0	8.142214371929293e-07	0.0	0.5199523169163277	-0.033917993721024275	0.0
-999.0	40.0	2.755125476593106e-06	0.0	-9.748849875397129	0.03273656299070197	0.0
-999.0	15.0	5.983767978234559e-06	0.0	-18.449342920666624	0.19682119496991635	0.0
244.58333333333334	40	1006.092920212519	day	levels	pres0
-999.0	990.0	1.2263578126234837e-05	-2.537654631483637e-10	-3.2641262465289724	-0.9985970130988493	-0.00019981046663745272
-999.0	965.0	2.318465424373701e-06	-4.3563395935696155e-09	-5.058325370685032	-1.541620098586603	-0.0008512291224248515
-999.0	940.0	-4.891874712140425e-06	-1.006929262075449e-08	-6.255542184625438	-2.001089787199414	-0.0018839118896635694
-999.0	915.0	-1.1736288809628432e-05	-1.1620479691328654e-08	-6.987909475962407	-2.411899969691371	-0.0029913689357596498
-999.0	890.0	-1.5006791529242119e-05	-1.3726297482629965e-08	-7.367125267074307	-2.655077125345023	-0.0038075504445270903
-999.0	865.0	-1.477583626250812e-05	-1.188163050861716e-08	-7.621774548576076	-2.6872890279407398	-0.004177753770988507
-999.0	840.0	-1.1750685701532162e-05	-1.0736348685220692e-08	-7.8875464484805935	-2.519338085537953	-0.004178672336236046
-999.0	815.0	-7.462150604519443e-06	-1.2864271479425622e-08	-8.174738804499377	-2.144739426317754	-0.00391469595034743
-999.0	790.0	-3.96098129737183e-06	-1.61926793187061e-08	-8.410121406827715	-1.5792973658868983	-0.003476652275040568
-999.0	765.0	-2.6235360314759783e-07	-2.050100298739619e-08	-8.47482244173691	-0.9167384609935428	-0.002968947983154681
-999.0	740.0	2.1343461543353793e-06	-2.1573115825755623e-08	-8.250924354507857	-0.31578501881592536	-0.002515775601536375
-999.0	715.0	2.096104523010682e-06	-1.8179079846641266e-08	-7.776849434489337	0.16550532728430628	-0.002197358326117636
-999.0	690.0	1.2886643818718147e-06	-1.5343321098024562e-08	-7.226263117222585	0.535066850838191	-0.0019543374565209764
-999.0	665.0	4.064527133267789e-07	-1.3926066094812494e-08	-6.639239135242646	0.7616605334249951	-0.001600376112558045
-999.0	640.0	-6.282476341231823e-08	-1.2638320679476e-08	-6.2840393742634975	0.8803347149597803	-0.0010016670327779454
-999.0	615.0	-7.755353137707763e-08	-1.1705345350684981e-08	-6.261375988523143	0.877162579447043	-0.00014038460687132578
-999.0	590.0	-2.270383762183265e-07	-1.0136164455039102e-08	-6.426489932196458	0.8254454540355015	0.0009118300589399468
-999.0	565.0	-5.391692938580396e-07	-7.854734463551085e-09	-6.765413075330697	0.7363249319383938	0.0019936488678948916
-999.0	540.0	-1.237505060440862e-06	-5.634136848837214e-09	-7.115206399843803	0.6468425620170052	0.0029751111452466345
-999.0	515.0	-2.460298307052826e-06	-3.3861309506746097e-09	-7.428857752255038	0.544593480814806	0.0038142030609609958
-999.0	490.0	-4.473788899039403e-06	-1.7748262087081739e-09	-7.682968187899834	0.32814085057806325	0.004523017913602881
-999.0	465.0	-7.1604491384556515e-06	-1.2373369223954023e-09	-7.881709066175309	-0.023409954848720566	0.005174101841862877
-999.0	440.0	-9.767311069591914e-06	-1.0553528998220449e-09	-8.119758298288009	-0.3721463701554573	0.005872050206851578
-999.0	415.0	-1.1882105262927751e-05	-6.581891405703699e-10	-8.362728691881665	-0.6426527457577837	0.006702956313145356
-999.0	390.0	-1.1941019258407572e-05	-5.231116269967148e-10	-8.345131624312687	-0.7422986985627852	0.007629481710249434
-999.0	365.0	-9.847416846751695e-06	-6.15957834684075e-10	-7.909504052783815	-0.6634821434993291	0.008455253695668167
-999.0	340.0	-6.87306596085714e-06	-5.972367703467706e-10	-7.000782855919471	-0.570516152750891	0.008995174560469565
-999.0	315.0	-3.912056009063454e-06	-5.613444858845155e-10	-5.698498396646441	-0.5201697842705818	0.009176670953509899
-999.0	290.0	-2.5638793077734505e-06	-3.3306293361752077e-10	-4.420038386558521	-0.46887350676669093	0.009035263526011774
-999.0	265.0	-2.604750075584599e-06	-6.309911542403793e-11	-3.2802610290902297	-0.36093201452776774	0.00872425207033052
-999.0	240.0	-1.920076932822372e-06	2.56589059034316e-11	-2.015071528830734	-0.11137720046654023	0.008513616556072929
-999.0	215.0	-2.9986926906680854e-08	6.6138909761146e-12	-0.4813823785101151	0.2645109400507735	0.008635417135347845
-999.0	190.0	6.158234337193876e-07	-2.1467131112726596e-11	1.1875179757674006	0.6256610013189464	0.008768694387584196
-999.0	165.0	1.5547034477238182e-07	-4.030464310143945e-12	2.618333326741309	0.8899504982289663	0.007844815588462376
-999.0	140.0	2.775726061179929e-06	-4.625043579631008e-12	3.004128220890233	0.9305309255917975	0.004302492485744318
-999.0	115.0	3.8884199568113744e-06	-3.7085195556429373e-13	2.8700042068958087	0.5865371288022276	0.0006295950691874923
-999.0	90.0	4.341913012679035e-06	-7.845269845638232e-13	4.214064873400163	0.0866510958543829	-5.3930151625738905e-08
-999.0	65.0	1.1681385951793783e-06	0.0	0.5576383188544032	-0.028425478952995555	0.0
-999.0	40.0	3.236286599612396e-06	0.0	-9.72120805581412	0.01574541016350169	0.0
-999.0	15.0	6.2879709341799034e-06	0.0	-18.420008778572093	0.16292361045880782	0.0
244.59722222222223	40	1006.0538262261288	day	levels	pres0
-999.0	990.0	1.4156022739829222e-05	-7.34702384015813e-10	-3.250951893272851	-0.9959516248532697	-0.0002519332125181969
-999.0	965.0	4.867625339007288e-06	-5.2412195033455254e-09	-4.9811150979191225	-1.517268115299789	-0.0009652757710725898
-999.0	940.0	-2.472199741059881e-06	-1.1310072196278466e-08	-6.138362663132757	-1.951555213284854	-0.0020527276186196363
-999.0	915.0	-9.521662838250136e-06	-1.3452815113678553e-08	-6.862522021172487	-2.3407207888269927	-0.0032322790619371826
-999.0	890.0	-1.3156680717104291e-05	-1.5440889040002216e-08	-7.247168508786954	-2.5699704630033997	-0.004141305677082395
-999.0	865.0	-1.3090893642637828e-05	-1.333550427212123e-08	-7.509222798877244	-2.5961017230200034	-0.004622219183434449
-999.0	840.0	-1.0084873779858501e-05	-1.2251335917685172e-08	-7.783420479486814	-2.4289008700658035	-0.004736143727834268
-999.0	815.0	-5.9343633657509086e-06	-1.439042393293958e-08	-8.077605625939706	-2.062719689002078	-0.004567848682931685
-999.0	790.0	-2.740888073678583e-06	-1.7622174043044722e-08	-8.319595223381365	-1.5121256074025222	-0.004190162244345661
-999.0	765.0	7.815132918730607e-07	-2.180781524407331e-08	-8.392732130156586	-0.8670776712279243	-0.0036913969747813823
-999.0	740.0	2.9682718066262e-06	-2.2458104008966825e-08	-8.183281249470154	-0.280888709697915	-0.003189469707152094
-999.0	715.0	2.655096067889094e-06	-1.8476909731771127e-08	-7.728186240271896	0.18934212199280395	-0.0027726879468659817
-999.0	690.0	1.6826076816597972e-06	-1.5358083285604876e-08	-7.196834946435584	0.549786717823108	-0.002395302359297419
-999.0	665.0	7.58336126439827e-07	-1.3898416055609493e-08	-6.6280953122509825	0.7693652043207815	-0.0018897414860744388
-999.0	640.0	2.650133472896311e-07	-1.2576825922105373e-08	-6.285971535340193	0.881814869918995	-0.0011399219156741022
-999.0	615.0	2.0520571279273822e-07	-1.1608851153982067e-08	-6.269187899809042	0.8732994715017919	-0.0001407598470375041
-999.0	590.0	5.55557014042364e-09	-1.0024086494003642e-08	-6.4357787569364	0.8178315435846613	0.0010310304727145247
-999.0	565.0	-3.5012124239329033e-07	-7.736991766480189e-09	-6.7717958232240125	0.7265947246776173	0.002221443088549666
-999.0	540.0	-1.076798405821809e-06	-5.573259420026425e-09	-7.117405568678231	0.6335674214457652	0.003310511763152158
-999.0	515.0	-2.3316004316813442e-06	-3.450518686281673e-09	-7.42623608594849	0.5258482032943265	0.004266689233947421
-999.0	490.0	-4.383134573527219e-06	-1.934392340417698e-09	-7.675373234446084	0.3051309216590065	0.005106501216316227
-999.0	465.0	-7.132590709153976e-06	-1.4221080956694518e-09	-7.868721148324386	-0.048022423235206335	0.005898316938383623
-999.0	440.0	-9.824424633851601e-06	-1.2126673618455462e-09	-8.0993795933734	-0.39477464911484395	0.0067422068285741005
-999.0	415.0	-1.1989887974412308e-05	-7.669569050743399e-10	-8.332864639541446	-0.659387701324059	0.007720044961831708
-999.0	390.0	-1.2093353014590549e-05	-6.031362523505175e-10	-8.306513860348655	-0.75147482165919	0.008790492534832765
-999.0	365.0	-1.0035205806968625e-05	-6.788899407070057e-10	-7.8652955604096055	-0.6654093814718075	0.009753435961325852
-999.0	340.0	-7.035248091393544e-06	-6.258357435067516e-10	-6.957951176024599	-0.5696763450664143	0.010417663722433397
-999.0	315.0	-4.002938543510474e-06	-5.441573594511625e-10	-5.663923529405424	-0.5212994655742031	0.010702206454159556
-999.0	290.0	-2.577515933711946e-06	-2.985397697747346e-10	-4.393798935921876	-0.4709540937421088	0.010637256350232821
-999.0	265.0	-2.511732308588227e-06	-3.784000048571578e-11	-3.2609886324831296	-0.3597040468501636	0.010371121631263561
-999.0	240.0	-1.6736969182585564e-06	2.6934021421263245e-11	-2.0049352110141716	-0.10158771011859438	0.01015215511945679
-999.0	215.0	2.8780144840537624e-07	-9.659147738087843e-12	-0.47980919622239243	0.2858246095360392	0.010171153427442172
-999.0	190.0	8.49516653312985e-07	-2.8256489585640375e-11	1.1863597323970212	0.6512970829767014	0.010090904853487338
-999.0	165.0	3.5224087616208694e-07	-4.937810176293443e-12	2.617725290151109	0.9054165151384186	0.008869318918153757
-999.0	140.0	2.8167093825375513e-06	-4.77284922435247e-12	3.009273586883438	0.9293281000757929	0.004844423326268515
-999.0	115.0	3.998537918074823e-06	-3.225106747211695e-13	2.891532112799951	0.5756214180931619	0.0007425179062848364
-999.0	90.0	4.612902397818891e-06	-8.100023152546222e-13	4.2452830620228434	0.08116804063319982	-9.958149448784052e-08
-999.0	65.0	1.5220557531668681e-06	0.0	0.5953243207925769	-0.022932964184923302	0.0
-999.0	40.0	3.7174477226331206e-06	0.0	-9.693566236231051	-0.0012457426637479468	0.0
-999.0	15.0	6.592173890126198e-06	0.0	-18.390674636477506	0.12902602594758253	0.0
244.61111111111111	40	1006.0147322397387	day	levels	pres0
-999.0	990.0	1.604846735341752e-05	-1.2156393048813602e-09	-3.2377775400167437	-0.9933062366076805	-0.000304112453934344
-999.0	965.0	7.416785253631898e-06	-6.126099413118246e-09	-4.903904825153408	-1.492916132013014	-0.0010794061212776992
-999.0	940.0	-5.2524769987676096e-08	-1.2550851771798687e-08	-6.02118314164037	-1.9020206393703945	-0.0022216248243912724
-999.0	915.0	-7.307036866878365e-06	-1.5285150536023736e-08	-6.7371345663828786	-2.2695416079627724	-0.003473292558157982
-999.0	890.0	-1.1306569904971242e-05	-1.7155480597370216e-08	-7.127211750499911	-2.484863800661985	-0.004475212200978609
-999.0	865.0	-1.140595102277165e-05	-1.478937803562153e-08	-7.396671049178721	-2.50491441809952	-0.005066891642493388
-999.0	840.0	-8.419061858188968e-06	-1.376632315014536e-08	-7.679294510493326	-2.3384636545939292	-0.0052938659108337826
-999.0	815.0	-4.406576126986373e-06	-1.591657638644888e-08	-7.980472447380306	-1.9806999516866681	-0.005221286168618422
-999.0	790.0	-1.5207948499887574e-06	-1.9051668767378443e-08	-8.229069039935267	-1.4449538489183777	-0.004903975920294111
-999.0	765.0	1.8253801868907363e-06	-2.3114627500745992e-08	-8.310641818576483	-0.8174168814624915	-0.004414129296834158
-999.0	740.0	3.8021974589147436e-06	-2.3343092192175205e-08	-8.115638144432634	-0.24599240058004312	-0.003863407018347998
-999.0	715.0	3.214087612766032e-06	-1.8774739616900075e-08	-7.679523046054603	0.21317891670120673	-0.003348212762236165
-999.0	690.0	2.076550981446615e-06	-1.5372845473185263e-08	-7.167406775648673	0.5645065848079694	-0.0028364058695987847
-999.0	665.0	1.1102195395516226e-06	-1.3870766016406867e-08	-6.616951489259334	0.7770698752165462	-0.0021791893627550883
-999.0	640.0	5.92851457990403e-07	-1.2515331164735257e-08	-6.287903696416844	0.8832950248782168	-0.0012782124313076597
-999.0	615.0	4.87964956961721e-07	-1.151235695727972e-08	-6.276999811094877	0.8694363635565691	-0.00014113517260008767
-999.0	590.0	2.3814951649862208e-07	-9.912008532968699e-09	-6.445067581676273	0.8102176331338614	0.0011502606935048453
-999.0	565.0	-1.610731909289323e-07	-7.619249069409662e-09	-6.778178571117283	0.7168645174168833	0.002449304873930191
-999.0	540.0	-9.160917512030146e-07	-5.512381991215697e-09	-7.119604737512644	0.6202922808745774	0.0036460249000582804
-999.0	515.0	-2.202902556309965e-06	-3.514906421888301e-09	-7.423614419641957	0.5071029257739165	0.004719335122866167
-999.0	490.0	-4.2924802480149894e-06	-2.0939584721263535e-09	-7.667778280992381	0.2821209927400267	0.005690190723607899
-999.0	465.0	-7.104732279852056e-06	-1.6068792689423977e-09	-7.855733230473541	-0.07263489162162386	0.006622776059755582
-999.0	440.0	-9.881538198110816e-06	-1.3699818238680218e-09	-8.079000888458905	-0.4174029280741852	0.007612636239924519
-999.0	415.0	-1.2097670685896332e-05	-8.757246695775758e-10	-8.303000587201375	-0.6761226568903231	0.00873742557729903
-999.0	390.0	-1.2245686770772979e-05	-6.831608777037908e-10	-8.26789609638479	-0.7606509447556172	0.009951802584844717
-999.0	365.0	-1.0222994767185032e-05	-7.418220467295506e-10	-7.821087068035559	-0.667336619444329	0.011051913895514732
-999.0	340.0	-7.197430221929605e-06	-6.544347166665161e-10	-6.91511949612987	-0.5688365373819734	0.0118404388855916
-999.0	315.0	-4.093821077957385e-06	-5.269702330177576e-10	-5.629348662164527	-0.5224291468778285	0.012228016571899652
-999.0	290.0	-2.5911525596505004e-06	-2.640166059319631e-10	-4.367559485285339	-0.4730346807175093	0.012239514182269732
-999.0	265.0	-2.4187145415921213e-06	-1.25808855474044e-11	-3.2417162358761336	-0.35847607917254853	0.012018248192116146
-999.0	240.0	-1.427316903695414e-06	2.8209136939115347e-11	-1.9947988931977194	-0.091798219770671	0.011790919673086065
-999.0	215.0	6.055898237163927e-07	-2.5932186452251542e-11	-0.47823601393480114	0.30713827902123186	0.011707036069133904
-999.0	190.0	1.0832098729056223e-06	-3.504584805854537e-11	1.1852014890265028	0.6769331646343635	0.011413177909217073
-999.0	165.0	5.49011407551096e-07	-5.845156042445876e-12	2.6171172535608083	0.9208825320478284	0.00989385369862189
-999.0	140.0	2.8576927038948137e-06	-4.920654869073704e-12	3.014418952876578	0.9281252745598199	0.005386392787944545
-999.0	115.0	4.1086558793378805e-06	-2.741693938781435e-13	2.9130600187040177	0.5647057073841417	0.0008554510457758778
-999.0	90.0	4.883891782957872e-06	-8.354776459453217e-13	4.276501250645436	0.07568498541201356	-1.4522961926264086e-07
-999.0	65.0	1.875972911153324e-06	0.0	0.6330103227306532	-0.017440449416896323	0.0
-999.0	40.0	4.198608845652426e-06	0.0	-9.665924416648041	-0.018236895490949163	0.0
-999.0	15.0	6.896376846071581e-06	0.0	-18.36134049438297	0.09512844143647345	0.0
244.625	40	1005.9756382533487	day	levels	pres0
-999.0	990.0	1.7940911967011674e-05	-1.6965762257487298e-09	-3.2246031867606306	-0.9906608483621052	-0.00035634818466461296
-999.0	965.0	9.965945168265277e-06	-7.010979322893991e-09	-4.8266945523875115	-1.4685641487262082	-0.0011936201718465516
-999.0	940.0	2.3671502010926375e-06	-1.3791631347322396e-08	-5.904003620147706	-1.852486065455846	-0.0023906035104834006
-999.0	915.0	-5.0924108955003915e-06	-1.7117485958373267e-08	-6.611747111592975	-2.198362427098411	-0.0037144094302982255
-999.0	890.0	-9.456459092833694e-06	-1.887007215474215e-08	-7.007254992212569	-2.3997571383203784	-0.004809270025516518
-999.0	865.0	-9.72100840290151e-06	-1.6243251799125345e-08	-7.2841192994798964	-2.4137271131787985	-0.005511771160303889
-999.0	840.0	-6.753249936515379e-06	-1.528131038260957e-08	-7.575168541499548	-2.2480264391217912	-0.00585183889733072
-999.0	815.0	-2.8787888882179117e-06	-1.744272883996249e-08	-7.883339268820627	-1.8986802143710007	-0.005875008417457831
-999.0	790.0	-3.0070162629560874e-07	-2.04811634917167e-08	-8.13854285648891	-1.3777820904340063	-0.005618093309113652
-999.0	765.0	2.869247081911281e-06	-2.44214397574228e-08	-8.228551506996157	-0.7677560916968756	-0.0051371449517083586
-999.0	740.0	4.636123111205442e-06	-2.4228080375386145e-08	-8.047995039394925	-0.2110960914620331	-0.00453758753477272
-999.0	715.0	3.7730791576443223e-06	-1.9072569502029747e-08	-7.63085985183716	0.23701571140970512	-0.003923932770635469
-999.0	690.0	2.4704942812344856e-06	-1.538760766076545e-08	-7.137978604861669	0.5792264517928873	-0.0032776479855059298
-999.0	665.0	1.4621029526645705e-06	-1.3843115977203801e-08	-6.605807666267668	0.7847745461123331	-0.0024687197411639708
-999.0	640.0	9.206895686922569e-07	-1.2453836407364602e-08	-6.289835857493538	0.8847751798374314	-0.0014165385789734058
-999.0	615.0	7.707242011314351e-07	-1.141586276057679e-08	-6.284811722380776	0.8655732556113177	-0.0001415105835570334
-999.0	590.0	4.707434628572727e-07	-9.799930571933234e-09	-6.454356406416213	0.8026037226830214	0.0012695207207722723
-999.0	565.0	2.7974860535727758e-08	-7.501506372338757e-09	-6.7845613190106	0.7071343101561071	0.0026772342229210507
-999.0	540.0	-7.553850965840478e-07	-5.451504562404894e-09	-7.121803906347073	0.6070171403033394	0.00398165055428857
-999.0	515.0	-2.07420468093857e-06	-3.579294157495338e-09	-7.420992753335409	0.4883576482534409	0.005172140725613579
-999.0	490.0	-4.201825922502885e-06	-2.253524603835854e-09	-7.660183327538628	0.2591110638209752	0.006274086433507287
-999.0	465.0	-7.076873850550445e-06	-1.7916504422164369e-09	-7.8427453126226165	-0.09724736000810354	0.007347479205030923
-999.0	440.0	-9.938651762370554e-06	-1.5272962858915216e-09	-8.058622183544296	-0.4400312070335661	0.00848333844114912
-999.0	415.0	-1.220545339738093e-05	-9.844924340815478e-10	-8.273136534861157	-0.6928576124565943	0.009755098160943408
-999.0	390.0	-1.2398020526956e-05	-7.63185503057598e-10	-8.22927833242076	-0.7698270678520206	0.01111341186207254
-999.0	365.0	-1.0410783727402017e-05	-8.047541527524855e-10	-7.776878575661354	-0.6692638574168086	0.01235068749975953
-999.0	340.0	-7.359612352466063e-06	-6.830336898265014e-10	-6.872287816234998	-0.5679967296975	0.013263500050870422
-999.0	315.0	-4.184703612404447e-06	-5.097831065844124e-10	-5.594773794923511	-0.5235588281814542	0.013754101306915834
-999.0	290.0	-2.6047891855890315e-06	-2.2949344208918487e-10	-4.3413200346486915	-0.4751152676929321	0.013842037021847461
-999.0	265.0	-2.325696774595787e-06	1.2678229390913338e-11	-3.222443839269026	-0.35724811149494984	0.013665631752391669
-999.0	240.0	-1.1809368891316277e-06	2.9484252456948914e-11	-1.9846625753811429	-0.08200872942273098	0.013429910216560287
-999.0	215.0	9.233781990284723e-07	-4.2205225166446975e-11	-0.4766628316470554	0.3284519485064915	0.013243065060289253
-999.0	190.0	1.3169030924992902e-06	-4.1835206531455737e-11	1.18404324565615	0.7025692462921141	0.012735513554764452
-999.0	165.0	7.457819389408488e-07	-6.752501908594572e-12	2.616509216970632	0.93634854895728	0.010918419929870696
-999.0	140.0	2.8986760252524942e-06	-5.068460513795135e-12	3.0195643188697963	0.9269224490438192	0.005928400870774928
-999.0	115.0	4.218773840601364e-06	-2.2582811303501716e-13	2.9345879246081634	0.5537899966750828	0.0009683944876610605
-999.0	90.0	5.154881168097731e-06	-8.609529766361103e-13	4.307719439268113	0.07020193019083569	-1.908745259508211e-07
-999.0	65.0	2.2298900691408018e-06	0.0	0.6706963246688247	-0.01194793464882032	0.0
-999.0	40.0	4.679769968673115e-06	0.0	-9.638282597064972	-0.03522804831819877	0.0
-999.0	15.0	7.200579802017838e-06	0.0	-18.332006352288385	0.06123085692524913	0.0
244.63888888888889	40	1005.5405418759298	day	levels	pres0
-999.0	990.0	1.7165332540665576e-05	-2.1358220439703505e-09	-3.212001404118917	-0.9881259833004348	-0.0003243018409308662
-999.0	965.0	9.762204873886931e-06	-7.574340912692373e-09	-4.7499441267951354	-1.4441192834859693	-0.0010978728564363619
-999.0	940.0	2.284700636517423e-06	-1.4297878716934053e-08	-5.78711623710288	-1.8027525927634578	-0.002234774408822665
-999.0	915.0	-5.098396100800314e-06	-1.774440259065858e-08	-6.486580445652797	-2.1271052120459824	-0.003528146008579714
-999.0	890.0	-9.621707295483573e-06	-1.9266012931001437e-08	-6.887307604153828	-2.3146948317685916	-0.004627732502195748
-999.0	865.0	-9.929839101976883e-06	-1.6584078322626505e-08	-7.171386126487849	-2.3226857206650133	-0.005369542091610404
-999.0	840.0	-6.956162388606001e-06	-1.5751293267417887e-08	-7.470709664480905	-2.1577708010804555	-0.005768653347362345
-999.0	815.0	-3.1706991948755515e-06	-1.792170025648139e-08	-7.785786494376051	-1.8168798800970662	-0.005852755176405149
-999.0	790.0	-7.591900420650237e-07	-2.093483424520544e-08	-8.047530711643175	-1.3109499398499695	-0.005645831740927561
-999.0	765.0	2.326950691828813e-06	-2.4843946189827214e-08	-8.145878803162253	-0.7185276578224047	-0.005193761661710174
-999.0	740.0	3.95152265307751e-06	-2.439196916737298e-08	-7.979638131837917	-0.17655922188639334	-0.00459573053074457
-999.0	715.0	2.8383249960619774e-06	-1.881921276342531e-08	-7.581354954885994	0.2606740602780372	-0.003957411309405733
-999.0	690.0	1.3598146835229148e-06	-1.4976313373305725e-08	-7.10765590364967	0.5939604509917761	-0.0032673979951892617
-999.0	665.0	2.7690315208363995e-07	-1.3476974211552074e-08	-6.593824296361866	0.7927055200488059	-0.002408492132950134
-999.0	640.0	-2.9565101428767717e-07	-1.2112720027163727e-08	-6.291029858683802	0.8865330223999288	-0.0013143895590453038
-999.0	615.0	-4.4956083476961977e-07	-1.1071943003311856e-08	-6.292031847295338	0.8618550339624864	-1.9167992666817507e-05
-999.0	590.0	-7.262406295845599e-07	-9.462258725989028e-09	-6.4631615678469645	0.7950608503250666	0.0013845483303523084
-999.0	565.0	-1.1051470940251806e-06	-7.2164635498477926e-09	-6.790539525804086	0.6974642701772044	0.0027639760868307015
-999.0	540.0	-1.79573235964855e-06	-5.271690245052895e-09	-7.123615277546745	0.5938141944980588	0.004028255906690657
-999.0	515.0	-3.01281509492349e-06	-3.5520108333575127e-09	-7.417943509798194	0.46971971600771845	0.005176154963502701
-999.0	490.0	-5.046239728848054e-06	-2.3202358863510192e-09	-7.652160642639018	0.2362327825218598	0.00623934232736037
-999.0	465.0	-7.86548375474068e-06	-1.8795603076836093e-09	-7.829365042348668	-0.12170879128909104	0.007278753028608764
-999.0	440.0	-1.0700563126791751e-05	-1.5891683682325805e-09	-8.037908127856584	-0.46249141343057804	0.008385652031235565
-999.0	415.0	-1.2926008624996084e-05	-1.010147241003308e-09	-8.243003138473993	-0.7094172487434542	0.009634583899757283
-999.0	390.0	-1.3131521680397914e-05	-7.816020358424377e-10	-8.190462858430852	-0.778838610409614	0.010978696645384594
-999.0	365.0	-1.1212846565650735e-05	-8.122689572096237e-10	-7.732550807888478	-0.6710586315464215	0.012213906756459466
-999.0	340.0	-8.193754750785964e-06	-6.61865298638032e-10	-6.8293887148315005	-0.567036498397102	0.013136618905254829
-999.0	315.0	-4.993616621794241e-06	-4.611040440613316e-10	-5.560168020900229	-0.5245571254737812	0.01364418352644613
-999.0	290.0	-3.3350565654624117e-06	-1.7929719611644627e-10	-4.315059090979234	-0.47706394323282075	0.01375368691016776
-999.0	265.0	-2.9163808634036466e-06	4.3793641683778933e-11	-3.2031216820080592	-0.35589689181911555	0.01360388690808608
-999.0	240.0	-1.5878885884024075e-06	3.330368902727879e-11	-1.9744415065598286	-0.07209424875557881	0.013387893324061192
-999.0	215.0	6.150514235622781e-07	-5.3192803491025264e-11	-0.47500259724866783	0.3499027651454049	0.01318916681717875
-999.0	190.0	9.982294741378667e-07	-4.346733161874457e-11	1.1829324713539382	0.7283559214501539	0.012648039120588752
-999.0	165.0	3.971194341689801e-07	-5.807980705158543e-12	2.6158968271717797	0.9519552938522043	0.010840418051896323
-999.0	140.0	2.2439458620986213e-06	-4.808216317216155e-12	3.024712462924339	0.9258935309591636	0.00587321034382724
-999.0	115.0	3.505626426864437e-06	-8.707651354798795e-14	2.956119247845275	0.5429083764079861	0.0009364776212236929
-999.0	90.0	4.626606526164813e-06	-7.722181104243108e-13	4.338937755141976	0.06472104474429609	-8.565175307408756e-08
-999.0	65.0	1.7488522478086359e-06	0.0	0.7083825018139036	-0.006455457044949953	0.0
-999.0	40.0	4.167835286865457e-06	0.0	-9.610638334164522	-0.05221925613782894	0.0
-999.0	15.0	6.3812784056827345e-06	0.0	-18.302672225331484	0.027333072017059406	0.0
244.65277777777777	40	1005.1054454985123	day	levels	pres0
-999.0	990.0	1.6389753114320566e-05	-2.5750678621897e-09	-3.199399621477207	-0.985591118238749	-0.0002922218683034302
-999.0	965.0	9.558464579507469e-06	-8.137702502488015e-09	-4.67319370120294	-1.4196744182457621	-0.0010020563698754322
-999.0	940.0	2.2022510719413837e-06	-1.4804126086543628e-08	-5.6702288540583305	-1.7530191200711613	-0.0020788703317548515
-999.0	915.0	-5.104381306100264e-06	-1.837131922294219e-08	-6.361413779712913	-2.055847996993697	-0.0033418023112662155
-999.0	890.0	-9.786955498132614e-06	-1.966195370726007e-08	-6.767360216095387	-2.229632525216997	-0.0044461118595283365
-999.0	865.0	-1.0138669801051332e-05	-1.6924904846127168e-08	-7.0586529534961056	-2.231644328151466	-0.005227245949942332
-999.0	840.0	-7.1590748406959206e-06	-1.622127615222514e-08	-7.366250787462554	-2.0675151630393818	-0.005685429856163729
-999.0	815.0	-3.4626095015324578e-06	-1.8400671672998942e-08	-7.688233719931752	-1.73507954582339	-0.005830491789438525
-999.0	790.0	-1.2176784578334445e-06	-2.138850499869257e-08	-7.956518566797692	-1.2441177892661581	-0.0056735813345061715
-999.0	765.0	1.7846543017474733e-06	-2.5266452622230163e-08	-8.063206099328577	-0.6692992239481155	-0.0052503998601183335
-999.0	740.0	3.2669221949511713e-06	-2.4555857959359405e-08	-7.9112812242811	-0.14202235231088958	-0.00465389395381793
-999.0	715.0	1.9035708344819566e-06	-1.8565856024821787e-08	-7.53185005793498	0.2843324091462748	-0.003990900864157418
-999.0	690.0	2.4913508581400473e-07	-1.4565019085847445e-08	-7.077333202437764	0.6086944501906087	-0.00325714464585833
-999.0	665.0	-9.082966484945928e-07	-1.3110832445901804e-08	-6.581840926456079	0.800636493985256	-0.002348247423607021
-999.0	640.0	-1.5119915972647745e-06	-1.1771603646964262e-08	-6.292223859874029	0.8882908649624328	-0.0012122144202386844
-999.0	615.0	-1.66984587066758e-06	-1.0728023246048269e-08	-6.299251972209835	0.858136812313683	0.00010320349407022312
-999.0	590.0	-1.923224722023233e-06	-9.124586880046046e-09	-6.47196672927765	0.7875179779671525	0.0014996043916560699
-999.0	565.0	-2.238269048583155e-06	-6.9314207273576946e-09	-6.79651773259753	0.6877942301983443	0.002850743387702008
-999.0	540.0	-2.8360796227104047e-06	-5.091875927701292e-09	-7.125426648746407	0.5806112486928287	0.00407487657857685
-999.0	515.0	-3.951425508906047e-06	-3.5247275092194955e-09	-7.414894266260998	0.4510817837620615	0.005180170284527359
-999.0	490.0	-5.890653535191143e-06	-2.3869471688655254e-09	-7.644137957739457	0.2133545012228164	0.006204585552965823
-999.0	465.0	-8.654093658929029e-06	-1.967470173149862e-09	-7.815984772074799	-0.1461702225700164	0.007210003261313496
-999.0	440.0	-1.1462474491211194e-05	-1.651040450572781e-09	-8.017194072168985	-0.4849516198275503	0.008287934515164243
-999.0	415.0	-1.364656385260965e-05	-1.035802047924498e-09	-8.212869742086973	-0.7259768850303078	0.00951403453495829
-999.0	390.0	-1.386502283383821e-05	-8.00018568626876e-10	-8.151647384441107	-0.7878501529672314	0.010843946205359781
-999.0	365.0	-1.2014909403897636e-05	-8.197837616665088e-10	-7.68822304011576	-0.6728534056760759	0.012077094390480722
-999.0	340.0	-9.027897149103971e-06	-6.406969074494674e-10	-6.786489613428142	-0.5660762670967361	0.013009711895602204
-999.0	315.0	-5.802529631182221e-06	-4.1242498153825067e-10	-5.525562246877069	-0.5255554227661076	0.013534245721485079
-999.0	290.0	-4.065323945334148e-06	-1.291009501437304e-10	-4.288798147309884	-0.4790126187726874	0.01366532200678301
-999.0	265.0	-3.5070649522101275e-06	7.490905397663266e-11	-3.183799524747204	-0.3545456721432656	0.013542132256324642
-999.0	240.0	-1.994840287672252e-06	3.712312559761843e-11	-1.9642204377386392	-0.06217976808844329	0.013345870476284194
-999.0	215.0	3.067246480966074e-07	-6.418038181558837e-11	-0.47334236285043535	0.37135358178425154	0.01313526331501405
-999.0	190.0	6.795558557769718e-07	-4.5099456706041906e-11	1.1818216970515616	0.7541425966081048	0.01256056046068928
-999.0	165.0	4.845692939796769e-08	-4.863459501729805e-12	2.6152844373728046	0.9675620387470871	0.010762413786503978
-999.0	140.0	1.5892156989462512e-06	-4.547972120637867e-12	3.0298606069788034	0.9248646128745353	0.00581801585940871
-999.0	115.0	2.7924790131292606e-06	5.167508593861535e-14	2.977650571082308	0.5320267561409279	0.000904557833522682
-999.0	90.0	4.098331884233218e-06	-6.834832442128161e-13	4.370156071015753	0.05924015929774819	1.9563618260320826e-08
-999.0	65.0	1.267814426477786e-06	0.0	0.746068678958887	-0.0009629794411285394	0.0
-999.0	40.0	3.655900605059281e-06	0.0	-9.58299407126413	-0.06921046395741075	0.0
-999.0	15.0	5.561977009350114e-06	0.0	-18.27333809837464	-0.006564712891015142	0.0
244.66666666666666	40	1004.6703491210938	day	levels	pres0
-999.0	990.0	1.5614173687974532e-05	-3.014313680411341e-09	-3.1867978388354867	-0.9830562531770741	-0.0002601082735194815
-999.0	965.0	9.354724285129223e-06	-8.701064092286402e-09	-4.596443275610556	-1.3952295530055179	-0.0009061707149446137
-999.0	940.0	2.119801507366294e-06	-1.5310373456155217e-08	-5.553341471013492	-1.7032856473787652	-0.0019228912763145682
-999.0	915.0	-5.1103665114000354e-06	-1.8998235855227393e-08	-6.236247113772722	-1.9845907819412578	-0.0031553783338004386
-999.0	890.0	-9.952203700782386e-06	-2.0057894483519218e-08	-6.647412828036637	-2.144570218665201	-0.004264408092355098
-999.0	865.0	-1.0347500500126704e-05	-1.7265731369628225e-08	-6.945919780504056	-2.140602935637672	-0.005084882731326784
-999.0	840.0	-7.361987292786628e-06	-1.669125903703346e-08	-7.2617919104439155	-1.9772595249980387	-0.005602168421930326
-999.0	815.0	-3.754519808190205e-06	-1.887964308951795e-08	-7.590680945487184	-1.6532792115494495	-0.005808218256238539
-999.0	790.0	-1.6761668736029478e-06	-2.1842175752181497e-08	-7.865506421951964	-1.1772856386821167	-0.005701342089992266
-999.0	765.0	1.24235791166495e-06	-2.568895905463477e-08	-7.980533395494683	-0.6200707900736421	-0.005307059546936695
-999.0	740.0	2.5823217368232003e-06	-2.4719746751346402e-08	-7.842924316724095	-0.10748548273524869	-0.0047120778038208765
-999.0	715.0	9.688166728995766e-07	-1.8312499286217478e-08	-7.48234516098382	0.3079907580146068	-0.004024401434744313
-999.0	690.0	-8.615445118976137e-07	-1.4153724798387812e-08	-7.047010501225766	0.6234284493894969	-0.003246887937574166
-999.0	665.0	-2.09349644907559e-06	-1.2744690680250128e-08	-6.569857556550279	0.8085674679217288	-0.002287985613515079
-999.0	640.0	-2.728332180244789e-06	-1.1430487266763415e-08	-6.293417861064296	0.8900487075249308	-0.0011100131631999978
-999.0	615.0	-2.8901309065687227e-06	-1.0384103488783349e-08	-6.3064720971243995	0.8544185906648524	0.00022560387593391666
-999.0	590.0	-3.120208814465156e-06	-8.786915034101846e-09	-6.480771890708405	0.7799751056091981	0.001614688904024804
-999.0	565.0	-3.3713910031441503e-06	-6.646377904866737e-09	-6.802495939391019	0.6781241902194415	0.0029375361249995525
-999.0	540.0	-3.876426885774986e-06	-4.912061610349302e-09	-7.127238019946082	0.5674083028875465	0.004121512569660347
-999.0	515.0	-4.890035922891039e-06	-3.4974441850816793e-09	-7.411845022723783	0.43244385151633596	0.005184186688669844
-999.0	490.0	-6.735067341536379e-06	-2.4536584513806983e-09	-7.636115272839849	0.190476219923697	0.006169816110467761
-999.0	465.0	-9.44270356311933e-06	-2.055380038617037e-09	-7.802604501800849	-0.17063165385100815	0.007141229903258329
-999.0	440.0	-1.2224385855632454e-05	-1.7129125329138383e-09	-7.996480016481268	-0.5074118262245655	0.00819018589291237
-999.0	415.0	-1.4367119080224854e-05	-1.0614568548462537e-09	-8.182736345699801	-0.7425365213171687	0.00939345006636103
-999.0	390.0	-1.4598523987280162e-05	-8.184351014117109e-10	-8.112831910451197	-0.7968616955248227	0.010709160541760371
-999.0	365.0	-1.2816972242146387e-05	-8.272985661236448e-10	-7.643895272342881	-0.6746481798056834	0.011940250401641235
-999.0	340.0	-9.862039547423899e-06	-6.195285162609971e-10	-6.74359051202464	-0.5651160357963303	0.01288277902181819
-999.0	315.0	-6.6114426405720424e-06	-3.6374591901516877e-10	-5.490956472853785	-0.5265537200584265	0.013424287892018003
-999.0	290.0	-4.7955913252075545e-06	-7.890470417099106e-11	-4.2625372036404245	-0.4809612943125683	0.013576942311708837
-999.0	265.0	-4.097749041018005e-06	1.060244662694965e-10	-3.1644773674862403	-0.35319445246742354	0.013480367797125428
-999.0	240.0	-2.401791986943044e-06	4.094256216794239e-11	-1.9539993689173352	-0.05226528742128268	0.013303841673238254
-999.0	215.0	-1.6021273696083864e-09	-7.516796014017369e-11	-0.47168212845206736	0.3928043984231733	0.013081354553798278
-999.0	190.0	3.608822374155361e-07	-4.673158179333253e-11	1.1807109227493253	0.7799292717661488	0.012473077575065359
-999.0	165.0	-3.0020557537388077e-07	-3.918938298293474e-12	2.6146720475739342	0.9831687836420093	0.010684407133692501
-999.0	140.0	9.344855357923573e-07	-4.287727924058771e-12	3.0350087510333394	0.923835694789872	0.005762817417518642
-999.0	115.0	2.079331599392278e-06	1.9042668542565106e-13	2.9991818943194204	0.521145135873822	0.0008726351245577992
-999.0	90.0	3.5700572423002855e-06	-5.947483780010183e-13	4.40137438688962	0.05375927385120405	1.2477158805355934e-07
-999.0	65.0	7.867766051456096e-07	0.0	0.7837548561039673	0.004529498162739843	0.0
-999.0	40.0	3.14396592325161e-06	0.0	-9.555349808363678	-0.08620167177704001	0.0
-999.0	15.0	4.742675613014985e-06	0.0	-18.24400397141774	-0.040462497799205265	0.0
244.68055555555554	40	1004.2352527436761	day	levels	pres0
-999.0	990.0	1.4838594261629525e-05	-3.4535594986306907e-09	-3.174196056193778	-0.9805213881153884	-0.00022796106331885693
-999.0	965.0	9.15098399074976e-06	-9.264425682082043e-09	-4.519692850018361	-1.3707846877653107	-0.0008102158944257901
-999.0	940.0	2.0373519427902543e-06	-1.5816620825764797e-08	-5.436454087968942	-1.653552174686468	-0.0017668372395380839
-999.0	915.0	-5.1163517166999825e-06	-1.962515248751101e-08	-6.111080447832836	-1.9133335668889722	-0.002968874071627666
-999.0	890.0	-1.0117451903431427e-05	-2.0453835259777854e-08	-6.527465439978195	-2.0595079121136064	-0.004082621195519774
-999.0	865.0	-1.0556331199201155e-05	-1.7606557893128892e-08	-6.833186607512313	-2.0495615431241254	-0.0049424524317932305
-999.0	840.0	-7.564899744876547e-06	-1.7161241921840715e-08	-7.157333033425564	-1.8870038869569663	-0.005518869042859135
-999.0	815.0	-4.0464301148471106e-06	-1.9358614506035513e-08	-7.493128171042884	-1.5714788772757737	-0.005785934576486775
-999.0	790.0	-2.134655289371368e-06	-2.229584650566862e-08	-7.774494277106481	-1.110453488098306	-0.005729114007529341
-999.0	765.0	7.000615215836083e-07	-2.6111465487037712e-08	-7.897860691661008	-0.570842356199353	-0.00536374072216963
-999.0	740.0	1.8977212786968605e-06	-2.4883635543332823e-08	-7.774567409167282	-0.07294861315974509	-0.004770282080581977
-999.0	715.0	3.406251131955492e-08	-1.8059142547613953e-08	-7.432840264032806	0.3316491068828445	-0.004057913021020908
-999.0	690.0	-1.972224109606524e-06	-1.3742430510929534e-08	-7.016687800013859	0.6381624485883296	-0.0032366278703989874
-999.0	665.0	-3.2786962496538225e-06	-1.2378548914599858e-08	-6.55787418664449	0.8164984418581791	-0.002227706703056513
-999.0	640.0	-3.944672763221886e-06	-1.1089370886563948e-08	-6.29461186225452	0.8918065500874347	-0.0010077857885779397
-999.0	615.0	-4.110415942466684e-06	-1.0040183731519762e-08	-6.313692222038898	0.8507003690160493	0.0003480331522016079
-999.0	590.0	-4.3171929069038284e-06	-8.449243188158861e-09	-6.489577052139093	0.772432233251284	0.0017298018667974188
-999.0	565.0	-4.504512957702124e-06	-6.361335082376638e-09	-6.808474146184461	0.6684541502405812	0.003024354298186114
-999.0	540.0	-4.9167741488368405e-06	-4.732247292997698e-09	-7.129049391145743	0.5542053570823164	0.004168163879653354
-999.0	515.0	-5.828646336873597e-06	-3.470160860943664e-09	-7.408795779186587	0.4138059192706792	0.005188204175912491
-999.0	490.0	-7.579481147879468e-06	-2.5203697338952037e-09	-7.628092587940288	0.16759793862465344	0.00613503400001145
-999.0	465.0	-1.0231313467307678e-05	-2.1432899040832885e-09	-7.789224231526982	-0.19509308513193355	0.007072432954558691
-999.0	440.0	-1.2986297220051892e-05	-1.7747846152540387e-09	-7.975765960793669	-0.5298720326215378	0.00809240616446027
-999.0	415.0	-1.5087674307838419e-05	-1.0871116617674436e-09	-8.152602949312783	-0.7590961576040223	0.009272830493784044
-999.0	390.0	-1.533202514072046e-05	-8.368516341961493e-10	-8.074016436461454	-0.8058732380824402	0.010574339654353188
-999.0	365.0	-1.3619035080393288e-05	-8.348133705805299e-10	-7.599567504570164	-0.6764429539353378	0.011803374789763945
-999.0	340.0	-1.0696181945741909e-05	-5.983601250724324e-10	-6.7006914106212845	-0.5641558044959644	0.012755820283813838
-999.0	315.0	-7.420355649960021e-06	-3.1506685649208786e-10	-5.456350698830626	-0.5275520173507532	0.013314310038035813
-999.0	290.0	-5.525858705079291e-06	-2.8708458198275162e-11	-4.236276259971075	-0.48290996985243484	0.013488547824966403
-999.0	265.0	-4.688433129824487e-06	1.3713987856235026e-10	-3.1451552102253846	-0.3518432327915734	0.013418593530511747
-999.0	240.0	-2.8087436862128884e-06	4.476199873828205e-11	-1.943778300096146	-0.04235080675414694	0.01326180691493705
-999.0	215.0	-3.099289028352788e-07	-8.615553846473677e-11	-0.47002189405383465	0.4142552150620199	0.013027440533538652
-999.0	190.0	4.220861905464062e-08	-4.836370688062984e-11	1.1796001484469483	0.8057159469240993	0.012385590463719728
-999.0	165.0	-6.488680801448932e-07	-2.9744170948647324e-12	2.614059657774958	0.9987755285368922	0.010606398093463205
-999.0	140.0	2.7975537263998644e-07	-4.027483727480484e-12	3.0401568950878044	0.9228067767052439	0.005707615018157771
-999.0	115.0	1.3661841856571026e-06	3.2917828491225435e-13	3.020713217556454	0.5102635156067639	0.0008407094943293331
-999.0	90.0	3.041782600368691e-06	-5.060135117895234e-13	4.432592702763397	0.04827838840465611	2.299721563050515e-07
-999.0	65.0	3.0573878381475984e-07	0.0	0.8214410332489508	0.01002197576656125	0.0
-999.0	40.0	2.6320312414454327e-06	0.0	-9.527705545463286	-0.10319287959662184	0.0
-999.0	15.0	3.923374216682364e-06	0.0	-18.214669844460893	-0.07436028270727976	0.0
244.69444444444446	40	1003.8001563662575	day	levels	pres0
-999.0	990.0	1.4063014835283122e-05	-3.892805316852209e-09	-3.161594273552061	-0.9779865230537153	-0.00019578024444350607
-999.0	965.0	8.947243696371154e-06	-9.827787271880277e-09	-4.442942424425949	-1.3463398225250567	-0.0007141919111002288
-999.0	940.0	1.9549023782148817e-06	-1.632286819537638e-08	-5.3195667049240605	-1.60381870199406	-0.0016107082184605884
-999.0	915.0	-5.122336921999921e-06	-2.0252069119796472e-08	-5.985913781892595	-1.8420763518365189	-0.002782289520192431
-999.0	890.0	-1.0282700106081269e-05	-2.0849776036037288e-08	-6.407518051919391	-1.9744456055617936	-0.0039007511638656208
-999.0	865.0	-1.076516189827634e-05	-1.7947384416630137e-08	-6.720453434520204	-1.958520150610316	-0.004799955047370439
-999.0	840.0	-7.767812196966924e-06	-1.763122480664908e-08	-7.052874156406854	-1.7967482489156095	-0.0054355317171462525
-999.0	815.0	-4.338340421504662e-06	-1.9837585922554202e-08	-7.39557539659824	-1.4896785430018222	-0.005763640749864086
-999.0	790.0	-2.593143705140944e-06	-2.2749517259156947e-08	-7.683482132260673	-1.0436213375142567	-0.005756897087260457
-999.0	765.0	1.577651315008572e-07	-2.653397191944179e-08	-7.81518798782704	-0.5216139223248758	-0.005420443385821322
-999.0	740.0	1.2131208205685861e-06	-2.5047524335319434e-08	-7.706210501610221	-0.03841174358410165	-0.004828506783929635
-999.0	715.0	-9.006916502632497e-07	-1.7805785809009183e-08	-7.383335367081611	0.3553074557511809	-0.004091435622841303
-999.0	690.0	-3.0829037073186866e-06	-1.3331136223469527e-08	-6.986365098801843	0.6528964477872244	-0.0032263644443941398
-999.0	665.0	-4.46389605023542e-06	-1.2012407148948045e-08	-6.545890816738672	0.82442941579466	-0.0021674106926121007
-999.0	640.0	-5.161013346202461e-06	-1.0748254506363058e-08	-6.295805863444771	0.8935643926499407	-0.0009055322970193135
-999.0	615.0	-5.330700978368288e-06	-9.69626397425478e-09	-6.320912346953447	0.8469821473672244	0.00047049132215275284
-999.0	590.0	-5.5141769993461465e-06	-8.111571342214551e-09	-6.498382213569834	0.7648893608933334	0.0018449432793147698
-999.0	565.0	-5.637634912263499e-06	-6.0762922598854814e-09	-6.814452352977941	0.6587841102616808	0.0031111979067258706
-999.0	540.0	-5.957121411901806e-06	-4.552432975645469e-09	-7.1308607623454145	0.5410024112770383	0.004214830508268686
-999.0	515.0	-6.767256750858979e-06	-3.442877536805617e-09	-7.405746535649372	0.3951679870249612	0.005192222746237233
-999.0	490.0	-8.423894954225081e-06	-2.5870810164101285e-09	-7.620069903040681	0.1447196573255414	0.006100239221740693
-999.0	465.0	-1.1019923371498331e-05	-2.2311997695501745e-09	-7.775843961253039	-0.2195545164129236	0.007003612415327543
-999.0	440.0	-1.3748208584473506e-05	-1.8366566975948147e-09	-7.955051905105965	-0.5523322390185588	0.007994595329784948
-999.0	415.0	-1.580822953545399e-05	-1.1127664686889966e-09	-8.12246955292563	-0.7756557938908976	0.009152175817041778
-999.0	390.0	-1.606552629416283e-05	-8.55268166980853e-10	-8.035200962471553	-0.8148847806400518	0.010439483542900398
-999.0	365.0	-1.4421097918642527e-05	-8.423281750375884e-10	-7.555239736797281	-0.6782377280649673	0.011666467554666769
-999.0	340.0	-1.1530324344062362e-05	-5.771917338839098e-10	-6.6577923092177675	-0.5631955731955772	0.012628835681494827
-999.0	315.0	-8.229268659350345e-06	-2.663877939689577e-10	-5.421744924807325	-0.5285503146430826	0.013204312159523938
-999.0	290.0	-6.256126084953145e-06	2.148778777450836e-11	-4.2100153163016	-0.48485864539232004	0.013400138546571457
-999.0	265.0	-5.27911721863273e-06	1.6825529085524717e-10	-3.125833052964409	-0.35049201311573336	0.013356809456501834
-999.0	240.0	-3.215695385483955e-06	4.858143530862015e-11	-1.933557231274835	-0.03243632608698877	0.013219766201389717
-999.0	215.0	-6.182556783017319e-07	-9.714311678931991e-11	-0.4683616596554681	0.4357060317009371	0.01297352125423844
-999.0	190.0	-2.764649993070631e-07	-4.9995831967920843e-11	1.1784893741447116	0.8315026220821395	0.012298099126651769
-999.0	165.0	-9.975305849170366e-07	-2.0298958914289315e-12	2.613447267976098	1.014382273431819	0.01052838666581496
-999.0	140.0	-3.7497479051428933e-07	-3.767239530901393e-12	3.045305039142354	0.9217778586205967	0.005652408661325393
-999.0	115.0	6.530367719197714e-07	4.679298843993492e-13	3.042244540793579	0.49938189533967364	0.0008087809428370415
-999.0	90.0	2.5135079584354325e-06	-4.172786455776754e-13	4.463811018637274	0.042797502958113104	3.35165323015928e-07
-999.0	65.0	-1.7529903751769186e-07	0.0	0.8591272103940527	0.01551445337043027	0.0
-999.0	40.0	2.1200965596374776e-06	0.0	-9.500061282562806	-0.12018408741626041	0.0
-999.0	15.0	3.10407282034688e-06	0.0	-18.18533571750396	-0.10825806761547774	0.0
244.70833333333334	40	1003.3650599888398	day	levels	pres0
-999.0	990.0	1.3287435408938305e-05	-4.332051135071599e-09	-3.148992490910354	-0.97545165799203	-0.00016356582363807128
-999.0	965.0	8.743503401991894e-06	-1.0391148861675934e-08	-4.366191998833757	-1.3218949572848513	-0.0006180987677503273
-999.0	940.0	1.8724528136389954e-06	-1.6829115564985916e-08	-5.202679321879516	-1.5540852293017673	-0.0014545042101190512
-999.0	915.0	-5.128322127299804e-06	-2.087898575207998e-08	-5.860747115952712	-1.7708191367842394	-0.002595624674941913
-999.0	890.0	-1.0447948308730274e-05	-2.1245716812295798e-08	-6.287570663860952	-1.8893832990102069	-0.0037187979922387636
-999.0	865.0	-1.097399259735075e-05	-1.8288210940130678e-08	-6.6077202615284625	-1.8674787580967758	-0.004657390574089283
-999.0	840.0	-7.970724649056811e-06	-1.8101207691456246e-08	-6.948415279388506	-1.706492610874541	-0.005352156442988834
-999.0	815.0	-4.630250728161545e-06	-2.0316557339071696e-08	-7.298022622153942	-1.4078782087281483	-0.005741336776051591
-999.0	790.0	-3.051632120909343e-06	-2.320318801264403e-08	-7.5924699874151935	-0.9767891869304461	-0.005784691329328448
-999.0	765.0	-3.845312585804506e-07	-2.6956478351844705e-08	-7.732515283993365	-0.47238548845058614	-0.005477167537895403
-999.0	740.0	5.285203624422871e-07	-2.5211413127305848e-08	-7.637853594053405	-0.003874874008597277	-0.004886751913691652
-999.0	715.0	-1.8354458118432224e-06	-1.7552429070405655e-08	-7.333830470130599	0.3789658046194193	-0.004124969240059239
-999.0	690.0	-4.1935833050275394e-06	-1.2919841936011253e-08	-6.956042397589938	0.6676304469860578	-0.003216097659621126
-999.0	665.0	-5.64909585081359e-06	-1.1646265383297783e-08	-6.533907446832886	0.8323603897311109	-0.002107097582563393
-999.0	640.0	-6.377353929179499e-06	-1.0407138126163602e-08	-6.296999864634999	0.8953222352124452	-0.0008032526891722013
-999.0	615.0	-6.550986014266198e-06	-9.352344216991195e-09	-6.328132471867948	0.8432639257184216	0.0005929783850653325
-999.0	590.0	-6.711161091784774e-06	-7.773899496271565e-09	-6.507187375000524	0.7573464885354192	0.001960113140916472
-999.0	565.0	-6.770756866821428e-06	-5.791249437395377e-09	-6.8204305597713875	0.6491140702828208	0.0031980669500823815
-999.0	540.0	-6.997468674963621e-06	-4.372618658293857e-09	-7.1326721335450785	0.5277994654718084	0.004261512455219397
-999.0	515.0	-7.705867164841509e-06	-3.4155942126675906e-09	-7.402697292112175	0.37653005477930523	0.005196242399627254
-999.0	490.0	-9.268308760568145e-06	-2.6537922989246277e-09	-7.612047218141121	0.12184137602649917	0.006065431775801541
-999.0	465.0	-1.1808533275686653e-05	-2.319109635016426e-09	-7.762463690979169	-0.2440159476938472	0.006934768285680978
-999.0	440.0	-1.4510119948892913e-05	-1.8985287799350183e-09	-7.934337849418364	-0.5747924454155289	0.00789675338886732
-999.0	415.0	-1.652878476306752e-05	-1.1384212756101903e-09	-8.09233615653861	-0.792215430177748	0.009031486035953268
-999.0	390.0	-1.6799027447603096e-05	-8.736846997652952e-10	-7.996385488481809	-0.8238963231976656	0.010304592207169245
-999.0	365.0	-1.5223160756889396e-05	-8.498429794944792e-10	-7.510911969024563	-0.6800325021946177	0.011529528696172952
-999.0	340.0	-1.2364466742380335e-05	-5.560233426953532e-10	-6.61489320781441	-0.5622353418952072	0.012501825214772389
-999.0	315.0	-9.03818166873829e-06	-2.1770873144588743e-10	-5.387139150784162	-0.5295486119354056	0.013094294256473326
-999.0	290.0	-6.986393464824849e-06	7.16840337472142e-11	-4.183754372632247	-0.486807320932184	0.013311714476545144
-999.0	265.0	-5.86980130743919e-06	1.9937070314809434e-10	-3.106510895703549	-0.34914079343988086	0.013295015575118946
-999.0	240.0	-3.6226470847537864e-06	5.240087187895616e-11	-1.9233361624536414	-0.022521845419850976	0.013177719532609851
-999.0	215.0	-9.265824537673885e-07	-1.081306951138839e-10	-0.46670142525723196	0.45715684833978587	0.012919596715904872
-999.0	190.0	-5.951386176679394e-07	-5.162795705521778e-11	1.1773785998423363	0.8572892972400905	0.012210603563864345
-999.0	165.0	-1.3461930896880382e-06	-1.085374687999724e-12	2.612834878177125	1.0299890183266989	0.010450372850749174
-999.0	140.0	-1.0297049536666276e-06	-3.506995334323075e-12	3.050453183196823	0.9207489405359646	0.005597198347022307
-999.0	115.0	-6.01106418153891e-08	6.066814838859539e-13	3.0637758640306143	0.48850027507261357	0.0007768494700812642
-999.0	90.0	1.985233316503849e-06	-3.285437793661771e-13	4.495029334511051	0.037316617511565946	4.4035108818552343e-07
-999.0	65.0	-6.56336858848537e-07	0.0	0.8968133875390352	0.021006930974253397	0.0
-999.0	40.0	1.608161877831297e-06	0.0	-9.472417019662414	-0.13717529523584135	0.0
-999.0	15.0	2.2847714240142596e-06	0.0	-18.156001590547117	-0.1421558525235516	0.0
244.72222222222223	40	1002.9299636114212	day	levels	pres0
-999.0	990.0	1.2511855982592078e-05	-4.7712969532932e-09	-3.1363907082686318	-0.9729167929303547	-0.0001313178076492864
-999.0	965.0	8.539763107613445e-06	-1.0954510451474309e-08	-4.28944157324137	-1.2974500920446055	-0.0005219364671577985
-999.0	940.0	1.790003249063752e-06	-1.7335362934597545e-08	-5.085791938834673	-1.5043517566093672	-0.0012982252115492777
-999.0	915.0	-5.1343073325996435e-06	-2.1505902384365293e-08	-5.735580450012518	-1.6995619217317948	-0.002408879531322484
-999.0	890.0	-1.0613196511380087e-05	-2.1641657588555072e-08	-6.1676232758022	-1.8043209924584027	-0.0035367616754848744
-999.0	865.0	-1.1182823296426158e-05	-1.862903746363186e-08	-6.494987088536412	-1.7764373655829757	-0.004514759007980079
-999.0	840.0	-8.173637101147552e-06	-1.857119057626465e-08	-6.843956402369865	-1.6162369728331933	-0.0052687432185834476
-999.0	815.0	-4.9221610348193155e-06	-2.079552875559077e-08	-7.200469847709373	-1.3260778744542063	-0.005719022654730144
-999.0	790.0	-3.5101205366788686e-06	-2.3656858766132998e-08	-7.501457842569464	-0.9099570363464041	-0.005812496733876322
-999.0	765.0	-9.268276486630075e-07	-2.7378984784249338e-08	-7.64984258015947	-0.42315705457611325	-0.005533913178396016
-999.0	740.0	-1.5608009568572442e-07	-2.5375301919292855e-08	-7.569496686496402	0.030661995567043014	-0.004945017469696381
-999.0	715.0	-2.7701999734256522e-06	-1.7299072331801352e-08	-7.284325573179436	0.4026241534877506	-0.004158513872528755
-999.0	690.0	-5.304262902739215e-06	-1.2508547648551615e-08	-6.925719696377939	0.6823644461849454	-0.003205827516141242
-999.0	665.0	-6.834295651394649e-06	-1.1280123617646099e-08	-6.5219240769270845	0.8402913636675831	-0.002046767373291131
-999.0	640.0	-7.5936945121595745e-06	-1.0066021745962747e-08	-6.298193865825263	0.8970800777749426	-0.0007009469656833832
-999.0	615.0	-7.77127105016739e-06	-9.008424459726272e-09	-6.33535259678251	0.8395457040695906	0.0007154943402188315
-999.0	590.0	-7.908145184226743e-06	-7.4362276503273685e-09	-6.515992536431274	0.7498036161774647	0.0020753114509434335
-999.0	565.0	-7.90387882138247e-06	-5.506206614904424e-09	-6.826408766564875	0.6394440303039177	0.0032849614277199153
-999.0	540.0	-8.037815938028242e-06	-4.192804340941875e-09	-7.134483504744753	0.5145965196665261	0.004308209720218409
-999.0	515.0	-8.64447757882653e-06	-3.388310888529785e-09	-7.399648048574964	0.35789212253357877	0.0052002631360646345
-999.0	490.0	-1.0112722566913406e-05	-2.7205035814398076e-09	-7.60402453324151	0.09896309472737855	0.006030611662337955
-999.0	465.0	-1.2597143179876983e-05	-2.4070195004836017e-09	-7.7490834207052215	-0.26847737897484064	0.006865900565732114
-999.0	440.0	-1.52720313133142e-05	-1.960400862276072e-09	-7.91362379373065	-0.5972526518125462	0.007798880341684519
-999.0	415.0	-1.724933999068276e-05	-1.164076082531942e-09	-8.06220276015144	-0.808775066464612	0.008910761150333112
-999.0	390.0	-1.7532528601045078e-05	-8.921012325501263e-10	-7.957570014491898	-0.8329078657552607	0.010169665646922043
-999.0	365.0	-1.6025223595138176e-05	-8.573577839516092e-10	-7.466584201251684	-0.6818272763242292	0.011392558214100519
-999.0	340.0	-1.3198609140700296e-05	-5.348549515068748e-10	-6.571994106410909	-0.5612751105948056	0.01237478888355231
-999.0	315.0	-9.847094678128146e-06	-1.6902966892279488e-10	-5.352533376760881	-0.530546909227728	0.01298425632886952
-999.0	290.0	-7.716660844698288e-06	1.2188027971996364e-10	-4.157493428962792	-0.48875599647206747	0.013223275614903288
-999.0	265.0	-6.460485396247091e-06	2.3048611544096477e-10	-3.08718873844259	-0.3477895737640411	0.013233211886381381
-999.0	240.0	-4.029598784024592e-06	5.622030844928374e-11	-1.913115093632342	-0.012607364752692533	0.013135666908606647
-999.0	215.0	-1.234909229233619e-06	-1.1911827343846833e-10	-0.4650411908588674	0.47860766497870555	0.012865666918541225
-999.0	190.0	-9.138122360293939e-07	-5.32600821425088e-11	1.176267825540098	0.8830759723981343	0.012123103775356811
-999.0	165.0	-1.6948555944598977e-06	-1.4085348456385392e-13	2.612222488378251	1.0455957632216242	0.010372356648264726
-999.0	140.0	-1.684435116820553e-06	-3.2467511377440117e-12	3.0556013272513542	0.9197200224513057	0.00554198407524783
-999.0	115.0	-7.73258055552387e-07	7.454330833729879e-13	3.0853071872677247	0.47761865480550947	0.0007449150760617559
-999.0	90.0	1.4569586745709049e-06	-2.398089131543825e-13	4.526247650384917	0.03183573206502117	5.455294518150455e-07
-999.0	65.0	-1.1373746801807176e-06	0.0	0.9344995646841163	0.026499408578120033	0.0
-999.0	40.0	1.0962271960236303e-06	0.0	-9.444772756761962	-0.15416650305547144	0.0
-999.0	15.0	1.4654700276791298e-06	0.0	-18.126667463590216	-0.17605363743174238	0.0
244.73611111111111	40	1002.4948672340039	day	levels	pres0
-999.0	990.0	1.173627655624707e-05	-5.210542771512551e-09	-3.123788925626922	-0.9703819278686687	-9.903620322657586e-05
-999.0	965.0	8.336022813233983e-06	-1.1517872041269953e-08	-4.212691147649173	-1.2730052268043979	-0.00042570501210546395
-999.0	940.0	1.707553684487714e-06	-1.7841610304207125e-08	-4.968904555790123	-1.45461828391707	-0.001141871219788846
-999.0	915.0	-5.140292537899594e-06	-2.21328190166489e-08	-5.610413784072633	-1.628304706679509	-0.002222054084783219
-999.0	890.0	-1.0778444714029127e-05	-2.2037598364813708e-08	-6.047675887743758	-1.719258685906809	-0.003354642208452652
-999.0	865.0	-1.1391653995500606e-05	-1.896986398713253e-08	-6.382253915544669	-1.6853959730694292	-0.004372060345075547
-999.0	840.0	-8.37654955323747e-06	-1.9041173461071907e-08	-6.7394975253515135	-1.5259813347921205	-0.005185292042128154
-999.0	815.0	-5.214071341476221e-06	-2.1274500172108326e-08	-7.102917073265074	-1.2442775401805297	-0.00569669838558149
-999.0	790.0	-3.968608952447289e-06	-2.4110529519620126e-08	-7.410445697723981	-0.8431248857625928	-0.005840313301047599
-999.0	765.0	-1.4691240387443471e-06	-2.7801491216652277e-08	-7.567169876325796	-0.3739286207018237	-0.005590680307327572
-999.0	740.0	-8.406805538120642e-07	-2.553919071127928e-08	-7.501139778939587	0.06519886514254666	-0.005003303451772419
-999.0	715.0	-3.704954135005673e-06	-1.7045715593197824e-08	-7.234820676228422	0.42628250235598825	-0.004192069520104382
-999.0	690.0	-6.414942500448125e-06	-1.2097253361093335e-08	-6.895396995166033	0.6970984453837781	-0.0031955540140167684
-999.0	665.0	-8.019495451972884e-06	-1.0913981851995829e-08	-6.509940707021296	0.8482223376040332	-0.0019864200651776554
-999.0	640.0	-8.81003509513667e-06	-9.72490536576328e-09	-6.299387867015488	0.8988379203374463	-0.0005986151272017657
-999.0	615.0	-8.991556086065351e-06	-8.664504702462687e-09	-6.342572721697007	0.8358274824207872	0.0008380391868903602
-999.0	590.0	-9.105129276665416e-06	-7.098555804384387e-09	-6.5247976978619615	0.7422607438195504	0.0021905382087343333
-999.0	565.0	-9.037000775940444e-06	-5.221163792414326e-09	-6.832386973358319	0.6297739903250573	0.0033718813391010252
-999.0	540.0	-9.078163201090095e-06	-4.012990023590272e-09	-7.136294875944413	0.501393573861296	0.004354922302977759
-999.0	515.0	-9.583087992809087e-06	-3.361027564391769e-09	-7.3965988050377645	0.33925419028792186	0.005204284955531559
-999.0	490.0	-1.0957136373256495e-05	-2.7872148639543134e-09	-7.596001848341951	0.07608481342833506	0.005995778881495058
-999.0	465.0	-1.3385753084065331e-05	-2.4949293659498537e-09	-7.735703150431353	-0.2929388102557659	0.006797009255596224
-999.0	440.0	-1.6033942677733644e-05	-2.022272944616273e-09	-7.89290973804305	-0.6197128582095186	0.007700976188216746
-999.0	415.0	-1.7969895218296323e-05	-1.1897308894531319e-09	-8.032069363764421	-0.8253347027514654	0.008790001159999714
-999.0	390.0	-1.826602975448538e-05	-9.105177653345649e-10	-7.918754540502152	-0.841919408312878	0.010034703861925488
-999.0	365.0	-1.6827286433385077e-05	-8.648725884084944e-10	-7.422256433478967	-0.6836220504538836	0.01125555610827232
-999.0	340.0	-1.4032751539018306e-05	-5.136865603183103e-10	-6.5290950050075525	-0.5603148792944398	0.012247726687745531
-999.0	315.0	-1.0656007687516125e-05	-1.2035060639971394e-10	-5.317927602737719	-0.5315452065200544	0.012874198376703313
-999.0	290.0	-8.446928224570024e-06	1.7207652569267946e-10	-4.1312324852934434	-0.49070467201193424	0.013134821961666975
-999.0	265.0	-7.05116948505357e-06	2.6160152773381856e-10	-3.0678665811817347	-0.34643835408819096	0.01317139839031239
-999.0	240.0	-4.436550483294437e-06	6.003974501962341e-11	-1.9028940248111519	-0.002692884085557013	0.013093608329393722
-999.0	215.0	-1.5432360046992889e-06	-1.3010585176303143e-10	-0.46338095646063454	0.500058481617552	0.012811731862154707
-999.0	190.0	-1.2324858543902882e-06	-5.4892207229806133e-11	1.175157051237721	0.9088626475560849	0.012035599761131922
-999.0	165.0	-2.04351809923091e-06	8.036677188648818e-13	2.6116100985792756	1.0612025081165068	0.010294338058362905
-999.0	140.0	-2.3391652799729236e-06	-2.9865069411657254e-12	3.0607494713058196	0.9186911043666773	0.00548676584600268
-999.0	115.0	-1.4864054692875627e-06	8.841846828595912e-13	3.1068385105047582	0.4667370345384515	0.0007129777607788081
-999.0	90.0	9.286840326393101e-07	-1.5107404694288765e-13	4.557465966258696	0.026354846618473187	6.50700413903841e-07
-999.0	65.0	-1.6184125015115676e-06	0.0	0.9721857418290993	0.03199188618194144	0.0
-999.0	40.0	5.842925142174537e-07	0.0	-9.417128493861572	-0.17115771087505333	0.0
-999.0	15.0	6.461686313465095e-07	0.0	-18.097333336633373	-0.2099514223398169	0.0
244.75	40	1002.0597708565849	day	levels	pres0
-999.0	990.0	1.0960697129900968e-05	-5.6497885897341705e-09	-3.111187142985208	-0.9678470628069983	-6.672101712148523e-05
-999.0	965.0	8.132282518855637e-06	-1.2081233631068332e-08	-4.135940722056797	-1.2485603615641598	-0.0003294044053755494
-999.0	940.0	1.625104119912501e-06	-1.8347857673818783e-08	-4.852017172745297	-1.4048848112246821	-0.000985442231874278
-999.0	915.0	-5.1462777431995165e-06	-2.275973564893422e-08	-5.485247118132455	-1.5570474916270807	-0.002035148330772439
-999.0	890.0	-1.0943692916679005e-05	-2.2433539141073003e-08	-5.927728499685015	-1.6341963793550223	-0.00317243958599026
-999.0	865.0	-1.1600484694575983e-05	-1.9310690510633687e-08	-6.269520742552622	-1.5943545805556436	-0.004229294581407581
-999.0	840.0	-8.579462005328094e-06	-1.951115634588023e-08	-6.635038648332869	-1.4357256967507839	-0.005101802911819918
-999.0	815.0	-5.5059816481338615e-06	-2.1753471588627217e-08	-7.0053642988204965	-1.1624772059065955	-0.005674363968286341
-999.0	790.0	-4.427097368216704e-06	-2.4564200273108865e-08	-7.319433552878245	-0.776292735178556	-0.005868141030985028
-999.0	765.0	-2.011420428826814e-06	-2.8223997649056692e-08	-7.484497172491893	-0.32470018682735313	-0.005647468924693916
-999.0	740.0	-1.525281011939995e-06	-2.570307950326612e-08	-7.432782871382578	0.0997357347181865	-0.005061609859747814
-999.0	715.0	-4.639708296588017e-06	-1.679235885459339e-08	-7.185315779277259	0.44994085122432037	-0.004225636182639862
-999.0	690.0	-7.525622098159696e-06	-1.168595907363361e-08	-6.8650742939540335	0.7118324445826668	-0.003185277153308732
-999.0	665.0	-9.204695252553812e-06	-1.0547840086344098e-08	-6.497957337115494	0.8561533115405059	-0.0019260556586034926
-999.0	640.0	-1.0026375678116603e-05	-9.38378898556241e-09	-6.300581868205753	0.9005957628999439	-0.0004962571743739521
-999.0	615.0	-1.0211841121966405e-05	-8.32058494519775e-09	-6.34979284661157	0.8321092607719559	0.0009606129243595751
-999.0	590.0	-1.0302113369107248e-05	-6.760883958440179e-09	-6.533602859292713	0.7347178714615961	0.0023057934136302785
-999.0	565.0	-1.0170122730501352e-05	-4.936120969923361e-09	-6.838365180151805	0.6201039503461548	0.0034588266836902085
-999.0	540.0	-1.0118510464154598e-05	-3.833175706238272e-09	-7.138106247144088	0.4881906280560153	0.0044016502032106185
-999.0	515.0	-1.0521698406794006e-05	-3.333744240253943e-09	-7.39354956150055	0.3206162580421994	0.005208307858010358
-999.0	490.0	-1.1801550179601665e-05	-2.8539261464694785e-09	-7.58797916344234	0.053206532129219664	0.005960933433417043
-999.0	465.0	-1.4174362988255564e-05	-2.5828392314170272e-09	-7.722322880157404	-0.31740024153675356	0.006728094355386584
-999.0	440.0	-1.679585404215484e-05	-2.084145026957332e-09	-7.872195682355337	-0.6421730646065305	0.007603040928441238
-999.0	415.0	-1.869045044591148e-05	-1.2153856963748925e-09	-8.001935967377255	-0.8418943390383254	0.008669206064767735
-999.0	390.0	-1.899953090792729e-05	-9.289342981194046e-10	-7.879939066512245	-0.8509309508704714	0.009899706851941923
-999.0	365.0	-1.7629349271633798e-05	-8.723873928656325e-10	-7.37792866570609	-0.6854168245834964	0.011118522378506338
-999.0	340.0	-1.4866893937338207e-05	-4.925181691298407e-10	-6.486195903604053	-0.5593546479940416	0.012120638627257756
-999.0	315.0	-1.1464920696905921e-05	-7.167154387663309e-11	-5.283321828714439	-0.5325435038123814	0.012764120399960072
-999.0	290.0	-9.177195604443403e-06	2.222727716654181e-10	-4.104971541623985	-0.4926533475518228	0.013046353516851843
-999.0	265.0	-7.641853573861429e-06	2.9271694002668403e-10	-3.0485444239207684	-0.34508713441235683	0.013109575086930062
-999.0	240.0	-4.843502182565216e-06	6.385918158995328e-11	-1.892672955989838	0.0072215965815952705	0.013051543794980051
-999.0	215.0	-1.8515627801654832e-06	-1.4109343008760975e-10	-0.4617207220622473	0.5215092982564654	0.012757791546748443
-999.0	190.0	-1.5511594727517125e-06	-5.652433231709497e-11	1.1740462769355093	0.9346493227141246	0.011948091521188997
-999.0	165.0	-2.392180604002779e-06	1.7481889223009103e-12	2.6109977087804253	1.076809253011431	0.010216317081042578
-999.0	140.0	-2.9938954431267965e-06	-2.7262627445867424e-12	3.065897615360363	0.9176621862820219	0.005431543659286164
-999.0	115.0	-2.1995528830244902e-06	1.0229362823466203e-12	3.12836983374187	0.45585541427135484	0.0006810375242321917
-999.0	90.0	4.004093907063915e-07	-6.233918073108842e-14	4.588684282132557	0.0208739611719336	7.558639744530904e-07
-999.0	65.0	-2.0994503228437337e-06	0.0	1.0098719189741785	0.037484363785811804	0.0
-999.0	40.0	7.235783240979624e-08	0.0	-9.389484230961118	-0.18814891869468353	0.0
-999.0	15.0	-1.7313276498859363e-07	0.0	-18.067999209676472	-0.24384920724800657	0.0
244.76388888888889	40	1001.9482756115145	day	levels	pres0
-999.0	990.0	9.442614910898794e-06	-4.981951072533705e-09	-3.0831332003313037	-0.9284182614276776	-1.4099519486820002e-05
-999.0	965.0	6.904436034728586e-06	-1.0899100939777372e-08	-4.144556916895372	-1.2255304894513224	-0.00016000003973522164
-999.0	940.0	7.780986036058579e-07	-1.6943518737801108e-08	-4.870454311370865	-1.3950751432114	-0.0006936622577596324
-999.0	915.0	-5.616494463683429e-06	-2.123692253402353e-08	-5.50632624209875	-1.5537694335308954	-0.0016258391356594863
-999.0	890.0	-1.1130161696348797e-05	-2.1089248741504207e-08	-5.956708987553948	-1.635227297979684	-0.002662663141061511
-999.0	865.0	-1.1834583811485248e-05	-1.8138421580934965e-08	-6.308621845548163	-1.599892584932231	-0.0036385249116494415
-999.0	840.0	-8.954193721882307e-06	-1.8280533339388976e-08	-6.683316650844812	-1.4440466190082242	-0.004453431530924003
-999.0	815.0	-5.973124000116328e-06	-2.0326146126248206e-08	-7.063692073973462	-1.1721176292510764	-0.0049993558576021625
-999.0	790.0	-4.971968556214655e-06	-2.2888873840106736e-08	-7.388354344973556	-0.7914307959496129	-0.005204616608487625
-999.0	765.0	-2.700922644420445e-06	-2.64609012834056e-08	-7.5638317796919825	-0.34913356844633664	-0.0050411812824757785
-999.0	740.0	-2.277385559659955e-06	-2.4205732756379758e-08	-7.516100650742013	0.06482004356522655	-0.004560900142233455
-999.0	715.0	-5.27855160160032e-06	-1.5847989367964874e-08	-7.265318087169171	0.40531630994422135	-0.0038729918166842295
-999.0	690.0	-8.031107646264406e-06	-1.108274379345931e-08	-6.9382327889639805	0.6594078254013227	-0.003017865238460724
-999.0	665.0	-9.60732247217286e-06	-1.0058870821381085e-08	-6.5606413672841155	0.7988555311623903	-0.0019762373824019947
-999.0	640.0	-1.0327683130157993e-05	-8.980634961204277e-09	-6.352335198058043	0.8429542805939806	-0.0007911264344005439
-999.0	615.0	-1.0398500857667831e-05	-7.994620823851375e-09	-6.390831115995612	0.7800229078246923	0.0003990200432798649
-999.0	590.0	-1.0381175306333055e-05	-6.5250869564639765e-09	-6.565371290322324	0.6920043621507479	0.0014608237508560375
-999.0	565.0	-1.0175720111604507e-05	-4.7945864512987155e-09	-6.8629825432149	0.5902262505380085	0.002317665871532858
-999.0	540.0	-1.0070763758302704e-05	-3.739858535478996e-09	-7.157603619590617	0.4697596096077286	0.002957253422892578
-999.0	515.0	-1.0424826873796019e-05	-3.238659443122601e-09	-7.410561571282036	0.3104798353853499	0.0034597314695751567
-999.0	490.0	-1.1618194649507895e-05	-2.7922072744622455e-09	-7.605707640626599	0.04784784708466259	0.003912627470751046
-999.0	465.0	-1.386028705854585e-05	-2.5528407048118786e-09	-7.744055990928002	-0.3205579067210947	0.004387517866793422
-999.0	440.0	-1.6333858436958132e-05	-2.0532786149206956e-09	-7.898150126375888	-0.6384695161074849	0.004975446884623227
-999.0	415.0	-1.8121851156456492e-05	-1.1954365058159485e-09	-8.029334576830086	-0.8257104135302936	0.00575728223447978
-999.0	390.0	-1.843532572403408e-05	-9.137988870530159e-10	-7.89916481385161	-0.8251474720854175	0.006714201634056046
-999.0	365.0	-1.719471922134378e-05	-8.628582000794924e-10	-7.379523028457018	-0.6568618001460245	0.00769194220521429
-999.0	340.0	-1.465495121854164e-05	-4.866823946234638e-10	-6.473964551197662	-0.5354022339340871	0.008504987283854518
-999.0	315.0	-1.1509695087068443e-05	-5.5968556690672284e-11	-5.265469690991797	-0.5177909003954871	0.009020972085138025
-999.0	290.0	-9.373724517064472e-06	2.352625314956161e-10	-4.084385300676045	-0.48127194931581563	0.009246484975705422
-999.0	265.0	-7.867724365740602e-06	2.980502521186052e-10	-3.024933698868003	-0.3283133878121069	0.009338538400853552
-999.0	240.0	-5.086754465958899e-06	7.238341664014014e-11	-1.865711298726853	0.029951644203998935	0.009406056350082794
-999.0	215.0	-2.167744798556627e-06	-1.2893207182905002e-10	-0.43630348831888077	0.5407888160811832	0.00934528469296217
-999.0	190.0	-1.8743738183851187e-06	-4.655604219391056e-11	1.188291505156526	0.9409451910427797	0.008918867879201408
-999.0	165.0	-2.610828970580643e-06	8.50526946102061e-12	2.6135980046930856	1.0778423585589012	0.007819582657590175
-999.0	140.0	-3.2120871002834625e-06	-1.1675383391016795e-12	3.0765399649030067	0.9327557701913225	0.00417196136570012
-999.0	115.0	-2.734759412673658e-06	1.2708083864157577e-12	3.1581475173848084	0.48541976535132736	0.00044439812332210625
-999.0	90.0	-2.174005544763289e-07	1.8999739006510528e-13	4.615927406246736	0.043572099908965524	6.932709931130765e-07
-999.0	65.0	-2.5947844589913325e-06	0.0	1.016643714810183	0.03436222033841046	0.0
-999.0	40.0	-4.540012128545827e-07	0.0	-9.422380726015803	-0.18722240431675555	0.0
-999.0	15.0	-1.0070050951610053e-06	0.0	-18.114704860581355	-0.23768462731484857	0.0
244.77777777777777	40	1001.8367803664439	day	levels	pres0
-999.0	990.0	7.924532691901219e-06	-4.314113555335139e-09	-3.0550792576774852	-0.8889894600484752	3.8508137389635914e-05
-999.0	965.0	5.676589550605469e-06	-9.71696824848929e-09	-4.153173111733934	-1.2025006173385624	9.407427147548133e-06
-999.0	940.0	-6.8906912697938e-08	-1.5539179801786732e-08	-4.888891449996397	-1.3852654751981601	-0.00040186805266158234
-999.0	915.0	-6.086711184165773e-06	-1.971410941911641e-08	-5.527405366065002	-1.5504913754347343	-0.0012165276413944898
-999.0	890.0	-1.1316630476017971e-05	-1.9744958341938577e-08	-5.985689475422803	-1.6362582166043564	-0.0021529104316792926
-999.0	865.0	-1.2068682928393776e-05	-1.696615265123923e-08	-6.347722948543594	-1.6054305893088152	-0.003047792294996446
-999.0	840.0	-9.328925438435392e-06	-1.7049910332901337e-08	-6.731594653356623	-1.4523675412656587	-0.003805091882024571
-999.0	815.0	-6.440266352097444e-06	-1.8898820663873582e-08	-7.122019849126278	-1.18175805259555	-0.004324374740244559
-999.0	790.0	-5.516839744210911e-06	-2.1213547407109818e-08	-7.457275137068704	-0.8065688567206465	-0.004541120336890653
-999.0	765.0	-3.390424860012021e-06	-2.4697804917759584e-08	-7.643166386891893	-0.3735669500652688	-0.004434918966646293
-999.0	740.0	-3.029490107377781e-06	-2.27083860094973e-08	-7.59941843010127	0.02990435241234813	-0.00406021060271863
-999.0	715.0	-5.917394906610712e-06	-1.4903619881338685e-08	-7.3453203950609165	0.3606917686642302	-0.003520362815923818
-999.0	690.0	-8.536593194367488e-06	-1.0479528513286384e-08	-7.011391283973788	0.6069832062201065	-0.0028504622172073764
-999.0	665.0	-1.0009949691790624e-05	-9.569901556419014e-09	-6.623325397452644	0.7415577507844124	-0.002026415634901963
-999.0	640.0	-1.062899058219858e-05	-8.577480936846869e-09	-6.404088527910277	0.7853127982881537	-0.0010859738583469235
-999.0	615.0	-1.0585160593369145e-05	-7.668656702505623e-09	-6.4318693853796365	0.7279365548775498	-0.00016253805961600432
-999.0	590.0	-1.0460237243559352e-05	-6.289289954488188e-09	-6.597139721351948	0.6492908528400003	0.0006158927439299229
-999.0	565.0	-1.0181317492708532e-05	-4.653051932674186e-09	-6.887599906278031	0.5603485507299374	0.0011765343937314868
-999.0	540.0	-1.0023017052451885e-05	-3.646541364719732e-09	-7.177100992037188	0.45132859115949575	0.0015128534049620194
-999.0	515.0	-1.0327955340799136e-05	-3.143574645991438e-09	-7.427573581063557	0.3003434127285401	0.0017110870673200016
-999.0	490.0	-1.1434839119415406e-05	-2.7304884024552574e-09	-7.62343611781086	0.04248916204013719	0.001864172993680461
-999.0	465.0	-1.3546211128837793e-05	-2.522842178207037e-09	-7.765789101698564	-0.32371557190541067	0.0020467129823758183
-999.0	440.0	-1.58718628317635e-05	-2.022412202884447e-09	-7.924104570396356	-0.6347659676084453	0.0023475492131766577
-999.0	415.0	-1.7553251867003795e-05	-1.175487315257287e-09	-8.0567331862828	-0.8095264880223232	0.0028449991764645426
-999.0	390.0	-1.7871120540142933e-05	-8.986634759868322e-10	-7.918390561190855	-0.7993639933004605	0.0035283330919293095
-999.0	365.0	-1.6760089171055182e-05	-8.533290072934912e-10	-7.3811173912078605	-0.6283067757086498	0.004265058493640679
-999.0	340.0	-1.444300849974573e-05	-4.80846620117144e-10	-6.461733198791215	-0.511449819874205	0.0048890782258160775
-999.0	315.0	-1.1554469477230873e-05	-4.026556950474404e-11	-5.247617553269111	-0.5030382969786303	0.005277554369720125
-999.0	290.0	-9.570253429685044e-06	2.482522913257933e-10	-4.063799059728078	-0.46989055107983735	0.005446289231597123
-999.0	265.0	-8.093595157619194e-06	3.033835642105028e-10	-3.001322973815228	-0.31153964121190997	0.005567088743876585
-999.0	240.0	-5.330006749351856e-06	8.090765169028645e-11	-1.8387496414638766	0.05268169182632716	0.005760077779402596
-999.0	215.0	-2.4839268169467956e-06	-1.1677071357053523e-10	-0.41088625457552336	0.5600683339058355	0.005932211182306659
-999.0	190.0	-2.1975881640175304e-06	-3.658775207075831e-11	1.2025367333775452	0.9472410593714053	0.005888996626276522
-999.0	165.0	-2.8294773371576765e-06	1.526234999972455e-11	2.6161983006057263	1.0788754641063685	0.005422260067498391
-999.0	140.0	-3.4302787574391124e-06	3.911860663805787e-13	3.087182314445566	0.9478493541006042	0.0029121822981725905
-999.0	115.0	-3.269965942321375e-06	1.5186804904843463e-12	3.1879252010276233	0.514984116431257	0.0002077850164155702
-999.0	90.0	-8.35210499657314e-07	4.4233396086048113e-13	4.6431705303608295	0.0662702386459572	6.307023702950591e-07
-999.0	65.0	-3.0901185951375786e-06	0.0	1.0234155106461678	0.03124007689101354	0.0
-999.0	40.0	-9.803602581174432e-07	0.0	-9.455277221070384	-0.18629588993887372	0.0
-999.0	15.0	-1.840877425330896e-06	0.0	-18.161410511486093	-0.23152004738176163	0.0
244.79166666666666	40	1001.7252851213728	day	levels	pres0
-999.0	990.0	6.4064504728989115e-06	-3.646276038134569e-09	-3.0270253150235753	-0.8495606586691495	9.11019520933791e-05
-999.0	965.0	4.448743066478304e-06	-8.534835557198149e-09	-4.161789306572505	-1.1794707452257212	0.00017881799524255716
-999.0	940.0	-9.159124290046583e-07	-1.4134840865768835e-08	-4.907328588621963	-1.3754558071848748	-0.000110059616813912
-999.0	915.0	-6.556927904649718e-06	-1.8191296304205403e-08	-5.548484490031297	-1.547213317338547	-0.0008072138487525218
-999.0	890.0	-1.1503099255687787e-05	-1.8400667942369424e-08	-6.014669963291733	-1.6372891352290178	-0.0016431814581744858
-999.0	865.0	-1.2302782045303058e-05	-1.5793883721540157e-08	-6.386824051539136	-1.610968593685403	-0.0024570967312477635
-999.0	840.0	-9.703657154989612e-06	-1.5819287326409708e-08	-6.779872655868568	-1.4606884635231012	-0.0031567839650311824
-999.0	815.0	-6.907408704079926e-06	-1.747149520149418e-08	-7.180347624279243	-1.1913984759400311	-0.003649420616279208
-999.0	790.0	-6.061710932208846e-06	-1.9538220974107378e-08	-7.526195929164021	-0.8217069174917022	-0.003877652216164834
-999.0	765.0	-4.079927075605581e-06	-2.2934708552108337e-08	-7.722500994091988	-0.3980003316842495	-0.0038286819771862594
-999.0	740.0	-3.781594655097647e-06	-2.1211039262610918e-08	-7.682736209460715	-0.005011338740608052	-0.0035595412411860775
-999.0	715.0	-6.556238211622951e-06	-1.39592503947102e-08	-7.425322702952839	0.3160672273841353	-0.0031677491802902962
-999.0	690.0	-9.04207874247217e-06	-9.876313233112128e-09	-7.084549778983743	0.5545585870387661	-0.0026830680894817205
-999.0	665.0	-1.0412576911409686e-05	-9.080932291456029e-09	-6.686009427621277	0.6842599704062997	-0.0020765904161344057
-999.0	640.0	-1.0930298034240017e-05	-8.174326912488756e-09	-6.455841857762578	0.7276713159821927	-0.0013807994464006058
-999.0	615.0	-1.077182032907063e-05	-7.34269258115926e-09	-6.47290765476369	0.6758502019302884	-0.0007240613846038832
-999.0	590.0	-1.0539299180785232e-05	-6.0534929525119974e-09	-6.628908152381572	0.6065773435291543	-0.00022899960739472948
-999.0	565.0	-1.018691487381176e-05	-4.511517414049558e-09	-6.912217269341138	0.5304708509217927	3.543225017397145e-05
-999.0	540.0	-9.975270346600065e-06	-3.5532241939604706e-09	-7.196598364483729	0.43289757271121077	6.84501495485473e-05
-999.0	515.0	-1.0231083807801218e-05	-3.0484898488601067e-09	-7.444585590845054	0.2902069900716925	-3.762534809530817e-05
-999.0	490.0	-1.1251483589321705e-05	-2.66876953044803e-09	-7.641164594995128	0.03713047699558202	-0.00018442999647941846
-999.0	465.0	-1.3232135199128134e-05	-2.4928436516018913e-09	-7.78752221246917	-0.3268732370897502	-0.00029432029600150953
-999.0	440.0	-1.5409867226566845e-05	-1.991545790847812e-09	-7.95005901441691	-0.6310624191093988	-0.00028065208389037213
-999.0	415.0	-1.6984652577548848e-05	-1.155538124698344e-09	-8.084131795735633	-0.793342562514292	-6.76431077989504e-05
-999.0	390.0	-1.7306915356249762e-05	-8.835280649204453e-10	-7.937616308530221	-0.7735805145154085	0.0003421012264082012
-999.0	365.0	-1.6325459120765193e-05	-8.437998145073536e-10	-7.382711753958787	-0.5997517512711824	0.0008378712442144882
-999.0	340.0	-1.423106578094921e-05	-4.750108456107682e-10	-6.449501846384821	-0.4874974058142575	0.0012729114532125175
-999.0	315.0	-1.1599243867393447e-05	-2.456258231878242e-11	-5.2297654155464635	-0.48828569356174467	0.0015338672534526351
-999.0	290.0	-9.766782342306175e-06	2.612420511559932e-10	-4.043212818780135	-0.4585091528438394	0.0016457662842202733
-999.0	265.0	-8.319465949498418e-06	3.08716876302425e-10	-2.9777122487624608	-0.2947658946116682	0.001795226115926789
-999.0	240.0	-5.5732590327455585e-06	8.943188674047394e-11	-1.8117879842008928	0.07541173944872355	0.0021136080830710204
-999.0	215.0	-2.80010883533792e-06	-1.0460935531197334e-10	-0.3854690208321593	0.5793478517305466	0.0025185710149684556
-999.0	190.0	-2.5208025096509043e-06	-2.661946194757222e-11	1.2167819615985587	0.9535369277000547	0.0028584777624368935
-999.0	165.0	-3.0481257037355433e-06	2.2019430538444408e-11	2.6187985965183844	1.0799085696538324	0.003024349310692001
-999.0	140.0	-3.6484704145957944e-06	1.9499104718656685e-12	3.0978246639882077	0.9629429380099017	0.0016522064566864142
-999.0	115.0	-3.8051724719705644e-06	1.7665525945534952e-12	3.21770288467056	0.5445484675112316	-2.8801796487941225e-05
-999.0	90.0	-1.4530204448400502e-06	6.946705316566796e-13	4.670413654475009	0.08896837738299332	5.681581059994216e-07
-999.0	65.0	-3.5854527312851875e-06	0.0	1.030187306482175	0.02811793344361386	0.0
-999.0	40.0	-1.5067193033818367e-06	0.0	-9.488173716125063	-0.18536937556094635	0.0
-999.0	15.0	-2.6747497555033347e-06	0.0	-18.20811616239098	-0.22535546744860493	0.0
244.80555555555554	40	1001.6137898763025	day	levels	pres0
-999.0	990.0	4.888368253901335e-06	-2.978438520936004e-09	-2.9989713723697564	-0.8101318572899476	0.00014368192320945224
-999.0	965.0	3.220896582355185e-06	-7.352702865910065e-09	-4.170405501411067	-1.1564408731129618	0.0003482316645175027
-999.0	940.0	-1.7629179453084507e-06	-1.273050192975446e-08	-4.925765727247496	-1.365646139171635	0.00018176304954612639
-999.0	915.0	-7.027144625132057e-06	-1.6668483189298284e-08	-5.569563613997548	-1.5439352592423858	-0.0003978977585133448
-999.0	890.0	-1.1689568035356963e-05	-1.7056377542803785e-08	-6.043650451160589	-1.6383200538536906	-0.0011334762208835122
-999.0	865.0	-1.2536881162211587e-05	-1.462161479184442e-08	-6.425925154534565	-1.6165065980619873	-0.0018664382202086942
-999.0	840.0	-1.0078388871542693e-05	-1.4588664319922074e-08	-6.828150658380379	-1.4690093857805349	-0.002508507779859923
-999.0	815.0	-7.37455105606104e-06	-1.6044169739119552e-08	-7.238675399432058	-1.2010388992845045	-0.0029744934857783966
-999.0	790.0	-6.606582120205102e-06	-1.7862894541110453e-08	-7.595116721259169	-0.8368449782627361	-0.003214212246287178
-999.0	765.0	-4.769429291197158e-06	-2.1171612186462324e-08	-7.801835601291899	-0.4224337133031817	-0.0032224703140820376
-999.0	740.0	-4.533699202815472e-06	-1.9713692515728452e-08	-7.76605398881997	-0.039927029893486364	-0.0030588920576229265
-999.0	715.0	-7.195081516633341e-06	-1.3014880908084016e-08	-7.505325010844585	0.2714426861041442	-0.002815150909718255
-999.0	690.0	-9.547564290575254e-06	-9.273097952939203e-09	-7.157708273993553	0.5021339678575497	-0.002515682855217903
-999.0	665.0	-1.0815204131027449e-05	-8.59196302649396e-09	-6.748693457789805	0.6269621900283218	-0.0021267617261292266
-999.0	640.0	-1.12316054862806e-05	-7.771172888131344e-09	-6.507595187614812	0.670029833676366	-0.0016756031987453842
-999.0	615.0	-1.0958480064771946e-05	-7.016728459813508e-09	-6.5139459241477145	0.6237638489831461	-0.0012855499319529577
-999.0	590.0	-1.0618361118011527e-05	-5.81769595053621e-09	-6.660676583411197	0.5638638342184066	-0.001073853303354761
-999.0	565.0	-1.0192512254915784e-05	-4.369982895425029e-09	-6.93683463240427	0.5005931511137216	-0.001105640559238766
-999.0	540.0	-9.92752364074925e-06	-3.4599070232012066e-09	-7.216095736930301	0.4144665542629779	-0.0013759563432020208
-999.0	515.0	-1.0134212274804339e-05	-2.9534050517289433e-09	-7.4615976006265745	0.2800705674148828	-0.0017864057759916876
-999.0	490.0	-1.1068128059229212e-05	-2.6070506584410413e-09	-7.658893072179389	0.03177179195105681	-0.0022331814983910852
-999.0	465.0	-1.2918059269420075e-05	-2.4628451249970496e-09	-7.80925532323973	-0.33003090227406623	-0.002635581966448867
-999.0	440.0	-1.4947871621372213e-05	-1.9606793788115628e-09	-7.976013458437378	-0.6273588706103589	-0.0029091570045421825
-999.0	415.0	-1.6416053288096155e-05	-1.1355889341396814e-09	-8.111530405188345	-0.7771586370063214	-0.002980644616801547
-999.0	390.0	-1.6742710172358613e-05	-8.683926538542621e-10	-7.956842055869465	-0.7477970357304515	-0.0028444939616282337
-999.0	365.0	-1.5890829070476597e-05	-8.342706217213518e-10	-7.384306116709631	-0.5711967268338077	-0.002589619542600655
-999.0	340.0	-1.4019123062153296e-05	-4.691750711044484e-10	-6.4372704939783745	-0.46354499175437536	-0.0023435130338498684
-999.0	315.0	-1.1644018257555877e-05	-8.859595132854218e-12	-5.211913277823781	-0.4735330901448879	-0.0022100892638810712
-999.0	290.0	-9.96331125492675e-06	2.7423181098617035e-10	-4.022626577832168	-0.44712775460786125	-0.0021550838666945958
-999.0	265.0	-8.545336741377011e-06	3.1405018839432263e-10	-2.954101523709687	-0.2779921480114715	-0.0019770494830318175
-999.0	240.0	-5.816511316138518e-06	9.795612179062026e-11	-1.7848263269379174	0.09814178707105195	-0.0015333527387458208
-999.0	215.0	-3.1162908537280886e-06	-9.244799705345858e-11	-0.3600517870888014	0.598627369555199	-0.0008956358088340878
-999.0	190.0	-2.8440168552833144e-06	-1.6651171824419965e-11	1.2310271898195775	0.9598327960286808	-0.00017268871226692998
-999.0	165.0	-3.2667740703125784e-06	2.877651107714835e-11	2.6213988924310243	1.0809416752012997	0.0006258503871180004
-999.0	140.0	-3.8666620717514435e-06	3.5086348773479273e-12	3.108467013530767	0.9780365219191831	0.0003920338412361532
-999.0	115.0	-4.340379001618282e-06	2.0144246986220844e-12	3.247480568313375	0.574112818591161	-0.00026536231538679285
-999.0	90.0	-2.0708303900210357e-06	9.470071024520555e-13	4.697656778589104	0.1116665161199849	5.056382002268542e-07
-999.0	65.0	-4.0807868674314336e-06	0.0	1.0369591023181597	0.024995789996216898	0.0
-999.0	40.0	-2.033078348644697e-06	0.0	-9.521070211179644	-0.18444286118306444	0.0
-999.0	15.0	-3.508622085673225e-06	0.0	-18.254821813295724	-0.219190887515518	0.0
244.81944444444446	40	1001.5022946312314	day	levels	pres0
-999.0	990.0	3.3702860348984196e-06	-2.31060100373522e-09	-2.970917429715848	-0.7707030559106187	0.00019624804932381006
-999.0	965.0	1.993050098227519e-06	-6.170570174618443e-09	-4.179021696249652	-1.1334110010001213	0.0005176484349422466
-999.0	940.0	-2.6099234616155787e-06	-1.1326162993736086e-08	-4.94420286587308	-1.3558364711583515	0.00047359994618486364
-999.0	915.0	-7.497361345616231e-06	-1.514567007438709e-08	-5.590642737963861	-1.5406572011461983	1.1420628548061339e-05
-999.0	890.0	-1.1876036815026782e-05	-1.571208714323481e-08	-6.072630939029537	-1.639350972478348	-0.0006237947201370336
-999.0	865.0	-1.277098027912085e-05	-1.3449345862145737e-08	-6.465026257530126	-1.62204460243857	-0.001275816761678054
-999.0	840.0	-1.0453120588096898e-05	-1.3358041313431015e-08	-6.876428660892348	-1.477330308037973	-0.0018602633264199757
-999.0	815.0	-7.841693408043452e-06	-1.4616844276740718e-08	-7.297003174585059	-1.2106793226289867	-0.0022995933488074304
-999.0	790.0	-7.15145330820302e-06	-1.618756810810817e-08	-7.6640375133545255	-0.8519830390338001	-0.002550800427228011
-999.0	765.0	-5.458931506791005e-06	-1.9408515820810445e-08	-7.881170208492038	-0.44686709492217774	-0.0026162839773140744
-999.0	740.0	-5.285803750535783e-06	-1.821634576884106e-08	-7.849371768179455	-0.07484272104646182	-0.0025582630520116093
-999.0	715.0	-7.833924821645823e-06	-1.2070511421454793e-08	-7.5853273187365415	0.2268181448240283	-0.0024625680041391366
-999.0	690.0	-1.0053049838679962e-05	-8.669882672764435e-09	-7.230866769003538	0.4497093486761863	-0.0023483065143488314
-999.0	665.0	-1.121783135064641e-05	-8.102993761530539e-09	-6.8113774879584605	0.569664409650182	-0.0021769295649174156
-999.0	640.0	-1.1532912938321898e-05	-7.368018863772881e-09	-6.559348517467129	0.6123883513703751	-0.0019703851155688486
-999.0	615.0	-1.1145139800473346e-05	-6.690764338466895e-09	-6.554984193531783	0.571677496035854	-0.0018470037019392399
-999.0	590.0	-1.0697423055237371e-05	-5.581898948559823e-09	-6.69244501444083	0.5211503249075347	-0.001918668344197072
-999.0	565.0	-1.0198109636019021e-05	-4.22844837680022e-09	-6.961451995467383	0.47071545130556136	-0.002246684034619162
-999.0	540.0	-9.879776934897429e-06	-3.366589852441811e-09	-7.235593109376843	0.3960355358146866	-0.0028203660731605
-999.0	515.0	-1.0037340741806346e-05	-2.858320254597566e-09	-7.478609610408067	0.2699341447580343	-0.003535254215709869
-999.0	490.0	-1.0884772529135383e-05	-2.545331786433859e-09	-7.676621549363646	0.02641310690650269	-0.0042820815107398975
-999.0	465.0	-1.2603983339710268e-05	-2.4328465983920284e-09	-7.830988434010325	-0.33318856745840575	-0.004977072027102321
-999.0	440.0	-1.4485876016175372e-05	-1.929812966775075e-09	-8.001967902457919	-0.6236553221113147	-0.005537965546771629
-999.0	415.0	-1.584745399864098e-05	-1.1156397435808458e-09	-8.138929014641162	-0.7609747114982924	-0.0058940053490653555
-999.0	390.0	-1.617850498846516e-05	-8.532572427879497e-10	-7.976067803208808	-0.7220135569453963	-0.006031452471334824
-999.0	365.0	-1.545619902018631e-05	-8.247414289352688e-10	-7.385900479460525	-0.5426417023963249	-0.0060174138663772365
-999.0	340.0	-1.380718034335653e-05	-4.6333929659810595e-10	-6.425039141571945	-0.43959257769440246	-0.005960195235302603
-999.0	315.0	-1.1688792647718314e-05	6.843392053089934e-12	-5.194061140101102	-0.4587804867279719	-0.005954315182536458
-999.0	290.0	-1.0159840167547816e-05	2.872215708163524e-10	-4.002040336884196	-0.4357463563718321	-0.005956261221455989
-999.0	265.0	-8.771207533256211e-06	3.193835004862242e-10	-2.930490798656893	-0.26121840141120145	-0.005749738053073479
-999.0	240.0	-6.059763599532254e-06	1.064803568407992e-10	-1.7578646696749047	0.12087183469347176	-0.005180804685918248
-999.0	215.0	-3.432472872119392e-06	-8.028663879489755e-11	-0.3346345533454091	0.6179068873799209	-0.0043104092889161985
-999.0	190.0	-3.167231200916975e-06	-6.6828817012331664e-12	1.2452724180406134	0.9661286643573237	-0.003204502797813947
-999.0	165.0	-3.4854224368906236e-06	3.553359161587194e-11	2.6239991883436917	1.0819747807487567	-0.0017732367033000077
-999.0	140.0	-4.084853728908176e-06	5.067359282834024e-12	3.1191093630734175	0.9931301058284889	-0.0008683355481959362
-999.0	115.0	-4.8755855312677154e-06	2.262296802691344e-12	3.2772582519563307	0.6036771696711519	-0.0005018965402816047
-999.0	90.0	-2.688640335204042e-06	1.1993436732483664e-12	4.724899902703294	0.13436465485702856	4.4314265297777245e-07
-999.0	65.0	-4.576121003579326e-06	0.0	1.043730898154165	0.021873646548814508	0.0
-999.0	40.0	-2.559437393909382e-06	0.0	-9.553966706234341	-0.18351634680514664	0.0
-999.0	15.0	-4.342494415846025e-06	0.0	-18.30152746420062	-0.21302630758237132	0.0
244.83333333333334	40	1001.3907993861608	day	levels	pres0
-999.0	990.0	1.8522038159007994e-06	-1.6427634865366294e-09	-2.9428634870620303	-0.7312742545314169	0.0002488003290219055
-999.0	965.0	7.652036141043365e-07	-4.9884374833303505e-09	-4.1876378910882135	-1.1103811288873615	0.0006870683064843758
-999.0	940.0	-3.4569289779194473e-06	-9.921824057721728e-09	-4.962640004498612	-1.3460268031451095	0.0007654510728648038
-999.0	915.0	-7.967578066098605e-06	-1.3622856959480013e-08	-5.611721861930113	-1.537379143050035	0.000420741311651456
-999.0	890.0	-1.2062505594695961e-05	-1.4367796743669233e-08	-6.101611426898393	-1.6403818911030177	-0.0001141369562720329
-999.0	865.0	-1.300507939602936e-05	-1.2277076932450058e-08	-6.504127360525555	-1.6275826068151513	-0.0006852323554617369
-999.0	840.0	-1.0827852304649937e-05	-1.2127418306943416e-08	-6.924706663404159	-1.4856512302954037	-0.0012120506046281248
-999.0	815.0	-8.308835760024501e-06	-1.3189518814366119e-08	-7.3553309497378745	-1.2203197459734572	-0.0016247202054393577
-999.0	790.0	-7.696324496199202e-06	-1.4512241675111253e-08	-7.732958305449673	-0.8671210998048307	-0.0018874167589651054
-999.0	765.0	-6.148433722382514e-06	-1.7645419455164435e-08	-7.960504815691949	-0.4713004765411061	-0.002010122966869453
-999.0	740.0	-6.0379082982535395e-06	-1.6718999021958607e-08	-7.932689547538711	-0.1097584121993352	-0.0020576542243398964
-999.0	715.0	-8.472768126656148e-06	-1.112614193482863e-08	-7.665329626628285	0.18219360354404338	-0.002110000463488031
-999.0	690.0	-1.0558535386782985e-05	-8.066667392591547e-09	-7.304025264013341	0.39728472949497673	-0.0021809390668089757
-999.0	665.0	-1.1620458570264122e-05	-7.614024496568506e-09	-6.874061518126982	0.5123666292722108	-0.0022270939325290417
-999.0	640.0	-1.1834220390362432e-05	-6.9648648394155075e-09	-6.611101847319358	0.5547468690645543	-0.002265145197054822
-999.0	615.0	-1.133179953617461e-05	-6.364800217121174e-09	-6.596022462915801	0.5195911430887166	-0.0024084226948318252
-999.0	590.0	-1.0776484992463617e-05	-5.3461019465840615e-09	-6.72421344547045	0.47843681559679074	-0.0027634447301582922
-999.0	565.0	-1.0203707017122999e-05	-4.0869138581757145e-09	-6.986069358530509	0.44083775149749305	-0.0033876981760659316
-999.0	540.0	-9.832030229046566e-06	-3.2732726816825695e-09	-7.255090481823409	0.3776045173664559	-0.004264779040180518
-999.0	515.0	-9.940469208809415e-06	-2.7632354574664232e-09	-7.495621620189582	0.2597977221012257	-0.005284170666569981
-999.0	490.0	-1.0701416999042845e-05	-2.4836129144268864e-09	-7.694350026547905	0.021054421861977913	-0.0063311300321873204
-999.0	465.0	-1.2289907410002176e-05	-2.4028480717871962e-09	-7.8527215447808825	-0.33634623264272195	-0.0073187904760709036
-999.0	440.0	-1.4023880410980718e-05	-1.8989465547388297e-09	-8.027922346478382	-0.6199517736122757	-0.008167077708541536
-999.0	415.0	-1.527885470918826e-05	-1.0956905530221854e-09	-8.166327624093874	-0.7447907859903231	-0.008807725303079538
-999.0	390.0	-1.5614299804574002e-05	-8.381218317217685e-10	-7.995293550548052	-0.696230078160441	-0.00921877430183064
-999.0	365.0	-1.5021568969897701e-05	-8.152122361492697e-10	-7.387494842211368	-0.5140866779589521	-0.00944551172664955
-999.0	340.0	-1.359523762456061e-05	-4.5750352209179086e-10	-6.412807789165499	-0.41564016363452216	-0.009577135151037133
-999.0	315.0	-1.1733567037880735e-05	2.2546379239011207e-11	-5.17620900237842	-0.44402788331111664	-0.009698810502727728
-999.0	290.0	-1.0356369080168382e-05	3.002113306465234e-10	-3.981454095936233	-0.4243649581358552	-0.0097577657803308
-999.0	265.0	-8.997078325134793e-06	3.247168125781181e-10	-2.906880073604123	-0.24444465481100555	-0.009522839594231532
-999.0	240.0	-6.3030158829252025e-06	1.1500459189094465e-10	-1.7309030124119344	0.14360188231579848	-0.0088287477582775
-999.0	215.0	-3.7486548905095503e-06	-6.812528053638208e-11	-0.3092173196020574	0.6371864052045697	-0.007725749425057001
-999.0	190.0	-3.490445546549392e-06	3.285408421919437e-12	1.2595176462616287	0.9724245326859444	-0.006236964494151392
-999.0	165.0	-3.704070803467692e-06	4.2290672154575497e-11	2.6265994842563343	1.0830078862962182	-0.0041729119606133385
-999.0	140.0	-4.303045386063861e-06	6.626083688316129e-12	3.1297517126159815	1.0082236897377654	-0.002128901711614473
-999.0	115.0	-5.410792060915419e-06	2.5101689067599136e-12	3.3070359355991483	0.6332415207510776	-0.0007384044711706303
-999.0	90.0	-3.3064502803850117e-06	1.4516802440437471e-12	4.752143026817391	0.1570627935940188	3.8067146425286887e-07
-999.0	65.0	-5.0714551397255655e-06	0.0	1.05050269399015	0.018751503101418935	0.0
-999.0	40.0	-3.0857964391722463e-06	0.0	-9.586863201288923	-0.18258983242726257	0.0
-999.0	15.0	-5.1763667460159144e-06	0.0	-18.348233115105366	-0.20686172764928243	0.0
244.84722222222223	40	1001.2793041410903	day	levels	pres0
-999.0	990.0	3.3412159689853604e-07	-9.749259693360843e-10	-2.91480954440812	-0.6918454531520907	0.0003013387608901365
-999.0	965.0	-4.626428700227645e-07	-3.806304792039219e-09	-4.196254085926785	-1.0873512567745203	0.0008564912791137613
-999.0	940.0	-4.303934494226095e-06	-8.517485121703812e-09	-4.981077143124179	-1.3362171351318262	0.0010573164293522762
-999.0	915.0	-8.43779478658252e-06	-1.2100043844568966e-08	-5.632800985896407	-1.53410108495385	0.0008300642900217675
-999.0	890.0	-1.2248974374365774e-05	-1.3023506344100022e-08	-6.130591914767325	-1.6414128097276817	0.0003954970703808028
-999.0	865.0	-1.323917851293866e-05	-1.1104808002750929e-08	-6.543228463521098	-1.6331206111917422	-9.468500135848767e-05
-999.0	840.0	-1.1202584021204197e-05	-1.0896795300451752e-08	-6.972984665916103	-1.4939721525528493	-0.0005638696143934757
-999.0	815.0	-8.775978112007051e-06	-1.1762193351986684e-08	-7.4136587248908405	-1.2299601693179416	-0.0009498740557394021
-999.0	790.0	-8.24119568419721e-06	-1.2836915242108814e-08	-7.80187909754499	-0.8822591605758896	-0.001224061241468687
-999.0	765.0	-6.8379359379761415e-06	-1.5882323089513188e-08	-8.039839422892047	-0.4957338581600905	-0.0014039872827285036
-999.0	740.0	-6.790012845973476e-06	-1.5221652275072216e-08	-8.016007326898158	-0.14467410335229636	-0.0015570655745900984
-999.0	715.0	-9.111611431668452e-06	-1.018177244820012e-08	-7.745331934520212	0.13756906226394214	-0.0017574482876962626
-999.0	690.0	-1.106402093488773e-05	-7.463452112417255e-09	-7.377183759023303	0.34486011031362945	-0.0020135805125311534
-999.0	665.0	-1.202308578988324e-05	-7.125055231605483e-09	-6.936745548295621	0.4550688488940915	-0.0022772548289950348
-999.0	640.0	-1.2135527842403917e-05	-6.561710815057358e-09	-6.662855177171667	0.4971053867585874	-0.0025598834433908785
-999.0	615.0	-1.1518459271876149e-05	-6.03883609577478e-09	-6.63706073229986	0.46750479014145024	-0.0029698069109067478
-999.0	590.0	-1.0855546929689545e-05	-5.110304944607845e-09	-6.755981876500078	0.435723306285941	-0.003608182461485388
-999.0	565.0	-1.0209304398226275e-05	-3.945379339551063e-09	-7.010686721593622	0.41096005168934563	-0.004528682983691617
-999.0	540.0	-9.784283523194791e-06	-3.1799555109232865e-09	-7.274587854269956	0.3591734989181686	-0.005709195244133032
-999.0	515.0	-9.843597675811548e-06	-2.6681506603350716e-09	-7.512633629971084	0.24966129944437693	-0.007033155127912926
-999.0	490.0	-1.0518061468949188e-05	-2.4218940424196447e-09	-7.712078503732175	0.015695736817422267	-0.008380327061418889
-999.0	465.0	-1.1975831480292556e-05	-2.3728495451820414e-09	-7.874454655551493	-0.33950389782706125	-0.009660737311490877
-999.0	440.0	-1.3561884805784085e-05	-1.868080142702191e-09	-8.05387679049894	-0.6162482251132284	-0.010796493487844984
-999.0	415.0	-1.4710255419733335e-05	-1.0757413624632404e-09	-8.193726233546709	-0.7286068604822907	-0.011721804477366458
-999.0	390.0	-1.505009462068084e-05	-8.229864206553796e-10	-8.01451929788742	-0.6704465993753874	-0.012406459452270776
-999.0	365.0	-1.4586938919607726e-05	-8.056830433631296e-10	-7.3890892049622945	-0.48553165352148275	-0.012873913122990367
-999.0	340.0	-1.3383294905764096e-05	-4.516677475854105e-10	-6.400576436759103	-0.39168774957457275	-0.013194332780985253
-999.0	315.0	-1.1778341428043315e-05	3.824936642497973e-11	-5.158356864655771	-0.42927527989422953	-0.013443575224710605
-999.0	290.0	-1.0552897992789522e-05	3.132010904767294e-10	-3.9608678549882868	-0.4129835598998559	-0.013559597543627764
-999.0	265.0	-9.222949117014027e-06	3.3005012467004386e-10	-2.8832693485513516	-0.22767090821076308	-0.013296354106580447
-999.0	240.0	-6.546268166318915e-06	1.23528826941133e-10	-1.7039413551489446	0.16633192993819634	-0.012477181955694128
-999.0	215.0	-4.064836908900684e-06	-5.5963922277820896e-11	-0.28380008585868727	0.6564659230292845	-0.011141656217071973
-999.0	190.0	-3.813659892182758e-06	1.3253698545105183e-11	1.273762874482646	0.9787204010145985	-0.009270073801258513
-999.0	165.0	-3.922719170045525e-06	4.904775269329574e-11	2.6291997801689897	1.0840409918436877	-0.006573175384898623
-999.0	140.0	-4.521237043220508e-06	8.184808093801375e-12	3.140394062158618	1.0233172736470681	-0.0033896646490373427
-999.0	115.0	-5.9459985905646225e-06	2.7580410108290814e-12	3.3368136192420823	0.6628058718310561	-0.0009748861080545204
-999.0	90.0	-3.924260225567764e-06	1.7040168148399413e-12	4.779386150931568	0.17976093233105633	3.182246340524602e-07
-999.0	65.0	-5.566789275873181e-06	0.0	1.0572744898261568	0.015629359654017867	0.0
-999.0	40.0	-3.612155484436635e-06	0.0	-9.619759696343605	-0.18166331804933747	0.0
-999.0	15.0	-6.010239076188354e-06	0.0	-18.39493876601025	-0.2006971477161277	0.0
244.86111111111111	40	1001.1678088960198	day	levels	pres0
-999.0	990.0	-1.18396062209904e-06	-3.0708845213751897e-10	-2.886755601754302	-0.6524166517728884	0.00035386334351442654
-999.0	965.0	-1.6904893541458797e-06	-2.6241721007511337e-09	-4.204870280765348	-1.0643213846617614	0.0010259173527980983
-999.0	940.0	-5.150940010529888e-06	-7.1131461856894396e-09	-4.999514281749713	-1.3264074671185861	0.0013491960154099931
-999.0	915.0	-8.908011507064861e-06	-1.0577230729661845e-08	-5.653880109862659	-1.5308230268576895	0.001239389562879
-999.0	890.0	-1.2435443154034946e-05	-1.1679215944534393e-08	-6.15957240263618	-1.642443728352354	0.0009051073594849151
-999.0	865.0	-1.3473277629847188e-05	-9.932539073055193e-09	-6.582329566516528	-1.638658615568326	0.0004958253008263984
-999.0	840.0	-1.1577315737757285e-05	-9.666172293964117e-09	-7.021262668427914	-1.5022930748102836	8.427964436783528e-05
-999.0	815.0	-9.243120463988166e-06	-1.0334867889612063e-08	-7.471986500043658	-1.2396005926624147	-0.00027505489977995394
-999.0	790.0	-8.786066872193467e-06	-1.1161588809111888e-08	-7.870799889640138	-0.8973972213469231	-0.0005607338747158596
-999.0	765.0	-7.5274381535677195e-06	-1.4119226723867177e-08	-8.119174030091957	-0.5201672397790229	-0.0007978769248776968
-999.0	740.0	-7.5421173936913e-06	-1.3724305528189757e-08	-8.099325106257414	-0.1795897945051749	-0.0010564971027494673
-999.0	715.0	-9.750454736678842e-06	-9.237402961573931e-09	-7.825334242411957	0.09294452098395105	-0.0014049114766985268
-999.0	690.0	-1.1569506482990812e-05	-6.860236832244329e-09	-7.45034225403311	0.29243549113241313	-0.0018462308514495887
-999.0	665.0	-1.2425713009501002e-05	-6.636085966643413e-09	-6.999429578464148	0.39777106851611366	-0.002327412254345363
-999.0	640.0	-1.2436835294444502e-05	-6.158556790699949e-09	-6.7146085070239	0.4394639044527606	-0.0028545998547608604
-999.0	615.0	-1.1705119007577461e-05	-5.7128719744290276e-09	-6.678099001683886	0.4154184371943078	-0.003531156350433213
-999.0	590.0	-1.0934608866915843e-05	-4.874507942632057e-09	-6.787750307529704	0.3930097969751934	-0.004452881538415167
-999.0	565.0	-1.02149017793303e-05	-3.803844820926533e-09	-7.035304084656754	0.3810823518812744	-0.005669638457595203
-999.0	540.0	-9.736536817343976e-06	-3.0866383401640225e-09	-7.294085226716527	0.3407424804699359	-0.007153614684872076
-999.0	515.0	-9.746726142814667e-06	-2.5730658632039086e-09	-7.529645639752605	0.2395248767875671	-0.008782207599059382
-999.0	490.0	-1.0334705938856696e-05	-2.360175170412656e-09	-7.729806980916438	0.010337051772896887	-0.010429672597096791
-999.0	465.0	-1.1661755550584498e-05	-2.3428510185772e-09	-7.896187766322054	-0.34266156301137735	-0.012002912531472175
-999.0	440.0	-1.309988920058945e-05	-1.8372137306659416e-09	-8.079831234519407	-0.6125446766141887	-0.013426212882645899
-999.0	415.0	-1.4141656130280638e-05	-1.0557921719045777e-09	-8.221124842999421	-0.7124229349743201	-0.014636242870416628
-999.0	390.0	-1.448588943678969e-05	-8.078510095891961e-10	-8.033745045226663	-0.6446631205904305	-0.0155945079217759
-999.0	365.0	-1.4152308869319125e-05	-7.96153850577128e-10	-7.390683567713137	-0.45697662908410797	-0.016302618054935766
-999.0	340.0	-1.317135218696818e-05	-4.4583197307909064e-10	-6.3883450843526575	-0.36773533551469073	-0.016811788125040403
-999.0	315.0	-1.1823115818205744e-05	5.395235361090788e-11	-5.140504726933085	-0.41452267647737273	-0.01718860934870146
-999.0	290.0	-1.0749426905410094e-05	3.261908503069067e-10	-3.940281614040319	-0.40160216166387785	-0.017361756511616113
-999.0	265.0	-9.44881990889262e-06	3.353834367619416e-10	-2.8596586234985764	-0.21089716161056607	-0.017070281590155983
-999.0	240.0	-6.789520449711872e-06	1.3205306199127934e-10	-1.6769796978859692	0.1890619775605247	-0.01612610727800179
-999.0	215.0	-4.381018927290854e-06	-4.3802564019306124e-11	-0.2583828521153298	0.6757454408539366	-0.014558129664742504
-999.0	190.0	-4.136874237815171e-06	2.3221988668257454e-11	1.288008102703665	0.9850162693432246	-0.012303830719084512
-999.0	165.0	-4.14136753662256e-06	5.580483323199967e-11	2.6318000760816305	1.085074097391155	-0.008974026976208634
-999.0	140.0	-4.739428700376158e-06	9.743532499283633e-12	3.151036411701177	1.03841085755635	-0.004650624360469843
-999.0	115.0	-6.481205120212339e-06	3.0059131148976697e-12	3.3665913028848973	0.6923702229109855	-0.0012113414509316105
-999.0	90.0	-4.54207017074875e-06	1.9563533856353166e-12	4.806629275045663	0.20245907106804792	2.558021623773354e-07
-999.0	65.0	-6.0621234120194264e-06	0.0	1.0640462856621415	0.01250721620662092	0.0
-999.0	40.0	-4.138514529699496e-06	0.0	-9.652656191398185	-0.1807368036714556	0.0
-999.0	15.0	-6.844111406358245e-06	0.0	-18.44164441691499	-0.19453256778304068	0.0
244.875	40	1001.0563136509489	day	levels	pres0
-999.0	990.0	-2.7020428411012137e-06	3.6074906506294725e-10	-2.8587016591003964	-0.6129878503935676	0.0004063740754815958
-999.0	965.0	-2.9183358382729312e-06	-1.4420394094601749e-09	-4.213486475603921	-1.0412915125489237	0.001195346527507193
-999.0	940.0	-5.997945526836528e-06	-5.708807249671766e-09	-5.0179514203752795	-1.316597799105304	0.0016410898308041376
-999.0	915.0	-9.378228227548777e-06	-9.054417614751157e-09	-5.674959233828954	-1.5275449687615041	0.0016487171294477603
-999.0	890.0	-1.2621911933704738e-05	-1.0334925544965598e-08	-6.188552890505111	-1.6434746469770163	0.0014146939107092704
-999.0	865.0	-1.3707376746756455e-05	-8.760270143356472e-09	-6.621430669512068	-1.6441966199449134	0.0010862985512938438
-999.0	840.0	-1.1952047454311502e-05	-8.435549287472868e-09	-7.0695406709398565	-1.5106139970677244	0.0007323971717462979
-999.0	815.0	-9.710262815970633e-06	-8.907542427233053e-09	-7.530314275196621	-1.2492410160068954	0.0003997372623733107
-999.0	790.0	-9.330938060191416e-06	-9.48626237610976e-09	-7.939720681735448	-0.91253528211798	0.00010256534132269811
-999.0	765.0	-8.21694036916135e-06	-1.2356130358216072e-08	-8.198508637292045	-0.5446006213980062	-0.0001917918932977931
-999.0	740.0	-8.29422194141126e-06	-1.2226958781303396e-08	-8.182642885616847	-0.2145054856581347	-0.0005559488088006883
-999.0	715.0	-1.0389298041691146e-05	-8.29303347494542e-09	-7.905336550303868	0.04831997970385216	-0.0010523900304264325
-999.0	690.0	-1.2074992031095522e-05	-6.257021552070032e-09	-7.523500749043058	0.24001087195106915	-0.001678890083497272
-999.0	665.0	-1.282834022912005e-05	-6.1471167016803996e-09	-7.06211360863277	0.340473288137998	-0.0023775662086110197
-999.0	640.0	-1.2738142746485892e-05	-5.7554027663418185e-09	-6.7663618368761895	0.3818224221467972	-0.003149294431352298
-999.0	615.0	-1.1891778743278889e-05	-5.386907853082652e-09	-6.719137271067928	0.36333208424704416	-0.004092471013687119
-999.0	590.0	-1.101367080414165e-05	-4.638710940655853e-09	-6.8195187385593155	0.35029628766434534	-0.00529754196119435
-999.0	565.0	-1.0220499160433455e-05	-3.6623103023018878e-09	-7.059921447719848	0.35120465207312795	-0.006810564597888856
-999.0	540.0	-9.688790111492078e-06	-2.9933211694047457e-09	-7.313582599163057	0.32231146202164895	-0.008598037362268073
-999.0	515.0	-9.649854609816678e-06	-2.477981066072567e-09	-7.546657649534089	0.2293884541307177	-0.01053132807934955
-999.0	490.0	-1.0151350408762932e-05	-2.298456298405423e-09	-7.747535458100695	0.004978366728339846	-0.012479166637905664
-999.0	465.0	-1.1347679620874782e-05	-2.312852491972052e-09	-7.917920877092652	-0.3458192281957185	-0.014345316134149987
-999.0	440.0	-1.2637893595392746e-05	-1.806347318629306e-09	-8.105785678539958	-0.6088411281151432	-0.01605623589093613
-999.0	415.0	-1.357305684082565e-05	-1.0358429813456337e-09	-8.248523452452252	-0.6962390094662885	-0.01755104048075105
-999.0	390.0	-1.3921684252896483e-05	-7.927155985228078e-10	-8.052970792566027	-0.6188796418053764	-0.018782919709499593
-999.0	365.0	-1.3717678819029107e-05	-7.866246577909881e-10	-7.392277930464065	-0.428421604646636	-0.019731626522056848
-999.0	340.0	-1.2959409468171617e-05	-4.3999619857271377e-10	-6.376113731946265	-0.3437829214547362	-0.020429501183132574
-999.0	315.0	-1.1867890208368267e-05	6.965534079686875e-11	-5.122652589210442	-0.39977007306047857	-0.020933912874954108
-999.0	290.0	-1.0945955818031163e-05	3.3918061013710466e-10	-3.9196953730923796	-0.3902207634278707	-0.021164242684602604
-999.0	265.0	-9.674690700771792e-06	3.407167488538627e-10	-2.8360478984458104	-0.1941234150103161	-0.020844622045030577
-999.0	240.0	-7.032772733105554e-06	1.405772970414661e-10	-1.6500180406229839	0.21179202518292847	-0.019775523725069005
-999.0	215.0	-4.697200945681997e-06	-3.164120576074644e-11	-0.2329656183719636	0.6950249586786542	-0.01797516976788214
-999.0	190.0	-4.460088583448577e-06	3.319027879144185e-11	1.3022533309246815	0.9913121376718794	-0.015338235247606928
-999.0	165.0	-4.360015903200423e-06	6.256191377071937e-11	2.634400371994291	1.086107202938625	-0.011375466734618665
-999.0	140.0	-4.957620357532823e-06	1.1302256904768698e-11	3.1616787612438206	1.0535044414656507	-0.005911780845929184
-999.0	115.0	-7.016411649861508e-06	3.2537852189668072e-12	3.3963689865278353	0.7219345739909581	-0.0014477704998024342
-999.0	90.0	-5.15988011593147e-06	2.20868995643151e-12	4.833872399159842	0.22515720980507986	1.9340404922784434e-07
-999.0	65.0	-6.5574575481670265e-06	0.0	1.0708180814981465	0.0093850727592196	0.0
-999.0	40.0	-4.6648735749638744e-06	0.0	-9.685552686452867	-0.1798102892935276	0.0
-999.0	15.0	-7.677983736530657e-06	0.0	-18.488350067819873	-0.18836798784988273	0.0
244.88888888888889	40	1001.3595367916053	day	levels	pres0
-999.0	990.0	-2.91287557778809e-06	7.400532479763006e-10	-2.8307033337297525	-0.5735208758019468	0.00045223271195359634
-999.0	965.0	-2.9922735118072506e-06	-4.860997648417129e-10	-4.222697022415349	-1.0183843684692844	0.0013054341270386017
-999.0	940.0	-5.712330635354421e-06	-4.663833930318199e-09	-5.037279829146384	-1.307459809152126	0.0018056800326297971
-999.0	915.0	-8.793159620425102e-06	-8.024457432295894e-09	-5.697142413684318	-1.525213972325354	0.0018518887022158474
-999.0	890.0	-1.1806536052782365e-05	-9.475779461770418e-09	-6.218532732554877	-1.6453277796861638	0.001640473516677724
-999.0	865.0	-1.2978281352727186e-05	-8.09335935781948e-09	-6.6611361579290005	-1.6504486378518854	0.0013306997281418926
-999.0	840.0	-1.143001765259052e-05	-7.751890625705118e-09	-7.118211152061641	-1.519655520776207	0.0010023755085988744
-999.0	815.0	-9.3665322727425e-06	-8.013851895871228e-09	-7.588974907284754	-1.2596522079751165	0.000702739239910941
-999.0	790.0	-9.133857691321947e-06	-8.230488090338827e-09	-8.008906402285206	-0.9283764414371111	0.00044273108014751056
-999.0	765.0	-8.216774513258482e-06	-1.0803123955868242e-08	-8.27804211586248	-0.5695278769625314	0.00018587143000934754
-999.0	740.0	-8.359987488282738e-06	-1.0793201436042235e-08	-8.266024071072847	-0.2497265435873879	-0.00014432251792983097
-999.0	715.0	-1.0310865263577833e-05	-7.379082101817093e-09	-7.985218199472647	0.0034668493483270774	-0.0006119816393817174
-999.0	690.0	-1.1837150218052163e-05	-5.697402552860276e-09	-7.596464314158057	0.18734949534487225	-0.001217095782474752
-999.0	665.0	-1.245110112569234e-05	-5.7508581606121854e-09	-7.124666775975946	0.2828382077434108	-0.0019053793723285905
-999.0	640.0	-1.2248691577012898e-05	-5.498942978617558e-09	-6.818033769017195	0.3237665239425291	-0.0026790566919082633
-999.0	615.0	-1.1310065257554345e-05	-5.248666514488075e-09	-6.760128916729068	0.31078632956454233	-0.00363498980512301
-999.0	590.0	-1.0381929210519164e-05	-4.594596756771709e-09	-6.851241175144429	0.3071312509358447	-0.004861673192836077
-999.0	565.0	-9.589444795508142e-06	-3.701277264345559e-09	-7.084447604323172	0.3209467530250222	-0.006403766980942157
-999.0	540.0	-9.063518434889952e-06	-3.0715434939410817e-09	-7.332966831941432	0.3035784837944811	-0.00822348779606872
-999.0	515.0	-9.012799153622417e-06	-2.5279520016255985e-09	-7.563568215521539	0.21903111750169424	-0.010184262920807614
-999.0	490.0	-9.452423578799757e-06	-2.3364791673495967e-09	-7.765205006277746	-0.0005649083131517436	-0.012150455546615244
-999.0	465.0	-1.052854812623416e-05	-2.3384077190724156e-09	-7.939663251004539	-0.34916935086488077	-0.014029124027190025
-999.0	440.0	-1.168711934274663e-05	-1.817552619297355e-09	-8.131809606202104	-0.6053484697190523	-0.015755617831910682
-999.0	415.0	-1.2528135861528094e-05	-1.0559153467447756e-09	-8.276050403241182	-0.6802857241755641	-0.017280372218305973
-999.0	390.0	-1.2859821961608064e-05	-8.009772066958087e-10	-8.072352572566043	-0.5933823720329852	-0.018558695134787733
-999.0	365.0	-1.2715041555908116e-05	-7.943214130832386e-10	-7.394026717023288	-0.4002250681911716	-0.019558879222992185
-999.0	340.0	-1.2054919345078247e-05	-4.451824395646744e-10	-6.364017588751688	-0.3202280814330418	-0.020302128231606115
-999.0	315.0	-1.1059810348737784e-05	7.320724858637951e-11	-5.104906031536701	-0.38541985411261914	-0.020841708163240893
-999.0	290.0	-1.018178688539331e-05	3.4057927439876796e-10	-3.899196969611322	-0.3792197626261366	-0.021095245412306885
-999.0	265.0	-8.886919879005271e-06	3.3642262571297295e-10	-2.8125234913258397	-0.17768924742461728	-0.02078778505110468
-999.0	240.0	-6.19771820226024e-06	1.4457169753476535e-10	-1.6231459745812027	0.2342324895518495	-0.01973309704776718
-999.0	215.0	-3.817052587806642e-06	-1.8840802174048815e-11	-0.20763120090677484	0.7140756817091378	-0.017971036510192315
-999.0	190.0	-3.528531078811553e-06	4.590574348896259e-11	1.3164176219512522	0.9973774628033871	-0.015396301380715752
-999.0	165.0	-3.3269951485883066e-06	7.048221777990991e-11	2.6369149325386023	1.0868042518222185	-0.011491457544314155
-999.0	140.0	-3.6632773779298505e-06	1.2559341422473538e-11	3.172260491620965	1.0682018882639435	-0.0059658882492178815
-999.0	115.0	-5.7308028303844815e-06	3.378631085490503e-12	3.4261373756897417	0.7514305029587531	-0.0014073403878983972
-999.0	90.0	-4.12159488953922e-06	2.346648020420602e-12	4.8611149068863035	0.2478520608255944	9.13779847353699e-08
-999.0	65.0	-5.730793734796276e-06	0.0	1.0775898830994812	0.006262977681460462	0.0
-999.0	40.0	-4.230547709748546e-06	0.0	-9.7184500717928	-0.1788837762756263	0.0
-999.0	15.0	-7.399024689862316e-06	0.0	-18.535057906120606	-0.18220342811016332	0.0
244.90277777777777	40	1001.6627599322607	day	levels	pres0
-999.0	990.0	-3.1237083144740176e-06	1.1193574308884003e-09	-2.802705008359195	-0.5340539012104447	0.0004980789496535708
-999.0	965.0	-3.0662111853406976e-06	4.698398797743733e-10	-4.231907569226762	-0.9954772243897234	0.0014155234488467516
-999.0	940.0	-5.426715743872502e-06	-3.6188606109669523e-09	-5.056608237917454	-1.2983218191989894	0.001970278003765016
-999.0	915.0	-8.20809101330287e-06	-6.994497249842897e-09	-5.719325593539638	-1.5228829758892255	0.002055061263503943
-999.0	890.0	-1.099116017186234e-05	-8.616633378577356e-09	-6.248512574604569	-1.6471809123953205	0.001866242412273194
-999.0	865.0	-1.2249185958700106e-05	-7.426448572284396e-09	-6.700841646345818	-1.6567006557588546	0.0015750855145680183
-999.0	840.0	-1.0907987850871181e-05	-7.068231963939642e-09	-7.166881633183294	-1.5286970444846826	0.001272340553191137
-999.0	815.0	-9.022801729515561e-06	-7.120161364512412e-09	-7.647635539372737	-1.2700633999433293	0.0010057288897254873
-999.0	790.0	-8.936777322453011e-06	-6.9747138045720665e-09	-8.078092122834798	-0.9442176007562175	0.000782882173578079
-999.0	765.0	-8.216608657355462e-06	-9.2501175535252e-09	-8.357575594432735	-0.5944551325270035	0.0005635187332375633
-999.0	740.0	-8.425753035153874e-06	-9.359444090785093e-09	-8.34940525652867	-0.2849476015165575	0.00026728692668325817
-999.0	715.0	-1.0232432485464516e-05	-6.465130728691222e-09	-8.065099848641257	-0.04138628100708839	-0.00017159232717020334
-999.0	690.0	-1.1599308405009206e-05	-5.1377835536519204e-09	-7.669427879272917	0.13468811873880468	-0.000755325911474361
-999.0	665.0	-1.2073862022265478e-05	-5.354599619544765e-09	-7.187219943319027	0.22520312734896292	-0.0014332251701164307
-999.0	640.0	-1.1759240407541275e-05	-5.242483190893704e-09	-6.869705701158145	0.26571062573839893	-0.0022088535900284577
-999.0	615.0	-1.0728351771831783e-05	-5.110425175893663e-09	-6.801120562390191	0.25824057488216307	-0.0031775368549355376
-999.0	590.0	-9.75018761689907e-06	-4.550482572887481e-09	-6.882963611729553	0.2639662142074456	-0.0044258242715644325
-999.0	565.0	-8.958390430585361e-06	-3.740244226388903e-09	-7.108973760926531	0.29068885397699296	-0.005996979919966465
-999.0	540.0	-8.438246758290346e-06	-3.1497658184770405e-09	-7.35235106471985	0.28484550556736826	-0.007848937301348387
-999.0	515.0	-8.375743697430543e-06	-2.577922937178512e-09	-7.5804787815090195	0.20867378087271177	-0.00983718405062329
-999.0	490.0	-8.753496748839058e-06	-2.374502036293836e-09	-7.782874554454804	-0.006108183354610318	-0.011821720444299383
-999.0	465.0	-9.709416631596418e-06	-2.3639629461730074e-09	-7.961405624916387	-0.35251947353401647	-0.013712900915376146
-999.0	440.0	-1.0736345090103835e-05	-1.8287579199657192e-09	-8.157833533864165	-0.601855811322966	-0.015454964817910009
-999.0	415.0	-1.1483214882234109e-05	-1.0759877121441132e-09	-8.303577354029994	-0.6643324388849002	-0.0170096703356337
-999.0	390.0	-1.1797959670323083e-05	-8.092388148689804e-10	-8.09173435256594	-0.5678851022606906	-0.018334444986874074
-999.0	365.0	-1.1712404292790129e-05	-8.020181683755911e-10	-7.395775503582424	-0.3720285317358035	-0.019386116603629752
-999.0	340.0	-1.115042922198747e-05	-4.5036868055667133e-10	-6.351921445557054	-0.29667324141141865	-0.020174746229509436
-999.0	315.0	-1.025173048910966e-05	7.675915637587247e-11	-5.0871594738629184	-0.3710696351647959	-0.020749496827680833
-999.0	290.0	-9.417617952757796e-06	3.4197793866042336e-10	-3.878698566130235	-0.36821876182443	-0.02102624217234423
-999.0	265.0	-8.099149057241208e-06	3.3212850257207816e-10	-2.7889990842058614	-0.1612550798389711	-0.020730941769974098
-999.0	240.0	-5.3626636714174e-06	1.4856609802803165e-10	-1.5962739085394306	0.2566729539206966	-0.019690664517229495
-999.0	215.0	-2.936904229933681e-06	-6.040398587404335e-12	-0.18229678344159458	0.7331264047395566	-0.017966902324916677
-999.0	190.0	-2.596973574177012e-06	5.862120818643839e-11	1.3305819129778254	1.003442787934866	-0.015454379488912246
-999.0	165.0	-2.2939743939791232e-06	7.840252178907829e-11	2.6394294930828917	1.0875013007058092	-0.01160747624350692
-999.0	140.0	-2.3689343983302983e-06	1.3816425940175193e-11	3.182842221998024	1.0828993350622182	-0.006020003978267267
-999.0	115.0	-4.4451940109107945e-06	3.5034769520138336e-12	3.455905764851525	0.7809264319265048	-0.001366914775274797
-999.0	90.0	-3.0833096631496675e-06	2.484606084409251e-12	4.888357414612682	0.2705469118460687	-1.0608250349006999e-08
-999.0	65.0	-4.904129921427814e-06	0.0	1.084361684700796	0.003140882603705903	0.0
-999.0	40.0	-3.796221844534333e-06	0.0	-9.751347457132631	-0.17795726325777103	0.0
-999.0	15.0	-7.12006564319437e-06	0.0	-18.5817657444212	-0.17603886837051502	0.0
244.91666666666666	40	1001.9659830729169	day	levels	pres0
-999.0	990.0	-3.334541051160942e-06	1.498661613801814e-09	-2.774706682988547	-0.4945869266188186	0.0005439127875241096
-999.0	965.0	-3.140148858875051e-06	1.4257795243929885e-09	-4.2411181160381854	-0.9725700803100801	0.001525614492921849
-999.0	940.0	-5.141100852390392e-06	-2.5738872916131947e-09	-5.075936646688559	-1.2891838292458087	0.002134883744042116
-999.0	915.0	-7.623022406179151e-06	-5.964537067387378e-09	-5.741508773395004	-1.5205519794530744	0.002258234812893805
-999.0	890.0	-1.0175784290939918e-05	-7.757487295381877e-09	-6.278492416654335	-1.649034045104468	0.002092000597327181
-999.0	865.0	-1.1520090564670792e-05	-6.7595377867471055e-09	-6.7405471347627515	-1.6629526736658273	0.0018194559106421303
-999.0	840.0	-1.038595804915016e-05	-6.384573302171532e-09	-7.215552114305081	-1.537738568193167	0.0015422923055438112
-999.0	815.0	-8.67907118628741e-06	-6.226470833150181e-09	-7.706296171460872	-1.2804745919115517	0.0013087062117588043
-999.0	790.0	-8.739696953583469e-06	-5.718939518800828e-09	-8.14727784338456	-0.9600587600753476	0.0011230186215983628
-999.0	765.0	-8.216442801452424e-06	-7.697111151177253e-09	-8.437109073003178	-0.6193823880915258	0.0009411500163646122
-999.0	740.0	-8.491518582025135e-06	-7.925686745523943e-09	-8.432786441984678	-0.32016865944580675	0.0006788795250252121
-999.0	715.0	-1.0153999707351004e-05	-5.551179355562944e-09	-8.144981497810045	-0.08623941136260951	0.0002687779062780762
-999.0	690.0	-1.1361466591965684e-05	-4.578164554442222e-09	-7.74239144438793	0.08202674213261142	-0.0002935804703140669
-999.0	665.0	-1.1696622918837656e-05	-4.958341078476585e-09	-7.249773110662215	0.1675680469543788	-0.0009611036016801984
-999.0	640.0	-1.12697892380682e-05	-4.986023403169463e-09	-6.921377633299161	0.2076547275341334	-0.0017386851254100686
-999.0	615.0	-1.0146638286107175e-05	-4.972183837299098e-09	-6.842112208051343	0.20569482019966345	-0.0027201121628964136
-999.0	590.0	-9.118446023276528e-06	-4.50636838900335e-09	-6.91468604831468	0.2208011774789468	-0.003989995197251348
-999.0	565.0	-8.327336065659998e-06	-3.779211188432597e-09	-7.133499917529867	0.2604309549288887	-0.005590203414922311
-999.0	540.0	-7.812975081688182e-06	-3.227988143013399e-09	-7.371735297498236	0.2661125273402018	-0.007474385878147734
-999.0	515.0	-7.738688241236252e-06	-2.6278938727315607e-09	-7.597389347496479	0.19831644424369024	-0.009490091468939484
-999.0	490.0	-8.05456991887585e-06	-2.4125249052380197e-09	-7.800544102631867	-0.011651458396099936	-0.011492961331182758
-999.0	465.0	-8.890285136955762e-06	-2.3895181732733768e-09	-7.983147998828283	-0.355869596203177	-0.013396646798974588
-999.0	440.0	-9.785570837457683e-06	-1.8399632206337707e-09	-8.183857461526314	-0.5983631529268744	-0.015154276849163555
-999.0	415.0	-1.0438293902936509e-05	-1.0960600775432558e-09	-8.331104304818927	-0.6483791535941765	-0.016738934832858234
-999.0	390.0	-1.0736097379034617e-05	-8.175004230419825e-10	-8.111116132565956	-0.5423878324883016	-0.018110169265816135
-999.0	365.0	-1.0709767029669079e-05	-8.097149236678435e-10	-7.397524290141646	-0.3438319952803438	-0.019213338663989925
-999.0	340.0	-1.0245939098894037e-05	-4.5555492154863285e-10	-6.339825302362473	-0.27311840138973115	-0.020047355176844327
-999.0	315.0	-9.443650629479139e-06	8.031106416538341e-11	-5.069412916189172	-0.35671941621694514	-0.02065727886826685
-999.0	290.0	-8.653449020119919e-06	3.433766029220877e-10	-3.8582001626491746	-0.35721776102270514	-0.02095723296470866
-999.0	265.0	-7.311378235474664e-06	3.27834379431189e-10	-2.76547467708589	-0.1448209122532808	-0.020674092201637323
-999.0	240.0	-4.5276091405720515e-06	1.5256049852133154e-10	-1.5694018424976506	0.2791134182896105	-0.019648226133456688
-999.0	215.0	-2.0567558720582724e-06	6.760004999295367e-12	-0.15696236597640836	0.7521771277700335	-0.01796276721205422
-999.0	190.0	-1.6654160695399307e-06	7.13366728839606e-11	1.344746204004393	1.0095081130663675	-0.01551246957219483
-999.0	165.0	-1.2609536393669712e-06	8.632282579826891e-11	2.6419440536271996	1.0881983495893963	-0.011723522832199993
-999.0	140.0	-1.0745914187272693e-06	1.507351045788005e-11	3.1934239523751655	1.0975967818605081	-0.006074128033077801
-999.0	115.0	-3.1595851914336965e-06	3.6283228185375392e-12	3.4856741540134313	0.8104223608943018	-0.0013264936619314615
-999.0	90.0	-2.045024436757359e-06	2.622564148398344e-12	4.915599922339145	0.2932417628665875	-1.1255465602481457e-07
-999.0	65.0	-4.077466108057027e-06	0.0	1.091133486302134	1.8787525948402165e-05	0.0
-999.0	40.0	-3.3618959793189836e-06	0.0	-9.784244842472559	-0.17703075023987028	0.0
-999.0	15.0	-6.8411065965259975e-06	0.0	-18.628473582721938	-0.16987430863079708	0.0
244.93055555555554	40	1002.2692062135726	day	levels	pres0
-999.0	990.0	-3.545373787846871e-06	1.8779657967139135e-09	-2.74670835761799	-0.4551199520273164	0.000589734224507277
-999.0	965.0	-3.2140865324084987e-06	2.3817191690090746e-09	-4.2503286628496	-0.9496629362305189	0.0016357072592525332
-999.0	940.0	-4.855485960908471e-06	-1.528913972261949e-09	-5.095265055459628	-1.2800458392926717	0.002299497253291103
-999.0	915.0	-7.037953799056923e-06	-4.934576884934378e-09	-5.763691953250323	-1.5182209830169462	0.0024614093499643777
-999.0	890.0	-9.360408410019898e-06	-6.898341212188815e-09	-6.308472258704025	-1.650887177813625	0.002317748071668241
-999.0	865.0	-1.0790995170643708e-05	-6.092627001212019e-09	-6.780252623179568	-1.6692046915727965	0.002063810916431176
-999.0	840.0	-9.863928247430821e-06	-5.700914640406056e-09	-7.26422259542673	-1.5467800919016423	0.0018122307656745617
-999.0	815.0	-8.335340643060467e-06	-5.332780301791363e-09	-7.764956803548857	-1.290885783879764	0.001611671205949485
-999.0	790.0	-8.54261658471453e-06	-4.463165233034075e-09	-8.216463563934152	-0.9758999193944543	0.0014631404241887685
-999.0	765.0	-8.216276945549403e-06	-6.144104748834213e-09	-8.516642551573435	-0.6443096436559981	0.0013187652793643216
-999.0	740.0	-8.557284128896271e-06	-6.491929400266805e-09	-8.516167627440499	-0.35538971737497643	0.0010904552770783142
-999.0	715.0	-1.0075566929237684e-05	-4.637227982437074e-09	-8.224863146978658	-0.13109254171802495	0.0007091290610283413
-999.0	690.0	-1.1123624778922727e-05	-4.018545555233866e-09	-7.815355009502789	0.02936536552654375	0.00016814054118310348
-999.0	665.0	-1.1319383815410796e-05	-4.562082537409163e-09	-7.312326278005295	0.10993296655993087	-0.0004890146667307281
-999.0	640.0	-1.0780338068596578e-05	-4.7295636154456084e-09	-6.973049565440109	0.14959882933000324	-0.0012685512977553732
-999.0	615.0	-9.564924800384618e-06	-4.833942498704685e-09	-6.883103853712467	0.1531490655172841	-0.0022627157287821785
-999.0	590.0	-8.486704429656436e-06	-4.462254205119122e-09	-6.946408484899804	0.1776361407505477	-0.0035541859697732193
-999.0	565.0	-7.696281700737216e-06	-3.81817815047594e-09	-7.158026074133225	0.23017305588085937	-0.005183437465774348
-999.0	540.0	-7.187703405088576e-06	-3.306210467549357e-09	-7.3911195302766535	0.24737954911308918	-0.007099833526511326
-999.0	515.0	-7.101632785044377e-06	-2.6778648082844748e-09	-7.61429991348396	0.1879591076147076	-0.009142985175902885
-999.0	490.0	-7.355643088915151e-06	-2.4505477741822593e-09	-7.818213650808925	-0.017194733437558524	-0.011164178207493875
-999.0	465.0	-8.071153642318021e-06	-2.4150734003739686e-09	-8.004890372740132	-0.35921971887231297	-0.013080361678255579
-999.0	440.0	-8.834796584814889e-06	-1.8511685213021348e-09	-8.209881389188377	-0.5948704945307881	-0.014853553925904874
-999.0	415.0	-9.393372923642524e-06	-1.1161324429425938e-09	-8.358631255607738	-0.6324258683035126	-0.016468165710107632
-999.0	390.0	-9.674235087749637e-06	-8.257620312151543e-10	-8.130497912565852	-0.5168905627160068	-0.01788586797167524
-999.0	365.0	-9.707129766551092e-06	-8.174116789601959e-10	-7.399273076700783	-0.3156354588249758	-0.019040545404096547
-999.0	340.0	-9.341448975803261e-06	-4.6074116254062973e-10	-6.3277291591678395	-0.2495635613681081	-0.019919955073615676
-999.0	315.0	-8.635570769851014e-06	8.386297195487633e-11	-5.051666358515391	-0.34236919726912207	-0.020565054284994777
-999.0	290.0	-7.889280087484403e-06	3.44775267183743e-10	-3.837701759168088	-0.3462167602209986	-0.02088821778939701
-999.0	265.0	-6.523607413710603e-06	3.2354025629029427e-10	-2.741950269965909	-0.1283867446676348	-0.02061723634609578
-999.0	240.0	-3.692554609729213e-06	1.565548990145978e-10	-1.5425297764558785	0.3015538826584572	-0.01960578189645243
-999.0	215.0	-1.1766075141853107e-06	1.95604085859399e-11	-0.1316279485112282	0.7712278508004521	-0.01795863117160642
-999.0	190.0	-7.338585649053894e-07	8.405213758143647e-11	1.3589104950309665	1.015573438197846	-0.015570571630563385
-999.0	165.0	-2.2793288475778753e-07	9.424312980743726e-11	2.64445861417149	1.0888953984729877	-0.011839597310396447
-999.0	140.0	2.197515608722833e-07	1.633059497558171e-11	3.204005682752225	1.1122942286587834	-0.006128260413649874
-999.0	115.0	-1.8739763719600105e-06	3.7531686850608705e-12	3.5154425431752148	0.8399182898620534	-0.0012860770478686867
-999.0	90.0	-1.0067392103678064e-06	2.760522212386994e-12	4.942842430065525	0.31593661388706173	-2.144612322912639e-07
-999.0	65.0	-3.2508022946885657e-06	0.0	1.0979052879034485	-0.0031033075518061707	0.0
-999.0	40.0	-2.9275701141047707e-06	0.0	-9.81714222781239	-0.17610423722201507	0.0
-999.0	15.0	-6.562147549858054e-06	0.0	-18.67518142102253	-0.16370974889114878	0.0
244.94444444444446	40	1002.572429354229	day	levels	pres0
-999.0	990.0	-3.7562065245340806e-06	2.257269979627355e-09	-2.7187100322473414	-0.4156529774356871	0.0006355432595459504
-999.0	965.0	-3.288024205943091e-06	3.3376588136280474e-09	-4.259539209661039	-0.9267557921508767	0.0017458017478290014
-999.0	940.0	-4.569871069426576e-06	-4.839406529077868e-10	-5.114593464230751	-1.270907849339493	0.002464118531344281
-999.0	915.0	-6.45288519193333e-06	-3.9046167024787694e-09	-5.785875133105705	-1.5158899865807944	0.002664584874297344
-999.0	890.0	-8.545032529097389e-06	-6.039195128993721e-09	-6.33845210075381	-1.6527403105227687	0.0025434848351278323
-999.0	865.0	-1.0061899776614311e-05	-5.425716215675408e-09	-6.819958111596522	-1.6754567094797648	0.0023081505320050617
-999.0	840.0	-9.341898445709739e-06	-5.017255978638872e-09	-7.312893076548544	-1.5558216156101226	0.0020821559336041072
-999.0	815.0	-7.99161009983222e-06	-4.439089770430112e-09	-7.823617435637024	-1.3012969758479866	0.0019146238722393724
-999.0	790.0	-8.345536215844996e-06	-3.2073909472633093e-09	-8.28564928448395	-0.9917410787135926	0.0018032475813332548
-999.0	765.0	-8.216111089646761e-06	-4.59109834648581e-09	-8.596176030143921	-0.6692368992205354	0.0016963645222144485
-999.0	740.0	-8.623049675768128e-06	-5.058172055004682e-09	-8.599548812896549	-0.39061077530424493	0.0015020141828292072
-999.0	715.0	-9.997134151124553e-06	-3.72327660930806e-09	-8.304744796147478	-0.17594567207356684	0.0011494611371505867
-999.0	690.0	-1.0885782965879336e-05	-3.458926556023668e-09	-7.888318574617827	-0.023296011079672805	0.0006298371231992351
-999.0	665.0	-1.0942144711982907e-05	-4.16582399634061e-09	-7.374879445348504	0.05229788616531948	-1.6958364973584496e-05
-999.0	640.0	-1.0290886899123383e-05	-4.473103827721131e-09	-7.024721497581144	0.0915429311257074	-0.0007984521067614263
-999.0	615.0	-8.983211314659978e-06	-4.695701160110002e-09	-6.924095499373632	0.10060331083475361	-0.0018053475523643605
-999.0	590.0	-7.854962836033958e-06	-4.418140021234908e-09	-6.978130921484938	0.13447110402202275	-0.0031183965890017457
-999.0	565.0	-7.065227335811993e-06	-3.857145112519553e-09	-7.182552230736566	0.19991515683273986	-0.004776682072482841
-999.0	540.0	-6.562431728486543e-06	-3.3844327920856804e-09	-7.410503763055041	0.2286465708859166	-0.00672528024647952
-999.0	515.0	-6.464577328850117e-06	-2.7278357438375725e-09	-7.631210479471414	0.1776017709856855	-0.008795865171656082
-999.0	490.0	-6.656716258951905e-06	-2.48857064312657e-09	-7.835883198985977	-0.022738008479046865	-0.01083537107345708
-999.0	465.0	-7.252022147677309e-06	-2.4406286274745245e-09	-8.02663274665201	-0.3625698415414736	-0.01276404555348502
-999.0	440.0	-7.884022332168662e-06	-1.8623738219703832e-09	-8.235905316850511	-0.5913778361346982	-0.014552796048363023
-999.0	415.0	-8.348451944344804e-06	-1.1362048083418842e-09	-8.386158206396654	-0.6164725830127912	-0.016197362967505537
-999.0	390.0	-8.612372796460971e-06	-8.340236393882648e-10	-8.149879692565845	-0.49139329294361456	-0.01766154110450858
-999.0	365.0	-8.704492503429756e-06	-8.251084342525204e-10	-7.401021863259972	-0.2874389223695008	-0.018867736823969635
-999.0	340.0	-8.436958852709505e-06	-4.659274035326318e-10	-6.315633015973225	-0.22600872134639519	-0.01979254591982492
-999.0	315.0	-7.827490910220162e-06	8.741487974436531e-11	-5.0339198008416135	-0.328018978321241	-0.02047282307785725
-999.0	290.0	-7.125111154846196e-06	3.4617393144538763e-10	-3.817203355686998	-0.3352157594192427	-0.020819196646403065
-999.0	265.0	-5.735836591943728e-06	3.1924613314938506e-10	-2.71842586284591	-0.11195257708191605	-0.02056037420334778
-999.0	240.0	-2.857500078883526e-06	1.6054929950788923e-10	-1.5156577104140707	0.3239943470273944	-0.01956333180621731
-999.0	215.0	-2.964591563095831e-07	3.236081217263796e-11	-0.10629353104601366	0.7902785738309397	-0.01795449420357214
-999.0	190.0	1.9769893973194567e-07	9.676760227895926e-11	1.3730747860575565	1.0216387633293411	-0.015628685664016206
-999.0	165.0	8.05087869854625e-07	1.0216343381663164e-10	2.646973174715807	1.0895924473565675	-0.01195569967809917
-999.0	140.0	1.514094540475843e-06	1.758767949328707e-11	3.2145874131293755	1.1269916754570812	-0.00618240111998383
-999.0	115.0	-5.883675524823252e-07	3.8780145515845725e-12	3.5452109323371386	0.8694142188298661	-0.001245664933086234
-999.0	90.0	3.154601602499991e-08	2.8984802763761815e-12	4.970084937792	0.338631464907588	-3.1632797914791456e-07
-999.0	65.0	-2.4241384813174145e-06	0.0	1.1046770895047842	-0.00622540262956635	0.0
-999.0	40.0	-2.4932442488891674e-06	0.0	-9.850039613152338	-0.17517772420412384	0.0
-999.0	15.0	-6.283188503189337e-06	0.0	-18.72188925932328	-0.15754518915144083	0.0
244.95833333333334	40	1002.8756524948845	day	levels	pres0
-999.0	990.0	-3.967039261220115e-06	2.6365741625394693e-09	-2.690711706876785	-0.37618600284418563	0.0006813398915825023
-999.0	965.0	-3.3619618794766746e-06	4.293598458244142e-09	-4.2687497564724515	-0.9038486480713148	0.0018558979586399541
-999.0	940.0	-4.284256177944811e-06	5.610326664434592e-10	-5.133921873001819	-1.2617698593863547	0.002628747578031748
-999.0	915.0	-5.867816584811206e-06	-2.8746565200257947e-09	-5.808058312961025	-1.513558990144664	0.0028677613854717287
-999.0	890.0	-7.729656648177429e-06	-5.180049045800699e-09	-6.3684319428034994	-1.6545934432319225	0.0027692108875346454
-999.0	865.0	-9.33280438258727e-06	-4.758805430140364e-09	-6.859663600013339	-1.6817087273867304	0.002552474757430935
-999.0	840.0	-8.819868643990413e-06	-4.33359731687342e-09	-7.361563557670195	-1.5648631393185952	0.002352067809350317
-999.0	815.0	-7.647879556605268e-06	-3.5453992390713153e-09	-7.882278067725007	-1.3117081678161961	0.002217564210567257
-999.0	790.0	-8.148455846976042e-06	-1.951616661496562e-09	-8.354835005033541	-1.007582238032696	0.0021433400930124325
-999.0	765.0	-8.215945233743731e-06	-3.038091944142765e-09	-8.675709508714176	-0.6941641547850037	0.0020739477448890264
-999.0	740.0	-8.688815222639258e-06	-3.6244147097475366e-09	-8.682929998352368	-0.42583183323340956	0.0019135562422603607
-999.0	715.0	-9.918701373011226e-06	-2.8093252361822043e-09	-8.384626445316085	-0.2207988024289762	0.001589774134710196
-999.0	690.0	-1.0647941152836364e-05	-2.899307556815337e-09	-7.961282139732683	-0.07595738768573365	0.0010915092759114253
-999.0	665.0	-1.0564905608556032e-05	-3.769565455273224e-09	-7.437432612691579	-0.00533719422912167	0.0004550653038804476
-999.0	640.0	-9.80143572965175e-06	-4.216644039997307e-09	-7.076393429722088	0.033487032921583275	-0.0003283875521305478
-999.0	615.0	-8.401497828937412e-06	-4.557459821515614e-09	-6.965087145034749	0.04805755615237926	-0.0013480076334196564
-999.0	590.0	-7.223221242413864e-06	-4.374025837350701e-09	-7.009853358070059	0.09130606729362757	-0.002682627054813611
-999.0	565.0	-6.434172970889213e-06	-3.896112074562914e-09	-7.207078387339919	0.1696572577847135	-0.004369937235012822
-999.0	540.0	-5.937160051886945e-06	-3.462655116621652e-09	-7.429887995833452	0.20991359265880577	-0.006350726038097333
-999.0	515.0	-5.827521872658252e-06	-2.777806679390499e-09	-7.64812104545889	0.1672444343567042	-0.008448731456346274
-999.0	490.0	-5.957789428991221e-06	-2.52659351207082e-09	-7.85355274716303	-0.02828128352050511	-0.010506539929301468
-999.0	465.0	-6.432890653039584e-06	-2.4661838545751242e-09	-8.048375120563856	-0.36591996421060974	-0.012447698424933812
-999.0	440.0	-6.9332480795258884e-06	-1.8735791226387523e-09	-8.261929244512569	-0.5878851777386128	-0.01425200321677234
-999.0	415.0	-7.3035309650508415e-06	-1.1562771737412249e-09	-8.413685157185466	-0.6005192977221283	-0.015926526605180857
-999.0	390.0	-7.550510505176017e-06	-8.422852475614384e-10	-8.16926147256574	-0.4658960231713214	-0.017437188664378406
-999.0	365.0	-7.701855240311789e-06	-8.328051895448753e-10	-7.402770649819111	-0.2592423859141348	-0.01869491292363405
-999.0	340.0	-7.532468729618742e-06	-4.71113644524632e-10	-6.3035368727785945	-0.20245388132477388	-0.019665127715477945
-999.0	315.0	-7.019411050592042e-06	9.096678753385392e-11	-5.016173243167834	-0.31366875937341937	-0.020380585246851084
-999.0	290.0	-6.360942222210678e-06	3.4757259570703945e-10	-3.796704952205916	-0.32421475861753757	-0.020750169535724627
-999.0	265.0	-4.948065770179661e-06	3.149520100084886e-10	-2.6949014557259354	-0.09551840949627105	-0.020503505773395606
-999.0	240.0	-2.0224455480406952e-06	1.6454370000115588e-10	-1.488785644372304	0.3464348113962395	-0.01952087586275581
-999.0	215.0	5.836892015633523e-07	4.516121575928357e-11	-0.08095911358083925	0.8093292968613547	-0.017950356307953646
-999.0	190.0	1.1292564443664344e-06	1.0948306697643543e-10	1.3872390770841256	1.0277040884608148	-0.015686811672553907
-999.0	165.0	1.8381086244637475e-06	1.1008373782579974e-10	2.649487735260099	1.090289496240153	-0.01207182993531185
-999.0	140.0	2.808437520075342e-06	1.884476401098863e-11	3.22516914350644	1.1416891222553511	-0.006236550152080453
-999.0	115.0	6.97241266991325e-07	4.002860418107892e-12	3.574979321498925	0.8989101477976142	-0.001205257317584572
-999.0	90.0	1.0698312424145296e-06	3.036438340364839e-12	4.997327445518381	0.3613263159280609	-4.1815489659394807e-07
-999.0	65.0	-1.597474667948968e-06	0.0	1.1114488911060991	-0.009347497707319534	0.0
-999.0	40.0	-2.0589183836749575e-06	0.0	-9.882936998492168	-0.1742512111862665	0.0
-999.0	15.0	-6.00422945652138e-06	0.0	-18.76859709762388	-0.15138062941179053	0.0
244.97222222222223	40	1003.1788756355411	day	levels	pres0
-999.0	990.0	-4.177871997906935e-06	3.0158783454528695e-09	-2.6627133815061357	-0.3367190282525586	0.0007271241195600991
-999.0	965.0	-3.4358995530108894e-06	5.249538102862748e-09	-4.277960303283876	-0.8809415039916725	0.00196599589167559
-999.0	940.0	-3.998641286462545e-06	1.6060059857972182e-09	-5.153250281772924	-1.2526318694331762	0.0027933843931857907
-999.0	915.0	-5.282747977687381e-06	-1.8446963375702503e-09	-5.830241492816389	-1.5112279937085145	0.0030709388830691417
-999.0	890.0	-6.914280767254948e-06	-4.320902962605177e-09	-6.398411784853268	-1.6564465759410725	0.0029949262287201125
-999.0	865.0	-8.603708988557916e-06	-4.091894644603031e-09	-6.899369088430271	-1.6879607452937064	0.0027967835927787113
-999.0	840.0	-8.29783884226938e-06	-3.649938655105285e-09	-7.410234038791982	-1.5739046630270828	0.002621966392933924
-999.0	815.0	-7.304149013377126e-06	-2.651708707709062e-09	-7.940938699813143	-1.3221193597844214	0.0025204922208750063
-999.0	790.0	-7.951375478106517e-06	-6.958423757253127e-10	-8.424020725583304	-1.0234233973518294	0.0024834179592103044
-999.0	765.0	-8.2157793778407e-06	-1.4850855417948211e-09	-8.75524298728462	-0.71909141034953	0.002451514947365866
-999.0	740.0	-8.754580769510521e-06	-2.190657364486389e-09	-8.766311183808378	-0.4610528911626638	0.0023250814553584824
-999.0	715.0	-9.840268594897724e-06	-1.8953738630539137e-09	-8.464508094484877	-0.26565193278450344	0.0020300680537772412
-999.0	690.0	-1.0410099339792857e-05	-2.3396885576056132e-09	-8.034245704847697	-0.12861876429193364	0.0015531569995018307
-999.0	665.0	-1.0187666505128225e-05	-3.3733069142050114e-09	-7.499985780034771	-0.06297227462371256	0.0009270563401258732
-999.0	640.0	-9.311984560178687e-06	-3.9601842522730365e-09	-7.1280653618631105	-0.024568865282688347	0.00014164236644025724
-999.0	615.0	-7.819784343212809e-06	-4.419218482921024e-09	-7.006078790695907	-0.004488198530125304	-0.0008906959717195735
-999.0	590.0	-6.59147964879132e-06	-4.32991165346655e-09	-7.041575794655189	0.04814103056512503	-0.002246877367080521
-999.0	565.0	-5.803118605963848e-06	-3.935079036606591e-09	-7.231604543943259	0.13939935873660633	-0.0039632029533245945
-999.0	540.0	-5.311888375284772e-06	-3.5408774411579975e-09	-7.449272228611845	0.19118061443163725	-0.0059761709014052086
-999.0	515.0	-5.19046641646395e-06	-2.8277776149435356e-09	-7.665031611446355	0.15688709772768133	-0.008101584030116163
-999.0	490.0	-5.2588625990280005e-06	-2.5646163810149934e-09	-7.871222295340098	-0.03382455856199513	-0.010177684775251515
-999.0	465.0	-5.613759158398911e-06	-2.4917390816754853e-09	-8.070117494475754	-0.36927008687976987	-0.012131320292867993
-999.0	440.0	-5.9824738268797145e-06	-1.8847844233067985e-09	-8.28795317217472	-0.5843925193425203	-0.01395117543136201
-999.0	415.0	-6.2586099857532205e-06	-1.1763495391403645e-09	-8.441212107974398	-0.5845660124314034	-0.015655656623257345
-999.0	390.0	-6.488648213887526e-06	-8.505468557344384e-10	-8.188643252565758	-0.4403987533989308	-0.01721281065134198
-999.0	365.0	-6.699217977190721e-06	-8.405019448371255e-10	-7.40451943637833	-0.2310458494586731	-0.01852207370310987
-999.0	340.0	-6.627978606525299e-06	-4.762998855165904e-10	-6.291440729584011	-0.17889904130308454	-0.019537700460576297
-999.0	315.0	-6.211331190961515e-06	9.45186953233693e-11	-4.998426685494086	-0.29931854042556694	-0.020288340791968965
-999.0	290.0	-5.596773289572803e-06	3.489712599687073e-10	-3.776206548724852	-0.31321375781581146	-0.020681136457355507
-999.0	265.0	-4.160294948413121e-06	3.10657886867601e-10	-2.671377048605959	-0.0790842419105799	-0.020446631056237598
-999.0	240.0	-1.1873910171953385e-06	1.6853810049445541e-10	-1.4619135783305175	0.3688752757651553	-0.01947841406606856
-999.0	215.0	1.4638375594387883e-06	5.796161934598219e-11	-0.0556246961156472	0.8283800198918354	-0.01794621748474981
-999.0	190.0	2.0608139490035685e-06	1.221985316739573e-10	1.4014033681106977	1.033769413592321	-0.0157449496561748
-999.0	165.0	2.871129379075962e-06	1.1800404183499063e-10	2.652002295804405	1.090986545123746	-0.012187988082037433
-999.0	140.0	4.102780499678424e-06	2.0101848528693585e-11	3.235750873883576	1.1563865690536461	-0.00629070750994014
-999.0	115.0	1.9828500864684584e-06	4.127706284631608e-12	3.6047477106608268	0.9284060767654148	-0.0011648542013634679
-999.0	90.0	2.108116468806861e-06	3.1743964043539235e-12	5.024569953244843	0.38402116694858107	-5.199419846289867e-07
-999.0	65.0	-7.708108545781656e-07	0.0	1.1182206927074365	-0.01246959278507841	0.0
-999.0	40.0	-1.6245925184596044e-06	0.0	-9.915834383832099	-0.17332469816836785	0.0
-999.0	15.0	-5.72527040985302e-06	0.0	-18.815304935924615	-0.14521606967207462	0.0
244.98611111111111	40	1003.4820987761967	day	levels	pres0
-999.0	990.0	-4.388704734592863e-06	3.3951825283649693e-09	-2.6347150561355783	-0.29725205366105656	0.000772895942421384
-999.0	965.0	-3.5098372265443372e-06	6.205477747478835e-09	-4.287170850095291	-0.8580343599121114	0.0020760955469245486
-999.0	940.0	-3.7130263949806224e-06	2.650979305148463e-09	-5.172578690543994	-1.243493879480039	0.002958028976636399
-999.0	915.0	-4.697679370565155e-06	-8.14736155117252e-10	-5.8524246726717095	-1.5088969972723865	0.0032741173666684205
-999.0	890.0	-6.098904886334925e-06	-3.461756879412117e-09	-6.428391626902959	-1.6582997086502294	0.00322063085851273
-999.0	865.0	-7.874613594530835e-06	-3.424983859067945e-09	-6.939074576847089	-1.694212763200675	0.003041077038115355
-999.0	840.0	-7.775809040550043e-06	-2.9662799933398108e-09	-7.458904519913634	-1.5829461867355583	0.0028918516843725868
-999.0	815.0	-6.9604184701501855e-06	-1.7580181763502457e-09	-7.999599331901128	-1.3325305517526342	0.002823407903101167
-999.0	790.0	-7.75429510923758e-06	5.599319100414424e-10	-8.493206446132897	-1.0392645566709358	0.0028234811799072285
-999.0	765.0	-8.21561352193768e-06	6.792086054822198e-11	-8.834776465854878	-0.7440186659140019	0.0028290661296187336
-999.0	740.0	-8.82034631638166e-06	-7.56900019229248e-10	-8.849692369264199	-0.49627394909183353	0.0027365898221057873
-999.0	715.0	-9.761835816784407e-06	-9.81422489928041e-10	-8.54438974365349	-0.3105050631399188	0.00247034289441688
-999.0	690.0	-1.0172257526749903e-05	-1.7800695583972569e-09	-8.10720926996256	-0.1812801408980014	0.0020147802941473955
-999.0	665.0	-9.810427401701364e-06	-2.977048373137591e-09	-7.562538947377849	-0.12060735501816042	0.001399014744051842
-999.0	640.0	-8.822533390707063e-06	-3.703724464549183e-09	-7.1797372940040605	-0.08262476348681856	0.0006116376492487126
-999.0	615.0	-7.238070857490251e-06	-4.280977144326611e-09	-7.047070436357031	-0.057033953212504596	-0.0004334125670406337
-999.0	590.0	-5.959738055171229e-06	-4.285797469582321e-09	-7.073298231240315	0.004975993836725882	-0.0018111475256788452
-999.0	565.0	-5.1720642410410635e-06	-3.974045998649935e-09	-7.25613070054662	0.10914145968857716	-0.0035564792273827706
-999.0	540.0	-4.6866166986851645e-06	-3.6190997656939563e-09	-7.468656461390263	0.17244763620452444	-0.00560161483644763
-999.0	515.0	-4.553410960272076e-06	-2.8777485504964493e-09	-7.681942177433834	0.14652976109869872	-0.0077544228931123544
-999.0	490.0	-4.559935769067302e-06	-2.602639249959232e-09	-7.888891843517154	-0.039367833603453785	-0.009848805611535632
-999.0	465.0	-4.794627663761167e-06	-2.517294308776078e-09	-8.091859868387605	-0.3726202095489058	-0.011814911157557664
-999.0	440.0	-5.03169957423692e-06	-1.8959897239751626e-09	-8.313977099836782	-0.5808998609464339	-0.013650312692365475
-999.0	415.0	-5.213689006459232e-06	-1.1964219045397023e-09	-8.468739058763209	-0.5686127271407394	-0.015384753021862969
-999.0	390.0	-5.426785922602546e-06	-8.588084639076101e-10	-8.208025032565653	-0.41490148362663604	-0.016988407065460575
-999.0	365.0	-5.696580714072734e-06	-8.481987001294778e-10	-7.406268222937467	-0.20284931300330508	-0.018349219162420886
-999.0	340.0	-5.723488483434522e-06	-4.814861265085873e-10	-6.279344586389378	-0.15534420128146145	-0.019410264155124778
-999.0	315.0	-5.403251331333391e-06	9.807060311286217e-11	-4.980680127820302	-0.28496832147774404	-0.020196089713206678
-999.0	290.0	-4.832604356937289e-06	3.503699242303627e-10	-3.7557081452437653	-0.30221275701410505	-0.020612097411292513
-999.0	265.0	-3.3725241266490593e-06	3.063637637267062e-10	-2.647852641485979	-0.06265007432493368	-0.020389750051875134
-999.0	240.0	-3.5233648635250065e-07	1.725325009877216e-10	-1.4350415122887459	0.39131574013400194	-0.019435946416159183
-999.0	215.0	2.3439859173117496e-06	7.076202293262669e-11	-0.030290278650466802	0.8474307429222536	-0.0179420777339621
-999.0	190.0	2.9923714536381115e-06	1.3491399637143313e-10	1.4155676591372703	1.0398347387238	-0.015803099614878732
-999.0	165.0	3.904150133685145e-06	1.2592434584415897e-10	2.6545168563486956	1.091683594007337	-0.012304174118278942
-999.0	140.0	5.397123479277976e-06	2.1358933046395238e-11	3.246332604260635	1.171084015851921	-0.006344873193563228
-999.0	115.0	3.268458905942144e-06	4.2525521511549385e-12	3.6345160998226103	0.9579020057331665	-0.0011244555844232124
-999.0	90.0	3.1464016951964134e-06	3.3123544683425732e-12	5.051812460971223	0.40671601796905527	-6.216892432521787e-07
-999.0	65.0	5.5852958790296686e-08	0.0	1.1249924943087513	-0.015591687862832996	0.0
-999.0	40.0	-1.1902666532453917e-06	0.0	-9.94873176917193	-0.1723981851505126	0.0
-999.0	15.0	-5.4463113631850755e-06	0.0	-18.862012774225207	-0.1390515099324263	0.0
245.0	40	1003.7853219168529	day	levels	pres0
-999.0	990.0	-4.599537471279738e-06	3.7744867112783215e-09	-2.6067167307649344	-0.25778507906943565	0.0008186553591098138
-999.0	965.0	-3.5837749000786566e-06	7.161417392097297e-09	-4.296381396906717	-0.835127215832472	0.0021861969243770394
-999.0	940.0	-3.4274115034985165e-06	3.6959526245020326e-09	-5.191907099315098	-1.2343558895268616	0.003122681328215861
-999.0	915.0	-4.112610763441478e-06	2.1522402733800915e-10	-5.874607852527074	-1.5065660008362367	0.003477296835851128
-999.0	890.0	-5.283529005412545e-06	-2.6026107962169348e-09	-6.458371468952726	-1.6601528413593774	0.003446324776743914
-999.0	865.0	-7.145518200501564e-06	-2.758073073530954e-09	-6.978780065264021	-1.700464781107647	0.0032853550935108057
-999.0	840.0	-7.253779238829065e-06	-2.282621331572062e-09	-7.507575001035419	-1.591987710444041	0.003161723683687038
-999.0	815.0	-6.616687926922053e-06	-8.643276449884228e-10	-8.05825996398926	-1.3429417437208555	0.003126311257187583
-999.0	790.0	-7.557214740368111e-06	1.8157061958123768e-09	-8.562392166682653	-1.0551057159900665	0.0031635297550871716
-999.0	765.0	-8.215447666034815e-06	1.62092726289605e-09	-8.914309944425312	-0.7689459214785273	0.0032066012916253973
-999.0	740.0	-8.886111863253138e-06	6.768573260319126e-10	-8.933073554720197	-0.5314950070210867	0.0031480813424889227
-999.0	715.0	-9.683403038671094e-06	-6.747111679971329e-11	-8.624271392822266	-0.3553581934954439	0.002910598656699126
-999.0	690.0	-9.934415713706543e-06	-1.2204505591875021e-09	-8.18017283507756	-0.23394151750419823	0.0024763791600302047
-999.0	665.0	-9.433188298273657e-06	-2.5807898320693768e-09	-7.625092114721027	-0.1782424354127476	0.0018709405159527638
-999.0	640.0	-8.33308222123407e-06	-3.4472646768249228e-09	-7.231409226145065	-0.14068066169108667	0.001081598296597686
-999.0	615.0	-6.656357371765707e-06	-4.142735805732035e-09	-7.088062082018172	-0.10957970789500646	2.3842580845486776e-05
-999.0	590.0	-5.3279964615487395e-06	-4.241683285698177e-09	-7.1050206678254275	-0.038189042891774876	-0.0013754375304805045
-999.0	565.0	-4.541009876115751e-06	-4.0130129606936074e-09	-7.280656857149943	0.07888356064047129	-0.003149766057147886
-999.0	540.0	-4.061345022083039e-06	-3.697322090230292e-09	-7.488040694168638	0.15371465797735642	-0.005227057843265297
-999.0	515.0	-3.916355504077817e-06	-2.927719486049481e-09	-7.698852743421283	0.13617242446967537	-0.00740724804547778
-999.0	490.0	-3.861008939104126e-06	-2.640662118903406e-09	-7.906561391694206	-0.04491110864494521	-0.009519902438378533
-999.0	465.0	-3.9754961691205475e-06	-2.542849535876442e-09	-8.11360224229949	-0.3759703322180682	-0.011498471019269148
-999.0	440.0	-4.080925321590806e-06	-1.9071950246432116e-09	-8.340001027498927	-0.5774072025503432	-0.013349415000012242
-999.0	415.0	-4.168768027161677e-06	-1.2164942699388443e-09	-8.49626600955214	-0.5526594418500153	-0.015113815801121758
-999.0	390.0	-4.36492363131413e-06	-8.670700720806112e-10	-8.227406812565668	-0.38940421385424484	-0.016763977906791717
-999.0	365.0	-4.693943450951743e-06	-8.558954554217285e-10	-7.408017009496691	-0.17465277654784067	-0.01817634930158747
-999.0	340.0	-4.818998360341149e-06	-4.866723675005479e-10	-6.267248443194799	-0.13178936125976698	-0.019282818799125176
-999.0	315.0	-4.595171471702911e-06	1.0162251090237295e-10	-4.962933570146561	-0.27061810252988444	-0.02010383201055716
-999.0	290.0	-4.068435424299438e-06	3.5176858849202606e-10	-3.7352097417627075	-0.2912117562123708	-0.020543052397529682
-999.0	265.0	-2.584753304882537e-06	3.0206964058581636e-10	-2.624328234366008	-0.046215906739234876	-0.02033286276030672
-999.0	240.0	4.82718044492815e-07	1.7652690148102083e-10	-1.408169446246965	0.4137562045029232	-0.01939347291302844
-999.0	215.0	3.2241342751871033e-06	8.356242651932428e-11	-0.004955861185278133	0.8664814659527371	-0.017937937055589506
-999.0	190.0	3.923928958275134e-06	1.4762946106895383e-10	1.429731950163842	1.0459000638553075	-0.015861261548664147
-999.0	165.0	4.93717088829726e-06	1.3384464985334955e-10	2.657031416893006	1.0923806428909302	-0.012420388044039408
-999.0	140.0	6.69146645888095e-06	2.2616017564100084e-11	3.2569143346377785	1.1857814626502141	-0.006399047202950191
-999.0	115.0	4.554067725419171e-06	4.377398017678633e-12	3.664284488984517	0.9873979347009613	-0.0010840614667636346
-999.0	90.0	4.1846869215886636e-06	3.4503125323316648e-12	5.079054968697685	0.42941086898956987	-7.233966724630735e-07
-999.0	65.0	8.825167721610459e-07	0.0	1.131764295910086	-0.018713782940592085	0.0
-999.0	40.0	-7.559407880300629e-07	0.0	-9.981629154511861	-0.17147167213261127	0.0
-999.0	15.0	-5.167352316516733e-06	0.0	-18.908720612525943	-0.13288695019270694	0.0
245.01388888888889	40	1003.9526696583586	day	levels	pres0
-999.0	990.0	-4.6518288367564174e-06	3.6653795219404234e-09	-2.6250312446601995	-0.2931253409811726	0.0008056207188200735
-999.0	965.0	-4.2346458901811315e-06	6.671050250139027e-09	-4.329611475505561	-0.8829362489106051	0.0021437792222679295
-999.0	940.0	-4.090815333927848e-06	3.0999462517471377e-09	-5.227956226893871	-1.2932217678144375	0.003070637338199046
-999.0	915.0	-4.765131396638104e-06	-2.416520485429144e-10	-5.906932463721654	-1.5785072197517478	0.0034461614175661137
-999.0	890.0	-5.86124573242169e-06	-2.8909445418756084e-09	-6.488444324523709	-1.7451606203640235	0.0034641200248331588
-999.0	865.0	-7.539120446513188e-06	-3.048160983147601e-09	-7.010730614737879	-1.7953526909863329	0.0033709941317687244
-999.0	840.0	-7.494276718399367e-06	-2.5486216518617296e-09	-7.542475004044814	-1.6931804607767664	0.0033251808527447507
-999.0	815.0	-6.83548502793247e-06	-9.905363759933207e-10	-8.094198934615628	-1.4481438360518262	0.0033661460750877546
-999.0	790.0	-7.783461615075532e-06	1.863342589420212e-09	-8.59777088770793	-1.1588939141542507	0.003468117134838712
-999.0	765.0	-8.459060637254305e-06	1.848035730582779e-09	-8.949421700977169	-0.8648070390263456	0.0035615947505990733
-999.0	740.0	-9.083794573621052e-06	9.35159028200998e-10	-8.968123886320353	-0.6143516418598971	0.0035402121789898933
-999.0	715.0	-9.754366028685953e-06	1.692029081265798e-10	-8.658707281899856	-0.422882704773904	0.0033261736785154075
-999.0	690.0	-9.830986570305469e-06	-9.401816784602674e-10	-8.210293868231412	-0.2867628813736564	0.002904548049928895
-999.0	665.0	-9.095692067575772e-06	-2.2442440783213135e-09	-7.645891168760879	-0.2174352057396783	0.0023098330560227284
-999.0	640.0	-7.822388038613437e-06	-3.1479508412758244e-09	-7.2412186066309525	-0.16614525351261492	0.001540136213240562
-999.0	615.0	-6.043229084919035e-06	-3.972197919787874e-09	-7.086141062161261	-0.12114550814861104	0.0005221971046381828
-999.0	590.0	-4.6744517153745564e-06	-4.179089411647705e-09	-7.095160679211666	-0.036978119659039806	-0.0008115350864951143
-999.0	565.0	-3.934184960261426e-06	-4.012835737871013e-09	-7.268775693953956	0.09101226712977913	-0.002498058515491898
-999.0	540.0	-3.556171368488379e-06	-3.6814395745643868e-09	-7.479989349842047	0.17443656405466318	-0.004473164590917191
-999.0	515.0	-3.544431779495479e-06	-2.8556397676872194e-09	-7.700080057931306	0.16244711786038998	-0.006547882014266088
-999.0	490.0	-3.584588917790841e-06	-2.556028969895927e-09	-7.914369729776219	-0.016217110175896696	-0.008562541413527304
-999.0	465.0	-3.7174360279744954e-06	-2.4940681518306914e-09	-8.122704448207974	-0.34876096780807314	-0.010459009205058281
-999.0	440.0	-3.7848008041513243e-06	-1.927122255155676e-09	-8.34723975000874	-0.555980014141676	-0.012249721107545164
-999.0	415.0	-3.7965259207897807e-06	-1.336497185144028e-09	-8.499794591986955	-0.5412607566704585	-0.013978645244489636
-999.0	390.0	-3.86936007177561e-06	-1.0064494459326485e-09	-8.229301288014382	-0.3889666156222289	-0.015614578169633618
-999.0	365.0	-4.009390913024838e-06	-9.55047997377891e-10	-7.409155112883421	-0.18410876329751624	-0.01702318150834125
-999.0	340.0	-3.98162580333305e-06	-5.622368364648554e-10	-6.258880884460525	-0.14749257914013625	-0.018127743640663736
-999.0	315.0	-3.7151513575209736e-06	4.3219678777919495e-11	-4.9354962491031085	-0.2877116404688374	-0.018946851375262478
-999.0	290.0	-3.2154079674481744e-06	3.1504490706453896e-10	-3.6912945985409342	-0.30557663196198065	-0.0193823539074388
-999.0	265.0	-1.7796671571326384e-06	2.834548410680431e-10	-2.5712376630731413	-0.05295834583897639	-0.019163903255396665
-999.0	240.0	1.293716153929268e-06	1.7149473968676362e-10	-1.3501323258414817	0.4238701230949876	-0.018219437577762312
-999.0	215.0	4.14416663319222e-06	8.751519684957767e-11	0.05500151429866641	0.9063091027358716	-0.016795336139088946
-999.0	190.0	4.927797464333053e-06	1.4914445369704385e-10	1.4894103611273548	1.1186306126534973	-0.014835295206027702
-999.0	165.0	5.863562338810835e-06	1.3057047299121563e-10	2.711296339829877	1.178623635144585	-0.011626584307323894
-999.0	140.0	7.750735444887038e-06	2.1679741445061713e-11	3.290779774506028	1.2558796767678697	-0.005974951240166375
-999.0	115.0	5.883362396363955e-06	4.221439434174438e-12	3.6738013927899047	1.0286925760216798	-0.0009831328808787081
-999.0	90.0	5.517620367461212e-06	3.266116073469729e-12	5.086147754911384	0.44226512979231036	-7.019678323974874e-07
-999.0	65.0	1.7101276909032181e-06	0.0	1.1450444229006125	-0.026026475745892515	0.0
-999.0	40.0	-3.2056144371293355e-07	0.0	-9.935757480147767	-0.18366572438252557	0.0
-999.0	15.0	-4.887144954717297e-06	0.0	-18.853694539221426	-0.14396746249663414	0.0
245.02777777777777	40	1004.1200173998639	day	levels	pres0
-999.0	990.0	-4.704120202233064e-06	3.5562723326025666e-09	-2.64334575855542	-0.32846560289283455	0.0007925916527217172
-999.0	965.0	-4.885516880281834e-06	6.1806831081815235e-09	-4.362841554104322	-0.930745281988646	0.002101365732724137
-999.0	940.0	-4.7542191643553996e-06	2.50393987899301e-09	-5.264005354472556	-1.3520876461018883	0.0030185918461243856
-999.0	915.0	-5.4176520298329216e-06	-6.985281244233574e-10	-5.93925707491616	-1.6504484386670877	0.0034150243096155862
-999.0	890.0	-6.4389624594292695e-06	-3.1792782875337708e-09	-6.5185171800946335	-1.8301683993684548	0.0034819155178050917
-999.0	865.0	-7.932722692523875e-06	-3.3382488927630185e-09	-7.042681164211687	-1.8902406008647674	0.0034566285634922496
-999.0	840.0	-7.73477419796905e-06	-2.8146219721499225e-09	-7.577375007054151	-1.7943732111092145	0.0034886181794577965
-999.0	815.0	-7.054282128942164e-06	-1.1167451069973737e-09	-8.13013790524194	-1.5533459283825046	0.003605937939427533
-999.0	790.0	-8.009708489782359e-06	1.910978983028227e-09	-8.633149608733149	-1.2626821123181453	0.0037726326542373884
-999.0	765.0	-8.702673608473167e-06	2.0751441982688326e-09	-8.984533457528965	-0.9606681565738993	0.003916487874278713
-999.0	740.0	-9.281477283988497e-06	1.1934607303691489e-09	-9.003174217920442	-0.6972082766984851	0.00393222497658503
-999.0	715.0	-9.825329018700837e-06	4.058769330519718e-10	-8.693143170977384	-0.4904072160521923	0.003741627488316444
-999.0	690.0	-9.72755742690494e-06	-6.5991279773422e-10	-8.240414901385224	-0.3395842452429902	0.0033325981486404376
-999.0	665.0	-8.758195836878996e-06	-1.907698324574902e-09	-7.666690222800718	-0.2566279760665258	0.0027486101188411408
-999.0	640.0	-7.311693855994358e-06	-2.848637005728279e-09	-7.251027987116861	-0.19160984533409695	0.001998555149376784
-999.0	615.0	-5.43010079807415e-06	-3.801660033844717e-09	-7.084220042304392	-0.13271130840220105	0.0010204165234736148
-999.0	590.0	-4.02090696920219e-06	-4.116495537597911e-09	-7.0853006905979665	-0.035767196426319973	-0.00024779509454806754
-999.0	565.0	-3.3273600444087036e-06	-4.012658515049065e-09	-7.256894530758035	0.10314097361904456	-0.0018465521559838211
-999.0	540.0	-3.050997714894987e-06	-3.6655570588992844e-09	-7.471938005515516	0.19515847013190452	-0.0037195151385903775
-999.0	515.0	-3.1725080549140387e-06	-2.7835600493259246e-09	-7.701307372441371	0.18872181125102236	-0.005688796383412005
-999.0	490.0	-3.30816889647817e-06	-2.471395820889297e-09	-7.922178067858257	0.012476888293062264	-0.007605483179340408
-999.0	465.0	-3.4593758868289563e-06	-2.4452867677853846e-09	-8.131806654116465	-0.3215516033981644	-0.009419851621746198
-999.0	440.0	-3.488676286712451e-06	-1.947049485668162e-09	-8.354478472518544	-0.5345528257330817	-0.011150321352498339
-999.0	415.0	-3.42428381441874e-06	-1.456500100348799e-09	-8.503323174421753	-0.5298620714909529	-0.012843749970330186
-999.0	390.0	-3.3737965122383236e-06	-1.1458288197842085e-09	-8.231195763463072	-0.3885290173902374	-0.014465419008467569
-999.0	365.0	-3.3248383750997567e-06	-1.0542005393338118e-09	-7.410293216270119	-0.19356475004718643	-0.015870207013660785
-999.0	340.0	-3.144253246327235e-06	-6.378013054290604e-10	-6.250513325726237	-0.163195797020471	-0.01697281888732479
-999.0	315.0	-2.8351312433414484e-06	-1.5183153346501106e-11	-4.9080589280596945	-0.30480517840773247	-0.01778998720584148
-999.0	290.0	-2.3623805105993138e-06	2.7832122563704654e-10	-3.647379455319258	-0.31994150771152546	-0.018221734467050513
-999.0	265.0	-9.745810093851374e-07	2.6484004155025694e-10	-2.518147091780413	-0.059700784938671606	-0.0179949779226918
-999.0	240.0	2.104714263363231e-06	1.6646257789249251e-10	-1.2920952054361743	0.4339840416870391	-0.017045402174116427
-999.0	215.0	5.06419899119466e-06	9.146796717981877e-11	0.11495888978240307	0.9461367395188915	-0.01565276118097528
-999.0	190.0	5.931665970388236e-06	1.5065944632513828e-10	1.5490887720906266	1.1913611614514612	-0.013809462621007651
-999.0	165.0	6.789953789321808e-06	1.2729629612909502e-10	2.7655612627664925	1.264866627397955	-0.010832996905647794
-999.0	140.0	8.810004430889887e-06	2.074346532602635e-11	3.324645214374085	1.3259778908852708	-0.005551005235992998
-999.0	115.0	7.212657067304912e-06	4.0654808506707084e-12	3.6833182965952176	1.0699872173422313	-0.0008822285170902351
-999.0	90.0	6.850553813329894e-06	3.0819196146085505e-12	5.0932405411250965	0.45511939059498546	-6.805353368526426e-07
-999.0	65.0	2.5377386096430992e-06	0.0	1.158324549891167	-0.0333391685511851	0.0
-999.0	40.0	1.1481790060307388e-07	0.0	-9.889885805783784	-0.19585977663241283	0.0
-999.0	15.0	-4.606937592918264e-06	0.0	-18.7986684659171	-0.1550479748005383	0.0
245.04166666666666	40	1004.2873651413694	day	levels	pres0
-999.0	990.0	-4.75641156770978e-06	3.447165143264621e-09	-2.6616602724506886	-0.3638058648045811	0.0007795681606988882
-999.0	965.0	-5.5363878703844304e-06	5.690315966223151e-09	-4.39607163270317	-0.9785543150667904	0.002058956455689337
-999.0	940.0	-5.417622994784829e-06	1.907933506237992e-09	-5.300054482051331	-1.410953524389474	0.0029665448521388974
-999.0	915.0	-6.070172663029632e-06	-1.1554042003044048e-09	-5.971581686110745	-1.7223896575826072	0.0033838855121038854
-999.0	890.0	-7.016679186438506e-06	-3.4676120331925407e-09	-6.548590035665617	-1.9151761783731076	0.0034997112556222378
-999.0	865.0	-8.32632493853558e-06	-3.6283368023796623e-09	-7.074631713685546	-1.9851285107434586	0.003542258388700962
-999.0	840.0	-7.975271677539378e-06	-3.080622292439465e-09	-7.612275010063547	-1.8955659614419453	0.003652035663970871
-999.0	815.0	-7.273079229952573e-06	-1.2429538380020526e-09	-8.166076875868313	-1.6585480207134817	0.0038456868492561624
-999.0	790.0	-8.235955364489847e-06	1.958615376636453e-09	-8.668528329758432	-1.3664703104823366	0.004077076308817621
-999.0	765.0	-8.946286579692814e-06	2.302252665956095e-09	-9.019645214080827	-1.0565292741217256	0.004271280652958824
-999.0	740.0	-9.479159994356587e-06	1.4517624325387668e-09	-9.038224549520601	-0.780064911537302	0.004324119722951131
-999.0	715.0	-9.896292008715822e-06	6.425509579786684e-10	-8.72757906005498	-0.5579317273306551	0.0041569600756131
-999.0	690.0	-9.624128283503931e-06	-3.7964391700674245e-10	-8.270535934539083	-0.39240560911244815	0.003760529447953349
-999.0	665.0	-8.42069960618112e-06	-1.5711525708267682e-09	-7.687489276840581	-0.29582074639345335	0.0031872716984764045
-999.0	640.0	-6.800999673373707e-06	-2.5493231701791784e-09	-7.260837367602756	-0.21707443715562025	0.002456855100942802
-999.0	615.0	-4.816972511227459e-06	-3.6311221479005474e-09	-7.082299022447488	-0.14427710865580004	0.001518500834947635
-999.0	590.0	-3.3673622230279877e-06	-4.053901663547427e-09	-7.0754407019842125	-0.03455627319357867	0.00031578244404204637
-999.0	565.0	-2.7205351285543585e-06	-4.012481292226447e-09	-7.245013367562055	0.11526968010835938	-0.0011952469795136142
-999.0	540.0	-2.5458240613003043e-06	-3.6496745432333587e-09	-7.463886661188928	0.2158803762092186	-0.002966109487108369
-999.0	515.0	-2.80058433033168e-06	-2.7114803309636557e-09	-7.702534686951399	0.21499650464174436	-0.004829991154357276
-999.0	490.0	-3.0317488751648644e-06	-2.3867626718818188e-09	-7.929986405940275	0.04117088676211771	-0.006648727737313433
-999.0	465.0	-3.201315745682884e-06	-2.3965053837396374e-09	-8.140908860024952	-0.29434223898816453	-0.008380998270047142
-999.0	440.0	-3.192551769272947e-06	-1.9669767161806284e-09	-8.36171719502836	-0.5131256373244116	-0.010051215735131196
-999.0	415.0	-3.0520417080468187e-06	-1.57650301555398e-09	-8.506851756856571	-0.5184633863113979	-0.011709129978914072
-999.0	390.0	-2.8782329526997842e-06	-1.2852081936362377e-09	-8.233090238911787	-0.38809141915822687	-0.013316500423694283
-999.0	365.0	-2.640285837172837e-06	-1.1533530812899652e-09	-7.411431319656854	-0.203020736796871	-0.01471742581807634
-999.0	340.0	-2.306880689319118e-06	-7.133657743933632e-10	-6.2421457669919675	-0.17889901490085125	-0.01581804453963197
-999.0	315.0	-1.9551111291594855e-06	-7.358598547095614e-11	-4.880621607016247	-0.3218987163466967	-0.01663323950274489
-999.0	290.0	-1.5093530537480196e-06	2.4159754420955665e-10	-3.603464312097489	-0.33430638346114544	-0.017061194076648693
-999.0	265.0	-1.6949486163521345e-07	2.4622524203248206e-10	-2.46505652048755	-0.06644322403842078	-0.016826086762297538
-999.0	240.0	2.915712372799707e-06	1.614304160982359e-10	-1.2340580850306948	0.44409796027909876	-0.01587136670209471
-999.0	215.0	5.984231349199813e-06	9.542073751007477e-11	0.17491626526634352	0.9859643763020238	-0.014510212181282237
-999.0	190.0	6.935534476446224e-06	1.5217443895322985e-10	1.6087671830541348	1.2640917102496503	-0.012783763793680231
-999.0	165.0	7.716345239835455e-06	1.2402211926696124e-10	2.819826185703358	1.351109619651609	-0.010039625839036575
-999.0	140.0	9.869273416896022e-06	1.9807189206987964e-11	3.358510654242329	1.3960761050029231	-0.005127209190430189
-999.0	115.0	8.541951738249754e-06	3.909522267166504e-12	3.692835200400607	1.111281858662944	-0.0007813483753981724
-999.0	90.0	8.183487259202499e-06	2.8977231557466225e-12	5.100333327338801	0.4679736513977205	-6.590991858285103e-07
-999.0	65.0	3.3653495283853092e-06	0.0	1.171604676881704	-0.04065186135648953	0.0
-999.0	40.0	5.501972449202246e-07	0.0	-9.844014131419685	-0.2080538288823305	0.0
-999.0	15.0	-4.326730231118798e-06	0.0	-18.74364239261258	-0.16612848710446976	0.0
245.05555555555554	40	1004.4547128828748	day	levels	pres0
-999.0	990.0	-4.808702933186427e-06	3.338057953926764e-09	-2.6799747863459085	-0.39914612671624294	0.0007665502426357983
-999.0	965.0	-6.187258860485134e-06	5.199948824265644e-09	-4.429301711301932	-1.0263633481448309	0.0020165513911074595
-999.0	940.0	-6.081026825212382e-06	1.3119271334838664e-09	-5.3361036096300145	-1.469819402676925	0.0029144963563898455
-999.0	915.0	-6.722693296224449e-06	-1.6122802761848467e-09	-6.003906297305253	-1.7943308764979473	0.0033527450251352496
-999.0	890.0	-7.594395913446089e-06	-3.755945778850702e-09	-6.5786628912365455	-2.0001839573775393	0.0035175072382464347
-999.0	865.0	-8.719927184546265e-06	-3.9184247119950805e-09	-7.106582263159355	-2.080016420621893	0.0036278836074130297
-999.0	840.0	-8.215769157109064e-06	-3.3466226127276595e-09	-7.647175013072883	-1.9967587117743937	0.003815433306426459
-999.0	815.0	-7.491876330962267e-06	-1.3691625690061042e-09	-8.20201584649462	-1.7637501130441595	0.0040853928036199165
-999.0	790.0	-8.462202239196675e-06	2.00625177024447e-09	-8.703907050783648	-1.4702585086462312	0.004381448094110573
-999.0	765.0	-9.189899550911678e-06	2.5293611336421465e-09	-9.054756970632623	-1.1523903916692793	0.004625973076931117
-999.0	740.0	-9.676842704724033e-06	1.710064134706916e-09	-9.07327488112069	-0.8629215463758901	0.004715896405762377
-999.0	715.0	-9.967254998730703e-06	8.792249829040612e-10	-8.762014949132508	-0.6254562386089434	0.00457217142991293
-999.0	690.0	-9.5206991401034e-06	-9.937503628069444e-11	-8.300656967692893	-0.4452269729817818	0.004188341939652318
-999.0	665.0	-8.083203375484346e-06	-1.2346068170803567e-09	-7.7082883308804195	-0.33501351672030094	0.0036258177889926893
-999.0	640.0	-6.290305490754629e-06	-2.250009334631634e-09	-7.270646748088664	-0.24253902897710222	0.0029150360638704534
-999.0	615.0	-4.203844224382575e-06	-3.460584261957389e-09	-7.0803780025906216	-0.15584290890939004	0.0020164500366509973
-999.0	590.0	-2.71381747685562e-06	-3.991307789497632e-09	-7.0655807133705135	-0.03334534996085887	0.0008791975279509205
-999.0	565.0	-2.113710212701638e-06	-4.0123040694045e-09	-7.233132204366132	0.12739838659762467	-0.000544142986977717
-999.0	540.0	-2.0406504077069104e-06	-3.6337920275682568e-09	-7.4558353168624	0.23660228228645977	-0.002212947637302026
-999.0	515.0	-2.428660605750241e-06	-2.6394006126023613e-09	-7.703762001461464	0.24127119803237673	-0.003971466328551911
-999.0	490.0	-2.7553288538521923e-06	-2.3021295228751894e-09	-7.937794744022314	0.06986488523107644	-0.005692275088951102
-999.0	465.0	-2.943255604537344e-06	-2.3477239996943293e-09	-8.150011065933445	-0.2671328745782558	-0.007342449150685137
-999.0	440.0	-2.896427251834074e-06	-1.9869039466931146e-09	-8.368955917538164	-0.4916984489158175	-0.008952404255713404
-999.0	415.0	-2.679799601675778e-06	-1.6965059307587517e-09	-8.510380339291371	-0.5070647011318925	-0.010574785270522274
-999.0	390.0	-2.3826693931624985e-06	-1.4245875674877984e-09	-8.234984714360476	-0.38765382092623524	-0.01216782241572478
-999.0	365.0	-1.955733299247755e-06	-1.252505623245886e-09	-7.412569423043552	-0.21247672354654115	-0.013564837922128403
-999.0	340.0	-1.4695081323133043e-06	-7.889302433575685e-10	-6.233778208257681	-0.19460223278118605	-0.014663420598119233
-999.0	315.0	-1.07509101497996e-06	-1.3198881759537688e-10	-4.8531842859728345	-0.33899225428559193	-0.015476608266433834
-999.0	290.0	-6.563255968991586e-07	2.0487386278206427e-10	-3.559549168875812	-0.34867125921069037	-0.01590073273652753
-999.0	265.0	6.355912861122877e-07	2.2761044251469611e-10	-2.4119659491948218	-0.07318566313811599	-0.01565722977432923
-999.0	240.0	3.726710482233669e-06	1.563982543039648e-10	-1.1760209646253876	0.4542118788711498	-0.014697331161710531
-999.0	215.0	6.904263707202253e-06	9.937350784031593e-11	0.23487364075008024	1.0257920130850435	-0.01336768914005188
-999.0	190.0	7.939402982501404e-06	1.536894315813243e-10	1.6684455940174068	1.3368222590476146	-0.01175819872412838
-999.0	165.0	8.64273669034643e-06	1.2074794240484068e-10	2.874091108639973	1.4373526119049795	-0.009246471107520693
-999.0	140.0	1.0928542402898872e-05	1.8870913087952598e-11	3.3923760941103858	1.4661743191203247	-0.0047035631034807665
-999.0	115.0	9.871246409190713e-06	3.753563683662774e-12	3.7023521042059193	1.1525764999834953	-0.0006804924558030212
-999.0	90.0	9.51642070507118e-06	2.7135266968854442e-12	5.107426113552515	0.48082791220039567	-6.376593793247324e-07
-999.0	65.0	4.1929604471251895e-06	0.0	1.1848848038722575	-0.047964554161782066	0.0
-999.0	40.0	9.855765892362322e-07	0.0	-9.7981424570557	-0.22024788113221766	0.0
-999.0	15.0	-4.046522869319765e-06	0.0	-18.688616319308252	-0.1772089994083738	0.0
245.06944444444446	40	1004.6220606243804	day	levels	pres0
-999.0	990.0	-4.8609942986632005e-06	3.228950764588851e-09	-2.6982893002411807	-0.434486388627994	0.0007535378984165648
-999.0	965.0	-6.838129850587845e-06	4.709581682307149e-09	-4.46253178990079	-1.0741723812229875	0.0019741505389221244
-999.0	940.0	-6.74443065564196e-06	7.159207607285431e-10	-5.372152737208802	-1.5286852809645264	0.002862446359024192
-999.0	915.0	-7.375213929421275e-06	-2.069156352066238e-09	-6.036230908499848	-1.8662720954134835	0.003321602848813943
-999.0	890.0	-8.172112640455395e-06	-4.044279524509812e-09	-6.608735746807542	-2.0851917363822094	0.0035353034656401367
-999.0	865.0	-9.113529430558063e-06	-4.208512621612067e-09	-7.138532812633233	-2.1749043305006	0.0037135042196480127
-999.0	840.0	-8.456266636679551e-06	-3.6126229330175903e-09	-7.682075016082305	-2.0979514621071367	0.003978811106969279
-999.0	815.0	-7.710673431972891e-06	-1.4953713000113435e-09	-8.237954817121018	-1.8689522053751442	0.0043250558015681985
-999.0	790.0	-8.688449113904265e-06	2.053888163851778e-09	-8.739285771808952	-1.5740467068104254	0.00468574800565171
-999.0	765.0	-9.433512522131219e-06	2.7564696013281112e-09	-9.089868727184502	-1.2482515092171036	0.00498056513649319
-999.0	740.0	-9.874525415091957e-06	1.96836583687521e-09	-9.108325212720864	-0.9457781812147055	0.005107555012699748
-999.0	715.0	-1.0038217988745623e-05	1.1158990078297374e-09	-8.796450838210111	-0.6929807498874114	0.00498726154072992
-999.0	690.0	-9.417269996702364e-06	1.8089384444611148e-10	-8.330778000846756	-0.49804833685125105	0.004616035615527983
-999.0	665.0	-7.745707144786359e-06	-8.980610633325738e-10	-7.729087384920276	-0.37420628704724396	0.004064248384459727
-999.0	640.0	-5.779611308133769e-06	-1.9506954990827474e-09	-7.280456128574548	-0.2680036207986413	0.0033730980340970075
-999.0	615.0	-3.5907159375355627e-06	-3.290046376013438e-09	-7.078456982733695	-0.16740870916300052	0.002514264126180075
-999.0	590.0	-2.0602727306810407e-06	-3.928713915447432e-09	-7.0557207247567355	-0.0321344267281257	0.0014424501558604294
-999.0	565.0	-1.5068852968469312e-06	-4.0121268465822945e-09	-7.221251041170129	0.13952709308693265	0.00010675982073442648
-999.0	540.0	-1.5354767541119275e-06	-3.61790951190278e-09	-7.447783972535797	0.2573241883637672	-0.0014600295899942577
-999.0	515.0	-2.0567368811676706e-06	-2.56732089424048e-09	-7.704989315971488	0.26754589142309176	-0.00311322190743697
-999.0	490.0	-2.4789088325387226e-06	-2.2174963738680004e-09	-7.945603082104331	0.09855888370012508	-0.0047361252357482585
-999.0	465.0	-2.6851954633910885e-06	-2.29894261564874e-09	-8.159113271841925	-0.23992351016826172	-0.00630420426437365
-999.0	440.0	-2.60030273439436e-06	-2.006831177205661e-09	-8.376194640047961	-0.47027126050715407	-0.007853886914503611
-999.0	415.0	-2.307557495303617e-06	-1.8165088459639848e-09	-8.51390892172616	-0.49566601595234516	-0.009440715845424654
-999.0	390.0	-1.8871058336236437e-06	-1.5639669413398696e-09	-8.236879189809153	-0.38721622269423206	-0.011019384984958996
-999.0	365.0	-1.2711807613204156e-06	-1.3516581652020875e-09	-7.413707526430241	-0.22193271029622866	-0.012412443326346466
-999.0	340.0	-6.321355753046952e-07	-8.644947123219096e-10	-6.225410649523359	-0.21030545066155995	-0.013508947063309422
-999.0	315.0	-1.9507090079749824e-07	-1.9039164971984994e-10	-4.825746964929326	-0.3560857922245373	-0.014320093497358298
-999.0	290.0	1.96701859952596e-07	1.6815018135456712e-10	-3.5156340256539864	-0.3630361349602837	-0.01474035044697012
-999.0	265.0	1.4406774338626182e-06	2.0899564299691405e-10	-2.3588753779019136	-0.07992810223783876	-0.014488406958891418
-999.0	240.0	4.537708591670532e-06	1.5136609250969818e-10	-1.1179838442198775	0.4643257974632313	-0.01352329555296693
-999.0	215.0	7.82429606520784e-06	1.0332627817056156e-10	0.2948310162340447	1.0656196498681973	-0.012225192057316996
-999.0	190.0	8.94327148855986e-06	1.552044242094109e-10	1.7281240049809368	1.409552807845827	-0.010732767412427438
-999.0	165.0	9.569128140860508e-06	1.1747376554270442e-10	2.9283560315768553	1.5235956041586565	-0.008453532711124947
-999.0	140.0	1.1987811388905436e-05	1.7934636968913846e-11	3.4262415339786343	1.5362725332380003	-0.004280066975144541
-999.0	115.0	1.1200541080136106e-05	3.5976051001586002e-12	3.7118690080113037	1.1938711413042358	-0.0005796607583046751
-999.0	90.0	1.0849354150944331e-05	2.529330238023491e-12	5.11451889976623	0.4936821730031563	-6.162159173412581e-07
-999.0	65.0	5.020571365867764e-06	0.0	1.198164930862806	-0.0552772469670737	0.0
-999.0	40.0	1.4209559335536361e-06	0.0	-9.752270782691587	-0.23244193338212982	0.0
-999.0	15.0	-3.7663155075199553e-06	0.0	-18.633590246003727	-0.1882895117123032	0.0
245.08333333333334	40	1004.7894083658855	day	levels	pres0
-999.0	990.0	-4.913285664139864e-06	3.1198435752510143e-09	-2.7166038141364006	-0.4698266505396552	0.0007405311279254174
-999.0	965.0	-7.489000840688558e-06	4.2192145403496835e-09	-4.49576186849955	-1.1219814143010267	0.0019317538990773547
-999.0	940.0	-7.407834486069509e-06	1.1991438797445217e-10	-5.408201864787483	-1.5875511592519742	0.002810394860189391
-999.0	915.0	-8.027734562616081e-06	-2.5260324279466855e-09	-6.0685555196943515	-1.9382133143288192	0.0032904589832444286
-999.0	890.0	-8.749829367462967e-06	-4.332613270168039e-09	-6.638808602378469	-2.1701995153866345	0.0035530999377653724
-999.0	865.0	-9.50713167656875e-06	-4.498600531227562e-09	-7.170483362107037	-2.269792240379026	0.0037991202254242296
-999.0	840.0	-8.69676411624925e-06	-3.878623253305832e-09	-7.716975019091639	-2.1991442124395757	0.004142169065741887
-999.0	815.0	-7.92947053298261e-06	-1.6215800310154083e-09	-8.273893787747324	-1.9741542977058126	0.004564675842147315
-999.0	790.0	-8.914695988611122e-06	2.1015245574598078e-09	-8.774664492834168	-1.6778349049743102	0.004989976038972968
-999.0	765.0	-9.677125493350121e-06	2.9835780690142034e-09	-9.124980483736294	-1.344112626764648	0.005335056821939457
-999.0	740.0	-1.007220812545944e-05	2.226667539043404e-09	-9.143375544320953	-1.0286348160532843	0.005499095531441134
-999.0	715.0	-1.0109180978760538e-05	1.3525730327551615e-09	-8.830886727287636	-0.7605052611656913	0.005402230397574213
-999.0	690.0	-9.313840853301857e-06	4.6116272517217685e-10	-8.360899034000562	-0.550869700720577	0.005043610467366555
-999.0	665.0	-7.408210914089597e-06	-5.615153095861632e-10	-7.749886438960112	-0.41339905737408433	0.004502563478942327
-999.0	640.0	-5.268917125514691e-06	-1.651381663535211e-09	-7.29026550906045	-0.2934682126201171	0.003831041007554306
-999.0	615.0	-2.9775876506906744e-06	-3.1195084900702903e-09	-7.076535962876824	-0.1789745094165857	0.0030119431011251664
-999.0	590.0	-1.4067279845086722e-06	-3.866120041397645e-09	-7.045860736143031	-0.030923503495402245	0.0020055403264455304
-999.0	565.0	-9.000603809942144e-07	-4.011949623760352e-09	-7.209369877974207	0.15165579957620015	0.000757461442725433
-999.0	540.0	-1.0303031005185414e-06	-3.6020269962376816e-09	-7.4397326282092635	0.2780460944410098	-0.0007073553460170659
-999.0	515.0	-1.6848131565862398e-06	-2.495241175879192e-09	-7.706216630481551	0.2938205848137246	-0.0022552578924637423
-999.0	490.0	-2.202488811226058e-06	-2.13286322486138e-09	-7.953411420186368	0.12725288216908381	-0.0037802781792110117
-999.0	465.0	-2.4271353222455545e-06	-2.2501612316034428e-09	-8.168215477750412	-0.21271414575835382	-0.005266263611838197
-999.0	440.0	-2.304178216955492e-06	-2.026758407718155e-09	-8.383433362557764	-0.44884407209856125	-0.006755663711772994
-999.0	415.0	-1.9353153889325814e-06	-1.936511761168757e-09	-8.517437504160952	-0.484267330772842	-0.008306921703903678
-999.0	390.0	-1.3915422740863632e-06	-1.7033463151914238e-09	-8.238773665257836	-0.3867786244622432	-0.009871188131809368
-999.0	365.0	-5.8662822339534e-07	-1.4508107071579951e-09	-7.414845629816935	-0.23138869704590187	-0.011260242031272382
-999.0	340.0	2.052369817011122e-07	-9.400591812860971e-10	-6.217043090789066	-0.22600866854189738	-0.01235462393573782
-999.0	315.0	6.849492133820229e-07	-2.4879448184425266e-10	-4.798309643885911	-0.3731793301634344	-0.013163695195980714
-999.0	290.0	1.0497293168014576e-06	1.3142649992708845e-10	-3.471718882432309	-0.3774010107098301	-0.013580047208272092
-999.0	265.0	2.2457635816101264e-06	1.9038084347913524e-10	-2.305784806609187	-0.08667054133753542	-0.013319618316101093
-999.0	240.0	5.3487067011045025e-06	1.463339307154291e-10	-1.0599467238145723	0.47443971605528146	-0.012349259875879074
-999.0	215.0	8.74432842321028e-06	1.0727904850080167e-10	0.3547883917177798	1.1054472866512146	-0.01108272093312158
-999.0	190.0	9.947139994615038e-06	1.567194168375041e-10	1.787802415944209	1.4822833566437885	-0.009707469858662252
-999.0	165.0	1.0495519591371495e-05	1.141995886805834e-10	2.9826209545134734	1.609838596412024	-0.007660810649881201
-999.0	140.0	1.3047080374908291e-05	1.6998360849878484e-11	3.4601069738466963	1.6063707473554012	-0.0038567208054249903
-999.0	115.0	1.2529835751077049e-05	3.44164651665489e-12	3.721385911816621	1.235165782624789	-0.00047885328290376834
-999.0	90.0	1.2182287596812994e-05	2.3451337791623113e-12	5.1216116859799445	0.506536433805835	-5.947687998777893e-07
-999.0	65.0	5.848182284607629e-06	0.0	1.2114450578533598	-0.06258993977236367	0.0
-999.0	40.0	1.856335277869641e-06	0.0	-9.706399108327604	-0.2446359856320156	0.0
-999.0	15.0	-3.4861081457209082e-06	0.0	-18.5785641726994	-0.1993700240162072	0.0
245.09722222222223	40	1004.9567561073912	day	levels	pres0
-999.0	990.0	-4.965577029616563e-06	3.010736385913048e-09	-2.7349183280316693	-0.5051669124514021	0.0007275299310464588
-999.0	965.0	-8.139871830791143e-06	3.7288473983912685e-09	-4.5289919470983975	-1.1697904473791725	0.001889361471516751
-999.0	940.0	-8.071238316498943e-06	-4.76091984780601e-10	-5.444250992366261	-1.6464170375395635	0.0027583418600324217
-999.0	915.0	-8.680255195812803e-06	-2.9829085038277286e-09	-6.100880130888938	-2.0101545332443433	0.003259313428530977
-999.0	890.0	-9.327546094472213e-06	-4.620947015826742e-09	-6.668881457949454	-2.2552072943912944	0.003570896654584579
-999.0	865.0	-9.900733922580451e-06	-4.788688440844128e-09	-7.2024339115809015	-2.3646801502577253	0.003884731624761213
-999.0	840.0	-8.937261595819565e-06	-4.144623573595329e-09	-7.751875022101039	-2.3003369627723154	0.004305507182888976
-999.0	815.0	-8.148267633992993e-06	-1.7477887620200756e-09	-8.3098327583737	-2.0793563900367995	0.004804252924406716
-999.0	790.0	-9.140942863318581e-06	2.149160951068022e-09	-8.810043213859451	-1.781623103138511	0.005294132189610692
-999.0	765.0	-9.92073846456973e-06	3.210686536701426e-09	-9.160092240288161	-1.4399737443124834	0.005689448123570395
-999.0	740.0	-1.0269890835827491e-05	2.4849692412129755e-09	-9.178425875921114	-1.11149145089211	0.005890517949671461
-999.0	715.0	-1.0180143968775489e-05	1.5892470576818272e-09	-8.865322616365235	-0.8280297724441625	0.00581707798996268
-999.0	690.0	-9.210411709900823e-06	7.414316058996394e-10	-8.391020067154427	-0.6036910645900426	0.005471066486960527
-999.0	665.0	-7.070714683391709e-06	-2.2496955583802767e-10	-7.770685492999976	-0.45259182770101913	0.004940763066511232
-999.0	640.0	-4.758222942894039e-06	-1.3520678279861011e-09	-7.300074889546351	-0.3189328044416467	0.004288864980180092
-999.0	615.0	-2.3644593638439866e-06	-2.948970604126112e-09	-7.074614943019925	-0.19054030967018962	0.0035094869590827898
-999.0	590.0	-7.531832383344711e-07	-3.803526167347152e-09	-7.036000747529281	-0.02971258026266451	0.0025684680383881255
-999.0	565.0	-2.932354651398646e-07	-4.011772400937728e-09	-7.197488714778227	0.16378450606551279	0.001407961878105869
-999.0	540.0	-5.251294469238524e-07	-3.586144480571753e-09	-7.431681283882682	0.29876800051832264	4.507509380665583e-05
-999.0	515.0	-1.3128894320038724e-06	-2.423161457516917e-09	-7.7074439449915815	0.320095278204446	-0.001397574285073234
-999.0	490.0	-1.926068789912746e-06	-2.0482300758538916e-09	-7.961219758268389	0.1559468806381394	-0.0028247339208341397
-999.0	465.0	-2.169075181099477e-06	-2.2013798475576848e-09	-8.177317683658904	-0.18550478134835305	-0.004228627193792182
-999.0	440.0	-2.0080536995159826e-06	-2.0466856382306132e-09	-8.390672085067582	-0.42741688368989017	-0.005657734647780146
-999.0	415.0	-1.563073282560656e-06	-2.056514676373937e-09	-8.520966086595775	-0.47286864559328445	-0.007173402846229134
-999.0	390.0	-8.959787145478183e-07	-1.8427256890434594e-09	-8.240668140706559	-0.3863410262302301	-0.008723231856675765
-999.0	365.0	9.792431453158419e-08	-1.549963249114162e-09	-7.4159837332036735	-0.24084468379558338	-0.010108234037435555
-999.0	340.0	1.0426095387092362e-06	-1.0156236502504173e-09	-6.2086755320548015	-0.2417118864222751	-0.011200451215927179
-999.0	315.0	1.564969327563991e-06	-3.071973139687255e-10	-4.7708723228424645	-0.39027286810239664	-0.01200741336275094
-999.0	290.0	1.9027567736527507e-06	9.470281849958481e-11	-3.4278037392105416	-0.3917658864594486	-0.012419823020716416
-999.0	265.0	3.050849729360043e-06	1.717660439613531e-10	-2.2526942353163224	-0.09341298043728315	-0.012150863846062634
-999.0	240.0	6.159704810540969e-06	1.4130176892117044e-10	-1.0019096034090904	0.48455363464734236	-0.011175224130449806
-999.0	215.0	9.664360781215434e-06	1.1123181883105868e-10	0.41474576720172196	1.1452749234343493	-0.00994027576749821
-999.0	190.0	1.0951008500673031e-05	1.582344094655969e-10	1.8474808269077156	1.5550139054419807	-0.0086823060629079
-999.0	165.0	1.142191104188513e-05	1.1092541181845006e-10	3.0368858774503362	1.6960815886656808	-0.006868304923814037
-999.0	140.0	1.410634936091442e-05	1.6062084730840093e-11	3.4939724137149346	1.676468961473054	-0.003433524594321799
-999.0	115.0	1.385913042202191e-05	3.2856879331506653e-12	3.7309028156220054	1.2764604239455	-0.00037807002960014947
-999.0	90.0	1.3515221042685619e-05	2.1609373203003842e-12	5.1287044721936486	0.5193906946085666	-5.733180269342327e-07
-999.0	65.0	6.675793203349855e-06	0.0	1.224725184843897	-0.06990263257767065	0.0
-999.0	40.0	2.291714622186794e-06	0.0	-9.660527433963505	-0.25683003788193476	0.0
-999.0	15.0	-3.2059007839214567e-06	0.0	-18.523538099394884	-0.2104505363201388	0.0
245.11111111111111	40	1005.1241038488965	day	levels	pres0
-999.0	990.0	-5.017868395093209e-06	2.9016291965751904e-09	-2.753232841926889	-0.540507174363064	0.0007145343076638801
-999.0	965.0	-8.790742820891847e-06	3.2384802564337635e-09	-4.56222202569716	-1.2175994804572132	0.0018469732561842388
-999.0	940.0	-8.734642146926495e-06	-1.0720983575347278e-09	-5.480300119944944	-1.7052829158270137	0.002706287358700595
-999.0	915.0	-9.332775829007623e-06	-3.43978457970817e-09	-6.133204742083445	-2.0820957521596832	0.003228166184777865
-999.0	890.0	-9.905262821479792e-06	-4.9092807614849045e-09	-6.69895431352038	-2.3402150733957248	0.003588693616059596
-999.0	865.0	-1.0294336168591142e-05	-5.078776350459544e-09	-7.234384461054709	-2.4595680601361596	0.0039703384176771606
-999.0	840.0	-9.17775907538925e-06	-4.410623893883522e-09	-7.786775025110375	-2.4015297131047633	0.0044688254585530714
-999.0	815.0	-8.367064735002689e-06	-1.8739974930241286e-09	-8.345771729000008	-2.184558482367477	0.0050437870473928675
-999.0	790.0	-9.367189738025406e-06	2.1967973446760386e-09	-8.84542193488467	-1.8854113013024059	0.005598216453097922
-999.0	765.0	-1.016435143578859e-05	3.4377950043874776e-09	-9.195203996839954	-1.5358348618600375	0.006043739031683609
-999.0	740.0	-1.0467573546194934e-05	2.7432709433811254e-09	-9.213476207521204	-1.1943480857306978	0.006281822255072927
-999.0	715.0	-1.0251106958790373e-05	1.8259210826072147e-09	-8.899758505442763	-0.895554283722451	0.006231804307408726
-999.0	690.0	-9.106982566500294e-06	1.0217004866256852e-09	-8.421141100308237	-0.6565124284593765	0.005898403666098387
-999.0	665.0	-6.733218452694935e-06	1.1157619790838169e-10	-7.791484547039818	-0.4917845980278669	0.005378847141232773
-999.0	640.0	-4.24752876027496e-06	-1.0527539924385577e-09	-7.309884270032258	-0.34439739626312865	0.0047465699479072665
-999.0	615.0	-1.7513310769991022e-06	-2.7784327181829543e-09	-7.072693923163056	-0.20210610992377956	0.004006895697644065
-999.0	590.0	-9.963849216210431e-08	-3.740932293297358e-09	-7.026140758915581	-0.028501657029944623	0.003131233290364016
-999.0	565.0	3.1358945071285727e-07	-4.011595178115783e-09	-7.185607551582307	0.17591321255477813	0.0020582611259793372
-999.0	540.0	-1.9955793330458566e-08	-3.570261964906651e-09	-7.423629939556149	0.3194899065955638	0.0007972617286460689
-999.0	515.0	-9.409657074224337e-07	-2.3510817391556223e-09	-7.708671259501647	0.34636997159507854	-0.0005401710867154068
-999.0	490.0	-1.6496487686000747e-06	-1.9635969268472626e-09	-7.969028096350429	0.18464087910709814	-0.001869492462122326
-999.0	465.0	-1.9110150399539374e-06	-2.1525984635123776e-09	-8.186419889567395	-0.15829541693844423	-0.003191295010959669
-999.0	440.0	-1.7119291820771103e-06	-2.066612868743099e-09	-8.397910807577388	-0.4059896952812959	-0.004560099722794776
-999.0	415.0	-1.1908311761896154e-06	-2.1765175915787078e-09	-8.524494669030576	-0.4614699604137793	-0.0060401592726820755
-999.0	390.0	-4.004151550105329e-07	-1.9821050628950195e-09	-8.242562616155249	-0.38590342799823846	-0.007575516159969252
-999.0	365.0	7.824768524566669e-07	-1.6491157910700833e-09	-7.417121836590371	-0.2503006705452536	-0.00895641934537656
-999.0	340.0	1.8799820957150497e-06	-1.0911881192146228e-09	-6.200307973320514	-0.2574151043026098	-0.010046428904411538
-999.0	315.0	2.444989441743516e-06	-3.6560014609314625e-10	-4.743435001799051	-0.4073664060412918	-0.01085124799813021
-999.0	290.0	2.7557842305016113e-06	5.797913707209236e-11	-3.383888595988864	-0.40613076220899347	-0.01125967788459741
-999.0	265.0	3.855935877107544e-06	1.5315124444356702e-10	-2.1996036640235936	-0.10015541953697832	-0.01098214354889157
-999.0	240.0	6.9707029199749325e-06	1.3626960712689938e-10	-0.9438724830037832	0.4946675532393934	-0.01000118831669268
-999.0	215.0	1.0584393139217872e-05	1.1518458916129974e-10	0.47470314268545866	1.1851025602173688	-0.008797856560489146
-999.0	190.0	1.1954877006728213e-05	1.5974940209369136e-10	1.9071592378709878	1.6277444542399446	-0.007657276025247581
-999.0	165.0	1.2348302492396106e-05	1.0765123495632948e-10	3.0911508003869517	1.7823245809190515	-0.006076015532954119
-999.0	140.0	1.516561834691727e-05	1.5125808611804734e-11	3.5278378535829926	1.7465671755904553	-0.0030104783418379065
-999.0	115.0	1.5188425092962867e-05	3.129729349646935e-12	3.7404197194273183	1.3177550652660515	-0.00027731099839436405
-999.0	90.0	1.4848154488554296e-05	1.9767408614392055e-12	5.135797258407361	0.5322449554112418	-5.518635985102721e-07
-999.0	65.0	7.503404122089735e-06	0.0	1.2380053118344505	-0.07721532538296323	0.0
-999.0	40.0	2.727093966502802e-06	0.0	-9.614655759599518	-0.2690240901318221	0.0
-999.0	15.0	-2.9256934221224232e-06	0.0	-18.468512026090554	-0.22153104862404288	0.0
245.125	40	1005.2914515904021	day	levels	pres0
-999.0	990.0	-5.070159760569888e-06	2.7925220072372923e-09	-2.7715473558221544	-0.5758474362748008	0.0007015442576617871
-999.0	965.0	-9.441613810994323e-06	2.7481131144754946e-09	-4.595452104296004	-1.2654085135353468	0.0018045892530234608
-999.0	940.0	-9.398045977355826e-06	-1.6681047302896222e-09	-5.516349247523717	-1.7641487941145901	0.002654231356340994
-999.0	915.0	-9.985296462204248e-06	-3.896660655589095e-09	-6.165529353278026	-2.154036971075194	0.0031970172520894677
-999.0	890.0	-1.0482979548488936e-05	-5.197614507143578e-09	-6.729027169091361	-2.425222852400371	0.003606490822152929
-999.0	865.0	-1.0687938414602765e-05	-5.36886426007619e-09	-7.266335010528568	-2.5544559700148453	0.004055940604191659
-999.0	840.0	-9.41825655495955e-06	-4.676624214173192e-09	-7.8216750281197704	-2.5027224634374896	0.004632123892878876
-999.0	815.0	-8.585861836013105e-06	-2.0002062240290265e-09	-8.38171069962638	-2.289760574698448	0.005283278210155238
-999.0	790.0	-9.593436612732826e-06	2.244433738283872e-09	-8.880800655909947	-1.9891994994665896	0.005902228824971808
-999.0	765.0	-1.0407964407008082e-05	3.664903472074206e-09	-9.230315753391812	-1.6316959794078558	0.006397929536582357
-999.0	740.0	-1.066525625656285e-05	3.0015726455502096e-09	-9.248526539121356	-1.2772047205695085	0.006673008435334263
-999.0	715.0	-1.032206994880523e-05	2.062595107533513e-09	-8.934194394520354	-0.963078795000911	0.006646409339431917
-999.0	690.0	-9.003553423099223e-06	1.3019693673529202e-09	-8.451262133462091	-0.7093337923288345	0.006325621996574293
-999.0	665.0	-6.39572222199705e-06	4.481219516564442e-10	-7.8122836010796695	-0.5309773683547975	0.005816815697178523
-999.0	640.0	-3.736834577654327e-06	-7.534401568894586e-10	-7.319693650518145	-0.3698619880846569	0.005204155906673801
-999.0	615.0	-1.138202790152429e-06	-2.6078948322387916e-09	-7.0707729033061435	-0.21367191017738413	0.00450416931440535
-999.0	590.0	5.539062540120786e-07	-3.678338419246886e-09	-7.01628077030182	-0.027290733797209595	0.0036938360810547387
-999.0	565.0	9.204143665671823e-07	-4.011417955293188e-09	-7.173726388386319	0.18804191904408596	0.0027083591854559236
-999.0	540.0	4.852178602642011e-07	-3.554379449240746e-09	-7.415578595229559	0.3402118126728705	0.0015492045576776955
-999.0	515.0	-5.690419828400963e-07	-2.279002020793361e-09	-7.709898574011668	0.372644664985793	0.00031695170116808133
-999.0	490.0	-1.3732287472867895e-06	-1.878963777839783e-09	-7.97683643443244	0.2133348775761469	-0.0009145538045710729
-999.0	465.0	-1.6529548988078858e-06	-2.1038170794666274e-09	-8.19552209547588	-0.13108605252844946	-0.0021542670640548626
-999.0	440.0	-1.4158046646376272e-06	-2.0865400992555632e-09	-8.4051495300872	-0.38456250687262844	-0.0034627589370763282
-999.0	415.0	-8.185890698177179e-07	-2.296520506783892e-09	-8.52802325146539	-0.45007127523422263	-0.004907190983533142
-999.0	390.0	9.514840452798783e-08	-2.1214844367470567e-09	-8.24445709160396	-0.38546582976622246	-0.006428041042090549
-999.0	365.0	1.467029390383571e-06	-1.7482683330262454e-09	-7.4182599399771005	-0.25975665729492914	-0.007804797955625607
-999.0	340.0	2.7173546527231496e-06	-1.1667525881789303e-09	-6.19194041458624	-0.2731183221829789	-0.00889255700171447
-999.0	315.0	3.3250095559254533e-06	-4.240029782175997e-10	-4.715997680755599	-0.4244599439802447	-0.009695199102569167
-999.0	290.0	3.6088116873528754e-06	2.1255455644605404e-11	-3.339973452767092	-0.4204956379586033	-0.010099611800198877
-999.0	265.0	4.661022024857442e-06	1.3453644492579364e-10	-2.1465130927307268	-0.10689785863671988	-0.00981345742469322
-999.0	240.0	7.781701029411384e-06	1.3123744533264212e-10	-0.8858353625983002	0.5047814718314582	-0.008827152434611572
-999.0	215.0	1.1504425497222992e-05	1.1913735949155313e-10	0.5346605181694031	1.2249301970005035	-0.00765546331212806
-999.0	190.0	1.295874551278613e-05	1.6126439472178135e-10	1.9668376488345012	1.7004750030381341	-0.006632379745757447
-999.0	165.0	1.3274693942909678e-05	1.0437705809419554e-10	3.1454157233238216	1.8685675731727058	-0.005283942477326851
-999.0	140.0	1.622488733292336e-05	1.4189532492766364e-11	3.561703293451242	1.8166653897081106	-0.002587582047973402
-999.0	115.0	1.651771976390765e-05	2.9737707661427404e-12	3.749936623232706	1.35904970658677	-0.0001765761892863554
-999.0	90.0	1.6181087934426847e-05	1.7925444025772707e-12	5.14289004462106	0.545099216213982	-5.30405514605866e-07
-999.0	65.0	8.331015040831909e-06	0.0	1.251285438824978	-0.08452801818826369	0.0
-999.0	40.0	3.1624733108199315e-06	0.0	-9.568784085235427	-0.28121814238173626	0.0
-999.0	15.0	-2.645486060322987e-06	0.0	-18.41348595278604	-0.23261156092797003	0.0
245.13888888888889	40	1005.1673002697175	day	levels	pres0
-999.0	990.0	-6.131123647923028e-06	2.5878383817456392e-09	-2.789745355409308	-0.6113029244163979	0.0006625816742042004
-999.0	965.0	-1.1193719265469041e-05	2.296839555857034e-09	-4.628618142907616	-1.3133656881631728	0.0017123762627625245
-999.0	940.0	-1.0991857553024563e-05	-2.276301836698456e-09	-5.552249488376474	-1.823071943862149	0.002527165950253036
-999.0	915.0	-1.140612113081119e-05	-4.40772547061367e-09	-6.1976636288658336	-2.225834006621086	0.0030597902209324934
-999.0	890.0	-1.169642329530703e-05	-5.520359084102284e-09	-6.75887749308634	-2.509858883562634	0.0034790872399686444
-999.0	865.0	-1.160976461363275e-05	-5.674985188349227e-09	-7.298040249991059	-2.6488526851412932	0.003950467074769889
-999.0	840.0	-1.0080890400694143e-05	-5.053953017968088e-09	-7.856238039713078	-2.6033964715307927	0.004552985403687239
-999.0	815.0	-9.179509485492821e-06	-2.3423801783998686e-09	-8.41722092552793	-2.394478549086986	0.00522386274946659
-999.0	790.0	-1.0212165466962253e-05	2.0258338673107497e-09	-8.915687644292461	-2.0925370055059904	0.005845710246618668
-999.0	765.0	-1.1124818231024384e-05	3.690521168211298e-09	-9.26493979257253	-1.7270737134276133	0.006324632060271635
-999.0	740.0	-1.1440538320809594e-05	3.211414407589244e-09	-9.283167078381517	-1.3595687184069858	0.006565188378750881
-999.0	715.0	-1.1038458751099801e-05	2.324075385829279e-09	-8.968345884292868	-1.030197816442714	0.006488363273858299
-999.0	690.0	-9.58088658112816e-06	1.6374436322716802e-09	-8.481217766565008	-0.7618391280403045	0.006105605525804086
-999.0	665.0	-6.754051822499285e-06	8.290521106552282e-10	-7.8330325739724325	-0.5699513686141212	0.005531795398784954
-999.0	640.0	-3.9452847392700205e-06	-4.2027761384340696e-10	-7.329520471512316	-0.39513089484167596	0.004861859355930361
-999.0	615.0	-1.273180942857802e-06	-2.418529612670354e-09	-7.068874877596641	-0.22498360962149366	0.004124339881424962
-999.0	590.0	4.3642249617810815e-07	-3.596767368422238e-09	-7.006444490145097	-0.025793674091492115	0.003302544910848694
-999.0	565.0	7.538050706733741e-07	-3.9802157321157e-09	-7.161862659075876	0.2004663880382443	0.0023290515675264303
-999.0	540.0	2.264895144192244e-07	-3.498747703942076e-09	-7.407542565512253	0.36120722170862835	0.0011985180352765525
-999.0	515.0	-9.600002305486073e-07	-2.1522129301512127e-09	-7.711153505340435	0.39912939559494426	5.832310726566192e-07
-999.0	490.0	-1.8925211027705831e-06	-1.7239713461939913e-09	-7.984676359191763	0.2421699942104787	-0.0012009781244535424
-999.0	465.0	-2.262044849525592e-06	-1.9844411430890497e-09	-8.204671069743137	-0.10381153781731992	-0.0024220344759281016
-999.0	440.0	-2.068549834399795e-06	-2.0547435054106225e-09	-8.412438247885028	-0.36311315084316503	-0.0037277806166882044
-999.0	415.0	-1.4751352989034974e-06	-2.3903621023540115e-09	-8.53159719268009	-0.4386521472580609	-0.005186218339193608
-999.0	390.0	-5.226057516404274e-07	-2.253455295912622e-09	-8.246390779813147	-0.38499948642555293	-0.00673255319842057
-999.0	365.0	9.453718682309424e-07	-1.8355931068689078e-09	-7.419432213500398	-0.2691624019117574	-0.008134521230644976
-999.0	340.0	2.278716954676254e-06	-1.2293087460151676e-09	-6.183597956857995	-0.2887628418467472	-0.009237725664239329
-999.0	315.0	2.9006398151945422e-06	-4.717184301738092e-10	-4.688575034340209	-0.44149636553181526	-0.010041795401324426
-999.0	290.0	3.14614178002551e-06	-7.443754967495518e-12	-3.2960571692812644	-0.43479891085911393	-0.01042744103163268
-999.0	265.0	4.13442219492891e-06	1.2224383575448222e-10	-2.093402144336454	-0.11358026675290733	-0.010092554177160616
-999.0	240.0	7.241427166652841e-06	1.337839201792806e-10	-0.827776868310164	0.5149429511456315	-0.00902465370532458
-999.0	215.0	1.1041516103868172e-05	1.3158250954736608e-10	0.5946225081645274	1.2647979999818997	-0.00775720706802188
-999.0	190.0	1.252392424365704e-05	1.658277700477471e-10	2.0265228869838032	1.7732636758260347	-0.006654957693196044
-999.0	165.0	1.2668536226978629e-05	1.0145252780228812e-10	3.1997201605922845	1.9549024439758076	-0.005255545911092156
-999.0	140.0	1.567358875440154e-05	1.3520812494541435e-11	3.5955885942020975	1.8868545075022212	-0.0025410539276715586
-999.0	115.0	1.5940360239964164e-05	2.9076177931116692e-12	3.7594505085477143	1.4003589441852697	-0.00015281884884341858
-999.0	90.0	1.5542446210911137e-05	1.6723874371413746e-12	5.14998250253616	0.557954356547414	-4.7050009061900156e-07
-999.0	65.0	7.55504898831969e-06	0.0	1.2645656344672827	-0.09184076799641884	0.0
-999.0	40.0	2.68637168905242e-06	0.0	-9.522912797473683	-0.29341232143934964	0.0
-999.0	15.0	-2.4074778503633747e-06	0.0	-18.358456515130467	-0.24369198391362756	0.0
245.15277777777777	40	1005.043148949033	day	levels	pres0
-999.0	990.0	-7.192087535272865e-06	2.3831547562541247e-09	-2.8079433549964166	-0.6467584125579193	0.0006236360893309602
-999.0	965.0	-1.2945824719938387e-05	1.8455659972388068e-09	-4.661784181519147	-1.3613228627909066	0.001620172687578736
-999.0	940.0	-1.2585669128688383e-05	-2.8844989431069623e-09	-5.588149729229141	-1.8819950936095815	0.002400097162715947
-999.0	915.0	-1.2826945799413767e-05	-4.918790285637901e-09	-6.229797904453569	-2.2976310421668074	0.0029225560548261486
-999.0	890.0	-1.2909867042121544e-05	-5.843103661060378e-09	-6.788727817081259	-2.5944949147246814	0.003351682082660769
-999.0	865.0	-1.2531590812660118e-05	-5.981106116620732e-09	-7.329745489453503	-2.743249400267491	0.0038449993304552703
-999.0	840.0	-1.074352424642667e-05	-5.431281821760931e-09	-7.890801051306335	-2.704070479623819	0.004473856544049585
-999.0	815.0	-9.773157134970498e-06	-2.684554132769038e-09	-8.45273115142942	-2.499196523475231	0.005164457975578532
-999.0	790.0	-1.0830894321189783e-05	1.8072339963387441e-09	-8.950574632674915	-2.195874511545102	0.005789205041044507
-999.0	765.0	-1.1841672055038546e-05	3.716138864348301e-09	-9.299563831753192	-1.8224514474471072	0.00625135538120478
-999.0	740.0	-1.2215820385054082e-05	3.4212561696273563e-09	-9.317807617641622	-1.4419327162442415	0.006457400967857882
-999.0	715.0	-1.1754847553392403e-05	2.5855556641238875e-09	-9.002497374065328	-1.0973168378843456	0.006330363639012886
-999.0	690.0	-1.015821973915551e-05	1.9729178971888403e-09	-8.511173399667882	-0.8143444637516503	0.0058856505333700114
-999.0	665.0	-7.112381423000462e-06	1.2099822696519937e-09	-7.853781546865187	-0.6089253688733625	0.005246850608993147
-999.0	640.0	-4.1537349008850805e-06	-8.711507079917665e-11	-7.339347292506505	-0.42039980159864976	0.004519652166868097
-999.0	615.0	-1.4081590955627415e-06	-2.2291643931030255e-09	-7.06697685188718	-0.23629530906558957	0.003744613901075376
-999.0	590.0	3.189387383445578e-07	-3.5151963175982676e-09	-6.996608209988436	-0.024296614385790706	0.002911367039834229
-999.0	565.0	5.871957747801632e-07	-3.949013508938843e-09	-7.149998929765498	0.21289085703235913	0.0019498617002656103
-999.0	540.0	-3.223883142485421e-08	-3.4431159586442193e-09	-7.399506535795007	0.3822026307443197	0.0008479455229951752
-999.0	515.0	-1.3509584782558186e-06	-2.0254238395101345e-09	-7.712408436669247	0.42561412620401273	-0.0003156814140998834
-999.0	490.0	-2.411813458252647e-06	-1.5689789145492365e-09	-7.992516283951109	0.2710051108447204	-0.0014873113498201124
-999.0	465.0	-2.871134800241183e-06	-1.8650652067121295e-09	-8.213820044010406	-0.07653702310627643	-0.0026897230803991585
-999.0	440.0	-2.7212950041596206e-06	-2.022946911565869e-09	-8.41972696568285	-0.34166379481377485	-0.003992731071221836
-999.0	415.0	-2.1316815279869012e-06	-2.484203697923794e-09	-8.535171133894774	-0.42723301928195045	-0.005465177757390876
-999.0	390.0	-1.1403599078066261e-06	-2.3854261550777157e-09	-8.248324468022307	-0.3845331430849079	-0.007037001339193531
-999.0	365.0	4.237143460801438e-07	-1.9229178807113487e-09	-7.420604487023661	-0.27856814652858025	-0.008464189026174405
-999.0	340.0	1.84007925663091e-06	-1.2918649038513306e-09	-6.175255499129738	-0.30440736151048087	-0.009582849158062371
-999.0	315.0	2.476270074465192e-06	-5.194338821300228e-10	-4.661152387924862	-0.45853278708332806	-0.010388356751348584
-999.0	290.0	2.6834718726997947e-06	-3.6142965579629776e-11	-3.252140885795532	-0.44910218375955924	-0.010755247965756845
-999.0	265.0	3.607822365002082e-06	1.0995122658314353e-10	-2.0402911959423187	-0.12026267486904843	-0.010371642809905289
-999.0	240.0	6.701153303895914e-06	1.3633039502588986e-10	-0.7697183740222033	0.5251044304597915	-0.009222154875689285
-999.0	215.0	1.0578606710514852e-05	1.4402765960314504e-10	0.6545844981594434	1.3046658029631806	-0.007858948486178982
-999.0	190.0	1.208910297452964e-05	1.7039114537370994e-10	2.0862081251328624	1.8460523486137095	-0.006677532633605757
-999.0	165.0	1.2062378511049873e-05	9.852799751039526e-11	3.254024597860491	2.041237314778625	-0.005227156922695302
-999.0	140.0	1.5122290175881416e-05	1.2852092496319585e-11	3.6294738949527634	1.9570436252960772	-0.002494542163632606
-999.0	115.0	1.5363000716022228e-05	2.841464820080984e-12	3.768964393862648	1.4416681817836026	-0.00012906721665678116
-999.0	90.0	1.4903804487397107e-05	1.5522304717060541e-12	5.157074960451273	0.5708094968807803	-4.105844865519676e-07
-999.0	65.0	6.779082935809686e-06	0.0	1.2778458301096145	-0.09915351780456619	0.0
-999.0	40.0	2.2102700672861694e-06	0.0	-9.477041509712047	-0.30560650049693605	0.0
-999.0	15.0	-2.1694696404047565e-06	0.0	-18.303427077475074	-0.25477240689926184	0.0
245.16666666666666	40	1004.9189976283483	day	levels	pres0
-999.0	990.0	-8.25305142262619e-06	2.1784711307623752e-09	-2.8261413545835725	-0.6822139006995256	0.0005847075026106539
-999.0	965.0	-1.4697930174413419e-05	1.3942924386201538e-09	-4.694950220130763	-1.4092800374187446	0.001527978527349972
-999.0	940.0	-1.417948070435738e-05	-3.4926960495160507e-09	-5.624049970081901	-1.940918243357151	0.002273024994133185
-999.0	915.0	-1.424777046802093e-05	-5.429855100662763e-09	-6.261932180041382	-2.369428077712707	0.002785314754278585
-999.0	890.0	-1.4123310788939872e-05	-6.165848238019362e-09	-6.818578141076239	-2.6791309458869503	0.00322427535053045
-999.0	865.0	-1.3453417011690307e-05	-6.2872270448939505e-09	-7.361450728915999	-2.837646115393945	0.0037395373712282628
-999.0	840.0	-1.1406158092161402e-05	-5.808610625555892e-09	-7.925364062899647	-2.804744487717127	0.004394737313882936
-999.0	815.0	-1.036680478445031e-05	-3.0267280871398447e-09	-8.488241377330976	-2.6039144978637743	0.005105063888676546
-999.0	790.0	-1.1449623175419391e-05	1.5886341253658343e-09	-8.985461621057432	-2.299212017584511	0.005732713208941977
-999.0	765.0	-1.2558525879055147e-05	3.741756560485768e-09	-9.334187870933912	-1.9178291814668729	0.006178099501075191
-999.0	740.0	-1.2991102449301168e-05	3.6310979316668096e-09	-9.352448156901785	-1.5242967140817256	0.006349646205573691
-999.0	715.0	-1.2471236355687271e-05	2.8470359424199833e-09	-9.03664886383785	-1.1644358593261512	0.006172410438416217
-999.0	690.0	-1.0735552897184663e-05	2.308392162107787e-09	-8.54112903277081	-0.8668497994631197	0.005665757023041325
-999.0	665.0	-7.470711023502822e-06	1.590912428650795e-09	-7.874530519757958	-0.647899369132683	0.004961981331253637
-999.0	640.0	-4.3621850625008546e-06	2.4604747224683233e-10	-7.349174113500687	-0.44566870835566375	0.004177534342169672
-999.0	615.0	-1.5431372482681773e-06	-2.039799173534609e-09	-7.065078826177681	-0.24760700850969342	0.0033649913748905577
-999.0	590.0	2.014549805105353e-07	-3.433625266773622e-09	-6.986771929831723	-0.02279955468006684	0.0025203024686557282
-999.0	565.0	4.2058647888630305e-07	-3.917811285761342e-09	-7.138135200455062	0.2253153260265246	0.0015707895839467871
-999.0	540.0	-2.909671772698836e-07	-3.3874842133455335e-09	-7.391470506077708	0.40319803978008495	0.0004974870210129608
-999.0	515.0	-1.741916725964382e-06	-1.8986347488679847e-09	-7.71366336799802	0.45209885681317136	-0.0006318422339779146
-999.0	490.0	-2.9311058137364943e-06	-1.4139864829034515e-09	-8.000356208710437	0.29984022747905875	-0.0017735534803280666
-999.0	465.0	-3.480224750958941e-06	-1.7456892703345621e-09	-8.222969018277668	-0.04926250839514158	-0.0029573328773338735
-999.0	440.0	-3.374040173921832e-06	-1.9911503177209357e-09	-8.42701568348068	-0.32021443878430905	-0.00425761030063188
-999.0	415.0	-2.7882277570727238e-06	-2.5780452934939126e-09	-8.538745075109476	-0.4158138913057904	-0.005744069238068707
-999.0	390.0	-1.7581140639751008e-06	-2.5173970142432663e-09	-8.250258156231492	-0.3840667997442436	-0.007341385464308285
-999.0	365.0	-9.794317607256848e-08	-2.0102426545539877e-09	-7.421776760546962	-0.28797389114541755	-0.008793801342068551
-999.0	340.0	1.4014415585839257e-06	-1.354421061687548e-09	-6.166913041401499	-0.32005188117426014	-0.009927927483031826
-999.0	315.0	2.0519003337342175e-06	-5.671493340862252e-10	-4.6337297415094785	-0.47556920863490976	-0.010734883152511615
-999.0	290.0	2.2208019653723877e-06	-6.48421761917298e-11	-3.2082246023097096	-0.46340545666008	-0.011083032602493138
-999.0	265.0	3.0812225350735135e-06	9.765861741183162e-11	-1.9871802475480498	-0.12694508298524368	-0.010650723322902986
-999.0	240.0	6.160879441137329e-06	1.3887686987252884e-10	-0.7116598797340703	0.5352659097739599	-0.009419655945705319
-999.0	215.0	1.0115697317159988e-05	1.5647280965896024e-10	0.7145464881545632	1.344533605944574	-0.007960687566597204
-999.0	190.0	1.1654281705400517e-05	1.7495452069967703e-10	2.145893363282158	1.918841021401609	-0.006700104566985933
-999.0	165.0	1.1456220795118793e-05	9.560346721848782e-11	3.3083290351289456	2.1275721855817262	-0.005198775512137841
-999.0	140.0	1.457099159735955e-05	1.2183372498094624e-11	3.663359195703615	2.027232743090184	-0.002448046755856764
-999.0	115.0	1.47856411920787e-05	2.775311847049903e-12	3.7784782791776594	1.4829774193820968	-0.00010532129272651137
-999.0	90.0	1.4265162763881349e-05	1.4320735062701546e-12	5.164167418366381	0.5836646372142071	-3.506587024041122e-07
-999.0	65.0	6.003116883297409e-06	0.0	1.2911260257519301	-0.10646626761272529	0.0
-999.0	40.0	1.7341684455186015e-06	0.0	-9.431170221950298	-0.3178006795545528	0.0
-999.0	15.0	-1.9314614304451706e-06	0.0	-18.248397639819498	-0.26585282988492354	0.0
245.18055555555554	40	1004.794846307664	day	levels	pres0
-999.0	990.0	-9.314015309976029e-06	1.97378750527086e-09	-2.844339354170681	-0.7176693888410469	0.0005457959136123057
-999.0	965.0	-1.645003562888277e-05	9.430188800019266e-10	-4.728116258742294	-1.4572372120464787	0.001435793781955138
-999.0	940.0	-1.57732922800212e-05	-4.100893155924557e-09	-5.659950210934567	-1.999841393104584	0.0021459494449096376
-999.0	915.0	-1.5668595136623508e-05	-5.9409199156869924e-09	-6.294066455629117	-2.4412251132584277	0.002648066319799486
-999.0	890.0	-1.533675453575438e-05	-6.4885928149774544e-09	-6.848428465071161	-2.7637669770489977	0.0030968670438802264
-999.0	865.0	-1.4375243210717674e-05	-6.593347973165454e-09	-7.393155968378442	-2.932042830520142	0.0036340811970704775
-999.0	840.0	-1.2068791937893927e-05	-6.1859394293487375e-09	-7.959927074492902	-2.9054184958101534	0.004315627713105192
-999.0	815.0	-1.0960452433927986e-05	-3.3689020415090097e-09	-8.523751603232466	-2.7086324722520185	0.005045680488946788
-999.0	790.0	-1.2068352029646919e-05	1.37003425439383e-09	-9.020348609439887	-2.402549523623622	0.005676234751004288
-999.0	765.0	-1.327537970306931e-05	3.767374256622771e-09	-9.368811910114568	-2.0132069154863665	0.0061048644215768175
-999.0	740.0	-1.3766384513545654e-05	3.840939693704921e-09	-9.387088696161886	-1.606660711918981	0.006241924094817446
-999.0	715.0	-1.3187625157979872e-05	3.1085162207145935e-09	-9.07080035361031	-1.2315548807677832	0.006014503675590137
-999.0	690.0	-1.1312886055212011e-05	2.6438664270249472e-09	-8.571084665873686	-0.9193551351744654	0.00544592499858938
-999.0	665.0	-7.829040624004e-06	1.9718425876475615e-09	-7.895279492650713	-0.6868733693919246	0.004677187569019897
-999.0	640.0	-4.5706352241159146e-06	5.792100152910631e-10	-7.359000934494875	-0.4709376151126375	0.0038355058845214187
-999.0	615.0	-1.6781154009731166e-06	-1.8504339539672784e-09	-7.06318080046822	-0.25891870795378935	0.0029854723044086054
-999.0	590.0	8.397122267698508e-08	-3.3520542159496535e-09	-6.97693564967506	-0.021302494974365527	0.002129351197961867
-999.0	565.0	2.539771829930924e-07	-3.886609062584489e-09	-7.126271471144684	0.23773979502063947	0.0011918352188474834
-999.0	540.0	-5.496955231139615e-07	-3.3318524680476787e-09	-7.383434476360462	0.4241934488157763	0.00014714252951327278
-999.0	515.0	-2.132874973671593e-06	-1.7718456582269075e-09	-7.714918299326833	0.4785835874222397	-0.0009478992281861579
-999.0	490.0	-3.4503981692185583e-06	-1.2589940512586972e-09	-8.008196133469784	0.3286753441133003	-0.0020597045156313344
-999.0	465.0	-4.08931470167453e-06	-1.6263133339576416e-09	-8.232117992544936	-0.021987993684098043	-0.003224863866594896
-999.0	440.0	-4.026785343681658e-06	-1.9593537238761823e-09	-8.434304401278503	-0.2987650827549186	-0.004522418304869791
-999.0	415.0	-3.444773986156129e-06	-2.671886889063696e-09	-8.542319016324159	-0.4043947633296801	-0.006022892781167493
-999.0	390.0	-2.3758682201413007e-06	-2.64936787340836e-09	-8.252191844440654	-0.38360045640359847	-0.007645705573660088
-999.0	365.0	-6.196006982233657e-07	-2.0975674283964295e-09	-7.422949034070226	-0.2973796357622404	-0.009123358178178399
-999.0	340.0	9.628038605385812e-07	-1.4169772195237113e-09	-6.158570583673245	-0.33569640083799396	-0.010272960638992391
-999.0	315.0	1.6275305930048666e-06	-6.14864786042439e-10	-4.606307095094131	-0.4926056301864226	-0.0110813746046802
-999.0	290.0	1.7581320580466736e-06	-9.354138680386392e-11	-3.164308318823977	-0.4777087295605254	-0.011410794941760278
-999.0	265.0	2.554622705146686e-06	8.536600824049292e-11	-1.934069299153915	-0.13362749110138505	-0.01092979571612672
-999.0	240.0	5.620605578380402e-06	1.4142334471913809e-10	-0.6536013854461101	0.5454273890881199	-0.009617156915369846
-999.0	215.0	9.652787923806671e-06	1.6891795971473923e-10	0.7745084781494798	1.3844014089258547	-0.008062424309272107
-999.0	190.0	1.1219460436273116e-05	1.795178960256399e-10	2.2055786014312173	1.9916296941892835	-0.006722673493333853
-999.0	165.0	1.0850063079190034e-05	9.267893692659501e-11	3.3626334723971523	2.2139070563845435	-0.0051704016794199845
-999.0	140.0	1.4019693018839425e-05	1.1514652499872774e-11	3.69724449645428	2.0974218608840407	-0.0024015677043438747
-999.0	115.0	1.4208281668136769e-05	2.7091588740192173e-12	3.787992164492593	1.5242866569804296	-8.158107705261938e-05
-999.0	90.0	1.3626521040367317e-05	1.3119165408348335e-12	5.171259876281494	0.5965197775475737	-2.9072273817510053e-07
-999.0	65.0	5.2271508307874055e-06	0.0	1.3044062213942622	-0.11377901742087256	0.0
-999.0	40.0	1.2580668237523502e-06	0.0	-9.385298934188661	-0.3299948586121391	0.0
-999.0	15.0	-1.693453220486551e-06	0.0	-18.193368202164105	-0.276933252870558	0.0
245.19444444444446	40	1004.6706949869794	day	levels	pres0
-999.0	990.0	-1.0374979197329297e-05	1.7691038797791295e-09	-2.862537353757841	-0.7531248769826578	0.0005069013219044363
-999.0	965.0	-1.8202141083357727e-05	4.917453213831906e-10	-4.7612822973539215	-1.505194386674328	0.0013436184512720605
-999.0	940.0	-1.7367103855690166e-05	-4.70909026233387e-09	-5.695850451787338	-2.0587645428521677	0.002018870515448778
-999.0	915.0	-1.708941980523064e-05	-6.451984730712012e-09	-6.326200731216939	-2.513022148804344	0.0025108107518970265
-999.0	890.0	-1.6550198282572628e-05	-6.811337391936463e-09	-6.878278789066154	-2.8484030082112843	0.0029694571630112495
-999.0	865.0	-1.529706940974781e-05	-6.8994689014385846e-09	-7.424861207840957	-3.0264395456466118	0.0035286308079623668
-999.0	840.0	-1.273142578362864e-05	-6.563268233143665e-09	-7.994490086086237	-3.006092503903474	0.00423652774163339
-999.0	815.0	-1.155410008340782e-05	-3.711075995880017e-09	-8.559261829134044	-2.8133504466405697	0.004986307776574774
-999.0	790.0	-1.2687080883876429e-05	1.1514343834203557e-09	-9.055235597822428	-2.505887029663033	0.005619769667924038
-999.0	765.0	-1.399223352708556e-05	3.792991952759275e-09	-9.403435949295309	-2.10858464950613	0.006031650144402678
-999.0	740.0	-1.454166657779231e-05	4.050781455743326e-09	-9.421729235422067	-1.6890247097564632	0.006134234638506781
-999.0	715.0	-1.3904013960274437e-05	3.3699964990098535e-09	-9.104951843382839	-1.2986739022095937	0.005856643354054325
-999.0	690.0	-1.1890219213240962e-05	2.9793406919433394e-09	-8.601040298976608	-0.9718604708859457	0.005226154463782648
-999.0	665.0	-8.187370224506174e-06	2.3527727466461114e-09	-7.916028465543479	-0.7258473696512603	0.004392469325741871
-999.0	640.0	-4.779085385731484e-06	9.12372558336958e-10	-7.368827755489042	-0.4962065218696673	0.003493566796605637
-999.0	615.0	-1.813093553678296e-06	-1.661068734398993e-09	-7.061282774758701	-0.2702304073979047	0.0026060566911633187
-999.0	590.0	-3.351253515676859e-08	-3.2704831651251983e-09	-6.967099369518321	-0.01980543526864977	0.0017385132283969334
-999.0	565.0	8.7367887099477e-08	-3.8554068394073e-09	-7.114407741834227	0.25016426401479813	0.0008129986052409484
-999.0	540.0	-8.084238689587909e-07	-3.276220722749354e-09	-7.375398446643147	0.44518885785153484	-0.0002030879513245482
-999.0	515.0	-2.5238332213800294e-06	-1.6450565675850738e-09	-7.716173230655601	0.5050683180313914	-0.0012638523963530441
-999.0	490.0	-3.969690524702321e-06	-1.1040016196131416e-09	-8.01603605822911	0.3575104607476321	-0.0023457644553872667
-999.0	465.0	-4.698404652392203e-06	-1.5069373975801797e-09	-8.24126696681219	0.005286521027030645	-0.0034923160480481662
-999.0	440.0	-4.679530513443789e-06	-1.927557130031284e-09	-8.441593119076314	-0.27731572672545907	-0.004787155083890372
-999.0	415.0	-4.1013202152418815e-06	-2.7657284846338298e-09	-8.545892957538832	-0.3929756353535276	-0.006301648386631221
-999.0	390.0	-2.993622376309684e-06	-2.781338732573927e-09	-8.254125532649802	-0.38313411306294154	-0.007949961667148087
-999.0	365.0	-1.1412582203759457e-06	-2.1848922022391016e-09	-7.424121307593479	-0.3067853803790806	-0.009452859534359011
-999.0	340.0	5.241661624917452e-07	-1.4795333773599618e-09	-6.150228125944952	-0.35134092050176674	-0.010617948625792762
-999.0	315.0	1.2031608522739945e-06	-6.625802379986582e-10	-4.578884448678687	-0.5096420517379856	-0.011427831107724796
-999.0	290.0	1.2954621507192793e-06	-1.2224059741597081e-10	-3.120392035338096	-0.4920120024610194	-0.011738534983480476
-999.0	265.0	2.0280228752180313e-06	7.307339906917775e-11	-1.880958350759601	-0.14030989921755369	-0.01120885998955267
-999.0	240.0	5.080331715621689e-06	1.4396981956577453e-10	-0.5955428911579462	0.5555888684023106	-0.00981465778468282
-999.0	215.0	9.189878530451754e-06	1.8136310977055042e-10	0.8344704681446237	1.4242692119072697	-0.00816415871420168
-999.0	190.0	1.0784639167144022e-05	1.8408127135160466e-10	2.265263839580536	2.064418366977208	-0.006745239412648924
-999.0	165.0	1.0243905363258991e-05	8.975440663468627e-11	3.4169379096656245	2.3002419271876677	-0.0051420354245433385
-999.0	140.0	1.346839444031749e-05	1.0845932501647927e-11	3.7311297972051363	2.1676109786781717	-0.002355105009094209
-999.0	115.0	1.3630922144193018e-05	2.643005900988269e-12	3.7975060498075983	1.5655958945789514	-5.784656963519304e-05
-999.0	90.0	1.2987879316851326e-05	1.1917595753989738e-12	5.178352334196609	0.6093749178810258	-2.3077659386425224e-07
-999.0	65.0	4.45118477827492e-06	0.0	1.3176864170365887	-0.121091767229019	0.0
-999.0	40.0	7.819652019847173e-07	0.0	-9.339427646426895	-0.3421890376697505	0.0
-999.0	15.0	-1.4554450105268758e-06	0.0	-18.138338764508525	-0.2880136758562175	0.0
245.20833333333334	40	1004.5465436662951	day	levels	pres0
-999.0	990.0	-1.1435943084679135e-05	1.5644202542876315e-09	-2.880735353344949	-0.7885803651241792	0.0004680237270560209
-999.0	965.0	-1.995424653782707e-05	4.04717627649965e-11	-4.794448335965449	-1.5531515613020601	0.0012514525351796494
-999.0	940.0	-1.896091543135398e-05	-5.317287368742354e-09	-5.731750692640005	-2.1176876925995978	0.0018917882061555993
-999.0	915.0	-1.8510244473833193e-05	-6.963049545736276e-09	-6.358335006804672	-2.58481918435006	0.002373548051080995
-999.0	890.0	-1.7763642029387126e-05	-7.134081968894669e-09	-6.908129113061071	-2.933039039373326	0.0028420457082260985
-999.0	865.0	-1.6218895608775174e-05	-7.2055898297102225e-09	-7.456566447303397	-3.1208362607728013	0.0034231862038854675
-999.0	840.0	-1.3394059629361184e-05	-6.9405970369366e-09	-8.029053097679489	-3.10676651199649	0.00415743739938528
-999.0	815.0	-1.2147747732885523e-05	-4.053249950249231e-09	-8.594772055035532	-2.9180684210288046	0.004926945751746418
-999.0	790.0	-1.3305809738103987e-05	9.328345124483382e-10	-9.090122586204878	-2.6092245357021353	0.005563317960394026
-999.0	765.0	-1.4709087351099757e-05	3.818609648896312e-09	-9.438059988475967	-2.2039623835256146	0.005958456671245969
-999.0	740.0	-1.531694864203683e-05	4.260623217781493e-09	-9.456369774682162	-1.77138870759371	0.006026577839559719
-999.0	715.0	-1.4620402762567061e-05	3.6314767773045084e-09	-9.139103333155298	-1.3657929236512172	0.005698829477329524
-999.0	690.0	-1.2467552371268321e-05	3.3148149568605276e-09	-8.630995932079482	-1.0243658065972838	0.0050064454223915245
-999.0	665.0	-8.545699825007347e-06	2.7337029056428862e-09	-7.936777438436228	-0.7648213699104947	0.004107826604872367
-999.0	640.0	-4.987535547346528e-06	1.2455351013811864e-09	-7.3786545764832265	-0.5214754286266347	0.003151717081108298
-999.0	615.0	-1.948071706383207e-06	-1.4717035148316694e-09	-7.0593847490492365	-0.2815421068419958	0.002226744536692675
-999.0	590.0	-1.5099629299028722e-07	-3.1889121143012358e-09	-6.957263089361655	-0.018308375562944932	0.0013477885606095587
-999.0	565.0	-7.924140879370433e-08	-3.824204616230451e-09	-7.102544012523847	0.2625887330089152	0.0004342797434046616
-999.0	540.0	-1.0671522148028418e-06	-3.2205889774515032e-09	-7.367362416925898	0.4661842668872274	-0.0005532044213172054
-999.0	515.0	-2.9147914690872142e-06	-1.5182674769440047e-09	-7.717428161984411	0.5315530486404603	-0.0015797017381033584
-999.0	490.0	-4.488982880184358e-06	-9.490091879683982e-10	-8.023875982988455	0.38634557738187364	-0.0026317332992497923
-999.0	465.0	-5.307494603107764e-06	-1.3875614612032705e-09	-8.250415941079456	0.0325610357380735	-0.0037596894215562076
-999.0	440.0	-5.33227568320359e-06	-1.8957605361865377e-09	-8.448881836874131	-0.25586637069607016	-0.00505182063764478
-999.0	415.0	-4.757866444325264e-06	-2.8595700802036103e-09	-8.549466898753511	-0.3815565073774194	-0.006580336054399765
-999.0	390.0	-3.6113765324758685e-06	-2.9133095917390072e-09	-8.256059220858958	-0.38266776972229916	-0.008254153744666797
-999.0	365.0	-1.6629157425267358e-06	-2.2722169760815197e-09	-7.425293581116738	-0.3161911249959065	-0.00978230541046039
-999.0	340.0	8.55284644464024e-08	-1.5420895351960986e-09	-6.141885668216693	-0.36698544016550316	-0.010962891443276484
-999.0	315.0	7.787911115446444e-07	-7.102956899548488e-10	-4.551461802263338	-0.5266784732895003	-0.01177425266151088
-999.0	290.0	8.327922433935673e-07	-1.5093980802808934e-10	-3.0764757518523633	-0.5063152753614664	-0.012066252727571287
-999.0	265.0	1.5014230452912106e-06	6.078078989784667e-11	-1.8278474023654676	-0.14699230733369634	-0.011487916143152817
-999.0	240.0	4.540057852864772e-06	1.4651629441238564e-10	-0.5374843968699883	0.5657503477164693	-0.010012158553640654
-999.0	215.0	8.726969137098435e-06	1.938082598263281e-10	0.8944324581395384	1.4641370148885486	-0.008265890781381046
-999.0	190.0	1.034981789801662e-05	1.8864464667756606e-10	2.3249490777295954	2.137207039764879	-0.006767802324928208
-999.0	165.0	9.63774764733024e-06	8.682987634279283e-11	3.4712423469338343	2.3865767979904824	-0.0051136767475078995
-999.0	140.0	1.2917095861797384e-05	1.0177212503426044e-11	3.7650150979558052	2.2378000964720277	-0.002308658670107416
-999.0	115.0	1.3053562620251098e-05	2.576852927957593e-12	3.807019935122536	1.606905132177286	-3.411777047417783e-05
-999.0	90.0	1.2349237593337313e-05	1.0716026099636503e-12	5.185444792111725	0.622230058214396	-1.7082026947126397e-07
-999.0	65.0	3.675218725764938e-06	0.0	1.3309666126789212	-0.1284045170371636	0.0
-999.0	40.0	3.0586358021848996e-07	0.0	-9.29355635866526	-0.35438321672733525	0.0
-999.0	15.0	-1.2174368005682527e-06	0.0	-18.083309326853136	-0.2990940988418517	0.0
245.22222222222223	40	1004.4223923456103	day	levels	pres0
-999.0	990.0	-1.2496906972032461e-05	1.3597366287958637e-09	-2.898933352932105	-0.8240358532657857	0.0004291631286355251
-999.0	965.0	-2.1706351992302105e-05	-4.108017958536894e-10	-4.827614374577067	-1.6011087359298999	0.0011592960335557129
-999.0	940.0	-2.0554727007022986e-05	-5.925484475151464e-09	-5.7676509334927655	-2.1766108423471695	0.001764702517433643
-999.0	915.0	-1.9931069142440376e-05	-7.474114360761106e-09	-6.390469282392486	-2.656616219895965	0.002236278217859652
-999.0	890.0	-1.897708577620547e-05	-7.456826545853536e-09	-6.937979437056053	-3.017675070535602	0.0027146326798259805
-999.0	865.0	-1.7140721807805372e-05	-7.51171075798331e-09	-7.488271686765897	-3.2152329758992626	0.0033177473848202367
-999.0	840.0	-1.40566934750959e-05	-7.317925840731467e-09	-8.063616109272806	-3.207440520089808	0.004078356686277901
-999.0	815.0	-1.2741395382365312e-05	-4.395423904619986e-09	-8.63028228093709	-3.0227863954173584	0.004867594414647228
-999.0	790.0	-1.3924538592333568e-05	7.142346414754401e-10	-9.125009574587397	-2.7125620417415526	0.005506879629106739
-999.0	765.0	-1.542594117511632e-05	3.844227345033743e-09	-9.47268402765669	-2.29934011754539	0.005885284003799282
-999.0	740.0	-1.6092230706283885e-05	4.470464979820892e-09	-9.491010313942335	-1.8537527054312024	0.005918953700893066
-999.0	715.0	-1.5336791564861902e-05	3.89295705560056e-09	-9.173254822927822	-1.432911945093031	0.005541062048934537
-999.0	690.0	-1.3044885529297463e-05	3.6502892217794513e-09	-8.660951565182408	-1.0768711423087614	0.004786797878183697
-999.0	665.0	-8.904029425509714e-06	3.1146330646416777e-09	-7.957526411329003	-0.8037953701698224	0.003823259409860766
-999.0	640.0	-5.195985708962317e-06	1.5786976444271996e-09	-7.388481397477409	-0.5467443353836551	0.0028099567407113887
-999.0	615.0	-2.0830498590886703e-06	-1.282338295263249e-09	-7.057486723339745	-0.2928538062861045	0.001847535842530364
-999.0	590.0	-2.6848005082434115e-07	-3.1073410634765825e-09	-6.947426809204943	-0.016811315857224705	0.0009571771952440019
-999.0	565.0	-2.458507046875938e-07	-3.793002393052945e-09	-7.090680283213411	0.27501320200307827	5.5678633611854754e-05
-999.0	540.0	-1.3258805606478986e-06	-3.1649572321528145e-09	-7.359326387208601	0.48717967592299144	-0.0009032068802853696
-999.0	515.0	-3.3057497167958043e-06	-1.3914783863018468e-09	-7.718683093313187	0.5580377792496183	-0.0018954472530655407
-999.0	490.0	-5.008275235668231e-06	-7.94016756322603e-10	-8.031715907747785	0.41518069401621227	-0.00291761104687627
-999.0	465.0	-5.916584553825551e-06	-1.2681855248256921e-09	-8.259564915346722	0.059835550449208935	-0.004026983986984954
-999.0	440.0	-5.985020852965826e-06	-1.8639639423415978e-09	-8.456170554671969	-0.23441701466660297	-0.005316414966087804
-999.0	415.0	-5.414412673411106e-06	-2.953411675773732e-09	-8.553040839968217	-0.370137379401257	-0.006858955784417103
-999.0	390.0	-4.229130688644358e-06	-3.045280450904572e-09	-8.257992909068149	-0.38220142638163224	-0.00855828180611536
-999.0	365.0	-2.1845732646794558e-06	-2.359541749924182e-09	-7.426465854640042	-0.3255968696127408	-0.010111695806337594
-999.0	340.0	-3.53109233600583e-07	-1.6046456930323422e-09	-6.133543210488456	-0.38262995982927994	-0.011307789091292259
-999.0	315.0	3.544213708136697e-07	-7.580111419110743e-10	-4.524039155847955	-0.5437148948410802	-0.012120639265908915
-999.0	290.0	3.7012233606615786e-07	-1.796390186402052e-10	-3.0325594683665416	-0.5206185482619854	-0.012393948173954936
-999.0	265.0	9.74823215362635e-07	4.848818072652712e-11	-1.7747364539711967	-0.15367471544989011	-0.011766964176903327
-999.0	240.0	3.999783990106176e-06	1.4906276925902273e-10	-0.47942590258185325	0.575911827030639	-0.010209659222243227
-999.0	215.0	8.26405974374357e-06	2.0625340988214458e-10	0.9543944481346601	1.5040048178699446	-0.008367620510808114
-999.0	190.0	9.914996628887499e-06	1.932080220035346e-10	2.3846343158788907	2.2099957125527823	-0.006790362230171001
-999.0	165.0	9.031589931399152e-06	8.390534605088598e-11	3.5255467842022865	2.472911668793586	-0.005085325648315173
-999.0	140.0	1.2365797283275498e-05	9.508492505201118e-12	3.798900398706653	2.3079892142661347	-0.0022622286873836992
-999.0	115.0	1.2476203096307555e-05	2.510699954926502e-12	3.816533820437542	1.6482143697757783	-1.0394679569630797e-05
-999.0	90.0	1.1710595869821534e-05	9.514456445277536e-13	5.19253725002683	0.635085198547819	-1.1085376499543514e-07
-999.0	65.0	2.8992526732526395e-06	0.0	1.3442468083212364	-0.13571726684532545	0.0
-999.0	40.0	-1.7023804154910148e-07	0.0	-9.24768507090351	-0.3665773957849535	0.0
-999.0	15.0	-9.794285906086714e-07	0.0	-18.028279889197552	-0.31017452182751354	0.0
245.23611111111111	40	1004.298241024926	day	levels	pres0
-999.0	990.0	-1.35578708593823e-05	1.1550530033043485e-09	-2.9171313525192133	-0.8594913414073071	0.00039031952621186
-999.0	965.0	-2.3458457446771463e-05	-8.620753544719173e-10	-4.860780413188598	-1.6490659105576333	0.0010671489462791121
-999.0	940.0	-2.2148538582686802e-05	-6.5336815815599705e-09	-5.803551174345434	-2.2355339920946027	0.001637613449687918
-999.0	915.0	-2.135189381104295e-05	-7.985179175785337e-09	-6.422603557980222	-2.7284132554416853	0.002099001252742822
-999.0	890.0	-2.019052952301998e-05	-7.779571122811634e-09	-6.967829761050976	-3.1023111016976497	0.002587218078113512
-999.0	865.0	-1.806254800683273e-05	-7.817831686254813e-09	-7.519976926228339	-3.3096296910254606	0.0032123143507482737
-999.0	840.0	-1.4719327320828423e-05	-7.69525464452431e-09	-8.09817912086606	-3.3081145281828337	0.003999285602229148
-999.0	815.0	-1.3335043031842987e-05	-4.7375978589891545e-09	-8.66579250683858	-3.1275043698056035	0.004808253765463337
-999.0	790.0	-1.4543267446561096e-05	4.956347705034334e-10	-9.159896562969854	-2.8158995477806643	0.005450454674755124
-999.0	765.0	-1.6142794999130484e-05	3.869845041170748e-09	-9.507308066837348	-2.3947178515648826	0.005812132143755656
-999.0	740.0	-1.686751277052837e-05	4.680306741859004e-09	-9.525650853202434	-1.9361167032684587	0.00581136222542428
-999.0	715.0	-1.6053180367154508e-05	4.154437333895171e-09	-9.20740631270028	-1.5000309665346636	0.005383341072389445
-999.0	690.0	-1.362221868732481e-05	3.9857634866966105e-09	-8.690907198285284	-1.1293764780201072	0.00456721183492894
-999.0	665.0	-9.262359026010888e-06	3.495563223638444e-09	-7.978275384221758	-0.8427693704290639	0.003538767744159424
-999.0	640.0	-5.404435870577377e-06	1.9118601874714266e-09	-7.398308218471598	-0.5720132421406289	0.0024682857781006397
-999.0	615.0	-2.21802801179361e-06	-1.0929730756959155e-09	-7.055588697630282	-0.30416550573020046	0.0014684306102143152
-999.0	590.0	-3.859638086578906e-07	-3.025770012652614e-09	-6.937590529048282	-0.015314256151523212	0.000566679132948917
-999.0	565.0	-4.124600005808043e-07	-3.761800169876088e-09	-7.078816553903035	0.28743767099719314	-0.0003228047238599425
-999.0	540.0	-1.584608906491977e-06	-3.109325486854958e-09	-7.351290357491356	0.5081750849586826	-0.0012530953280456708
-999.0	515.0	-3.696707964503016e-06	-1.2646892956607682e-09	-7.7199380246419995	0.5845225098586867	-0.0022110889408643204
-999.0	490.0	-5.527567591150296e-06	-6.390243246778477e-10	-8.039555832507133	0.44401581065045403	-0.003203397697920637
-999.0	465.0	-6.525674504541141e-06	-1.1488095884487712e-09	-8.26871388961399	0.08711006516025253	-0.004294199744197067
-999.0	440.0	-6.637766022725652e-06	-1.8321673484968446e-09	-8.463459272469791	-0.21296765863721254	-0.0055809380691709135
-999.0	415.0	-6.0709589024945116e-06	-3.047253271343515e-09	-8.556614781182903	-0.3587182514251467	-0.00713750757662364
-999.0	390.0	-4.846884844810557e-06	-3.1772513100696658e-09	-8.25992659727731	-0.3817350830409871	-0.008862345851389047
-999.0	365.0	-2.706230786830253e-06	-2.4468665237666232e-09	-7.427638128163307	-0.33500261422956373	-0.010441030721841622
-999.0	340.0	-7.917469316459275e-07	-1.6672018508685057e-09	-6.125200752760202	-0.39827447949301353	-0.011652641569684779
-999.0	315.0	-6.994836991568024e-08	-8.057265938672881e-10	-4.4966165094326085	-0.5607513163925929	-0.01246699092078558
-999.0	290.0	-9.254757125955617e-08	-2.0833822925233936e-10	-2.9886431848808077	-0.5349218211624308	-0.012721621322550138
-999.0	265.0	4.4822338543580694e-07	3.6195571555188464e-11	-1.7216255055770622	-0.1603571235660314	-0.01204600409077721
-999.0	240.0	3.459510127349251e-06	1.5160924410563203e-10	-0.42136740829389274	0.5860733063447995	-0.010407159790487773
-999.0	215.0	7.80115035039025e-06	2.1869855993792356e-10	1.0143564381295762	1.5438726208512252	-0.00846934790247853
-999.0	190.0	9.480175359760101e-06	1.977713973294975e-10	2.44431955402795	2.282784385340457	-0.006812919128374704
-999.0	165.0	8.425432215470394e-06	8.098081575899313e-11	3.5798512214704927	2.559246539596404	-0.0050569821269654735
-999.0	140.0	1.1814498704755376e-05	8.839772506979273e-12	3.832785699457318	2.3781783320599907	-0.0022158150609229666
-999.0	115.0	1.189884357236562e-05	2.444546981895818e-12	3.8260477057524764	1.689523607374111	1.3322703078407199e-05
-999.0	90.0	1.10719541463075e-05	8.312886790924329e-13	5.199629707941942	0.6479403388811854	-5.087708043645164e-08
-999.0	65.0	2.1232866207426364e-06	0.0	1.3575270039635685	-0.14303001665347265	0.0
-999.0	40.0	-6.463396633153529e-07	0.0	-9.201813783141874	-0.37877157484254004	0.0
-999.0	15.0	-7.414203806500528e-07	0.0	-17.973250451542167	-0.32125494481314787	0.0
245.25	40	1004.1740897042412	day	levels	pres0
-999.0	990.0	-1.4618834746735438e-05	9.50369377812696e-10	-2.9353293521063675	-0.8949468295489041	0.0003514929193534463
-999.0	965.0	-2.5210562901246175e-05	-1.3133489130903775e-09	-4.89394645180021	-1.69702308518546	0.000975011273227667
-999.0	940.0	-2.3742350158355545e-05	-7.141878687968805e-09	-5.839451415198192	-2.2944571418421615	0.0015105210033220812
-999.0	915.0	-2.277271847964989e-05	-8.49624399080991e-09	-6.4547378335680285	-2.800210290987577	0.0019617171562388894
-999.0	890.0	-2.1403973269838073e-05	-8.10231569977034e-09	-6.997680085045952	-3.186947132859912	0.0024598019033899785
-999.0	865.0	-1.8984374205862724e-05	-8.12395261452785e-09	-7.551682165690832	-3.4040264061519085	0.00310688710165004
-999.0	840.0	-1.5381961166563018e-05	-8.072583448319208e-09	-8.132742132459368	-3.4087885362761363	0.0039202241471560225
-999.0	815.0	-1.3928690681322703e-05	-5.079771813359998e-09	-8.70130273274013	-3.2322223441941413	0.00474892380438018
-999.0	790.0	-1.5161996300790521e-05	2.7703489953031194e-10	-9.194783551352367	-2.919237053820065	0.005394043098031476
-999.0	765.0	-1.6859648823146786e-05	3.8954627373078405e-09	-9.541932106018066	-2.490095585584641	0.005739001092807158
-999.0	740.0	-1.7642794834775113e-05	4.890148503898035e-09	-9.560291392462595	-2.018480701105936	0.005703803416069273
-999.0	715.0	-1.6769569169449075e-05	4.415917612190938e-09	-9.241557802472796	-1.567149987976466	0.005225666551212144
-999.0	690.0	-1.4199551845353748e-05	4.3212377516153696e-09	-8.720862831388201	-1.181881813731577	0.004347687296394159
-999.0	665.0	-9.620688626513123e-06	3.876493382637226e-09	-7.9990243571145205	-0.8817433706883875	0.0032543516112172022
-999.0	640.0	-5.612886032193072e-06	2.245022730517482e-09	-7.40813503946577	-0.5972821488976479	0.0021267041959578104
-999.0	615.0	-2.353006164498982e-06	-9.036078561274799e-10	-7.053690671920779	-0.3154772051743098	0.0010894288412782137
-999.0	590.0	-5.034475664918624e-07	-2.9441989618279643e-09	-6.927754248891559	-0.013817196445805788	0.0001762943743686422
-999.0	565.0	-5.790692964746128e-07	-3.730597946698601e-09	-7.066952824592591	0.29986213999135164	-0.0007011703287374147
-999.0	540.0	-1.8433372523369538e-06	-3.053693741556288e-09	-7.3432543277740505	0.5291704939944405	-0.0016028697644187143
-999.0	515.0	-4.087666212211527e-06	-1.1379002050186206e-09	-7.721192955970766	0.611007240467838	-0.0025266268011280898
-999.0	490.0	-6.0468599466340895e-06	-4.840318930320565e-10	-8.047395757266454	0.4728509272847857	-0.003489093252040194
-999.0	465.0	-7.1347644552588475e-06	-1.0294336520711934e-09	-8.277862863881246	0.11438457987138202	-0.004561336693058381
-999.0	440.0	-7.290511192487819e-06	-1.800370754651903e-09	-8.470747990267618	-0.1915183026077492	-0.005845389946848758
-999.0	415.0	-6.727505131580292e-06	-3.1410948669136344e-09	-8.560188722397601	-0.347299123448985	-0.007415991430963133
-999.0	390.0	-5.464639000978972e-06	-3.3092221692352304e-09	-8.261860285486495	-0.38126873970031755	-0.0091663458803867
-999.0	365.0	-3.2278883089828835e-06	-2.5341912976092854e-09	-7.428810401686601	-0.3444083588463921	-0.010770310156827122
-999.0	340.0	-1.2303846296928231e-06	-1.7297580087047432e-09	-6.116858295031959	-0.41391899915678165	-0.011997448878302308
-999.0	315.0	-4.943181106465912e-07	-8.534420458234973e-10	-4.469193863017219	-0.5777877379441635	-0.01281330762601086
-999.0	290.0	-5.552174785869228e-07	-2.370374398644402e-10	-2.9447269013949806	-0.5492250940629415	-0.013049272173278649
-999.0	265.0	-7.837644449272518e-08	2.3902962383877022e-11	-1.6685145571827893	-0.16703953168221877	-0.012325035884750247
-999.0	240.0	2.9192362645907066e-06	1.541557189522705e-10	-0.3633089140057564	0.5962347856589726	-0.01060466025837391
-999.0	215.0	7.338240957035434e-06	2.3114370999373643e-10	1.0743184281247002	1.5837404238326214	-0.008571072956390088
-999.0	190.0	9.04535409063101e-06	2.0233477265546324e-10	2.5040047921772515	2.3555730581283574	-0.006835473019538618
-999.0	165.0	7.819274499539346e-06	7.805628546708569e-11	3.6341556587389543	2.645581410399505	-0.005028646183460316
-999.0	140.0	1.1263200126233558e-05	8.171052508754341e-12	3.866671000208174	2.4483674498541017	-0.0021694177907254156
-999.0	115.0	1.132148404842213e-05	2.3783940088647466e-12	3.835561591067485	1.730832844972611	3.703437746987797e-05
-999.0	90.0	1.0433312422791793e-05	7.111317136565365e-13	5.206722165857044	0.6607954792146173	9.109784206346119e-09
-999.0	65.0	1.3473205682304174e-06	0.0	1.3708071996058737	-0.1503427664616279	0.0
-999.0	40.0	-1.1224412850828633e-06	0.0	-9.155942495380131	-0.39096575390015337	0.0
-999.0	15.0	-5.034121706904402e-07	0.0	-17.91822101388659	-0.3323353677988053	0.0
245.26388888888889	40	1004.2131168426033	day	levels	pres0
-999.0	990.0	-1.4526938310803104e-05	1.0178747444828292e-09	-2.9208139372723205	-0.8970217270155983	0.00035825492729106643
-999.0	965.0	-2.5343126970519606e-05	-9.325579577898341e-10	-4.88996057756362	-1.7040157150625383	0.0009793281536480416
-999.0	940.0	-2.4011676442831407e-05	-6.5462615478915466e-09	-5.85562387912993	-2.308646302019838	0.0015035702798042979
-999.0	915.0	-2.307205809390379e-05	-7.877572709809011e-09	-6.48146046343305	-2.8189407646183455	0.0019471803960681975
-999.0	890.0	-2.1818954435159585e-05	-7.597246019225084e-09	-7.025268891501055	-3.2071410985220528	0.0024395439995670075
-999.0	865.0	-1.960662591092138e-05	-7.501120864738337e-09	-7.574696132114951	-3.4226225198261777	0.0030759943415234994
-999.0	840.0	-1.6083225523281736e-05	-7.434148933553269e-09	-8.148046807637273	-3.4225211607085733	0.0038678455385407185
-999.0	815.0	-1.4419726889032315e-05	-4.881289235284376e-09	-8.708067746389455	-3.237811846392527	0.004666042251419577
-999.0	790.0	-1.5352188167696165e-05	-6.001328411346582e-11	-9.194942606819973	-2.9156564866739774	0.005274862372739859
-999.0	765.0	-1.689532433753095e-05	3.274419269814667e-09	-9.53572194538416	-2.479096523826083	0.005576921938527168
-999.0	740.0	-1.7676755955945206e-05	4.163502344838228e-09	-9.54604393338397	-2.004209286755023	0.005495900993326348
-999.0	715.0	-1.685696297794943e-05	3.5765816312191816e-09	-9.219319248956312	-1.552973743705491	0.004979107082643841
-999.0	690.0	-1.4335140349783449e-05	3.4159920941094353e-09	-8.695026246328167	-1.168686715619863	0.004077359421595323
-999.0	665.0	-9.803708981085158e-06	2.949345312091731e-09	-7.976062846562183	-0.8705156577957557	0.0029780710263609253
-999.0	640.0	-5.89534849531268e-06	1.436964895351203e-09	-7.393795346456832	-0.5903190051515482	0.001860732064226149
-999.0	615.0	-2.816558468141102e-06	-1.4133897835457437e-09	-7.054145529156626	-0.3160449711694289	0.0008432232895076893
-999.0	590.0	-1.1286587451099434e-06	-3.2531374679863954e-09	-6.942094341156976	-0.025118434594719928	-4.596762655460942e-05
-999.0	565.0	-1.303475108688305e-06	-3.942481503233869e-09	-7.092121389177125	0.2748688585346654	-0.0008968279764740794
-999.0	540.0	-2.613949077779619e-06	-3.2434806137759224e-09	-7.375062810050138	0.49335663546880576	-0.0017688803184897862
-999.0	515.0	-4.860651533562067e-06	-1.3517378458570287e-09	-7.7543139041416485	0.5700962033773007	-0.002657159057359282
-999.0	490.0	-6.7841517574751546e-06	-6.718538848137489e-10	-8.077351861529902	0.4350582351168719	-0.003576814012054867
-999.0	465.0	-7.793656661220281e-06	-1.164513231369281e-09	-8.299981602600658	0.08808584038225709	-0.004599535111722446
-999.0	440.0	-7.912460708419812e-06	-1.885883121651329e-09	-8.48225233195321	-0.20731388990369465	-0.00582635661967343
-999.0	415.0	-7.343658867598349e-06	-3.154743101922576e-09	-8.559413740086184	-0.3558541377932568	-0.007329954704126595
-999.0	390.0	-6.049635140078146e-06	-3.279786584689948e-09	-8.250444210710985	-0.3815788087982137	-0.00900773573977072
-999.0	365.0	-3.7781782739849773e-06	-2.496561887461823e-09	-7.410467665346842	-0.33383757307652073	-0.010546329024517244
-999.0	340.0	-1.747927563167031e-06	-1.6999420450835487e-09	-6.097026160548599	-0.3904521484223359	-0.011726052128207083
-999.0	315.0	-9.62965163514528e-07	-8.547286741166923e-10	-4.454506889695201	-0.5423659616859019	-0.012515656655833984
-999.0	290.0	-9.838334553489788e-07	-2.567729472456515e-10	-2.9416878748507647	-0.5109284950626587	-0.012745326259187466
-999.0	265.0	-5.331739068376016e-07	6.105313908073134e-12	-1.682587231435479	-0.13715713033594942	-0.012028989323835592
-999.0	240.0	2.3392884474346155e-06	1.4639237256722207e-10	-0.3973152389424967	0.612841628137129	-0.010318331880050232
-999.0	215.0	6.639172316477137e-06	2.2763656756553526e-10	1.0185683123648501	1.5899752949675163	-0.008290551060725586
-999.0	190.0	8.362286287438038e-06	1.938543740228143e-10	2.4240079231204548	2.3570450334144484	-0.00658468530944746
-999.0	165.0	7.205048807595518e-06	7.219207629862243e-11	3.5285606994514205	2.6364129547561563	-0.004872696887623275
-999.0	140.0	1.0497077775549933e-05	7.625814217835605e-12	3.7558560182176572	2.4159189789067423	-0.0021500807728313002
-999.0	115.0	1.0455878024609305e-05	2.2767935555858247e-12	3.758077249847383	1.685375347023843	-1.5910814582286913e-05
-999.0	90.0	9.485246040577882e-06	6.842207410978442e-13	5.176677483414814	0.6345992190079254	5.8080632497968255e-09
-999.0	65.0	5.70523024928295e-07	0.0	1.3665082326957063	-0.14746817307812313	0.0
-999.0	40.0	-1.5993993047702442e-06	0.0	-9.15930820410215	-0.3779215458484745	0.0
-999.0	15.0	-2.6635183604485367e-07	0.0	-17.925046701279914	-0.322365660338643	0.0
245.27777777777777	40	1004.2521439809651	day	levels	pres0
-999.0	990.0	-1.4435041874870575e-05	1.0853801111524527e-09	-2.90629852243833	-0.8990966244822426	0.0003650148739221646
-999.0	965.0	-2.5475691039791883e-05	-5.51767002490944e-10	-4.8859747033270615	-1.7110083449395344	0.000983642751486181
-999.0	940.0	-2.428100272730589e-05	-5.950644407815799e-09	-5.871796343061652	-2.322835462197415	0.0014966224668057722
-999.0	915.0	-2.337139770815654e-05	-7.258901428809325e-09	-6.508183093298038	-2.837671238249008	0.001932649162211974
-999.0	890.0	-2.223393560047993e-05	-7.092176338680989e-09	-7.052857697956134	-3.2273350641840857	0.002419292789992863
-999.0	865.0	-2.0228877615978344e-05	-6.878289114951089e-09	-7.597710098539071	-3.4412186335003456	0.0030451101808260995
-999.0	840.0	-1.6784489879998695e-05	-6.795714418790074e-09	-8.163351482815209	-3.4362537851409236	0.0038154792908645235
-999.0	815.0	-1.491076309674091e-05	-4.6828066572100735e-09	-8.714832760038828	-3.243401348590848	0.004583177795287095
-999.0	790.0	-1.5542380034601598e-05	-3.970614677569204e-10	-9.195101662287637	-2.912075919527859	0.005155704911196768
-999.0	765.0	-1.69309998519154e-05	2.653375802322949e-09	-9.529511784750321	-2.468097462067535	0.005414874077479402
-999.0	740.0	-1.7710717077115715e-05	3.436856185780573e-09	-9.531796474305418	-1.9899378724041528	0.005288038111259239
-999.0	715.0	-1.6944356786450135e-05	2.7372456502503037e-09	-9.197080695439912	-1.5387974994345888	0.004732591404617655
-999.0	690.0	-1.4470728854213439e-05	2.5107464366070566e-09	-8.669189661268218	-1.1554916175082426	0.0038070718394956596
-999.0	665.0	-9.98672933565737e-06	2.0221972415503516e-09	-7.953101336009931	-0.8592879449032227	0.002701818845923939
-999.0	640.0	-6.1778109584321135e-06	6.289070601885654e-10	-7.3794556534479625	-0.5833558614055399	0.0015947751091056814
-999.0	615.0	-3.2801107717823827e-06	-1.9231717109618854e-09	-7.054600386392504	-0.316612737164616	0.0005970223247386892
-999.0	590.0	-1.753869923726581e-06	-3.5620759741436337e-09	-6.956434433422389	-0.03641967274366884	-0.00026822919187527157
-999.0	565.0	-2.027880920900136e-06	-4.154365059768244e-09	-7.117289953761622	0.24987557707798536	-0.0010924827967139642
-999.0	540.0	-3.3845609032202492e-06	-3.433267485994574e-09	-7.4068712923261755	0.4575427769432108	-0.0019348840145944233
-999.0	515.0	-5.633636854910603e-06	-1.5655754866940691e-09	-7.787434852312471	0.5291851662868219	-0.002787681110338759
-999.0	490.0	-7.521443568314308e-06	-8.596758765941282e-10	-8.107307965793296	0.39726554294901684	-0.0036645250935039247
-999.0	465.0	-8.452548867179957e-06	-1.2995928106664695e-09	-8.322100341320029	0.06178710089317393	-0.004637728563008298
-999.0	440.0	-8.534410224350083e-06	-1.971395488650172e-09	-8.493756673638778	-0.22310947719960855	-0.005807325772569827
-999.0	415.0	-7.959812603614668e-06	-3.168391336931295e-09	-8.558638757774755	-0.3644091521374971	-0.007243928319432286
-999.0	390.0	-6.63463127917568e-06	-3.250351000144622e-09	-8.23902813593547	-0.3818888778960896	-0.008849141406425025
-999.0	365.0	-4.32846823898553e-06	-2.458932477314302e-09	-7.392124929007093	-0.32326678730666136	-0.010322365349399548
-999.0	340.0	-2.265470496639752e-06	-1.6701260814622988e-09	-6.077194026065261	-0.3669852976879529	-0.011454675052929972
-999.0	315.0	-1.4316122163810823e-06	-8.560153024098235e-10	-4.4398199163732155	-0.5069441854277601	-0.01221803165538323
-999.0	290.0	-1.412449432109683e-06	-2.765084546268144e-10	-2.9386488483065665	-0.4726318960625193	-0.012441413570252984
-999.0	265.0	-9.879713691809814e-07	-1.1692334567709287e-11	-1.6966599056881515	-0.10727472898980311	-0.01173298244903964
-999.0	240.0	1.7593406302803012e-06	1.3862902618218036e-10	-0.4313215638791617	0.6294484706151984	-0.010032048848970897
-999.0	215.0	5.940103675920769e-06	2.2412942513734145e-10	0.9628181966051446	1.5962101661023622	-0.008010075446824982
-999.0	190.0	7.679218484246778e-06	1.853739753901897e-10	2.3440110540638677	2.358517008700542	-0.006333934008655696
-999.0	165.0	6.590823115653108e-06	6.632786713017186e-11	3.4229657401641624	2.6272444991128836	-0.004716764810527773
-999.0	140.0	9.730955424868366e-06	7.080575926917161e-12	3.645041036227437	2.3834705079595375	-0.0021307439733422493
-999.0	115.0	9.59027200079901e-06	2.175193102307078e-12	3.6805929086274896	1.6399178490752433	-6.886799868331763e-05
-999.0	90.0	8.537179658366813e-06	6.573097685390987e-13	5.1466328009726645	0.6084029588013189	2.5049888450390472e-09
-999.0	65.0	-2.0627451837161065e-07	0.0	1.3622092657855618	-0.14459357969463346	0.0
-999.0	40.0	-2.076357324456364e-06	0.0	-9.162673912824145	-0.3648773377968276	0.0
-999.0	15.0	-2.9291501400260038e-08	0.0	-17.931872388673202	-0.3123959528784943	0.0
245.29166666666666	40	1004.2911711193268	day	levels	pres0
-999.0	990.0	-1.434314543893821e-05	1.152885477822623e-09	-2.891783107604288	-0.9011715219489385	0.00037177275908752713
-999.0	965.0	-2.5608255109065226e-05	-1.7097604719032928e-10	-4.881988829090478	-1.7180009748166147	0.0009879550667511946
-999.0	940.0	-2.4550329011781663e-05	-5.355027267738487e-09	-5.887968806993402	-2.3370246223750955	0.0014896775642503383
-999.0	915.0	-2.3670737322410347e-05	-6.640230147808484e-09	-6.534905723163071	-2.856401711879779	0.0019181234545051621
-999.0	890.0	-2.2648916765801322e-05	-6.587106658135936e-09	-7.080446504411249	-3.2475290298462283	0.0023990482744740025
-999.0	865.0	-2.0851129321036838e-05	-6.255457365161936e-09	-7.6207240649632	-3.459814747174616	0.003014234619342226
-999.0	840.0	-1.748575423671726e-05	-6.157279904024625e-09	-8.178656157993121	-3.4499864095733597	0.0037631254038852004
-999.0	815.0	-1.540179930445042e-05	-4.484324079134951e-09	-8.721597773688158	-3.248990850789233	0.004500330435764894
-999.0	790.0	-1.5732571901507137e-05	-7.341096514011821e-10	-9.195260717755248	-2.9084953523817685	0.005036570713294152
-999.0	765.0	-1.6966675366299452e-05	2.032332334829342e-09	-9.523301624116419	-2.4570984003089777	0.005252857509651137
-999.0	740.0	-1.774467819828573e-05	2.7102100267204433e-09	-9.517549015226795	-1.9756664580532415	0.005080214769776353
-999.0	715.0	-1.7031750594950462e-05	1.897909669278386e-09	-9.17484214192343	-1.5246212551636171	0.004486119516735422
-999.0	690.0	-1.4606317358643178e-05	1.6055007791011258e-09	-8.643353076208182	-1.1422965193965338	0.0035368245495903524
-999.0	665.0	-1.0169749690229494e-05	1.0950491710050049e-09	-7.930139825457598	-0.8480602320105959	0.0024255950695497323
-999.0	640.0	-6.4602734215518266e-06	-1.791507749775501e-10	-7.36511596043903	-0.5763927176594449	0.0013288333304816975
-999.0	615.0	-3.743663075424597e-06	-2.432953638380061e-09	-7.055055243628358	-0.3171805031597397	0.00035082594707447194
-999.0	590.0	-2.3790811023447433e-06	-3.871014480302014e-09	-6.970774525687809	-0.047720910892587634	-0.0004904903214192454
-999.0	565.0	-2.752286733113889e-06	-4.366248616303481e-09	-7.1424585183461575	0.22488229562129436	-0.0012881347893772546
-999.0	540.0	-4.155172728662956e-06	-3.623054358214191e-09	-7.438679774602268	0.42172891841757165	-0.00210088085276503
-999.0	515.0	-6.4066221762611705e-06	-1.7794131275324611e-09	-7.820555800483354	0.4882741291962803	-0.0029181929601554022
-999.0	490.0	-8.258735379155388e-06	-1.0474978683758122e-09	-8.137264070056743	0.35947285078110014	-0.003752226496456336
-999.0	465.0	-9.1114410731414e-06	-1.434672389964554e-09	-8.344219080039437	0.03548836140404787	-0.004675917046942016
-999.0	440.0	-9.156359740282097e-06	-2.056907855649593e-09	-8.505261015324365	-0.23890506449555293	-0.005788297405526545
-999.0	415.0	-8.575966339632754e-06	-3.1820395719402248e-09	-8.557863775463334	-0.3729641664817654	-0.0071579122768258225
-999.0	390.0	-7.219627418274872e-06	-3.2209154155993226e-09	-8.227612061159952	-0.38219894699398055	-0.008690562880273494
-999.0	365.0	-4.878758203987626e-06	-2.421303067166819e-09	-7.373782192667323	-0.31269600153678406	-0.010098419131412906
-999.0	340.0	-2.7830134301139578e-06	-1.640310117841085e-09	-6.057361891581889	-0.34351844695350137	-0.011183317652423998
-999.0	315.0	-1.9002592692490273e-06	-8.573019307030052e-10	-4.425132943051188	-0.47152240916949395	-0.011920432624624784
-999.0	290.0	-1.8410654088717503e-06	-2.962439620080218e-10	-2.935609821762345	-0.43433529706223317	-0.012137534106452519
-999.0	265.0	-1.4427688315258648e-06	-2.94899830435133e-11	-1.7107325799408413	-0.07739232764353145	-0.011437015260347962
-999.0	240.0	1.1793928131241966e-06	1.308656797971327e-10	-0.46532788881590753	0.646055313093356	-0.009745811165142648
-999.0	215.0	5.241035035362444e-06	2.2062228270914144e-10	0.9070680808452857	1.6024450372372578	-0.007729646114711009
-999.0	190.0	6.996150681053767e-06	1.7689357675754117e-10	2.2640141850070616	2.3599889839866353	-0.006083219117168896
-999.0	165.0	5.9765974237092446e-06	6.046365796170868e-11	3.31737078087662	2.618076043469539	-0.004560849952171869
-999.0	140.0	8.964833074184714e-06	6.535337635998424e-12	3.5342260542369166	2.3510220370121826	-0.002111407392257942
-999.0	115.0	8.724665976986144e-06	2.0735926490281478e-12	3.6031085674073875	1.5944603511264763	-0.00012183717483328203
-999.0	90.0	7.589113276152858e-06	6.303987959803871e-13	5.116588118530435	0.582206698594628	-7.994390078422325e-10
-999.0	65.0	-9.830720616737911e-07	0.0	1.3579102988753946	-0.14171898631112403	0.0
-999.0	40.0	-2.553315344143801e-06	0.0	-9.166039621546165	-0.3518331297451435	0.0
-999.0	15.0	2.0776883324529917e-07	0.0	-17.93869807606653	-0.3024262454183273	0.0
245.30555555555554	40	1004.3301982576886	day	levels	pres0
-999.0	990.0	-1.4251249003005684e-05	1.220390844492247e-09	-2.8772676927702965	-0.9032464194155825	0.0003785285826276941
-999.0	965.0	-2.5740819178337496e-05	2.0981490810856134e-10	-4.878002954853918	-1.72499360469361	0.0009922650994515503
-999.0	940.0	-2.4819655296256152e-05	-4.759410127662739e-09	-5.904141270925124	-2.351213782552672	0.0014827355720608078
-999.0	915.0	-2.3970076936663094e-05	-6.0215588668087965e-09	-6.56162835302806	-2.8751321855104415	0.0019036032727812206
-999.0	890.0	-2.3063897931121665e-05	-6.08203697759184e-09	-7.1080353108663274	-3.267722995508262	0.0023788104528149603
-999.0	865.0	-2.14733810260938e-05	-5.632625615374688e-09	-7.64373803138732	-3.478410860848784	0.002983367656854094
-999.0	840.0	-1.8187018593434213e-05	-5.51884538926143e-09	-8.193960833171055	-3.4637190340057096	0.0037107838773583536
-999.0	815.0	-1.5892835512159014e-05	-4.28584150106065e-09	-8.728362787337533	-3.254580352987555	0.004417500172633207
-999.0	790.0	-1.5922763768412567e-05	-1.0711578350446361e-09	-9.195419773222916	-2.9049147852356496	0.004917459778922355
-999.0	765.0	-1.7002350880683904e-05	1.4112888673376232e-09	-9.51709146348258	-2.4460993385504284	0.005090872235028463
-999.0	740.0	-1.777863931945624e-05	1.983563867662788e-09	-9.503301556148244	-1.9613950437023722	0.0048724309687853875
-999.0	715.0	-1.711914440345117e-05	1.0585736883095066e-09	-9.152603588407027	-1.5104450108927157	0.004239691418598716
-999.0	690.0	-1.4741905863073168e-05	7.002551215987494e-10	-8.617516491148235	-1.1291014212849133	0.0032666175513747222
-999.0	665.0	-1.035277004480171e-05	1.6790110046362767e-10	-7.907178314905345	-0.836832519118063	0.0021493996968822114
-999.0	640.0	-6.742735884671259e-06	-9.87208610140188e-10	-7.35077626743016	-0.5694295739134366	0.0010629067282400784
-999.0	615.0	-4.207215379065877e-06	-2.9427355657962053e-09	-7.055510100864237	-0.31774826915492677	0.0001046341566189292
-999.0	590.0	-3.004292280961381e-06	-4.179952986459249e-09	-6.985114617953221	-0.059022149041536645	-0.0007127510150118467
-999.0	565.0	-3.4766925453257202e-06	-4.578132172837857e-09	-7.1676270829306565	0.19988901416461455	-0.0014837839543836516
-999.0	540.0	-4.9257845541035845e-06	-3.812841230432843e-09	-7.470488256878303	0.3859150598919766	-0.002266870833033657
-999.0	515.0	-7.179607497609709e-06	-1.993250768369502e-09	-7.853676748654175	0.4473630921058018	-0.003048694606897925
-999.0	490.0	-8.996027189994539e-06	-1.2353198601561912e-09	-8.167220174320137	0.32168015861324495	-0.003839918220981152
-999.0	465.0	-9.770333279101072e-06	-1.569751969261742e-09	-8.366337818758808	0.009189621914964656	-0.004714100563550072
-999.0	440.0	-9.77830925621237e-06	-2.142420222648435e-09	-8.516765357009936	-0.25470065179146706	-0.005769271518533013
-999.0	415.0	-9.192120075649071e-06	-3.195687806948943e-09	-8.557088793151904	-0.3815191808260058	-0.007071906576254211
-999.0	390.0	-7.804623557372404e-06	-3.191479831053996e-09	-8.21619598638444	-0.38250901609185645	-0.008532000161241999
-999.0	365.0	-5.4290481689881786e-06	-2.3836736570192977e-09	-7.355439456327573	-0.30212521576692475	-0.00987449037049886
-999.0	340.0	-3.3005563635866796e-06	-1.610494154219835e-09	-6.037529757098554	-0.3200515962191184	-0.010911979926645372
-999.0	315.0	-2.368906322115581e-06	-8.585885589961367e-10	-4.410445969729199	-0.4361006329113521	-0.011622859563528582
-999.0	290.0	-2.269681385632454e-06	-3.159794693891846e-10	-2.932570795218147	-0.3960386980620939	-0.011833687867767726
-999.0	265.0	-1.897566293869245e-06	-4.728763151929574e-11	-1.7248052541935142	-0.04750992629738525	-0.011141087757751052
-999.0	240.0	5.994449959698812e-07	1.2310233341209098e-10	-0.4993342137525725	0.6626621555714254	-0.00945961882857752
-999.0	215.0	4.541966394806076e-06	2.171151402809476e-10	0.8513179650855807	1.6086799083721037	-0.007449263064411542
-999.0	190.0	6.313082877862506e-06	1.6841317812491663e-10	2.1840173159504745	2.361460959272729	-0.005832540634996888
-999.0	165.0	5.362371731766834e-06	5.4599448793258106e-11	3.211775821589362	2.6089075878262658	-0.004404952312556207
-999.0	140.0	8.198710723503149e-06	5.990099345079985e-12	3.4234110722466973	2.3185735660649773	-0.0020920710295786993
-999.0	115.0	7.859059953175849e-06	1.971992195749402e-12	3.5256242261874937	1.5490028531778766	-0.0001748183430318703
-999.0	90.0	6.641046893941789e-06	6.034878234216412e-13	5.086543436088287	0.5560104383880216	-4.10522030884435e-09
-999.0	65.0	-1.7598696049736967e-06	0.0	1.3536113319652505	-0.13884439292763437	0.0
-999.0	40.0	-3.0302733638299213e-06	0.0	-9.169405330268159	-0.3387889216934965	0.0
-999.0	15.0	4.44829167889893e-07	0.0	-17.945523763459818	-0.29245653795817866	0.0
245.31944444444446	40	1004.3692253960508	day	levels	pres0
-999.0	990.0	-1.41593525670731e-05	1.2878962111621748e-09	-2.862752277936235	-0.9053213168822635	0.0003852823443834786
-999.0	965.0	-2.587338324761072e-05	5.906058634088456e-10	-4.8740170806173175	-1.7319862345706725	0.0009965728495963124
-999.0	940.0	-2.5088981580731895e-05	-4.16379298758528e-09	-5.920313734856866	-2.3654029427303382	0.0014757964901609129
-999.0	915.0	-2.426941655091711e-05	-5.402887585807195e-09	-6.588350982893095	-2.8938626591412073	0.0018890886168749248
-999.0	890.0	-2.3478879096443563e-05	-5.576967297045616e-09	-7.135624117321453	-3.2879169611704024	0.0023585793248219666
-999.0	865.0	-2.2095632731153036e-05	-5.009793865584208e-09	-7.666751997811466	-3.497006974523052	0.002952509293145814
-999.0	840.0	-1.888828295015352e-05	-4.880410874494664e-09	-8.209265508348984	-3.477451658438139	0.0036584547110414096
-999.0	815.0	-1.6383871719869004e-05	-4.08735892298444e-09	-8.73512780098688	-3.260169855185926	0.0043346870056738184
-999.0	790.0	-1.6112955635318407e-05	-1.408206018688107e-09	-9.19557882869054	-2.901334218089541	0.004798372107972917
-999.0	765.0	-1.7038026395068272e-05	7.902453998447058e-10	-9.510881302848684	-2.435100276791848	0.004928918253598198
-999.0	740.0	-1.7812600440626627e-05	1.256917708603255e-09	-9.489054097069618	-1.947123629351438	0.0046646867081942605
-999.0	715.0	-1.7206538211951858e-05	2.1923770733794119e-10	-9.13036503489053	-1.4962687666217258	0.003993307109808838
-999.0	690.0	-1.4877494367503196e-05	-2.0499053590708144e-10	-8.591679906088183	-1.1159063231731916	0.002996450844343402
-999.0	665.0	-1.0535790399374016e-05	-7.592469700818454e-10	-7.884216804352994	-0.8256048062254271	0.001873232727564327
-999.0	640.0	-7.025198347791117e-06	-1.7952664453065109e-09	-7.336436574421213	-0.5624664301673358	0.0007969953022656237
-999.0	615.0	-4.670767682708269e-06	-3.452517493214572e-09	-7.055964958100086	-0.31831603515004786	-0.00014155304652513047
-999.0	590.0	-3.6295034595797505e-06	-4.488891492617788e-09	-6.999454710218647	-0.07032338719045798	-0.000935011272479401
-999.0	565.0	-4.201098357539712e-06	-4.790015729373157e-09	-7.192795647515208	0.17489573270791287	-0.0016794302916537673
-999.0	540.0	-5.696396379546586e-06	-4.002628102652404e-09	-7.502296739154415	0.3501012013663191	-0.002432853955433127
-999.0	515.0	-7.952592818960638e-06	-2.207088409207693e-09	-7.886797696825084	0.40645205501523624	-0.0031791860506556104
-999.0	490.0	-9.733319000836005e-06	-1.4231418519376264e-09	-8.197176278583614	0.28388746644530394	-0.003927600267147715
-999.0	465.0	-1.0429225485062867e-05	-1.704831548559646e-09	-8.388456557478248	-0.017109117574179756	-0.004752279112858878
-999.0	440.0	-1.0400258772144692e-05	-2.2279325896477294e-09	-8.528269698695548	-0.2704962390874234	-0.0057502481115781
-999.0	415.0	-9.808273811667472e-06	-3.209336041957803e-09	-8.556313810840493	-0.3900741951702817	-0.0069859112176632755
-999.0	390.0	-8.389619696471959e-06	-3.1620442465086577e-09	-8.204779911608924	-0.3828190851897525	-0.008373453249254561
-999.0	365.0	-5.979338133990686e-06	-2.3460442468717824e-09	-7.337096719987805	-0.29155442999705156	-0.009650579066596367
-999.0	340.0	-3.81809929706128e-06	-1.5806781905986072e-09	-6.01769762261519	-0.296584745484671	-0.010640661875547174
-999.0	315.0	-2.837553374983851e-06	-8.598751872893343e-10	-4.3957589964071895	-0.40067885665309144	-0.011325312472060874
-999.0	290.0	-2.6982973623947818e-06	-3.3571497677041834e-10	-2.929531768673946	-0.3577420990618153	-0.01152987485417599
-999.0	265.0	-2.3523637562143844e-06	-6.508527999511928e-11	-1.7388779284462217	-0.017627524951124327	-0.010845199941234583
-999.0	240.0	1.9497178813450228e-08	1.1533898702703243e-10	-0.5333405386893276	0.6792689980495673	-0.009173471839282374
-999.0	215.0	3.842897754247344e-06	2.1360799785274096e-10	0.7955678493257194	1.6149147795069825	-0.007168926295949366
-999.0	190.0	5.630015074669058e-06	1.5993277949226182e-10	2.1040204468936627	2.362932934558814	-0.005581898562145205
-999.0	165.0	4.7481460398225445e-06	4.8735239624790134e-11	3.106180862301799	2.599739132182925	-0.004249071891678796
-999.0	140.0	7.432588372819103e-06	5.444861054160513e-12	3.312596090256138	2.2861250951176304	-0.002072734885304192
-999.0	115.0	6.993453929362666e-06	1.8703917424703727e-12	3.448139884967353	1.5035453552291174	-0.00022781150327917413
-999.0	90.0	5.692980511727534e-06	5.765768508629017e-13	5.056498753646037	0.529814178181339	-7.41235505790467e-09
-999.0	65.0	-2.5366671482760875e-06	0.0	1.3493123650550765	-0.13596979954412533	0.0
-999.0	40.0	-3.507231383517424e-06	0.0	-9.172771038990179	-0.32574471364181273	0.0
-999.0	15.0	6.818895025355412e-07	0.0	-17.952349450853145	-0.2824868304980148	0.0
245.33333333333334	40	1004.4082525344124	day	levels	pres0
-999.0	990.0	-1.4067456131140565e-05	1.3554015778317961e-09	-2.8482368631022426	-0.9073962143489099	0.00039203404419548774
-999.0	965.0	-2.600594731688298e-05	9.713968187077198e-10	-4.870031206380757	-1.7389788644476714	0.0010008783171940288
-999.0	940.0	-2.5358307865206344e-05	-3.5681758475095675e-09	-5.9364861987885895	-2.379592102907919	0.0014688603184735967
-999.0	915.0	-2.4568756165169836e-05	-4.784216304807524e-09	-6.615073612758083	-2.9125931327718724	0.0018745794866199266
-999.0	890.0	-2.3893860261763876e-05	-5.071897616501496e-09	-7.163212923776531	-3.3081109268324393	0.002338354890299828
-999.0	865.0	-2.2717884436209958e-05	-4.3869621157969355e-09	-7.689765964235584	-3.515603088197223	0.0029216595279999706
-999.0	840.0	-1.958954730687042e-05	-4.241976359731486e-09	-8.22457018352692	-3.491184282870491	0.003606137904690472
-999.0	815.0	-1.6874907927577523e-05	-3.888876344910172e-09	-8.741892814636254	-3.2657593573842485	0.004251890934667609
-999.0	790.0	-1.6303147502223773e-05	-1.7452542023315922e-09	-9.195737884158206	-2.8977536509434216	0.004679307700336971
-999.0	765.0	-1.707370190945267e-05	1.6920193235297102e-10	-9.504671142214844	-2.424101215033298	0.004766995565347347
-999.0	740.0	-1.784656156179711e-05	5.302715495456078e-10	-9.474806637991067	-1.932852215000566	0.004456981987911657
-999.0	715.0	-1.7293932020452557e-05	-6.200982736309049e-10	-9.108126481374129	-1.4820925223508208	0.0037469665899683997
-999.0	690.0	-1.5013082871933181e-05	-1.1102361934094198e-09	-8.565843321028233	-1.1027112250615676	0.0027263244279927662
-999.0	665.0	-1.0718810753946229e-05	-1.6863950406231856e-09	-7.861255293800741	-0.8143770933328895	0.001597094161241044
-999.0	640.0	-7.3076608109105455e-06	-2.603324280469126e-09	-7.322096881412343	-0.5555032864213225	0.0005310990524452758
-999.0	615.0	-5.134319986349535e-06	-3.9622994206307e-09	-7.056419815335964	-0.3188838011452295	-0.00038773566225274364
-999.0	590.0	-4.2547146381963635e-06	-4.7978299987750205e-09	-7.013794802484057	-0.08162462533940165	-0.001157271093646151
-999.0	565.0	-4.925504169751513e-06	-5.001899285907529e-09	-7.2179642120997025	0.14990245125123805	-0.001875073801106238
-999.0	540.0	-6.467008204987183e-06	-4.192414974871054e-09	-7.5341052214304485	0.31428734284072884	-0.0025988302199944505
-999.0	515.0	-8.725578140309146e-06	-2.4209260500447346e-09	-7.919918644995905	0.3655410179247614	-0.0033096672915161568
-999.0	490.0	-1.0470610811675132e-05	-1.610963843718005e-09	-8.227132382847007	0.2460947742774522	-0.004015272635024118
-999.0	465.0	-1.108811769102252e-05	-1.8399111278568306e-09	-8.410575296197619	-0.043407857063260426	-0.0047904526948940335
-999.0	440.0	-1.1022208288074954e-05	-2.3134449566465664e-09	-8.539774040381115	-0.28629182638333556	-0.005731227184650458
-999.0	415.0	-1.042442754768379e-05	-3.2229842769665165e-09	-8.555538828529064	-0.39862920951452124	-0.00689992620099937
-999.0	390.0	-8.9746158355695e-06	-3.1326086619633304e-09	-8.193363836833411	-0.3831291542876282	-0.008214922144236513
-999.0	365.0	-6.529628098991254e-06	-2.3084148367242642e-09	-7.3187539836480555	-0.2809836442271927	-0.00942668521964648
-999.0	340.0	-4.3356422305340176e-06	-1.550862226977361e-09	-5.997865488131852	-0.2731178947502891	-0.010369363499085143
-999.0	315.0	-3.3062004278504242e-06	-8.61161815582467e-10	-4.381072023085202	-0.3652570803949504	-0.011027791350191048
-999.0	290.0	-3.1269133391555066e-06	-3.554504841515809e-10	-2.926492742129748	-0.3194455000616769	-0.011226095065658326
-999.0	265.0	-2.8071612185577853e-06	-8.288292847090039e-11	-1.7529506026988937	0.012254876395021128	-0.010549351810788367
-999.0	240.0	-5.604506383408808e-07	1.0757564064199159e-10	-0.5673468636259912	0.6958758405276361	-0.00888737019726861
-999.0	215.0	3.14382911369097e-06	2.1010085542454728e-10	0.7398177335660171	1.6211496506418277	-0.0068886358093519255
-999.0	190.0	4.946947271477794e-06	1.5145238085963728e-10	2.0240235778370814	2.3644049098449065	-0.005331292898623498
-999.0	165.0	4.133920347880138e-06	4.28710304563398e-11	3.000585903014548	2.5905706765396523	-0.004093208689540248
-999.0	140.0	6.666466022137551e-06	4.899622763242123e-12	3.2017811082659247	2.253676624170428	-0.002053398959434722
-999.0	115.0	6.1278479055523845e-06	1.7687912891916257e-12	3.370655543747463	1.4580878572805218	-0.00028081665557485057
-999.0	90.0	4.744914129516485e-06	5.496658783041549e-13	5.026454071203887	0.5036179179747374	-1.0720843254972533e-08
-999.0	65.0	-3.3134646915759714e-06	0.0	1.3450133981449302	-0.13309520616063228	0.0
-999.0	40.0	-3.9841894032035205e-06	0.0	-9.176136747712173	-0.3127005055901647	0.0
-999.0	15.0	9.18949837180139e-07	0.0	-17.95917513824644	-0.27251712303786674	0.0
245.34722222222223	40	1004.4472796727744	day	levels	pres0
-999.0	990.0	-1.3975559695208205e-05	1.4229069445019692e-09	-2.833721448268202	-0.9094711118156037	0.0003987836819045741
-999.0	965.0	-2.6138511386156338e-05	1.3521877740083502e-09	-4.866045332144176	-1.7459714943247489	0.0010051815022537537
-999.0	940.0	-2.5627634149682148e-05	-2.9725587074322206e-09	-5.95265866272034	-2.393781263085595	0.0014619270569225732
-999.0	915.0	-2.4868095779423668e-05	-4.165545023806668e-09	-6.641796242623115	-2.931323606402641	0.0018600758818509585
-999.0	890.0	-2.4308841427085293e-05	-4.566827935956466e-09	-7.190801730231648	-3.328304892494579	0.0023181371490547326
-999.0	865.0	-2.334013614126849e-05	-3.764130366007808e-09	-7.712779930659715	-3.534199201871491	0.0028908183612006357
-999.0	840.0	-2.029081166358904e-05	-3.603541844966016e-09	-8.239874858704832	-3.5049169073029254	0.0035538334580629436
-999.0	815.0	-1.7365944135287106e-05	-3.690393766835014e-09	-8.748657828285584	-3.271348859582632	0.004169111959396346
-999.0	790.0	-1.6493339369129376e-05	-2.0823023859758245e-09	-9.195896939625817	-2.8941730837973316	0.004560266555906056
-999.0	765.0	-1.7109377423836777e-05	-4.518415351406187e-10	-9.498460981580942	-2.413102153274742	0.004605104170262707
-999.0	740.0	-1.788052268296715e-05	-1.9637460951453328e-10	-9.460559178912446	-1.9185808006496567	0.004249316807845482
-999.0	715.0	-1.73813258289529e-05	-1.4594342546028526e-09	-9.085887927857646	-1.4679162780798523	0.003500669858678664
-999.0	690.0	-1.5148671376362927e-05	-2.0154818509153907e-09	-8.5400067359682	-1.0895161269498626	0.002456238301817382
-999.0	665.0	-1.0901831108518356e-05	-2.613543111168568e-09	-7.838293783248408	-0.8031493804402672	0.001320983997555249
-999.0	640.0	-7.590123274030265e-06	-3.411382115635266e-09	-7.307757188403411	-0.5485401426752325	0.0002652179786637815
-999.0	615.0	-5.597872289991763e-06	-4.472081348048892e-09	-7.056874672571817	-0.3194515671403586	-0.0006339136904611376
-999.0	590.0	-4.87992581681455e-06	-5.106768504933408e-09	-7.028134894749481	-0.09292586348832574	-0.0013795304783384517
-999.0	565.0	-5.6499099819652936e-06	-5.21378284244277e-09	-7.243132776684242	0.12490916979454195	-0.0020707144826617053
-999.0	540.0	-7.237620030429922e-06	-4.382201847090672e-09	-7.565913703706544	0.27847348431508484	-0.002764799626750478
-999.0	515.0	-9.498563461659744e-06	-2.6347636908831268e-09	-7.95303959316679	0.32462998083421624	-0.0034401383295688645
-999.0	490.0	-1.120790262251624e-05	-1.7987858354996894e-09	-8.257088487110455	0.20830208210953208	-0.004102935324679702
-999.0	465.0	-1.1747009896983985e-05	-1.974990707154918e-09	-8.432694034917025	-0.06970659655238898	-0.004828621309681935
-999.0	440.0	-1.1644157804006977e-05	-2.3989573236459923e-09	-8.551278382066702	-0.30208741367928166	-0.005712208737738938
-999.0	415.0	-1.1040581283701877e-05	-3.236632511975451e-09	-8.554763846217641	-0.4071842238587904	-0.006813951526208289
-999.0	390.0	-9.559611974668684e-06	-3.1031730774180316e-09	-8.181947762057892	-0.38343922338551945	-0.008056406846111861
-999.0	365.0	-7.0799180639933365e-06	-2.2707854265767787e-09	-7.300411247308286	-0.27041285845731494	-0.009202808829588176
-999.0	340.0	-4.853185164008206e-06	-1.5210462633561436e-09	-5.97803335364848	-0.24965104401583674	-0.01009808479721239
-999.0	315.0	-3.7748474807183506e-06	-8.624484438756478e-10	-4.366385049763174	-0.3298353041366833	-0.01073029619788543
-999.0	290.0	-3.555529315917553e-06	-3.7518599153278863e-10	-2.923453715585526	-0.28114890106138973	-0.010922348502192243
-999.0	265.0	-3.2619586809026478e-06	-1.0068057694670572e-10	-1.7670232769515841	0.04213727774129367	-0.010253543366398235
-999.0	240.0	-1.1403984554969694e-06	9.981229425694306e-11	-0.6013531885627387	0.712482683005794	-0.008601313902543255
-999.0	215.0	2.4447604731326512e-06	2.0659371299634714e-10	0.684067617806155	1.6273845217767244	-0.0066083916046421765
-999.0	190.0	4.263879468284787e-06	1.4297198222698872e-10	1.9440267087802696	2.3658768851310015	-0.005080723644437442
-999.0	165.0	3.5196946559362714e-06	3.700682128787637e-11	2.8949909437269983	2.5814022208963077	-0.003937362706138663
-999.0	140.0	5.900343671453883e-06	4.354384472323334e-12	3.090966126275398	2.2212281532230707	-0.0020340632519700056
-999.0	115.0	5.262241881739502e-06	1.667190835912696e-12	3.293171202527358	1.4126303593317504	-0.00033383379991900637
-999.0	90.0	3.7968477473025105e-06	5.227549057454443e-13	4.99640938876166	0.47742165776804174	-1.4030684899984011e-08
-999.0	65.0	-4.090262234878174e-06	0.0	1.3407144312347645	-0.13022061277712618	0.0
-999.0	40.0	-4.461147422890981e-06	0.0	-9.179502456434195	-0.2996562975384817	0.0
-999.0	15.0	1.1560101718256945e-06	0.0	-17.96600082563976	-0.2625474155776991	0.0
245.36111111111111	40	1004.4863068111362	day	levels	pres0
-999.0	990.0	-1.3883663259275678e-05	1.4904123111715934e-09	-2.819206033434211	-0.9115460092822479	0.00040553125735136265
-999.0	965.0	-2.6271075455428614e-05	1.732978729307241e-09	-4.862059457907616	-1.7529641242017449	0.0010094824047839667
-999.0	940.0	-2.5896960434156637e-05	-2.3769415673564727e-09	-5.968831126652062	-2.4079704232631722	0.0014549967054306413
-999.0	915.0	-2.5167435393676412e-05	-3.5468737428069806e-09	-6.668518872488103	-2.9500540800333033	0.0018455778024014404
-999.0	890.0	-2.4723822592405637e-05	-4.061758255412369e-09	-7.218390536686727	-3.3484988581566117	0.002297926100891163
-999.0	865.0	-2.396238784632545e-05	-3.1412986162205584e-09	-7.735793897083834	-3.5527953155456586	0.002859985792529968
-999.0	840.0	-2.0992076020306e-05	-2.9651073302028216e-09	-8.255179533882766	-3.5186495317352753	0.0035015413709143786
-999.0	815.0	-1.78569803429957e-05	-3.4919111887607125e-09	-8.755422841934958	-3.276938361780954	0.00408635007964024
-999.0	790.0	-1.668353123603481e-05	-2.4193505696192787e-09	-9.19605599509348	-2.890592516651213	0.00444124867457051
-999.0	765.0	-1.7145052938221226e-05	-1.0728850026323378e-09	-9.492250820947103	-2.4021030915161927	0.004443244068330392
-999.0	740.0	-1.7914483804137667e-05	-9.230207685721871e-10	-9.446311719833892	-1.9043093862987877	0.00404169116790344
-999.0	715.0	-1.7468719637453604e-05	-2.298770235571733e-09	-9.063649374341246	-1.4537400338089501	0.0032544169155411897
-999.0	690.0	-1.5284259880792916e-05	-2.9207275084177644e-09	-8.514170150908253	-1.076321028838242	0.0021861924653125324
-999.0	665.0	-1.108485146309057e-05	-3.5406911817099473e-09	-7.815332272696155	-0.7919216675477342	0.0010449022361508316
-999.0	640.0	-7.872585737149698e-06	-4.219439950797904e-09	-7.29341749539454	-0.5415769989292243	-6.479191929579147e-07
-999.0	615.0	-6.061424593633044e-06	-4.981863275465031e-09	-7.0573295298076975	-0.3200193331355454	-0.0008800871310463565
-999.0	590.0	-5.505136995431187e-06	-5.415707011090645e-09	-7.042474987014892	-0.10422710163727474	-0.0016017894263815396
-999.0	565.0	-6.374315794177127e-06	-5.4256663989771445e-09	-7.268301341268741	0.09991588833786202	-0.0022663523362398174
-999.0	540.0	-8.008231855870552e-06	-4.571988719309326e-09	-7.59772218598258	0.24265962578948988	-0.0029307621757332348
-999.0	515.0	-1.027154878300828e-05	-2.8486013317201665e-09	-7.986160541337612	0.2837189437437373	-0.0035705991649024483
-999.0	490.0	-1.1945194433355397e-05	-1.986607827280069e-09	-8.287044591373846	0.17050938994167705	-0.004190588336183524
-999.0	465.0	-1.240590210294366e-05	-2.1100702864521067e-09	-8.454812773636396	-0.0960053360414723	-0.004866784957249071
-999.0	440.0	-1.2266107319937251e-05	-2.4844696906448347e-09	-8.562782723752273	-0.3178830009751957	-0.005693192770832987
-999.0	415.0	-1.1656735019718197e-05	-3.2502807469841697e-09	-8.553988863906211	-0.4157392382030306	-0.006727987193237061
-999.0	390.0	-1.0144608113766216e-05	-3.0737374928727056e-09	-8.170531687282379	-0.38374929248339545	-0.007897907354806492
-999.0	365.0	-7.630208028993889e-06	-2.2331560164292567e-09	-7.282068510968537	-0.2598420726874555	-0.008978949896362973
-999.0	340.0	-5.370728097480928e-06	-1.4912302997348937e-09	-5.958201219165143	-0.2261841932814537	-0.009826825769885096
-999.0	315.0	-4.243494533584905e-06	-8.637350721687789e-10	-4.351698076441187	-0.2944135278785415	-0.010432827015113862
-999.0	290.0	-3.9841452926782575e-06	-3.9492149891395154e-10	-2.920414689041328	-0.24285230206125044	-0.010618635163759278
-999.0	265.0	-3.7167561432460266e-06	-1.1847822542248815e-10	-1.7810959512042561	0.0720196790874399	-0.009957774608054533
-999.0	240.0	-1.7203462726512838e-06	9.204894787190136e-11	-0.6353595134994033	0.7290895254838637	-0.008315302955118176
-999.0	215.0	1.7456918325762834e-06	2.030865705681533e-10	0.6283175020464496	1.6336193929115699	-0.0063281936818478214
-999.0	190.0	3.580811665093525e-06	1.3449158359436415e-10	1.864029839723683	2.367348860417095	-0.004830190799596725
-999.0	165.0	2.905468963993861e-06	3.114261211942581e-11	2.7893959844397407	2.5722337652530354	-0.0037815339414745885
-999.0	140.0	5.134221320772318e-06	3.809146181404895e-12	2.980151144285177	2.188779682275866	-0.002014727762910315
-999.0	115.0	4.396635857929207e-06	1.56559038263395e-12	3.2156868613074643	1.3671728613831509	-0.00038686293631131605
-999.0	90.0	2.8487813650914404e-06	4.958439331866986e-13	4.966364706319511	0.4512253975614352	-1.7341879992937686e-08
-999.0	65.0	-4.867059778178078e-06	0.0	1.3364154643246204	-0.1273460193936366	0.0
-999.0	40.0	-4.938105442577102e-06	0.0	-9.182868165156187	-0.28661208948683475	0.0
-999.0	15.0	1.393070506470288e-06	0.0	-17.972826513033052	-0.2525777081175505	0.0
245.375	40	1004.5253339494978	day	levels	pres0
-999.0	990.0	-1.3791766823343344e-05	1.557917677841726e-09	-2.804690618600164	-0.913620906748942	0.0004122767703767625
-999.0	965.0	-2.6403639524702053e-05	2.113769684607784e-09	-4.858073583671025	-1.7599567540788228	0.0010137810247937717
-999.0	940.0	-2.6166286718632502e-05	-1.781324427279215e-09	-5.985003590583803	-2.422159583440849	0.0014480692639216013
-999.0	915.0	-2.5466775007930305e-05	-2.9282024618060824e-09	-6.695241502353125	-2.968784553664072	0.001831085248106231
-999.0	890.0	-2.5138803757727152e-05	-3.5566885748671176e-09	-7.245979343141829	-3.3686928238187526	0.0022777217456154773
-999.0	865.0	-2.458463955138411e-05	-2.5184668664310492e-09	-7.758807863507954	-3.571391429219928	0.0028291618217722615
-999.0	840.0	-2.169334037702472e-05	-2.326672815436883e-09	-8.27048420906067	-3.5323821561677122	0.0034492616430024563
-999.0	815.0	-1.834801655070531e-05	-3.2934286106850905e-09	-8.762187855584282	-3.28252786397934	0.0040036052951814
-999.0	790.0	-1.6873723102940457e-05	-2.7563987532630564e-09	-9.196215050561088	-2.8870119495051254	0.0043222540562222736
-999.0	765.0	-1.718072845260539e-05	-1.6939284701255124e-09	-9.486040660313199	-2.3911040297576367	0.0042814152595376615
-999.0	740.0	-1.7948444925307756e-05	-1.6496669276319965e-09	-9.432064260755267	-1.8900379719478746	0.0038341050679939355
-999.0	715.0	-1.7556113445953955e-05	-3.1381062165434895e-09	-9.04141082082476	-1.4395637895379747	0.00300820776015775
-999.0	690.0	-1.5419848385222614e-05	-3.825973165923701e-09	-8.488333565848215	-1.0631259307265284	0.0019161869179732927
-999.0	665.0	-1.1267871817662603e-05	-4.467839252255443e-09	-7.792370762143818	-0.7806939546551026	0.0007688488766711745
-999.0	640.0	-8.155048200269306e-06	-5.027497785964182e-09	-7.279077802385603	-0.5346138551831248	-0.00026649864123969334
-999.0	615.0	-6.524976897275166e-06	-5.491645202883297e-09	-7.057784387043545	-0.3205870991306646	-0.0011262559839051256
-999.0	590.0	-6.13034817404927e-06	-5.724645517249076e-09	-7.056815079280309	-0.11552833978618897	-0.0018240479376012819
-999.0	565.0	-7.098721606390819e-06	-5.6375499555124145e-09	-7.293469905853272	0.07492260688117573	-0.0024619873617607547
-999.0	540.0	-8.778843681313215e-06	-4.76177559152896e-09	-7.629530668258668	0.2068457672638553	-0.003096717866975148
-999.0	515.0	-1.1044534104358822e-05	-3.062438972558576e-09	-8.019281489508495	0.24280790665319996	-0.0037010497976058
-999.0	490.0	-1.2682486244196459e-05	-2.1744298190617616e-09	-8.317000695637295	0.13271669777376308	-0.004278231669604562
-999.0	465.0	-1.3064794308905092e-05	-2.245149865750194e-09	-8.476931512355804	-0.12230407553059713	-0.004904943637621521
-999.0	440.0	-1.2888056835869242e-05	-2.5699820576442615e-09	-8.574287065437861	-0.33367858827114116	-0.005674179283921199
-999.0	415.0	-1.2272888755736254e-05	-3.263928981993112e-09	-8.553213881594797	-0.4242942525473025	-0.006642033202031283
-999.0	390.0	-1.0729604252865392e-05	-3.0443019083274226e-09	-8.159115612506868	-0.38405936158129156	-0.007739423670244271
-999.0	365.0	-8.180497993995983e-06	-2.1955266062817948e-09	-7.263725774628777	-0.24927128691758432	-0.008755108419909747
-999.0	340.0	-5.888271030955137e-06	-1.4614143361136994e-09	-5.938369084681784	-0.20271734254700796	-0.009555586417056283
-999.0	315.0	-4.712141586452842e-06	-8.650217004619739e-10	-4.33701110311917	-0.25899175162028	-0.010135383801842564
-999.0	290.0	-4.4127612694403135e-06	-4.1465700629516284e-10	-2.917375662497112	-0.2045557030609676	-0.010314955050336768
-999.0	265.0	-4.171553605590903e-06	-1.3627587389829202e-10	-1.7951686254569466	0.10190208043370935	-0.009662045535742875
-999.0	240.0	-2.3002940898073756e-06	8.428560148685293e-11	-0.6693658384361437	0.7456963679620198	-0.008029337355000178
-999.0	215.0	1.0466231920179867e-06	1.9957942813995209e-10	0.5725673862865995	1.6398542640464648	-0.00604804204099165
-999.0	190.0	2.897743861900555e-06	1.2601118496171523e-10	1.7840329706668854	2.3688208357031857	-0.004579694364106964
-999.0	165.0	2.291243272050033e-06	2.5278402950962557e-11	2.683801025152207	2.5630653096096854	-0.0036257223955461202
-999.0	140.0	4.3680989700886945e-06	3.263907890486158e-12	2.869336162294661	2.156331211328507	-0.001995392492255351
-999.0	115.0	3.5310298341163804e-06	1.4639899293550276e-12	3.1382025200873622	1.321715363434383	-0.0004399040647518535
-999.0	90.0	1.90071498287753e-06	4.689329606280061e-13	4.936320023877281	0.42502913735474335	-2.0654428533748205e-08
-999.0	65.0	-5.643857321480201e-06	0.0	1.3321164974144533	-0.12447142601013189	0.0
-999.0	40.0	-5.415063462264482e-06	0.0	-9.186233873878209	-0.27356788143515587	0.0
-999.0	15.0	1.630130841115874e-06	0.0	-17.979652200426376	-0.24260800065738816	0.0
245.38888888888889	40	1004.7536751883375	day	levels	pres0
-999.0	990.0	-1.2103093977329342e-05	1.5356273156668583e-09	-2.790151198231961	-0.9157310189487325	0.00042803564123064123
-999.0	965.0	-2.5066763548199213e-05	2.2882218478821864e-09	-4.854005093612354	-1.7669615276039978	0.001033734291762472
-999.0	940.0	-2.5028046553155423e-05	-1.4051980171860775e-09	-6.000985100155791	-2.436290527028743	0.0014684072462145164
-999.0	915.0	-2.4401756742437694e-05	-2.472775419960526e-09	-6.72168332432945	-2.987367174691671	0.0018548302238483858
-999.0	890.0	-2.4258804140444022e-05	-3.1456523336720264e-09	-7.273250924216382	-3.3887333396881827	0.0023059298897329834
-999.0	865.0	-2.398497443908936e-05	-1.958370476885072e-09	-7.781556046198281	-3.589878025036055	0.0028586067493714317
-999.0	840.0	-2.121242333196928e-05	-1.7618211569352119e-09	-8.285595655441268	-3.546002529916349	0.0034733307504831766
-999.0	815.0	-1.76774375953718e-05	-3.1711913593833653e-09	-8.76878761109849	-3.2880182852821056	0.004019888402568268
-999.0	790.0	-1.592836837978952e-05	-3.16121180682915e-09	-9.19621869495934	-2.883406900224248	0.004333450873008205
-999.0	765.0	-1.6128938309222904e-05	-2.3588698441121794e-09	-9.479700750774777	-2.3801485197766428	0.00429174536794663
-999.0	740.0	-1.691296190040544e-05	-2.3909307063839963e-09	-9.417719822081276	-1.8758811915795786	0.003853068006679534
-999.0	715.0	-1.6568205215786484e-05	-3.9707553358202625e-09	-9.019102959405775	-1.4255723290972921	0.0030544268776480496
-999.0	690.0	-1.4491887063828168e-05	-4.702995439280009e-09	-8.46243800814186	-1.0501347470377707	0.002013397600850576
-999.0	665.0	-1.0394698825648852e-05	-5.364538436491259e-09	-7.769325123892854	-0.7696229052389456	0.0009397453608304657
-999.0	640.0	-7.378243152079864e-06	-5.838618556497489e-09	-7.264631229733635	-0.5277598954381987	-2.5886678996678503e-06
-999.0	615.0	-5.916571380106567e-06	-6.043377866319932e-09	-7.058113351700784	-0.32122206291742467	-0.0007554735588631188
-999.0	590.0	-5.666616069303551e-06	-6.082382537842004e-09	-7.071008158108544	-0.12686417405565767	-0.001337833260412634
-999.0	565.0	-6.727645109711971e-06	-5.88081640662015e-09	-7.31846904943861	0.049922221709811226	-0.0018554651217798932
-999.0	540.0	-8.482333026108383e-06	-4.9559820433747e-09	-7.6611613886697185	0.17101798218392658	-0.0023665781614729785
-999.0	515.0	-1.0804514777624723e-05	-3.2648343836806785e-09	-8.052240928014145	0.201842171568697	-0.002842641724753954
-999.0	490.0	-1.2472047044680272e-05	-2.353480591102276e-09	-8.346842930430482	0.09483400271050135	-0.003286940774479167
-999.0	465.0	-1.28328066784887e-05	-2.3882645443839838e-09	-8.4990165886425	-0.14871780899547155	-0.0037780916729644905
-999.0	440.0	-1.2650031300148152e-05	-2.682148658835459e-09	-8.585809423336917	-0.3496036011548403	-0.004409832788767215
-999.0	415.0	-1.2055114846852273e-05	-3.3027824473107068e-09	-8.55248195879044	-0.43298285898000055	-0.005238977859425965
-999.0	390.0	-1.0503575804458885e-05	-3.035705832082278e-09	-8.147752377722004	-0.3845011041987615	-0.006203921199568826
-999.0	365.0	-7.918791837638649e-06	-2.1769003129325374e-09	-7.245438541684831	-0.23882450405803582	-0.0071096243434249085
-999.0	340.0	-5.580520419837113e-06	-1.4394896700930292e-09	-5.91857000351661	-0.17935890881785524	-0.00783563968509521
-999.0	315.0	-4.359130429167693e-06	-8.692569508068115e-10	-4.322321636336181	-0.2236646193980886	-0.00838085923503097
-999.0	290.0	-4.049470375917459e-06	-4.3430268256386966e-10	-2.914318591829322	-0.16634726855483611	-0.008566814295448042
-999.0	265.0	-3.854620408609797e-06	-1.5344250054566547e-10	-1.8092235435569155	0.13170708455742186	-0.007961779020960015
-999.0	240.0	-2.1048204949110756e-06	7.763657831641719e-11	-0.7033605013220391	0.7622414271510234	-0.006416142680761372
-999.0	215.0	1.1092417966247072e-06	1.966930746542125e-10	0.5168275809476633	1.6460398629544508	-0.004566525484583348
-999.0	190.0	2.921963914591698e-06	1.1891830494970133e-10	1.7040540036700125	2.370241850851073	-0.0033139677003896895
-999.0	165.0	2.339755347560561e-06	2.073214889884517e-11	2.578219343745402	2.5538346814730457	-0.0027174799813318704
-999.0	140.0	4.309715294136263e-06	2.826762723311729e-12	2.758511098367701	2.123798595179571	-0.0015935442768083184
-999.0	115.0	3.4753871179059182e-06	1.359683077506189e-12	3.0607140968951985	1.2762418219020633	-0.0004097161882235755
-999.0	90.0	1.981273246066829e-06	3.906706663910828e-13	4.906275097339839	0.3988320419919243	-3.442158342125486e-08
-999.0	65.0	-5.184731286468522e-06	0.0	1.327817625647017	-0.1215965446262082	0.0
-999.0	40.0	-4.818318144793614e-06	0.0	-9.189599926509567	-0.26052355115847625	0.0
-999.0	15.0	1.7996421705413027e-06	0.0	-17.986477584119847	-0.2326382654349434	0.0
245.40277777777777	40	1004.9820164271764	day	levels	pres0
-999.0	990.0	-1.0414421131319349e-05	1.5133369534920306e-09	-2.775611777863814	-0.9178411311484727	0.0004437896336116659
-999.0	965.0	-2.3729887571698883e-05	2.462674011155973e-09	-4.849936603553715	-1.77396630112909	0.0010536773255921679
-999.0	940.0	-2.388980638768043e-05	-1.029071607093295e-09	-6.016966609727764	-2.4504214706165355	0.0014887361013313364
-999.0	915.0	-2.3336738476947383e-05	-2.0173483781150598e-09	-6.748125146305739	-3.0059497957191654	0.001878565752874898
-999.0	890.0	-2.337880452316313e-05	-2.7346160924770556e-09	-7.300522505290912	-3.408773855557506	0.002334128349815549
-999.0	865.0	-2.3385309326796166e-05	-1.3982740873403928e-09	-7.804304228888608	-3.608364620852081	0.002888043200533595
-999.0	840.0	-2.0731506286915212e-05	-1.1969694984353257e-09	-8.300707101821896	-3.5596229036648994	0.003497393983833925
-999.0	815.0	-1.7006858640040304e-05	-3.048954108082004e-09	-8.775387366612751	-3.2935087065848068	0.004036168008676511
-999.0	790.0	-1.4983013656641272e-05	-3.566024860394075e-09	-9.196222339357652	-2.879801850943341	0.004344645387067179
-999.0	765.0	-1.5077148165843391e-05	-3.023811218096861e-09	-9.47336084123642	-2.3691930097956573	0.004302073376297948
-999.0	740.0	-1.587747887550609e-05	-3.132194485133651e-09	-9.40337538340736	-1.861724411211326	0.0038720272360028758
-999.0	715.0	-1.5580296985621906e-05	-4.803404455094187e-09	-8.996795097986867	-1.4115808686566829	0.0031006377077385785
-999.0	690.0	-1.3563925742436537e-05	-5.580017712632929e-09	-8.43654245043559	-1.0371435633491055	0.002110593736456769
-999.0	665.0	-9.521525833637828e-06	-6.261237620723085e-09	-7.746279485641975	-0.7585518558228869	0.0011106241884662076
-999.0	640.0	-6.601438103892831e-06	-6.649739327027116e-09	-7.250184657081735	-0.5209059356933631	0.00026130619260564735
-999.0	615.0	-5.30816586293975e-06	-6.595110529754246e-09	-7.058442316358056	-0.32185702670425204	-0.00038469813690642993
-999.0	590.0	-5.202883964559053e-06	-6.440119558433498e-09	-7.085201236936778	-0.1382000083251607	-0.00085161978049932
-999.0	565.0	-6.356568613033931e-06	-6.12408285772679e-09	-7.343468193023915	0.024921836538453555	-0.0012489516771556964
-999.0	540.0	-8.185822370904092e-06	-5.150188495219327e-09	-7.692792109080711	0.135190197104038	-0.0016364686612999493
-999.0	515.0	-1.0564495450891069e-05	-3.4672297948013297e-09	-8.085200366519734	0.1608764364842531	-0.00198430080529263
-999.0	490.0	-1.2261607845164468e-05	-2.5325313631414202e-09	-8.376685165223611	0.05695130764729892	-0.002295758939078176
-999.0	465.0	-1.260081904807271e-05	-2.531379223016822e-09	-8.521101664929153	-0.17513154246030346	-0.0026513851837431093
-999.0	440.0	-1.241200576442742e-05	-2.7943152600259953e-09	-8.597331781235948	-0.36552861403850734	-0.0031456545841129593
-999.0	415.0	-1.1837340937968513e-05	-3.341635912628028e-09	-8.55175003598607	-0.44167146541266644	-0.0038360923714018773
-999.0	390.0	-1.0277547356052608e-05	-3.027109755837054e-09	-8.136389142937135	-0.3849428468162107	-0.004668572397364806
-999.0	365.0	-7.657085681281678e-06	-2.1582740195831874e-09	-7.227151308740897	-0.22837772119849883	-0.005464269147629985
-999.0	340.0	-5.272769808719663e-06	-1.4175650040723013e-09	-5.898770922351461	-0.1560004750887651	-0.006115817626600573
-999.0	315.0	-4.006119271883367e-06	-8.734922011515919e-10	-4.3076321695532185	-0.18833748717601662	-0.006626488260176028
-999.0	290.0	-3.686179482395467e-06	-4.5394835883253037e-10	-2.9112615211615505	-0.1281388340488477	-0.00681886562515783
-999.0	265.0	-3.537687211629383e-06	-1.7060912719301266e-10	-1.823278461656868	0.16151208868101144	-0.006261741748641607
-999.0	240.0	-1.9093469000152173e-06	7.098755514599175e-11	-0.737355164207859	0.7787864863399407	-0.004803204697598085
-999.0	215.0	1.171860401231152e-06	1.938067211684805e-10	0.46108777560887243	1.6522254618623884	-0.003085254434440881
-999.0	190.0	2.946183967282479e-06	1.1182542493770939e-10	1.62407503667335	2.3716628659989634	-0.002048425243666566
-999.0	165.0	2.3882674230705504e-06	1.6185894846739068e-11	2.472637662338873	2.5446040533364815	-0.0018093380577552695
-999.0	140.0	4.251331618183812e-06	2.3896175561377257e-12	2.6476860344410382	2.0912659790307893	-0.001191700760253978
-999.0	115.0	3.419744401695484e-06	1.2553762256575976e-12	2.983225673703242	1.2307682803699114	-0.0003795214728202557
-999.0	90.0	2.061831509255838e-06	3.1240837215433355e-13	4.8762301708024784	0.3726349466291903	-4.819436529840393e-08
-999.0	65.0	-4.7256052514583005e-06	0.0	1.3235187538796038	-0.11872166324229935	0.0
-999.0	40.0	-4.221572827324668e-06	0.0	-9.1929659791409	-0.24747922088182858	0.0
-999.0	15.0	1.969153499965701e-06	0.0	-17.99330296781328	-0.22266853021251223	0.0
245.41666666666666	40	1005.2103576660161	day	levels	pres0
-999.0	990.0	-8.725748285305147e-06	1.491046591317198e-09	-2.7610723574956144	-0.9199512433482641	0.0004595387472039288
-999.0	965.0	-2.239301159519578e-05	2.6371261744304386e-09	-4.845868113495051	-1.780971074654267	0.0010736101263861444
-999.0	940.0	-2.2751566222203086e-05	-6.529451970001286e-10	-6.032948119299763	-2.464552414204432	0.001509055829536486
-999.0	915.0	-2.2271720211454518e-05	-1.5619213362696062e-09	-6.774566968282077	-3.024532416746768	0.001902291835485652
-999.0	890.0	-2.2498804905879734e-05	-2.323579851282218e-09	-7.327794086365478	-3.4288143714269377	0.0023623171261595577
-999.0	865.0	-2.2785644214501087e-05	-8.381776977948169e-10	-7.827052411578947	-3.626851216668209	0.0029174711754856456
-999.0	840.0	-2.025058924185947e-05	-6.32117839934173e-10	-8.315818548202499	-3.573243277413536	0.0035214513431808857
-999.0	815.0	-1.6336279684706558e-05	-2.9267168567807968e-09	-8.781987122126969	-3.29899912788757	0.004052444113558963
-999.0	790.0	-1.4037658933490093e-05	-3.970837913960671e-09	-9.196225983755907	-2.876196801662461	0.004355837598415902
-999.0	765.0	-1.4025358022460655e-05	-3.6887525920839875e-09	-9.467020931698004	-2.3582374998146634	0.004312399284597426
-999.0	740.0	-1.484199585060356e-05	-3.873458263885997e-09	-9.38903094473337	-1.847567630843031	0.0038909827559785878
-999.0	715.0	-1.459238875545428e-05	-5.63605357437115e-09	-8.974487236567883	-1.3975894082160039	0.0031468402505102277
-999.0	690.0	-1.2635964421042011e-05	-6.457039985989263e-09	-8.410646892729238	-1.0241523796603529	0.0022077753249792396
-999.0	665.0	-8.648352841624048e-06	-7.1579368049587526e-09	-7.7232338473910165	-0.7474808064067352	0.0012814853598032859
-999.0	640.0	-5.824633055703386e-06	-7.460860097560234e-09	-7.235738084429769	-0.5140519759484419	0.000525185940388716
-999.0	615.0	-4.699760345771139e-06	-7.146843193190772e-09	-7.0587712810152965	-0.32249199049101673	-1.3929718202390648e-05
-999.0	590.0	-4.7391518598133145e-06	-6.797856579026357e-09	-7.099394315765018	-0.14953584259463407	-0.0003654074982604032
-999.0	565.0	-5.985492116355049e-06	-6.367349308834478e-09	-7.368467336609258	-7.854863291562043e-05	-0.0006424470281484436
-999.0	540.0	-7.88931171569921e-06	-5.344394947065035e-09	-7.724422829491765	0.09936241202410476	-0.0009063893663138981
-999.0	515.0	-1.0324476124156916e-05	-3.6696252059234093e-09	-8.118159805025387	0.1199107013997461	-0.0011260270386320385
-999.0	490.0	-1.2051168645648218e-05	-2.711582135181922e-09	-8.406527400016795	0.019068612584034226	-0.0013046861626201762
-999.0	465.0	-1.2368831417656246e-05	-2.674493901650608e-09	-8.543186741215848	-0.20154527592517893	-0.0015248241691864137
-999.0	440.0	-1.2173980228706264e-05	-2.906481861217188e-09	-8.608854139135	-0.3814536269222054	-0.001881644669203662
-999.0	415.0	-1.1619567029084466e-05	-3.3804893779456154e-09	-8.551018113181707	-0.4503600718453608	-0.002433376737076935
-999.0	390.0	-1.0051518907646032e-05	-3.0185136795918972e-09	-8.125025908152264	-0.3853845894336754	-0.0031333772628949616
-999.0	365.0	-7.395379524924263e-06	-2.139647726233915e-09	-7.208864075796942	-0.21793093833894442	-0.0038190428320684193
-999.0	340.0	-4.965019197601564e-06	-1.3956403380516166e-09	-5.878971841186275	-0.1326420413596067	-0.00439612024126538
-999.0	315.0	-3.6531081145981605e-06	-8.777274514964202e-10	-4.292942702770218	-0.15301035495382076	-0.004872270877068264
-999.0	290.0	-3.322888588872572e-06	-4.735940351012346e-10	-2.9082044504937543	-0.08993039954271291	-0.00507110903933006
-999.0	265.0	-3.2207540146482453e-06	-1.8777575384038655e-10	-1.837333379756837	0.19131709280472636	-0.004561933718699612
-999.0	240.0	-1.7138733051188976e-06	6.433853197555689e-11	-0.7713498270937601	0.7953315455289458	-0.0031905234055438214
-999.0	215.0	1.2344790058378788e-06	1.9092036768274194e-10	0.4053479702699275	1.6584110607703753	-0.001604228890680627
-999.0	190.0	2.9704040199736206e-06	1.0473254492569588e-10	1.5440960696764678	2.373083881146853	-0.0007830669939656227
-999.0	165.0	2.436779498581083e-06	1.1639640794621764e-11	2.36705598093206	2.5353734251998454	-0.0009012966248065961
-999.0	140.0	4.19294794223139e-06	1.9524723889632876e-12	2.5368609705140757	2.0587333628818563	-0.0007898619425897427
-999.0	115.0	3.364101685485021e-06	1.1510693738087504e-12	2.9057372505110797	1.1852947388375923	-0.0003493199185416663
-999.0	90.0	2.142389772445143e-06	2.3414607791738733e-13	4.846185244265038	0.3464378512663723	-6.197277416498792e-08
-999.0	65.0	-4.2664792164466105e-06	0.0	1.3192198821121688	-0.11584678185837095	0.0
-999.0	40.0	-3.6248275098537797e-06	0.0	-9.196332031772261	-0.23443489060514394	0.0
-999.0	15.0	2.1386648293911227e-06	0.0	-18.000128351506746	-0.21269879499006283	0.0
245.43055555555554	40	1005.4386989048552	day	levels	pres0
-999.0	990.0	-7.0370754392951566e-06	1.4687562291423706e-09	-2.746532937127466	-0.9220613555480043	0.00047528298169144785
-999.0	965.0	-2.1056135618695446e-05	2.8115783377042255e-09	-4.841799623436411	-1.7879758481793588	0.0010935326942476725
-999.0	940.0	-2.1613326056728087e-05	-2.768187869073453e-10	-6.048929628871734	-2.478683357792225	0.001529366431094475
-999.0	915.0	-2.120670194596421e-05	-1.1064942944241416e-09	-6.801008790258367	-3.0431150377742626	0.0019260084719806697
-999.0	890.0	-2.1618805288598837e-05	-1.9125436100872475e-09	-7.35506566744001	-3.4488548872962603	0.002390496219061591
-999.0	865.0	-2.21859791022079e-05	-2.7808130825013874e-10	-7.849800594269275	-3.6453378124842355	0.0029468906744548546
-999.0	840.0	-1.9769672196805403e-05	-6.726618143428762e-11	-8.330929994583126	-3.586863651162086	0.003545502828650968
-999.0	815.0	-1.5665700729375058e-05	-2.804479605479436e-09	-8.788586877641228	-3.3044895491902726	0.004068716717269571
-999.0	790.0	-1.3092304210341845e-05	-4.375650967525593e-09	-9.196229628154216	-2.8725917523815547	0.004367027507072552
-999.0	765.0	-1.2973567879081147e-05	-4.353693966068667e-09	-9.46068102215965	-2.347281989833678	0.004322723092852602
-999.0	740.0	-1.380651282570421e-05	-4.614722042635651e-09	-9.374686506059453	-1.8334108504747784	0.003909934566623081
-999.0	715.0	-1.3604480525289698e-05	-6.468702693645077e-09	-8.952179375148978	-1.3835979477753944	0.003193034506045558
-999.0	690.0	-1.170800309965038e-05	-7.33406225934218e-09	-8.384751335022969	-1.0111611959716877	0.0023049423666066608
-999.0	665.0	-7.775179849613022e-06	-8.054635989190577e-09	-7.700188209140138	-0.7364097569906768	0.0014523288750672954
-999.0	640.0	-5.047828007516352e-06	-8.271980868089862e-09	-7.221291511777869	-0.5071980162036065	0.0007890505755618947
-999.0	615.0	-4.091354828604322e-06	-7.698575856625088e-09	-7.059100245672568	-0.32312695427784427	0.0003568316970805416
-999.0	590.0	-4.275419755068814e-06	-7.155593599617851e-09	-7.113587394593251	-0.16087167686413698	0.00012080358590274786
-999.0	565.0	-5.6144156196770055e-06	-6.610615759941118e-09	-7.393466480194563	-0.025078933804273416	-3.595117502196868e-05
-999.0	540.0	-7.592801060494918e-06	-5.538601398909662e-09	-7.756053549902759	0.06353462694421606	-0.00017634027637754662
-999.0	515.0	-1.008445679742326e-05	-3.87202061704406e-09	-8.151119243530975	0.07894496631530212	-0.0002678204241886941
-999.0	490.0	-1.1840729446132412e-05	-2.8906329072210664e-09	-8.436369634809925	-0.018814082479168156	-0.0003137224443315577
-999.0	465.0	-1.2136843787240258e-05	-2.8176085802834455e-09	-8.565271817502502	-0.2279590093900108	-0.00039840862853283477
-999.0	440.0	-1.1935954692985533e-05	-3.018648462407725e-09	-8.620376497034028	-0.39737863980587246	-0.0006178030432955933
-999.0	415.0	-1.1401793120200701e-05	-3.419342843262936e-09	-8.550286190377337	-0.45904867827802665	-0.0010308309555817734
-999.0	390.0	-9.825490459239755e-06	-3.009917603346673e-09	-8.113662673367397	-0.38582633205112465	-0.001598335795436418
-999.0	365.0	-7.133673368567292e-06	-2.1210214328845646e-09	-7.190576842853009	-0.2074841554794073	-0.0021739453962994907
-999.0	340.0	-4.6572685864841145e-06	-1.3737156720308891e-09	-5.859172760021124	-0.10928360763051653	-0.0026765475287996495
-999.0	315.0	-3.300096957313834e-06	-8.819627018412008e-10	-4.278253235987258	-0.11768322273174885	-0.0031182070855162044
-999.0	290.0	-2.9595976953505804e-06	-4.932397113698954e-10	-2.905147379825983	-0.05172196503672455	-0.003323544537847469
-999.0	265.0	-2.9038208176678318e-06	-2.0494238048773376e-10	-1.8513882978567884	0.22112209692831591	-0.0028623549310652346
-999.0	240.0	-1.5183997102230388e-06	5.7689508805131445e-11	-0.8053444899795796	0.8118766047178629	-0.0015780988046510955
-999.0	215.0	1.2970976104443239e-06	1.8803401419700994e-10	0.3496081649311366	1.6645966596783124	-0.00012344885343672972
-999.0	190.0	2.9946240726644005e-06	9.763966491370392e-11	1.4641171026798048	2.374504896294743	0.00048210704867001025
-999.0	165.0	2.4852915740910737e-06	7.0933867425156586e-12	2.2614742995255317	2.5261427970632813	6.644317513102279e-06
-999.0	140.0	4.134564266278939e-06	1.5153272217892845e-12	2.426035906587413	2.0262007467330743	-0.00038802782381794983
-999.0	115.0	3.308458969274587e-06	1.0467625219601592e-12	2.8282488273191246	1.1398211973054408	-0.0003191115253881852
-999.0	90.0	2.222948035634152e-06	1.5588378368063774e-13	4.816140317727678	0.32024075590363826	-7.575681002077848e-08
-999.0	65.0	-3.8073531814363885e-06	0.0	1.3149210103447553	-0.11297190047446222	0.0
-999.0	40.0	-3.028082192384834e-06	0.0	-9.199698084403595	-0.2213905603284961	0.0
-999.0	15.0	2.308176158815521e-06	0.0	-18.00695373520018	-0.20272905976763161	0.0
245.44444444444446	40	1005.6670401436946	day	levels	pres0
-999.0	990.0	-5.348402593280323e-06	1.446465866967406e-09	-2.731993516759247	-0.9241714677477811	0.0004910223367584034
-999.0	965.0	-1.9719259642191806e-05	2.986030500978504e-09	-4.837731133377729	-1.7949806217045183	0.0011134450292800816
-999.0	940.0	-2.0475085891250316e-05	9.930762318621867e-11	-6.064911138443726	-2.4928143013801067	0.0015496679062698287
-999.0	915.0	-2.014168368047119e-05	-6.510672525775359e-10	-6.8274506122347045	-3.0616976588018576	0.001949715662659967
-999.0	890.0	-2.0738805671315636e-05	-1.5015073688907553e-09	-7.382337248514585	-3.4688954031656904	0.002418665628818175
-999.0	865.0	-2.1586313989913317e-05	2.8201508129726557e-10	-7.8725487769596265	-3.6638244083003615	0.0029763016976682485
-999.0	840.0	-1.9288755151750158e-05	4.975854770686418e-10	-8.346041440963749	-3.600484024910717	0.0035695484403704594
-999.0	815.0	-1.4995121774041496e-05	-2.682242354176728e-09	-8.79518663315546	-3.3099799704930226	0.004084985819861259
-999.0	790.0	-1.214694948719067e-05	-4.780464021091031e-09	-9.196233272552487	-2.868986703100656	0.004378215113053923
-999.0	765.0	-1.1921777735698425e-05	-5.018635340054844e-09	-9.454341112621236	-2.3363264798526604	0.004333044801069382
-999.0	740.0	-1.2771029800801717e-05	-5.355985821387259e-09	-9.360342067385462	-1.819254070106461	0.003928882667951073
-999.0	715.0	-1.2616572295122082e-05	-7.301351812921598e-09	-8.92987151372998	-1.3696064873346983	0.0032392204744255736
-999.0	690.0	-1.0780041778255794e-05	-8.21108453269834e-09	-8.358855777316597	-0.9981700122829221	0.0024020948615265615
-999.0	665.0	-6.902006857599082e-06	-8.951335173426334e-09	-7.677142570889161	-0.7253387075745155	0.0016231547344833356
-999.0	640.0	-4.271022959326701e-06	-9.083101638623199e-09	-7.20684493912589	-0.5003440564586792	0.0010529000982379068
-999.0	615.0	-3.482949311435533e-06	-8.250308520061812e-09	-7.059429210329806	-0.32376191806460614	0.0007275861087753219
-999.0	590.0	-3.8116876503229006e-06	-7.513330620210872e-09	-7.127780473421495	-0.17220751113361285	0.0006070134715913728
-999.0	565.0	-5.24333912299794e-06	-6.853882211048866e-09	-7.418465623779919	-0.05007931897565311	0.0005705358819638112
-999.0	540.0	-7.296290405289884e-06	-5.732807850755291e-09	-7.787684270313833	0.02770684186426465	0.0005536786086516952
-999.0	515.0	-9.844437470689029e-06	-4.074416028165893e-09	-8.184078682036654	0.03797923123077126	0.0005903190386276804
-999.0	490.0	-1.1630290246616142e-05	-3.069683679261277e-09	-8.466211869603137	-0.05669677754245706	0.000677132216569618
-999.0	465.0	-1.1904856156823772e-05	-2.960723258917035e-09	-8.587356893789224	-0.2543727428549045	0.0007278614389891576
-999.0	440.0	-1.1697929157264334e-05	-3.1308150635987986e-09	-8.631898854933105	-0.4133036526895828	0.000645870294366628
-999.0	415.0	-1.1184019211316601e-05	-3.4581963085804665e-09	-8.549554267572985	-0.46773728471072906	0.00037154497396637486
-999.0	390.0	-9.599462010833132e-06	-3.001321527101486e-09	-8.102299438582525	-0.3862680746685944	-6.344799425119142e-05
-999.0	365.0	-6.871967212209849e-06	-2.102395139535264e-09	-7.172289609909054	-0.1970373726198571	-0.0005289768398658762
-999.0	340.0	-4.349517975365976e-06	-1.3517910060101873e-09	-5.8393736788559485	-0.0859251739013624	-0.0009570994888956244
-999.0	315.0	-2.947085800028549e-06	-8.861979521860401e-10	-4.263563769204274	-0.08235609050955835	-0.0013642968853096328
-999.0	290.0	-2.5963068018275444e-06	-5.12885387638621e-10	-2.9020903091582078	-0.013513530530597204	-0.0015761721205733365
-999.0	265.0	-2.5868876206865216e-06	-2.2210900713512267e-10	-1.865443215956776	0.25092710105201993	-0.0011630053856498596
-999.0	240.0	-1.3229261153265941e-06	5.10404856346897e-11	-0.8393391528654894	0.828421663906852	3.406910504712111e-05
-999.0	215.0	1.3597162150510989e-06	1.8514766071126686e-10	0.29386835959218977	1.670782258586282	0.0013570856771749381
-999.0	190.0	3.0188441253555528e-06	9.054678490168501e-11	1.3841381356829165	2.375925911442625	0.001747096884212767
-999.0	165.0	2.5338036496016007e-06	2.547132690394961e-12	2.1558926181186977	2.516912168926649	0.0009144847692139019
-999.0	140.0	4.076180590326517e-06	1.078182054614421e-12	2.315210842660411	1.9936681305841506	1.3801596064138476e-05
-999.0	115.0	3.2528162530641505e-06	9.424556701112539e-13	2.7507604041269214	1.094347655773129	-0.0002888962933595822
-999.0	90.0	2.303506298823564e-06	7.762148944368505e-14	4.786095391190215	0.29404366054082837	-8.95464728656199e-08
-999.0	65.0	-3.348227146424506e-06	0.0	1.3106221385773134	-0.11009701909053428	0.0
-999.0	40.0	-2.431336874913776e-06	0.0	-9.203064137034952	-0.20834623005181158	0.0
-999.0	15.0	2.4776874882408097e-06	0.0	-18.01377911889365	-0.19275932454518546	0.0
245.45833333333334	40	1005.8953813825335	day	levels	pres0
-999.0	990.0	-3.6597297472703796e-06	1.4241755047925783e-09	-2.7174540963910987	-0.9262815799475234	0.0005067568120888413
-999.0	965.0	-1.838238366569151e-05	3.1604826642522804e-09	-4.833662643319088	-1.801985395229613	0.0011333471315865325
-999.0	940.0	-1.933684572577533e-05	4.754340332789777e-10	-6.080892648015695	-2.506945244967903	0.0015699602553269074
-999.0	915.0	-1.9076665414980913e-05	-1.9564021073207998e-10	-6.853892434210994	-3.0802802798293554	0.001973413407823355
-999.0	890.0	-1.9858806054034756e-05	-1.0904711276957587e-09	-7.409608829589114	-3.488935919035017	0.0024468253557256244
-999.0	865.0	-2.0986648877620115e-05	8.421114708419752e-10	-7.895296959649956	-3.6823110041163907	0.003005704245352787
-999.0	840.0	-1.8807838106696055e-05	1.062437135568519e-09	-8.361152887344376	-3.614104398659269	0.00359358817846594
-999.0	815.0	-1.4324542818709958e-05	-2.5600051028753938e-09	-8.801786388669717	-3.3154703917957247	0.0041012514213876585
-999.0	790.0	-1.1201594764042394e-05	-5.18527707465598e-09	-9.196236916950797	-2.865381653819748	0.0043894004163778895
-999.0	765.0	-1.0869987592318897e-05	-5.683576714039538e-09	-9.44800120308288	-2.3253709698716736	0.004343364409255002
-999.0	740.0	-1.173554677590238e-05	-6.0972496001369034e-09	-9.345997628711544	-1.8050972897382058	0.003947827059978668
-999.0	715.0	-1.1628664064957531e-05	-8.134000932195488e-09	-8.907563652311076	-1.3556150268940852	0.0032853981557324817
-999.0	690.0	-9.8520804568642e-06	-9.088106806051211e-09	-8.33296021961033	-0.9851788285942533	0.002499232809927206
-999.0	665.0	-6.0288338655880985e-06	-9.848034357658116e-09	-7.65409693263828	-0.7142676581584524	0.0017939629382765125
-999.0	640.0	-3.4942179111397064e-06	-9.894222409152789e-09	-7.192398366473989	-0.49349009671383864	0.0013167345085285287
-999.0	615.0	-2.8745437942687466e-06	-8.802041183496102e-09	-7.059758174987075	-0.32439688185142823	0.0010983335167128005
-999.0	590.0	-3.3479555455784244e-06	-7.871067640802356e-09	-7.141973552249725	-0.18354334540311054	0.0010932221584033222
-999.0	565.0	-4.872262626319912e-06	-7.097148662155498e-09	-7.443464767365221	-0.07507970414700572	0.0011770141425442248
-999.0	540.0	-6.9997797500856e-06	-5.927014302599914e-09	-7.819314990724825	-0.00812094321561928	0.0012836672889102413
-999.0	515.0	-9.604418143955377e-06	-4.276811439286543e-09	-8.217038120542242	-0.002986503853668659	0.0014483913503996568
-999.0	490.0	-1.141985104710034e-05	-3.2487344513004193e-09	-8.496054104396267	-0.09457947260565612	0.0016678778208559565
-999.0	465.0	-1.1672868526407792e-05	-3.1038379375498664e-09	-8.609441970075878	-0.28078647631973397	0.0018539860341400174
-999.0	440.0	-1.1459903621543615e-05	-3.242981664789328e-09	-8.643421212832134	-0.42922866557324807	0.001909375344525501
-999.0	415.0	-1.0966245302432856e-05	-3.497049773897782e-09	-8.548822344768615	-0.47642589114339395	0.0017737510524355358
-999.0	390.0	-9.373433562426876e-06	-2.9927254508562602e-09	-8.09093620379766	-0.38670981728604326	0.001471286141382161
-999.0	365.0	-6.610261055852897e-06	-2.0837688461859163e-09	-7.15400237696512	-0.18659058976032056	0.0011158628376716686
-999.0	340.0	-4.041767364248543e-06	-1.3298663399894625e-09	-5.8195745976907975	-0.06256674017227307	0.0007622238787352322
-999.0	315.0	-2.5940746427442357e-06	-8.904332025308215e-10	-4.2488743024213145	-0.047028958287487474	0.00038945972374162304
-999.0	290.0	-2.233015908305564e-06	-5.325310639072809e-10	-2.899033238490436	0.02469490397539035	0.00017100821260848906
-999.0	265.0	-2.2699544237061157e-06	-2.392756337824686e-10	-1.879498134056727	0.2807321051756088	0.0005361149176143706
-999.0	240.0	-1.1274525204307342e-06	4.4391462464265225e-11	-0.8733338157513082	0.8449667230957685	0.0016459803234974621
-999.0	215.0	1.4223348196575611e-06	1.8226130722553504e-10	0.23812855425340196	1.6769678574942182	0.0028373747010193733
-999.0	190.0	3.0430641780463636e-06	8.345390488969287e-11	1.304159168686259	2.3773469265905143	0.003011902512618658
-999.0	165.0	2.5823157251116318e-06	-1.9991213617110374e-12	2.050310936712176	2.5076815407900854	0.0018222247302940586
-999.0	140.0	4.0177969143741e-06	6.410368874404698e-13	2.204385778733755	1.9611355144353704	0.00041562631705385945
-999.0	115.0	3.1971735368537446e-06	8.381488182626646e-13	2.67327198093497	1.0488741142409819	-0.000258674222456266
-999.0	90.0	2.3840645620125964e-06	-6.4080479306468015e-16	4.756050464652854	0.2678465651780994	-1.0334176269914634e-07
-999.0	65.0	-2.8891011114142803e-06	0.0	1.3063232668098987	-0.10722213770662213	0.0
-999.0	40.0	-1.8345915574448365e-06	0.0	-9.206430189666287	-0.19530189977516293	0.0
-999.0	15.0	2.647198817665211e-06	0.0	-18.020604502587084	-0.1827895893227548	0.0
245.47222222222223	40	1006.1237226213732	day	levels	pres0
-999.0	990.0	-1.9710569012561283e-06	1.4018851426177457e-09	-2.7029146760229006	-0.9283916921473128	0.0005224864073670194
-999.0	965.0	-1.704550768918838e-05	3.3349348275267564e-09	-4.829594153260425	-1.8089901687547871	0.0011532390012703752
-999.0	940.0	-1.819860556029798e-05	8.515604433721682e-10	-6.096874157587695	-2.521076188555796	0.001590243478530299
-999.0	915.0	-1.8011647149488017e-05	2.5978683111338343e-10	-6.880334256187332	-3.0988629008569544	0.0019971017077709424
-999.0	890.0	-1.8978806436751345e-05	-6.794348865009447e-10	-7.436880410663679	-3.508976434904445	0.0024749754000805736
-999.0	865.0	-2.0386983765325052e-05	1.40220786038752e-09	-7.918045142340293	-3.7007975999325162	0.0030350983177356065
-999.0	840.0	-1.8326921061640346e-05	1.6272887940696793e-09	-8.376264333724984	-3.627724772407903	0.003617622043063819
-999.0	815.0	-1.365396386337625e-05	-2.4377678515741595e-09	-8.808386144183933	-3.3209608130984876	0.0041175135219018175
-999.0	790.0	-1.0256240040891244e-05	-5.590090128222552e-09	-9.196240561349052	-2.8617766045388704	0.0044005834170613755
-999.0	765.0	-9.818197448936177e-06	-6.348518088026654e-09	-9.441661293544465	-2.314415459890681	0.004353681917415505
-999.0	740.0	-1.0700063750999838e-05	-6.838513378889262e-09	-9.331653190037555	-1.7909405093699136	0.003966767742720736
-999.0	715.0	-1.0640755834789877e-05	-8.966650051472486e-09	-8.885255790892094	-1.3416235664534095	0.0033315675500474617
-999.0	690.0	-8.924119135469633e-06	-9.96512907940759e-09	-8.307064661903977	-0.9721876449055047	0.002596356211996314
-999.0	665.0	-5.1556608735742785e-06	-1.0744733541893828e-08	-7.6310512943873245	-0.7031966087423052	0.0019647534866721332
-999.0	640.0	-2.717412862950224e-06	-1.0705343179685947e-08	-7.177951793822025	-0.4866361369689224	0.001580553806546694
-999.0	615.0	-2.266138277100104e-06	-9.353773846932653e-09	-7.060087139644319	-0.32503184563819826	0.0014690739207261297
-999.0	590.0	-2.884223440832663e-06	-8.228804661395227e-09	-7.156166631077968	-0.19487917967258908	0.0015794296459400246
-999.0	565.0	-4.501186129641016e-06	-7.340415113263195e-09	-7.468463910950565	-0.10008008931838003	0.0017834836064595826
-999.0	540.0	-6.70326909488071e-06	-6.121220754445626e-09	-7.8509457111358785	-0.043948728295557314	0.00201362576454097
-999.0	515.0	-9.364398817221219e-06	-4.4792068504086244e-09	-8.249997559047895	-0.04395223893817971	0.002306396511717843
-999.0	490.0	-1.1209411847584086e-05	-3.4277852233409225e-09	-8.525896339189453	-0.13246216766892416	0.0026585143693097484
-999.0	465.0	-1.1440880895991316e-05	-3.2469526161836582e-09	-8.631527046362569	-0.3072002097846118	0.0029799651576916386
-999.0	440.0	-1.1221878085822444e-05	-3.355148265980528e-09	-8.654943570731186	-0.4451536784569478	0.003172712107936784
-999.0	415.0	-1.0748471393548793e-05	-3.535903239215374e-09	-8.548090421964252	-0.4851144975760893	0.003175787280708862
-999.0	390.0	-9.147405114020281e-06	-2.984129374611106e-09	-8.079572969012785	-0.3871515599035082	0.003005866612201997
-999.0	365.0	-6.348554899495463e-06	-2.065142552836642e-09	-7.135715144021164	-0.17614380690076567	0.002760573636770812
-999.0	340.0	-3.734016753130427e-06	-1.3079416739687749e-09	-5.799775516525613	-0.03920830644311382	0.002481422574400993
-999.0	315.0	-2.2410634854590165e-06	-8.946684528756495e-10	-4.234184835638313	-0.011701826065290596	0.0021430627418480394
-999.0	290.0	-1.8697250147826574e-06	-5.521767401759861e-10	-2.8959761678226403	0.06290333848152609	0.0019179964618349522
-999.0	265.0	-1.9530212267249703e-06	-2.5644226042984366e-10	-1.8935530521566974	0.31053710929932443	0.002235005978816243
-999.0	240.0	-9.319789255344158e-07	3.774243929382937e-11	-0.9073284786372101	0.861511782284774	0.003257634850667081
-999.0	215.0	1.4849534242642709e-06	1.7937495373979635e-10	0.18238874891445392	1.683153456402206	0.004317418217980805
-999.0	190.0	3.0672842307374748e-06	7.636102487767953e-11	1.2241802016893715	2.378767941738405	0.004276523933860212
-999.0	165.0	2.6308278006221236e-06	-6.5453754138284536e-12	1.9447292553053557	2.4984509126534493	0.0027298642007637336
-999.0	140.0	3.959413238421643e-06	2.0389172026598001e-13	2.0935607148067854	1.9286028982864356	0.000817446339153993
-999.0	115.0	3.1415308206432532e-06	7.338419664138159e-13	2.5957835577428026	1.0034005727086583	-0.0002284453126780041
-999.0	90.0	2.4646228252018782e-06	-7.890309903001035e-14	4.726005538115413	0.2416494698152764	-1.1714267952120282e-07
-999.0	65.0	-2.4299750764025933e-06	0.0	1.3020243950424648	-0.10434725632269709	0.0
-999.0	40.0	-1.2378462399739424e-06	0.0	-9.209796242297646	-0.18225756949847907	0.0
-999.0	15.0	2.816710147090629e-06	0.0	-18.027429886280547	-0.1728198541003049	0.0
245.48611111111111	40	1006.3520638602121	day	levels	pres0
-999.0	990.0	-2.823840552461384e-07	1.3795947804429176e-09	-2.6883752556547527	-0.9305018043470528	0.0005382111222770918
-999.0	965.0	-1.570863171268805e-05	3.509386990800543e-09	-4.825525663201787	-1.815994942279879	0.0011731206384348746
-999.0	940.0	-1.7060365394822973e-05	1.2276868534649512e-09	-6.112855667159667	-2.5352071321435887	0.00161051757614457
-999.0	915.0	-1.6946628883997714e-05	7.152138729588505e-10	-6.906776078163623	-3.1174455218844477	0.0020207805628028115
-999.0	890.0	-1.8098806819470454e-05	-2.6839864530597497e-10	-7.464151991738208	-3.5290169507737676	0.0025031157621796464
-999.0	865.0	-1.978731865303186e-05	1.962304249932198e-09	-7.940793325030621	-3.719284195748543	0.0030644839150439675
-999.0	840.0	-1.7846004016586273e-05	2.192140452569565e-09	-8.39137578010561	-3.641345146156454	0.003641650034290927
-999.0	815.0	-1.2983384908044747e-05	-2.3155306002727996e-09	-8.814985899698192	-3.3264512344011887	0.0041337721214575775
-999.0	790.0	-9.310885317742995e-06	-5.994903181787473e-09	-9.196244205747362	-2.8581715552579627	0.004411764115122431
-999.0	765.0	-8.766407305556663e-06	-7.013459462011332e-09	-9.435321384006109	-2.303459949909696	0.004363997325558287
-999.0	740.0	-9.66458072610049e-06	-7.579777157638915e-09	-9.317308751363637	-1.7767837290016606	0.003985704716193541
-999.0	715.0	-9.652847604625296e-06	-9.799299170746412e-09	-8.862947929473188	-1.3276321060128	0.0033777286574529107
-999.0	690.0	-7.996157814078003e-06	-1.0842151352760512e-08	-8.281169104197708	-0.9591964612168395	0.0026934650679224046
-999.0	665.0	-4.2824878815632545e-06	-1.1641432726125658e-08	-7.608005656136446	-0.6921255593262468	0.002135526379895642
-999.0	640.0	-1.94060781476319e-06	-1.1516463950215575e-08	-7.163505221170123	-0.47978217722408706	0.0018443579924045798
-999.0	615.0	-1.6577327599332871e-06	-9.905506510366965e-09	-7.0604161043015905	-0.32566680942502574	0.0018398073206466053
-999.0	590.0	-2.420491336088164e-06	-8.586541681986722e-09	-7.170359709906202	-0.20621501394209218	0.0020656359337998076
-999.0	565.0	-4.130109632962974e-06	-7.583681564369832e-09	-7.493463054535869	-0.12508047448973794	0.0023899442734457528
-999.0	540.0	-6.406758439676418e-06	-6.315427206290252e-09	-7.882576431546872	-0.07977651337544597	0.0027435540356809053
-999.0	515.0	-9.124379490487563e-06	-4.681602261529274e-09	-8.282956997553486	-0.08491797402262354	0.0031643345231654888
-999.0	490.0	-1.0998972648068278e-05	-3.606835995380068e-09	-8.555738573982582	-0.17034486273212657	0.0036490418627043355
-999.0	465.0	-1.1208893265575323e-05	-3.3900672948164955e-09	-8.653612122649225	-0.3336139432494439	0.004105798810405285
-999.0	440.0	-1.0983852550101711e-05	-3.4673148671710643e-09	-8.666465928630215	-0.4610786913406149	0.004435880585343875
-999.0	415.0	-1.053069748466503e-05	-3.5747567045326945e-09	-8.547358499159884	-0.4938031040087554	0.004577653659655398
-999.0	390.0	-8.921376665614e-06	-2.9755332983658813e-09	-8.06820973422792	-0.38759330252095736	0.00454029341893087
-999.0	365.0	-6.086848743138492e-06	-2.046516259487291e-09	-7.117427911077229	-0.16569702404122863	0.004405155557871955
-999.0	340.0	-3.4262661420129773e-06	-1.2860170079480476e-09	-5.779976435360463	-0.015849872714023657	0.004200496598391335
-999.0	315.0	-1.8880523281746904e-06	-8.989037032204297e-10	-4.219495368855351	0.023625306156781392	0.0038965121692008356
-999.0	290.0	-1.5064341212606664e-06	-5.718224164446468e-10	-2.892919097154868	0.10111177298751414	0.0036647926272230977
-999.0	265.0	-1.6360880297445561e-06	-2.73608887077191e-10	-1.9076079702566484	0.34034211342291404	0.003933667798024385
-999.0	240.0	-7.365053306385573e-07	3.1093416123403935e-11	-0.9413231415230299	0.8780568414736913	0.004869032686503333
-999.0	215.0	1.5475720288707162e-06	1.7648860025406433e-10	0.12664894357566317	1.689339055310143	0.005797216227924989
-999.0	190.0	3.0915042834282556e-06	6.926814486568759e-11	1.1442012346927088	2.3801889568862946	0.0055409611478942095
-999.0	165.0	2.6793398761321144e-06	-1.109162946593456e-11	1.8391475738988268	2.4892202845168856	0.0036374031806217944
-999.0	140.0	3.901029562469192e-06	-2.3325344690802276e-13	1.9827356508801228	1.8960702821376538	0.001219261662362159
-999.0	115.0	3.0858881044328194e-06	6.295351145652249e-13	2.5182951345508475	0.9579270311765069	-0.00019820956402517647
-999.0	90.0	2.5451810883908873e-06	-1.5716539326676018e-13	4.695960611578053	0.21545237445254248	-1.309492233315604e-07
-999.0	65.0	-1.970849041392371e-06	0.0	1.297725523275052	-0.10147237493878837	0.0
-999.0	40.0	-6.411009225049955e-07	0.0	-9.21316229492898	-0.1692132392218314	0.0
-999.0	15.0	2.9862214765150277e-06	0.0	-18.034255269973986	-0.16285011887787368	0.0
245.5	40	1006.5804050990517	day	levels	pres0
-999.0	990.0	1.4062887907678646e-06	1.35730441826805e-09	-2.6738358352865492	-0.932611916546843	0.0005539309565033669
-999.0	965.0	-1.4371755736185214e-05	3.683839154074945e-09	-4.8214571731431155	-1.8229997158050546	0.0011929920431833366
-999.0	940.0	-1.5922125229345903e-05	1.6038132635580882e-09	-6.128837176731655	-2.5493380757314816	0.0016307825484342714
-999.0	915.0	-1.5881610618505096e-05	1.1706409148044062e-09	-6.933217900139947	-3.136028142912048	0.0020444499732190195
-999.0	890.0	-1.721880720218732e-05	1.4263759588911328e-10	-7.491423572812763	-3.5490574666431973	0.002531246442319398
-999.0	865.0	-1.91876535407371e-05	2.522400639478177e-09	-7.963541507720949	-3.73777079156467	0.0030938610375048996
-999.0	840.0	-1.7365086971530842e-05	2.756992111071236e-09	-8.406487226486208	-3.6549655199050908	0.0036656721522735332
-999.0	815.0	-1.2312805952711241e-05	-2.193293348971074e-09	-8.821585655212404	-3.3319416557039547	0.004150027220107815
-999.0	790.0	-8.365530594592057e-06	-6.399716235353569e-09	-9.196247850145614	-2.854566505977086	0.004422942510577806
-999.0	765.0	-7.714617162174177e-06	-7.678400835998005e-09	-9.428981474467689	-2.2925044399287025	0.004374310633689215
-999.0	740.0	-8.62909770119817e-06	-8.321040936390915e-09	-9.302964312689646	-1.7626269486333648	0.0040046379804117545
-999.0	715.0	-8.664939374457824e-06	-1.0631948290023185e-08	-8.840640068054201	-1.3136406455721175	0.0034238814780297904
-999.0	690.0	-7.068196492683557e-06	-1.1719173626116821e-08	-8.25527354649135	-0.9462052775280816	0.0027905593778929445
-999.0	665.0	-3.4093148895495006e-06	-1.2538131910361471e-08	-7.584960017885481	-0.6810545099100896	0.002306281618172043
-999.0	640.0	-1.1638027665737484e-06	-1.2327584720748879e-08	-7.149058648518155	-0.472928217479161	0.0021081470662147493
-999.0	615.0	-1.0493272427646884e-06	-1.04572391738036e-08	-7.060745068958829	-0.32630177321178566	0.0022105337163069194
-999.0	590.0	-1.956759231342447e-06	-8.944278702579647e-09	-7.184552788734437	-0.21755084821156095	0.0025518410215835605
-999.0	565.0	-3.7590331362841277e-06	-7.826948015477568e-09	-7.5184621981212105	-0.15008085966110232	0.0029963961432424684
-999.0	540.0	-6.110247784471583e-06	-6.509633658135992e-09	-7.914207151957921	-0.11560429845537462	0.0034734521024723285
-999.0	515.0	-8.88436016375347e-06	-4.883997672651377e-09	-8.315916436059135	-0.12588370910712654	0.004022205385332574
-999.0	490.0	-1.0788533448552091e-05	-3.785886767420582e-09	-8.585580808775767	-0.2082275577953884	0.004639460301821322
-999.0	465.0	-1.0976905635158931e-05	-3.533181973450285e-09	-8.675697198935918	-0.3600276767143182	0.005231486993052089
-999.0	440.0	-1.0745827014380624e-05	-3.5794814683622612e-09	-8.677988286529269	-0.477003704224314	0.005698880777501707
-999.0	415.0	-1.0312923575781053e-05	-3.6136101698502907e-09	-8.546626576355525	-0.5024917104414531	0.0059793501901574155
-999.0	390.0	-8.695348217207495e-06	-2.966937222120737e-09	-8.056846499443056	-0.3880350451384273	0.006074566562306194
-999.0	365.0	-5.825142586781157e-06	-2.0278899661380345e-09	-7.099140678133284	-0.1552502411816801	0.006049608601431786
-999.0	340.0	-3.1185155308949544e-06	-1.2640923419273772e-09	-5.76017735419529	0.007508561015129091	0.0059194459510133616
-999.0	315.0	-1.5350411708895413e-06	-9.031389535652676e-10	-4.204805902072362	0.058952438378972606	0.005649808006009577
-999.0	290.0	-1.1431432277378111e-06	-5.914680927133536e-10	-2.889862026487078	0.13932020749364585	0.005411396708909057
-999.0	265.0	-1.3191548327634495e-06	-2.907755137245645e-10	-1.9216628883566178	0.3701471175466267	0.005632100375326882
-999.0	240.0	-5.410317357422578e-07	2.444439295296824e-11	-0.975317804408925	0.8946019006626948	0.006480173830972763
-999.0	215.0	1.6101906334774368e-06	1.736022467683247e-10	0.07090913823672708	1.6955246542181288	0.007276768730735581
-999.0	190.0	3.115724336119399e-06	6.217526485367369e-11	1.0642222676958355	2.381609972034182	0.0068052141546926384
-999.0	165.0	2.7278519516426423e-06	-1.5637883518051934e-11	1.733565892492022	2.479989656380245	0.004544841669877989
-999.0	140.0	3.842645886516761e-06	-6.70398614082452e-13	1.8719105869531634	1.8635376659887182	0.0016210722866809584
-999.0	115.0	3.0302453882223564e-06	5.25228262716386e-13	2.4408067113586833	0.9124534896441869	-0.00016796697649755488
-999.0	90.0	2.625739351580186e-06	-2.354276875036834e-13	4.665915685040611	0.1892552790897234	-1.4476139413001144e-07
-999.0	65.0	-1.5117230063806927e-06	0.0	1.2934266515076158	-0.09859749355486465	0.0
-999.0	40.0	-4.4355605034128235e-08	0.0	-9.21652834756034	-0.1561689089451517	0.0
-999.0	15.0	3.1557328059404565e-06	0.0	-18.041080653667454	-0.15288038365542897	0.0
245.51388888888889	40	1006.5355447436137	day	levels	pres0
-999.0	990.0	3.1260615444681147e-06	1.090144330433635e-09	-2.675824575717477	-0.922772902049232	0.0004700384494277263
-999.0	965.0	-1.18451694895465e-05	2.998262504517529e-09	-4.751611687834207	-1.7730205308586307	0.0009852122622839863
-999.0	940.0	-1.368444885999157e-05	8.237519144986262e-10	-6.0232820946071435	-2.471449459947213	0.001299861030876457
-999.0	915.0	-1.3943723204988319e-05	2.206685081053772e-10	-6.8152768668672845	-3.0411069394930963	0.0015859186925242016
-999.0	890.0	-1.5517877528977405e-05	-7.691017164799211e-10	-7.367611434724451	-3.4458353930994527	0.0019456396036880248
-999.0	865.0	-1.7515177164238006e-05	1.371496558132164e-09	-7.839928237218565	-3.6326128260955755	0.002384888023954195
-999.0	840.0	-1.5678074164888963e-05	1.3432580985060469e-09	-8.283851740852102	-3.553036478540139	0.0028478851911921173
-999.0	815.0	-1.0830963221812087e-05	-3.5369699115413455e-09	-8.698995416126419	-3.2391125947708934	0.0032573877505302144
-999.0	790.0	-7.108885025344408e-06	-7.663822685233067e-09	-9.075803079302212	-2.7765863719912676	0.003506623728886141
-999.0	765.0	-6.467872122678876e-06	-8.990777632004215e-09	-9.315967979885146	-2.233606737313918	0.003495465030150482
-999.0	740.0	-7.464148160035981e-06	-9.336406069379758e-09	-9.208863746552119	-1.723462511504398	0.0032214602010912302
-999.0	715.0	-7.833361793415332e-06	-1.0899360384258293e-08	-8.774396953128543	-1.2930635620677002	0.002779699210367826
-999.0	690.0	-6.6047544078651e-06	-1.1464363584915368e-08	-8.217383070597517	-0.9430740705380815	0.0023126111237470304
-999.0	665.0	-3.2842380768329276e-06	-1.2050349269648024e-08	-7.5735038272918045	-0.6939738576729345	0.002003780046537499
-999.0	640.0	-1.244978392841958e-06	-1.1763375862689802e-08	-7.153277368772602	-0.5012236068409981	0.0019737907518596904
-999.0	615.0	-1.1939318099997392e-06	-9.978435192596733e-09	-7.066360059238617	-0.36883391788796654	0.002225429785628542
-999.0	590.0	-2.0748123442806473e-06	-8.546198693405976e-09	-7.186493273765314	-0.2708600393186674	0.0026925486312332895
-999.0	565.0	-3.7793953930944563e-06	-7.48126828247181e-09	-7.5129091645043795	-0.2090604872931315	0.00324550126291864
-999.0	540.0	-6.032022772803733e-06	-6.1932041676159495e-09	-7.899854128322872	-0.17461493493079552	0.00382104530047928
-999.0	515.0	-8.718386773723057e-06	-4.603280882946806e-09	-8.292267956430909	-0.1783323512073264	0.004465057229278182
-999.0	490.0	-1.0561956338275568e-05	-3.547451215928277e-09	-8.554175318233504	-0.2500194315873087	0.005180677555443933
-999.0	465.0	-1.0757530001328758e-05	-3.316173754921937e-09	-8.638661089397555	-0.38825335801539645	0.005880156629460033
-999.0	440.0	-1.0577486733523207e-05	-3.37134368606345e-09	-8.636027294137104	-0.49374953834787705	0.0064673463162273175
-999.0	415.0	-1.02169155364945e-05	-3.4177331627561244e-09	-8.501430530396634	-0.5112341099552136	0.006876388471106477
-999.0	390.0	-8.683239199743595e-06	-2.8235470423837123e-09	-8.014904106420099	-0.389599535097807	0.007099102018158969
-999.0	365.0	-5.895185019045905e-06	-1.9468357019928437e-09	-7.068207678340664	-0.14965688409137903	0.007185669694217946
-999.0	340.0	-3.211063724397454e-06	-1.2179285195039456e-09	-5.743188425425454	0.01978682974974069	0.00713883102231118
-999.0	315.0	-1.5728680085970646e-06	-8.705640744035798e-10	-4.200077905541353	0.07635361999866215	0.006918843898212322
-999.0	290.0	-1.0999040784909443e-06	-5.636254792898222e-10	-2.887935980681379	0.15781539276481282	0.006693583436987718
-999.0	265.0	-1.1809964231469653e-06	-2.678942326790688e-10	-1.9140498898332006	0.38538180173391634	0.006887034259302643
-999.0	240.0	-3.4793112320218027e-07	3.5376617500130004e-11	-0.9675514310125317	0.9060630107682992	0.007662815881406384
-999.0	215.0	1.7172812594667744e-06	1.6910888054778834e-10	0.06524953660036027	1.7074749403529859	0.008341965345347167
-999.0	190.0	3.1069389850764275e-06	5.790278558537514e-11	1.0350698891376209	2.399683556149912	0.007713710112517213
-999.0	165.0	2.781457242653019e-06	-1.3803380011626049e-11	1.6866253874899586	2.4988117251131774	0.0052535635143643325
-999.0	140.0	3.966001409386885e-06	-4.77955742097218e-13	1.8378365977652027	1.8672363846637003	0.0019748602254404403
-999.0	115.0	3.194708432148255e-06	4.32618685378563e-13	2.4406766867827066	0.9023037174982629	-0.00011998381359344551
-999.0	90.0	2.91343155026313e-06	-3.5312925622253725e-13	4.679145947335315	0.18120641462384493	-8.093926422069781e-08
-999.0	65.0	-1.0418527754677683e-06	0.0	1.3271031729463787	-0.09566172981812503	0.0
-999.0	40.0	5.631653938575662e-07	0.0	-9.184685555242293	-0.16743020904770153	0.0
-999.0	15.0	3.335971495702137e-06	0.0	-17.9927510666468	-0.17481554092635437	0.0
245.52777777777777	40	1006.4906843881759	day	levels	pres0
-999.0	990.0	4.8458342981637916e-06	8.229842426001441e-10	-2.6778133161484226	-0.9129338875516468	0.00038606992654972985
-999.0	965.0	-9.318583242914852e-06	2.3126858549626107e-09	-4.681766202525517	-1.7230413459123333	0.000777335206295739
-999.0	940.0	-1.1446772490643755e-05	4.3690565441432924e-11	-5.917727012482946	-2.3935608441631304	0.0009688429141834016
-999.0	915.0	-1.2005835791477342e-05	-7.293038985916723e-10	-6.697335833594967	-2.946185736074371	0.0011272463713813583
-999.0	890.0	-1.3816947855772215e-05	-1.6808410288477014e-09	-7.243799296636489	-3.3426133195559586	0.0013598153458214155
-999.0	865.0	-1.5842700787743436e-05	2.2059247678767066e-10	-7.716314966716524	-3.527454860626744	0.001675620741999909
-999.0	840.0	-1.3991061358251754e-05	-7.047591405679641e-11	-8.161216255218324	-3.4511074371754553	0.0020297499501626477
-999.0	815.0	-9.349120490917133e-06	-4.880646474109136e-09	-8.576405177040765	-3.1462835338380932	0.0023643567427964474
-999.0	790.0	-5.852239456100485e-06	-8.927929135110016e-09	-8.955358308459141	-2.698606238005681	0.002589874647872991
-999.0	765.0	-5.221127083187175e-06	-1.030315442800769e-08	-9.20295448530293	-2.1747090346993163	0.0026161925283349477
-999.0	740.0	-6.299198618876953e-06	-1.0351771202366642e-08	-9.114763180414878	-1.6842980743755551	0.0024379069729325736
-999.0	715.0	-7.001784212374941e-06	-1.1166772478493212e-08	-8.708153838203096	-1.2724864785633443	0.0021352232342304895
-999.0	690.0	-6.141312323047628e-06	-1.120955354371489e-08	-8.179492594703811	-0.939942863548085	0.0018344597054377487
-999.0	665.0	-3.1591612641162763e-06	-1.1562566628936101e-08	-7.562047636698166	-0.7068932054357326	0.00170116162877484
-999.0	640.0	-1.3261540191094609e-06	-1.1199167004632303e-08	-7.157496089027038	-0.5295189962027432	0.0018393880605748186
-999.0	615.0	-1.3385363772339644e-06	-9.49963121139098e-09	-7.071975049518401	-0.4113660625640172	0.002240330293697916
-999.0	590.0	-2.19286545721815e-06	-8.148118684233186e-09	-7.188433758796207	-0.3241692304256178	0.002833297729973184
-999.0	565.0	-3.799757649904368e-06	-7.135588549466972e-09	-7.507356130887597	-0.26804011492499463	0.0034946871750811534
-999.0	540.0	-5.953797761135706e-06	-5.876774677096964e-09	-7.885501104687896	-0.23362557140604961	0.004168760418760451
-999.0	515.0	-8.552413383692659e-06	-4.322564093243465e-09	-8.268619476802778	-0.2307809933073689	0.0049080694847701955
-999.0	490.0	-1.0335379227999243e-05	-3.3090156644371713e-09	-8.522769827691354	-0.2918113053790902	0.005722090640280429
-999.0	465.0	-1.0538154367498842e-05	-3.0991655363946574e-09	-8.601624979859325	-0.41647903931636165	0.006529052707560684
-999.0	440.0	-1.0409146452665975e-05	-3.163205903765621e-09	-8.594066301745103	-0.5104953724713464	0.007236067021161997
-999.0	415.0	-1.0120907497207972e-05	-3.2218561556628225e-09	-8.456234484437935	-0.5199765094688918	0.007773706590809767
-999.0	390.0	-8.671130182279462e-06	-2.6801568626472973e-09	-7.972961713397334	-0.3911640250571223	0.008123929040550048
-999.0	365.0	-5.9652274513101375e-06	-1.8657814378480073e-09	-7.037274678548193	-0.14406352700104313	0.00832201535053168
-999.0	340.0	-3.303611917899395e-06	-1.1717646970807336e-09	-5.7261994966557195	0.03206509848434857	0.008358482941438494
-999.0	315.0	-1.6106948463042646e-06	-8.379891952420418e-10	-4.195349909010392	0.09375480161830854	0.008188123128964603
-999.0	290.0	-1.0566649292440055e-06	-5.357828658663987e-10	-2.8860099348757027	0.17631057803591857	0.007975977793124946
-999.0	265.0	-1.0428380135306356e-06	-2.4501295163363924e-10	-1.9064368913098044	0.4006164859211545	0.008142120342552236
-999.0	240.0	-1.548305106624699e-07	4.630884204727297e-11	-0.9597850576161466	0.9175241208738688	0.008845528901963261
-999.0	215.0	1.824371885455657e-06	1.6461551432727376e-10	0.05958993496402455	1.7194252264878054	0.009407150530869239
-999.0	190.0	3.0981536340329373e-06	5.363030631708816e-11	1.0059175105795075	2.4177571402655613	0.008622165006570637
-999.0	165.0	2.8350625336629372e-06	-1.1968876505207069e-11	1.6396848824880568	2.517633793845997	0.005962284127833009
-999.0	140.0	4.089356932256815e-06	-2.8551287011300175e-13	1.803762608577347	1.8709351033386166	0.002328692421759675
-999.0	115.0	3.3591714760737633e-06	3.400091080408329e-13	2.4405466622066885	0.8921539453523472	-7.199240184237877e-05
-999.0	90.0	3.2011237489452285e-06	-4.708308249412363e-13	4.692376209629902	0.17315755015800957	-1.7123866667120127e-08
-999.0	65.0	-5.71982544556319e-07	0.0	1.3607796943849835	-0.09272596608137765	0.0
-999.0	40.0	1.1706863927473194e-06	0.0	-9.152842762924394	-0.1786915091501947	0.0
-999.0	15.0	3.5162101854627683e-06	0.0	-17.944421479626335	-0.19675069819720373	0.0
245.54166666666666	40	1006.4458240327385	day	levels	pres0
-999.0	990.0	6.565607051864188e-06	5.558241547657464e-10	-2.679802056579352	-0.9030948730540327	0.00030202539446824646
-999.0	965.0	-6.791996996275964e-06	1.6271092054051442e-09	-4.611920717216607	-1.6730621609659035	0.0005693608737268071
-999.0	940.0	-9.209096121289338e-06	-7.363707836180949e-10	-5.812171930358426	-2.3156722283788533	0.000637728194988054
-999.0	915.0	-1.006794837796054e-05	-1.6792763052907072e-09	-6.579394800322295	-2.8512645326554114	0.0006684330039687494
-999.0	890.0	-1.2116018182562283e-05	-2.5925803412166983e-09	-7.119987158548165	-3.2393912460122083	0.000773773658052934
-999.0	865.0	-1.4170224411244392e-05	-9.303116045583628e-10	-7.592701696214132	-3.4222968951576482	0.0009660591772468792
-999.0	840.0	-1.2304048551609967e-05	-1.48420992662207e-09	-8.038580769584213	-3.3491783958105037	0.0012112664146795256
-999.0	815.0	-7.867277760018105e-06	-6.224323036679495e-09	-8.453814937954776	-3.0534544729050355	0.0014709341848108191
-999.0	790.0	-4.595593886852985e-06	-1.0192035584989606e-08	-8.83491353761574	-2.6206261040198653	0.0016726952609115984
-999.0	765.0	-3.974382043691996e-06	-1.1615531224014066e-08	-9.089940990720391	-2.1158113320845353	0.0017364931253114689
-999.0	740.0	-5.134249077714823e-06	-1.1367136335355708e-08	-9.02066261427735	-1.6451336372465928	0.0016539782944189616
-999.0	715.0	-6.17020663133245e-06	-1.143418457272855e-08	-8.641910723277439	-1.2519093950589333	0.0014904535482878182
-999.0	690.0	-5.677870238229132e-06	-1.0954743502513632e-08	-8.14160211880998	-0.9368116565580918	0.0013561051226386475
-999.0	665.0	-3.0340844513996457e-06	-1.1074783988222782e-08	-7.55059144610449	-0.7198125531985872	0.0013984263657400911
-999.0	640.0	-1.4073296453776167e-06	-1.0634958146573288e-08	-7.161714809281484	-0.557814385564592	0.0017049389927934985
-999.0	615.0	-1.4831409444689857e-06	-9.020827230184097e-09	-7.077590039798188	-0.4538982072402109	0.0022552352405052754
-999.0	590.0	-2.3109185701563267e-06	-7.750038675059476e-09	-7.190374243827083	-0.37747842153273825	0.0029740883179421146
-999.0	565.0	-3.820119906714669e-06	-6.789908816461191e-09	-7.501803097270763	-0.327019742557038	0.0037439538802288676
-999.0	540.0	-5.8755727494678225e-06	-5.560345186576907e-09	-7.871148081052844	-0.29263620788148503	0.004516597458193097
-999.0	515.0	-8.386439993662221e-06	-4.041847303538881e-09	-8.244970997174551	-0.2832296354075832	0.005351242152776388
-999.0	490.0	-1.0108802117722695e-05	-3.070580112944853e-09	-8.49136433714909	-0.33360317917102417	0.006263699557543198
-999.0	465.0	-1.0318778733668651e-05	-2.8821573178662967e-09	-8.564588870320966	-0.44470472061745153	0.007178175229120164
-999.0	440.0	-1.0240806171808531e-05	-2.9550681214667973e-09	-8.552105309352942	-0.527241206594918	0.00800504289452719
-999.0	415.0	-1.0024899457921394e-05	-3.0259791485686496e-09	-8.411038438479048	-0.5287189089826564	0.008671304551760593
-999.0	390.0	-8.659021164815526e-06	-2.5367666829102776e-09	-7.931019320374381	-0.3927285150165014	0.009149047631970698
-999.0	365.0	-6.03526988357485e-06	-1.7847271737028371e-09	-7.006341678755572	-0.13847016991073724	0.009458645572558669
-999.0	340.0	-3.3961601114018613e-06	-1.125600874657328e-09	-5.709210567885885	0.04434336721896786	0.009578401709935116
-999.0	315.0	-1.6485216840117537e-06	-8.054143160803725e-10	-4.190621912479378	0.11115598323800648	0.009457645699018734
-999.0	290.0	-1.013425779997101e-06	-5.079402524428759e-10	-2.8840838890699967	0.19480576330709343	0.009258579777622997
-999.0	265.0	-9.046796039141063e-07	-2.221316705881442e-10	-1.898823892786377	0.41585117010845096	0.009397358625167336
-999.0	240.0	3.827010187765799e-08	5.724106659443756e-11	-0.9520186842197396	0.928985230979479	0.010028312892659041
-999.0	215.0	1.931462511445027e-06	1.6012214810673885e-10	0.05393033332767079	1.7313755126226673	0.010472324287308649
-999.0	190.0	3.08936828298994e-06	4.9357827048789126e-11	0.9767651320213018	2.4358307243812947	0.009530578836867728
-999.0	165.0	2.888667824673271e-06	-1.0134372998781331e-11	1.5927443774859973	2.536455862578927	0.006671003510288561
-999.0	140.0	4.21271245512694e-06	-9.306999812773782e-14	1.7696886193893882	1.874633822013596	0.0026825688756396226
-999.0	115.0	3.5236345199996734e-06	2.4739953070303244e-13	2.440416637630714	0.8820041732064268	-2.39927412443281e-05
-999.0	90.0	3.488815947628206e-06	-5.88532393660075e-13	4.705606471924605	0.16510868569214068	4.668479853137506e-08
-999.0	65.0	-1.0211231364338283e-07	0.0	1.3944562158237412	-0.08979020234463381	0.0
-999.0	40.0	1.7782073916390351e-06	0.0	-9.120999970606352	-0.18995280925274421	0.0
-999.0	15.0	3.696448875224442e-06	0.0	-17.896091892605682	-0.21868585546813152	0.0
245.55555555555554	40	1006.4009636773006	day	levels	pres0
-999.0	990.0	8.285379805559864e-06	2.886640669322552e-10	-2.6817907970102985	-0.8932558585564476	0.00021790485978443068
-999.0	965.0	-4.2654107496443166e-06	9.415325558502265e-10	-4.542075231907916	-1.6230829760196062	0.00036128926308842094
-999.0	940.0	-6.971419751941525e-06	-1.5164321326752895e-09	-5.706616848234232	-2.237783612594772	0.00030651686992857124
-999.0	915.0	-8.130060964449563e-06	-2.629248711987755e-09	-6.461453767049976	-2.7563433292366866	0.00020947858447222694
-999.0	890.0	-1.0415088509357091e-05	-3.5043196535844785e-09	-6.996175020460204	-3.136169172468714	0.00018751452972621537
-999.0	865.0	-1.2497748034749823e-05	-2.0812156859028557e-09	-7.46908842571209	-3.317138929688817	0.0002562033153119657
-999.0	840.0	-1.0617035744972759e-05	-2.897943939184913e-09	-7.915945283950434	-3.247249354445819	0.00039243457024970297
-999.0	815.0	-6.385435029123155e-06	-7.567999599247282e-09	-8.331224698869121	-2.9606254119722344	0.0005771200644900213
-999.0	790.0	-3.338948317609061e-06	-1.1456142034866559e-08	-8.714468766772669	-2.5426459700342785	0.0007550855613869438
-999.0	765.0	-2.727637004200297e-06	-1.2927908020017543e-08	-8.976927496138176	-2.056913629469934	0.0008563668181599849
-999.0	740.0	-3.969299536555798e-06	-1.2382501468342594e-08	-8.926562048140111	-1.60596920011775	0.0008696741640435913
-999.0	715.0	-5.338629050292059e-06	-1.170159666696347e-08	-8.575667608351992	-1.2313323115545776	0.0008453901512183044
-999.0	690.0	-5.214428153411656e-06	-1.069993346131315e-08	-8.10371164291627	-0.9336804495680957	0.0008775473750297386
-999.0	665.0	-2.9090076386829923e-06	-1.0587001347510857e-08	-7.5391352555108515	-0.732731900961385	0.0010955742582935638
-999.0	640.0	-1.4885052716451206e-06	-1.0070749288515787e-08	-7.16593352953592	-0.5861097749263373	0.0015704435489511917
-999.0	615.0	-1.6277455117032103e-06	-8.542023248978347e-09	-7.083205030077972	-0.49643035191626145	0.002270144626040944
-999.0	590.0	-2.4289716830938286e-06	-7.3519586658866856e-09	-7.192314728857975	-0.4307876126396886	0.0031149203952772937
-999.0	565.0	-3.840482163524581e-06	-6.4442290834563504e-09	-7.496250063653982	-0.3859993701889011	0.00399330137885746
-999.0	540.0	-5.797347737799796e-06	-5.2439156960579245e-09	-7.856795057417869	-0.3516468443567391	0.0048645564196498955
-999.0	515.0	-8.220466603631823e-06	-3.761130513835539e-09	-8.22132251754642	-0.3356782775076256	0.00579457523425869
-999.0	490.0	-9.88222500744637e-06	-2.832144561453748e-09	-8.45995884660694	-0.3753950529628057	0.006805504308437545
-999.0	465.0	-1.0099403099838735e-05	-2.6651490993390175e-09	-8.527552760782736	-0.4729304019184168	0.007827524195896244
-999.0	440.0	-1.0072465890951299e-05	-2.7469303391689676e-09	-8.51014431696094	-0.5439870407183873	0.008774273938534817
-999.0	415.0	-9.928891418634866e-06	-2.830102141475348e-09	-8.365842392520346	-0.5374613084963346	0.009569182356441622
-999.0	390.0	-8.646912147351393e-06	-2.393376503173864e-09	-7.889076927351616	-0.3942930049758168	0.010174457794900584
-999.0	365.0	-6.105312315839084e-06	-1.7036729095580007e-09	-6.9754086789631025	-0.1328768128204013	0.01059556036247225
-999.0	340.0	-3.4887083049038034e-06	-1.079437052234116e-09	-5.692221639116147	0.05662163595357566	0.01079858732932817
-999.0	315.0	-1.6863485217189533e-06	-7.728394369188346e-10	-4.185893915948416	0.12855716485765273	0.010727411609114203
-999.0	290.0	-9.70186630750163e-07	-4.800976390194525e-10	-2.882157843264319	0.2133009485781993	0.01054138939077147
-999.0	265.0	-7.665211942977761e-07	-1.992503895427147e-10	-1.8912108942629806	0.431085854295689	0.010652749107227405
-999.0	240.0	2.3137071441736848e-07	6.817329114158048e-11	-0.9442523108233546	0.9404463410850488	0.011211167853497668
-999.0	215.0	2.0385531374339087e-06	1.556287818862243e-10	0.048270731691335236	1.7433257987574866	0.011537486614661035
-999.0	190.0	3.08058293194645e-06	4.50853477805022e-11	0.9476127534631886	2.4539043084969445	0.010438951603412733
-999.0	165.0	2.9422731156831894e-06	-8.29986949236235e-12	1.5458038724840952	2.555277931311747	0.007379721661726557
-999.0	140.0	4.33606797799687e-06	9.937287385647902e-14	1.7356146302015327	1.878332540688512	0.0030364895870765014
-999.0	115.0	3.688097563925181e-06	1.547899533653023e-13	2.440286613054696	0.8718544010605107	2.401516819995378e-05
-999.0	90.0	3.7765081463103028e-06	-7.062339623787744e-13	4.718836734219192	0.15705982122630532	1.1048673137502961e-07
-999.0	65.0	3.677579172680665e-07	0.0	1.4281327372623456	-0.08685443860788654	0.0
-999.0	40.0	2.3857283905287876e-06	0.0	-9.089157178288453	-0.20121410935523737	0.0
-999.0	15.0	3.876687564985074e-06	0.0	-17.847762305585217	-0.2406210127389809	0.0
245.56944444444446	40	1006.356103321863	day	levels	pres0
-999.0	990.0	1.000515255926058e-05	2.1503979097796565e-11	-2.6837795374412403	-0.8834168440588349	0.00013370832909938426
-999.0	965.0	-1.7388245030049865e-06	2.559559062929009e-10	-4.472229746598992	-1.5731037910731671	0.00015312037288888597
-999.0	940.0	-4.733743382586536e-06	-2.296493481734843e-09	-5.601061766109686	-2.1598949968104733	-2.4791064361354957e-05
-999.0	915.0	-6.192173550932032e-06	-3.5792211186873855e-09	-6.3435127337772705	-2.6614221258176993	-0.0002496168929281791
-999.0	890.0	-8.714158836146272e-06	-4.41605896595441e-09	-6.87236288237183	-3.0329470989249283	-0.0003989620498216221
-999.0	865.0	-1.0825271658249685e-05	-3.2321197672498625e-09	-7.345475155209631	-3.211980964219684	-0.000453946858195557
-999.0	840.0	-8.930022938329908e-06	-4.3116779517509585e-09	-7.79330979831624	-3.1453203130808363	-0.0004267455976290463
-999.0	815.0	-4.903592298223272e-06	-8.911676161818238e-09	-8.208634459783049	-2.8677963510391526	-0.0003170856302598147
-999.0	790.0	-2.0823027483608803e-06	-1.2720248484746729e-08	-8.594023995929186	-2.464665836048448	-0.00016295445732737357
-999.0	765.0	-1.4808919647044036e-06	-1.4240284816024545e-08	-8.86391400155557	-1.9980159268551452	-2.4186396050647212e-05
-999.0	740.0	-2.804349995392983e-06	-1.3397866601332054e-08	-8.83246148200254	-1.5668047629887807	8.499458028964314e-05
-999.0	715.0	-4.5070514692491205e-06	-1.1969008761198611e-08	-8.509424493426312	-1.2107552280501543	0.0002000330416920521
-999.0	690.0	-4.750986068592976e-06	-1.0445123420111307e-08	-8.065821167022433	-0.9305492425780866	0.0003987864622846694
-999.0	665.0	-2.7839308259663846e-06	-1.009921870679689e-08	-7.527679064917181	-0.7456512487242192	0.0007926053072914426
-999.0	640.0	-1.5696808979133957e-06	-9.506540430456173e-09	-7.170152249790384	-0.614405164288165	0.0014359017294814248
-999.0	615.0	-1.772350078938365e-06	-8.06321926777103e-09	-7.088820020357778	-0.5389624965924374	0.002285058450295298
-999.0	590.0	-2.547024796032132e-06	-6.953878656712644e-09	-7.19425521388887	-0.48409680374679664	0.003255793962117697
-999.0	565.0	-3.860844420334945e-06	-6.0985493504503055e-09	-7.4906970300371665	-0.44497899782093875	0.004242729671465857
-999.0	540.0	-5.719122726131884e-06	-4.927486205537696e-09	-7.842442033782826	-0.4106574808321703	0.005212637304008133
-999.0	515.0	-8.054493213601246e-06	-3.4804137241309197e-09	-8.19767403791819	-0.38812691960782986	0.006238068730184897
-999.0	490.0	-9.655647897169612e-06	-2.5937090099614555e-09	-8.42855335606466	-0.41718692675472163	0.0073475048941758795
-999.0	465.0	-9.880027466008323e-06	-2.448140880810658e-09	-8.490516651244354	-0.5011560832194802	0.008477099609655057
-999.0	440.0	-9.90412561009367e-06	-2.538792556870134e-09	-8.468183324568761	-0.5607328748419265	0.00954376015540636
-999.0	415.0	-9.83288337934813e-06	-2.6342251343811546e-09	-8.320646346561448	-0.546203708010065	0.010467340007346277
-999.0	390.0	-8.634803129887314e-06	-2.2499863234368107e-09	-7.847134534328664	-0.3958574949351645	0.011200159531831157
-999.0	365.0	-6.17535474810366e-06	-1.622618645412787e-09	-6.94447567917049	-0.12728345573007135	0.011732759722458398
-999.0	340.0	-3.581256498406147e-06	-1.033273229810674e-09	-5.675232710346328	0.0688999046882089	0.012019039801157887
-999.0	315.0	-1.7241753594263418e-06	-7.402645577571465e-10	-4.181165919417425	0.14595834647735392	0.011997420860003799
-999.0	290.0	-9.269474815031496e-07	-4.522550255959206e-10	-2.880231797458637	0.23179613384937067	0.011824406632873128
-999.0	265.0	-6.28362784681088e-07	-1.763691084972138e-10	-1.8835978957395707	0.44632053848298026	0.011908291788824594
-999.0	240.0	4.2447132695765834e-07	7.910551568874713e-11	-0.9364859374269598	0.9519074511906527	0.012394093784495162
-999.0	215.0	2.1456437634233194e-06	1.5113541566568702e-10	0.04261113005497603	1.75527608489234	0.012602637512933492
-999.0	190.0	3.0717975809034674e-06	4.08128685122034e-11	0.9184603749049852	2.4719778926126694	0.011347283306220588
-999.0	165.0	2.9958784066937553e-06	-6.465365985934485e-12	1.4988633674820424	2.5741000000446843	0.008088438582151572
-999.0	140.0	4.459423500867294e-06	2.9181574584180343e-13	1.7015406410135663	1.8820312593635098	0.0033904545560712995
-999.0	115.0	3.852560607851325e-06	6.218037602734364e-14	2.44015658847869	0.8617046289145973	7.203132649049125e-05
-999.0	90.0	4.0642003449934345e-06	-8.23935531097827e-13	4.732066996513864	0.14901095676042556	1.7428193186450987e-07
-999.0	65.0	8.376281481812039e-07	0.0	1.461809258701109	-0.08391867487115297	0.0
-999.0	40.0	2.9932493894206818e-06	0.0	-9.057314385970395	-0.21247540945780655	0.0
-999.0	15.0	4.056926254746623e-06	0.0	-17.799432718564546	-0.2625561700099329	0.0
245.58333333333334	40	1006.3112429664251	day	levels	pres0
-999.0	990.0	1.172492531295615e-05	-2.4565610873567795e-10	-2.6857682778721887	-0.8735778295612499	4.943580901651284e-05
-999.0	965.0	7.877617436265149e-07	-4.2962074326198483e-10	-4.402384261290304	-1.523124606126872	-5.514579836045514e-05
-999.0	940.0	-2.4960670132388326e-06	-3.076554830791985e-09	-5.495506683985491	-2.0820063810263973	-0.0003561956112428162
-999.0	915.0	-4.254286137421114e-06	-4.529193525384358e-09	-6.225571700504951	-2.5665009223989803	-0.0007088534340448344
-999.0	890.0	-7.013229162941123e-06	-5.327798278322096e-09	-6.748550744283868	-2.92972502538144	-0.0009856560912431458
-999.0	865.0	-9.152795281755162e-06	-4.383023848594229e-09	-7.221861884707586	-3.1068229987508627	-0.0011643913576542824
-999.0	840.0	-7.243010131692772e-06	-5.725411964313646e-09	-7.6706743126824595	-3.043391271716162	-0.0012462741034462116
-999.0	815.0	-3.4217495673284227e-06	-1.0255352724385885e-08	-8.086044220697394	-2.774967290106363	-0.0012116829115199623
-999.0	790.0	-8.256571791170633e-07	-1.3984354934623575e-08	-8.473579225086114	-2.3866857020628696	-0.0010814248018458494
-999.0	765.0	-2.3414692521279377e-07	-1.5552661612027972e-08	-8.750900506973355	-1.9391182242405502	-0.0009051665202404543
-999.0	740.0	-1.639400454234023e-06	-1.4413231734318925e-08	-8.7383609158653	-1.5276403258599434	-0.0007000604583498627
-999.0	715.0	-3.6754738882087775e-06	-1.2236420855433541e-08	-8.443181378500869	-1.1901781445458026	-0.0004456177816127672
-999.0	690.0	-4.287543983775536e-06	-1.0190313378910835e-08	-8.02793069112873	-0.9274180355880927	-8.017761591701134e-05
-999.0	665.0	-2.658854013249764e-06	-9.611436066084962e-09	-7.516222874323547	-0.7585705964870183	0.0004895195135935308
-999.0	640.0	-1.6508565241809309e-06	-8.94233157239866e-09	-7.174370970044822	-0.6427005536499102	0.0013013135348191253
-999.0	615.0	-1.9169546461726245e-06	-7.584415286565267e-09	-7.094435010637563	-0.5814946412684877	0.002299976713258144
-999.0	590.0	-2.665077908969669e-06	-6.5557986475398396e-09	-7.196195698919763	-0.5374059948537465	0.0033967090186000966
-999.0	565.0	-3.8812066771448915e-06	-5.752869617445448e-09	-7.4851439964203825	-0.5039586254528017	0.0044922387585493795
-999.0	540.0	-5.640897714463887e-06	-4.6110567150186905e-09	-7.82808901014785	-0.46966811730742475	0.005560840112140222
-999.0	515.0	-7.888519823570876e-06	-3.199696934427552e-09	-8.174025558290056	-0.4405755617078732	0.00668172264151675
-999.0	490.0	-9.429070786893307e-06	-2.3552734584703234e-09	-8.397147865522507	-0.45897880054650453	0.007889701315963357
-999.0	465.0	-9.660651832178418e-06	-2.2311326622833504e-09	-8.453480541706124	-0.529381764520447	0.009126901472154201
-999.0	440.0	-9.735785329236436e-06	-2.3306547745722805e-09	-8.426222332176756	-0.577478708965397	0.010313501547353469
-999.0	415.0	-9.736875340061587e-06	-2.4383481272878366e-09	-8.275450300602747	-0.5549461075237435	0.011365777506956805
-999.0	390.0	-8.622694112423158e-06	-2.10659614370039e-09	-7.805192141305898	-0.3974219848944789	0.012226152845241511
-999.0	365.0	-6.2453971803678655e-06	-1.5415643812679517e-09	-6.913542679378018	-0.12169009863973333	0.012870243654689733
-999.0	340.0	-3.673804691908059e-06	-9.871094073874677e-10	-5.658243781576591	0.08117817342281983	0.013239759126950553
-999.0	315.0	-1.7620021971335155e-06	-7.076896785956145e-10	-4.176437922886463	0.16335952809700363	0.013267673452426168
-999.0	290.0	-8.8370833225619e-07	-4.244124121725016e-10	-2.878305751652959	0.2502913191204793	0.013107631504216741
-999.0	265.0	-4.902043750647374e-07	-1.534878274517863e-10	-1.8759848972161726	0.46155522267022037	0.01316398667003764
-999.0	240.0	6.175719394973915e-07	9.003774023588958e-11	-0.9287195640305713	0.963368561296224	0.01357709068565497
-999.0	215.0	2.2527343894122346e-06	1.466420494451725e-10	0.03695152841864686	1.7672263710271596	0.013667776982121457
-999.0	190.0	3.063012229860025e-06	3.654038924391682e-11	0.8893079963468804	2.4900514767283206	0.012255573945295613
-999.0	165.0	3.0494836977037233e-06	-4.6308624795152015e-12	1.451922862480148	2.592922068777508	0.008797154271559316
-999.0	140.0	4.582779023737257e-06	4.842586178260789e-13	1.6674666518257144	1.8857299780384338	0.003744463782620332
-999.0	115.0	4.017023651776861e-06	-3.042920131037461e-14	2.4400265639026717	0.851554856768689	0.00012005573362658511
-999.0	90.0	4.3518925436755515e-06	-9.41637099816527e-13	4.745297258808448	0.14096209229459297	2.38070400000049e-07
-999.0	65.0	1.307498379092656e-06	0.0	1.495485780139714	-0.08098291113440731	0.0
-999.0	40.0	3.6007703883104275e-06	0.0	-9.025471593652496	-0.223736709560305	0.0
-999.0	15.0	4.237164944507257e-06	0.0	-17.751103131544077	-0.2844913272807878	0.0
245.59722222222223	40	1006.2663826109874	day	levels	pres0
-999.0	990.0	1.3444698066656651e-05	-5.128161965700925e-10	-2.6877570183031168	-0.8637388150636359	-3.491269386084065e-05
-999.0	965.0	3.3143479902655503e-06	-1.1151973928194832e-09	-4.332538775981391	-1.47314542118044	-0.00026350925215119645
-999.0	940.0	-2.5839064388430804e-07	-3.856616179851565e-09	-5.389951601860972	-2.004117765242115	-0.0006876967740813749
-999.0	915.0	-2.3163987239042544e-06	-5.479165932083467e-09	-6.1076306672322795	-2.4715797189800153	-0.0011682310446959427
-999.0	890.0	-5.312299489731149e-06	-6.239537590691185e-09	-6.624738606195543	-2.8265029518376825	-0.0015725676051974854
-999.0	865.0	-7.480318905256068e-06	-5.533927929940389e-09	-7.098248614205197	-3.001665033281758	-0.0018751301974504874
-999.0	840.0	-5.5559973250509145e-06	-7.139145976879073e-09	-7.548038827048349	-2.9414622303511995	-0.0020661509617006086
-999.0	815.0	-1.939906836429292e-06	-1.1599029286956387e-08	-7.9634539816114085	-2.682138229173295	-0.0021066717913824197
-999.0	790.0	4.3098839013054345e-07	-1.524846138450327e-08	-8.353134454242714	-2.308705568077045	-0.0020003254787944913
-999.0	765.0	1.012598114282475e-06	-1.6865038408034397e-08	-8.637887012390815	-1.8802205216257621	-0.0017865735573405746
-999.0	740.0	-4.744509130718268e-07	-1.5428596867308e-08	-8.644260349727773	-1.488475888730975	-0.0014854909533917925
-999.0	715.0	-2.843896307166239e-06	-1.2503832949668868e-08	-8.376938263575209	-1.1696010610413874	-0.0010915623200260772
-999.0	690.0	-3.824101898957006e-06	-9.93550333770957e-09	-7.990040215234895	-0.9242868285980974	-0.000559344859901686
-999.0	665.0	-2.533777200533102e-06	-9.123653425371651e-09	-7.5047666837298665	-0.7714899442498718	0.00018631687805603864
-999.0	640.0	-1.7320321504490544e-06	-8.378122714339657e-09	-7.178589690299268	-0.6709959430117588	0.0011666789653978643
-999.0	615.0	-2.0615592134076097e-06	-7.105611305358395e-09	-7.100050000917349	-0.6240267859446815	0.0023148994149199084
-999.0	590.0	-2.7831310219078104e-06	-6.157718638366146e-09	-7.198136183950639	-0.5907151859608674	0.003537665564863548
-999.0	565.0	-3.901568933955158e-06	-5.407189884439683e-09	-7.47959096280355	-0.5629382530848452	0.004741828640607045
-999.0	540.0	-5.562672702795977e-06	-4.294627224498657e-09	-7.813735986512798	-0.5286787537828597	0.005909164844923518
-999.0	515.0	-7.722546433540409e-06	-2.9189801447229937e-09	-8.150377078661831	-0.4930242038080865	0.007125536969222134
-999.0	490.0	-9.20249367661674e-06	-2.1168379069780324e-09	-8.365742374980245	-0.500770674338437	0.008432093575012461
-999.0	465.0	-9.441276198348216e-06	-2.014124443755018e-09	-8.416444432167763	-0.5576074458215353	0.009776929785159854
-999.0	440.0	-9.567445048378996e-06	-2.122516992273481e-09	-8.384261339784596	-0.5942245430889674	0.011083498116597656
-999.0	415.0	-9.640867300775022e-06	-2.2424711201936794e-09	-8.230254254643858	-0.5636885070375077	0.012264494857766655
-999.0	390.0	-8.610585094959247e-06	-1.963205963963376e-09	-7.763249748282945	-0.3989864748538589	0.01325243773762318
-999.0	365.0	-6.315439612632606e-06	-1.4605101171227801e-09	-6.882609679585399	-0.11609674154942956	0.014008012161352341
-999.0	340.0	-3.766352885410555e-06	-9.409455849640563e-10	-5.641254852806757	0.09345644215743597	0.014460745308246571
-999.0	315.0	-1.7998290348410317e-06	-6.751147994339388e-10	-4.171709926355451	0.18076070971669814	0.014538169387134302
-999.0	290.0	-8.404691830093064e-07	-3.965697987489742e-10	-2.8763797058472536	0.26878650439165136	0.014391064005105293
-999.0	265.0	-3.5204596544822803e-07	-1.3060654640628916e-10	-1.8683718986927467	0.4767899068575149	0.014419833750958918
-999.0	240.0	8.106725520374969e-07	1.0096996478305471e-10	-0.9209531906341681	0.9748296714018325	0.014760158556993324
-999.0	215.0	2.359825015401572e-06	1.4214868322463756e-10	0.031291926782286546	1.7791766571620216	0.014732905022232193
-999.0	190.0	3.054226878816979e-06	3.226790997561741e-11	0.860155617788666	2.5081250608440526	0.013163823520652845
-999.0	165.0	3.1030889887140075e-06	-2.7963589730897655e-12	1.4049823574780806	2.611744137510434	0.009505868729954422
-999.0	140.0	4.706134546607349e-06	6.767014898112838e-13	1.6333926626377515	1.8894286967134053	0.004098517266724578
-999.0	115.0	4.181486695702744e-06	-1.2303877864818676e-13	2.4398965393266976	0.8414050846227611	0.00016808838960823906
-999.0	90.0	4.63958474235851e-06	-1.0593386685353647e-12	4.7585275211031535	0.1329132278287213	3.018521357823429e-07
-999.0	65.0	1.7773686100055893e-06	0.0	1.5291623015784717	-0.07804714739766172	0.0
-999.0	40.0	4.20829138720215e-06	0.0	-8.993628801334458	-0.2349980096628492	0.0
-999.0	15.0	4.417403634268928e-06	0.0	-17.702773544523428	-0.30642648455171007	0.0
245.61111111111111	40	1006.2215222555496	day	levels	pres0
-999.0	990.0	1.5164470820352329e-05	-7.799762844035834e-10	-2.689745758734063	-0.8538998005660506	-0.00011933717292702781
-999.0	965.0	5.840934236897199e-06	-1.8007740423744008e-09	-4.2626932906727	-1.4231662362341426	-0.00047196998997187914
-999.0	940.0	1.9792857254635096e-06	-4.636677528908759e-09	-5.284396519736775	-1.9262291494580333	-0.0010192945562373355
-999.0	915.0	-3.7851131039327783e-07	-6.429138338780518e-09	-5.989689633959961	-2.37665851556129	-0.0016277497306920413
-999.0	890.0	-3.6113698165259584e-06	-7.151276903058965e-09	-6.500926468107584	-2.7232808782941875	-0.0021596966023333876
-999.0	865.0	-5.807842528761501e-06	-6.684832011284881e-09	-6.974635343703155	-2.8965070678129257	-0.0025861633919582474
-999.0	840.0	-3.868984518413706e-06	-8.552879989441917e-09	-7.425403341414574	-2.839533188986516	-0.00288637618687825
-999.0	815.0	-4.580641055343408e-07	-1.2942705849524178e-08	-7.840863742525752	-2.589309168240495	-0.003002052281926506
-999.0	790.0	1.6876339593744665e-06	-1.6512567834380222e-08	-8.232689683399643	-2.2307254340914584	-0.0029196564947872555
-999.0	765.0	2.2593431537741753e-06	-1.817741520403787e-08	-8.524873517808599	-1.8213228190111608	-0.0026684075102707937
-999.0	740.0	6.904986280872007e-07	-1.644396200029489e-08	-8.550159783590532	-1.4493114516021324	-0.002271296906342815
-999.0	715.0	-2.012318726125849e-06	-1.2771245043903787e-08	-8.310695148649764	-1.1490239775370321	-0.0017378005748692725
-999.0	690.0	-3.360659814139532e-06	-9.68069329650909e-09	-7.952149739341188	-0.9211556216081009	-0.0010387152699893058
-999.0	665.0	-2.408700387816449e-06	-8.635870784659726e-09	-7.493310493136229	-0.7844092920126698	-0.00011700259846066606
-999.0	640.0	-1.8132077767165578e-06	-7.813913856282157e-09	-7.1828084105537044	-0.6992913323735039	0.0010319980216531113
-999.0	615.0	-2.206163780641835e-06	-6.626807324152647e-09	-7.105664991197133	-0.6665589306207321	0.002329826555270861
-999.0	590.0	-2.901184134845313e-06	-5.759638629193358e-09	-7.2000766689815325	-0.6440243770678178	0.0036786636010451793
-999.0	565.0	-3.921931190765071e-06	-5.061510151434845e-09	-7.474037929186769	-0.6219178807167084	0.004991499318134405
-999.0	540.0	-5.484447691127949e-06	-3.9781977339796724e-09	-7.7993829628778215	-0.587689390258114	0.006257611503230543
-999.0	515.0	-7.556573043510014e-06	-2.6382633550196514e-09	-8.126728599033699	-0.5454728459081291	0.007569511714262806
-999.0	490.0	-8.975916566340415e-06	-1.878402355486928e-09	-8.334336884438095	-0.5425625481302183	0.008974681672528314
-999.0	465.0	-9.2219005645183e-06	-1.7971162252277387e-09	-8.379408322629534	-0.5858331271225004	0.010427184550429546
-999.0	440.0	-9.399104767521763e-06	-1.914379209975653e-09	-8.342300347392591	-0.6109703772124369	0.011853749865350547
-999.0	415.0	-9.544859261488495e-06	-2.046594113100378e-09	-8.185058208685158	-0.5724309065511861	0.01316349206225815
-999.0	390.0	-8.598476077495114e-06	-1.819815784226962e-09	-7.721307355260179	-0.40055096481317437	0.014279014211455443
-999.0	365.0	-6.385482044896839e-06	-1.3794558529779437e-09	-6.851676679792927	-0.11050338445909351	0.015146065244619224
-999.0	340.0	-3.858901078912496e-06	-8.947817625408446e-10	-5.6242659240370205	0.105734710892044	0.01568199834657276
-999.0	315.0	-1.8376558725482309e-06	-6.425399202724012e-10	-4.166981929824488	0.19816189133634454	0.01580890866486747
-999.0	290.0	-7.972300337623687e-07	-3.687271853255509e-10	-2.874453660041577	0.28728168966275713	0.01567470413582813
-999.0	265.0	-2.1388755583189836e-07	-1.0772526536085957e-10	-1.8607589001693503	0.4920245910447528	0.01567583303166766
-999.0	240.0	1.0037731645772075e-06	1.1190218933019769e-10	-0.913186817237783	0.9862907815074025	0.015943297398513946
-999.0	215.0	2.466915641390454e-06	1.3765531700412303e-10	0.02563232514595088	1.7911269432968409	0.01579802163326118
-999.0	190.0	3.045441527773489e-06	2.7995430707330454e-11	0.8310032392305531	2.526198644959702	0.014072032032296426
-999.0	165.0	3.1566942797239263e-06	-9.618554666707885e-13	1.3580418524761788	2.630566206243254	0.010214581957332425
-999.0	140.0	4.829490069477279e-06	8.691443617955011e-13	1.599318673449896	1.8931274153883213	0.004452615008380263
-999.0	115.0	4.345949739628251e-06	-2.15648355985917e-13	2.4397665147506795	0.8312553124768451	0.00021612929443472103
-999.0	90.0	4.927276941040608e-06	-1.1770402372540635e-12	4.77175778339774	0.1248643633628859	3.6562713921160394e-07
-999.0	65.0	2.2472388409170382e-06	0.0	1.5628388230170758	-0.07511138366091454	0.0
-999.0	40.0	4.815812386091903e-06	0.0	-8.961786009016558	-0.24625930976534238	0.0
-999.0	15.0	4.597642324029559e-06	0.0	-17.654443957502963	-0.32836164182255956	0.0
245.625	40	1006.1766619001119	day	levels	pres0
-999.0	990.0	1.6884243574052576e-05	-1.0471363722379987e-09	-2.6917344991649905	-0.8440607860684398	-0.0002038376215764492
-999.0	965.0	8.367520483535907e-06	-2.4863506919318172e-09	-4.192847805363792	-1.3731870512877196	-0.000680528013313967
-999.0	940.0	4.216962094817843e-06	-5.416738877968221e-09	-5.178841437612261	-1.8483405336737635	-0.0013509889610754764
-999.0	915.0	1.5593761031235021e-06	-7.379110745479547e-09	-5.8717486006873	-2.281737312142338	-0.0020874094978495118
-999.0	890.0	-1.9104401433160386e-06	-8.063016215428e-09	-6.377114330019269	-2.6200588047504425	-0.0027470430933061356
-999.0	865.0	-4.135366152262404e-06	-7.835736092630893e-09	-6.851022073200772	-2.7913491023438324	-0.0032974909555592417
-999.0	840.0	-2.1819717117718287e-06	-9.966614002007104e-09	-7.302767855780466	-2.7376041476215636	-0.0037069497934743333
-999.0	815.0	1.0237786253648149e-06	-1.4286382412094447e-08	-7.718273503439768	-2.4964801073074345	-0.0038978243952420954
-999.0	790.0	2.944279528622117e-06	-1.7776674284259717e-08	-8.11224491255624	-2.1527453001056402	-0.0038394178564494915
-999.0	765.0	3.506088193269476e-06	-1.948979200004408e-08	-8.41186002322606	-1.7624251163963762	-0.0035506683819620183
-999.0	740.0	1.8554481692493913e-06	-1.745932713328373e-08	-8.456059217453003	-1.4101470144731663	-0.0030574783187197066
-999.0	715.0	-1.180741145083355e-06	-1.3038657138138894e-08	-8.244452033724105	-1.1284468940326149	-0.002384332547472263
-999.0	690.0	-2.8972177293210753e-06	-9.425883255307637e-09	-7.914259263447354	-0.9180244146181008	-0.0015182888465063316
-999.0	665.0	-2.283623575099878e-06	-8.148088143946279e-09	-7.481854302542551	-0.7973286397755149	-0.00042043891510047974
-999.0	640.0	-1.8943834029847668e-06	-7.249704998223083e-09	-7.18702713080815	-0.7275867217353413	0.0008972707040182905
-999.0	615.0	-2.350768347876886e-06	-6.1480033429457815e-09	-7.1112799814769225	-0.7090910752969131	0.0023447581343012574
-999.0	590.0	-3.0192372477835135e-06	-5.361558620019684e-09	-7.20201715401241	-0.6973335681749241	0.003819703127283877
-999.0	565.0	-3.942293447575399e-06	-4.715830418429088e-09	-7.468484895569939	-0.6808975083487375	0.0052412507916303076
-999.0	540.0	-5.406222679460097e-06	-3.6617682434596307e-09	-7.785029939242774	-0.6467000267335347	0.006606180087938499
-999.0	515.0	-7.3905996534796006e-06	-2.3575465653150804e-09	-8.103080119405476	-0.597921488008329	0.008013646877606508
-999.0	490.0	-8.74933945606389e-06	-1.6399668039946211e-09	-8.30293139389583	-0.5843544219221387	0.00951746560972325
-999.0	465.0	-9.002524930688123e-06	-1.58010800669939e-09	-8.342372213091169	-0.6140588084235787	0.011077665769729262
-999.0	440.0	-9.230764486664345e-06	-1.7062414276768416e-09	-8.300339355000428	-0.6277162113359998	0.012624256795833358
-999.0	415.0	-9.448851222201946e-06	-1.850717106006212e-09	-8.139862162726267	-0.5811733060649463	0.01406276912292435
-999.0	390.0	-8.586367060031211e-06	-1.676425604489937e-09	-7.679364962237223	-0.40211545477255384	0.015305882269229349
-999.0	365.0	-6.455524477161588e-06	-1.2984015888327527e-09	-6.820743680000307	-0.10491002736879246	0.01628440290667588
-999.0	340.0	-3.9514492724149945e-06	-8.48617940117413e-10	-5.6072769952671875	0.11801297962665559	0.016903518243468894
-999.0	315.0	-1.8754827102557536e-06	-6.099650411107134e-10	-4.162253933293479	0.21556307295603422	0.017079891286378008
-999.0	290.0	-7.539908845155014e-07	-3.4088457190201947e-10	-2.872527614235878	0.3057768749339241	0.01695855189668762
-999.0	265.0	-7.57291462154146e-08	-8.4843984315364e-11	-1.8531459016459333	0.5072592752320427	0.016931984512255624
-999.0	240.0	1.1968737771172846e-06	1.2283441387735947e-10	-0.9054204438413895	0.9977518916130067	0.017126507210232574
-999.0	215.0	2.5740062673797924e-06	1.3316195078358663e-10	0.019972723509584237	1.8030772294316977	0.016863126815215304
-999.0	190.0	3.0366561767305176e-06	2.3722951439031894e-11	0.8018508606723376	2.5442722290754323	0.014980199480241208
-999.0	165.0	3.210299570734303e-06	8.726480397551013e-13	1.3111013474741153	2.649388274976186	0.010923293953697847
-999.0	140.0	4.9528455923474026e-06	1.0615872337807342e-12	1.5652446842619354	1.8968261340633037	0.0048067570075883475
-999.0	115.0	4.51041278355415e-06	-3.0825793332373984e-13	2.4396364901747023	0.8211055403309211	0.00026417844810605075
-999.0	90.0	5.214969139723552e-06	-1.294741805972918e-12	4.784988045692444	0.11681549889700751	4.293954102884957e-07
-999.0	65.0	2.7171090718299625e-06	0.0	1.5965153444558384	-0.07217561992417489	0.0
-999.0	40.0	5.423333384983596e-06	0.0	-8.929943216698511	-0.25752060986789216	0.0
-999.0	15.0	4.777881013791241e-06	0.0	-17.606114370482313	-0.35029679909348493	0.0
245.63888888888889	40	1005.7535526336184	day	levels	pres0
-999.0	990.0	1.5927775864811947e-05	-9.862294781087084e-10	-2.693833210165528	-0.8343507640418447	-0.00023477083009550365
-999.0	965.0	7.997231075056904e-06	-2.631422440128452e-09	-4.123318764898419	-1.3231919261197667	-0.000783473957495254
-999.0	940.0	3.856117030230833e-06	-5.586038078966546e-09	-5.073753261376808	-1.7702378472164666	-0.0015345148174274593
-999.0	915.0	1.172714181345819e-06	-7.596482272605671e-09	-5.7541597873444115	-2.186560370560108	-0.0023598326659074824
-999.0	890.0	-2.264346965594009e-06	-8.181642505978135e-09	-6.25339321673848	-2.516616609893516	-0.0031148624571010917
-999.0	865.0	-4.411635748349249e-06	-8.07205411996441e-09	-6.727378665454665	-2.6860985630560323	-0.0037658724990130457
-999.0	840.0	-2.41218995864689e-06	-1.0381996935185152e-08	-7.179995394888244	-2.6357173802596034	-0.00427035192987149
-999.0	815.0	6.865137572869001e-07	-1.4673304463600668e-08	-7.595426048551153	-2.4037219172431175	-0.004532828577302527
-999.0	790.0	2.5203179057218083e-06	-1.8181181722197834e-08	-7.991524522266554	-2.074852320882908	-0.004508367155084474
-999.0	765.0	3.1682226549818414e-06	-2.006073860222499e-08	-8.29868391203488	-1.7036332145095954	-0.0042100149440654445
-999.0	740.0	1.5601842266682925e-06	-1.7982610137791245e-08	-8.361847548257614	-1.3710517597103324	-0.0036689229706982052
-999.0	715.0	-1.7036371753513844e-06	-1.3015022688393973e-08	-8.178012119399085	-1.1078645255904187	-0.002922700219293688
-999.0	690.0	-3.747177890107187e-06	-8.944426116431773e-09	-7.8761068033793045	-0.9148421466705318	-0.0019716496704010344
-999.0	665.0	-3.504674851721851e-06	-7.40328734260903e-09	-7.470095093288101	-0.8101720754353021	-0.0007910301562268394
-999.0	640.0	-3.37977239404826e-06	-6.426498378569395e-09	-7.190936904104933	-0.7558393310164567	0.0005923374743954547
-999.0	615.0	-3.951293310789826e-06	-5.456852365200915e-09	-7.1166158536123865	-0.7516746476278381	0.0020748439335388164
-999.0	590.0	-4.601005895551453e-06	-4.7859397324631585e-09	-7.2036745340105	-0.7507661479038095	0.003549478262063347
-999.0	565.0	-5.355605712273923e-06	-4.251444251547049e-09	-7.462615775683548	-0.7400512692947935	0.004943657906347017
-999.0	540.0	-6.6123078076259525e-06	-3.274774268791322e-09	-7.770329223738742	-0.7058596288165156	0.006263577395006702
-999.0	515.0	-8.370883913130484e-06	-2.0475690924463115e-09	-8.07906583188068	-0.6504185013473697	0.007616722723892941
-999.0	490.0	-9.538307083801158e-06	-1.389241586516797e-09	-8.271154888092479	-0.6261292795340813	0.009066352106751847
-999.0	465.0	-9.67521591250065e-06	-1.3391077121167927e-09	-8.304978879671191	-0.6422482667461769	0.010582950164574946
-999.0	440.0	-9.830347929607055e-06	-1.4675625429142952e-09	-8.258026950652567	-0.6444197826915742	0.012104524159714955
-999.0	415.0	-1.0012786240420865e-05	-1.6287263848322442e-09	-8.094298826323532	-0.5898760341936075	0.013538785147997457
-999.0	390.0	-9.19039148058812e-06	-1.5160699550107095e-09	-7.637092986750139	-0.4036741578463965	0.014794374250322831
-999.0	365.0	-7.173746725045275e-06	-1.2056944857212444e-09	-6.789562240479418	-0.09937092271591069	0.01579195736081758
-999.0	340.0	-4.75038013710992e-06	-7.959293250635493e-10	-5.590112905653652	0.13023180313526392	0.016427590166677723
-999.0	315.0	-2.67518974587777e-06	-5.734932047972706e-10	-4.157411121186735	0.23294708091353328	0.016613301872398123
-999.0	290.0	-1.4818496655145424e-06	-3.1040556851138776e-10	-2.8705290482630708	0.3242975552640514	0.0164923427993924
-999.0	265.0	-6.832060284222984e-07	-6.174145468032097e-11	-1.845477597935798	0.5225579284486532	0.016459541839508124
-999.0	240.0	6.507608154207826e-07	1.3024667717377863e-10	-0.8975806638361911	1.0093081993834512	0.016649294557443812
-999.0	215.0	1.929733590953255e-06	1.2627278478347213e-10	0.01439506270817498	1.8151523802015679	0.016398761749561473
-999.0	190.0	2.284992927261025e-06	2.1185198702736127e-11	0.7727477432982071	2.562491728436415	0.014570920290044885
-999.0	165.0	2.508425228526977e-06	3.416598533311804e-12	1.26417947099315	2.668335327080368	0.010635655038693034
-999.0	140.0	4.2909124908826414e-06	1.2153107904478086e-12	1.5311910847851928	1.900642607065449	0.004643451148425297
-999.0	115.0	3.861580403336986e-06	-3.15846027223787e-13	2.4395099750587135	0.8109758709749478	0.0001954128321258767
-999.0	90.0	4.668761380640382e-06	-1.2744768542416865e-12	4.798217696329961	0.10876789860543537	3.8684805162025266e-07
-999.0	65.0	2.2346842491983907e-06	0.0	1.6301918394036479	-0.06923982778948824	0.0
-999.0	40.0	4.901126797254442e-06	0.0	-8.898099040228159	-0.2687817768652282	0.0
-999.0	15.0	4.203820077954286e-06	0.0	-17.557786105171008	-0.3722322008439776	0.0
245.65277777777777	40	1005.3304433671259	day	levels	pres0
-999.0	990.0	1.4971308155573781e-05	-9.253225839794588e-10	-2.6959319211660855	-0.8246407420152758	-0.0002657308527671628
-999.0	965.0	7.62694166657885e-06	-2.7764941883241983e-09	-4.053789724433262	-1.2731968009519403	-0.000886467096760661
-999.0	940.0	3.495271965644695e-06	-5.75533727996429e-09	-4.968665085141667	-1.6921351607593589	-0.0017180933936449129
-999.0	915.0	7.860522595690913e-07	-7.813853799731715e-09	-5.636570974001863	-2.0913834289781055	-0.0026323389804383617
-999.0	890.0	-2.618253787870937e-06	-8.300268796528845e-09	-6.12967210345804	-2.413174415036839	-0.0034828179835874737
-999.0	865.0	-4.687905344435254e-06	-8.308372147298353e-09	-6.603735257708898	-2.5808480237684943	-0.004234448216150307
-999.0	840.0	-2.642408205521389e-06	-1.079737986836286e-08	-7.05722293399635	-2.53383061289791	-0.004833993102856573
-999.0	815.0	3.4924888920968833e-07	-1.5060226515106252e-08	-7.472578593662865	-2.310963727179061	-0.005168108713563872
-999.0	790.0	2.096356282822304e-06	-1.858568916013503e-08	-7.8708041319771995	-1.9969593416604057	-0.005177625897572026
-999.0	765.0	2.8303571166948604e-06	-2.063168520440459e-08	-8.185507800844032	-1.6448413126229968	-0.0048696764321842865
-999.0	740.0	1.2649202840880316e-06	-1.8505893142297835e-08	-8.267635879062514	-1.3319565049476216	-0.004280656377967837
-999.0	715.0	-2.226533205617773e-06	-1.2991388238649462e-08	-8.111572205074278	-1.087282157148285	-0.0034613107697025153
-999.0	690.0	-4.5971380508906985e-06	-8.462968977557287e-09	-7.837954343311387	-0.9116598787229677	-0.00242520163925959
-999.0	665.0	-4.725726128340142e-06	-6.658486541273905e-09	-7.458335884033691	-0.8230155110950441	-0.0011617633726041755
-999.0	640.0	-4.865161385107308e-06	-5.603291758917975e-09	-7.194846677401705	-0.784091940297481	0.0002872997850510683
-999.0	615.0	-5.551818273698034e-06	-4.765701387457739e-09	-7.121951725747846	-0.7942582199586338	0.001804847662250928
-999.0	590.0	-6.182774543314735e-06	-4.210320844908029e-09	-7.205331914008609	-0.8041987276325384	0.0032791735985992472
-999.0	565.0	-6.7689179769682955e-06	-3.7870580846662955e-09	-7.456746655797206	-0.7992050302406833	0.0046459683128155975
-999.0	540.0	-7.818392935788259e-06	-2.8877802941243126e-09	-7.755628508234791	-0.7650192308993297	0.005920854042609378
-999.0	515.0	-9.351168172778472e-06	-1.7375916195788743e-09	-8.055051544355981	-0.702915514686253	0.007219654167788193
-999.0	490.0	-1.0327274711536162e-05	-1.138516369040196e-09	-8.239378382289237	-0.667904137145885	0.008615074554205711
-999.0	465.0	-1.0347906894311415e-05	-1.0981074175353057e-09	-8.267585546251347	-0.6704377250686618	0.010088060845652483
-999.0	440.0	-1.0429931372548392e-05	-1.2288836581527936e-09	-8.215714546304868	-0.6611233540470551	0.011584618016085258
-999.0	415.0	-1.0576721258638643e-05	-1.4067356636592067e-09	-8.048735489920986	-0.5985787623221871	0.013014636851311464
-999.0	390.0	-9.794415901143789e-06	-1.3557143055321564e-09	-7.594821011263246	-0.40523286092017496	0.01428271987316919
-999.0	365.0	-7.891968972927301e-06	-1.112987382610157e-09	-6.75838080095868	-0.09383181806299419	0.015299387701176663
-999.0	340.0	-5.549311001802832e-06	-7.432407100099579e-10	-5.572948816040214	0.14245062664386868	0.01595155742380168
-999.0	315.0	-3.4748967814976865e-06	-5.370213684840187e-10	-4.152568309080037	0.25033108887098926	0.016146622829173504
-999.0	290.0	-2.2097084465116373e-06	-2.7992656512089574e-10	-2.8685304822902857	0.34281823559411756	0.016026058108327773
-999.0	265.0	-1.2906829106275337e-06	-3.863892504536438e-11	-1.8378092942256832	0.5378565816652116	0.01598704178803939
-999.0	240.0	1.0464785372571792e-07	1.3765894047017574e-10	-0.8897408838310011	1.0208645071538607	0.01617205320281177
-999.0	215.0	1.2854609145281618e-06	1.1938361878337753e-10	0.008817401906796586	1.8272275309714006	0.01593440166400726
-999.0	190.0	1.5333296777930267e-06	1.8647445966445054e-11	0.7436446259241777	2.5807112277973174	0.01416165963982122
-999.0	165.0	1.8065508863213462e-06	5.960549026859894e-12	1.2172575945123463	2.6872823791844382	0.01034801666640426
-999.0	140.0	3.6289793894197218e-06	1.3690343471139513e-12	1.4971374853085555	1.9044590800675278	0.004480124840680282
-999.0	115.0	3.212748023121521e-06	-3.2343412112381527e-13	2.439383459942682	0.8008462016189825	0.0001266354092054745
-999.0	90.0	4.122553621558641e-06	-1.2542119025105483e-12	4.81144734696736	0.1007202983139062	3.443051950030141e-07
-999.0	65.0	1.7522594265681538e-06	0.0	1.6638683343512992	-0.06630403565479384	0.0
-999.0	40.0	4.378920209526986e-06	0.0	-8.866254863757954	-0.28004294386250767	0.0
-999.0	15.0	3.6297591421197706e-06	0.0	-17.509457839859884	-0.3941676025943943	0.0
245.66666666666666	40	1004.9073341006323	day	levels	pres0
-999.0	990.0	1.4014840446333094e-05	-8.644156898500967e-10	-2.698030632166625	-0.8149307199886776	-0.00029671768558800206
-999.0	965.0	7.256652258099848e-06	-2.921565936520771e-09	-3.984260683967887	-1.2232016757839816	-0.0009895074313657952
-999.0	940.0	3.134426901057634e-06	-5.924636480962511e-09	-4.863576908906206	-1.6140324743020542	-0.0019017246914441541
-999.0	915.0	3.993903377913412e-07	-8.031225326857646e-09	-5.518982160658963	-1.9962064873958678	-0.0029049284448181196
-999.0	890.0	-2.972160610148961e-06	-8.418895087078718e-09	-6.0059509901772365	-2.309732220179906	-0.0038509096794504443
-999.0	865.0	-4.96417494052219e-06	-8.544690174631641e-09	-6.48009184996278	-2.475597484480692	-0.004703218116575037
-999.0	840.0	-2.8726264523965724e-06	-1.1212762801540728e-08	-6.934450473104124	-2.4319438455359492	-0.005397873322365553
-999.0	815.0	1.198402113161453e-08	-1.544714856661229e-08	-7.3497311387742466	-2.2182055371147453	-0.00580366481178475
-999.0	790.0	1.672394659921813e-06	-1.899019659807298e-08	-7.75008374168751	-1.9190663624376765	-0.005847194086555312
-999.0	765.0	2.4924915784070735e-06	-2.1202631806585413e-08	-8.072331689652856	-1.586049410736219	-0.005529652845672002
-999.0	740.0	9.696563415068513e-07	-1.9029176146805372e-08	-8.173424209867123	-1.2928612501847925	-0.004892678539617379
-999.0	715.0	-2.749429235885825e-06	-1.2967753788904621e-08	-8.04513229074926	-1.0666997887060947	-0.004000164198847496
-999.0	690.0	-5.447098211676797e-06	-7.981511838681518e-09	-7.799801883243337	-0.9084776107754066	-0.002878944752849682
-999.0	665.0	-5.946777404962103e-06	-5.913685739936719e-09	-7.446576674779241	-0.835858946754841	-0.0015326385627183363
-999.0	640.0	-6.3505503761708146e-06	-4.780085139264291e-09	-7.198756450698488	-0.8123445495786078	-1.7842362702938948e-05
-999.0	615.0	-7.152343236611037e-06	-4.074550409712806e-09	-7.127287597883312	-0.8368417922895719	0.0015347693207816984
-999.0	590.0	-7.764543191082758e-06	-3.634701957351421e-09	-7.2069892940067	-0.8576313073614374	0.003008789136744946
-999.0	565.0	-8.18223024166691e-06	-3.322671917784205e-09	-7.450877535910814	-0.8583587911867535	0.004348182010539272
-999.0	540.0	-9.02447806395421e-06	-2.5007863194559655e-09	-7.740927792730759	-0.8241788329823249	0.005578010029937926
-999.0	515.0	-1.0331452432429455e-05	-1.427614146710073e-09	-8.031037256831185	-0.7554125280253084	0.006822441208418574
-999.0	490.0	-1.1116242339273547e-05	-8.877911515623368e-10	-8.207601876485883	-0.7096789947578408	0.00816363295103208
-999.0	465.0	-1.1020597876124063e-05	-8.571071229526716e-10	-8.23019221283137	-0.6986271833912714	0.009592997811556942
-999.0	440.0	-1.1029514815491222e-05	-9.902047733902141e-10	-8.173402141957009	-0.6778269254026378	0.011064538363376182
-999.0	415.0	-1.1140656276857662e-05	-1.1847449424852187e-09	-8.003172153518252	-0.6072814904508523	0.012490324231327668
-999.0	390.0	-1.0398440321700784e-05	-1.1953586560529292e-09	-7.552549035776167	-0.40679156399401706	0.013770919136437826
-999.0	365.0	-8.610191220811059e-06	-1.020280279498669e-09	-6.72719936143779	-0.08829271341010769	0.014806693926735351
-999.0	340.0	-6.34824186649782e-06	-6.905520949561219e-10	-5.555784726426678	0.15466945015248454	0.01547542001419689
-999.0	315.0	-4.274603817119757e-06	-5.00549532170598e-10	-4.147725496973289	0.26771509682849676	0.015679854156415384
-999.0	290.0	-2.937567227510728e-06	-2.494475617302766e-10	-2.8665319163174714	0.3613389159242529	0.015559697823381832
-999.0	265.0	-1.8981597928344515e-06	-1.553639541032408e-11	-1.8301409905155372	0.553155234881829	0.015514484357812823
-999.0	240.0	-4.414651079707966e-07	1.4507120376659682e-10	-0.8819011038257896	1.0324208149243106	0.015694783146328373
-999.0	215.0	6.411882381016091e-07	1.124944527832643e-10	0.0032397411054006517	1.8393026817412759	0.015470046558548764
-999.0	190.0	7.816664283234741e-07	1.610969323014885e-11	0.7145415085500558	2.598930727158304	0.013752417529563691
-999.0	165.0	1.104676544113943e-06	8.50449952041656e-12	1.1703357180313845	2.7062294312886186	0.010060378836830192
-999.0	140.0	2.9670462879548946e-06	1.5227579037810653e-12	1.4630838858318145	1.9082755530696702	0.004316778084353355
-999.0	115.0	2.5639156429043105e-06	-3.310222150238167e-13	2.439256944826696	0.7907165322630132	5.7846179345141367e-05
-999.0	90.0	3.5763458624754575e-06	-1.233946950779289e-12	4.8246769976048745	0.09267269802234351	3.017668404360607e-07
-999.0	65.0	1.269834603936577e-06	0.0	1.6975448292991036	-0.06336824352010294	0.0
-999.0	40.0	3.856713621797852e-06	0.0	-8.834410687287608	-0.29130411085984353	0.0
-999.0	15.0	3.0556982062828695e-06	0.0	-17.461129574548583	-0.4161030043448894	0.0
245.68055555555554	40	1004.4842248341399	day	levels	pres0
-999.0	990.0	1.3058372737094925e-05	-8.035087957208471e-10	-2.700129343167182	-0.8052206979621086	-0.00032773132455308964
-999.0	965.0	6.886362849621796e-06	-3.066637684716517e-09	-3.91473164350273	-1.173206550616155	-0.0010925949615648795
-999.0	940.0	2.773581836471496e-06	-6.0939356819602554e-09	-4.758488732671065	-1.5359297878449463	-0.002085408712538825
-999.0	915.0	1.272841601461244e-08	-8.24859685398369e-09	-5.4013933473164135	-1.901029545813865	-0.003177601062418576
-999.0	890.0	-3.326067432425888e-06	-8.537521377629428e-09	-5.882229876896795	-2.20629002532323	-0.004219137551369248
-999.0	865.0	-5.240444536608195e-06	-8.781008201965585e-09	-6.3564484422170136	-2.370346945193154	-0.005172182209884071
-999.0	840.0	-3.102844699271071e-06	-1.1628145734718436e-08	-6.811678012212231	-2.330057078174256	-0.005961992598326848
-999.0	815.0	-3.2528084694559646e-07	-1.5834070618117873e-08	-7.22688368388596	-2.125447347050689	-0.006439496879716405
-999.0	790.0	1.248433037022307e-06	-1.9394704036010184e-08	-7.629363351398156	-1.8411733832151744	-0.006517071724670492
-999.0	765.0	2.154626040120094e-06	-2.177357840876501e-08	-7.959155578462007	-1.5272575088496205	-0.006189944183875289
-999.0	740.0	6.743923989265913e-07	-1.9552459151311967e-08	-8.079212540672025	-1.253765995422082	-0.005504989454729351
-999.0	715.0	-3.272325266152217e-06	-1.2944119339160108e-08	-7.978692376424454	-1.04611742026396	-0.004539260506871951
-999.0	690.0	-6.297058372460312e-06	-7.50005469980703e-09	-7.7616494231754185	-0.9052953428278426	-0.0033328790109346104
-999.0	665.0	-7.167828681580394e-06	-5.1688849386015905e-09	-7.434817465524831	-0.8487023824145831	-0.0019036557250518699
-999.0	640.0	-7.835939367229861e-06	-3.956878519612871e-09	-7.202666223995262	-0.8405971588596319	-0.00032308896755232447
-999.0	615.0	-8.75286819951924e-06	-3.383399431969631e-09	-7.132623470018772	-0.8794253646203671	0.0012646089094768794
-999.0	590.0	-9.346311838846039e-06	-3.059083069796291e-09	-7.208646674004809	-0.9110638870901668	0.0027383248763552556
-999.0	565.0	-9.595542506361283e-06	-2.8582857509034516e-09	-7.4450084160244705	-0.9175125521326432	0.0040502989990228505
-999.0	540.0	-1.0230563192116514e-05	-2.113792344788956e-09	-7.726227077226807	-0.8833384350651388	0.005235045356185763
-999.0	515.0	-1.1311736692077445e-05	-1.1176366738426354e-09	-8.007022969306487	-0.8079095413641918	0.006425083844913036
-999.0	490.0	-1.1905209967008553e-05	-6.370659340857357e-10	-8.175825370682643	-0.7514538523696448	0.007712027296181538
-999.0	465.0	-1.169328885793483e-05	-6.161068283711841e-10	-8.192798879411525	-0.7268166417137562	0.009097761060887503
-999.0	440.0	-1.1629098258432562e-05	-7.515258886287127e-10	-8.131089737609308	-0.6945304967581188	0.010544285200024454
-999.0	415.0	-1.1704591295075445e-05	-9.627542213121812e-10	-7.957608817115709	-0.615984218579432	0.011965847286512824
-999.0	390.0	-1.100246474225645e-05	-1.0350030065743765e-09	-7.510277060289274	-0.40835026706779554	0.013258972038804133
-999.0	365.0	-9.328413468693084e-06	-9.275731763875818e-10	-6.696017921917053	-0.08275360875719116	0.014313876036482372
-999.0	340.0	-7.147172731190733e-06	-6.378634799025301e-10	-5.538620636813239	0.16688827366108924	0.014999177937226443
-999.0	315.0	-5.074310852739673e-06	-4.640776958573463e-10	-4.142882684866589	0.28509910478595274	0.015212995853842368
-999.0	290.0	-3.6654260085078225e-06	-2.1896855833978463e-10	-2.864533350344685	0.37985959625431914	0.015093261944450462
-999.0	265.0	-2.5056366750396877e-06	7.566134224632399e-12	-1.8224726868054224	0.5684538880983873	0.01504186954879982
-999.0	240.0	-9.87578069665861e-07	1.5248346706299388e-10	-0.8740613238205999	1.0439771226947199	0.015217484387993288
-999.0	215.0	-3.0844383234842164e-09	1.0560528678316976e-10	-0.0023379196959779085	1.851377832511109	0.015005696433188765
-999.0	190.0	3.00031788554763e-08	1.3571940493857774e-11	0.6854383911760265	2.6171502265192057	0.01334319395927049
-999.0	165.0	4.0280220190831263e-07	1.1048450013964662e-11	1.1234138415505808	2.7251764833926884	0.009772741549972088
-999.0	140.0	2.3051131864919736e-06	1.6764814604472077e-12	1.4290302863551776	1.9120920260717493	0.004153410879445809
-999.0	115.0	1.915083262688846e-06	-3.3861030892384485e-13	2.439130429710665	0.7805868629070479	-1.095485745425334e-05
-999.0	90.0	3.0301381033937164e-06	-1.2136819990481513e-12	4.837906648242272	0.08462509773081432	2.5923298791948037e-07
-999.0	65.0	7.874097813063407e-07	0.0	1.7312213242467553	-0.06043245138540847	0.0
-999.0	40.0	3.334507034070398e-06	0.0	-8.802566510817401	-0.302565277857123	0.0
-999.0	15.0	2.4816372704483536e-06	0.0	-17.412801309237455	-0.43803840609530614	0.0
