z[m]	p[mb]	tls(h)[K/s]	qls[kg/kg/s]	u[m/s]	v[m/s]	w[m/s]
244.0	40	1004.1269378662108	day	levels	pres0
-999.0	990.0	-1.8164346477499715e-06	1.9366216346733615e-09	-1.5326224354406195	-0.21988024314244597	0.0007873958449872775
-999.0	965.0	2.86580495648431e-06	3.5618478607459656e-09	-2.884294753273328	-0.731748414536317	0.0018440705044198637
-999.0	940.0	3.665401417054926e-06	6.469132441216736e-09	-3.8442058761914564	-1.1097921912247937	0.002363855984170836
-999.0	915.0	1.2637308746990227e-06	5.597308848303293e-09	-4.74327332774798	-1.4015562484661737	0.0024779188214560485
-999.0	890.0	-1.2174581556960387e-06	6.425367987335271e-10	-5.581336736679076	-1.5800858164827032	0.0023981261153113043
-999.0	865.0	-1.6668173312037078e-06	-4.632050602392863e-09	-6.310158312320709	-1.6113065034151077	0.0023466802766024383
-999.0	840.0	-3.1212777981569084e-06	-8.299855894788547e-09	-6.883124967416127	-1.5105417699839259	0.002379254503825257
-999.0	815.0	-5.57944915878276e-06	-9.614319963104744e-09	-7.284770766894022	-1.2714457024509707	0.0024514547472075225
-999.0	790.0	-7.1650741759825636e-06	-1.1828391579911114e-08	-7.5138366023699446	-0.9206666598717371	0.0025765596312685313
-999.0	765.0	-6.8921639790965445e-06	-1.6335898717106493e-08	-7.530730028947194	-0.57269749045372	0.0027585633823575743
-999.0	740.0	-5.8674708836608455e-06	-1.9198273841067458e-08	-7.280044198036193	-0.3343847667177518	0.0029264475757026422
-999.0	715.0	-4.9009360157436245e-06	-1.8772819304204962e-08	-6.831250737110773	-0.21240650614102682	0.002996813970012517
-999.0	690.0	-4.102101116182489e-06	-1.686590880934899e-08	-6.360869844754536	-0.15369331417605278	0.0029146074614878428
-999.0	665.0	-3.664453893348022e-06	-1.389283894666362e-08	-5.90221570432186	-0.16582490255435306	0.0026458880913565962
-999.0	640.0	-3.487791287221221e-06	-1.1161984976853191e-08	-5.546463509400685	-0.21104483492672438	0.0021451244178914875
-999.0	615.0	-3.5208647669706908e-06	-8.940188977754185e-09	-5.341785207390785	-0.2808467994133631	0.0013445633328303586
-999.0	590.0	-3.601744371095534e-06	-7.301373480004259e-09	-5.277641060451667	-0.30973251163959503	0.00021747559447323012
-999.0	565.0	-3.6402808607952595e-06	-5.915433883071981e-09	-5.379023438940446	-0.2757725864648819	-0.001196122603918808
-999.0	540.0	-3.3747521660256166e-06	-4.655927830215121e-09	-5.586069085945685	-0.20288787658015894	-0.0028073742427396947
-999.0	515.0	-2.962078950885269e-06	-3.1795326679086965e-09	-5.881604361037414	-0.10862884173790618	-0.004477436078853861
-999.0	490.0	-2.2507345474204387e-06	-1.873628643133324e-09	-6.145561831692854	-0.08603368202845252	-0.006052296650016025
-999.0	465.0	-1.1360309306635626e-06	-6.908798833912307e-10	-6.327194792528946	-0.1595872969677051	-0.007389513208966853
-999.0	440.0	-4.143759293516197e-07	1.2176877741391469e-10	-6.399436471362908	-0.25059524426857627	-0.00834969310736874
-999.0	415.0	-6.364163386428524e-07	-1.755233690211619e-10	-6.337191210128366	-0.3078586248060067	-0.008814715547361168
-999.0	390.0	-1.358782518999996e-06	-5.661624769951838e-10	-6.151723297933738	-0.23811816920836765	-0.008774851316751703
-999.0	365.0	-1.2699716845182352e-06	-8.7100478864428e-10	-5.853903315961361	0.00511217614014936	-0.008379619136191629
-999.0	340.0	2.948240931059606e-07	-1.2858130489971867e-09	-5.516321359823148	0.3980327174067496	-0.007923947401493114
-999.0	315.0	2.2714433294755433e-06	-1.7631223390371478e-09	-5.148478326698144	0.9066328652940379	-0.007787168712817623
-999.0	290.0	3.7589504952645966e-06	-1.2945975312403685e-09	-4.695358107487361	1.4263540804386137	-0.008246308602819755
-999.0	265.0	4.683240635872439e-06	-3.734326569597382e-10	-4.154727692405383	1.8997363286713755	-0.009351933331666567
-999.0	240.0	5.72721698079948e-06	1.651204594829189e-10	-3.63005581498146	2.303993577758471	-0.010953461136624295
-999.0	215.0	6.849943828355107e-06	3.5393114558246457e-10	-3.166510790586471	2.5906299948692326	-0.01265286310455496
-999.0	190.0	6.685477209329192e-06	2.7496062675372407e-10	-2.463013341029485	2.5821733077367144	-0.01359350077887499
-999.0	165.0	4.923639299468723e-06	9.630645224576628e-11	-1.1209324995676675	1.9636100182930627	-0.012410371757153607
-999.0	140.0	5.1171123912488975e-06	9.135083564325863e-12	0.18271595736344648	1.0007096628348031	-0.007324653354100709
-999.0	115.0	4.592022968507889e-06	2.104777981862774e-12	1.2400093007211883	0.48356393352150906	-0.0017451798663092578
-999.0	90.0	5.439003526353863e-06	1.300536105475203e-12	3.664466484139363	0.4440653417259455	1.938161436249367e-07
-999.0	65.0	1.641551110272606e-06	0.0	1.6048239854474862	0.3676506364718079	0.0
-999.0	40.0	-7.285147957089874e-08	0.0	-9.102127569417158	0.07964726102848847	0.0
-999.0	15.0	-3.887220303079596e-06	0.0	-17.917359153429665	-0.08592884646107754	0.0
244.01388888888889	40	1004.2600945366753	day	levels	pres0
-999.0	990.0	-1.905345597012986e-06	1.933467586619324e-09	-1.557540015903879	-0.24303342940082956	0.0007679810379616351
-999.0	965.0	2.244238614980301e-06	3.5389079130259066e-09	-2.9255528739756884	-0.7696577661015834	0.0017927103821246094
-999.0	940.0	3.084908546151638e-06	6.0766382486520414e-09	-3.8923299991422184	-1.161087318013164	0.002297650291143256
-999.0	915.0	7.315429312957251e-07	5.126445754929306e-09	-4.792101914683985	-1.4644164040133396	0.0024098961329238333
-999.0	890.0	-1.753099323077743e-06	3.6989319847342964e-10	-5.629498579987794	-1.6538148356809257	0.0023399345478861315
-999.0	865.0	-2.297385808448239e-06	-4.685446431950704e-09	-6.359472486707933	-1.6962271051275248	0.0023060679949232646
-999.0	840.0	-3.756254673322296e-06	-8.062065026716697e-09	-6.93559487881488	-1.6035657519523034	0.002365665791994657
-999.0	815.0	-6.1335839025022874e-06	-9.150021489006817e-09	-7.338478644688969	-1.368583505352447	0.0024768705365850645
-999.0	790.0	-7.65790647632856e-06	-1.1197156932155248e-08	-7.562204475756087	-1.0185349934770027	0.0026456923311084825
-999.0	765.0	-7.263537168281828e-06	-1.5732105095570786e-08	-7.567008731541843	-0.6667968862587645	0.00286570235698095
-999.0	740.0	-5.987133917498555e-06	-1.8850481928106922e-08	-7.300661972275503	-0.4198823689863518	0.0030606620148762244
-999.0	715.0	-4.7346993652266515e-06	-1.869239042738924e-08	-6.83594983043494	-0.2859889673828808	0.003146297392676267
-999.0	690.0	-3.7414579876931913e-06	-1.691786097453659e-08	-6.351783991411865	-0.21437825883435185	0.0030694041502162847
-999.0	665.0	-3.176424132540611e-06	-1.398508971405193e-08	-5.882666729459584	-0.21249622306619687	0.0027992302838012323
-999.0	640.0	-2.8797737183808198e-06	-1.1315487570478303e-08	-5.520484498805442	-0.24147663175787976	0.0022968451428407536
-999.0	615.0	-2.7978679652933886e-06	-9.149034594884418e-09	-5.3142078996256314	-0.29261354560517805	0.0015054892147448185
-999.0	590.0	-2.834638000997744e-06	-7.49699862668152e-09	-5.2497655743801825	-0.30473856641739133	0.0004051995754420166
-999.0	565.0	-2.940003896694734e-06	-6.030674050312994e-09	-5.351905228915021	-0.25793621585599863	-0.0009645029758464736
-999.0	540.0	-2.7858377807986414e-06	-4.7132899318082514e-09	-5.5619311222323535	-0.17873030500828938	-0.0025151610986198863
-999.0	515.0	-2.477226778624928e-06	-3.226089439548164e-09	-5.863216125302841	-0.08638308976807851	-0.004106568389723739
-999.0	490.0	-1.8385565483272692e-06	-1.973000899653707e-09	-6.13431600564057	-0.07115243789218534	-0.005589552653239057
-999.0	465.0	-7.822184077050678e-07	-8.992925159938402e-10	-6.322678797774867	-0.15686233065742877	-0.006834978596997328
-999.0	440.0	-9.115670142658276e-08	-1.5804561218202372e-10	-6.39467150193676	-0.2612075505571	-0.007717991840436434
-999.0	415.0	-3.298869070977606e-07	-4.75697316564578e-10	-6.323556077425146	-0.3308879495770798	-0.008132066155407283
-999.0	390.0	-1.0719590575076913e-06	-8.214435856571955e-10	-6.127235343058912	-0.268983524154745	-0.008069612838495301
-999.0	365.0	-9.619296239027368e-07	-1.0469685226116065e-09	-5.81793310300067	-0.027044974957370793	-0.007670900923491069
-999.0	340.0	6.764283506286345e-07	-1.3608507557493936e-09	-5.464874002254648	0.3708605644879309	-0.0072193657911476345
-999.0	315.0	2.7761433068518676e-06	-1.7514612925788648e-09	-5.078898884631923	0.8899871643106464	-0.007086698458614562
-999.0	290.0	4.381841688643919e-06	-1.2871700200326512e-09	-4.614141197116225	1.4224320708049585	-0.007545105765827339
-999.0	265.0	5.371530974809787e-06	-4.011235720893303e-10	-4.07365678761286	1.9116001167783054	-0.008642018348099804
-999.0	240.0	6.393651521589227e-06	1.2772785886062422e-10	-3.5603891467606004	2.3425675321508543	-0.010226087185663327
-999.0	215.0	7.433768921367653e-06	3.323795772302856e-10	-3.1094540313437626	2.66527489048468	-0.011911962012678563
-999.0	190.0	7.300356191242675e-06	2.6569185643487426e-10	-2.4033456842104024	2.674719691552561	-0.012873779792872124
-999.0	165.0	5.720671440701896e-06	9.209045395954472e-11	-1.0483405995699357	2.0318057090044555	-0.011772621777304185
-999.0	140.0	5.9464402854215605e-06	8.650097890901857e-12	0.24885701512303365	1.0251846477665465	-0.006965745436586835
-999.0	115.0	5.502602561673157e-06	2.0573471512049084e-12	1.2810352646090597	0.4867718846157737	-0.0016934232413115477
-999.0	90.0	6.368080944057677e-06	1.2076817291060746e-12	3.6890628658304014	0.44431041595009424	1.5003903028563472e-07
-999.0	65.0	2.213513196941019e-06	0.0	1.611135162137161	0.3550928777290695	0.0
-999.0	40.0	2.4787994454275825e-07	0.0	-9.066062908481637	0.07244801817945541	0.0
-999.0	15.0	-3.4862419028873567e-06	0.0	-17.87383784629676	-0.09216658306805041	0.0
244.02777777777777	40	1004.3932512071394	day	levels	pres0
-999.0	990.0	-1.994256546276267e-06	1.9303135385646867e-09	-1.5824575963671488	-0.2661866156591174	0.0007485720086931778
-999.0	965.0	1.6226722734767816e-06	3.5159679653049213e-09	-2.966810994678062	-0.8075671176667382	0.0017413485736937147
-999.0	940.0	2.5044156752486528e-06	5.6841440560870114e-09	-3.9404541220929756	-1.2123824448014076	0.002231435669030196
-999.0	915.0	1.9935498789250489e-07	4.65558266155573e-09	-4.840930501619962	-1.5272765595603617	0.0023418660838198987
-999.0	890.0	-2.288740490459646e-06	9.724959821424706e-11	-5.677660423296456	-1.7275438548789788	0.002281740862343203
-999.0	865.0	-2.9279542856929355e-06	-4.73884226150783e-09	-6.408786661095074	-1.7811477068397397	0.002265456831796583
-999.0	840.0	-4.391231548487495e-06	-7.824274158645058e-09	-6.988064790213534	-1.6965897339204483	0.0023520782572580444
-999.0	815.0	-6.68771864622129e-06	-8.685723014910027e-09	-7.392186522483808	-1.4657213082536682	0.0025022827140824453
-999.0	790.0	-8.150738776673768e-06	-1.0565922284401362e-08	-7.610572349142128	-1.116403327082006	0.002714812647225066
-999.0	765.0	-7.634910357466275e-06	-1.5128311474037487e-08	-7.603287434136412	-0.7608962820635568	0.002972819941870116
-999.0	740.0	-6.1067969513359114e-06	-1.8502690015148173e-08	-7.321279746514772	-0.5053799712547266	0.0031948493304744417
-999.0	715.0	-4.568462714710095e-06	-1.8611961550574204e-08	-6.840648923759106	-0.35957142862454555	0.0032957522579945176
-999.0	690.0	-3.3808148592049075e-06	-1.6969813139724215e-08	-6.3426981380692276	-0.27506320349249513	0.0032241735475269932
-999.0	665.0	-2.6883943717346312e-06	-1.4077340481440023e-08	-5.863117754597361	-0.2591675435779149	0.002952548099959886
-999.0	640.0	-2.271756149542204e-06	-1.1468990164102947e-08	-5.4945054882102635	-0.2719084285889443	0.0024485440755832645
-999.0	615.0	-2.0748711636181756e-06	-9.357880212014018e-09	-5.286630591860531	-0.30438029179694437	0.0016663933973610255
-999.0	590.0	-2.067531630902093e-06	-7.692623773358262e-09	-5.221890088308746	-0.2997446211951806	0.0005928951464787014
-999.0	565.0	-2.2397269325960188e-06	-6.145914217553917e-09	-5.324787018889635	-0.24009984524714678	-0.0007329297126235523
-999.0	540.0	-2.1969233955730215e-06	-4.770652033401674e-09	-5.537793158519051	-0.15457273343648287	-0.0022230228364596267
-999.0	515.0	-1.9923746063655402e-06	-3.2726462111880846e-09	-5.844827889568276	-0.06413733779833419	-0.0037358153148524943
-999.0	490.0	-1.426378549234845e-06	-2.0723731561743235e-09	-6.123070179588264	-0.05627119375600689	-0.005126962519510759
-999.0	465.0	-4.28405884747348e-07	-1.107705148596086e-09	-6.318162803020738	-0.15413736434722786	-0.006280620733051794
-999.0	440.0	2.3206252649744094e-07	-4.37860001777218e-10	-6.38990653251056	-0.2718198568456678	-0.007086473086570327
-999.0	415.0	-2.3357475554089214e-08	-7.758712641071579e-10	-6.309920944721888	-0.3539172743481527	-0.007449589351652809
-999.0	390.0	-7.85135596017227e-07	-1.0767246943185137e-09	-6.102747388184076	-0.29984887910108615	-0.007364530516434456
-999.0	365.0	-6.538875632893906e-07	-1.2229322565785545e-09	-5.78196289004	-0.059202126054836934	-0.006962322094216443
-999.0	340.0	1.058032608149141e-06	-1.4358884625015433e-09	-5.4134266446862105	0.34368841156916663	-0.006514900874847413
-999.0	315.0	3.280843284226144e-06	-1.7398002461207366e-09	-5.009319442565815	0.873341463327294	-0.006386314785269615
-999.0	290.0	5.004732882021172e-06	-1.2797425088250331e-09	-4.532924286745237	1.4185100611713204	-0.00684395629801493
-999.0	265.0	6.0598213137450355e-06	-4.2881448721887814e-10	-3.992585882820489	1.9234639048852247	-0.007932125687029048
-999.0	240.0	7.06008606237706e-06	9.033525823841637e-11	-3.4907224785398756	2.381141486543182	-0.009498719520598848
-999.0	215.0	8.01759401437856e-06	3.1082800887816714e-10	-3.052397272101171	2.7399197861000086	-0.011171081629226382
-999.0	190.0	7.915235173154325e-06	2.564230861160649e-10	-2.3436780273914497	2.7672660753682488	-0.01215411044213619
-999.0	165.0	6.5177035819325626e-06	8.787445567334303e-11	-0.9757486995723711	2.1000013997157154	-0.01113494287337954
-999.0	140.0	6.775768179591741e-06	8.165112217480493e-12	0.3149980728824761	1.0496596326982415	-0.00660689327970114
-999.0	115.0	6.413182154835936e-06	2.0099163205474946e-12	1.3220612284968762	0.4899798357100357	-0.00164167120951456
-999.0	90.0	7.297158361759061e-06	1.114827352737399e-12	3.7136592475214427	0.44455549017422424	1.062523194247792e-07
-999.0	65.0	2.7854752836079647e-06	0.0	1.6174463388268567	0.3425351189863386	0.0
-999.0	40.0	5.686113686556059e-07	0.0	-9.029998247546194	0.0652487753304081	0.0
-999.0	15.0	-3.085263502696127e-06	0.0	-17.83031653916396	-0.09840431967502095	0.0
244.04166666666666	40	1004.5264078776044	day	levels	pres0
-999.0	990.0	-2.083167495539318e-06	1.927159490510648e-09	-1.6073751768304216	-0.2893398019175054	0.0007291687571049639
-999.0	965.0	1.001105931972587e-06	3.4930280175848474e-09	-3.008069115380445	-0.8454764692320104	0.0016899850791978253
-999.0	940.0	1.9239228043451855e-06	5.291649863522242e-09	-3.988578245043758	-1.2636775715897846	0.002165212118046946
-999.0	915.0	-3.3283295551094194e-07	4.18471956818163e-09	-4.889759088555984	-1.5901367151075347	0.0022738286743852316
-999.0	890.0	-2.824381657841462e-06	-1.7539400204596712e-10	-5.725822266605184	-1.80127287407721	0.0022235450588636613
-999.0	865.0	-3.5585227629375495e-06	-4.792238091065775e-09	-6.4581008354823055	-1.8660683085521657	0.0022248467872803806
-999.0	840.0	-5.026208423652955e-06	-7.58648329057325e-09	-7.040534701612293	-1.7896137158888332	0.0023384918996020485
-999.0	815.0	-7.241853389940913e-06	-8.221424540812044e-09	-7.445894400278764	-1.5628591111551489	0.002527691279753799
-999.0	790.0	-8.643571077019881e-06	-9.934687636645387e-09	-7.658940222528281	-1.214271660687273	0.002783920579758986
-999.0	765.0	-8.006283546651656e-06	-1.4524517852501719e-08	-7.63956613673107	-0.8549956778685995	0.003079916137241787
-999.0	740.0	-6.226459985173659e-06	-1.815489810218763e-08	-7.341897520754088	-0.5908775735233225	0.003329009522736593
-999.0	715.0	-4.402226064193104e-06	-1.853153267375848e-08	-6.8453480170832774	-0.4331538898663941	0.003445178566128676
-999.0	690.0	-3.020171730715562e-06	-1.7021765304911803e-08	-6.333612284726558	-0.33574814815078735	0.0033789156534876977
-999.0	665.0	-2.2003646109271626e-06	-1.4169591248828319e-08	-5.843568779735086	-0.3058388640897508	0.0031058415398341156
-999.0	640.0	-1.6637385807017406e-06	-1.1622492757728046e-08	-5.46852647761502	-0.30234022542009104	0.0026002212160762374
-999.0	615.0	-1.3518743619408122e-06	-9.566725829144244e-09	-5.259053284095376	-0.3161470379887501	0.0018272758806073877
-999.0	590.0	-1.3004252608042387e-06	-7.888248920035515e-09	-5.194014602237262	-0.29475067597296695	0.0007805623074797122
-999.0	565.0	-1.5394499684954258e-06	-6.261154384794918e-09	-5.297668808864208	-0.2222634746382529	-0.0005014028144337088
-999.0	540.0	-1.6080090103459939e-06	-4.828014134994792e-09	-5.513655194805719	-0.13041516186460364	-0.0019309594565438733
-999.0	515.0	-1.50752243410517e-06	-3.3192029828275435e-09	-5.826439653833706	-0.04189158582849958	-0.003365176854690399
-999.0	490.0	-1.014200550141656e-06	-2.171745412694698e-09	-6.111824353535981	-0.04138994961973619	-0.004664526249404495
-999.0	465.0	-7.459336178884205e-08	-1.316117781198676e-09	-6.313646808266662	-0.1514123980369512	-0.005726439617539594
-999.0	440.0	5.552817544224764e-07	-7.176743913731374e-10	-6.385141563084417	-0.2824321631341925	-0.006455136846018425
-999.0	415.0	2.831719559909574e-07	-1.0760452116505636e-09	-6.2962858120186675	-0.37694659911922657	-0.006767285136229678
-999.0	390.0	-4.983121345250445e-07	-1.3320058029805133e-09	-6.078259433309251	-0.3307142340474653	-0.006659604350672678
-999.0	365.0	-3.4584550267406843e-07	-1.398895990545873e-09	-5.74599267707931	-0.09135927715236203	-0.006253882648516867
-999.0	340.0	1.4396368656716693e-06	-1.510926169253739e-09	-5.361979287117706	0.3165162586503409	-0.0058105526525973365
-999.0	315.0	3.7855432616024214e-06	-1.7281391996624383e-09	-4.93974000049959	0.8566957623438957	-0.0056860176926292975
-999.0	290.0	5.627624075400513e-06	-1.2723149976173084e-09	-4.451707376374099	1.4145880515376599	-0.006142860199287843
-999.0	265.0	6.748111652682411e-06	-4.5650540234846775e-10	-3.9115149780279634	1.935327692992152	-0.007222255348431643
-999.0	240.0	7.726520603166796e-06	5.294265761612645e-11	-3.4210558103190163	2.4197154409355672	-0.008771358141423024
-999.0	215.0	8.601419107391037e-06	2.8927644052599487e-10	-2.995340512858469	2.814564681715464	-0.01043022195419337
-999.0	190.0	8.530114155067724e-06	2.471543157972166e-10	-2.284010370572378	2.859812459184104	-0.011434492726659836
-999.0	165.0	7.314735723165728e-06	8.365845738712198e-11	-0.9031567995746523	2.168197090427108	-0.010497335045358913
-999.0	140.0	7.605096073764476e-06	7.680126544056526e-12	0.38113913064205285	1.0741346176299804	-0.0062480968834339925
-999.0	115.0	7.323761748001301e-06	1.9624854898896346e-12	1.3630871923847443	0.49318778680430125	-0.0015899237709180514
-999.0	90.0	8.226235779462969e-06	1.0219729763682848e-12	3.7382556292124858	0.4448005643983777	6.245601104194514e-08
-999.0	65.0	3.3574373702764386e-06	0.0	1.6237575155165374	0.32997736024360286	0.0
-999.0	40.0	8.893427927693047e-07	0.0	-8.993933586610666	0.05804953248137084	0.0
-999.0	15.0	-2.6842851025038315e-06	0.0	-17.786795232031047	-0.10464205628199905	0.0
244.05555555555554	40	1004.6595645480685	day	levels	pres0
-999.0	990.0	-2.1720784448025985e-06	1.9240054424560107e-09	-1.6322927572936914	-0.3124929881757932	0.0007097712831200928
-999.0	965.0	3.795395904690679e-07	3.4700880698638616e-09	-3.0493272360828176	-0.8833858207971651	0.0016386198987077126
-999.0	940.0	1.3434299334421999e-06	4.899155670957209e-09	-4.036702367994515	-1.3149726983780283	0.0020989796384088496
-999.0	915.0	-8.650208989141622e-07	3.7138564748080498e-09	-4.938587675491958	-1.6529968706545566	0.00220578390486079
-999.0	890.0	-3.3600228252233653e-06	-4.4803760230515e-10	-5.7739841099138465	-1.8750018932752626	0.0021653471376285563
-999.0	865.0	-4.189091240182245e-06	-4.8456339206229005e-09	-6.507415009869451	-1.9509889102643805	0.00218423786143247
-999.0	840.0	-5.661185298818153e-06	-7.348692422501612e-09	-7.093004613010947	-1.8826376978569783	0.00232490671901297
-999.0	815.0	-7.795988133659917e-06	-7.757126066715258e-09	-7.499602278073601	-1.6599969140563702	0.0025530962336527004
-999.0	790.0	-9.136403377365088e-06	-9.303452988891503e-09	-7.707308095914322	-1.312139994292276	0.002853016128850156
-999.0	765.0	-8.377656735836103e-06	-1.3920724230968422e-08	-7.675844839325639	-0.9490950736733916	0.0031869909433116755
-999.0	740.0	-6.346123019011016e-06	-1.7807106189228874e-08	-7.362515294993356	-0.6763751757916973	0.003463142591900793
-999.0	715.0	-4.23598941367655e-06	-1.845110379694345e-08	-6.850047110407444	-0.5067363511080588	0.0035945763172388185
-999.0	690.0	-2.6595286022272783e-06	-1.7073717470099428e-08	-6.324526431383921	-0.39643309280893074	0.003533630468164653
-999.0	665.0	-1.7123348501211836e-06	-1.4261842016216411e-08	-5.824019804872864	-0.3525101846014689	0.0032591106034238594
-999.0	640.0	-1.055721011863124e-06	-1.1775995351352695e-08	-5.442547467019839	-0.33277202225115565	0.0027518765642750363
-999.0	615.0	-6.28877560265599e-07	-9.775571446273842e-09	-5.231475976330277	-0.3279137841805164	0.0019881366644100514
-999.0	590.0	-5.333188907085876e-07	-8.083874066712255e-09	-5.166139116165826	-0.2897567307507562	0.0009682010583385258
-999.0	565.0	-8.391730043967109e-07	-6.376394552035839e-09	-5.270550598838824	-0.20442710402940106	-0.00026992228146454
-999.0	540.0	-1.0190946251203733e-06	-4.885376236588213e-09	-5.489517231092416	-0.106257590292797	-0.0016389709591627167
-999.0	515.0	-1.0226702618457825e-06	-3.3657597544674636e-09	-5.808051418099143	-0.019645833858755263	-0.0029946530096941924
-999.0	490.0	-6.02022551049232e-07	-2.2711176692153146e-09	-6.100578527483676	-0.02650870548355788	-0.004202243843501366
-999.0	465.0	2.79219161168878e-07	-1.5245304138009213e-09	-6.309130813512534	-0.14868743172675014	-0.005172435250878808
-999.0	440.0	8.785009823464989e-07	-9.97488780968332e-10	-6.380376593658215	-0.2930444694227604	-0.005823983119038075
-999.0	415.0	5.89701387534629e-07	-1.3762191591931436e-09	-6.28265067931541	-0.39997592389029957	-0.0060851535092794045
-999.0	390.0	-2.1148867303458044e-07	-1.5872869116418318e-09	-6.053771478434414	-0.36157958899380627	-0.005954834341323053
-999.0	365.0	-3.7803442060723236e-08	-1.5748597245128212e-09	-5.710022464118639	-0.12351642824982825	-0.005545582586551116
-999.0	340.0	1.821241123192176e-06	-1.5859638760058888e-09	-5.310531929549271	0.28934410573157665	-0.005106321124412379
-999.0	315.0	4.290243238976698e-06	-1.71647815320431e-09	-4.870160558433481	0.8400500613605435	-0.004985807180550908
-999.0	290.0	6.250515268777766e-06	-1.2648874864096901e-09	-4.37049046600311	1.4106660419040213	-0.005441817469563119
-999.0	265.0	7.4364019916176604e-06	-4.841963174780157e-10	-3.830444073235593	1.94719148109907	-0.006512407332297465
-999.0	240.0	8.392955143954631e-06	1.5550056993918602e-11	-3.351389142098293	2.4582893953278946	-0.008044003048140872
-999.0	215.0	9.185244200401943e-06	2.6772487217387637e-10	-2.9382837536158766	2.889209577330793	-0.009689382987586892
-999.0	190.0	9.144993136979374e-06	2.378855454784073e-10	-2.2243427137534257	2.9523588429997893	-0.010714926646446573
-999.0	165.0	8.111767864396393e-06	7.944245910092025e-11	-0.8305648995770873	2.2363927811383677	-0.009859798293229657
-999.0	140.0	8.434423967934657e-06	7.195140870635161e-12	0.4472801884014953	1.098609602561675	-0.005889356247779655
-999.0	115.0	8.234341341164079e-06	1.91505465923222e-12	1.4041131562725608	0.49639573789856306	-0.001538180925522205
-999.0	90.0	9.155313197164355e-06	9.291185999996094e-13	3.762852010903527	0.44504563862250773	1.865010513633473e-08
-999.0	65.0	3.929399456943384e-06	0.0	1.6300686922062322	0.31741960150087206	0.0
-999.0	40.0	1.210074216882152e-06	0.0	-8.957868925675221	0.050850289632323555	0.0
-999.0	15.0	-2.2833067023126007e-06	0.0	-17.743273924898244	-0.11087979288896968	0.0
244.06944444444446	40	1004.7927212185328	day	levels	pres0
-999.0	990.0	-2.2609893940657335e-06	1.920851394401841e-09	-1.6572103377569614	-0.3356461744341812	0.0006903795866616157
-999.0	965.0	-2.420267510352964e-07	3.447148122143601e-09	-3.090585356785192	-0.9212951723624466	0.0015872530322940301
-999.0	940.0	7.629370625385564e-07	4.506661478392073e-09	-4.084826490945291	-1.366267825166422	0.002032738230331238
-999.0	915.0	-1.3972088423177551e-06	3.2429933814337294e-09	-4.987416262427976	-1.7158570262017516	0.002137731775487624
-999.0	890.0	-3.8956639926053385e-06	-7.206812025653239e-10	-5.822145953222572	-1.9487309124735175	0.0021071470988191254
-999.0	865.0	-4.81965971742708e-06	-4.899029750180606e-09	-6.556729184256678	-2.035909511976831	0.00214363005431094
-999.0	840.0	-6.296162173983789e-06	-7.110901554429485e-09	-7.145474524409705	-1.9756616798253877	0.0023113227154775446
-999.0	815.0	-8.350122877379548e-06	-7.292827592617136e-09	-7.553310155868555	-1.7571347169578773	0.002578497575833412
-999.0	790.0	-9.629235677711103e-06	-8.672218341135574e-09	-7.755675969300469	-1.4100083278975715	0.0029220992946394344
-999.0	765.0	-8.74902992502135e-06	-1.3316930609432774e-08	-7.71212354192029	-1.0431944694784636	0.0032940443602966817
-999.0	740.0	-6.465786052848645e-06	-1.7459314276268493e-08	-7.383133069232665	-0.7618727780603204	0.0035972485382065604
-999.0	715.0	-4.069752763159462e-06	-1.837067492012792e-08	-6.8547462037316045	-0.5803188123499309	0.003743945511486587
-999.0	690.0	-2.2988854737378524e-06	-1.7125669635287195e-08	-6.315440578041241	-0.4571180374672426	0.0036883179916258452
-999.0	665.0	-1.224305089313643e-06	-1.4354092783604827e-08	-5.804470830010579	-0.3991815051133204	0.003412355290730935
-999.0	640.0	-4.47703443022583e-07	-1.1929497944977877e-08	-5.4165684564245895	-0.36320381908231303	0.0029035101201371452
-999.0	615.0	9.411924141186177e-08	-9.984417063404154e-09	-5.203898668565117	-0.33968053037232715	0.00214897574869769
-999.0	590.0	2.3378747938937516e-07	-8.279499213389613e-09	-5.138263630094339	-0.2847627855285437	0.0011558113989518313
-999.0	565.0	-1.3889604029600677e-07	-6.4916347192769765e-09	-5.243432388813398	-0.1865907334205072	-3.8488113899455766e-05
-999.0	540.0	-4.301802398932086e-07	-4.942738338181497e-09	-5.465379267379083	-0.08210001872091935	-0.001347057344600864
-999.0	515.0	-5.378180895852374e-07	-3.4123165261071082e-09	-5.789663182364566	0.002599918111072963	-0.002624243780313906
-999.0	490.0	-1.8984455195587205e-07	-2.3704899257358703e-09	-6.08933270143138	-0.011627461347299778	-0.0037401153023744983
-999.0	465.0	6.330316841274997e-07	-1.7329430464036678e-09	-6.304614818758438	-0.14596246541649446	-0.004618607633478551
-999.0	440.0	1.2017202102715733e-06	-1.2773031705643853e-09	-6.3756116242320475	-0.303656775711315	-0.005193011905877076
-999.0	415.0	8.962308190796583e-07	-1.6763931067366776e-09	-6.269015546612161	-0.42300524866141187	-0.005403194470933768
-999.0	390.0	7.533478845760143e-08	-1.8425680203039598e-09	-6.0292835235595605	-0.39244494394022345	-0.005250220488488985
-999.0	365.0	2.7023861855466775e-07	-1.7508234584802679e-09	-5.674052251157919	-0.15567357934737983	-0.004837421908468272
-999.0	340.0	2.2028453807148274e-06	-1.661001582758198e-09	-5.2590845719807415	0.2621719528127413	-0.004402206290297479
-999.0	315.0	4.794943216353113e-06	-1.7048171067460835e-09	-4.800581116367231	0.8234043603771535	-0.00428568324888104
-999.0	290.0	6.873406462157254e-06	-1.257459975202002e-09	-4.2892735556319455	1.4067440322703828	-0.004740828108746202
-999.0	265.0	8.124692330555194e-06	-5.118872326076213e-10	-3.749373168443042	1.9590552692060257	-0.005802581638604011
-999.0	240.0	9.059389684744565e-06	-2.184254362838628e-11	-3.281722473877405	2.4968633497203108	-0.007316654240744707
-999.0	215.0	9.76906929341472e-06	2.461733038216877e-10	-2.8812269943731414	2.9638544729462817	-0.008948564729401998
-999.0	190.0	9.759872118893173e-06	2.2861677515955362e-10	-2.164675056934313	3.044905226815686	-0.00999541220148908
-999.0	165.0	8.908800005629854e-06	7.522646081469849e-11	-0.757972999579324	2.3045884718498115	-0.009222332616970962
-999.0	140.0	9.26375186210754e-06	6.710155197211274e-12	0.5134212461611081	1.1230845874934565	-0.00553067137272843
-999.0	115.0	9.14492093432959e-06	1.867623828574369e-12	1.44513912016045	0.4996036889928432	-0.0014864426733267554
-999.0	90.0	1.0084390614868446e-05	8.362642236304627e-13	3.787448392594586	0.44529071284665134	-2.516539829262236e-08
-999.0	65.0	4.501361543612038e-06	0.0	1.636379868895919	0.30486184275811584	0.0
-999.0	40.0	1.5308056409960141e-06	0.0	-8.921804264739686	0.043651046783285165	0.0
-999.0	15.0	-1.8823283021200637e-06	0.0	-17.699752617765327	-0.11711752949593869	0.0
244.08333333333334	40	1004.9258778889973	day	levels	pres0
-999.0	990.0	-2.3499003433290242e-06	1.9176973463472396e-09	-1.6821279182202407	-0.35879936069247664	0.0006709936676525857
-999.0	965.0	-8.635930925389352e-07	3.4242081744226605e-09	-3.13184347748758	-0.9592045239276085	0.0015358844800274184
-999.0	940.0	1.8244419163546158e-07	4.114167285827048e-09	-4.13295061389606	-1.4175629519546717	0.001966487894029205
-999.0	915.0	-1.9293967857210234e-06	2.7721302880600827e-09	-5.036244849363959	-1.7787171817487781	0.002069672286506329
-999.0	890.0	-4.431305159987197e-06	-9.933248028246672e-10	-5.870307796531235	-2.022459931671575	0.002048944942615974
-999.0	865.0	-5.45022819467166e-06	-4.9524255797379035e-09	-6.606043358643824	-2.120830113689048	0.002103023365973101
-999.0	840.0	-6.931139049148882e-06	-6.873110686357934e-09	-7.19794443580836	-2.068685661793534	0.002297739888981569
-999.0	815.0	-8.904257621098521e-06	-6.828529118520314e-09	-7.607018033663397	-1.8542725198590961	0.002603895306349042
-999.0	790.0	-1.0122067978056348e-05	-8.040983693381584e-09	-7.804043842686514	-1.5078766615025674	0.0029911700772662945
-999.0	765.0	-9.120403114205857e-06	-1.2713136987899411e-08	-7.748402244514864	-1.1372938652832447	0.0034010763884120853
-999.0	740.0	-6.585449086686027e-06	-1.7111522363309724e-08	-7.403750843471938	-0.8473703803286806	0.0037313273618915575
-999.0	715.0	-3.903516112642883e-06	-1.8290246043312884e-08	-6.8594452970557755	-0.6539012735915792	0.0038932861490315732
-999.0	690.0	-1.9382423452495225e-06	-1.717762180047481e-08	-6.3063547246986085	-0.5178029821253687	0.0038429782239370043
-999.0	665.0	-7.362753285076155e-07	-1.4446343550992897e-08	-5.78492185514836	-0.44585282562502176	0.0035655756017547303
-999.0	640.0	1.603141258160748e-07	-1.2083000538602502e-08	-5.390589445829414	-0.39363561591336194	0.003055121883617376
-999.0	615.0	8.171160430871033e-07	-1.0193262680533735e-08	-5.176321360800022	-0.3514472765640793	0.0023097931333959008
-999.0	590.0	1.000893849485048e-06	-8.47512436006633e-09	-5.110388144022907	-0.27976884030631977	0.0013433933292125628
-999.0	565.0	5.613809238027269e-07	-6.606874886517863e-09	-5.216314178788019	-0.16875436281164233	0.00019289968807341577
-999.0	540.0	1.5873414533241204e-07	-5.000100439774875e-09	-5.4412413036657865	-0.05794244714910088	-0.0010552186131489263
-999.0	515.0	-5.296591732587753e-08	-3.4588732977469857e-09	-5.77127494663001	0.024845670080826665	-0.0022539491670067577
-999.0	490.0	2.223334471365173e-07	-2.469862182256441e-09	-6.078086875379083	0.003253782788884857	-0.003278140626605396
-999.0	465.0	9.868442070851897e-07	-1.941355679005862e-09	-6.300098824004319	-0.14323749910629038	-0.004064956765757211
-999.0	440.0	1.5249394381955678e-06	-1.5571175601595333e-09	-6.370846654805853	-0.3142690819998817	-0.0045622232067929185
-999.0	415.0	1.2027602506232724e-06	-1.976567054279225e-09	-6.255380413908911	-0.446034573432484	-0.004721408021334206
-999.0	390.0	3.62158249947937e-07	-2.097849128965248e-09	-6.004795568684729	-0.423310298886566	-0.004545762792283225
-999.0	365.0	5.782806791678327e-07	-1.926787192447193e-09	-5.638082038197254	-0.1878307304448512	-0.004129400614426464
-999.0	340.0	2.584449638235189e-06	-1.736039289510326e-09	-5.207637214412309	0.2349997998939699	-0.0036982081502666777
-999.0	315.0	5.299643193727339e-06	-1.693156060287934e-09	-4.731001674301131	0.8067586593937953	-0.0035856458974758273
-999.0	290.0	7.496297655534517e-06	-1.2500324639943717e-09	-4.2080566452609665	1.4028220226367398	-0.004039892116752783
-999.0	265.0	8.812982669490445e-06	-5.395781477371612e-10	-3.668302263650682	1.9709190573129416	-0.005092778267339662
-999.0	240.0	9.725824225532344e-06	-5.923514425058207e-11	-3.2120558056566937	2.535437304112636	-0.006589311719237988
-999.0	215.0	1.0352894386425496e-05	2.246217354695797e-10	-2.8241702351305666	3.0384993685616086	-0.008207767179644537
-999.0	190.0	1.037475110080469e-05	2.1934800484074545e-10	-2.1050074001153827	3.137451610631371	-0.009275949391789592
-999.0	165.0	9.705832146860487e-06	7.101046252849719e-11	-0.6853810995817854	2.372784162561066	-0.008584938016569387
-999.0	140.0	1.0093079756277772e-05	6.2251695237899155e-12	0.579562303920528	1.1475595724251475	-0.0051720422582742865
-999.0	115.0	1.0055500527492421e-05	1.820192997916937e-12	1.4861650840482534	0.5028116400871088	-0.0014347090143318672
-999.0	90.0	1.1013468032569875e-05	7.434098472617949e-13	3.8120447742856265	0.445535787070789	-6.899049924532302e-08
-999.0	65.0	5.073323630279028e-06	0.0	1.6426910455856192	0.29230408401539	0.0
-999.0	40.0	1.8515370651089114e-06	0.0	-8.885739603804232	0.036451803934235485	0.0
-999.0	15.0	-1.4813499019287544e-06	0.0	-17.65623131063252	-0.12335526610291325	0.0
244.09722222222223	40	1005.0590345594619	day	levels	pres0
-999.0	990.0	-2.438811292592066e-06	1.914543298293165e-09	-1.7070454986835037	-0.38195254695085706	0.0006516135260160914
-999.0	965.0	-1.4851594340430098e-06	3.4012682267025404e-09	-3.1731015981899477	-0.9971138754928737	0.001484514241978665
-999.0	940.0	-3.9804867926789727e-07	3.7216730932622712e-09	-4.18107473684683	-1.468858078743043	0.0019002286297183165
-999.0	915.0	-2.4615847291244235e-06	2.30126719468605e-09	-5.085073436299972	-1.8415773372959465	0.002001605438158279
-999.0	890.0	-4.966946327369056e-06	-1.2659684030847195e-09	-5.918469639839962	-2.096188950869802	0.001990740669200691
-999.0	865.0	-6.08079667191639e-06	-5.005821409295676e-09	-6.6553575330310535	-2.205750715401471	0.0020624177964773736
-999.0	840.0	-7.5661159243144475e-06	-6.635319818286039e-09	-7.250414347207119	-2.1617096437619177	0.0022841582395120574
-999.0	815.0	-9.458392364818173e-06	-6.364230644422362e-09	-7.660725911458351	-1.9514103227605792	0.0026292894252540684
-999.0	790.0	-1.0614900278402424e-05	-7.409749045625715e-09	-7.852411716072663	-1.6057449951078413	0.003060228476871743
-999.0	765.0	-9.491776303391181e-06	-1.2109343366363711e-08	-7.784680947109517	-1.2313932610882985	0.003508087027874875
-999.0	740.0	-6.70511212052375e-06	-1.67637304503492e-08	-7.424368617711251	-0.932867982597291	0.0038653790631953387
-999.0	715.0	-3.737279462125915e-06	-1.8209817166497164e-08	-6.864144390379941	-0.7274837348334442	0.0040425982300354105
-999.0	690.0	-1.5775992167602234e-06	-1.72295739656624e-08	-6.297268871355936	-0.5784879267836782	0.003997611165166085
-999.0	665.0	-2.4824556770019473e-07	-1.453859431838121e-08	-5.7653728802860815	-0.4925241461368744	0.003718771536497028
-999.0	640.0	7.68331694656496e-07	-1.2236503132227621e-08	-5.364610435234167	-0.4240674127445244	0.00320671185467316
-999.0	615.0	1.5401128447644389e-06	-1.0402108297663982e-08	-5.1487440530348625	-0.3632140227558992	0.002470588818433297
-999.0	590.0	1.7680002195828814e-06	-8.670749506743606e-09	-5.082512657951419	-0.27477489508411945	0.0015309468490173435
-999.0	565.0	1.2616578879033013e-06	-6.7221150537589e-09	-5.1891959687625855	-0.15091799220276153	0.0004242411242705965
-999.0	540.0	7.476485305594392e-07	-5.057462541368036e-09	-5.417103339952447	-0.033784875577233586	-0.0007634547650916792
-999.0	515.0	4.318862549345203e-07	-3.5054300693864876e-09	-5.75288671089543	0.04709142205065192	-0.0018837691702228677
-999.0	490.0	6.34511446229741e-07	-2.569234438776861e-09	-6.066841049326793	0.018135026925149428	-0.0028163198167673394
-999.0	465.0	1.3406567300437252e-06	-2.1497683116085034e-09	-6.295582829250233	-0.14051253279601694	-0.0035114826481241358
-999.0	440.0	1.848158666120633e-06	-1.8369319497554986e-09	-6.366081685379702	-0.3248813882884076	-0.003931617022033753
-999.0	415.0	1.5092896821683776e-06	-2.2767410018226636e-09	-6.2417452812056835	-0.46906389820355854	-0.00403979416061296
-999.0	390.0	6.489817114402485e-07	-2.3531302376272787e-09	-5.980307613809897	-0.45417565383294384	-0.00384146125280979
-999.0	365.0	8.863227397833354e-07	-2.102750926414534e-09	-5.602111825236557	-0.2199878815423709	-0.0034215187045755573
-999.0	340.0	2.9660538957578637e-06	-1.811076996262543e-09	-5.156189856843801	0.20782764697515133	-0.0029943267043258674
-999.0	315.0	5.8043431711036655e-06	-1.6814950138296572e-09	-4.661422232234898	0.7901129584104031	-0.002885695126182985
-999.0	290.0	8.119188848913849e-06	-1.2426049527866591e-09	-4.126839734889819	1.3989000130030838	-0.003339009493489586
-999.0	265.0	9.50127300842782e-06	-5.672690628667589e-10	-3.5872313588581464	1.9827828454198715	-0.00438299721848334
-999.0	240.0	1.039225876632214e-05	-9.662774487288402e-11	-3.1423891374358224	2.5740112585050228	-0.005861975483614562
-999.0	215.0	1.0936719479438102e-05	2.0307016711739694e-10	-2.767113475887847	3.1131442641770652	-0.007466990338311116
-999.0	190.0	1.098963008271822e-05	2.1007923452189606e-10	-2.0453397432962888	3.229997994447228	-0.008556538217342213
-999.0	165.0	1.0502864288093683e-05	6.679446424227576e-11	-0.6127891995840403	2.440979853272464	-0.007947614492005123
-999.0	140.0	1.0922407650450456e-05	5.740183850365942e-12	0.6457033616801277	1.1720345573568904	-0.004813468904407983
-999.0	115.0	1.0966080120657733e-05	1.7727621672590948e-12	1.5271910479361344	0.5060195911813706	-0.001382979948537338
-999.0	90.0	1.1942545450273739e-05	6.505554708926729e-13	3.83664115597667	0.4457808612949348	-1.1282519772246879e-07
-999.0	65.0	5.645285716947459e-06	0.0	1.6490022222752947	0.2797463252726493	0.0
-999.0	40.0	2.1722684892225603e-06	0.0	-8.849674942868711	0.029252561085200593	0.0
-999.0	15.0	-1.0803715017365376e-06	0.0	-17.61271000349962	-0.12959300270988736	0.0
244.11111111111111	40	1005.1921912299259	day	levels	pres0
-999.0	990.0	-2.5277222418553475e-06	1.911389250238528e-09	-1.7319630791467735	-0.4051057332091451	0.000632239161675179
-999.0	965.0	-2.10672577554653e-06	3.3783282789815563e-09	-3.2143597188923207	-1.0350232270580286	0.0014331423182184272
-999.0	940.0	-9.785415501708819e-07	3.3291789006972383e-09	-4.229198859797588	-1.5201532055312867	0.0018339604376137358
-999.0	915.0	-2.993772672527644e-06	1.8304041013124729e-09	-5.133902023235949	-1.9044374928429684	0.0019335312306841838
-999.0	890.0	-5.502587494750959e-06	-1.5386120033439032e-09	-5.966631483148623	-2.1699179700678544	0.0019325342787540518
-999.0	865.0	-6.711365149161087e-06	-5.059217238852798e-09	-6.704671707418197	-2.2906713171136857	0.0020218133458812645
-999.0	840.0	-8.201092799479648e-06	-6.3975289502144e-09	-7.302884258605772	-2.2547336257300628	0.0022705777670550256
-999.0	815.0	-1.0012527108537179e-05	-5.899932170325576e-09	-7.714433789253188	-2.048548125661801	0.0026546799326018665
-999.0	790.0	-1.1107732578747631e-05	-6.778514397871829e-09	-7.900779589458703	-1.7036133287128448	0.0031292744935955655
-999.0	765.0	-9.863149492575628e-06	-1.1505549744830417e-08	-7.820959649704086	-1.325492656893091	0.003615076278900706
-999.0	740.0	-6.824775154361107e-06	-1.6415938537390445e-08	-7.44498639195052	-1.0183655848656659	0.003999403642356018
-999.0	715.0	-3.57104281160936e-06	-1.812938828968213e-08	-6.868843483704108	-0.8010661960751089	0.004191881754658195
-999.0	690.0	-1.2169560882719394e-06	-1.728152613085003e-08	-6.288183018013298	-0.6391728714418216	0.004152216815379373
-999.0	665.0	2.3978419310578437e-07	-1.4630845085769305e-08	-5.745823905423858	-0.5391954666485925	0.0038719430949578043
-999.0	640.0	1.376349263495112e-06	-1.239000572585227e-08	-5.338631424638987	-0.454499209575589	0.003358280033259916
-999.0	615.0	2.263109646439652e-06	-1.061095391479358e-08	-5.121166745269763	-0.3749807689476655	0.0026313628037360915
-999.0	590.0	2.5351065896785324e-06	-8.866374653420348e-09	-5.054637171879983	-0.2697809498619087	0.0017184719582597205
-999.0	565.0	1.961934852002016e-06	-6.837355220999821e-09	-5.162077758737202	-0.13308162159390957	0.0006555361945045681
-999.0	540.0	1.3365629157850599e-06	-5.114824642961458e-09	-5.392965376239145	-0.009627304005426857	-0.0004717658007191305
-999.0	515.0	9.167384271939081e-07	-3.5519868410264098e-09	-5.734498475160867	0.06933717402039624	-0.0015137037904188594
-999.0	490.0	1.0466894453221652e-06	-2.6686066952974784e-09	-6.055595223274486	0.03301627106132762	-0.002354652873441243
-999.0	465.0	1.6944692530014455e-06	-2.3581809442107487e-09	-6.291066834496104	-0.13778756648581597	-0.0029581852809971564
-999.0	440.0	2.1713778940446553e-06	-2.1167463393506934e-09	-6.3613167159535005	-0.33549369457697553	-0.0033011933518565725
-999.0	415.0	1.8158191137120492e-06	-2.5769149493652434e-09	-6.2281101485024255	-0.4920932229746316	-0.0033583528889110717
-999.0	390.0	9.35805172930713e-07	-2.608411346288597e-09	-5.955819658935061	-0.48504100877928497	-0.003137315870181156
-999.0	365.0	1.1943648003966818e-06	-2.278714660381482e-09	-5.566141612275888	-0.25214503263983723	-0.0027137761790735388
-999.0	340.0	3.3476581532783705e-06	-1.8861147030146933e-09	-5.104742499275363	0.180655494056387	-0.002290561952489061
-999.0	315.0	6.309043148477941e-06	-1.6698339673715287e-09	-4.591842790168791	0.7734672574270505	-0.0021858309348586867
-999.0	290.0	8.742080042291099e-06	-1.2351774415790407e-09	-4.04562282451883	1.3949780033694452	-0.0026381802388723698
-999.0	265.0	1.018956334736307e-05	-5.949599779963065e-10	-3.5061604540657756	1.99464663352679	-0.003673238492023493
-999.0	240.0	1.1058693307109971e-05	-1.3402034549509177e-10	-3.0727224692150967	2.612585212897351	-0.005134645533877913
-999.0	215.0	1.1520544572449013e-05	1.815185987652784e-10	-2.710056716645256	3.187789159792395	-0.006726234205407543
-999.0	190.0	1.1604509064629871e-05	2.0081046420308673e-10	-1.9856720864773367	3.322544378262915	-0.007837178678149037
-999.0	165.0	1.1299896429324349e-05	6.257846595607405e-11	-0.5401972995864757	2.509175543983724	-0.007310362043264517
-999.0	140.0	1.1751735544620635e-05	5.255198176944576e-12	0.7118444194395699	1.1965095422885852	-0.004454951311123324
-999.0	115.0	1.1876659713820512e-05	1.725331336601681e-12	1.5682170118239513	0.5092275422756325	-0.0013312554759432875
-999.0	90.0	1.287162286797512e-05	5.577010945239972e-13	3.861237537667711	0.44602593551906483	-1.56669493724726e-07
-999.0	65.0	6.217247803614404e-06	0.0	1.6553133989649904	0.26718856652991846	0.0
-999.0	40.0	2.492999913335408e-06	0.0	-8.813610281933267	0.022053318236153294	0.0
-999.0	15.0	-6.793931015453074e-07	0.0	-17.569188696366812	-0.13583073931685793	0.0
244.125	40	1005.3253479003906	day	levels	pres0
-999.0	990.0	-2.6166331911183617e-06	1.908235202184491e-09	-1.756880659610033	-0.4282589194675286	0.0006128705745529067
-999.0	965.0	-2.7282921170505394e-06	3.3553883312614973e-09	-3.255617839594682	-1.0729325786232946	0.0013817687088174102
-999.0	940.0	-1.5590344210741696e-06	2.936684708132546e-09	-4.27732298274835	-1.5714483323196569	0.001767683317930881
-999.0	915.0	-3.5259606159309398e-06	1.3595410079384841e-09	-5.182730610171952	-1.967297648390134	0.0018654496643252068
-999.0	890.0	-6.038228662132665e-06	-1.8112556036040008e-09	-6.014793326457341	-2.2436469892660775	0.0018743257714573917
-999.0	865.0	-7.341933626405618e-06	-5.112613068410643e-09	-6.753985881805419	-2.3755919188261028	0.0019812100142429
-999.0	840.0	-8.836069674645032e-06	-6.159738082142548e-09	-7.355354170004526	-2.3477576076984406	0.0022569984715971906
-999.0	815.0	-1.0566661852256706e-05	-5.435633696227643e-09	-7.768141667048137	-2.145685928563277	0.0026800668284466516
-999.0	790.0	-1.1600564879093627e-05	-6.147279750115962e-09	-7.949147462844848	-1.8014816623181105	0.003198308127578545
-999.0	765.0	-1.0234522681760912e-05	-1.0901756123294707e-08	-7.857238352298737	-1.4195920526981352	0.003722044141706352
-999.0	740.0	-6.944438188198816e-06	-1.606814662442991e-08	-7.465604166189829	-1.103863187134266	0.0041334010996129265
-999.0	715.0	-3.4048061610923874e-06	-1.8048959412866413e-08	-6.8735425770282745	-0.8746486573169628	0.004341136723061343
-999.0	690.0	-8.563129597826411e-07	-1.7333478296037625e-08	-6.279097164670626	-0.6998578161001204	0.004306795174644592
-999.0	665.0	7.278139539131962e-07	-1.4723095853157615e-08	-5.726274930561581	-0.5858667871604363	0.004025090277138602
-999.0	640.0	1.984366832335514e-06	-1.2543508319477379e-08	-5.312652414043744	-0.48493100640674425	0.0035098264193348452
-999.0	615.0	2.9861064481169534e-06	-1.0819799531923814e-08	-5.09358943750461	-0.38674751513948047	0.002792115089232672
-999.0	590.0	3.3022129597763222e-06	-9.061999800097613e-09	-5.026761685808499	-0.264787004639705	0.0019059686568361038
-999.0	565.0	2.6622118161025424e-06	-6.952595388240836e-09	-5.134959548711777	-0.11524525098502633	0.0008867848985916504
-999.0	540.0	1.925477301012035e-06	-5.17218674455459e-09	-5.368827412525811	0.01453026756644249	-0.00018015172031624792
-999.0	515.0	1.4015905994542495e-06	-3.598543612665877e-09	-5.716110239426294	0.09158292599022388	-0.0011437530280450218
-999.0	490.0	1.4588674444153352e-06	-2.767978951817861e-09	-6.044349397222201	0.047897515197594914	-0.0018931397972005086
-999.0	465.0	2.0482817759599395e-06	-2.566593576813358e-09	-6.286550839742024	-0.13506260017553962	-0.0024050646647856885
-999.0	440.0	2.4945971219696933e-06	-2.396560728946632e-09	-6.356551746527353	-0.3461060008654992	-0.002670952196509494
-999.0	415.0	2.12234854525714e-06	-2.877088896908659e-09	-6.214475015799205	-0.5151225477457047	-0.0026770842063606353
-999.0	390.0	1.2226286344230176e-06	-2.8636924549506077e-09	-5.931331704060237	-0.5159063637256622	-0.002433326644501033
-999.0	365.0	1.5024068610121803e-06	-2.4546783943488087e-09	-5.530171399315198	-0.2843021837373574	-0.0020061730380697886
-999.0	340.0	3.7292624108010427e-06	-1.9611524097669003e-09	-5.053295141706864	0.1534833411375681	-0.00158691389476148
-999.0	315.0	6.813743125854267e-06	-1.658172920913246e-09	-4.5222633481025705	0.7568215564436589	-0.0014860533233498105
-999.0	290.0	9.364971235670426e-06	-1.2277499303713236e-09	-3.964405914147695	1.3910559937357903	-0.001937404352806871
-999.0	265.0	1.0877853686300417e-05	-6.226508931258986e-10	-3.4250895492732525	2.00651042163372	-0.002963502087937944
-999.0	240.0	1.1725127847899717e-05	-1.7141294611738653e-10	-3.003055800994237	2.6511591672897343	-0.004407321870020716
-999.0	215.0	1.2104369665461558e-05	1.5996703041309955e-10	-2.652999957402547	3.2624340554078413	-0.005985498780929278
-999.0	190.0	1.2219388046543355e-05	1.9154169388423693e-10	-1.926004429658254	3.4150907620787616	-0.007117870774203184
-999.0	165.0	1.2096928570557523e-05	5.83624676698525e-11	-0.46760539958874386	2.577371234695116	-0.00667318067032714
-999.0	140.0	1.25810634387933e-05	4.770212503520573e-12	0.777985477199157	1.2209845272203286	-0.00409648947841083
-999.0	115.0	1.278723930698578e-05	1.6779005059438154e-12	1.6092429757118223	0.5124354933698971	-0.0012795355965494947
-999.0	90.0	1.3800700285678936e-05	4.648467181548691e-13	3.8858339193587494	0.44627100974321365	-2.00523387252564e-07
-999.0	65.0	6.789209890282815e-06	0.0	1.6616245756546655	0.25463080778717995	0.0
-999.0	40.0	2.813731337449065e-06	0.0	-8.777545620997746	0.014854075387120233	0.0
-999.0	15.0	-2.7841470135306866e-07	0.0	-17.525667389233906	-0.14206847592383087	0.0
244.13888888888889	40	1005.1666926631219	day	levels	pres0
-999.0	990.0	-3.863328626120068e-06	2.1283036282212767e-09	-1.7820289620646639	-0.4511895397747411	0.0006107684543626115
-999.0	965.0	-4.529351801632232e-06	3.829432588882071e-09	-3.297390763406389	-1.1104012502495793	0.0013978265320179206
-999.0	940.0	-3.1555833622208786e-06	2.9926867463339737e-09	-4.325837155183152	-1.6223685252998126	0.0018159266714009412
-999.0	915.0	-4.9059646606067215e-06	1.2027689620109603e-09	-5.231483464094783	-2.029947373050289	0.001955507842713847
-999.0	890.0	-7.296326046104908e-06	-1.8255764591214485e-09	-6.062326741439346	-2.317285656377191	0.002012274912049668
-999.0	865.0	-8.646487061954233e-06	-4.88692405921122e-09	-6.8024083000642594	-2.4605361488131203	0.0021652541978799695
-999.0	840.0	-1.0089198637125738e-05	-5.6447965290156115e-09	-7.40685009735606	-2.440970277344837	0.0024811283946602368
-999.0	815.0	-1.16740303437918e-05	-4.74609314296788e-09	-7.820814159181429	-2.2431425308740787	0.0029348163182100536
-999.0	790.0	-1.2620078608655055e-05	-5.372840933426112e-09	-7.996528016196399	-1.8995591542788155	0.0034638241364408594
-999.0	765.0	-1.112744460790797e-05	-1.0225763326459748e-08	-7.892820296464175	-1.5135681041413978	0.003969261359724789
-999.0	740.0	-7.62697145411899e-06	-1.561316473978565e-08	-7.4857810205883615	-1.1888972378716298	0.0043343965410703855
-999.0	715.0	-3.87789187267862e-06	-1.78036507034146e-08	-6.877891730379174	-0.9475853204107116	0.00447602827300108
-999.0	690.0	-1.2097320109303616e-06	-1.718248072554074e-08	-6.269728775377612	-0.7597894147729012	0.004361828761478158
-999.0	665.0	4.5279580371526866e-07	-1.4590059283453583e-08	-5.706466456392272	-0.6317922932751759	0.003990594076749963
-999.0	640.0	1.8169367475120023e-06	-1.2477590694569193e-08	-5.286436987143947	-0.5146510856985353	0.0033837048785473585
-999.0	615.0	2.959972470730595e-06	-1.0852683890072481e-08	-5.065801808265602	-0.3978793733253343	0.002584076764473983
-999.0	590.0	3.3601263653940987e-06	-9.123591438832743e-09	-4.998720660253786	-0.2591836860153397	0.0016333817308603641
-999.0	565.0	2.6811586157323457e-06	-6.977075132798343e-09	-5.107738302813618	-0.09677971182045023	0.00056729063622456
-999.0	540.0	1.8103024721696903e-06	-5.148046352007363e-09	-5.344659285412882	0.03925578572134483	-0.0005287742161600795
-999.0	515.0	1.1363282244947851e-06	-3.559620263593147e-09	-5.697787411786888	0.11426859293826452	-0.0015037074406395786
-999.0	490.0	1.1028169339073124e-06	-2.7878600514756165e-09	-6.033242869156387	0.06311532855037869	-0.0022529303215894866
-999.0	465.0	1.6231085051615792e-06	-2.7007404944779375e-09	-6.282232787874031	-0.13209142066810692	-0.002768941470251373
-999.0	440.0	2.018554855248652e-06	-2.6043069979116754e-09	-6.351962575206077	-0.3564821713500316	-0.0030591439701007986
-999.0	415.0	1.6161115760306638e-06	-3.105657512452657e-09	-6.200896779696166	-0.5378492395910903	-0.0031196386132577103
-999.0	390.0	7.069413916986777e-07	-3.053414957957891e-09	-5.906817823648461	-0.5464358710580512	-0.002958574109739502
-999.0	365.0	1.0335944816199656e-06	-2.5776880770518838e-09	-5.494126685377619	-0.3161380255112135	-0.002625890248327109
-999.0	340.0	3.3058093979553624e-06	-2.0047662169062548e-09	-5.001732060202822	0.126575581453444	-0.002295661780248257
-999.0	315.0	6.40080408494953e-06	-1.6353387902438709e-09	-4.452546313542963	0.7403700937521137	-0.0022672584053799786
-999.0	290.0	8.950204899542074e-06	-1.2131527205850917e-09	-3.883066121074827	1.387278838497061	-0.002766633127116097
-999.0	265.0	1.0455330683362533e-05	-6.348015895801695e-10	-3.3439318626014627	2.018511550432005	-0.0038093480527647315
-999.0	240.0	1.1316450870137301e-05	-1.9036087090065268e-10	-2.9333433961426194	2.689892220828289	-0.005229754624884146
-999.0	215.0	1.1701659146607493e-05	1.5259851444943835e-10	-2.595931653623177	3.337262536088672	-0.006739164414200235
-999.0	190.0	1.1762801613830457e-05	1.8833322774896292e-10	-1.8663368595211574	3.507822618440409	-0.007751274802625711
-999.0	165.0	1.15419208748095e-05	5.5076936013321564e-11	-0.39501450514344505	2.645748957439759	-0.00710631417254622
-999.0	140.0	1.2000803208100501e-05	4.597954733039662e-12	0.8441544533880306	1.2456599961000645	-0.004313867164046849
-999.0	115.0	1.2135611470488941e-05	1.7776260095921234e-12	1.650277735458503	0.5156820565462105	-0.0013627926645618101
-999.0	90.0	1.319687763816281e-05	4.769564322276338e-13	3.9104305709953615	0.4465181111461665	-2.5019581753063546e-07
-999.0	65.0	6.170412951910925e-06	0.0	1.6679356393438687	0.24207334375629613	0.0
-999.0	40.0	2.4677294513892137e-06	0.0	-8.741477750517673	0.007654844162372651	0.0
-999.0	15.0	-1.51089663758744e-07	0.0	-17.48214526088145	-0.14830623909667234	0.0
244.15277777777777	40	1005.0080374258536	day	levels	pres0
-999.0	990.0	-5.1100240611186635e-06	2.348372054257062e-09	-1.8071772645193045	-0.4741201600818587	0.000608666942893442
-999.0	965.0	-6.330411486210062e-06	4.3034768465006856e-09	-3.3391636872181065	-1.1478699218757547	0.0014138848387751368
-999.0	940.0	-4.752132303364467e-06	3.0486887845342965e-09	-4.3743513276179495	-1.6732887182798426	0.001864176354285166
-999.0	915.0	-6.285968705280232e-06	1.0459969160837562e-09	-5.280236318017584	-2.0925970977103012	0.0020455754733069856
-999.0	890.0	-8.554423430075695e-06	-1.8398973146376005e-09	-6.109860156421296	-2.390924323488135	0.0021502287391023385
-999.0	865.0	-9.951040497501611e-06	-4.661235050010776e-09	-6.850830718323023	-2.545480378799934	0.0023492930328636976
-999.0	840.0	-1.1342327599604983e-05	-5.1298549758888676e-09	-7.4583460247074935	-2.5341829469910007	0.00270523854710717
-999.0	815.0	-1.2781398835325262e-05	-4.056552589709323e-09	-7.873486651314613	-2.340599133184625	0.0031895296798715956
-999.0	790.0	-1.3639592338214571e-05	-4.598402116738339e-09	-8.043908569547849	-1.9976366462392574	0.0037292926136088243
-999.0	765.0	-1.2020366534052824e-05	-9.549770529627534e-09	-7.928402240629536	-1.6075441555844079	0.004216429180225941
-999.0	740.0	-8.309504720037147e-06	-1.515818285514381e-08	-7.505957874986854	-1.2739312886087701	0.004535351349471603
-999.0	715.0	-4.3509775842633565e-06	-1.7558341993964322e-08	-6.8822408837300735	-1.020521983504273	0.004610893986294405
-999.0	690.0	-1.5631510620770366e-06	-1.703148315504485e-08	-6.260360386084631	-0.8197210134455284	0.004416852581546694
-999.0	665.0	1.7777765351799437e-07	-1.44570227137503e-08	-5.686657982223019	-0.6777177993897918	0.003956103302112599
-999.0	640.0	1.6495066626887156e-06	-1.2411673069661405e-08	-5.260221560244216	-0.5443711649902376	0.0032576013721254335
-999.0	615.0	2.933838493344009e-06	-1.0885568248221081e-08	-5.038014179026646	-0.40901123151114127	0.0023760664637507106
-999.0	590.0	3.418039771011495e-06	-9.185183077567682e-09	-4.970679634699121	-0.253580367390969	0.0013608361567416132
-999.0	565.0	2.700105415362055e-06	-7.001554877355929e-09	-5.080517056915501	-0.07831417265590669	0.0002478605220666707
-999.0	540.0	1.695127643327733e-06	-5.123905959460576e-09	-5.320491158299979	0.06398130387618367	-0.0008773068724554456
-999.0	515.0	8.710658495361845e-07	-3.520696914521058e-09	-5.67946458414749	0.13695425988622117	-0.0018635499592169087
-999.0	490.0	7.467664234004717e-07	-2.8077411511338186e-09	-6.022136341090554	0.07833314190307292	-0.002612600359486149
-999.0	465.0	1.1979352343645498e-06	-2.8348874121423934e-09	-6.27791473600599	-0.12912024116075008	-0.0031327016093056718
-999.0	440.0	1.542512588528933e-06	-2.8120532668762144e-09	-6.347373403884744	-0.36685834183460897	-0.0034472228465784807
-999.0	415.0	1.1098746068053451e-06	-3.3342261279960093e-09	-6.187318543593089	-0.5605759314364769	-0.0035620807873657343
-999.0	390.0	1.9125414897523766e-07	-3.2431374609645975e-09	-5.882303943236675	-0.5769653783904046	-0.003483705078818581
-999.0	365.0	5.647821022283926e-07	-2.7006977597546234e-09	-5.458081971440059	-0.3479738672850158	-0.0032454855350729094
-999.0	340.0	2.8823563851103673e-06	-2.0483800240455567e-09	-4.9501689786988425	0.0996678217693737	-0.003004292293663667
-999.0	315.0	5.98786504404568e-06	-1.6125046595746307e-09	-4.382829278983472	0.7239186310606077	-0.003048366821746162
-999.0	290.0	8.53543856341472e-06	-1.1985555107989507e-09	-3.801726328002106	1.3835016832583487	-0.0035957984315784374
-999.0	265.0	1.0032807680425787e-05	-6.469522860344207e-10	-3.2627741759298265	2.0305126792302786	-0.0046551668729287845
-999.0	240.0	1.090777389237623e-05	-2.0930879568386693e-10	-2.863630991291137	2.728625274366789	-0.006052179447195925
-999.0	215.0	1.129894862775499e-05	1.4522999848580859e-10	-2.538863349843924	3.4120910167693834	-0.007492808399840606
-999.0	190.0	1.1306215181119073e-05	1.8512476161371663e-10	-1.8066692893841916	3.6005544748018967	-0.00838463331279727
-999.0	165.0	1.0986913179062931e-05	5.17914043568071e-11	-0.32242361069831355	2.7141266801842674	-0.007539399126209725
-999.0	140.0	1.1420542977409465e-05	4.425696962560221e-12	0.910323429576759	1.2703354649797514	-0.004531210989281827
-999.0	115.0	1.1483983633994062e-05	1.87735151324048e-12	1.6913124952051284	0.5189286197225211	-0.0014460422932127094
-999.0	90.0	1.2593054990648507e-05	4.890661463005582e-13	3.9350272226319754	0.44676521254910057	-2.9987910754147195e-07
-999.0	65.0	5.551616013540907e-06	0.0	1.6742467030330912	0.22951587972542004	0.0
-999.0	40.0	2.1217275653304024e-06	0.0	-8.705409880037676	0.0004556129376108442	0.0
-999.0	15.0	-2.376462616523611e-08	0.0	-17.4386231325291	-0.15454400226951148	0.0
244.16666666666666	40	1004.8493821885847	day	levels	pres0
-999.0	990.0	-6.356719496120504e-06	2.5684404802939576e-09	-1.8323255669739487	-0.4970507803890757	0.0006065660401352779
-999.0	965.0	-8.131471170792067e-06	4.777521104121448e-09	-3.380936611029835	-1.185338593502045	0.0014299436290632391
-999.0	940.0	-6.348681244511433e-06	3.1046908227358373e-09	-4.422865500052773	-1.7242089112600048	0.0019124323664066673
-999.0	915.0	-7.665972749956191e-06	8.892248701562932e-10	-5.328989171940432	-2.1552468223704633	0.002135652555754787
-999.0	890.0	-9.812520814048052e-06	-1.854218170154986e-09	-6.15739357140331	-2.4645629905992563	0.0022881872521493887
-999.0	865.0	-1.1255593933050307e-05	-4.435546040811301e-09	-6.899253136581871	-2.63042460878696	0.0025333265189108386
-999.0	840.0	-1.2595456562085763e-05	-4.614913422761834e-09	-7.509841952059038	-2.627395616637405	0.002929328929166491
-999.0	815.0	-1.3888767326860478e-05	-3.367012036449325e-09	-7.9261591434479115	-2.438055735495431	0.0034442069139921953
-999.0	790.0	-1.4659106067776161e-05	-3.823963300048214e-09	-8.091289122899408	-2.0957141381999635	0.0039947135596759414
-999.0	765.0	-1.2913288460200008e-05	-8.873777732792435e-09	-7.963984184794981	-1.7015202070276683	0.004463547603778789
-999.0	740.0	-8.992037985957382e-06	-1.4703200970499512e-08	-7.52613472938539	-1.3589653393461298	0.004736265525235828
-999.0	715.0	-4.824063295849605e-06	-1.7313033284512482e-08	-6.886590037080979	-1.093458646598016	0.00474573386312462
-999.0	690.0	-1.9165701132247567e-06	-1.6880485584547928e-08	-6.25099199679162	-0.8796526121183018	0.00447186663488661
-999.0	665.0	-9.724049667992461e-08	-1.4323986144046236e-08	-5.666849508053711	-0.7236433055045235	0.0039216179532209966
-999.0	640.0	1.4820765778652215e-06	-1.2345755444753199e-08	-5.234006133344419	-0.5740912442820199	0.0031315159000904653
-999.0	615.0	2.907704515957676e-06	-1.0918452606369718e-08	-5.010226549787637	-0.42014308969698577	0.002168084187132104
-999.0	590.0	3.4759531766293156e-06	-9.24677471630278e-09	-4.942638609144407	-0.24797704876659368	0.0010883319345936652
-999.0	565.0	2.7190522149919192e-06	-7.026034621913406e-09	-5.053295811017341	-0.05984863349131961	-7.150544368483277e-05
-999.0	540.0	1.5799528144854156e-06	-5.099765566913328e-09	-5.296323031187049	0.08870682203109603	-0.00122574968894364
-999.0	515.0	6.058034745766862e-07	-3.481773565448315e-09	-5.661141756508085	0.15963992683426922	-0.0022232805834589515
-999.0	490.0	3.907159128923974e-07	-2.827622250791563e-09	-6.011029813024743	0.09355095525586041	-0.002972149910585781
-999.0	465.0	7.727619635661382e-07	-2.969034329806953e-09	-6.2735966841380035	-0.12614906165331688	-0.0034963450817849647
-999.0	440.0	1.066470321807844e-06	-3.0197995358412377e-09	-6.34278423256347	-0.3772345123191423	-0.0038351888258552533
-999.0	415.0	6.036376375788184e-07	-3.5627947435399946e-09	-6.173740307490053	-0.5833026232818633	-0.0040044107286261125
-999.0	390.0	-3.2443309374916453e-07	-3.4328599639718656e-09	-5.857790062824899	-0.6074948857227953	-0.004008719551674769
-999.0	365.0	9.596972283612176e-08	-2.823707442457685e-09	-5.42203725750248	-0.37980970905887645	-0.003864958898197482
-999.0	340.0	2.4589033722646582e-06	-2.0919938311848922e-09	-4.8986058971947966	0.07276006208524305	-0.003712805435022315
-999.0	315.0	5.5749260031409295e-06	-1.5896705289052333e-09	-4.313112244423864	0.7074671683690562	-0.003829378572634217
-999.0	290.0	8.120672227286363e-06	-1.1839583010127073e-09	-3.7203865349292347	1.379724528019614	-0.004424900266314161
-999.0	265.0	9.610284677487907e-06	-6.591029824886871e-10	-3.181616489258035	2.0425138080285596	-0.005500958548455694
-999.0	240.0	1.0499096914613833e-05	-2.282567204671254e-10	-2.7939185864395206	2.7673583279053453	-0.006874596336960491
-999.0	215.0	1.0896238108900991e-05	1.3786148252215695e-10	-2.481795046064561	3.486919497450221	-0.008246430737851692
-999.0	190.0	1.084962874840625e-05	1.8191629547844552e-10	-1.7470017192471063	3.6932863311635518	-0.009017946304722501
-999.0	165.0	1.0431905483314917e-05	4.850587270027697e-11	-0.24983271625302794	2.782504402928909	-0.007972435531331395
-999.0	140.0	1.0840282746716612e-05	4.2534391920793285e-12	0.9764924057656228	1.2950109338594828	-0.0047485209541215274
-999.0	115.0	1.083235579749717e-05	1.977077016888788e-12	1.7323472549518057	0.5221751828988354	-0.0015292844825027453
-999.0	90.0	1.198923234313236e-05	5.011758603733563e-13	3.9596238742685914	0.4470123139520582	-3.495732572854762e-07
-999.0	65.0	4.932819075169007e-06	0.0	1.6805577667222997	0.21695841569453897	0.0
-999.0	40.0	1.7757256792705513e-06	0.0	-8.669342009557596	-0.0067436182871409706	0.0
-999.0	15.0	1.0356041142904195e-07	0.0	-17.395101004176635	-0.16078176544235828	0.0
244.18055555555554	40	1004.6907269513166	day	levels	pres0
-999.0	990.0	-7.6034149311191004e-06	2.7885089063297436e-09	-1.8574738694285895	-0.5199814006961934	0.0006044657460780109
-999.0	965.0	-9.932530855369898e-06	5.251565361740064e-09	-3.422709534841553	-1.22280726512822	0.0014460029028560567
-999.0	940.0	-7.945230185655024e-06	3.160692860936162e-09	-4.47137967248757	-1.7751291042400352	0.0019606947075876636
-999.0	915.0	-9.045976794629703e-06	7.324528242290895e-10	-5.377742025863231	-2.2178965470304757	0.002225739089705974
-999.0	890.0	-1.1070618198018839e-05	-1.8685390256711362e-09	-6.204926986385261	-2.538201657710201	0.002426150450722894
-999.0	865.0	-1.2560147368597682e-05	-4.209857031610856e-09	-6.947675554840633	-2.715368838773774	0.0027173546557358835
-999.0	840.0	-1.3848585524565013e-05	-4.099971869635092e-09	-7.561337879410473	-2.720608286283569	0.0031533995410641955
-999.0	815.0	-1.4996135818393944e-05	-2.677471483190769e-09	-7.978831635581096	-2.535512337805978	0.003698848021130123
-999.0	790.0	-1.5678619797335676e-05	-3.0495244833604416e-09	-8.138669676250856	-2.1937916301604057	0.00426008697523309
-999.0	765.0	-1.3806210386344862e-05	-8.197784935960214e-09	-7.999566128960345	-1.7954962584706784	0.004710616630949983
-999.0	740.0	-9.674571251875538e-06	-1.4248219085857673e-08	-7.546311583783883	-1.4439993900832697	0.004937139068780511
-999.0	715.0	-5.297149007434341e-06	-1.7067724575062204e-08	-6.89093919043188	-1.1663953096915773	0.0048805479036739575
-999.0	690.0	-2.269989164371432e-06	-1.672948801405203e-08	-6.241623607498639	-0.939584210790929	0.0045268709215340935
-999.0	665.0	-3.722586468771993e-07	-1.419094957434296e-08	-5.647041033884456	-0.7695688116191395	0.0038871380300703902
-999.0	640.0	1.3146464930419346e-06	-1.2279837819845412e-08	-5.207790706444687	-0.6038113235737221	0.0030054484624655255
-999.0	615.0	2.881570538571091e-06	-1.0951336964518319e-08	-4.982438920548683	-0.43127494788279275	0.001960129934689847
-999.0	590.0	3.5338665822467126e-06	-9.30836635503772e-09	-4.9145975835897415	-0.24237373014222285	0.0008158690645332757
-999.0	565.0	2.7379990146216276e-06	-7.050514366470992e-09	-5.026074565119222	-0.0413830943267762	-0.00039080726082960386
-999.0	540.0	1.4647779856434583e-06	-5.075625174366542e-09	-5.272154904074145	0.11343234018593462	-0.0015741026653628158
-999.0	515.0	3.4054109961808584e-07	-3.442850216376227e-09	-5.642818928868685	0.18232559378222574	-0.0025828993130446475
-999.0	490.0	3.466540238555614e-08	-2.8475033504497647e-09	-5.99992328495891	0.10876876860855464	-0.003331578974580776
-999.0	465.0	3.4758869276910906e-07	-3.1031812474714094e-09	-6.2692786322699625	-0.1231778821459599	-0.0038598718875225663
-999.0	440.0	5.904280550881253e-07	-3.2275458048057762e-09	-6.3381950612421365	-0.3876106828037198	-0.004223041907840233
-999.0	415.0	9.740066835349898e-08	-3.791363359083346e-09	-6.160162071386976	-0.6060293151272496	-0.004446628436975773
-999.0	390.0	-8.401203364726061e-07	-3.622582466978573e-09	-5.833276182413112	-0.6380243930551487	-0.004533617528239069
-999.0	365.0	-3.728426565554507e-07	-2.946717125160424e-09	-5.385992543564919	-0.411645550832679	-0.004484310337584806
-999.0	340.0	2.0354503594196636e-06	-2.1356076383241934e-09	-4.847042815690818	0.04585230240117277	-0.004421201204332163
-999.0	315.0	5.16198696223708e-06	-1.5668363982359937e-09	-4.243395209864372	0.6910157056775498	-0.004610293658223562
-999.0	290.0	7.705905891159012e-06	-1.1693610912265662e-09	-3.6390467418565144	1.3759473727809013	-0.005253938631437716
-999.0	265.0	9.187761674551158e-06	-6.712536789429383e-10	-3.100458802586399	2.0545149368268327	-0.006346723079366046
-999.0	240.0	1.0090419936852764e-05	-2.4720464525033975e-10	-2.7242061815880385	2.806091381443845	-0.007697005294178085
-999.0	215.0	1.0493527590048493e-05	1.3049296655852706e-10	-2.4247267422853076	3.5617479781309322	-0.009000031428231163
-999.0	190.0	1.039304231569487e-05	1.787078293431992e-10	-1.68733414911014	3.7860181875250385	-0.009651213778402726
-999.0	165.0	9.876897787568351e-06	4.522034104376252e-11	-0.17724182180789647	2.8508821256734183	-0.008405423387922049
-999.0	140.0	1.0260022516025574e-05	4.0811814215998884e-12	1.0426613819543515	1.3196864027391697	-0.004965797058569716
-999.0	115.0	1.0180727961002289e-05	2.076802520537145e-12	1.7733820146984318	0.525421746075146	-0.0016125192324315469
-999.0	90.0	1.138540969561806e-05	5.132855744462807e-13	3.9842205259052053	0.44725941535499225	-3.992782667634411e-07
-999.0	65.0	4.314022136798991e-06	0.0	1.6868688304115225	0.20440095166366296	0.0
-999.0	40.0	1.429723793211741e-06	0.0	-8.633274139077598	-0.013942849511902777	0.0
-999.0	15.0	2.3088544902255046e-07	0.0	-17.351578875824284	-0.16701952861519753	0.0
244.19444444444446	40	1004.5320717140479	day	levels	pres0
-999.0	990.0	-8.85011036612115e-06	3.0085773323664184e-09	-1.8826221718832312	-0.5429120210034101	0.0006023660607115045
-999.0	965.0	-1.1733590539952147e-05	5.7256096193604905e-09	-3.4644824586532748	-1.2602759367545195	0.0014620626601277327
-999.0	940.0	-9.541779126802347e-06	3.2166948991372327e-09	-4.5198938449223895	-1.8260492972202145	0.002008963377651202
-999.0	915.0	-1.0425980839306104e-05	5.756807783012967e-10	-5.426494879786072	-2.28054627169066	0.00231583507481061
-999.0	890.0	-1.2328715581991705e-05	-1.8828598811886558e-09	-6.252460401367272	-2.611840324821347	0.0025641183343567105
-999.0	865.0	-1.3864700804146981e-05	-3.984168022411261e-09	-6.996097973099479	-2.800313068760825	0.0029013774430554796
-999.0	840.0	-1.510171448704636e-05	-3.5850303165078516e-09	-7.612833806762013	-2.813820955929998	0.0033774503830287447
-999.0	815.0	-1.6103504309929518e-05	-1.9879309299308977e-09	-8.031504127714395	-2.632968940116811	0.003953453001846287
-999.0	790.0	-1.669813352689749e-05	-2.2750856666706843e-09	-8.186050229602412	-2.291869122121141	0.0045254128608737555
-999.0	765.0	-1.469913231249225e-05	-7.521792139125493e-09	-8.035148073125784	-1.8894723099139685	0.004957636262308486
-999.0	740.0	-1.0357104517795984e-05	-1.379323720121371e-08	-7.566488438182414	-1.5290334408206574	0.00513797198052488
-999.0	715.0	-5.770234719020792e-06	-1.682241586561067e-08	-6.8952883437827746	-1.2393319727853442	0.005015336108125695
-999.0	690.0	-2.623408215519342e-06	-1.657849044355537e-08	-6.2322552182056175	-0.9995158094637226	0.004581865441525519
-999.0	665.0	-6.47276797075315e-07	-1.4057913004639044e-08	-5.627232559715139	-0.8154943177338869	0.00385266353265523
-999.0	640.0	1.1472164082182448e-06	-1.2213920194937298e-08	-5.181575279544884	-0.6335314028655155	0.00287939905927196
-999.0	615.0	2.855436561184569e-06	-1.0984221322667054e-08	-4.95465129130967	-0.44240680606864247	0.0017522037064931198
-999.0	590.0	3.5917799878643264e-06	-9.369957993772927e-09	-4.886556558035026	-0.236770411517849	0.0005434475466741849
-999.0	565.0	2.756945814251252e-06	-7.074994111028596e-09	-4.9988533192210625	-0.022917555162189407	-0.0007100449291705381
-999.0	540.0	1.3496031568009327e-06	-5.051484781819447e-09	-5.247986776961214	0.1381578583408452	-0.0019223658014543576
-999.0	515.0	7.527872465847478e-08	-3.40392686730367e-09	-5.624496101229276	0.20501126073026704	-0.002942406147656021
-999.0	490.0	-3.2138510812257973e-07	-2.8673844501077058e-09	-5.988816756893088	0.12398658196132914	-0.0036908875511664978
-999.0	465.0	-7.758457802937393e-08	-3.2373281651361486e-09	-6.2649605804019535	-0.12020670263854782	-0.0042232820263549235
-999.0	440.0	1.143857883669023e-07	-3.435292073770945e-09	-6.333605889920836	-0.39798685328828337	-0.004610782092446222
-999.0	415.0	-4.0883630087326797e-07	-4.019931974627429e-09	-6.14658383528391	-0.6287560069726745	-0.00488873391235623
-999.0	390.0	-1.3558075791973543e-06	-3.812304969985906e-09	-5.808762302001306	-0.6685539003875773	-0.0050583990084481206
-999.0	365.0	-8.416550359481365e-07	-3.0697268078635434e-09	-5.34994782962731	-0.44348139260656616	-0.005103539853125376
-999.0	340.0	1.6119973465735585e-06	-2.179221445463598e-09	-4.795479734186747	0.018944542717031998	-0.005129479601608066
-999.0	315.0	4.7490479213320186e-06	-1.5440022675666503e-09	-4.173678175304738	0.6745642429860064	-0.005391112078700358
-999.0	290.0	7.291139555030399e-06	-1.1547638814403493e-09	-3.5577069487836175	1.3721702175421888	-0.006082913527069691
-999.0	265.0	8.765238671613028e-06	-6.834043753972117e-10	-3.0193011159145806	2.066516065625143	-0.007192460465685754
-999.0	240.0	9.681742959090096e-06	-2.661525700336076e-10	-2.6544937767363934	2.844824434982432	-0.008519406318853449
-999.0	215.0	1.0090817071194217e-05	1.2312445059486115e-10	-2.3676584385059107	3.636576458811804	-0.009753610470980537
-999.0	190.0	9.936455882981846e-06	1.7549936320792336e-10	-1.6276665789730134	3.878750043886736	-0.010284435733842738
-999.0	165.0	9.321890091820151e-06	4.193480938723156e-11	-0.10465092736256595	2.9192598484181107	-0.008838362695995462
-999.0	140.0	9.679762285332573e-06	3.908923651119056e-12	1.1088303581432508	1.3443618716189436	-0.005183039302632108
-999.0	115.0	9.529100124505219e-06	2.1765280241854657e-12	1.8144167744451303	0.5286683092514748	-0.0016957465429996543
-999.0	90.0	1.0781587048101688e-05	5.25395288519023e-13	4.008817177541838	0.44750651675793984	-4.48994135975705e-07
-999.0	65.0	3.6952251984269054e-06	0.0	1.6931798941007365	0.19184348763276152	0.0
-999.0	40.0	1.0837219071518258e-06	0.0	-8.597206268597509	-0.021142080736655758	0.0
-999.0	15.0	3.5821048661685814e-07	0.0	-17.308056747471817	-0.1732572917880352	0.0
244.20833333333334	40	1004.3734164767794	day	levels	pres0
-999.0	990.0	-1.0096805801119797e-05	3.2286457584023517e-09	-1.9077704743378818	-0.5658426413105354	0.0006002669840256845
-999.0	965.0	-1.3534650224530165e-05	6.199653876979347e-09	-3.506255382465008	-1.2977446083807018	0.0014781229008521647
-999.0	940.0	-1.1138328067946067e-05	3.2726969373377396e-09	-4.568408017357198	-1.8769694902002512	0.002057238376419571
-999.0	915.0	-1.1805984883979638e-05	4.189087323741561e-10	-5.475247733708879	-2.3431959963506768	0.0024059405107174875
-999.0	890.0	-1.358681296596238e-05	-1.897180736704869e-09	-6.2999938163492235	-2.685478991932295	0.0027020909025829805
-999.0	865.0	-1.5169254239694174e-05	-3.758479013210917e-09	-7.044520391358245	-2.885257298747643	0.0030853948805842704
-999.0	840.0	-1.6354843449525446e-05	-3.070088763381119e-09	-7.6643297341134495	-2.9070336255761635	0.003601481455286439
-999.0	815.0	-1.7210872801462942e-05	-1.298390376672164e-09	-8.084176619847582	-2.7304255424273545	0.004208021856699327
-999.0	790.0	-1.7717647256457077e-05	-1.5006468499826549e-09	-8.233430782953867	-2.389946614081576	0.0047906912171891925
-999.0	765.0	-1.5592054238637198e-05	-6.8457993422931254e-09	-8.070730017291151	-1.9834483613569673	0.0052046064984212865
-999.0	740.0	-1.10396377837142e-05	-1.3338255316571813e-08	-7.586665292580911	-1.6140674915577824	0.005338764260886662
-999.0	715.0	-6.243320430605549e-06	-1.6577107156160355e-08	-6.8996374971336785	-1.312268635878889	0.005150098476662259
-999.0	690.0	-2.9768272666660136e-06	-1.6427492873059428e-08	-6.222886828912641	-1.0594474081363319	0.004636850194897211
-999.0	665.0	-9.222949472725663e-07	-1.392487643493573e-08	-5.60742408554589	-0.8614198238484859	0.003818194460970846
-999.0	640.0	9.797863233949943e-07	-1.2148002570029483e-08	-5.155359852645154	-0.6632514821572016	0.002753367690532912
-999.0	615.0	2.829302583798022e-06	-1.1017105680815618e-08	-4.926863662070719	-0.4535386642544352	0.0015443055026136633
-999.0	590.0	3.649693393481765e-06	-9.431549632507824e-09	-4.858515532480365	-0.23116709289346477	0.00027106738113317526
-999.0	565.0	2.775892613881009e-06	-7.09947385558614e-09	-4.971632073322951	-0.0044520159976326745	-0.0010292184485073052
-999.0	540.0	1.234428327958984e-06	-5.0273443892726204e-09	-5.223818649848318	0.16288337649569606	-0.0022705390969564813
-999.0	515.0	-1.899836503001817e-07	-3.3650035182315443e-09	-5.606173273589885	0.22769692767823319	-0.003301801086972117
-999.0	490.0	-6.774356186294904e-07	-2.8872655497658727e-09	-5.977710228827262	0.13920439531402995	-0.004050075640035456
-999.0	465.0	-5.027578488264577e-07	-3.371475082800564e-09	-6.260642528533923	-0.11723552313118751	-0.004586575498115464
-999.0	440.0	-3.616564783528564e-07	-3.643038342735443e-09	-6.329016718599513	-0.40836302377285927	-0.004998409379582406
-999.0	415.0	-9.150732700986231e-07	-4.2485005901707494e-09	-6.133005599180842	-0.65148269881806	-0.005330727154704402
-999.0	390.0	-1.8714948219208442e-06	-4.002027472992581e-09	-5.784248421589525	-0.6990834077199322	-0.0055830639922328186
-999.0	365.0	-1.3104674153397522e-06	-3.1927364905662533e-09	-5.313903115689755	-0.4753172343803739	-0.005722647444702948
-999.0	340.0	1.1885443337285431e-06	-2.222835252602868e-09	-4.743916652682771	-0.007963216967045106	-0.005837640626857645
-999.0	315.0	4.336108880428165e-06	-1.5211681368973804e-09	-4.103961140745253	0.6581127802944945	-0.006171833834243586
-999.0	290.0	6.876373218903059e-06	-1.1401666716541915e-09	-3.4763671557109057	1.3683930623034721	-0.006911824953324058
-999.0	265.0	8.342715668676287e-06	-6.955550718514536e-10	-2.9381434292429547	2.0785171944234127	-0.008038170707434919
-999.0	240.0	9.27306598132904e-06	-2.8510049481680835e-10	-2.5847813718849246	2.8835574885209296	-0.009341799410986368
-999.0	215.0	9.688106552341772e-06	1.1575593463124402e-10	-2.310590134726675	3.7114049394925135	-0.010507167866097157
-999.0	190.0	9.479869450270583e-06	1.7229089707267917e-10	-1.5679990088360696	3.9714819002482207	-0.01091761217104375
-999.0	165.0	8.76688239607365e-06	3.864927773071797e-11	-0.032060032917460485	2.9876375711626157	-0.009271253455562616
-999.0	140.0	9.099502054641479e-06	3.736665880639574e-12	1.1749993343319567	1.369037340498627	-0.005400247686312758
-999.0	115.0	8.877472288010288e-06	2.2762535278337735e-12	1.855451534191743	0.531914872427789	-0.0017789664142068198
-999.0	90.0	1.0177764400587369e-05	5.37505002591968e-13	4.033413829178451	0.4477536181608816	-4.987208649232891e-07
-999.0	65.0	3.0764282600569057e-06	0.0	1.6994909577899646	0.1792860236018903	0.0
-999.0	40.0	7.377200210930426e-07	0.0	-8.561138398117505	-0.028341311961419924	0.0
-999.0	15.0	4.855355242103288e-07	0.0	-17.26453461911946	-0.17949505496087848	0.0
244.22222222222223	40	1004.2147612395108	day	levels	pres0
-999.0	990.0	-1.1343501236121586e-05	3.4487141844391005e-09	-1.932918776792516	-0.5887732616177447	0.000598168516010412
-999.0	965.0	-1.5335709909111983e-05	6.673698134599866e-09	-3.548028306276722	-1.3352132800069851	0.001494183625003501
-999.0	940.0	-1.27348770090929e-05	3.3286989755390984e-09	-4.61692218979201	-1.9278896831804075	0.002105519703715825
-999.0	915.0	-1.3185988928655576e-05	2.6213668644662836e-10	-5.524000587631719	-2.405845721010835	0.002496055397076655
-999.0	890.0	-1.4844910349934847e-05	-1.9115015922221927e-09	-6.347527231331237	-2.759117659043412	0.0028400681549354957
-999.0	865.0	-1.6473807675243055e-05	-3.5327900040113406e-09	-7.0929428096170914	-2.9702015287346644	0.0032694069680388156
-999.0	840.0	-1.760797241200639e-05	-2.5551472102540768e-09	-7.715825661464988	-3.0002462952225657	0.0038254927580656834
-999.0	815.0	-1.83182412929982e-05	-6.088498234123438e-10	-8.13684911198088	-2.827882144738164	0.0044625545862500724
-999.0	790.0	-1.8737160986018597e-05	-7.262080332927837e-10	-8.28081133630542	-2.488024106042289	0.005055922044772767
-999.0	765.0	-1.648497616478429e-05	-6.169806545458172e-09	-8.106311961456592	-2.0774244128002395	0.005451527339857238
-999.0	740.0	-1.1722171049634376e-05	-1.2883273431927572e-08	-7.606842146979444	-1.699101542295157	0.005539515910284993
-999.0	715.0	-6.716406142191775e-06	-1.6331798446708552e-08	-6.90398665048458	-1.3852052989726487	0.005284835009466864
-999.0	690.0	-3.330246317813738e-06	-1.627649530256255e-08	-6.213518439619625	-1.1193790068091234	0.004691825181685503
-999.0	665.0	-1.1973130974705083e-06	-1.3791839865231702e-08	-5.587615611376579	-0.9073453299632346	0.0037837308150116948
-999.0	640.0	8.123562385714636e-07	-1.2082084945121304e-08	-5.129144425745356	-0.692971561449	0.0026273543562697656
-999.0	615.0	2.8031686064116508e-06	-1.1049990038964293e-08	-4.899076032831705	-0.46467052244029405	0.0013364353231207244
-999.0	590.0	3.707606799099543e-06	-9.493141271242963e-09	-4.830474506925647	-0.22556377426910293	-1.2714319759149418e-06
-999.0	565.0	2.7948394135108253e-06	-7.123953600143658e-09	-4.944410827424785	0.014013523166941072	-0.001348327818642665
-999.0	540.0	1.119253499116658e-06	-5.003203996725412e-09	-5.1996505227353795	0.18760889465059638	-0.002618622551610391
-999.0	515.0	-4.552460252596232e-07	-3.3260801691588374e-09	-5.587850445950471	0.25038259462627166	-0.003661084130674757
-999.0	490.0	-1.0334861291374952e-06	-2.90714664942365e-09	-5.966603700761443	0.154422208666811	-0.00440914324088282
-999.0	465.0	-9.279311196248148e-07	-3.5056220004651633e-09	-6.256324476665925	-0.11426434362375762	-0.004949752302640444
-999.0	440.0	-8.376987450739054e-07	-3.850784611700506e-09	-6.324427547278231	-0.4187391942573941	-0.0053859237691614055
-999.0	415.0	-1.4213102393251137e-06	-4.4770692057147666e-09	-6.119427363077799	-0.6742093906634474	-0.00577260816396165
-999.0	390.0	-2.3871820646451976e-06	-4.1917499759998816e-09	-5.759734541177744	-0.7296129150523214	-0.00610761247952967
-999.0	365.0	-1.7792797947319799e-06	-3.315746173269343e-09	-5.27785840175217	-0.5071530761542291	-0.006341633112207905
-999.0	340.0	7.650913208828548e-07	-2.266449059742234e-09	-4.692353571178721	-0.03487097665116895	-0.00654568428009569
-999.0	315.0	3.9231698395234184e-06	-1.498334006228013e-09	-4.034244106185636	0.6416613176029486	-0.006952458925039414
-999.0	290.0	6.4616068827746915e-06	-1.1255694618679653e-09	-3.395027362638025	1.3646159070647417	-0.007740672910321466
-999.0	265.0	7.920192665738395e-06	-7.077057683057293e-10	-2.856985742571153	2.0905183232216977	-0.008883853804639557
-999.0	240.0	8.864389003566633e-06	-3.040484196000803e-10	-2.515068967033295	2.922290542059488	-0.010164184570581743
-999.0	215.0	9.285396033487715e-06	1.0838741866757965e-10	-2.253521830947295	3.7862334201733527	-0.01126070361358272
-999.0	190.0	9.02328301755764e-06	1.6908243093740594e-10	-1.5083314386989621	4.064213756609878	-0.01155074309001063
-999.0	165.0	8.211874700325571e-06	3.536374607418699e-11	0.040530861527851514	3.0560152939072625	-0.009704095666637203
-999.0	140.0	8.519241823948684e-06	3.564408110158722e-12	1.2411683105208429	1.393712809378362	-0.00561742220961723
-999.0	115.0	8.225844451513447e-06	2.3759790314821298e-12	1.8964862939384335	0.5351614356040996	-0.0018621788460534978
-999.0	90.0	9.573941753071239e-06	5.496147166647455e-13	4.058010480815068	0.4480007195638316	-5.484584536064959e-07
-999.0	65.0	2.457631321684988e-06	0.0	1.7058020214791676	0.16672855957100435	0.0
-999.0	40.0	3.917181350331637e-07	0.0	-8.525070527637434	-0.03554054318616938	0.0
-999.0	15.0	6.128605618046441e-07	0.0	-17.221012490767006	-0.1857328181337212	0.0
244.23611111111111	40	1004.0561060022426	day	levels	pres0
-999.0	990.0	-1.2590196671120185e-05	3.6687826104748865e-09	-1.9580670792471573	-0.6117038819248621	0.0005960706566555785
-999.0	965.0	-1.713676959368981e-05	7.147742392218481e-09	-3.58980123008844	-1.3726819516331608	0.0015102448325555562
-999.0	940.0	-1.4331425950236492e-05	3.3847010137394216e-09	-4.665436362226808	-1.9788098761604378	0.002153807359362124
-999.0	915.0	-1.4565992973329092e-05	1.0536464051942592e-10	-5.57275344155452	-2.4684954456708468	0.0025861797335367306
-999.0	890.0	-1.610300773390563e-05	-1.925822447738345e-09	-6.395060646313186	-2.8327563261543567	0.002978050090946175
-999.0	865.0	-1.7778361110790435e-05	-3.3071009948108965e-09	-7.141365227875853	-3.055145758721479	0.003453413705133545
-999.0	840.0	-1.8861101374485637e-05	-2.0402056571273345e-09	-7.767321588816425	-3.0934589648687294	0.0040494842915926275
-999.0	815.0	-1.9425609784531664e-05	8.069072984621162e-11	-8.189521604114063	-2.9253387470487104	0.004717051191057034
-999.0	790.0	-1.975667471557811e-05	4.823078339498799e-11	-8.328191889656871	-2.586101598002731	0.0053211053442155905
-999.0	765.0	-1.7377898090929146e-05	-5.4938137486259575e-09	-8.141893905621954	-2.17140046424325	0.005698398787183195
-999.0	740.0	-1.240470431555253e-05	-1.242829154728573e-08	-7.627019001377937	-1.7841355930322975	0.0057402269291374755
-999.0	715.0	-7.189491853776512e-06	-1.6086489737258278e-08	-6.908335803835482	-1.4581419620662097	0.00541954570672182
-999.0	690.0	-3.6836653689604114e-06	-1.6125497732066658e-08	-6.204150050326645	-1.1793106054817506	0.004746790401926628
-999.0	665.0	-1.4723312476677828e-06	-1.3658803295528422e-08	-5.567807137207326	-0.9532708360778505	0.0037492725947730022
-999.0	640.0	6.449261537481764e-07	-1.2016167320213517e-08	-5.102928998845623	-0.7226916407407022	0.0025013590565055492
-999.0	615.0	2.7770346290250654e-06	-1.1082874397112894e-08	-4.871288403592751	-0.47580238062610103	0.001128593168085919
-999.0	590.0	3.7655202047169403e-06	-9.554732909977904e-09	-4.802433481370981	-0.2199604556447321	-0.00027356889253643183
-999.0	565.0	2.8137862131405324e-06	-7.148433344701244e-09	-4.917189581526668	0.03247906233148448	-0.001667373039376416
-999.0	540.0	1.0040786702747014e-06	-4.979063604178627e-09	-5.175482395622478	0.21233441280543489	-0.0029666161651544314
-999.0	515.0	-7.205084002182237e-07	-3.287156820086749e-09	-5.569527618311072	0.27306826157422814	-0.004020255278443096
-999.0	490.0	-1.3895366396443367e-06	-2.9270277490818536e-09	-5.955497172695609	0.16964002201950534	-0.004768090353401184
-999.0	465.0	-1.353104390421844e-06	-3.6397689181296204e-09	-6.252006424797884	-0.11129316411640072	-0.005312812439763375
-999.0	440.0	-1.3137410117936244e-06	-4.0585308806650464e-09	-6.319838375956898	-0.42911536474197143	-0.005773325261092518
-999.0	415.0	-1.9275472085504324e-06	-4.705637821258118e-09	-6.105849126974722	-0.6969360825088335	-0.006214376940065057
-999.0	390.0	-2.9028693073686392e-06	-4.381472479006588e-09	-5.7352206607659575	-0.7601424223846748	-0.006632044470269819
-999.0	365.0	-2.2480921741235528e-06	-3.438755855972083e-09	-5.241813687814611	-0.5389889179280318	-0.006960496855524347
-999.0	340.0	3.4163830803785876e-07	-2.3100628668815357e-09	-4.640790489674742	-0.06177873633523934	-0.007253610561330234
-999.0	315.0	3.5102307986195677e-06	-1.4754998755587736e-09	-3.964527071626144	0.6252098549114424	-0.00773298735126725
-999.0	290.0	6.0468405466473405e-06	-1.1109722520818236e-09	-3.313687569565305	1.3608387518260292	-0.008569457398176309
-999.0	265.0	7.497669662801648e-06	-7.198564647599804e-10	-2.7758280558995163	2.102519452019971	-0.009729509757320157
-999.0	240.0	8.455712025805566e-06	-3.2299634438329464e-10	-2.445356562181813	2.961023595597988	-0.010986561797639656
-999.0	215.0	8.882685514635217e-06	1.0101890270394986e-10	-2.1964535271680417	3.861061900854064	-0.012014217713434727
-999.0	190.0	8.56669658484626e-06	1.6587396480215962e-10	-1.4486638685619955	4.1569456129713656	-0.01218382849074463
-999.0	165.0	7.656867004579005e-06	3.207821441767251e-11	0.11312175597298275	3.124393016651771	-0.01013688932923012
-999.0	140.0	7.938981593257649e-06	3.392150339679283e-12	1.3073372867095716	1.418388278258049	-0.005834562872549448
-999.0	115.0	7.5742166150185645e-06	2.475704535130487e-12	1.9375210536850591	0.5384079987804101	-0.0019453838385394037
-999.0	90.0	8.970119105556939e-06	5.617244307376702e-13	4.082607132451682	0.44824782096676563	-5.982069020261546e-07
-999.0	65.0	1.8388343833149707e-06	0.0	1.7121130851683906	0.15417109554012823	0.0
-999.0	40.0	4.5716248974352697e-08	0.0	-8.489002657157434	-0.04273977441093113	0.0
-999.0	15.0	7.401855993981524e-07	0.0	-17.17749036241465	-0.19197058130656025	0.0
244.25	40	1003.8974507649738	day	levels	pres0
-999.0	990.0	-1.3836892106121888e-05	3.888851036511673e-09	-1.9832153817017872	-0.6346345022320746	0.0005939734059510607
-999.0	965.0	-1.8937829278271505e-05	7.621786649839055e-09	-3.6315741539001465	-1.4101506232594452	0.0015263065234825083
-999.0	940.0	-1.59279748913832e-05	3.4407030519408483e-09	-4.713950534661611	-2.029730069140593	0.002202101343181537
-999.0	915.0	-1.594599701800487e-05	-5.140740540809933e-11	-5.621506295477349	-2.531145170331001	0.00267631351974776
-999.0	890.0	-1.736110511787787e-05	-1.940143303255792e-09	-6.442594061295192	-2.9063949932654696	0.00311603671014879
-999.0	865.0	-1.9082914546339044e-05	-3.081411985611474e-09	-7.189787646134694	-3.140089988708496	0.003637415091585053
-999.0	840.0	-2.011423033696634e-05	-1.525264104000397e-09	-7.818817516167958	-3.186671634515126	0.004273456056095832
-999.0	815.0	-2.0532978276066758e-05	7.702312831059793e-10	-8.242194096247355	-3.0227953493595123	0.00497151167168124
-999.0	790.0	-2.0776188445139537e-05	8.226696000848364e-10	-8.375572443008423	-2.6841790899634357	0.005586241116111233
-999.0	765.0	-1.82708200170762e-05	-4.817820951790999e-09	-8.177475849787394	-2.265376515686512	0.00594522084096819
-999.0	740.0	-1.3087237581472704e-05	-1.1973309662641473e-08	-7.647195855776469	-1.8691696437696617	0.005940897317863386
-999.0	715.0	-7.662577565362746e-06	-1.5841181027806468e-08	-6.912684957186381	-1.5310786251599586	0.005554230568610429
-999.0	690.0	-4.037084420108132e-06	-1.597450016156977e-08	-6.1947816610336295	-1.2392422041545312	0.004801745855656978
-999.0	665.0	-1.7473493978657106e-06	-1.3525766725824385e-08	-5.547998663038015	-0.9991963421925901	0.0037148198002492625
-999.0	640.0	4.77496068924665e-07	-1.1950249695305333e-08	-5.076713571945826	-0.7524117200324933	0.002375381791261677
-999.0	615.0	2.750900651638706e-06	-1.111575875526156e-08	-4.843500774353742	-0.4869342388119548	0.0009207790375785147
-999.0	590.0	3.823433610334716e-06	-9.616324548713038e-09	-4.774392455816269	-0.21435713702036685	-0.0005458250004345316
-999.0	565.0	2.832733012770337e-06	-7.172913089258751e-09	-4.889968335628509	0.05094460149606064	-0.0019863541105113324
-999.0	540.0	8.889038414323561e-07	-4.9549232116314e-09	-5.151314268509546	0.23705993096033734	-0.0033145199373298415
-999.0	515.0	-9.857707751776884e-07	-3.24823347101402e-09	-5.551204790671666	0.2957539285222689	-0.004379314529959017
-999.0	490.0	-1.7455871501523584e-06	-2.9469088487396098e-09	-5.944390644629796	0.18485783537228906	-0.005126916977285783
-999.0	465.0	-1.7782776612202048e-06	-3.773915835794199e-09	-6.2476883729298915	-0.10832198460896814	-0.005675755909320569
-999.0	440.0	-1.7897832785146654e-06	-4.2662771496300896e-09	-6.315249204635619	-0.43949153522650397	-0.006160613855288397
-999.0	415.0	-2.4337841777769083e-06	-4.934206436802115e-09	-6.092270890871683	-0.7196627743542193	-0.006656033482955971
-999.0	390.0	-3.418556550092978e-06	-4.571194982013872e-09	-5.710706780354181	-0.7906719297170637	-0.007156359964389706
-999.0	365.0	-2.7169045535157678e-06	-3.5617655386751584e-09	-5.205768973877032	-0.5708247597018878	-0.0075792386745425185
-999.0	340.0	-8.18147048078198e-08	-2.353676674020891e-09	-4.5892274081707	-0.08868649601936335	-0.007961419470575848
-999.0	315.0	3.0972917577148315e-06	-1.4526657448893982e-09	-3.894810037066539	0.6087583922198974	-0.008513419113112968
-999.0	290.0	5.632074210518987e-06	-1.0963750422955922e-09	-3.2323477764924364	1.3570615965873003	-0.009398178417008872
-999.0	265.0	7.075146659863767e-06	-7.320071612142513e-10	-2.694670369227727	2.1145205808182554	-0.010575138565502334
-999.0	240.0	8.047035048043148e-06	-3.4194426916656084e-10	-2.375644157330195	2.999756649136543	-0.011808931092164606
-999.0	215.0	8.479974995781147e-06	9.365038674028862e-11	-2.139385223388672	3.935890381534894	-0.012767710165654526
-999.0	190.0	8.110110152133361e-06	1.6266549866688567e-10	-1.3889962984248996	4.249677469333013	-0.012816868373250415
-999.0	165.0	7.101859308830979e-06	2.879268276114157e-11	0.1857126504182816	3.1927707393964133	-0.010569634443355087
-999.0	140.0	7.358721362564849e-06	3.219892569198371e-12	1.373506262898445	1.443063747137785	-0.006051669675115113
-999.0	115.0	6.9225887785217276e-06	2.575430038778795e-12	1.9785558134317396	0.5416545619567236	-0.0020285813916650634
-999.0	90.0	8.366296458040812e-06	5.738341448104347e-13	4.107203784088293	0.44849492236971855	-6.479662101826548e-07
-999.0	65.0	1.2200374449430793e-06	0.0	1.7184241488575929	0.14161363150924441	0.0
-999.0	40.0	-3.002856370854984e-07	0.0	-8.45293478667736	-0.04993900563567877	0.0
-999.0	15.0	8.675106369924768e-07	0.0	-17.133968234062195	-0.19820834447940192	0.0
244.26388888888889	40	1003.9014090078848	day	levels	pres0
-999.0	990.0	-1.3832714626136582e-05	3.911081232682006e-09	-1.9836170251170824	-0.6296743259385668	0.0005985770522678356
-999.0	965.0	-1.919673798642297e-05	7.745696167886246e-09	-3.6332548062006755	-1.3986731903730791	0.0015378381487924444
-999.0	940.0	-1.6425516218745236e-05	3.9077224665028084e-09	-4.730409216549687	-2.0241909418944712	0.0022170691287003432
-999.0	915.0	-1.6519086813428745e-05	7.9306863503363e-10	-5.642943744858132	-2.533678043495699	0.0026857703520338336
-999.0	890.0	-1.789136944241036e-05	-9.043640384031332e-10	-6.460733700681633	-2.913696905115114	0.0031113410508657783
-999.0	865.0	-1.9510360262184774e-05	-2.0663605676195055e-09	-7.200448925848361	-3.1488756195262484	0.003607391472668663
-999.0	840.0	-2.033376185234971e-05	-9.121561356833026e-10	-7.82151770150218	-3.195631268951626	0.004202495073703137
-999.0	815.0	-2.0536171308806524e-05	9.280305625021752e-10	-8.236711789060486	-3.0324238323503185	0.004842240049722504
-999.0	790.0	-2.0730011864591777e-05	9.014086420316886e-10	-8.362936523225526	-2.694030033045089	0.005388013649612693
-999.0	765.0	-1.8378000537799513e-05	-4.317790887619074e-09	-8.162171571342986	-2.2722614203338454	0.005677784088342325
-999.0	740.0	-1.3319140926785296e-05	-1.1293083724446105e-08	-7.631058635535022	-1.8703669321343952	0.005607510574633351
-999.0	715.0	-7.91644667219686e-06	-1.543237809393552e-08	-6.895044964772647	-1.5248597267049302	0.005155116997705755
-999.0	690.0	-4.325737607082996e-06	-1.5807892540814298e-08	-6.174359246536505	-1.224707917620722	0.004337487206837348
-999.0	665.0	-2.1028019096935443e-06	-1.3540846924680725e-08	-5.52404831432631	-0.975546226146843	0.0031927003409128233
-999.0	640.0	3.7212349246976224e-09	-1.2013605893292592e-08	-5.055583737514617	-0.7211250283375554	0.0018051056798942444
-999.0	615.0	2.0885348526959797e-06	-1.1119900176439528e-08	-4.833529887927901	-0.45069526646420227	0.0003080735967006749
-999.0	590.0	3.037432941881176e-06	-9.629663679779392e-09	-4.775749587350437	-0.17751611144864618	-0.001196457222586811
-999.0	565.0	2.045604604421883e-06	-7.290062646981971e-09	-4.900578246072515	0.08270313468316165	-0.0026655455686502467
-999.0	540.0	1.2063547545268172e-07	-5.1557296997709726e-09	-5.167244903467355	0.25953485409696353	-0.004007215882136468
-999.0	515.0	-1.761323187660188e-06	-3.452138963765274e-09	-5.567301317911491	0.3052665489139408	-0.005067127488838456
-999.0	490.0	-2.553179098865122e-06	-3.0503039276556796e-09	-5.9565953855161595	0.18292946589212966	-0.005794117068210743
-999.0	465.0	-2.6054984296838173e-06	-3.7226599658271953e-09	-6.252717916612294	-0.11769412568323528	-0.006315699792194865
-999.0	440.0	-2.6018841722951382e-06	-4.167407736711051e-09	-6.314907076182205	-0.45023117904311694	-0.006773312386227532
-999.0	415.0	-3.1587486756580806e-06	-4.871061625744287e-09	-6.090447176385825	-0.7249216801590548	-0.007242422665155578
-999.0	390.0	-3.978358645140608e-06	-4.558682318888511e-09	-5.711196117930963	-0.7872320670220718	-0.007717525224756647
-999.0	365.0	-3.1192912078190477e-06	-3.580934541128829e-09	-5.2121194700400295	-0.5566071387794378	-0.008115617058652599
-999.0	340.0	-4.597403585281016e-07	-2.3640003146584215e-09	-4.602720327399429	-0.06196912905822291	-0.008461307330910942
-999.0	315.0	2.608949285231808e-06	-1.4419511184307883e-09	-3.917020049498079	0.6475431453178035	-0.008940612909022993
-999.0	290.0	5.014548412932591e-06	-1.0689267951364507e-09	-3.268273069350862	1.401364892169301	-0.009706488647632381
-999.0	265.0	6.3753290146911376e-06	-6.96481991311465e-10	-2.7510184336592385	2.156093390761996	-0.010740747768399136
-999.0	240.0	7.263481295513609e-06	-3.08021234065371e-10	-2.4548301699537793	3.0334884976899303	-0.011849284514956544
-999.0	215.0	7.568307750553148e-06	1.0742650082657834e-10	-2.2293116770409904	3.952963859946644	-0.012717611859636819
-999.0	190.0	7.184046888800079e-06	1.6054139521828447e-10	-1.4687639692868326	4.235709691489172	-0.01268180829347364
-999.0	165.0	6.322517706374654e-06	2.8832247638022576e-11	0.11820836365212975	3.1497507390600314	-0.010363713428495305
-999.0	140.0	6.576498827623947e-06	3.210248013573334e-12	1.311309347549984	1.389914916621263	-0.005855260248603579
-999.0	115.0	6.088823644891739e-06	2.5023623474026747e-12	1.93154646621804	0.4932128787040231	-0.0019260778271171183
-999.0	90.0	7.533083365387874e-06	6.19644598786643e-13	4.078888686442782	0.4176544475334457	-5.974823604622762e-07
-999.0	65.0	6.022854754118297e-07	0.0	1.7007475379440216	0.13251574599632665	0.0
-999.0	40.0	-6.452348411907926e-07	0.0	-8.470465147108985	-0.0442905876164566	0.0
-999.0	15.0	9.957520547997403e-07	0.0	-17.14951026108534	-0.19011165360334104	0.0
244.27777777777777	40	1003.9053672507958	day	levels	pres0
-999.0	990.0	-1.3828537146150755e-05	3.933311428852213e-09	-1.9840186685323737	-0.6247141496450835	0.0006031798569220941
-999.0	965.0	-1.9455646694572522e-05	7.869605685932978e-09	-3.6349354585011793	-1.3871957574867564	0.0015493650881257834
-999.0	940.0	-1.6923057546104926e-05	4.374741881064285e-09	-4.746867898437704	-2.0186518146483987	0.0022320315941247136
-999.0	915.0	-1.709217660885025e-05	1.6375446754745562e-09	-5.664381194238851	-2.536210916660448	0.0026952240625137875
-999.0	890.0	-1.842163376694083e-05	1.314152264484838e-10	-6.478873340068032	-2.9209988169647993	0.0031066466105646668
-999.0	865.0	-1.993780597802921e-05	-1.0513091496283466e-09	-7.211110205562019	-3.1576612503440242	0.003577375807184986
-999.0	840.0	-2.0553293367732716e-05	-2.990481673660944e-10	-7.824217886836437	-3.204590903388124	0.004131552160182871
-999.0	815.0	-2.0539364341546785e-05	1.0858298418995891e-09	-8.23122948187369	-3.042052315341095	0.004713002141560403
-999.0	790.0	-2.068383528404479e-05	9.801476839796406e-10	-8.350300603442724	-2.7038809761266944	0.0051898441284296834
-999.0	765.0	-1.8485181058523223e-05	-3.817760823447946e-09	-8.146867292898678	-2.2791463249811357	0.005410432822159903
-999.0	740.0	-1.3551044272097865e-05	-1.0612857786252738e-08	-7.614921415293664	-1.8715642204991059	0.005274228470852751
-999.0	715.0	-8.170315779030731e-06	-1.5023575160066148e-08	-6.877404972358994	-1.518640828249907	0.004756112641355239
-999.0	690.0	-4.614390794057376e-06	-1.5641284920059683e-08	-6.153936832039453	-1.2101736310869502	0.0038733315857986425
-999.0	665.0	-2.4582544215206068e-06	-1.3555927123537154e-08	-5.500097965614674	-0.9518961101011645	0.0026706656237470818
-999.0	640.0	-4.7005359907403966e-07	-1.2076962091279706e-08	-5.034453903083458	-0.6898383366427078	0.001234890157917068
-999.0	615.0	1.4261690537551469e-06	-1.1124041597617592e-08	-4.823559001502068	-0.4144562941165464	-0.0003045974756919071
-999.0	590.0	2.251432273429923e-06	-9.643002810845833e-09	-4.777106718884573	-0.14067508587701658	-0.0018470780275080363
-999.0	565.0	1.2584761960756908e-06	-7.407212204704877e-09	-4.911188156516459	0.11446166787019124	-0.0033447414151895824
-999.0	540.0	-6.476328905248331e-07	-5.356536187909821e-09	-5.183175538425084	0.2820097772335458	-0.004699926330684752
-999.0	515.0	-2.536875600140606e-06	-3.6560444565155498e-09	-5.583397845151239	0.31477916930560174	-0.005754957456292039
-999.0	490.0	-3.3607710475758157e-06	-3.1536990065709673e-09	-5.96880012640246	0.18100109641198697	-0.0064613313310258515
-999.0	465.0	-3.4327191981452943e-06	-3.671404095860069e-09	-6.257747460294651	-0.12706626675746796	-0.006955650704676305
-999.0	440.0	-3.413985066073352e-06	-4.068538323792181e-09	-6.314564947728758	-0.46097082285969027	-0.0073860111802365866
-999.0	415.0	-3.883713173536926e-06	-4.8079168146865495e-09	-6.088623461899935	-0.7301805859638577	-0.007828807395518254
-999.0	390.0	-4.538160740186114e-06	-4.546169655763078e-09	-5.711685455507702	-0.7837922043270573	-0.00827868434501054
-999.0	365.0	-3.5216778621206163e-06	-3.600103543582234e-09	-5.218469966202972	-0.542389517856978	-0.00865198843673773
-999.0	340.0	-8.376660122469508e-07	-2.3743239552957027e-09	-4.616213246628085	-0.03525176209709546	-0.008961181448124293
-999.0	315.0	2.1206068127502283e-06	-1.431236491972034e-09	-3.9392300619295275	0.6863278984156655	-0.009367781942002124
-999.0	290.0	4.397022615347846e-06	-1.041478547977258e-09	-3.3041983622091675	1.445668187751243	-0.01001476982339472
-999.0	265.0	5.675511369520284e-06	-6.609568214086897e-10	-2.8073664980905857	2.1976662007056857	-0.010906335953445286
-999.0	240.0	6.479927542985699e-06	-2.74098198964189e-10	-2.534016182577144	3.067220346243283	-0.011889632337050312
-999.0	215.0	6.656640505326483e-06	1.212026149128927e-10	-2.3192381306930527	3.9700373383583787	-0.0126675186407751
-999.0	190.0	6.257983625468192e-06	1.5841729176969764e-10	-1.548531640148521	4.221741913645355	-0.01254675382969566
-999.0	165.0	5.543176103920179e-06	2.8871812514901377e-11	0.05070407688620371	3.106730738723725	-0.010157794118394937
-999.0	140.0	5.794276292685253e-06	3.2006034579481445e-12	1.2491124322017306	1.3367660861048543	-0.00565884654848927
-999.0	115.0	5.2550585112641335e-06	2.429294656026555e-12	1.8845371190044844	0.4447711954514322	-0.001823562811014613
-999.0	90.0	6.6998702727372775e-06	6.654550527627769e-13	4.050573588797356	0.3868139726972223	-5.469898247416956e-07
-999.0	65.0	-1.546649411755182e-08	0.0	1.6830709270305215	0.12341786048340687	0.0
-999.0	40.0	-9.901840452950524e-07	0.0	-8.487995507540516	-0.03864216959725189	0.0
-999.0	15.0	1.1239934726061831e-06	0.0	-17.16505228810839	-0.18201496272727577	0.0
244.29166666666666	40	1003.9093254937065	day	levels	pres0
-999.0	990.0	-1.3824359666165342e-05	3.955541625022478e-09	-1.9844203119476653	-0.6197539733515743	0.0006077818198547744
-999.0	965.0	-1.9714555402723823e-05	7.993515203980085e-09	-3.636616110801704	-1.375718324600391	0.001560887341396597
-999.0	940.0	-1.7420598873466892e-05	4.841761295626346e-09	-4.76332658032578	-2.0131126874022804	0.0022469887394952364
-999.0	915.0	-1.7665266404274144e-05	2.4820207159166047e-09	-5.685818643619634	-2.538743789825153	0.0027046746512273284
-999.0	890.0	-1.8951898091473404e-05	1.1671944913015407e-09	-6.497012979454473	-2.9283007288144507	0.0031019533892344972
-999.0	865.0	-2.036525169387504e-05	-3.6257731636045954e-11	-7.22177148527569	-3.166446881161783	0.0035473680951035474
-999.0	840.0	-2.0772824883116142e-05	3.1405980095121675e-10	-7.826918072170665	-3.2135505378246267	0.004060627315683668
-999.0	815.0	-2.054255737428655e-05	1.2436291212959277e-09	-8.225747174686825	-3.0516807983319025	0.004583797948185786
-999.0	790.0	-2.0637658703496996e-05	1.0588867259266086e-09	-8.337664683659831	-2.713731919208347	0.004991732555369396
-999.0	765.0	-1.85923615792465e-05	-3.3177307592759117e-09	-8.131563014454276	-2.2860312296284677	0.005143167046257854
-999.0	740.0	-1.3782947617410445e-05	-9.932631848057296e-09	-7.598784195052222	-1.8727615088638367	0.004941051008483108
-999.0	715.0	-8.424184885864855e-06	-1.4614772226195181e-08	-6.859764979945264	-1.5124219297948733	0.004357217498429826
-999.0	690.0	-4.903043981032256e-06	-1.5474677299304208e-08	-6.13351441754233	-1.195639344553134	0.0034092789903322415
-999.0	665.0	-2.813706933348457e-06	-1.3571007322393503e-08	-5.4761476169029715	-0.9282459940554079	0.0021487156470477342
-999.0	640.0	-9.438284330740202e-07	-1.2140318289266988e-08	-5.013324068652251	-0.6585516449477593	0.000664735224420339
-999.0	615.0	7.638032548124032e-07	-1.1128183018795574e-08	-4.8135881150762305	-0.3782173217687821	-0.0009172341796427082
-999.0	590.0	1.4654316049763646e-06	-9.656341941912211e-09	-4.7784638504187456	-0.10383406030528428	-0.002497687414503145
-999.0	565.0	4.713477877272286e-07	-7.52436176242811e-09	-4.921798066960469	0.14622020105730227	-0.004023941648959688
-999.0	540.0	-1.4159012565045023e-06	-5.5573426760494095e-09	-5.199106173382898	0.3044847003701805	-0.005392651281458396
-999.0	515.0	-3.312428012623098e-06	-3.859949949266819e-09	-5.59949437239107	0.32429178969728023	-0.006442804430638583
-999.0	490.0	-4.168362996288593e-06	-3.2570940854870277e-09	-5.9810048672888305	0.17907272693183196	-0.007128559764251296
-999.0	465.0	-4.2599399666089345e-06	-3.620148225893056e-09	-6.262777003977057	-0.1364384078317323	-0.0075956086457934415
-999.0	440.0	-4.226085959853832e-06	-3.969668910873158e-09	-6.3142228192753445	-0.4717104666763006	-0.007998710236713003
-999.0	415.0	-4.608677671418046e-06	-4.744772003628748e-09	-6.086799747414077	-0.7354394917686891	-0.008415187673657214
-999.0	390.0	-5.09796283523363e-06	-4.533656992637749e-09	-5.712174793084483	-0.780352341632059	-0.008839837324930565
-999.0	365.0	-3.924064516423776e-06	-3.619272546035913e-09	-5.22482046236597	-0.5281718969345202	-0.009188352808708144
-999.0	340.0	-1.2155916659671736e-06	-2.3846475959332282e-09	-4.629706165856816	-0.008534395135946227	-0.009461041822267886
-999.0	315.0	1.6322643402671833e-06	-1.4205218655134173e-09	-3.961440074361069	0.7251126515135804	-0.009794926212183475
-999.0	290.0	3.779496817761391e-06	-1.014030300818111e-09	-3.340123655067595	1.4899714833332502	-0.010323021944417761
-999.0	265.0	4.9756937243475895e-06	-6.254316515059001e-10	-2.863714562522101	2.2392390106494298	-0.011071903120713922
-999.0	240.0	5.696373790456061e-06	-2.4017516386299885e-10	-2.613202195200735	3.100952194796674	-0.011929974558460524
-999.0	215.0	5.744973260098309e-06	1.3497872899917876e-10	-2.4091645843453775	3.987110816770131	-0.012617430509067674
-999.0	190.0	5.331920362134704e-06	1.5629318832109297e-10	-1.6282993110104556	4.207774135801514	-0.012411704981916617
-999.0	165.0	4.763834501463735e-06	2.8911377391781547e-11	-0.01680020987994385	3.0637107383873423	-0.009951876513055092
-999.0	140.0	5.012053757744305e-06	3.1909589023231086e-12	1.1869155168532706	1.2836172555883325	-0.005462428574772468
-999.0	115.0	4.421293377634101e-06	2.3562269646504263e-12	1.837527771790778	0.3963295121987318	-0.0017210363433573276
-999.0	90.0	5.866657180084304e-06	7.112655067389726e-13	4.022258491151835	0.3559734978609497	-4.964886030212785e-07
-999.0	65.0	-6.332184636488092e-07	0.0	1.6653943161169444	0.11431997497049073	0.0
-999.0	40.0	-1.335133249400346e-06	0.0	-8.50552586797214	-0.0329937515780256	0.0
-999.0	15.0	1.2522348904134012e-06	0.0	-17.180594315131536	-0.1739182718512099	0.0
244.30555555555554	40	1003.9132837366174	day	levels	pres0
-999.0	990.0	-1.3820182186179515e-05	3.977771821192684e-09	-1.9848219553629567	-0.614793797058091	0.0006123829410066477
-999.0	965.0	-1.9973464110873376e-05	8.11742472202682e-09	-3.6382967631022076	-1.3642408917140683	0.00157240490851833
-999.0	940.0	-1.7918140200826582e-05	5.308780710187824e-09	-4.779785262213796	-2.007573560156208	0.002261940564851217
-999.0	915.0	-1.8238356199695645e-05	3.3264967563575313e-09	-5.707256093000353	-2.5412766629899015	0.002714122118212264
-999.0	890.0	-1.9482162416003875e-05	2.202973756153154e-09	-6.515152618840872	-2.9356026406641362	0.0030972613868619717
-999.0	865.0	-2.079269740971948e-05	9.78793686355114e-10	-7.232432764989348	-3.1752325119795586	0.0035173683363914064
-999.0	840.0	-2.099235639849915e-05	9.271677692684235e-10	-7.829618257504919	-3.2225101722611247	0.00398972054035199
-999.0	815.0	-2.054575040702681e-05	1.4014284006933425e-09	-8.22026486750003	-3.0613092813226794	0.00445462747058793
-999.0	790.0	-2.0591482122950005e-05	1.1376257678745606e-09	-8.325028763877034	-2.7235828622899523	0.004793678933238126
-999.0	765.0	-1.869954209997021e-05	-2.817700695104784e-09	-8.116258736009966	-2.292916134275758	0.004875986764473083
-999.0	740.0	-1.4014850962723013e-05	-9.252405909863926e-09	-7.582646974810864	-1.8739587972285467	0.004607978189487067
-999.0	715.0	-8.678053992698725e-06	-1.4205969292325804e-08	-6.8421249875316095	-1.5062030313398505	0.0039584315678024735
-999.0	690.0	-5.191697168006637e-06	-1.5308069678549597e-08	-6.1130920030452796	-1.1811050580193623	0.0029453294182322652
-999.0	665.0	-3.169159445175518e-06	-1.3586087521249929e-08	-5.452197268191334	-0.9045958780097295	0.0016268504091140146
-999.0	640.0	-1.4176032670727575e-06	-1.2203674487254103e-08	-4.992194234221091	-0.6272649532529115	9.464087849860965e-05
-999.0	615.0	1.0143745587157061e-07	-1.1132324439973641e-08	-4.803617228650396	-0.3419783494211263	-0.001529836515189902
-999.0	590.0	6.794309365251121e-07	-9.669681072978654e-09	-4.779820981952882	-0.06699303473365467	-0.0031482853828707514
-999.0	565.0	-3.157806206189634e-07	-7.641511320151016e-09	-4.932407977404412	0.1779787342443318	-0.004703146268783598
-999.0	540.0	-2.184169622482017e-06	-5.758149164188258e-09	-5.215036808340628	0.3269596235067626	-0.006085390732932989
-999.0	515.0	-4.087980425103516e-06	-4.063855442017095e-09	-5.615590899630818	0.3338044100889412	-0.007130668410188297
-999.0	490.0	-4.975954944999288e-06	-3.3604891644023163e-09	-5.993209608175129	0.17714435745168944	-0.007795802366398467
-999.0	465.0	-5.087160735070411e-06	-3.5688923559259306e-09	-6.267806547659412	-0.14581054890596507	-0.008235573614566189
-999.0	440.0	-5.038186853632044e-06	-3.870799497954288e-09	-6.313880690821897	-0.4824501104928738	-0.008611409555045912
-999.0	415.0	-5.333642169296891e-06	-4.6816271925710095e-09	-6.084976032928187	-0.740698397573492	-0.009001563499177736
-999.0	390.0	-5.657764930279133e-06	-4.521144329512316e-09	-5.712664130661223	-0.7769124789370441	-0.009400984164288223
-999.0	365.0	-4.3264511707253445e-06	-3.6384415484893186e-09	-5.231170958528912	-0.5139542760120606	-0.009724710174466416
-999.0	340.0	-1.5935173196860233e-06	-2.3949712365705086e-09	-4.64319908508547	0.018182971825181082	-0.009960888453385759
-999.0	315.0	1.143921867785603e-06	-1.4098072390546627e-09	-3.9836500867925166	0.7638974046114426	-0.010222045719692026
-999.0	290.0	3.1619710201766486e-06	-9.865820536589184e-10	-3.3760489479259004	1.534274778915192	-0.010631245010815532
-999.0	265.0	4.275876079176737e-06	-5.89906481603125e-10	-2.9200626269534484	2.2808118205931196	-0.011237449270270976
-999.0	240.0	4.912820037928151e-06	-2.0625212876181688e-10	-2.6923882078241	3.1346840433500267	-0.011970311179195359
-999.0	215.0	4.833306014871643e-06	1.4875484308549306e-10	-2.4990910379974403	4.004184295181865	-0.012567347464507222
-999.0	190.0	4.405857098802817e-06	1.5416908487250614e-10	-1.708066981872143	4.193806357957698	-0.012276661750132185
-999.0	165.0	3.9844928990092575e-06	2.8950942268660335e-11	-0.08430449664587009	3.0206907380510355	-0.009745960612474305
-999.0	140.0	4.229831222805613e-06	3.1813143466979192e-12	1.124718601505018	1.2304684250719236	-0.005266006327452885
-999.0	115.0	3.587528244006494e-06	2.2831592732743063e-12	1.7905184245772228	0.34788782894614084	-0.0016184984241453132
-999.0	90.0	5.033444087433706e-06	7.570759607151065e-13	3.993943393506408	0.32513302302472635	-4.4597869530097765e-07
-999.0	65.0	-1.2509704331781905e-06	0.0	1.647717705203444	0.105222089457571	0.0
-999.0	40.0	-1.680082453504605e-06	0.0	-8.52305622840367	-0.027345333558820906	0.0
-999.0	15.0	1.3804763082198436e-06	0.0	-17.196136342154585	-0.16582158097514466	0.0
244.31944444444446	40	1003.9172419795284	day	levels	pres0
-999.0	990.0	-1.3816004706194181e-05	4.000002017363101e-09	-1.985223598778247	-0.6098336207645878	0.0006169832203186488
-999.0	965.0	-2.023237281902492e-05	8.241334240074103e-09	-3.6399774154027362	-1.352763458827712	0.0015839177894049973
-999.0	940.0	-1.84156815281887e-05	5.775800124749907e-09	-4.79624394410188	-2.0020344329101025	0.002276887070233109
-999.0	915.0	-1.8811445995119484e-05	4.170972796799414e-09	-5.728693542381145	-2.543809536154621	0.0027235664635080967
-999.0	890.0	-2.0012426740536304e-05	3.2387530210061436e-09	-6.533292258227329	-2.9429045525138013	0.003092570603435865
-999.0	865.0	-2.1220143125565267e-05	1.993845104347541e-09	-7.243094044703034	-3.1840181427973313	0.003487376531017763
-999.0	840.0	-2.1211887913882706e-05	1.5402757375858531e-09	-7.832318442839165	-3.231469806697641	0.00391883183433611
-999.0	815.0	-2.0548943439766828e-05	1.5592276800896904e-09	-8.214782560313182	-3.0709377643134976	0.004325490709757189
-999.0	790.0	-2.0545305542402496e-05	1.2163648098214e-09	-8.312392844094155	-2.7334338053716145	0.004595683264842152
-999.0	765.0	-1.8806722620693768e-05	-2.3176706309329336e-09	-8.100954457565573	-2.2998010389231007	0.004608891980641443
-999.0	740.0	-1.4246754308035806e-05	-8.57217997166869e-09	-7.5665097545694255	-1.875156085593291	0.004275010015825539
-999.0	715.0	-8.931923099533001e-06	-1.3797166358455073e-08	-6.824484995117874	-1.4999841328848338	0.0035597548483435795
-999.0	690.0	-5.480350354981671e-06	-1.51414620577943e-08	-6.092669588548144	-1.1665707714855647	0.002481482867289327
-999.0	665.0	-3.5246119570035725e-06	-1.3601167720106307e-08	-5.42824691947961	-0.8809457619639902	0.0011050699082408896
-999.0	640.0	-1.8913781010729758e-06	-1.226703068524133e-08	-4.971064399789859	-0.5959782615579764	-0.00047539288075856
-999.0	615.0	-5.609283430714096e-07	-1.1136465861151581e-08	-4.793646342224533	-0.30573937707336973	-0.00214240448237746
-999.0	590.0	-1.0656973192866899e-07	-9.68302020404501e-09	-4.781178113487029	-0.030152009161925272	-0.0037988719319161594
-999.0	565.0	-1.102909028967637e-06	-7.758660877874272e-09	-4.9430178878484	0.2097372674314429	-0.005382355273491918
-999.0	540.0	-2.952437988461916e-06	-5.958955652327842e-09	-5.23096744329842	0.3494345466433982	-0.006778144683592385
-999.0	515.0	-4.863532837586287e-06	-4.267760934768259e-09	-5.63168742687063	0.34331703048061846	-0.007818549393260066
-999.0	490.0	-5.783546893712388e-06	-3.463884243318237e-09	-6.005414349061478	0.175215987971532	-0.008463059135987576
-999.0	465.0	-5.914381503534417e-06	-3.517636485958773e-09	-6.272836091341798	-0.15518268998023235	-0.008875545610023194
-999.0	440.0	-5.85028774741293e-06	-3.771930085035092e-09	-6.313538562368461	-0.4931897543094865	-0.009224109134632858
-999.0	415.0	-6.05860666717843e-06	-4.618482381513023e-09	-6.0831523184423055	-0.7459573033783226	-0.009587934871693134
-999.0	390.0	-6.217567025327036e-06	-4.508631666386814e-09	-5.71315346823798	-0.7734726162420364	-0.009962124862862772
-999.0	365.0	-4.728837825028767e-06	-3.657610550942867e-09	-5.2375214546918905	-0.4997366550895795	-0.010261060533922806
-999.0	340.0	-1.9714429734063617e-06	-2.4052948772079423e-09	-4.656692004314185	0.044900338786364846	-0.010460721341529873
-999.0	315.0	6.555793953024948e-07	-1.3990926125959664e-09	-4.005860099224043	0.802682157709397	-0.010649140464660778
-999.0	290.0	2.54444522259008e-06	-9.591338064997087e-10	-3.4119742407843128	1.5785780744972373	-0.010939439022709697
-999.0	265.0	3.5760584340038813e-06	-5.543813117003031e-10	-2.976410691384946	2.3223846305368934	-0.011402974402189308
-999.0	240.0	4.129266285398371e-06	-1.7232909366061056e-10	-2.7715742204476705	3.1684158919034346	-0.012010642199269131
-999.0	215.0	3.921638769643378e-06	1.6253095717179395e-10	-2.589017491649751	4.0212577735936295	-0.01251726950709175
-999.0	190.0	3.479793835469251e-06	1.520449814239109e-10	-1.7878346527340787	4.17983858011387	-0.012141624134342225
-999.0	165.0	3.2051512965526955e-06	2.8990507145542668e-11	-0.15180878341203702	2.977670737714669	-0.009540046416653486
-999.0	140.0	3.4476086878645095e-06	3.1716697910729507e-12	1.0625216861565345	1.1773195945554091	-0.005069579806530682
-999.0	115.0	2.7537631103762614e-06	2.2100915818981936e-12	1.7435090773635042	0.2994461456934339	-0.0015159490533783074
-999.0	90.0	4.20023099478047e-06	8.028864146913679e-13	3.9656282958608857	0.2942925481884396	-3.954601015811998e-07
-999.0	65.0	-1.8687224027096342e-06	0.0	1.6300410942898682	0.09612420394464385	0.0
-999.0	40.0	-2.025031657609964e-06	0.0	-8.540586588835296	-0.02169691553959925	0.0
-999.0	15.0	1.508717726027091e-06	0.0	-17.21167836917773	-0.15772489009907892	0.0
244.33333333333334	40	1003.921200222439	day	levels	pres0
-999.0	990.0	-1.3811827226208246e-05	4.02223221353323e-09	-1.9856252421935316	-0.6048734444711031	0.0006215826577315848
-999.0	965.0	-2.0491281527174346e-05	8.365243758120733e-09	-3.641658067703235	-1.3412860259413921	0.0015954259839701629
-999.0	940.0	-1.891322285554834e-05	6.2428195393114e-09	-4.812702625989895	-1.9964953056640364	0.002291828255680482
-999.0	915.0	-1.9384535790541006e-05	5.015448837240541e-09	-5.750130991761868	-2.5463424093193767	0.0027330076871530788
-999.0	890.0	-2.0542691065066866e-05	4.2745322858580546e-09	-6.55143189761373	-2.9502064643634958	0.0030878810389434823
-999.0	865.0	-2.1647588841409807e-05	3.008896522338912e-09	-7.253755324416698	-3.1928037736151147	0.00345739267895043
-999.0	840.0	-2.1431419429265776e-05	2.1533837059031577e-09	-7.835018628173428	-3.240429441134143	0.0038479611977833322
-999.0	815.0	-2.0552136472507085e-05	1.7170269594871372e-09	-8.209300253126392	-3.0805662473042776	0.004196387666683641
-999.0	790.0	-2.049912896185544e-05	1.2951038517693627e-09	-8.299756924311364	-2.743284748453223	0.004397745552988239
-999.0	765.0	-1.891390314141739e-05	-1.817640566761799e-09	-8.085650179121272	-2.306685943570392	0.004341882698600173
-999.0	740.0	-1.44786576533483e-05	-7.891954033475338e-09	-7.550372534328072	-1.8763533739580012	0.00394214648946202
-999.0	715.0	-9.18579220636683e-06	-1.3388363424585724e-08	-6.806845002704225	-1.4937652344298082	0.00316118733892708
-999.0	690.0	-5.769003541956037e-06	-1.4974854437039702e-08	-6.072247174051094	-1.1520364849517875	0.002017739335298318
-999.0	665.0	-3.880064468830629e-06	-1.3616247918962746e-08	-5.404296570767977	-0.8572956459183034	0.0005833741427284113
-999.0	640.0	-2.365152935071707e-06	-1.2330386883228456e-08	-4.949934565358702	-0.5646915698631182	-0.0010453660542557202
-999.0	615.0	-1.2232941420122332e-06	-1.1140607282329654e-08	-4.783675455798702	-0.2695004047257019	-0.0027549380812425936
-999.0	590.0	-8.925704003798978e-07	-9.696359335111461e-09	-4.782535245021168	0.006689016409716322	-0.0044494470609370085
-999.0	565.0	-1.8900374373137834e-06	-7.875810435597183e-09	-4.953627798292349	0.24149580061848294	-0.006061568661906758
-999.0	540.0	-3.720706354439364e-06	-6.159762140466708e-09	-5.246898078256156	0.3719094697799892	-0.007470913131911338
-999.0	515.0	-5.639085250066634e-06	-4.471666427518551e-09	-5.647783954110383	0.3528296508722869	-0.008506447378163336
-999.0	490.0	-6.59113884242304e-06	-3.5672793222335163e-09	-6.017619089947782	0.17328761849139526	-0.009130330071529393
-999.0	465.0	-6.7416022719958815e-06	-3.466380615991639e-09	-6.277865635024158	-0.16455483105446062	-0.009515524631183882
-999.0	440.0	-6.6623886411911285e-06	-3.6730606721162357e-09	-6.313196433915015	-0.5039293981260554	-0.00983680897486258
-999.0	415.0	-6.783571165057211e-06	-4.555337570455309e-09	-6.0813286039564165	-0.7512162091831194	-0.010174301790808369
-999.0	390.0	-6.777369120372417e-06	-4.496119003261409e-09	-5.713642805814722	-0.7700327535470137	-0.010523259420425457
-999.0	365.0	-5.1312244793302e-06	-3.6767795533962787e-09	-5.243871950854833	-0.48551903416710884	-0.010797403886979785
-999.0	340.0	-2.3493686271251276e-06	-2.4156185178452156e-09	-4.67018492354284	0.07161770574750431	-0.010960540486744321
-999.0	315.0	1.6723692282092746e-07	-1.3883779861372035e-09	-4.02807011165549	0.8414669108072693	-0.011076210447215006
-999.0	290.0	1.9269194250053157e-06	-9.316855593405114e-10	-3.4478995336426146	1.622881370079185	-0.011247603980214798
-999.0	265.0	2.8762407888330093e-06	-5.1885614179753e-10	-3.032758755816289	2.3639574404805823	-0.011568478516535554
-999.0	240.0	3.3457125328704417e-06	-1.38406058559439e-10	-2.85076023307103	3.202147740456783	-0.012050967618690855
-999.0	215.0	3.009971524416667e-06	1.7630707125809628e-10	-2.678943945301808	4.038331252005364	-0.012467196636814799
-999.0	190.0	2.553730572137267e-06	1.4992087797531976e-10	-1.867602323595759	4.165870802270061	-0.012006592134543213
-999.0	165.0	2.4258096940981427e-06	2.9030072022420768e-11	-0.21931307017795482	2.934650737378377	-0.009334133925591735
-999.0	140.0	2.6653861529258156e-06	3.1620252354477973e-12	1.0003247708082843	1.1241707640390133	-0.0048731490120058245
-999.0	115.0	1.9199979767486506e-06	2.1370238905220966e-12	1.6964997301499407	0.25100446244085134	-0.001413388231056434
-999.0	90.0	3.367017902129873e-06	8.486968686674825e-13	3.9373131982154463	0.2634520733522221	-3.449328218618102e-07
-999.0	65.0	-2.4864743722389967e-06	0.0	1.6123644833763604	0.08702631843172867	0.0
-999.0	40.0	-2.369980861714195e-06	0.0	-8.558116949266827	-0.016048497520389365	0.0
-999.0	15.0	1.6369591438334968e-06	0.0	-17.227220396200785	-0.14962819922300963	0.0
244.34722222222223	40	1003.92515846535	day	levels	pres0
-999.0	990.0	-1.3807649746222935e-05	4.044462409703573e-09	-1.9860268856088292	-0.5999132681775952	0.0006261812531864118
-999.0	965.0	-2.075019023532577e-05	8.489153276167944e-09	-3.643338720003765	-1.3298085930550239	0.001606929492127865
-999.0	940.0	-1.941076418291036e-05	6.7098389538734454e-09	-4.829161307877971	-1.9909561784179117	0.0023067641212337945
-999.0	915.0	-1.995762558596488e-05	5.859924877682391e-09	-5.771568441142648	-2.548875282484074	0.002742445789186674
-999.0	890.0	-2.107295538959934e-05	5.310311550710816e-09	-6.56957153700017	-2.957508376213139	0.0030831926933734977
-999.0	865.0	-2.2075034557255533e-05	4.023947940331001e-09	-7.264416604130362	-3.201589404432866	0.003427416780158445
-999.0	840.0	-2.1650950944649134e-05	2.766491674220372e-09	-7.8377188135076485	-3.249389075570641	0.0037771086308417304
-999.0	815.0	-2.0555329505246854e-05	1.874826238883446e-09	-8.203817945939523	-3.0901947302950816	0.004067318342357331
-999.0	790.0	-2.045295238130771e-05	1.3738428937163208e-09	-8.287121004528466	-2.753135691534873	0.004199865800481997
-999.0	765.0	-1.902108366214076e-05	-1.3176105025897707e-09	-8.070345900676863	-2.313570848217723	0.0040749589221843515
-999.0	740.0	-1.4710560998660957e-05	-7.211728095279882e-09	-7.534235314086625	-1.8775506623227318	0.0036093876123571515
-999.0	715.0	-9.439661313200995e-06	-1.297956049071473e-08	-6.789205010290491	-1.4875463359747767	0.0027627290384232106
-999.0	690.0	-6.057656728930932e-06	-1.4808246816284209e-08	-6.051824759553972	-1.1375021984179765	0.001554098820049492
-999.0	665.0	-4.235516980658484e-06	-1.3631328117819087e-08	-5.380346222056271	-0.8336455298725554	6.176311087124752e-05
-999.0	640.0	-2.8389277690716927e-06	-1.2393743081215725e-08	-4.928804730927492	-0.5334048781681802	-0.001615278642903488
-999.0	615.0	-1.885659940954986e-06	-1.1144748703507629e-08	-4.77370456937286	-0.23326143237794977	-0.003367437311829306
-999.0	590.0	-1.6785710688334804e-06	-9.70969846617783e-09	-4.783892376555338	0.04353004198143659	-0.005100010769238509
-999.0	565.0	-2.6771658456622913e-06	-7.992959993320409e-09	-4.964237708736355	0.27325433380558345	-0.006740786432858539
-999.0	540.0	-4.4889747204191e-06	-6.360568628606282e-09	-5.262828713213963	0.394384392916615	-0.00816369607637344
-999.0	515.0	-6.414637662549197e-06	-4.675571920269804e-09	-5.663880481350208	0.36234227126395796	-0.009194362363216711
-999.0	490.0	-7.398730791135859e-06	-3.6706744011495853e-09	-6.029823830834147	0.1713592490112345	-0.009797615171543898
-999.0	465.0	-7.568823040459534e-06	-3.4151247460246353e-09	-6.282895178706561	-0.17392697212872946	-0.010155510677076773
-999.0	440.0	-7.4744895349716236e-06	-3.5741912591972004e-09	-6.312854305461601	-0.5146690419426703	-0.010449509075132578
-999.0	415.0	-7.508535662938397e-06	-4.492192759397483e-09	-6.079504889470558	-0.7564751149879566	-0.010760664256136742
-999.0	390.0	-7.337171215420056e-06	-4.483606340136052e-09	-5.714132143391503	-0.7665928908520236	-0.011084387836755583
-999.0	365.0	-5.533611133633495e-06	-3.6959485558499518e-09	-5.250222447017831	-0.4713014132446619	-0.011333740233547647
-999.0	340.0	-2.7272942808454343e-06	-2.425942158482748e-09	-4.68367784277157	0.09833507270864167	-0.011460345889081083
-999.0	315.0	-3.211055496621299e-07	-1.3776633596785953e-09	-4.050280124087032	0.8802516639051741	-0.011503255667487635
-999.0	290.0	1.3093936274188823e-06	-9.042373121813696e-10	-3.4838248265010456	1.6671846656611866	-0.011555739883452331
-999.0	265.0	2.1764231436603353e-06	-4.833309718947383e-10	-3.0891068202478085	2.405530250424327	-0.011733961613382271
-999.0	240.0	2.5621587803408234e-06	-1.0448302345823846e-10	-2.9299462456946257	3.2358795890101777	-0.012091287437474414
-999.0	215.0	2.0983042791885367e-06	1.9008318534439422e-10	-2.7688703989541383	4.055404730417116	-0.012417128853673893
-999.0	190.0	1.6276673088038742e-06	1.4779677452671939e-10	-1.9473699944577012	4.151903024426213	-0.011871565750734512
-999.0	165.0	1.6464680916417744e-06	2.906963689930162e-11	-0.28681735694411065	2.8916307370419805	-0.009128223139289548
-999.0	140.0	1.8831636179848677e-06	3.1523806798227234e-12	0.9381278554598218	1.0710219335224782	-0.004676713943878296
-999.0	115.0	1.0862328431186226e-06	2.0639561991459448e-12	1.6494903829362424	0.20256277918814256	-0.0013108159571793936
-999.0	90.0	2.5338048094768988e-06	8.945073226436974e-13	3.9089981005699377	0.2326115985159436	-2.9439685614314054e-07
-999.0	65.0	-3.104226341770273e-06	0.0	1.5946878724627918	0.07792843291880794	0.0
-999.0	40.0	-2.7149300658195172e-06	0.0	-8.57564730969845	-0.010400079501168225	0.0
-999.0	15.0	1.7652005616407515e-06	0.0	-17.242762423223926	-0.14153150834694778	0.0
244.36111111111111	40	1003.9291167082608	day	levels	pres0
-999.0	990.0	-1.3803472266237108e-05	4.0666926058737795e-09	-1.9864285290241213	-0.5949530918841119	0.0006307790066239188
-999.0	965.0	-2.1009098943475322e-05	8.613062794214678e-09	-3.645019372304268	-1.3183311601687009	0.0016184283137915445
-999.0	940.0	-1.990830551027004e-05	7.176858368434923e-09	-4.84561998976599	-1.9854170511718399	0.0023216946669323535
-999.0	915.0	-2.0530715381386377e-05	6.704400918123316e-09	-5.793005890523368	-2.5514081556488226	0.002751880769646735
-999.0	890.0	-2.160321971412982e-05	6.346090815562431e-09	-6.587711176386569	-2.9648102880628247	0.0030785055667127137
-999.0	865.0	-2.2502480273099965e-05	5.03899935832216e-09	-7.27507788384402	-3.210375035250643	0.003397448834609033
-999.0	840.0	-2.1870482460032146e-05	3.379599642537577e-09	-7.840418998841903	-3.2583487100071395	0.003706274133657953
-999.0	815.0	-2.0558522537987115e-05	2.03262551828086e-09	-8.198335638752726	-3.099823213285858	0.003938282737767513
-999.0	790.0	-2.040677580076072e-05	1.4525819356642732e-09	-8.274485084745667	-2.762986634616478	0.004002044010128927
-999.0	765.0	-1.912826418286446e-05	-8.17580438418644e-10	-8.055041622232554	-2.3204557528650134	0.003808120655229757
-999.0	740.0	-1.4942464343973525e-05	-6.531502157086513e-09	-7.518098093845267	-1.8787479506874427	0.0032767333864734014
-999.0	715.0	-9.693530420034865e-06	-1.2570757556845355e-08	-6.7715650178768385	-1.4813274375197538	0.0023643799457049265
-999.0	690.0	-6.3463099159053116e-06	-1.4641639195529589e-08	-6.031402345056919	-1.1229679118842046	0.0010905613193365254
-999.0	665.0	-4.590969492485545e-06	-1.3646408316675513e-08	-5.356395873344636	-0.809995413826877	-0.0004597631890317443
-999.0	640.0	-3.3127026030704307e-06	-1.245709927920284e-08	-4.907674896496333	-0.5021181864733325	-0.002185130647607501
-999.0	615.0	-2.548025739895819e-06	-1.1148890124685696e-08	-4.763733682947028	-0.19702246003029386	-0.003979902174175756
-999.0	590.0	-2.4645717372847326e-06	-9.72303759724427e-09	-4.785249508089474	0.08037106755306628	-0.005750563056119088
-999.0	565.0	-3.464294254008483e-06	-8.110109551043313e-09	-4.974847619180297	0.305012866992613	-0.0074200085851700275
-999.0	540.0	-5.257243086396616e-06	-6.56137511674513e-09	-5.278759348171694	0.4168593160531973	-0.008856493515453943
-999.0	515.0	-7.190190075029615e-06	-4.8794774130200795e-09	-5.679977008589957	0.3718548916556189	-0.00988229434672999
-999.0	490.0	-8.206322739846555e-06	-3.774069480064875e-09	-6.042028571720445	0.16943087953109193	-0.010464914434542125
-999.0	465.0	-8.396043808921011e-06	-3.3638688760575086e-09	-6.287924722388916	-0.18329911320296213	-0.010795503746721568
-999.0	440.0	-8.286590428749835e-06	-3.4753218462783297e-09	-6.312512177008152	-0.5254086857592435	-0.011062209434831842
-999.0	415.0	-8.233500160817238e-06	-4.429047948339745e-09	-6.077681174984668	-0.7617340207927598	-0.011347022267283449
-999.0	390.0	-7.89697331046556e-06	-4.471093677010619e-09	-5.714621480968243	-0.7631530281570094	-0.011645510111624567
-999.0	365.0	-5.935997787935065e-06	-3.715117558303357e-09	-5.256572943180772	-0.4570837923222021	-0.01187006957352892
-999.0	340.0	-3.1052199345642836e-06	-2.43626579912003e-09	-4.697170762000226	0.12505243966976892	-0.011960137548584184
-999.0	315.0	-8.094480221437095e-07	-1.3669487332198407e-09	-4.07249013651848	0.9190364170030361	-0.011930276125603748
-999.0	290.0	6.918678298341398e-07	-8.76789065022177e-10	-3.51975011935935	1.711487961243128	-0.011863846732536494
-999.0	265.0	1.476605498489483e-06	-4.478058019919632e-10	-3.1454548846791557	2.4471030603680166	-0.011899423692795705
-999.0	240.0	1.7786050278129146e-06	-7.055998835705647e-11	-3.009132258317991	3.2696114375635292	-0.012131601655628401
-999.0	215.0	1.1866370339618705e-06	2.038592994307086e-10	-2.8587968526061998	4.0724782088288505	-0.012367066157662194
-999.0	190.0	7.016040454719867e-07	1.456726710781326e-10	-2.027137665319389	4.137935246582398	-0.011736544982912286
-999.0	165.0	8.671264891872971e-07	2.910920177618043e-11	-0.3543216437100369	2.8486107367056737	-0.008922314057745873
-999.0	140.0	1.1009410830461739e-06	3.142736124197534e-12	0.8759309401115687	1.0178731030060695	-0.004480274602147993
-999.0	115.0	2.5246770949101567e-07	1.990888507769826e-12	1.6024810357226875	0.15412109593555165	-0.0012082322317472738
-999.0	90.0	1.7005917168263021e-06	9.403177766198314e-13	3.880683002924512	0.2017711236797202	-2.4385220442521907e-07
-999.0	65.0	-3.7219783112996547e-06	0.0	1.577011261549291	0.06883054740588818	0.0
-999.0	40.0	-3.059879269923777e-06	0.0	-8.59317767012998	-0.004751661481963557	0.0
-999.0	15.0	1.8934419794471937e-06	0.0	-17.258304450246982	-0.13343481747088248	0.0
244.375	40	1003.9330749511719	day	levels	pres0
-999.0	990.0	-1.3799294786251806e-05	4.088922802044112e-09	-1.986830172439416	-0.5899929155906042	0.0006353759179850838
-999.0	965.0	-2.1268007651626786e-05	8.736972312261866e-09	-3.6467000246047974	-1.3068537272823353	0.0016299224488752987
-999.0	940.0	-2.040584683763208e-05	7.643877782996882e-09	-4.862078671654065	-1.9798779239257176	0.002336619892816747
-999.0	915.0	-2.1103805176810257e-05	7.548876958565045e-09	-5.81444333990415	-2.553941028813521	0.002761312628572961
-999.0	890.0	-2.2133484038662304e-05	7.381870080415092e-09	-6.60585081577301	-2.9721121999124684	0.003073819658950135
-999.0	865.0	-2.2929925988945695e-05	6.054050776314127e-09	-7.285739163557688	-3.2191606660683947	0.0033674888422716544
-999.0	840.0	-2.2090013975415514e-05	3.992707610854672e-09	-7.8431191841761265	-3.2673083444436393	0.003635457706380546
-999.0	815.0	-2.056171557072688e-05	2.1904247976770554e-09	-8.192853331565855	-3.1094516962766647	0.0038092808539046384
-999.0	790.0	-2.0360599220212964e-05	1.5313209776111223e-09	-8.261849164962769	-2.772837577698131	0.0038042801847346886
-999.0	765.0	-1.9235444703587778e-05	-3.1755037424672065e-10	-8.039737343788147	-2.3273406575123468	0.00354136790157137
-999.0	740.0	-1.5174367689286117e-05	-5.8512762188911435e-09	-7.501960873603821	-1.8799452390521765	0.0029441838137718055
-999.0	715.0	-9.94739952686898e-06	-1.2161954622974411e-08	-6.753925025463104	-1.4751085390647252	0.0019661400596429636
-999.0	690.0	-6.634963102880175e-06	-1.447503157477412e-08	-6.0109799305597935	-1.108433625350396	0.0006271268309499607
-999.0	665.0	-4.94642200431338e-06	-1.3661488515531849e-08	-5.33244552463293	-0.7863452977811296	-0.000981204758685563
-999.0	640.0	-3.786477437070398e-06	-1.25204554771901e-08	-4.8865450620651245	-0.47083149477839464	-0.002754922069277961
-999.0	615.0	-3.2103915388385455e-06	-1.1153031545863657e-08	-4.753762796521187	-0.16078348768254114	-0.004592332668325446
-999.0	590.0	-3.2505724057382727e-06	-9.736376728310628e-09	-4.786606639623641	0.11721209312478714	-0.0064011039208834095
-999.0	565.0	-4.251422662356937e-06	-8.227259108766534e-09	-4.985457529624303	0.33677140017971396	-0.00809923511767109
-999.0	540.0	-6.02551145237629e-06	-6.762181604884703e-09	-5.294689983129501	0.4393342391898235	-0.009549305447635926
-999.0	515.0	-7.965742487512116e-06	-5.083382905771335e-09	-5.696073535829782	0.38136751204729075	-0.01057024332702129
-999.0	490.0	-9.013914688559317e-06	-3.877464558980944e-09	-6.0542333126068115	0.16750251005093253	-0.01113222785904365
-999.0	465.0	-9.223264577384623e-06	-3.3126130060905043e-09	-6.292954266071319	-0.19267125427722923	-0.011435503839146474
-999.0	440.0	-9.098691322530309e-06	-3.376452433359292e-09	-6.312170048554738	-0.5361483295758565	-0.011674910053357627
-999.0	415.0	-8.958464658698411e-06	-4.365903137281916e-09	-6.07585746049881	-0.7669929265975951	-0.011933375823861574
-999.0	390.0	-8.45677540551319e-06	-4.4585810138852565e-09	-5.715110818545024	-0.7597131654620171	-0.012206626244811527
-999.0	365.0	-6.338384442238344e-06	-3.734286560757027e-09	-5.262923439343769	-0.4428661713997523	-0.012406391906833816
-999.0	340.0	-3.4831455882845657e-06	-2.4465894397575603e-09	-4.710663681228955	0.15176980663090944	-0.012459915465305626
-999.0	315.0	-1.2977904946267325e-06	-1.3562341067612309e-09	-4.09470014895002	0.9578211701009421	-0.012357271821696414
-999.0	290.0	7.434203224774091e-08	-8.493408178630354e-10	-3.5556754122177754	1.755791256825129	-0.01217192452758912
-999.0	265.0	7.767878533168528e-07	-4.122806320891768e-10	-3.201802949110667	2.488675870311756	-0.01206486475484889
-999.0	240.0	9.950512752833734e-07	-3.663695325586663e-11	-3.088318270941575	3.303343286116918	-0.012171910273167304
-999.0	215.0	2.749697887338701e-07	2.176354135169984e-10	-2.9487233062585188	4.089551687240601	-0.012317008548777852
-999.0	190.0	-2.2445921786129474e-07	1.4354856762953135e-10	-2.1069053361813226	4.123967468738557	-0.011601529831076523
-999.0	165.0	8.778488673097273e-08	2.914876665306144e-11	-0.4218259304761886	2.805590736369292	-0.008716406680961675
-999.0	140.0	3.187185481052707e-07	3.1330915685724973e-12	0.8137340247631073	0.9647242724895476	-0.00428383098681513
-999.0	115.0	-5.812974241389719e-07	1.917820816393706e-12	1.5554716885089874	0.10567941268285116	-0.0011056370547598423
-999.0	90.0	8.673786241733643e-07	9.861282305960398e-13	3.8523679052790003	0.17093064884344733	-1.9329886670838515e-07
-999.0	65.0	-4.339730280830904e-06	0.0	1.5593346506357193	0.0597326618929704	0.0
-999.0	40.0	-3.4048284740290708e-06	0.0	-8.610708030561605	0.000896756537258625	0.0
-999.0	15.0	2.0216833972544583e-06	0.0	-17.273846477270123	-0.12533812659482163	0.0
244.38888888888889	40	1004.1667344835071	day	levels	pres0
-999.0	990.0	-1.2096659071481371e-05	4.070902023420742e-09	-1.9869101494550732	-0.5850814220547152	0.0006546318049009738
-999.0	965.0	-1.997354917550089e-05	8.735686987101762e-09	-3.648049559858122	-1.2954919243024257	0.0016711388376755532
-999.0	940.0	-1.9467275962424805e-05	7.891059318248627e-09	-4.878071696118097	-1.9744742736220116	0.002400732345262713
-999.0	915.0	-2.0303596338111272e-05	8.10454503055534e-09	-5.835203722671252	-2.5565659290662257	0.002839526294724549
-999.0	890.0	-2.133819231966567e-05	8.054281847930568e-09	-6.62316978971165	-2.9794299453496706	0.0031574906301636025
-999.0	865.0	-2.2083608330123276e-05	6.669954738843613e-09	-7.295519707379517	-3.227872640446366	0.0034469193960173228
-999.0	840.0	-2.1121042082085266e-05	4.268054612777299e-09	-7.844988081190301	-3.2760746942626087	0.00369890051422271
-999.0	815.0	-1.946718095458637e-05	2.101272895944056e-09	-8.186654249827031	-3.118687847146292	0.0038464604830184806
-999.0	790.0	-1.9284295221912143e-05	1.4101421294500842e-09	-8.248564163843742	-2.7821378754796995	0.0038166135098701226
-999.0	765.0	-1.8344047180387478e-05	-3.1729141782536116e-11	-8.023764310059676	-2.333658112971889	0.0035462081447791686
-999.0	740.0	-1.4403236758273525e-05	-5.381819701066974e-09	-7.485226710637368	-1.880765510998952	0.0029647666201407107
-999.0	715.0	-9.175418499317916e-06	-1.1920198432165567e-08	-6.735882436787604	-1.4688286847538392	0.002021089425855668
-999.0	690.0	-5.892657494236857e-06	-1.4436462036057823e-08	-5.990330310883312	-1.0940756003061773	0.0007308865348684883
-999.0	665.0	-4.284887129910686e-06	-1.3776718023345314e-08	-5.308408979464431	-0.7630074052139827	-0.0008156611099854001
-999.0	640.0	-3.267349556726095e-06	-1.2677663513469031e-08	-4.865417049162898	-0.4399225416558386	-0.0025180227820165387
-999.0	615.0	-2.9193436108439813e-06	-1.1253026625179418e-08	-4.74382452059675	-0.1249021164796577	-0.004280426557069293
-999.0	590.0	-3.1282580285161276e-06	-9.854916512088096e-09	-4.788031071148552	0.15372909881454136	-0.006012114202745234
-999.0	565.0	-4.172057646121784e-06	-8.459892635650303e-09	-4.996176578932367	0.3682549132586355	-0.007625177193923515
-999.0	540.0	-5.960153137216912e-06	-7.055906935570524e-09	-5.310732439712278	0.4615942786137424	-0.008976266668336126
-999.0	515.0	-7.94195029774403e-06	-5.322715033750752e-09	-5.712231051866689	0.39075531424195925	-0.009880575972884007
-999.0	490.0	-9.061354976588327e-06	-3.9722339838575605e-09	-6.06645906302667	0.16546134374758895	-0.010311966195495003
-999.0	465.0	-9.317841698102478e-06	-3.2421230691114027e-09	-6.297974164839165	-0.20221962310651376	-0.010482412761931252
-999.0	440.0	-9.18940528642812e-06	-3.2551723218343955e-09	-6.31179532408716	-0.5471237285269819	-0.010595627776364143
-999.0	415.0	-8.962358843435836e-06	-4.276466313541092e-09	-6.073987657273274	-0.7725476840580114	-0.010737405861377992
-999.0	390.0	-8.299876004577457e-06	-4.425070757352246e-09	-5.7155480451054235	-0.7565708787491057	-0.010907219246609012
-999.0	365.0	-6.029469217604952e-06	-3.743605262016973e-09	-5.269229224434633	-0.4288955711656246	-0.011022113322797353
-999.0	340.0	-3.1444138127240053e-06	-2.4445552402907717e-09	-4.724115884966356	0.17829589904458304	-0.011000939507380736
-999.0	315.0	-1.0764950020678449e-06	-1.3253687488137012e-09	-4.116880776981555	0.996462187540074	-0.010812724009018497
-999.0	290.0	1.3092429213775002e-07	-8.006699055032508e-10	-3.591594825740268	1.7999720601020226	-0.01052675863071651
-999.0	265.0	6.884449470472695e-07	-3.533824461189076e-10	-3.2581684986751016	2.5301398725973416	-0.010334080826911951
-999.0	240.0	7.278006416055864e-07	1.6270540731311023e-11	-3.167540586105197	3.3369761650209195	-0.010422195531260753
-999.0	215.0	-1.4427057699736343e-07	2.355700723863608e-10	-3.038684016024738	4.106542050838475	-0.010645630515407546
-999.0	190.0	-5.413860503252499e-07	1.4101191227531456e-10	-2.1866664022760243	4.1099350590396675	-0.010093985889440037
-999.0	165.0	1.1971616330063679e-08	2.939315137892479e-11	-0.4893021887100295	2.7624972426090726	-0.007492039475702766
-999.0	140.0	2.927358004499065e-07	3.0664673748568586e-12	0.751527516930101	0.9114593684120903	-0.0035695252530352157
-999.0	115.0	-5.729219489615355e-07	1.7881073039248286e-12	1.5084558548750089	0.05721550379633522	-0.0008903123151862649
-999.0	90.0	9.510471795039975e-07	1.0086558254564404e-12	3.8240523866066987	0.14008908366989364	-1.835059041349716e-07
-999.0	65.0	-3.9933967823732325e-06	0.0	1.5416583343650154	0.050635116933674035	0.0
-999.0	40.0	-2.9743456429270236e-06	0.0	-8.628238979865046	0.006545173383704209	0.0
-999.0	15.0	2.1929898332335586e-06	0.0	-17.289386864061754	-0.11724134608650845	0.0
244.40277777777777	40	1004.4003940158422	day	levels	pres0
-999.0	990.0	-1.0394023356714584e-05	4.052881244797589e-09	-1.9869901264707277	-0.5801699285188505	0.0006738841074363776
-999.0	965.0	-1.8679090699376874e-05	8.734401661941964e-09	-3.6493990951114226	-1.284130121322558	0.0017123385076377698
-999.0	940.0	-1.852870508721857e-05	8.138240853500787e-09	-4.894064720582072	-1.9690706233183546	0.0024648221682836706
-999.0	915.0	-1.9503387499413114e-05	8.660213102545929e-09	-5.855964105438293	-2.5591908293189802	0.0029177148483250648
-999.0	890.0	-2.0542900600670165e-05	8.72669361544648e-09	-6.640488763650249	-2.9867476907869137	0.0032411373306450103
-999.0	865.0	-2.12372906713025e-05	7.285858701373981e-09	-7.3053002512013405	-3.236584614824361	0.00352632825120114
-999.0	840.0	-2.0152070188757238e-05	4.543401614701508e-09	-7.846856978204513	-3.2848410440815767	0.0037623267662754752
-999.0	815.0	-1.837264633844858e-05	2.0121209942133527e-09	-8.18045516808828	-3.1279239980158917	0.0038836301161989458
-999.0	790.0	-1.8207991223614087e-05	1.2889632812909653e-09	-8.235279162724817	-2.7914381732612226	0.0038289429747505616
-999.0	765.0	-1.7452649657189486e-05	2.5409209068167117e-10	-8.007791276331305	-2.339975568431389	0.0035510466115521912
-999.0	740.0	-1.3632105827262886e-05	-4.91236318324404e-09	-7.468492547671006	-1.8815857829457048	0.0029853427344370127
-999.0	715.0	-8.403437471768752e-06	-1.1678442241357703e-08	-6.717839848112185	-1.4625488304429588	0.0020760236053948265
-999.0	690.0	-5.150351885595333e-06	-1.4397892497341946e-08	-5.969680691206905	-1.0797175752619947	0.0008346231895906644
-999.0	665.0	-3.623352255509577e-06	-1.3891947531158541e-08	-5.284372434296001	-0.7396695126469034	-0.0006501443180993291
-999.0	640.0	-2.7482216763829344e-06	-1.2834871549747535e-08	-4.8442890362607205	-0.4090135885333713	-0.0022811484552752357
-999.0	615.0	-2.628295682849823e-06	-1.1353021704495003e-08	-4.733886244672321	-0.08902074527686946	-0.00396853782398073
-999.0	590.0	-3.005943651293879e-06	-9.973456295865347e-09	-4.789455502673431	0.19024610450420626	-0.005623131197769653
-999.0	565.0	-4.092692629886438e-06	-8.692526162533398e-09	-5.006895628240368	0.3997384263374868	-0.0071511161802596
-999.0	540.0	-5.8947948220573305e-06	-7.349632266255291e-09	-5.326774896294975	0.4838543180376187	-0.008403216071855745
-999.0	515.0	-7.918158107975688e-06	-5.562047161729011e-09	-5.72838856790352	0.4001431164366175	-0.009190891793174666
-999.0	490.0	-9.108795264616982e-06	-4.067003408733347e-09	-6.078684813446464	0.16342017744426326	-0.00949168761116539
-999.0	465.0	-9.412418818819843e-06	-3.1716331321321927e-09	-6.302994063606966	-0.21176799193576248	-0.009529311426047592
-999.0	440.0	-9.280119250325317e-06	-3.1338922103097113e-09	-6.311420599619547	-0.5580991274780664	-0.009516345155128147
-999.0	415.0	-8.966253028172628e-06	-4.187029489800433e-09	-6.072117854047705	-0.7781024415183941	-0.00954144523640622
-999.0	390.0	-8.142976603641334e-06	-4.391560500819222e-09	-5.715985271665785	-0.7534285920361714	-0.009607826914558484
-999.0	365.0	-5.720553992971617e-06	-3.75292396327667e-09	-5.275535009525438	-0.4149249709314864	-0.009637853004269578
-999.0	340.0	-2.8056820371638044e-06	-2.4425210408237524e-09	-4.73756808870368	0.20482199145824426	-0.00954200450256564
-999.0	315.0	-8.551995095092671e-07	-1.2945033908660585e-09	-4.139061405012997	1.0351032049791622	-0.009268266031383483
-999.0	290.0	1.8750655202769697e-07	-7.519989931434406e-10	-3.62751423926264	1.8441528633788589	-0.008881748523284414
-999.0	265.0	6.001020407777399e-07	-2.944842601486632e-10	-3.314534048239372	2.571603874882875	-0.00860351614945001
-999.0	240.0	4.6055000792776467e-07	6.917803471848457e-11	-3.246762901268599	3.3706090439248872	-0.008672719547242034
-999.0	215.0	-5.635109427288742e-07	2.535047312557598e-10	-3.1286447257907013	4.123532414436334	-0.00897442460969821
-999.0	190.0	-8.583128827895529e-07	1.3847525692111524e-10	-2.266427468370481	4.095902649340805	-0.008586504643133788
-999.0	165.0	-6.384165407111655e-08	2.963753610478611e-11	-0.5567784469436449	2.719403748848929	-0.006267682301808563
-999.0	140.0	2.6675305279435246e-07	2.9998431811411222e-12	0.6893210090973032	0.8581944643347461	-0.0028552039187134228
-999.0	115.0	-5.645464737842494e-07	1.6583937914559589e-12	1.4614400212411758	0.008751594909928787	-0.0006749635717817622
-999.0	90.0	1.0347157348341518e-06	1.0311834203168732e-12	3.7957368679344814	0.1092475184963893	-1.737112560177655e-07
-999.0	65.0	-3.6470632839167595e-06	0.0	1.5239820180943826	0.04153757197437577	0.0
-999.0	40.0	-2.5438628118264693e-06	0.0	-8.64576992916839	0.012193590230132362	0.0
-999.0	15.0	2.3642962692121003e-06	0.0	-17.304927250853282	-0.10914456557819069	0.0
244.41666666666666	40	1004.6340535481772	day	levels	pres0
-999.0	990.0	-8.691387641943916e-06	4.034860466174162e-09	-1.9870701034863805	-0.5752584349829603	0.0006931328253795512
-999.0	965.0	-1.73846322232507e-05	8.733116336781776e-09	-3.6507486303647427	-1.2727683183426488	0.0017535214585866162
-999.0	940.0	-1.7590134212011113e-05	8.385422388752595e-09	-4.910057745046101	-1.9636669730146517	0.0025288893621310364
-999.0	915.0	-1.8703178660714048e-05	9.215881174536527e-09	-5.8767244882053955	-2.561815729571692	0.002995878289749326
-999.0	890.0	-1.9747608881673514e-05	9.399105382962343e-09	-6.657807737588892	-2.994065436224124	0.0033247597606998525
-999.0	865.0	-2.0390973012480076e-05	7.901762663903788e-09	-7.315080795023172	-3.2452965892023378	0.0036057154079780977
-999.0	840.0	-1.9183098295426942e-05	4.818748616624338e-09	-7.84872587521869	-3.2936073939005484	0.0038257364624712524
-999.0	815.0	-1.7278111722307966e-05	1.9229690924804937e-09	-8.174256086349455	-3.137160148885521	0.003920789753215867
-999.0	790.0	-1.7131687225313137e-05	1.1677844331300551e-09	-8.221994161605798	-2.800738471042791	0.0038412685792268866
-999.0	765.0	-1.656125213398905e-05	5.399133231459709e-10	-7.991818242602841	-2.34629302389093	0.0035558833018279204
-999.0	740.0	-1.286097489625019e-05	-4.442906665419805e-09	-7.451758384704558	-1.8824060548924766	0.003005912156568194
-999.0	715.0	-7.6314564442176e-06	-1.1436686050548851e-08	-6.699797259436689	-1.4562689761320673	0.002130942598434694
-999.0	690.0	-4.408046276951942e-06	-1.4359322958625672e-08	-5.9490310715304275	-1.065359550217769	0.000938336795614102
-999.0	665.0	-2.9618173811068134e-06	-1.4007177038972047e-08	-5.260335889127504	-0.7163316200797474	-0.0004846543824871683
-999.0	640.0	-2.2290937960385696e-06	-1.2992079586026516e-08	-4.823161023358496	-0.37810463541080463	-0.0020442990886823807
-999.0	615.0	-2.3372477548552175e-06	-1.1453016783810814e-08	-4.723947968747887	-0.05313937407397435	-0.003656666469043592
-999.0	590.0	-2.883629274071703e-06	-1.009199607964286e-08	-4.790879934198346	0.22676311019397216	-0.005234154906389342
-999.0	565.0	-4.01332761365125e-06	-8.925159689417202e-09	-5.017614677548437	0.43122193941641873	-0.006677052077525231
-999.0	540.0	-5.829436506897898e-06	-7.643357596941145e-09	-5.342817352877756	0.5061143574615461	-0.007830153659495284
-999.0	515.0	-7.89436591820753e-06	-5.801379289708451e-09	-5.744546083940432	0.4095309186312923	-0.008501190789649284
-999.0	490.0	-9.156235552645938e-06	-4.161772833609956e-09	-6.090910563866325	0.16137901114092415	-0.008671392107936375
-999.0	465.0	-9.506995939537653e-06	-3.10114319515309e-09	-6.308013962374816	-0.22131636076504413	-0.008576199832982488
-999.0	440.0	-9.370833214223078e-06	-3.0126120987848343e-09	-6.311045875151971	-0.5690745264291891	-0.008437062190735247
-999.0	415.0	-8.970147212909955e-06	-4.097592666059637e-09	-6.070248050822171	-0.7836571989788064	-0.0083454939497391
-999.0	390.0	-7.986077202705452e-06	-4.35805024428624e-09	-5.716422498226187	-0.7502863053232541	-0.008308449249170777
-999.0	365.0	-5.411638768338086e-06	-3.762242664536625e-09	-5.281840794616301	-0.40095437069735085	-0.008253610951492105
-999.0	340.0	-2.4669502616031643e-06	-2.440486841356959e-09	-4.751020292441081	0.2313480838719269	-0.008083110450706074
-999.0	315.0	-6.339040169503614e-07	-1.2636380329185233e-09	-4.161242033044533	1.0737442224183027	-0.007723897888307994
-999.0	290.0	2.4408881191769994e-07	-7.033280807836515e-10	-3.663433652785134	1.8883336666557593	-0.007236894204643394
-999.0	265.0	5.117591345081321e-07	-2.355860741783912e-10	-3.3708995978038123	2.613067877168463	-0.006873170721725929
-999.0	240.0	1.932993742498893e-07	1.2208552870566165e-10	-3.3259852164322274	3.4042419228288914	-0.00692348232061347
-999.0	215.0	-9.827513084603011e-07	2.7143939012511734e-10	-3.218605435556926	4.140522778034212	-0.007303390831488462
-999.0	190.0	-1.1752397152537261e-06	1.3593860156689483e-10	-2.3461885344651825	4.081870239641918	-0.007079086092127208
-999.0	165.0	-1.3965492447211534e-07	2.9881920830648665e-11	-0.6242547051774818	2.6763102550887083	-0.0050433351592724315
-999.0	140.0	2.4077030513898874e-07	2.93321898742547e-12	0.6271145012642985	0.8049295602572883	-0.0021408669838464634
-999.0	115.0	-5.561709986068111e-07	1.5286802789870738e-12	1.414424187607191	-0.039712313976587005	-0.00045959082454524465
-999.0	90.0	1.1183842901647716e-06	1.053711015177255e-12	3.76742134926217	0.07840595332283584	-1.63914922356965e-07
-999.0	65.0	-3.300729785459098e-06	0.0	1.5063057018236734	0.03244002701508103	0.0
-999.0	40.0	-2.1133799807244277e-06	0.0	-8.663300878471828	0.017842007076582053	0.0
-999.0	15.0	2.5356027051912015e-06	0.0	-17.320467637644906	-0.10104778506987254	0.0
244.43055555555554	40	1004.8677130805119	day	levels	pres0
-999.0	990.0	-6.988751927177126e-06	4.01683968755101e-09	-1.9871500805020343	-0.5703469414470957	0.0007123779585186317
-999.0	965.0	-1.6090173747126678e-05	8.73183101162198e-09	-3.6520981656180433	-1.261406515362781	0.0017946876903464897
-999.0	940.0	-1.6651563336804874e-05	8.632603924004756e-09	-4.926050769510077	-1.9582633227109947	0.002592933927055612
-999.0	915.0	-1.790296982201589e-05	9.771549246527113e-09	-5.8974848709724395	-2.564440629824446	0.0030740166193712337
-999.0	890.0	-1.895231716267801e-05	1.007151715047826e-08	-6.675126711527491	-3.001383181661368	0.0034083579206325636
-999.0	865.0	-1.9544655353659308e-05	8.517666626434156e-09	-7.324861338844995	-3.254008563580333	0.003685080866502228
-999.0	840.0	-1.8214126402098907e-05	5.094095618548545e-09	-7.850594772232902	-3.3023737437195173	0.0038891296027418515
-999.0	815.0	-1.6183577106170175e-05	1.833817190749792e-09	-8.168057004610704	-3.1463962997551196	0.003957939393839066
-999.0	790.0	-1.6055383227015078e-05	1.0466055849709375e-09	-8.20870916048687	-2.810038768824313	0.0038535903231505294
-999.0	765.0	-1.5669854610791055e-05	8.257345556101767e-10	-7.97584520887447	-2.3526104793504294	0.003560718215544735
-999.0	740.0	-1.208984396523955e-05	-3.973450147596872e-09	-7.435024221738196	-1.8832263268392293	0.0030264748864425937
-999.0	715.0	-6.859475416668437e-06	-1.1194929859740987e-08	-6.6817546707612685	-1.449989121821187	0.0021858464051500246
-999.0	690.0	-3.6657406683104177e-06	-1.4320753419909793e-08	-5.928381451854021	-1.0510015251735867	0.0010420273534362985
-999.0	665.0	-2.300282506705706e-06	-1.4122406546785274e-08	-5.2362993439590735	-0.6929937275126682	-0.00031919130260965985
-999.0	640.0	-1.7099659156954082e-06	-1.3149287622305021e-08	-4.802033010456319	-0.34719568228833725	-0.0018074746818681
-999.0	615.0	-2.04619982686106e-06	-1.1553011863126396e-08	-4.714009692823457	-0.01725800287118629	-0.0033448124922443546
-999.0	590.0	-2.7613148968494546e-06	-1.0210535863420107e-08	-4.792304365723224	0.263280115883637	-0.004845185329040361
-999.0	565.0	-3.933962597415905e-06	-9.157793216300296e-09	-5.028333726856438	0.4627054524952702	-0.006202984886570423
-999.0	540.0	-5.764078191738314e-06	-7.93708292762591e-09	-5.358859809460453	0.5283743968854222	-0.007257079432560295
-999.0	515.0	-7.870573728439187e-06	-6.04071141768671e-09	-5.760703599977262	0.41891872082595066	-0.0078114729640701135
-999.0	490.0	-9.203675840674592e-06	-4.256542258485742e-09	-6.103136314286119	0.15933784483759847	-0.007851079687697226
-999.0	465.0	-9.60157306025502e-06	-3.030653258173881e-09	-6.313033861142616	-0.23086472959429297	-0.007623077984232258
-999.0	440.0	-9.461547178120278e-06	-2.891331987260151e-09	-6.310671150684359	-0.5800499253802736	-0.007357778884282182
-999.0	415.0	-8.974041397646745e-06	-4.008155842318977e-09	-6.068378247596603	-0.7892119564391892	-0.007149552002182399
-999.0	390.0	-7.829177801769331e-06	-4.324539987753217e-09	-5.716859724786548	-0.7471440186103196	-0.0070090862509712155
-999.0	365.0	-5.102723543704753e-06	-3.771561365796322e-09	-5.2881465797071066	-0.38698377046321225	-0.006869387164722102
-999.0	340.0	-2.1282184860429638e-06	-2.4384526418899383e-09	-4.7644724961784055	0.257874176285588	-0.006624257351663844
-999.0	315.0	-4.1260852439178236e-07	-1.2327726749708802e-09	-4.183422661075975	1.1123852398573915	-0.006179619579325058
-999.0	290.0	3.0067107180764594e-07	-6.546571684238415e-10	-3.6993530663075065	1.9325144699325945	-0.005592195674160723
-999.0	265.0	4.2341622823860446e-07	-1.7668788820814688e-10	-3.4272651473680824	2.654531879453997	-0.005143044543019468
-999.0	240.0	-7.395125942793254e-08	1.7499302269283532e-10	-3.4052075315956296	3.437874801732859	-0.005174483850893952
-999.0	215.0	-1.4019916741918125e-06	2.893740489945163e-10	-3.3085661453228883	4.15751314163207	-0.005632529180632346
-999.0	190.0	-1.4921665477180296e-06	1.3340194621269548e-10	-2.4259496005596386	4.0678378299430555	-0.005571730236403422
-999.0	165.0	-2.1546819487329584e-07	3.0126305556509994e-11	-0.6917309634110971	2.633216761328565	-0.0038189980480989407
-999.0	140.0	2.1478755748343374e-07	2.866594793709732e-12	0.5649079934315006	0.7516646561799446	-0.0014265144484376453
-999.0	115.0	-5.477955234295245e-07	1.3989667665182037e-12	1.367408353973358	-0.08817622286299351	-0.00024419407347752467
-999.0	90.0	1.2020528454949254e-06	1.0762386100376872e-12	3.7391058305899527	0.04756438814933159	-1.541169031524587e-07
-999.0	65.0	-2.954396287002626e-06	0.0	1.4886293855530413	0.02334248205578278	0.0
-999.0	40.0	-1.6828971496238734e-06	0.0	-8.680831827775174	0.023490423923010192	0.0
-999.0	15.0	2.7069091411697427e-06	0.0	-17.336008024436435	-0.09295100456155483	0.0
244.44444444444446	40	1005.1013726128474	day	levels	pres0
-999.0	990.0	-5.286116212406076e-06	3.998818908927806e-09	-1.987230057517686	-0.5654354479112111	0.0007316195066419277
-999.0	965.0	-1.4795715271000259e-05	8.730545686462124e-09	-3.6534477008713675	-1.2500447123828808	0.0018358372027420845
-999.0	940.0	-1.5712992461597105e-05	8.879785459256786e-09	-4.942043793974115	-1.9528596724073048	0.0026569558633088297
-999.0	915.0	-1.710276098331629e-05	1.0327217318517657e-08	-5.918245253739553	-2.5670655300771723	0.0031521298375656107
-999.0	890.0	-1.815702544368077e-05	1.0743928917994144e-08	-6.692445685466145	-3.0087009270985923	0.0034919318107486264
-999.0	865.0	-1.8698337694836412e-05	9.133570588964206e-09	-7.334641882666846	-3.262720537958325	0.003764424626928494
-999.0	840.0	-1.7245154508768323e-05	5.3694426204716204e-09	-7.852463669247099	-3.311140093538503	0.00395250618701966
-999.0	815.0	-1.5089042490029408e-05	1.7446652890170136e-09	-8.161857922871901	-3.1556324506247604	0.00399507903783838
-999.0	790.0	-1.4979079228714006e-05	9.254267368099138e-10	-8.195424159367866	-2.8193390666058913	0.0038659082063723913
-999.0	765.0	-1.477845708759049e-05	1.1115557880743127e-09	-7.959872175146016	-2.358927934809981	0.003565551352640141
-999.0	740.0	-1.1318713034226658e-05	-3.503993629772808e-09	-7.41829005877175	-1.8840465987860149	0.003047030923967718
-999.0	715.0	-6.087494389117053e-06	-1.0953173668932323e-08	-6.663712082085768	-1.4437092675103125	0.0022407350257151143
-999.0	690.0	-2.9234350596668267e-06	-1.4282183881193644e-08	-5.90773183217753	-1.0366435001293797	0.0011456948635549748
-999.0	665.0	-1.6387476323028313e-06	-1.4237636054598741e-08	-5.212262798790554	-0.6696558349455292	-0.00015375507792648533
-999.0	640.0	-1.190838035350987e-06	-1.3306495658583895e-08	-4.780904997554069	-0.31628672916578393	-0.001570675234460583
-999.0	615.0	-1.7551518988663975e-06	-1.1653006942442123e-08	-4.704071416898998	0.018623368331701237	-0.003032975893566731
-999.0	590.0	-2.6390005196271995e-06	-1.0329075647197584e-08	-4.793728797248113	0.2997971215734	-0.004456222466155289
-999.0	565.0	-3.854597581180622e-06	-9.390426743184117e-09	-5.0390527761644845	0.49418896557420167	-0.005728914608240946
-999.0	540.0	-5.698719876578822e-06	-8.230808258311744e-09	-5.374902266043213	0.5506344363093502	-0.006683993392351173
-999.0	515.0	-7.846781538671059e-06	-6.2800435456660125e-09	-5.776861116014155	0.4283065230206247	-0.007121738318193086
-999.0	490.0	-9.251116128703643e-06	-4.351311683362174e-09	-6.115362064705962	0.15729667853425694	-0.007030750352329375
-999.0	465.0	-9.696150180972969e-06	-2.960163321194601e-09	-6.318053759910444	-0.24041309842357764	-0.0066699458812836294
-999.0	440.0	-9.552261142018187e-06	-2.7700518757350812e-09	-6.310296426216759	-0.5910253243313988	-0.006278495236854231
-999.0	415.0	-8.977935582384203e-06	-3.918719018577993e-09	-6.066508444371043	-0.7947667138996002	-0.0059536193945285585
-999.0	390.0	-7.672278400833513e-06	-4.291029731220063e-09	-5.717296951346926	-0.7440017318973928	-0.005709737920470166
-999.0	365.0	-4.793808319071145e-06	-3.780880067056141e-09	-5.294452364797949	-0.37301317022905356	-0.00548518164420067
-999.0	340.0	-1.7894867104821102e-06	-2.4364184424230343e-09	-4.777924699915789	0.2844002686993049	-0.005165445205284105
-999.0	315.0	-1.9131303183264272e-07	-1.2019073170232374e-09	-4.205603289107495	1.1510262572965715	-0.0046354311039506265
-999.0	290.0	3.5725333169782276e-07	-6.059862560639692e-10	-3.7352724798299852	1.976695273209533	-0.003947652931186257
-999.0	265.0	3.3507332196913706e-07	-1.1778970223783419e-10	-3.4836306969325044	2.695995881739615	-0.003413137612592768
-999.0	240.0	-3.412018931056331e-07	2.2790051668003293e-10	-3.4844298467592383	3.471507680636882	-0.003425724137585091
-999.0	215.0	-1.8212320399230096e-06	3.073087078638914e-10	-3.398526855089099	4.174503505229959	-0.003961839656967801
-999.0	190.0	-1.809093380181996e-06	1.308652908584852e-10	-2.505710666654342	4.053805420244183	-0.004064437075931324
-999.0	165.0	-2.912814652741966e-07	3.037069028237504e-11	-0.7592072216449534	2.5901232675683623	-0.0025946709682810863
-999.0	140.0	1.8880480982816084e-07	2.7999705999941954e-12	0.5027014855984728	0.6983997521024944	-0.0007121463124834958
-999.0	115.0	-5.394200482519956e-07	1.2692532540493144e-12	1.320392520339361	-0.1366401317495158	-2.8773318577460734e-05
-999.0	90.0	1.2857214008256165e-06	1.0987662048981504e-12	3.7107903119176395	0.01672282297576405	-1.4431719840440356e-07
-999.0	65.0	-2.6080627885448524e-06	0.0	1.4709530692823334	0.014244937096477062	0.0
-999.0	40.0	-1.252414318521764e-06	0.0	-8.698362777078614	0.029138840769455263	0.0
-999.0	15.0	2.8782155771487774e-06	0.0	-17.35154841122806	-0.08485422405323678	0.0
244.45833333333334	40	1005.3350321451819	day	levels	pres0
-999.0	990.0	-3.5834804976391765e-06	3.980798130304595e-09	-1.9873100345333334	-0.5605239543753453	0.0007508574695375737
-999.0	965.0	-1.3501256794876106e-05	8.729260361302233e-09	-3.6547972361246623	-1.2386829094030163	0.0018769699955977367
-999.0	940.0	-1.477442158639081e-05	9.126966994508947e-09	-4.958036818438089	-1.947456022103654	0.0027209551711414783
-999.0	915.0	-1.6302552144618154e-05	1.0882885390508452e-08	-5.939005636506594	-2.569690430329934	0.0032302179447064234
-999.0	890.0	-1.736173372468535e-05	1.141634068551036e-08	-6.7097646594047475	-3.016018672535844	0.003575481431352613
-999.0	865.0	-1.785202003601574e-05	9.749474551494788e-09	-7.344422426488672	-3.271432512336326	0.003843746689411092
-999.0	840.0	-1.6276182615440342e-05	5.644789622395915e-09	-7.854332566261315	-3.3199064433574765	0.004015866215236672
-999.0	815.0	-1.3994507873891602e-05	1.6555133872863457e-09	-8.155658841133155	-3.1648686014943626	0.0040322086849838255
-999.0	790.0	-1.3902775230415884e-05	8.042478886508274e-10	-8.182139158248946	-2.8286393643874166	0.003878222228744081
-999.0	765.0	-1.388705956439239e-05	1.3973770205385437e-09	-7.943899141417652	-2.3652453902694823	0.0035703827130526286
-999.0	740.0	-1.0547582103215928e-05	-3.0345371119498817e-09	-7.401555895805394	-1.8848668707327674	0.003067580269052005
-999.0	715.0	-5.315513361567834e-06	-1.0711417478124492e-08	-6.6456694934103515	-1.4374294131994296	0.0022956084603047897
-999.0	690.0	-2.181129451025276e-06	-1.4243614342477799e-08	-5.8870822125011255	-1.022285475085192	0.0012493393264677184
-999.0	665.0	-9.772127579017089e-07	-1.4352865562412003e-08	-5.188226253622126	-0.6463179423784413	1.1654292101671902e-05
-999.0	640.0	-6.717101550078205e-07	-1.3463703694862438e-08	-4.759776984651893	-0.28537777604330594	-0.0013339007460899737
-999.0	615.0	-1.4641039708722448e-06	-1.1753002021757747e-08	-4.694133140974571	0.054504739534501356	-0.0027211566729973286
-999.0	590.0	-2.5166861424049515e-06	-1.0447615430974872e-08	-4.795153228772996	0.3363141272630767	-0.00406726631817046
-999.0	565.0	-3.775232564945255e-06	-9.623060270067244e-09	-5.04977182547249	0.5256724786530638	-0.005254841243387263
-999.0	540.0	-5.633361561419182e-06	-8.524533588996548e-09	-5.390944722625916	0.5728944757332353	-0.006110895540174102
-999.0	515.0	-7.82298934890264e-06	-6.519375673644301e-09	-5.793018632050988	0.43769432521529017	-0.0064319868537812495
-999.0	490.0	-9.298556416732245e-06	-4.446081108237959e-09	-6.127587815125759	0.15525551223093687	-0.006210404103722966
-999.0	465.0	-9.790727301690308e-06	-2.8896733842153957e-09	-6.323073658678246	-0.24996146725282203	-0.005716803525633777
-999.0	440.0	-9.642975105915364e-06	-2.648771764210418e-09	-6.309921701749149	-0.602000723282479	-0.0051992112495489315
-999.0	415.0	-8.981829767120929e-06	-3.82928219483736e-09	-6.064638641145476	-0.8003214713599773	-0.004757696127584096
-999.0	390.0	-7.5153789998972745e-06	-4.257519474687069e-09	-5.717734177907285	-0.7408594451844499	-0.004410404258193682
-999.0	365.0	-4.484893094437696e-06	-3.790198768315847e-09	-5.300758149888755	-0.359042569994904	-0.004100994390185713
-999.0	340.0	-1.450754934921842e-06	-2.434384242956008e-09	-4.791376903653115	0.3109263611129783	-0.0037066740114295007
-999.0	315.0	2.9982460725952166e-08	-1.1710419590755878e-09	-4.227783917138936	1.1896672747356702	-0.003091332461718716
-999.0	290.0	4.1383559158777585e-07	-5.57315343704158e-10	-3.7711918933523547	2.0208760764863745	-0.0023032659750883934
-999.0	265.0	2.467304156996332e-07	-5.889151626760007e-11	-3.539996246496771	2.737459884025149	-0.0016834499297268273
-999.0	240.0	-6.084525267834357e-07	2.8080801066718663e-10	-3.5636521619226356	3.5051405595408456	-0.0016772031802070526
-999.0	215.0	-2.2404724056545724e-06	3.252433667332742e-10	-3.4884875648550553	4.191493868827817	-0.002291322260350072
-999.0	190.0	-2.1260202126464345e-06	1.2832863550428139e-10	-2.58547173274879	4.039773010545327	-0.002557206610695033
-999.0	165.0	-3.6709473567544086e-07	3.061507500823572e-11	-0.8266834798785605	2.547029773808233	-0.0013703539198240697
-999.0	140.0	1.6282206217266006e-07	2.7333464062785014e-12	0.4404949777656775	0.6451348480251636	2.237424012417555e-06
-999.0	115.0	-5.310445730746731e-07	1.1395397415804879e-12	1.2733766867055194	-0.1851040406359139	0.00018667144015407797
-999.0	90.0	1.3693899561557795e-06	1.1212937997585555e-12	3.6824747932454094	-0.014118742197734374	-1.3451580811273495e-07
-999.0	65.0	-2.2617292900883964e-06	0.0	1.4532767530116935	0.005147392137183376	0.0
-999.0	40.0	-8.219314874212341e-07	0.0	-8.715893726381962	0.034787257615888564	0.0
-999.0	15.0	3.049522013127288e-06	0.0	-17.36708879801959	-0.07675744354491498	0.0
244.47222222222223	40	1005.5686916775176	day	levels	pres0
-999.0	990.0	-1.8808447828686186e-06	3.962777351681227e-09	-1.9873900115489929	-0.5556124608394565	0.0007700918469939441
-999.0	965.0	-1.2206798318750068e-05	8.727975036142142e-09	-3.6561467713779883	-1.2273211064231038	0.0019180860687381981
-999.0	940.0	-1.3835850711183412e-05	9.374148529760752e-09	-4.9740298429021195	-1.9420523717999452	0.0027849318508050484
-999.0	915.0	-1.5502343305919068e-05	1.1438553462498843e-08	-5.9597660192736965	-2.5723153305826383	0.0033082809411685383
-999.0	890.0	-1.656644200568862e-05	1.2088752453025927e-08	-6.727083633343387	-3.0233364179730446	0.00365900678274998
-999.0	865.0	-1.700570237719322e-05	1.0365378514024381e-08	-7.3542029703104985	-3.2801444867142964	0.0039230470541048975
-999.0	840.0	-1.5307210722109993e-05	5.920136624318655e-09	-7.856201463275488	-3.3286727931764437	0.004079209687325146
-999.0	815.0	-1.2899973257750999e-05	1.5663614855534515e-09	-8.149459759394327	-3.174104752363988	0.004069328335045124
-999.0	790.0	-1.2826471232115e-05	6.830690404898874e-10	-8.16885415712992	-2.8379396621689823	0.003890532390116386
-999.0	765.0	-1.2995662041192062e-05	1.683198253002819e-09	-7.92792610768918	-2.371562845729022	0.0035752122967196097
-999.0	740.0	-9.776451172203319e-06	-2.56508059412564e-09	-7.384821732838942	-1.88568714267954	0.0030881229216028604
-999.0	715.0	-4.543532334016738e-06	-1.0469661287315607e-08	-6.62762690473485	-1.4311495588885408	0.0023504667090932596
-999.0	690.0	-1.438823842381912e-06	-1.4205044803761491e-08	-5.866432592824643	-1.0079274500409714	0.0013529607426722217
-999.0	665.0	-3.156778834989599e-07	-1.4468095070225472e-08	-5.164189708453625	-0.6229800498112937	0.0001770368080151182
-999.0	640.0	-1.5258227466346132e-07	-1.3620911731141381e-08	-4.738648971749667	-0.2544688229207499	-0.001097151216384481
-999.0	615.0	-1.1730560428776348e-06	-1.185299710107352e-08	-4.684194865050135	0.0903861107373845	-0.002409354830519919
-999.0	590.0	-2.3943717651827756e-06	-1.0566155214752346e-08	-4.796577660297906	0.37283113295283077	-0.003678316885518553
-999.0	565.0	-3.6958675487100877e-06	-9.855693796951016e-09	-5.060490874780554	0.557155991731985	-0.004780764792855293
-999.0	540.0	-5.568003246259805e-06	-8.818258919682364e-09	-5.406987179208692	0.5951545151571537	-0.0055377858773296715
-999.0	515.0	-7.799197159134558e-06	-6.758707801623712e-09	-5.809176148087897	0.4470821274099578	-0.005742218572590811
-999.0	490.0	-9.345996704761252e-06	-4.540850533114567e-09	-6.139813565545618	0.15321434592759212	-0.0053900409437597566
-999.0	465.0	-9.885304422408149e-06	-2.81918344723629e-09	-6.328093557446095	-0.2595098360821081	-0.0047636509187697134
-999.0	440.0	-9.733689069813146e-06	-2.527491652685521e-09	-6.30954697728157	-0.612976122233606	-0.00411992692345182
-999.0	415.0	-8.985723951858322e-06	-3.739845371096537e-09	-6.062768837919941	-0.8058762288203953	-0.003561782202141724
-999.0	390.0	-7.358479598961509e-06	-4.2240092181540576e-09	-5.718171404467688	-0.7377171584715411	-0.0031110852646524197
-999.0	365.0	-4.17597786980428e-06	-3.7995174695757935e-09	-5.307063934979618	-0.34507196976077936	-0.0027168254029186203
-999.0	340.0	-1.112023159361269e-06	-2.4323500434892207e-09	-4.804829107390515	0.3374524535266489	-0.0022479437699454135
-999.0	315.0	2.5127795328484193e-07	-1.1401766011280595e-09	-4.2499645451704735	1.2283082921748	-0.0015473236521454444
-999.0	290.0	4.704178514777711e-07	-5.0864443134437e-10	-3.807111306874851	2.065056879763269	-0.0006590348052170433
-999.0	265.0	1.583875094300006e-07	6.669702682251316e-15	-3.5963617960612155	2.778923886310738	4.60185063162753e-05
-999.0	240.0	-8.757031604613295e-07	3.3371550465438357e-10	-3.642874477086268	3.5387734384448533	7.107902173870422e-05
-999.0	215.0	-2.6597127713859484e-06	3.431780256026481e-10	-3.578448274621286	4.208484232425694	-0.0006209769906169009
-999.0	190.0	-2.4429470451104724e-06	1.2579198015006552e-10	-2.6652327988434994	4.025740600846432	-0.0010500388406632195
-999.0	165.0	-4.4290800607637596e-07	3.085945973409891e-11	-0.8941597381124056	2.503936280047999	-0.00014604690272073447
-999.0	140.0	1.3683931451724308e-07	2.6667222125628054e-12	0.3782884699326702	0.5918699439476928	0.0007166367610536215
-999.0	115.0	-5.226690978972711e-07	1.0098262291115592e-12	1.2263608530715429	-0.23356794952243823	0.00040214020271823504
-999.0	90.0	1.4530585114863905e-06	1.1438213946189648e-12	3.654159274573111	-0.04496030737129364	-1.2471273227764625e-07
-999.0	65.0	-1.9153957916307185e-06	0.0	1.4356004367409922	-0.0039501528221159155	0.0
-999.0	40.0	-3.914486563191683e-07	0.0	-8.733424675685399	0.04043567446233312	0.0
-999.0	15.0	3.22082844910642e-06	0.0	-17.382629184811215	-0.0686606630366009	0.0
244.48611111111111	40	1005.802351209852	day	levels	pres0
-999.0	990.0	-1.7820906810183031e-07	3.944756573058076e-09	-1.9874699885646476	-0.5507009673035917	0.0007893226387992302
-999.0	965.0	-1.0912339842626047e-05	8.726689710982343e-09	-3.657496306631288	-1.2159593034432363	0.001959185421987832
-999.0	940.0	-1.289727983597718e-05	9.621330065012914e-09	-4.990022867366095	-1.9366487214962886	0.0028488859025503233
-999.0	915.0	-1.4702134467220913e-05	1.1994221534489434e-08	-5.980526402040738	-2.574940230835393	0.0033863188273259
-999.0	890.0	-1.5771150286693113e-05	1.2761164220541836e-08	-6.7444026072819865	-3.0306541634102895	0.0037425078652452435
-999.0	865.0	-1.6159384718372447e-05	1.0981282476554747e-08	-7.363983514132322	-3.288856461092292	0.0040023257211640436
-999.0	840.0	-1.4338238828781964e-05	6.195483626242863e-09	-7.858070360289698	-3.337439142995412	0.004142536603217027
-999.0	815.0	-1.180543864161321e-05	1.477209583822748e-09	-8.143260677655572	-3.1833409032335873	0.004106437987792277
-999.0	790.0	-1.1750167233816948e-05	5.618901923307686e-10	-8.155569156010992	-2.847239959950505	0.003902838690340915
-999.0	765.0	-1.2104264517994066e-05	1.969019485467025e-09	-7.91195307396081	-2.3778803011885215	0.003580040103579581
-999.0	740.0	-9.005320241192682e-06	-2.0956240763027064e-09	-7.36808756987258	-1.8865074146262928	0.003108658881528741
-999.0	715.0	-3.771551306467573e-06	-1.0227905096507745e-08	-6.609584316059431	-1.4248697045776606	0.002405309772255397
-999.0	690.0	-6.965182337403879e-07	-1.4166475265045616e-08	-5.8457829731482365	-0.9935694249967892	0.0014565591126661952
-999.0	665.0	3.4585699090214805e-07	-1.4583324578038699e-08	-5.140153163285197	-0.5996421572442145	0.000342392470353336
-999.0	640.0	3.6654560567969974e-07	-1.3778119767419886e-08	-4.717520958847489	-0.22355986979828255	-0.0008604266449740624
-999.0	615.0	-8.820081148834759e-07	-1.1952992180389102e-08	-4.674256589125704	0.12626748194017273	-0.002097570366120911
-999.0	590.0	-2.2720573879605277e-06	-1.0684694998529599e-08	-4.798002091822784	0.40934813864249553	-0.0032893741686357007
-999.0	565.0	-3.616502532474743e-06	-1.0088327323834108e-08	-5.071209924088554	0.5886395048108362	-0.004306685257495242
-999.0	540.0	-5.502644931100222e-06	-9.111984250367132e-09	-5.42302963579139	0.6174145545810301	-0.004964664405123767
-999.0	515.0	-7.775404969366215e-06	-6.998039929601972e-09	-5.825333664124726	0.45646992960461613	-0.005052433476384485
-999.0	490.0	-9.393436992789908e-06	-4.635619957990354e-09	-6.1520393159654105	0.15117317962426643	-0.004569660874329445
-999.0	465.0	-9.979881543125514e-06	-2.7486935102570795e-09	-6.333113456213893	-0.2690582049113569	-0.0038104880621880046
-999.0	440.0	-9.824403033710343e-06	-2.4062115411608363e-09	-6.3091722528139575	-0.6239515211846904	-0.0030406422596597153
-999.0	415.0	-8.989618136595114e-06	-3.650408547355878e-09	-6.060899034694373	-0.8114309862807781	-0.0023658776190071703
-999.0	390.0	-7.201580198025385e-06	-4.190498961621034e-09	-5.718608631028049	-0.7345748717586065	-0.0018117809403715463
-999.0	365.0	-3.867062645170946e-06	-3.8088361708354904e-09	-5.313369720070423	-0.331101369526641	-0.0013326746826563135
-999.0	340.0	-7.73291383801068e-07	-2.430315844022201e-09	-4.818281311127841	0.3639785459403101	-0.0007892544806933977
-999.0	315.0	4.7257344584342e-07	-1.1093112431804165e-09	-4.272145173201917	1.2669493096138884	-3.404674763629394e-06
-999.0	290.0	5.270001113677183e-07	-4.5997351898455994e-10	-3.8430307203972234	2.1092376830401047	0.0009850405790606152
-999.0	265.0	7.004460316047323e-08	5.890485567292655e-11	-3.6527273456254856	2.8203878885962723	0.0017752676962567535
-999.0	240.0	-1.1429537941391512e-06	3.8662299864155724e-10	-3.722096792249671	3.572406317348821	0.0018191224687331494
-999.0	215.0	-3.078953137117459e-06	3.611126844720471e-10	-3.6684089843872476	4.225474596023554	0.001049196152377467
-999.0	190.0	-2.759873877574776e-06	1.2325532479586615e-10	-2.744993864937956	4.011708191147569	0.00045706623418077455
-999.0	165.0	-5.187212764775558e-07	3.1103844459960246e-11	-0.9616359963460208	2.4608427862878552	0.001078250083024201
-999.0	140.0	1.1085656686168811e-07	2.6000980188470686e-12	0.3160819620998723	0.5386050398703486	0.0014310516986367518
-999.0	115.0	-5.142936227199846e-07	8.801127166426887e-13	1.1793450194377093	-0.2820318584088446	0.0006176329691141956
-999.0	90.0	1.5367270668165446e-06	1.1663489894793972e-12	3.625843755900894	-0.07580187254479798	-1.1490797089898959e-07
-999.0	65.0	-1.569062293174246e-06	0.0	1.4179241204703594	-0.013047697781414208	0.0
-999.0	40.0	3.9034174781386e-08	0.0	-8.750955624988741	0.046084091308761274	0.0
-999.0	15.0	3.3921348850849615e-06	0.0	-17.39816957160274	-0.060563882528283236	0.0
244.5	40	1006.0360107421874	day	levels	pres0
-999.0	990.0	1.524426646668602e-06	3.9267357944347035e-09	-1.9875499655803044	-0.5457894737677027	0.0008085498447418171
-999.0	965.0	-9.617881366500148e-06	8.725404385822239e-09	-3.6588458418846126	-1.2045975004633271	0.002000268055171346
-999.0	940.0	-1.1958708960769907e-05	9.868511600264658e-09	-5.006015891830126	-1.9312450711925822	0.0029128173266287725
-999.0	915.0	-1.3901925628521928e-05	1.2549889606479729e-08	-6.00128678480784	-2.5775651310880976	0.003464331603553406
-999.0	890.0	-1.497585856769648e-05	1.343357598805731e-08	-6.761721581220626	-3.0379719088474904	0.0038259846791439396
-999.0	865.0	-1.531306705955002e-05	1.1597186439084235e-08	-7.373764057954152	-3.2975684354702626	0.004081582690743511
-999.0	840.0	-1.3369266935451716e-05	6.4708306281654935e-09	-7.859939257303874	-3.346205492814381	0.004205846962844683
-999.0	815.0	-1.07109040254727e-05	1.3880576820897488e-09	-8.137061595916748	-3.1925770541032157	0.004143537642995133
-999.0	790.0	-1.0673863235516127e-05	4.4071134416972937e-10	-8.142284154891968	-2.8565402577320733	0.003915141129268569
-999.0	765.0	-1.1212866994793768e-05	2.2548407179312076e-09	-7.89598004023234	-2.3841977566480637	0.003584866133570023
-999.0	740.0	-8.234189310180094e-06	-1.6261675584785372e-09	-7.351353406906127	-1.8873276865730686	0.0031291881487371075
-999.0	715.0	-2.9995702789165083e-06	-9.9861489056989e-09	-6.59154172738393	-1.4185898502667744	0.0024601376499654485
-999.0	690.0	4.5787374902930364e-08	-1.412790572632932e-08	-5.825133353471755	-0.9792113999525707	0.0015601344369474033
-999.0	665.0	1.0073918653048435e-06	-1.4698554085852164e-08	-5.1161166181166955	-0.5763042646770676	0.0005077212796566942
-999.0	640.0	8.856734860240029e-07	-1.3935327803698817e-08	-4.696392945945263	-0.19265091667572662	-0.0006237270314869177
-999.0	615.0	-5.909601868889125e-07	-1.2052987259704862e-08	-4.664318313201268	0.16214885314305624	-0.0017858032797841593
-999.0	590.0	-2.1497430107383814e-06	-1.0803234782307065e-08	-4.799426523347695	0.44586514433224994	-0.0029004381679547694
-999.0	565.0	-3.537137516239589e-06	-1.0320960850717879e-08	-5.081928973396619	0.620123017889758	-0.0038326026381533427
-999.0	540.0	-5.437286615940845e-06	-9.405709581052955e-09	-5.439072092374166	0.6396745940049487	-0.004391531124857421
-999.0	515.0	-7.75161277959813e-06	-7.23737205758139e-09	-5.841491180161634	0.46585773179928464	-0.004362631566919034
-999.0	490.0	-9.440877280818919e-06	-4.7303893828669695e-09	-6.164265066385269	0.14913201332092285	-0.003749263897314398
-999.0	465.0	-1.0074458663843363e-05	-2.678203573277979e-09	-6.338133354981741	-0.27860657374064124	-0.0028573149573762092
-999.0	440.0	-9.915116997608156e-06	-2.2849314296359403e-09	-6.30879752834638	-0.6349269201358159	-0.0019613572592586275
-999.0	415.0	-8.993512321332539e-06	-3.5609717236150537e-09	-6.059029231468837	-0.8169857437411945	-0.0011699823789735639
-999.0	390.0	-7.044680797089649e-06	-4.156988705088022e-09	-5.71904585758845	-0.7314325850456953	-0.0005124912858621061
-999.0	365.0	-3.558147420537554e-06	-3.818154872095436e-09	-5.319675505161285	-0.31713076929251344	5.145777035944313e-05
-999.0	340.0	-4.3455960824050765e-07	-2.4282816445554123e-09	-4.831733514865239	0.3905046383539834	0.0006693938564807405
-999.0	315.0	6.938689384023072e-07	-1.0784458852328868e-09	-4.29432580123345	1.3055903270530202	0.0015404244709100819
-999.0	290.0	5.835823712577283e-07	-4.1130260662477534e-10	-3.8789501339197154	2.1534184863169985	0.002628960178394035
-999.0	265.0	-1.829830310911085e-08	1.178030416431957e-10	-3.7090928951899214	2.8618518908818564	0.003504297640831785
-999.0	240.0	-1.4102044278169395e-06	4.395304926287348e-10	-3.8013191074132915	3.6060391962528224	0.003566927161274018
-999.0	215.0	-3.4981935028486916e-06	3.790473433414094e-10	-3.7583696941534677	4.242464959621429	0.0027191971687944958
-999.0	190.0	-3.0768007100387295e-06	1.2071866944164936e-10	-2.8247549310326576	3.9976757814486823	0.001964108613867581
-999.0	165.0	-5.945345468784646e-07	3.1348229185823584e-11	-1.029112254579862	2.417749292527636	0.0023025370374174163
-999.0	140.0	8.487381920632407e-08	2.53347382513143e-12	0.253875454266866	0.485340135792891	0.0021454822367651203
-999.0	115.0	-5.059181475425485e-07	7.50399204173812e-13	1.1323291858037312	-0.33049576729536045	0.00083314973934305
-999.0	90.0	1.6203956221471783e-06	1.1888765843397982e-12	3.5975282372285915	-0.10664343771835172	-1.0510152397697533e-07
-999.0	65.0	-1.2227287947165744e-06	0.0	1.4002478041996558	-0.02214524274071053	0.0
-999.0	40.0	4.6951700588343337e-07	0.0	-8.768486574292181	0.05173250815520684	0.0
-999.0	15.0	3.5634413210640623e-06	0.0	-17.413709958394364	-0.05246710201996999	0.0
244.51388888888889	40	1005.9852238407839	day	levels	pres0
-999.0	990.0	2.7411185116849356e-06	3.755928474626018e-09	-1.999045451206231	-0.569125337112301	0.0007532919040677822
-999.0	965.0	-7.995687891753847e-06	8.130555274144116e-09	-3.623338838418324	-1.2063200013125703	0.001858008975008175
-999.0	940.0	-1.040768220353633e-05	8.933097551973463e-09	-4.93127199234782	-1.9114546290150325	0.0026953322795818693
-999.0	915.0	-1.2115624741890641e-05	1.0970887344205566e-08	-5.902683996491891	-2.54076839817893	0.0032008567745248602
-999.0	890.0	-1.3184374669726054e-05	1.1439115331706881e-08	-6.646590019817606	-2.98909475599171	0.003542175480068369
-999.0	865.0	-1.3740346297513111e-05	9.644988075342731e-09	-7.248862217973661	-3.2410396091225575	0.003789447511942588
-999.0	840.0	-1.2005471199013921e-05	4.885917688875405e-09	-7.727729616341636	-3.2882880259442535	0.00390976096749865
-999.0	815.0	-9.438244117146831e-06	2.0696436312887587e-10	-8.000479473007909	-3.139373945969042	0.003851560402070971
-999.0	790.0	-9.20429294488011e-06	-6.640529426050476e-10	-8.007096838067934	-2.812154960853002	0.0036404358572990803
-999.0	765.0	-9.578795760576872e-06	1.1116764321331696e-09	-7.76962159739586	-2.351739635242565	0.003341333042742828
-999.0	740.0	-6.8254728318623926e-06	-2.395926859497552e-09	-7.2445683015716185	-1.865390475770341	0.0029343796130909096
-999.0	715.0	-2.0877978191489393e-06	-1.006771531770503e-08	-6.5121049638146875	-1.4041881631645592	0.002338561948339895
-999.0	690.0	5.926025136468276e-07	-1.3807531366691792e-08	-5.772527516991956	-0.9698500406962698	0.0015382884014343028
-999.0	665.0	1.3298775862767294e-06	-1.4227621064237252e-08	-5.0873431602009855	-0.5695279753180496	0.0006066621561421088
-999.0	640.0	1.0796652871104554e-06	-1.345089563324703e-08	-4.681525980432827	-0.19163580611348183	-0.00039012143143944027
-999.0	615.0	-4.143922095312701e-07	-1.1667981812080278e-08	-4.650658899021362	0.15296021290122724	-0.0014122535320947934
-999.0	590.0	-1.9436850358152084e-06	-1.0442796000734095e-08	-4.784240448778412	0.42696717522898836	-0.0023909906814760596
-999.0	565.0	-3.2818794045441942e-06	-9.884264774840689e-09	-5.064319049870509	0.5939924043637483	-0.0032010775218227687
-999.0	540.0	-5.1549405512041136e-06	-8.897619217024177e-09	-5.41931371556386	0.6122179972352472	-0.0036626661132557674
-999.0	515.0	-7.496676537104617e-06	-6.721555775149681e-09	-5.81983475552663	0.4448157744826715	-0.0035698804000780836
-999.0	490.0	-9.224842888889412e-06	-4.30156922137383e-09	-6.139110345531373	0.13978517772971505	-0.0029191891281727606
-999.0	465.0	-9.884571516694693e-06	-2.39057217283493e-09	-6.308293448554118	-0.27198442733951744	-0.0019893253362453607
-999.0	440.0	-9.761742453202034e-06	-2.0968356287911257e-09	-6.278451497907962	-0.6133275130004776	-0.0010339681705858123
-999.0	415.0	-8.915174623602701e-06	-3.3836222691852713e-09	-6.033917083508408	-0.7831749921940355	-0.00015941699299263664
-999.0	390.0	-7.078817093633982e-06	-3.989563912999602e-09	-5.701232918986539	-0.6872789473445005	0.0005969248790513096
-999.0	365.0	-3.7292358891872822e-06	-3.688145947674609e-09	-5.3108990617372145	-0.265492346965563	0.0012579077455498952
-999.0	340.0	-6.462409426441081e-07	-2.342922225692205e-09	-4.8363880448871095	0.4432456007710708	0.0019461465686403797
-999.0	315.0	5.622860487384892e-07	-1.0236242614540381e-09	-4.317301487343191	1.35235671578326	0.0028325846920324253
-999.0	290.0	5.137070787326353e-07	-3.681951971667014e-10	-3.921972187029033	2.191253491022036	0.0038676600514670734
-999.0	265.0	-5.318821070596843e-08	1.4393072218244914e-10	-3.7686423846969626	2.8877208682674667	0.0046319905769155525
-999.0	240.0	-1.3493100701499355e-06	4.4776146526683246e-10	-3.8642573439413623	3.6094772484568045	0.00455310239691465
-999.0	215.0	-3.2437799220336954e-06	3.837132645746433e-10	-3.8126042595617173	4.2115147820225864	0.003555083433889411
-999.0	190.0	-2.7252113855724014e-06	1.263612398454822e-10	-2.873868323862664	3.940983574975445	0.0026260163108003005
-999.0	165.0	-4.1953330177337217e-07	3.376118371651533e-11	-1.0762394476269093	2.357877003925846	0.002739196292075022
-999.0	140.0	4.640074711256793e-08	2.642152966720691e-12	0.22376501546407507	0.436027098998996	0.0022803760863685345
-999.0	115.0	-4.538606805342026e-07	6.612069542824653e-13	1.1285533579411449	-0.36151626209419374	0.0007853529784354958
-999.0	90.0	1.8387222054145526e-06	1.1647330203376952e-12	3.6149471115183447	-0.1218656727837556	-2.953141972561692e-08
-999.0	65.0	-8.680536809329923e-07	0.0	1.442257150835255	-0.026625374470065938	0.0
-999.0	40.0	9.084154023898979e-07	0.0	-8.723957229405586	0.039079746102067714	0.0
-999.0	15.0	3.7434592425304586e-06	0.0	-17.36442782205557	-0.06862702313811898	0.0
244.52777777777777	40	1005.9344369393806	day	levels	pres0
-999.0	990.0	3.957810376697539e-06	3.5851211548178114e-09	-2.01054093683207	-0.5924612004568518	0.0006979903877789161
-999.0	965.0	-6.373494417012469e-06	7.535706162467283e-09	-3.587831834952051	-1.2080425021618069	0.0017156837876558249
-999.0	940.0	-8.856655446307165e-06	7.997683503683528e-09	-4.856528092865622	-1.891664186837506	0.002477780662962855
-999.0	915.0	-1.0329323855263837e-05	9.391885081933238e-09	-5.8040812081761235	-2.5039716652698143	0.002937287449630138
-999.0	890.0	-1.1392890771759582e-05	9.444654675358366e-09	-6.53145845841483	-2.9402176031360123	0.003258237140890037
-999.0	865.0	-1.2167625535479362e-05	7.692789711602984e-09	-7.123960377993457	-3.1845107827749763	0.0034971656573439098
-999.0	840.0	-1.0641675462578877e-05	3.301004749587231e-09	-7.595519975379715	-3.2303705590742866	0.003613524099912301
-999.0	815.0	-8.165584208823706e-06	-9.741289558300747e-10	-7.863897350099409	-3.0861708378350556	0.0035594405863226307
-999.0	790.0	-7.734722654247672e-06	-1.7688172293771177e-09	-7.8719095212442465	-2.767769663974114	0.00336560339114534
-999.0	765.0	-7.944724526364321e-06	-3.14878536610987e-11	-7.643263154559719	-2.3192815138372187	0.003097691587102789
-999.0	740.0	-5.416756353548592e-06	-3.165686160513514e-09	-7.137783196237395	-1.8434532649677227	0.0027394859427147494
-999.0	715.0	-1.176025359383917e-06	-1.0149281729710259e-08	-6.43266820024564	-1.3897864760624112	0.0022169331827374948
-999.0	690.0	1.1394176523892588e-06	-1.348715700705479e-08	-5.719921680512269	-0.9604886814400039	0.0015164327132480577
-999.0	665.0	1.6523633072479147e-06	-1.3756688042623565e-08	-5.058569702285313	-0.5627516859590471	0.0007056460080109738
-999.0	640.0	1.2736570881966471e-06	-1.2966463462796669e-08	-4.666659014920391	-0.19062069555123534	-0.00015641435507357572
-999.0	615.0	-2.3782423217382847e-07	-1.1282976364456914e-08	-4.636999484841467	0.1437715726594179	-0.0010385406654015426
-999.0	590.0	-1.737627060892326e-06	-1.00823572191623e-08	-4.769054374209155	0.40806920612576636	-0.0018813098942267858
-999.0	565.0	-3.026621292849266e-06	-9.447568698964892e-09	-5.046709126344432	0.567861790837799	-0.0025692367960593538
-999.0	540.0	-4.87259448646792e-06	-8.389528852996889e-09	-5.399555338753594	0.5847614004656216	-0.002933424684369537
-999.0	515.0	-7.241740294611471e-06	-6.205739492719338e-09	-5.7981783308916635	0.42377381716614015	-0.002776738560471706
-999.0	490.0	-9.008808496960091e-06	-3.872749059881739e-09	-6.113955624677518	0.13043834213857342	-0.002088746095419725
-999.0	465.0	-9.694684369546106e-06	-2.102940772392384e-09	-6.278453542126553	-0.26536228093836745	-0.0011210101440389635
-999.0	440.0	-9.608367908795843e-06	-1.9087398279465668e-09	-6.248105467469609	-0.5917281058651567	-0.00010629171611299013
-999.0	415.0	-8.836836925872551e-06	-3.206272814755869e-09	-6.008804935548044	-0.7493642406469334	0.0008514104527312015
-999.0	390.0	-7.112953390177766e-06	-3.8221391209115816e-09	-5.683419980384688	-0.6431253096433933	0.0017065985557129493
-999.0	365.0	-3.900324357836325e-06	-3.5581370232540576e-09	-5.302122618313191	-0.21385392463872094	0.0024646336135499343
-999.0	340.0	-8.579222770472036e-07	-2.2575628068291236e-09	-4.841042574908998	0.49598656318803314	0.003223189969209178
-999.0	315.0	4.307031590748741e-07	-9.688026376753028e-10	-4.340277173452903	1.3991231045133592	0.004125026234636995
-999.0	290.0	4.438317862076784e-07	-3.2508778770876527e-10	-3.9649942401382545	2.229088495726918	0.005106608331232646
-999.0	265.0	-8.807811830262145e-08	1.7005840272158804e-10	-3.828191874203838	2.913589845652914	0.005759877291775425
-999.0	240.0	-1.2884157124826756e-06	4.559924379048506e-10	-3.927195580469211	3.612915300660647	0.005539401453370159
-999.0	215.0	-2.989366341218505e-06	3.8837918580783053e-10	-3.8668388249697254	4.180564604423659	0.0043910168933689025
-999.0	190.0	-2.3736220611061247e-06	1.3200381024929032e-10	-2.922981716692423	3.884291368502163	0.0032878999985974018
-999.0	165.0	-2.4453205666839955e-07	3.617413824719808e-11	-1.1233666406737202	2.2980047153240095	0.003175807049449359
-999.0	140.0	7.927675018583614e-09	2.7508321083096746e-12	0.19365457666142502	0.3867140622050788	0.0024152624654777415
-999.0	115.0	-4.018032135262088e-07	5.720147043913612e-13	1.1247775300785339	-0.3925367568929853	0.0007375535841336533
-999.0	90.0	2.0570487886811965e-06	1.140589456335422e-12	3.632365985807985	-0.13708790784907396	4.603328755401341e-08
-999.0	65.0	-5.133785671506224e-07	0.0	1.4842664974706945	-0.031105506199373828	0.0
-999.0	40.0	1.3473137988948567e-06	0.0	-8.679427884519118	0.02642698404897053	0.0
-999.0	15.0	3.923477163996282e-06	0.0	-17.315145685716928	-0.08478694425623631	0.0
244.54166666666666	40	1005.8836500379774	day	levels	pres0
-999.0	990.0	5.174502241713718e-06	3.4143138350091786e-09	-2.0220364224579868	-0.6157970638014573	0.0006426452995725685
-999.0	965.0	-4.751300942266249e-06	6.94085705078927e-09	-3.552324831485743	-1.209765003011054	0.0015732924925609868
-999.0	940.0	-7.305628689073569e-06	7.062269455392328e-09	-4.781784193383292	-1.871873744659956	0.0022601624740022507
-999.0	915.0	-8.5430229686324e-06	7.812882819658726e-09	-5.705478419860153	-2.4671749323606433	0.002673623624192885
-999.0	890.0	-9.60140687378891e-06	7.450194019007396e-09	-6.416326897011794	-2.891340450280225	0.0029741696534029225
-999.0	865.0	-1.05949047734422e-05	5.740591347860953e-09	-6.999058538012951	-3.1279819564272637	0.003204737116796488
-999.0	840.0	-9.277879726140855e-06	1.7160918102966652e-09	-7.463310334417463	-3.1724530922041536	0.0033171363500748164
-999.0	815.0	-6.892924300497598e-06	-2.155222274791397e-09	-7.727315227190557	-3.0329677297008804	0.0032671781874105015
-999.0	790.0	-6.265152363611422e-06	-2.8735815161522814e-09	-7.736722204420201	-2.7233843670950444	0.00309064372390726
-999.0	765.0	-6.310653292147244e-06	-1.1746521394593524e-09	-7.516904711723227	-2.2868233924317236	0.0028539417608275386
-999.0	740.0	-4.008039875230758e-06	-3.935445461532613e-09	-7.03099809090288	-1.8215160541649993	0.002544507133313842
-999.0	715.0	-2.642528996162428e-07	-1.0230848141716416e-08	-6.353231436676393	-1.3753847889601973	0.002095251351028456
-999.0	690.0	1.6862327911332405e-06	-1.3166782647417253e-08	-5.667315844032468	-0.9511273221837031	0.0014945673721298036
-999.0	665.0	1.9748490282198653e-06	-1.3285755021008621e-08	-5.029796244369604	-0.5559753966000283	0.00080467283570255
-999.0	640.0	1.467648889283145e-06	-1.2482031292344834e-08	-4.6517920494079625	-0.18960558498899072	7.739419751075136e-05
-999.0	615.0	-6.125625481614719e-08	-1.0897970916832277e-08	-4.623340070661572	0.13458293241758557	-0.0006646646802101173
-999.0	590.0	-1.5315690859691237e-06	-9.721918437589282e-09	-4.753868299639887	0.3891712370224995	-0.0013713958073632924
-999.0	565.0	-2.771363181153862e-06	-9.01087262308766e-09	-5.02909920281834	0.5417311773117841	-0.0019370804632672886
-999.0	540.0	-4.590248421731192e-06	-7.881438488968038e-09	-5.37979696194331	0.5573048036959175	-0.0022038068415141765
-999.0	515.0	-6.986804052117965e-06	-5.689923210287506e-09	-5.776521906256677	0.4027318598495304	-0.001983206051337921
-999.0	490.0	-8.79277410503059e-06	-3.443928898388477e-09	-6.08880090382364	0.12109150654737413	-0.0012579348019997809
-999.0	465.0	-9.50479722239744e-06	-1.81530937194922e-09	-6.248613635698945	-0.25874013453723177	-0.0002523693830657948
-999.0	440.0	-9.454993364389723e-06	-1.7206440271016637e-09	-6.217759437031202	-0.5701286987298066	0.0008216721025210959
-999.0	415.0	-8.758499228142708e-06	-3.0289233603260217e-09	-5.983692787587627	-0.7155534890997653	0.0018624999570786142
-999.0	390.0	-7.1470896867220945e-06	-3.6547143288231054e-09	-5.665607041782787	-0.5989716719421903	0.0028165297431649475
-999.0	365.0	-4.071412826486079e-06	-3.428128098833191e-09	-5.293346174889127	-0.16221550231176018	0.0036716353732066634
-999.0	340.0	-1.0696036114508485e-06	-2.1722033879658917e-09	-4.845697104930873	0.5487275256051305	0.004500524057100815
-999.0	315.0	2.991202694110335e-07	-9.139810138964429e-10	-4.363252859562648	1.445889493243605	0.005417749097916914
-999.0	290.0	3.739564936825929e-07	-2.8198037825068493e-10	-4.008016293247579	2.2669235004319606	0.006345805017174416
-999.0	265.0	-1.229680258994354e-07	1.9618608326084744e-10	-3.887741363710891	2.9394588230385303	0.006887957785156912
-999.0	240.0	-1.2275213548155634e-06	4.642234105429538e-10	-3.9901338169972913	3.616353352864638	0.006525824330541872
-999.0	215.0	-2.7349527604033e-06	3.9304510704106916e-10	-3.9210733903779755	4.14961442682482	0.005226997547215383
-999.0	190.0	-2.0220327366395226e-06	1.3764638065312738e-10	-2.9720951095224195	3.827599162028925	0.003949759677265152
-999.0	165.0	-6.953081156312364e-08	3.8587092777891796e-11	-1.170493833720754	2.238132426722219	0.003612369309539498
-999.0	140.0	-3.054539707513664e-08	2.8595112498991847e-12	0.16354413785863833	0.33740102541118927	0.0025501413740940393
-999.0	115.0	-3.497457465178608e-07	4.828224545000592e-13	1.1210017022159398	-0.4235572516918098	0.000689751556437635
-999.0	90.0	2.275375371948565e-06	1.116445892333333e-12	3.64978486009773	-0.15231014291447234	1.2159259786254555e-07
-999.0	65.0	-1.587034533670494e-07	0.0	1.5262758441062914	-0.03558563792872588	0.0
-999.0	40.0	1.7862121954013168e-06	0.0	-8.634898539632516	0.01377422199583013	0.0
-999.0	15.0	4.1034950854626795e-06	0.0	-17.265863549378132	-0.10094686537438774	0.0
244.55555555555554	40	1005.832863136574	day	levels	pres0
-999.0	990.0	6.39119410672632e-06	3.243506515200972e-09	-2.0335319080838254	-0.6391329271460076	0.0005872566431474847
-999.0	965.0	-3.129107467524869e-06	6.346007939112437e-09	-3.5168178280194704	-1.211487503860291	0.0014308350891724944
-999.0	940.0	-5.754601931844405e-06	6.126855407102392e-09	-4.707040293901095	-1.8520833024824297	0.0020424777099343973
-999.0	915.0	-6.7567220820055975e-06	6.233880557386401e-09	-5.606875631544384	-2.430378199451528	0.002409865293542033
-999.0	890.0	-7.809922975822441e-06	5.4557333626588805e-09	-6.301195335609019	-2.8424632974245276	0.002689973009407604
-999.0	865.0	-9.022184011408452e-06	3.7883929841212045e-09	-6.874156698032751	-3.0714531300796826	0.002912161880156092
-999.0	840.0	-7.914083989705811e-06	1.311788710084896e-10	-7.331100693455544	-3.114535625334187	0.0030205977079810434
-999.0	815.0	-5.620264392174475e-06	-3.3363155937503438e-09	-7.590733104282056	-2.9797646215668943	0.0029747731969990377
-999.0	790.0	-4.795582072978981e-06	-3.978345802924352e-09	-7.6015348875965145	-2.6789990702161566	0.0028155568486875025
-999.0	765.0	-4.676582057934692e-06	-2.3178164252536205e-09	-7.390546268887086	-2.254365271026377	0.002610083558096343
-999.0	740.0	-2.5993233969169547e-06	-4.705204762548577e-09	-6.924212985568658	-1.7995788433623812	0.0023494431805937653
-999.0	715.0	6.475195601487796e-07	-1.0312414553721647e-08	-6.2737946731073455	-1.360983101858049	0.001973516451081949
-999.0	690.0	2.233047929875672e-06	-1.2846408287780249e-08	-5.614710007552781	-0.9417659629274371	0.0014726923778183973
-999.0	665.0	2.2973347491910506e-06	-1.2814821999394933e-08	-5.00102278645393	-0.5491991072410258	0.0009037426396527604
-999.0	640.0	1.661640690369337e-06	-1.1997599121894472e-08	-4.636925083895527	-0.1885904744267443	0.00031130422620929125
-999.0	615.0	1.1531172254129534e-07	-1.051296546920891e-08	-4.609680656481678	0.12539429217577625	-0.0002906255770315633
-999.0	590.0	-1.325511111046242e-06	-9.361479656017484e-09	-4.738682225070629	0.3702732679192775	-0.00086124842204824
-999.0	565.0	-2.5161050694589347e-06	-8.574176547211864e-09	-5.011489279292265	0.515600563785835	-0.0013046085258579473
-999.0	540.0	-4.307902356994998e-06	-7.373348124940749e-09	-5.360038585133042	0.5298482069262919	-0.001473812588012938
-999.0	515.0	-6.731867809624821e-06	-5.174106927857164e-09	-5.75486548162171	0.38168990253299917	-0.0011892828759228543
-999.0	490.0	-8.576739713101269e-06	-3.0151087368963854e-09	-6.063646182969785	0.11174467095623256	-0.0004267552508656317
-999.0	465.0	-9.31491007524885e-06	-1.5276779715066753e-09	-6.218773729271379	-0.2521179881360816	0.000616596944357053
-999.0	440.0	-9.301618819983531e-06	-1.5325482262571054e-09	-6.187413406592848	-0.5485292915944857	0.0017499232836690856
-999.0	415.0	-8.68016153041256e-06	-2.8515739058966198e-09	-5.958580639627262	-0.6817427375526631	0.002873851518921058
-999.0	390.0	-7.181225983265877e-06	-3.4872895367350857e-09	-5.647794103180933	-0.5548180342410833	0.0039267184404393005
-999.0	365.0	-4.242501295135122e-06	-3.29811917441264e-09	-5.284569731465103	-0.11057707998491806	0.004878913023355893
-999.0	340.0	-1.2812849458539435e-06	-2.086843969102811e-09	-4.850351634952762	0.6014684880220926	0.005778148831216517
-999.0	315.0	1.6753737974741832e-07	-8.591593901177073e-10	-4.38622854567236	1.4926558819737037	0.006710753281052025
-999.0	290.0	3.0408120115763587e-07	-2.3887296879274873e-10	-4.051038346356799	2.304758505136842	0.007585250108762602
-999.0	265.0	-1.5785793349608918e-07	2.223137637999864e-10	-3.947290853217766	2.9653278004239794	0.008016232056792636
-999.0	240.0	-1.1666269971483038e-06	4.724543831809719e-10	-4.053072053525141	3.619791405068481	0.00751237102831942
-999.0	215.0	-2.48053917958811e-06	3.977110282742563e-10	-3.975307955785983	4.118664249225893	0.006063025395401064
-999.0	190.0	-1.6704434121732454e-06	1.4328895105693546e-10	-3.0212085023521786	3.7709069555556427	0.004611595346801237
-999.0	165.0	1.054704335418494e-07	4.1000047308574514e-11	-1.2176210267675651	2.178260138120383	0.004048883072337977
-999.0	140.0	-6.901846916912071e-08	2.968190391488166e-12	0.1334336990559886	0.28808798861727214	0.0026850128122158294
-999.0	115.0	-2.976882795098673e-07	3.936302046089551e-13	1.1172258743533292	-0.45457774649060106	0.0006419468953475057
-999.0	90.0	2.493701955215209e-06	1.0923023283310598e-12	3.667203734387371	-0.16753237797979054	1.9714651119997808e-07
-999.0	65.0	1.959716604153205e-07	0.0	1.56828519074173	-0.040065769658033795	0.0
-999.0	40.0	2.2251105919062758e-06	0.0	-8.59036919474605	0.0011214599427329663	0.0
-999.0	15.0	4.283513006928503e-06	0.0	-17.216581413039492	-0.11710678649250504	0.0
244.56944444444446	40	1005.7820762351707	day	levels	pres0
-999.0	990.0	7.607885971743061e-06	3.0726991953920693e-09	-2.04502739370975	-0.6624687904906021	0.0005318244222022225
-999.0	965.0	-1.5069139927781326e-06	5.75115882743378e-09	-3.481310824553161	-1.2132100047095158	0.0012883115769370566
-999.0	940.0	-4.203575174610562e-06	5.191441358810517e-09	-4.632296394418748	-1.8322928603048487	0.0018247263679907063
-999.0	915.0	-4.970421195374051e-06	4.654878295111569e-09	-5.5082728432283865	-2.393581466542322	0.0021460124530035584
-999.0	890.0	-6.018439077851686e-06	3.4612727063075756e-09	-6.186063774205942	-2.793586144568708	0.002405647200702756
-999.0	865.0	-7.4494632493711304e-06	1.836194620378871e-09	-6.7492548580522005	-3.0149243037319424	0.0026194399372773272
-999.0	840.0	-6.550288253267546e-06	-1.4537340682819775e-09	-7.198891052493248	-3.056618158464031	0.0027239081636248022
-999.0	815.0	-4.347604483848123e-06	-4.517408912711115e-09	-7.4541509813731555	-2.926561513432699	0.002682225606751691
-999.0	790.0	-3.326011782342426e-06	-5.083110089698808e-09	-7.466347570772421	-2.6346137733370685	0.0025403427585882345
-999.0	765.0	-3.0425108237172485e-06	-3.4609807110513133e-09	-7.264187826050556	-2.221907149620866	0.0023661169730887226
-999.0	740.0	-1.1906069185988303e-06	-5.4749640635671884e-09	-6.8174278802341055	-1.7776416325596474	0.002154294080260948
-999.0	715.0	1.5592920199165822e-06	-1.0393980965727278e-08	-6.194357909538071	-1.3465814147558317	0.0018517284807685246
-999.0	690.0	2.779863068619693e-06	-1.2526033928142281e-08	-5.562104171072962	-0.9324046036711372	0.001450807730054901
-999.0	665.0	2.6198204701630295e-06	-1.234388897777975e-08	-4.972249328538211	-0.5424228178820101	0.00100285542030077
-999.0	640.0	1.8556324914558493e-06	-1.151316695144256e-08	-4.622058118383088	-0.1875753638645033	0.0005453157309220923
-999.0	615.0	2.9187969989895465e-07	-1.012796002158431e-08	-4.5960212423017675	0.11620565193394175	8.35766436284234e-05
-999.0	590.0	-1.1194531361230759e-06	-9.001040874444538e-09	-4.723496150501336	0.35137529881601	-0.00035086773943792787
-999.0	565.0	-2.260846957763552e-06	-8.137480471334653e-09	-4.993879355766138	0.4894699502598209	-0.0006718209862354959
-999.0	540.0	-4.025556292258267e-06	-6.865257760911931e-09	-5.340280208322717	0.5023916101565902	-0.0007434419271812655
-999.0	515.0	-6.47693156713127e-06	-4.658290645425433e-09	-5.733209056986682	0.360647945216393	-0.0003949690374644895
-999.0	490.0	-8.3607053211717e-06	-2.586288575403234e-09	-6.038491462115867	0.10239783536503877	0.0004047925550383139
-999.0	465.0	-9.125022928100102e-06	-1.2400465710636077e-09	-6.188933822843742	-0.24549584173493708	0.001485888835920971
-999.0	440.0	-9.148244275577303e-06	-1.3444524254122898e-09	-6.15706737615442	-0.5269298844591178	0.00267846182569252
-999.0	415.0	-8.60182383268261e-06	-2.6742244514668597e-09	-5.9334684916668285	-0.6479319860054646	0.003885465137139615
-999.0	390.0	-7.215362279810129e-06	-3.3198647446466906e-09	-5.629981164579024	-0.5106643965398441	0.005037164646578675
-999.0	365.0	-4.413589763784843e-06	-3.168110249991806e-09	-5.275793288041034	-0.05893865765792636	0.006086466562845333
-999.0	340.0	-1.492966280257614e-06	-2.00148455023957e-09	-4.855006164974632	0.6542094504392113	0.007056064290470605
-999.0	315.0	3.5954490083556025e-08	-8.043377663388496e-10	-4.409204231782096	1.539422270703961	0.00800403878323606
-999.0	290.0	2.342059086325956e-07	-1.9576555933468143e-10	-4.094060399466106	2.342593509841884	0.008824943605481373
-999.0	265.0	-1.9274784109282801e-07	2.4844144433923525e-10	-4.006840342724794	2.991196777809581	0.009144700106428467
-999.0	240.0	-1.1057326394811793e-06	4.806853558190683e-10	-4.1160102900531985	3.623229457272446	0.00849904154660429
-999.0	215.0	-2.226125598773055e-06	4.0237694950748893e-10	-4.029542521194226	4.087714071627021	0.006899100437908374
-999.0	190.0	-1.3188540877069498e-06	1.4893152146076386e-10	-3.0703218951821913	3.7142147490823616	0.005273407007211874
-999.0	165.0	2.804716786469365e-07	4.341300183926279e-11	-1.2647482198146252	2.1183878495185273	0.004485348337843836
-999.0	140.0	-1.0749154126291746e-07	3.076869533076934e-12	0.1033232602531923	0.23877495182330308	0.002819876779844364
-999.0	115.0	-2.456308125015571e-07	3.04437954717587e-13	1.1134500464907486	-0.485598241289493	0.0005941396008633289
-999.0	90.0	2.712028538482646e-06	1.0681587643289006e-12	3.6846226086771354	-0.18275461304522017	2.7269502756694706e-07
-999.0	65.0	5.506467741990089e-07	0.0	1.610294537377345	-0.04454590138738873	0.0
-999.0	40.0	2.664008988412807e-06	0.0	-8.545839849859444	-0.011531302110403527	0.0
-999.0	15.0	4.463530928394838e-06	0.0	-17.16729927670069	-0.13326670761065781	0.0
244.58333333333334	40	1005.7312893337673	day	levels	pres0
-999.0	990.0	8.824577836755392e-06	2.9018918755839126e-09	-2.0565228793355774	-0.685804653835157	0.00047634864043676447
-999.0	965.0	1.1527948196303833e-07	5.156309715757122e-09	-3.4458038210868693	-1.2149325055587543	0.0011457219553035758
-999.0	940.0	-2.6525484173815276e-06	4.256027310520711e-09	-4.55755249493653	-1.8125024181273213	0.0016069084454064682
-999.0	915.0	-3.184120308747285e-06	3.0758760328391058e-09	-5.409670054912602	-2.3567847336332037	0.0018820650979088005
-999.0	890.0	-4.226955179885155e-06	1.4668120499587819e-09	-6.0709322128031555	-2.744708991713006	0.0021211922190937766
-999.0	865.0	-5.876742487337291e-06	-1.1600374336112737e-10	-6.624353018071989	-2.9583954773843546	0.0023265712780217414
-999.0	840.0	-5.186492516832386e-06	-3.038647007570416e-09	-7.066681411531317	-2.998700691594059	0.002427067707005843
-999.0	815.0	-3.0749445755248203e-06	-5.698502231670372e-09	-7.317568858464646	-2.8733584052987093	0.002389535408336324
-999.0	790.0	-1.8564414917097985e-06	-6.18787437647116e-09	-7.3311602539487275	-2.59022847645818	0.0022650014467147862
-999.0	765.0	-1.4084395895045685e-06	-4.604144996845718e-09	-7.137829383214408	-2.1894490282155212	0.0021220419999862954
-999.0	740.0	2.1810955971505307e-07	-6.244723364583173e-09	-6.710642774899881	-1.7557044217570308	0.0019590598280226548
-999.0	715.0	2.4710644796816777e-06	-1.0475547377732498e-08	-6.114921145969025	-1.3321797276536844	0.001729887437958143
-999.0	690.0	3.3266782073621897e-06	-1.2205659568505255e-08	-5.50949833459328	-0.9230432444148716	0.0014289134285784594
-999.0	665.0	2.9423061911342605e-06	-1.1872955956166034e-08	-4.9434758706225495	-0.5356465285230081	0.0011020111780826508
-999.0	640.0	2.049624292542062e-06	-1.1028734780992161e-08	-4.6071911528706675	-0.1865602533022584	0.0007794287115449647
-999.0	615.0	4.684476772564002e-07	-9.742954573960902e-09	-4.582361828121893	0.10701701169212874	0.00045794198125874295
-999.0	590.0	-9.133951612002147e-07	-8.640602092872707e-09	-4.708310075932104	0.33247732971278326	0.00015974623930482056
-999.0	565.0	-2.005588846068678e-06	-7.700784395458836e-09	-4.976269432240089	0.4633393367338682	-3.871784681158545e-05
-999.0	540.0	-3.7432102275221487e-06	-6.357167396884589e-09	-5.320521831512479	0.47493501338696453	-1.269486234275817e-05
-999.0	515.0	-6.221995324638204e-06	-4.1424743629949915e-09	-5.711552632351743	0.3396059878998684	0.00039973546079067197
-999.0	490.0	-8.144670929242453e-06	-2.157468413911042e-09	-6.013336741262039	0.09305099977390932	0.0012367086127589217
-999.0	465.0	-8.935135780951578e-06	-9.524151706209691e-10	-6.159093916416198	-0.2388736953337713	0.0023555062893083523
-999.0	440.0	-8.994869731171167e-06	-1.156356624567661e-09	-6.126721345716086	-0.5053304773237811	0.003607287726943404
-999.0	415.0	-8.5234861349525e-06	-2.4968749970374078e-09	-5.908356343706483	-0.6141212344583495	0.004897340810604916
-999.0	390.0	-7.249498576353933e-06	-3.1524399525586263e-09	-5.612168225977187	-0.4665107588387252	0.006147868360614014
-999.0	365.0	-4.584678232433921e-06	-3.0381013255712246e-09	-5.267016844617018	-0.007300235331071742	0.007294295990509511
-999.0	340.0	-1.704647614660749e-06	-1.9161251313764725e-09	-4.859660694996522	0.7069504128561848	0.008334270433762885
-999.0	315.0	-9.562839958006328e-08	-7.495161425601077e-10	-4.432179917891804	1.5861886594340677	0.009297605603647473
-999.0	290.0	1.643306161076788e-07	-1.5265814987674158e-10	-4.137082452575327	2.3804285145467743	0.010064885506799749
-999.0	265.0	-2.2763774868940025e-07	2.745691248783826e-10	-4.066389832231673	3.0170657551950435	0.010273361933796136
-999.0	240.0	-1.044838281813793e-06	4.889163284570994e-10	-4.178948526581053	3.6266675094763117	0.009485835885285619
-999.0	215.0	-1.971712017957689e-06	4.070428707406857e-10	-4.083777086602235	4.056763894028119	0.007735222674709316
-999.0	190.0	-9.67264763240439e-07	1.5457409186457717e-10	-3.1194352880119425	3.657522542609098	0.00593519465849463
-999.0	165.0	4.5547292375210687e-07	4.582595636994748e-11	-1.3118754128614247	2.0585155609167085	0.0049217651060494486
-999.0	140.0	-1.459646133568152e-07	3.1855486746661453e-12	0.07321282145054539	0.18946191502940257	0.002954733276977962
-999.0	115.0	-1.9357334549355232e-07	2.1524570482655612e-13	1.1096742186281323	-0.5166187360882754	0.0005463296729851957
-999.0	90.0	2.930355121749278e-06	1.0440152003266643e-12	3.7020414829667727	-0.19797684811053848	3.4823814696342586e-07
-999.0	65.0	9.053218879813627e-07	0.0	1.6523038840127826	-0.049026033116694956	0.0
-999.0	40.0	3.1029073849177404e-06	0.0	-8.501310504972974	-0.024184064163500815	0.0
-999.0	15.0	4.6435488498606305e-06	0.0	-17.118017140362053	-0.1494266287287756	0.0
244.59722222222223	40	1005.6805024323639	day	levels	pres0
-999.0	990.0	1.0041269701771844e-05	2.7310845557752293e-09	-2.0680183649615054	-0.7091405171797583	0.00042082930155085894
-999.0	965.0	1.7374729567094664e-06	4.561460604078937e-09	-3.410296817620579	-1.2166550064080002	0.001003066223718726
-999.0	940.0	-1.1015216601478043e-06	3.320613262229381e-09	-4.4828085954542205	-1.7927119759497725	0.0013890239394138927
-999.0	915.0	-1.3978194221158105e-06	1.496873770564731e-09	-5.311067266596648	-2.319988000724035	0.001618023223585948
-999.0	890.0	-2.435471281914543e-06	-5.276486063919095e-10	-5.95580065140013	-2.695831838857224	0.0018366080563839073
-999.0	865.0	-4.304021725300221e-06	-2.0682021071029038e-09	-6.499451178091492	-2.9018666510366478	0.002033555892249415
-999.0	840.0	-3.822696780394482e-06	-4.623559946860714e-09	-6.9344717705690755	-2.9407832247239303	0.002130076328122517
-999.0	815.0	-1.8022846671988906e-06	-6.879595550631389e-09	-7.180986735555802	-2.8201552971645376	0.0020967025934193664
-999.0	790.0	-3.8687120107373516e-07	-7.2926386632460395e-09	-7.19597293712469	-2.5458431795791108	0.0019895329061715224
-999.0	765.0	2.2563164471238205e-07	-5.747309282643835e-09	-7.011470940377923	-2.1569909068100257	0.0018778586329704298
-999.0	740.0	1.6268260380328054e-06	-7.0144826656022526e-09	-6.603857669565368	-1.7337672109543052	0.0017637404195864886
-999.0	715.0	3.382836939449279e-06	-1.0557113789738667e-08	-6.035484382399774	-1.3177780405514699	0.0016079933205216728
-999.0	690.0	3.873493346106107e-06	-1.188528520886774e-08	-5.456892498113473	-0.9136818851585704	0.0014070094731300493
-999.0	665.0	3.264791912106165e-06	-1.1402022934551123e-08	-4.914702412706831	-0.5288702391639887	0.001201209913437471
-999.0	640.0	2.2436160936285398e-06	-1.0544302610540364e-08	-4.592324187358223	-0.18554514274001224	0.0010136431679779374
-999.0	615.0	6.450156546140779e-07	-9.357949126336308e-09	-4.5687024139419785	0.09782837145030022	0.0008324704353537303
-999.0	590.0	-7.073371862769914e-07	-8.280163311299723e-09	-4.693124001362812	0.3135793606095212	0.0006705935130237666
-999.0	565.0	-1.75033073437322e-06	-7.264088319581625e-09	-4.95865950871397	0.43720872320785653	0.0005947008900096558
-999.0	540.0	-3.4608641627853456e-06	-5.849077032855792e-09	-5.300763454702164	0.4474784166172603	0.0007184286031871396
-999.0	515.0	-5.967059082144619e-06	-3.6266580805632584e-09	-5.689896207716728	0.31856403058325194	0.0011948306156046762
-999.0	490.0	-7.928636537312878e-06	-1.7286482524178807e-09	-5.988182020408134	0.08370416418269779	0.0020689929193518485
-999.0	465.0	-8.745248633802847e-06	-6.647837701778992e-10	-6.1292540099885695	-0.23225154893265137	0.0032254493022106858
-999.0	440.0	-8.841495186764991e-06	-9.682608237228286e-10	-6.096375315277661	-0.48373107018844685	0.00453640098578338
-999.0	415.0	-8.445148437222618e-06	-2.319525542607611e-09	-5.883244195746048	-0.5803104829111945	0.005909478538198133
-999.0	390.0	-7.283634872898241e-06	-2.9850151604701943e-09	-5.594355287375272	-0.42235712113753376	0.007258829581588086
-999.0	365.0	-4.75576670108364e-06	-2.9080924011503878e-09	-5.258240401192945	0.04433818699587655	0.008502401305196293
-999.0	340.0	-1.916328949064354e-06	-1.8307657125132576e-09	-4.864315225018395	0.7596913752732707	0.009612767260007926
-999.0	315.0	-2.2721128924389932e-07	-6.94694518781254e-10	-4.455155604001552	1.632955048164306	0.010591453741480296
-999.0	290.0	9.445532358255442e-08	-1.0955074041866484e-10	-4.180104505684652	2.4182635192518087	0.01130507581220225
-999.0	265.0	-2.625276562862966e-07	3.006968054176335e-10	-4.125939321738722	3.0429347325806457	0.01140221753864187
-999.0	240.0	-9.839439241468072e-07	4.971473010951896e-10	-4.241886763109127	3.6301055616802795	0.01047275404426526
-999.0	215.0	-1.7172984371426607e-06	4.1170879197391465e-10	-4.138011652010484	4.025813716429257	0.008571392105786698
-999.0	190.0	-6.156754387740702e-07	1.6021666226840898e-10	-3.1685486808419467	3.600830336135841	0.006596958300656115
-999.0	165.0	6.304741688571855e-07	4.823891090063923e-11	-1.3590026059084703	1.9986432723149004	0.0053581333769541755
-999.0	140.0	-1.8443768545062134e-07	3.2942278162554256e-12	0.04310238264775554	0.14014887823549638	0.003089582303618065
-999.0	115.0	-1.4151587848521508e-07	1.260534549351805e-13	1.1058983907655437	-0.5476392308871089	0.0004985171117132366
-999.0	90.0	3.1486817050166586e-06	1.0198716363245383e-12	3.719460357256521	-0.21319908317593683	4.2377586939009276e-07
-999.0	65.0	1.2599970017649517e-06	0.0	1.6943132306483808	-0.0535061648460487	0.0
-999.0	40.0	3.5418057814242253e-06	0.0	-8.456781160086374	-0.036836826216641055	0.0
-999.0	15.0	4.823566771327059e-06	0.0	-17.06873500402325	-0.16558654984692653	0.0
244.61111111111111	40	1005.6297155309605	day	levels	pres0
-999.0	990.0	1.1257961566784446e-05	2.560277235967023e-09	-2.0795138505873436	-0.7324763805243086	0.0003652664092457026
-999.0	965.0	3.359666431450846e-06	3.966611492402103e-09	-3.3747898141543082	-1.218377507257237	0.000860344381631439
-999.0	940.0	4.4950509708136165e-07	2.3851992139394485e-09	-4.408064695972021	-1.7729215337722457	0.0011710728472491916
-999.0	915.0	3.884814645109931e-07	-8.212849170759681e-11	-5.21246447828088	-2.2831912678149187	0.001353886825368693
-999.0	890.0	-6.439873839480746e-07	-2.5221092627404263e-09	-5.840669089997355	-2.6469546860015263	0.0015518947043832705
-999.0	865.0	-2.731300963266472e-06	-4.0204004708426536e-09	-6.374549338111289	-2.845337824689067	0.001740393769827504
-999.0	840.0	-2.458901043959438e-06	-6.20847288614889e-09	-6.802262129607154	-2.8828657578539643	0.0018329340169792234
-999.0	815.0	-5.296247588757657e-07	-8.060688869590341e-09	-7.044404612647302	-2.766952189030551	0.0018037271536717474
-999.0	790.0	1.0826990895587057e-06	-8.397402950018111e-09	-7.060785620301004	-2.5014578827002234	0.00171393713006602
-999.0	765.0	1.859702878924934e-06	-6.890473568438104e-09	-6.885112497541782	-2.1245327854046785	0.001633566866224613
-999.0	740.0	3.035542516346608e-06	-7.784241966618213e-09	-6.4970725642311455	-1.711830000151687	0.0015683358506609045
-999.0	715.0	4.294609399214301e-06	-1.0638680201743896e-08	-5.956047618830729	-1.3033763534493215	0.0014860461263293966
-999.0	690.0	4.420308484848538e-06	-1.1564910849230739e-08	-5.404286661633786	-0.9043205259023044	0.0013850958634487177
-999.0	665.0	3.587277633077351e-06	-1.0931089912937433e-08	-4.885928954791154	-0.5220939498049864	0.001300451626801189
-999.0	640.0	2.437607894714731e-06	-1.005987044009e-08	-4.577457221845787	-0.18453003217776584	0.0012479591001167763
-999.0	615.0	8.2158363197152e-07	-8.972943678712941e-09	-4.555042999762083	0.08863973120849095	0.001207162005402287
-999.0	590.0	-5.012792113541098e-07	-7.919724529727927e-09	-4.677937926793554	0.2946813915062992	0.00118167408055611
-999.0	565.0	-1.4950726226782922e-06	-6.827392243705828e-09	-4.941049585187894	0.4110781096819074	0.0012284352218165737
-999.0	540.0	-3.1785180980491524e-06	-5.340986668828501e-09	-5.281005077891899	0.42002181984763465	0.0014499284660847958
-999.0	515.0	-5.712122839651474e-06	-3.1108417981329174e-09	-5.668239783081761	0.2975220732667206	0.001990316423731017
-999.0	490.0	-7.712602145383558e-06	-1.2998280909257897e-09	-5.963027299554279	0.0743573285915563	0.002901645471864021
-999.0	465.0	-8.555361486654258e-06	-3.771523697353535e-10	-6.099414103561003	-0.22562940253150118	0.0040957178723105715
-999.0	440.0	-8.6881206423588e-06	-7.801650228782695e-10	-6.066029284839305	-0.4621316630531257	0.005465801600564863
-999.0	415.0	-8.36681073949247e-06	-2.1421760881782086e-09	-5.858132047785682	-0.5464997313640924	0.006921878318790565
-999.0	390.0	-7.3177711694420245e-06	-2.817590368382174e-09	-5.576542348773418	-0.3782034834364266	0.008370048308532732
-999.0	365.0	-4.926855169732682e-06	-2.778083476729838e-09	-5.249463957768921	0.09597660932271843	0.00971078250574126
-999.0	340.0	-2.1280102834674486e-06	-1.7454062936501763e-09	-4.868969755040284	0.8124323376902327	0.010891554768106656
-999.0	315.0	-3.587941789075141e-07	-6.398728950025186e-10	-4.478131290111263	1.6797214368944051	0.011885583195914044
-999.0	290.0	2.458003105759589e-08	-6.644333096072877e-11	-4.223126558793874	2.4560985239566913	0.012545514521158735
-999.0	265.0	-2.9741756388294955e-07	3.268244859567724e-10	-4.185488811245597	3.068803709966094	0.012531266920697923
-999.0	240.0	-9.230495664795479e-07	5.053782737332078e-10	-4.304824999636976	3.633543613884122	0.011459796023432474
-999.0	215.0	-1.4628848563274705e-06	4.1637471320710184e-10	-4.192246217418491	3.9948635388303297	0.00940760873111235
-999.0	190.0	-2.6408611430779347e-07	1.6585923267221702e-10	-3.217662073671706	3.5441381296625587	0.007258697933693617
-999.0	165.0	8.05475413962159e-07	5.065186543132196e-11	-1.4061297989552808	1.938770983713065	0.0057944531505502335
-999.0	140.0	-2.2291075754460568e-07	3.402906957844408e-12	0.01299194384510552	0.09083584144157933	0.003224423859762883
-999.0	115.0	-8.945841147722108e-08	3.6861205044076686e-14	1.102122562902933	-0.5786597256859005	0.000450701917047449
-999.0	90.0	3.3670082882833026e-06	9.95728072322265e-13	3.736879231546162	-0.22842131824125506	4.993081948469045e-07
-999.0	65.0	1.6146721155473217e-06	0.0	1.7363225772838198	-0.057986296575356644	0.0
-999.0	40.0	3.980704177929184e-06	0.0	-8.412251815199907	-0.04948958826973826	0.0
-999.0	15.0	5.003584692792882e-06	0.0	-17.01945286768461	-0.18174647096504393	0.0
244.625	40	1005.5789286295574	day	levels	pres0
-999.0	990.0	1.247465343180078e-05	2.3894699161583384e-09	-2.0910093362132707	-0.7558122438689073	0.000309659967222276
-999.0	965.0	4.981859906197145e-06	3.3717623807239797e-09	-3.339282810688019	-1.22010000810648	0.0007175564284884541
-999.0	940.0	2.000531854314936e-06	1.449785165648253e-09	-4.333320796489715	-1.753131091594696	0.0009530551661455184
-999.0	915.0	2.1747823511422786e-06	-1.6611307539817599e-09	-5.1138616899649305	-2.2463945349057517	0.0010896558985876235
-999.0	890.0	1.1474965140223501e-06	-4.516569919090856e-09	-5.725537528594335	-2.5980775331457453	0.0012670521548999042
-999.0	865.0	-1.1585802012295634e-06	-5.972598834584157e-09	-6.249647498130798	-2.788808998341361	0.0014470849006218316
-999.0	840.0	-1.095105307521643e-06	-7.793385825438978e-09	-6.670052488644916	-2.8249482909838357	0.0015356407635791708
-999.0	815.0	7.430351494501032e-07	-9.24178218855121e-09	-6.9078224897384635	-2.713749080896378	0.0015106090807632476
-999.0	790.0	2.5522693801947214e-06	-9.50216723679289e-09	-6.92559830347697	-2.4570725858211513	0.0014382141115052475
-999.0	765.0	3.493774113141828e-06	-8.033637854236145e-09	-6.7587540547053	-2.0920746639991794	0.001389166693932494
-999.0	740.0	4.444258994664307e-06	-8.55400126763723e-09	-6.390287458896636	-1.6898927893489597	0.001372846116955118
-999.0	715.0	5.2063818589818694e-06	-1.0720246613750027e-08	-5.876610855261484	-1.2889746663471062	0.0013640458532529055
-999.0	690.0	4.967123623592433e-06	-1.124453648959321e-08	-5.351680825153985	-0.8949591666460036	0.0013631725992756705
-999.0	665.0	3.909763354049236e-06	-1.046015689132252e-08	-4.8571554968754445	-0.5153176604459684	0.00139973631861298
-999.0	640.0	2.6315996958011837e-06	-9.575438269638215e-09	-4.56259025633335	-0.18351492161552108	0.0014823765078615535
-999.0	615.0	9.981516093291612e-07	-8.58793823108836e-09	-4.541383585582176	0.0794510909666617	0.0015820166908986982
-999.0	590.0	-2.9522123643093654e-07	-7.559285748154961e-09	-4.66275185222427	0.2757834224030374	0.0016929879407454724
-999.0	565.0	-1.239814510982897e-06	-6.390696167828638e-09	-4.923439661661783	0.3849474961558977	0.0018624851462047908
-999.0	540.0	-2.8961720333124205e-06	-4.8328963047997265e-09	-5.2612467010815935	0.39256522307793296	0.0021818047230344403
-999.0	515.0	-5.457186597157959e-06	-2.5950255157012075e-09	-5.646583358446757	0.2764801159501075	0.0027861928819313915
-999.0	490.0	-7.496567753454049e-06	-8.710079294326497e-10	-5.937872578700383	0.06501049300034839	0.003734666267350709
-999.0	465.0	-8.365474339505588e-06	-8.952096929230407e-11	-6.069574197133382	-0.21900725613037747	0.004966311997299079
-999.0	440.0	-8.53474609795268e-06	-5.92069222033455e-10	-6.0356832544008885	-0.4405322559177876	0.006395489569649044
-999.0	415.0	-8.288473041762632e-06	-1.9648266337484262e-09	-5.8330198998252545	-0.5126889798169335	0.007934540151262864
-999.0	390.0	-7.351907465986353e-06	-2.6501655762937535e-09	-5.558729410171509	-0.33404984573523205	0.009481524540490092
-999.0	365.0	-5.09794363838241e-06	-2.6480745523090095e-09	-5.2406875143448515	0.14761503164966905	0.01091943959099154
-999.0	340.0	-2.3396916178710482e-06	-1.6600468747869688e-09	-4.873624285062154	0.8651733001073201	0.012170632956972786
-999.0	315.0	-4.903770685713328e-07	-5.8505127122367e-10	-4.5011069762210045	1.7264878256246445	0.013179993966141907
-999.0	290.0	-4.529526146749689e-08	-2.3335921502654947e-11	-4.266148611903191	2.493933528661728	0.013786201633152969
-999.0	265.0	-3.3230747147980655e-07	3.529521664960259e-10	-4.24503830075264	3.094672687351703	0.01366051007970993
-999.0	240.0	-8.621552088125435e-07	5.136092463713053e-10	-4.367763236165047	3.636981666088104	0.012446961822688715
-999.0	215.0	-1.2084712755124738e-06	4.2104063444033576e-10	-4.246480782826742	3.9639133612314854	0.010243872550668812
-999.0	190.0	8.75032101585357e-08	1.715018030760499e-10	-3.2667754665017124	3.487445923189321	0.007920413557613538
-999.0	165.0	9.80476659067251e-07	5.306481996201371e-11	-1.4532569920023282	1.878898695111275	0.006230724426836801
-999.0	140.0	-2.61383829638362e-07	3.511586099433669e-12	-0.017118494957685332	0.041522804647683986	0.0033592579454137825
-999.0	115.0	-3.7400944468875446e-08	-5.233104484726981e-14	1.0983467350403469	-0.6096802204847336	0.00040288408898796793
-999.0	90.0	3.5853348715506766e-06	9.715845083201624e-13	3.7542981058359137	-0.24364355330665888	5.748351233345041e-07
-999.0	65.0	1.969347229330904e-06	0.0	1.7783319239194193	-0.06246642830471197	0.0
-999.0	40.0	4.419602574435649e-06	0.0	-8.36772247031331	-0.06214235032287735	0.0
-999.0	15.0	5.183602614259279e-06	0.0	-16.97017073134581	-0.19790639208319288	0.0
244.63888888888889	40	1005.1692448368775	day	levels	pres0
-999.0	990.0	1.0724913744721945e-05	2.4054936646417438e-09	-2.102435158082774	-0.7793058466718354	0.0002677937076981951
-999.0	965.0	3.5965408211936588e-06	2.922464130731827e-09	-3.3041027210376877	-1.2220367753050432	0.0006033477941025624
-999.0	940.0	7.228146631971533e-07	7.033950892092876e-10	-4.25913950138618	-1.7336561855066634	0.0007682707405215323
-999.0	915.0	1.2329937205084984e-06	-2.872346653200789e-09	-5.015821598194194	-2.209991927914028	0.0008513301838252592
-999.0	890.0	3.319232506139296e-07	-6.034496501893308e-09	-5.61087770815239	-2.5497271156895382	0.0009896681572488819
-999.0	865.0	-2.0304538629128254e-06	-7.47307605414834e-09	-6.1251582459166	-2.7329535379669023	0.001136673033808745
-999.0	840.0	-2.0219443280667326e-06	-8.992274871375256e-09	-6.538126755643645	-2.7676349072543984	0.0011964706090233019
-999.0	815.0	-1.8270833045633016e-07	-1.01425663453316e-08	-6.771386190696861	-2.660871680722388	0.001154924222993655
-999.0	790.0	1.8170938974167113e-06	-1.036767417147321e-08	-6.790504239223476	-2.4128175848335323	0.0010853999802650613
-999.0	765.0	2.9469364356972867e-06	-8.928529603682116e-09	-6.632464260966547	-2.0596280641577187	0.001059073464040121
-999.0	740.0	3.7950089593809858e-06	-9.132220446101582e-09	-6.283503572145977	-1.6679122815494525	0.00108757239111205
-999.0	715.0	4.215551604450823e-06	-1.0726033667305923e-08	-5.797087987263914	-1.2744985825761301	0.0011507070750223917
-999.0	690.0	3.7153782835601252e-06	-1.0899180204642331e-08	-5.298953046401294	-0.8855161301929486	0.001250303506577162
-999.0	665.0	2.5041342705497882e-06	-9.959304267566413e-09	-4.8282809538973535	-0.5084943135303408	0.0014118417512892247
-999.0	640.0	1.1583889998409885e-06	-9.040593130344753e-09	-4.547653687772926	-0.18248664880930304	0.00163779063469741
-999.0	615.0	-4.3411733541578126e-07	-8.152649142523022e-09	-4.527697542889243	0.07024546609155918	0.0018904464503718915
-999.0	590.0	-1.655683927948556e-06	-7.113725680529376e-09	-4.647484885183736	0.25685532009917367	0.0021532617379434486
-999.0	565.0	-2.506885610746464e-06	-5.811732166108017e-09	-4.905608240790923	0.35879446938631404	0.0024607046522904428
-999.0	540.0	-4.0712619105505125e-06	-4.174713228125136e-09	-5.241191336540141	0.36509340263347917	0.002891358193507466
-999.0	515.0	-6.562349034813297e-06	-1.9876977459687834e-09	-5.624651533137573	0.2554220953197012	0.0035722006697575777
-999.0	490.0	-8.529802656651345e-06	-3.808116108062729e-10	-5.912508479629932	0.055639068009643994	0.0045703707459812245
-999.0	465.0	-9.312441763220138e-06	2.428584894044328e-10	-6.03962801645197	-0.2124331048517482	0.005853247768464217
-999.0	440.0	-9.421654691855653e-06	-3.8827225153780676e-10	-6.005292651829867	-0.418997955956943	0.007356974753658663
-999.0	415.0	-9.179559793542865e-06	-1.8057142826416083e-09	-5.807872870454052	-0.4789600551680094	0.008996491704060276
-999.0	390.0	-8.303937636347643e-06	-2.5068652135858507e-09	-5.540888274157461	-0.29000941898532595	0.010661231967813808
-999.0	365.0	-6.123987920468464e-06	-2.5263596813945324e-09	-5.23188409871523	0.19910657044969887	0.012214869976450642
-999.0	340.0	-3.310134116975128e-06	-1.577259835107024e-09	-4.878271846307639	0.9177821847024286	0.013553143873577202
-999.0	315.0	-1.2720533162305744e-06	-5.293637972229662e-10	-4.524101333209775	1.7731680218820807	0.01459283377909594
-999.0	290.0	-6.838519485011317e-07	2.342573212085765e-11	-4.30919996266154	2.5317094579891593	0.01516008834796611
-999.0	265.0	-8.88725748447316e-07	3.7628747161958485e-10	-4.304620907676515	3.1204899659863936	0.01493873146900296
-999.0	240.0	-1.3132863165434046e-06	5.166041420507277e-10	-4.430714913816462	3.640353941531155	0.013599481365025133
-999.0	215.0	-1.4934835535357101e-06	4.2866048319218776e-10	-4.300714850425829	3.9328630820469006	0.011259128401583067
-999.0	190.0	-1.3832947974228976e-07	1.8108423164675252e-10	-3.315904461123436	3.4306236011562774	0.008765394915506177
-999.0	165.0	4.598451323165297e-07	5.762760321181197e-11	-1.5003766282980053	1.8188873065842799	0.006833758688350569
-999.0	140.0	-1.0130496361726701e-06	3.6360548380691338e-12	-0.047212980411733746	-0.007885417314574178	0.003596925842213011
-999.0	115.0	-6.089698084454273e-07	-1.0214910647585783e-13	1.0945705874926632	-0.6407149754188819	0.00038294820435609415
-999.0	90.0	3.2106225497438522e-06	9.628241420607097e-13	3.77171657372409	-0.2588666327022105	5.318946664217488e-07
-999.0	65.0	1.6489323399144283e-06	0.0	1.8203413116970562	-0.0669465652770686	0.0
-999.0	40.0	3.973732400855453e-06	0.0	-8.323193884696066	-0.07479509759558228	0.0
-999.0	15.0	4.468779805414355e-06	0.0	-16.92088873905157	-0.21406633493112392	0.0
244.65277777777777	40	1004.7595610441986	day	levels	pres0
-999.0	990.0	8.975174057646845e-06	2.4215174131246234e-09	-2.1138609799521895	-0.8027994494747154	0.0002258955804186133
-999.0	965.0	2.2112217361932834e-06	2.4731658807398393e-09	-3.268922631387373	-1.2239735425035998	0.0004890870293622411
-999.0	940.0	-5.549025279177542e-07	-4.299498722944557e-11	-4.184958206282752	-1.7141812794186546	0.0005834301284783792
-999.0	915.0	2.9120508987694305e-07	-4.083562552419118e-09	-4.917781506423636	-2.173589320922355	0.000612919119863509
-999.0	890.0	-4.836500127922778e-07	-7.55242308469472e-09	-5.496217887710688	-2.5013766982334147	0.0007121579120522003
-999.0	865.0	-2.9023275245935575e-06	-8.973553273711469e-09	-6.000668993702692	-2.6770980775925683	0.0008261050574940119
-999.0	840.0	-2.948783348609215e-06	-1.0191163917310365e-08	-6.406201022642684	-2.7103215235251232	0.0008571274533349399
-999.0	815.0	-1.108451810360416e-06	-1.104335050211073e-08	-6.63494989165559	-2.6079942805485854	0.0007990660822371696
-999.0	790.0	1.081918414640212e-06	-1.1233181106151522e-08	-6.655410174970332	-2.368562583846098	0.0007324229786574
-999.0	765.0	2.4000987582534874e-06	-9.82342135312518e-09	-6.50617446722813	-2.02718146431641	0.0007288337087134061
-999.0	740.0	3.145758924098622e-06	-9.710439624563583e-09	-6.176719685395603	-1.645931773750054	0.0008021743386575951
-999.0	715.0	3.224721349921775e-06	-1.0731820720861168e-08	-5.71756511926654	-1.260022498805221	0.0009372756829135841
-999.0	690.0	2.4636329435307294e-06	-1.0553823919691994e-08	-5.246225267648713	-0.8760730937399284	0.0011373854227869793
-999.0	665.0	1.0985051870539308e-06	-9.458451643811548e-09	-4.7994064109193	-0.5016709666147293	0.0014239522814316927
-999.0	640.0	-3.14821696115279e-07	-8.5057479910528e-09	-4.5327171192125	-0.18145837600308337	0.00179327160350016
-999.0	615.0	-1.8663862801568915e-06	-7.717360053958994e-09	-4.514011500196322	0.06103984121647616	0.0021990094530861637
-999.0	590.0	-3.016146619462548e-06	-6.668165612905168e-09	-4.632217918143225	0.2379272177953491	0.002613743967275705
-999.0	565.0	-3.7739567105066795e-06	-5.232768164389122e-09	-4.887776819920097	0.33264144261679063	0.003059220083736374
-999.0	540.0	-5.2463517877854875e-06	-3.516530151452395e-09	-5.221135971998728	0.33762158218910165	0.0036012750869651613
-999.0	515.0	-7.667511472465602e-06	-1.3803699762378996e-09	-5.602719707828429	0.23436407468937687	0.00435859317694199
-999.0	490.0	-9.563037559845721e-06	1.0938470781904906e-10	-5.887144380559526	0.04626764301900553	0.005406444198697494
-999.0	465.0	-1.0259409186931948e-05	5.752379481007208e-10	-6.0096818357706105	-0.20585895357309242	0.006740515175744781
-999.0	440.0	-1.0308563285756006e-05	-1.844752810423388e-10	-5.974902049258907	-0.39746365599611555	0.00831875732829145
-999.0	415.0	-1.0070646545320468e-05	-1.6466019315350607e-09	-5.782725841082911	-0.44523113051914215	0.010058718320632877
-999.0	390.0	-9.255967806706217e-06	-2.3635648508782395e-09	-5.523047138143471	-0.24596899223550722	0.01184121281297203
-999.0	365.0	-7.150032202551803e-06	-2.4046448104802877e-09	-5.223080683085655	0.2505981092496206	0.013510595791814161
-999.0	340.0	-4.2805766160768445e-06	-1.4944727954272027e-09	-4.8829194075531435	0.9703910692974118	0.014935968568844217
-999.0	315.0	-2.0537295638879524e-06	-4.73676323222396e-10	-4.547095690198515	1.8198482181393765	0.016005981200363784
-999.0	290.0	-1.3224086355331311e-06	7.018738574420159e-11	-4.352251313419794	2.569485387316436	0.016534250183391015
-999.0	265.0	-1.445144025413236e-06	3.996227767430054e-10	-4.36420351460022	3.1463072446209215	0.016217172798803362
-999.0	240.0	-1.7644174242727794e-06	5.195990377300569e-10	-4.493666591467655	3.6437262169740663	0.014752145620983157
-999.0	215.0	-1.7784958315576948e-06	4.362803319439787e-10	-4.354948918024673	3.9018128028622323	0.012274441865302264
-999.0	190.0	-3.64162169642062e-07	1.906666602174174e-10	-3.365033455744913	3.3738012791231875	0.009610345456942275
-999.0	165.0	-6.078639443289307e-08	6.219038646159754e-11	-1.5474962645934451	1.7588759180572395	0.007436726023682957
-999.0	140.0	-1.7647154427058672e-06	3.7605235767046684e-12	-0.07730746586564147	-0.05729363927685521	0.003834580356478057
-999.0	115.0	-1.1805386724208916e-06	-1.519671681040994e-13	1.0907944399449554	-0.6717497303529885	0.0003630112197544764
-999.0	90.0	2.8359102279379663e-06	9.540637758010091e-13	3.789135041612154	-0.2740897120976763	4.889572637913354e-07
-999.0	65.0	1.3285174504989414e-06	0.0	1.862350699474532	-0.07142670224937753	0.0
-999.0	40.0	3.527862227276764e-06	0.0	-8.27866529907895	-0.08744784486824528	0.0
-999.0	15.0	3.7539569965716175e-06	0.0	-16.871606746757493	-0.23022627777902344	0.0
244.66666666666666	40	1004.3498772515188	day	levels	pres0
-999.0	990.0	7.225434370567676e-06	2.437541161608079e-09	-2.125286801821682	-0.8262930522776512	0.00018396558959316814
-999.0	965.0	8.259026511895854e-07	2.0238676307476802e-09	-3.233742541737022	-1.2259103097021677	0.00037477413434237953
-999.0	940.0	-1.8326197190356869e-06	-7.893850636685524e-10	-4.110776911179194	-1.6947063733306222	0.00039853332770538205
-999.0	915.0	-6.505835407569284e-07	-5.294778451638493e-09	-4.819741414652879	-2.1371867139306273	0.0003744227024925305
-999.0	890.0	-1.2992232762007304e-06	-9.070349667497597e-09	-5.381558067268727	-2.453026280777201	0.0004345214112890256
-999.0	865.0	-3.7742011862768375e-06	-1.047403049327605e-08	-5.87617974148848	-2.6212426172181016	0.0005153809607885854
-999.0	840.0	-3.8756223691543395e-06	-1.1390052963247002e-08	-6.274275289641397	-2.653008139795681	0.0005176112848667698
-999.0	815.0	-2.0341952902668865e-06	-1.1944134658891432e-08	-6.498513592613971	-2.5551168803745945	0.0004430346482772428
-999.0	790.0	3.4674293186214855e-07	-1.2098688040832096e-08	-6.520316110716824	-2.3243075828584807	0.00037928309783977465
-999.0	765.0	1.8532610808088633e-06	-1.0718313102571284e-08	-6.379884673489365	-1.9947348644749523	0.00039844742003648136
-999.0	740.0	2.4965088888152025e-06	-1.0288658803027991e-08	-6.069935798644935	-1.6239512659505506	0.0005166519532894245
-999.0	715.0	2.2338910953906274e-06	-1.0737607774417084e-08	-5.638042251268964	-1.2455464150342468	0.0007237516732515949
-999.0	690.0	1.211887603498312e-06	-1.020846763474111e-08	-5.193497488896021	-0.8666300572868733	0.0010244183466725178
-999.0	665.0	-3.0712389644563913e-07	-8.957599020055404e-09	-4.770531867941211	-0.49484761969910096	0.001436067909078358
-999.0	640.0	-1.7880323920756077e-06	-7.970902851759283e-09	-4.517780550652083	-0.18043010319686528	0.0019488194139392473
-999.0	615.0	-3.2986552249019762e-06	-7.2820709653936e-09	-4.500325457503399	0.05183421634137044	0.0025077056980890946
-999.0	590.0	-4.376609310980321e-06	-6.222605545279517e-09	-4.616950951102706	0.21899911549148	0.003074434626843522
-999.0	565.0	-5.041027810270407e-06	-4.6538041626684095e-09	-4.8699453990492545	0.30648841584720155	0.003658031437060287
-999.0	540.0	-6.421441665023736e-06	-2.858347074777664e-09	-5.201080607457294	0.31014976174464504	0.004311555398946054
-999.0	515.0	-8.772673910121085e-06	-7.730422065052873e-10	-5.580787882519266	0.21330605405897357	0.0051453703994749295
-999.0	490.0	-1.0596272463043153e-05	5.995810264456284e-10	-5.861780281489093	0.03689621802830949	0.006242886622096162
-999.0	465.0	-1.1206376610646617e-05	9.076174067976522e-10	-5.979735655089212	-0.19928480229445156	0.007628114216543546
-999.0	440.0	-1.1195471879659083e-05	1.932168945345372e-11	-5.944511446687898	-0.37592935603525934	0.009280837291692628
-999.0	415.0	-1.0961733297100785e-05	-1.4874895804281514e-09	-5.757578811711719	-0.4115022058702091	0.011121219999690039
-999.0	390.0	-1.020799797706759e-05	-2.2202644881702685e-09	-5.505206002129433	-0.2019285654855927	0.013021467074846268
-999.0	365.0	-8.176076484637963e-06	-2.282929939565769e-09	-5.214277267456041	0.3020896480496608	0.014806617035733587
-999.0	340.0	-5.2510191151810365e-06	-1.4116857557472358e-09	-4.887566968798633	1.0229999538925303	0.016319107041471034
-999.0	315.0	-2.8354058115472735e-06	-4.179888492216811e-10	-4.570090047187288	1.8665284143968195	0.017419436228933965
-999.0	290.0	-1.960965322566813e-06	1.16949039367721e-10	-4.395302664178151	2.6072613166438727	0.01790868713877654
-999.0	265.0	-2.0015623023807687e-06	4.229580818665704e-10	-4.423786121524107	3.172124523255618	0.017495834068795277
-999.0	240.0	-2.215548532003629e-06	5.225939334094836e-10	-4.556618269119078	3.6470984924171246	0.0159049545904386
-999.0	215.0	-2.0635081095808625e-06	4.439001806958341e-10	-4.409182985623761	3.870762523677653	0.013289812941800495
-999.0	190.0	-5.899948595427654e-07	2.002490887881228e-10	-3.414162450366627	3.3169789570901425	0.010455265181928082
-999.0	165.0	-5.814179211835403e-07	6.67531697113969e-11	-1.5946159008891094	1.698864529530244	0.00803962643283118
-999.0	140.0	-2.516381249240193e-06	3.884992315340223e-12	-0.10740195131968522	-0.10670186123910799	0.004072221488209686
-999.0	115.0	-1.7521075363974913e-06	-2.0178522973261988e-13	1.087018292397264	-0.7027844852871281	0.0003430731351831037
-999.0	90.0	2.4611979061311064e-06	9.453034095415792e-13	3.8065535095003225	-0.2893127914932221	4.4602291544242564e-07
-999.0	65.0	1.0081025610824383e-06	0.0	1.9043600872521655	-0.07590683922173075	0.0
-999.0	40.0	3.0819920536965276e-06	0.0	-8.234136713461702	-0.10010059214095147	0.0
-999.0	15.0	3.0391341877266127e-06	0.0	-16.82232475446325	-0.24638622062695706	0.0
244.68055555555554	40	1003.94019345884	day	levels	pres0
-999.0	990.0	5.475694683492573e-06	2.4535649100909585e-09	-2.1367126236910976	-0.8497866550805309	0.0001420037394331091
-999.0	965.0	-5.594164338107902e-07	1.5745693807556915e-09	-3.198562452086706	-1.2278470769007244	0.0002604091091194918
-999.0	940.0	-3.110336910150594e-06	-1.5357751401072867e-09	-4.036595616075767	-1.675231467242613	0.00021358033589489097
-999.0	915.0	-1.5923721713884827e-06	-6.505994350856821e-09	-4.721701322882324	-2.100784106938955	0.00013584092750685677
-999.0	890.0	-2.1147965396069375e-06	-1.058827625029901e-08	-5.266898246827026	-2.404675863321077	0.0001567586469443676
-999.0	865.0	-4.6460748479575676e-06	-1.1974507712839181e-08	-5.751690489274572	-2.5653871568437667	0.0002045007328098282
-999.0	840.0	-4.802461389696819e-06	-1.2588942009182111e-08	-6.142349556640437	-2.595694756066405	0.00017792209197712173
-999.0	815.0	-2.959938770170973e-06	-1.2844918815670565e-08	-6.362077293572702	-2.5022394802007923	8.682991090141245e-05
-999.0	790.0	-3.884325509143514e-07	-1.2964194975510402e-08	-6.385222046463679	-2.2800525818710464	2.5980328972552292e-05
-999.0	765.0	1.3064234033650633e-06	-1.1613204852014346e-08	-6.25359487975095	-1.9622882646336444	6.791459009543256e-05
-999.0	740.0	1.8472588535328386e-06	-1.0866877981489989e-08	-5.9631519118945615	-1.6019707581511524	0.00023100522870605814
-999.0	715.0	1.2430608408615789e-06	-1.0743394827972332e-08	-5.558519383271593	-1.2310703312633375	0.000510135042361065
-999.0	690.0	-3.9857736531084424e-08	-9.863111349790775e-09	-5.1407697101434415	-0.8571870208338528	0.0009114022769996143
-999.0	665.0	-1.7127529799414963e-06	-8.456746396300538e-09	-4.741657324963158	-0.4880242727834894	0.0014481886342647867
-999.0	640.0	-3.2612430880318754e-06	-7.436057712467329e-09	-4.502843982091658	-0.17940183039064567	0.002104434065680934
-999.0	615.0	-4.730924169643087e-06	-6.846781876829575e-09	-4.486639414810478	0.04262859146628744	0.0028165351844242426
-999.0	590.0	-5.7370720024943136e-06	-5.7770454776553096e-09	-4.601683984062197	0.20007101318765522	0.003535333714743313
-999.0	565.0	-6.308098910030622e-06	-4.0748401609495134e-09	-4.85211397817843	0.280335389077678	0.004257138708774305
-999.0	540.0	-7.5965315422587104e-06	-2.2001639981049234e-09	-5.18102524291588	0.28267794130026747	0.005022199124982652
-999.0	515.0	-9.877836347773392e-06	-1.657144367744038e-10	-5.5588560572101215	0.192248033428649	0.005932532333340619
-999.0	490.0	-1.162950736623753e-05	1.0897773450709508e-09	-5.836416182418685	0.0275247930376711	0.007079698012767949
-999.0	465.0	-1.2153344034358433e-05	1.2399968654939404e-09	-5.949789474407853	-0.192710651015796	0.008516044888257487
-999.0	440.0	-1.2082380473559434e-05	2.2311865994892225e-10	-5.914120844116937	-0.3543950560744319	0.010243214642001548
-999.0	415.0	-1.1852820048878386e-05	-1.3283772293216037e-09	-5.732431782340579	-0.37777328122134174	0.012183996739934914
-999.0	390.0	-1.1160028147426166e-05	-2.0769641254626573e-09	-5.487364866115442	-0.15788813873577418	0.014201994752311065
-999.0	365.0	-9.2021207667213e-06	-2.161215068651524e-09	-5.205473851826466	0.35358118684958273	0.016102933706852417
-999.0	340.0	-6.2214616142827535e-06	-1.3288987160674145e-09	-4.892214530044137	1.0756088384875138	0.017702559290145872
-999.0	315.0	-3.6170820592046515e-06	-3.6230137522111107e-10	-4.593084404176029	1.9132086106541148	0.018833198863785244
-999.0	290.0	-2.5995220095988124e-06	1.6371069299106495e-10	-4.4383540149364045	2.6450372459711486	0.019283399213461647
-999.0	265.0	-2.5579805793466888e-06	4.462933869899909e-10	-4.483368728447812	3.1979418018901473	0.018774715278653417
-999.0	240.0	-2.6666796397330034e-06	5.25588829088813e-10	-4.619569946770273	3.6504707678600377	0.017057908273258843
-999.0	215.0	-2.348520387602847e-06	4.5152002944762506e-10	-4.463417053222606	3.839712244492984	0.014305241631044508
-999.0	190.0	-8.158275494425378e-07	2.0983151735878763e-10	-3.4632914449881036	3.260156635057052	0.011300154090463612
-999.0	165.0	-1.1020494479329637e-06	7.131595296118247e-11	-1.6417355371845495	1.6388531410032035	0.008642459915787623
-999.0	140.0	-3.2680470557733898e-06	4.00946105397576e-12	-0.1374964367735929	-0.15611008320138875	0.004309849237406549
-999.0	115.0	-2.3236764003729548e-06	-2.516032913608615e-13	1.0832421448495562	-0.7338192402212345	0.00032313395064206525
-999.0	90.0	2.086485584325221e-06	9.365430432818787e-13	3.8239719773883856	-0.3045358708886879	4.030916213754705e-07
-999.0	65.0	6.876876716669519e-07	0.0	1.9463694750296419	-0.08038697619403981	0.0
-999.0	40.0	2.636121880117838e-06	0.0	-8.189608127844586	-0.11275333941361446	0.0
-999.0	15.0	2.3243113788838754e-06	0.0	-16.773042762169165	-0.26254616347485654	0.0
244.69444444444446	40	1003.5305096661599	day	levels	pres0
-999.0	990.0	3.725954996413264e-06	2.469588658574039e-09	-2.1481384455605985	-0.8732802578834554	0.00010001003415007816
-999.0	965.0	-1.9447355188146344e-06	1.1252711307630463e-09	-3.1633823624363546	-1.2297838440992694	0.00014599195376846654
-999.0	940.0	-4.3880541012688015e-06	-2.2821652165466918e-09	-3.9624143209721927	-1.6557565611545493	2.857115073695552e-05
-999.0	915.0	-2.5341608020226998e-06	-7.7172102500762e-09	-4.623661231111537	-2.064381499947193	-0.00010282620930125354
-999.0	890.0	-2.930369803015765e-06	-1.2106202833101898e-08	-5.152238426385024	-2.356325445864832	-0.00012113038899794174
-999.0	865.0	-5.517948509641162e-06	-1.3474984932403796e-08	-5.6272012370603175	-2.5095316964692747	-0.00010653563732513827
-999.0	840.0	-5.7293004102421565e-06	-1.378783105511858e-08	-6.010423823639103	-2.53838137233694	-0.0001619401369757747
-999.0	815.0	-3.8856822500776015e-06	-1.3745702972450835e-08	-6.225640994531036	-2.449362080026781	-0.0002695481401031034
-999.0	790.0	-1.123608033692491e-06	-1.3829701910190464e-08	-6.250127982210128	-2.2357975808834096	-0.00032748533678390325
-999.0	765.0	7.595857259204038e-07	-1.250809660146001e-08	-6.127305086012142	-1.9298416647921715	-0.0002627647890230443
-999.0	740.0	1.1980088182493053e-06	-1.1445097159953942e-08	-5.856368025143859	-1.5799902503516383	-5.47658413930598e-05
-999.0	715.0	2.5223058633018195e-07	-1.0749181881527731e-08	-5.478996515273991	-1.216594247492359	0.0002964257865676932
-999.0	690.0	-1.291603076563812e-06	-9.517755064839425e-09	-5.088041931390729	-0.8477439843807985	0.0007983372125356154
-999.0	665.0	-3.1183820634413545e-06	-7.955893772544115e-09	-4.712782781985059	-0.48120092586786406	0.0014603144570287823
-999.0	640.0	-4.734453783992473e-06	-6.901212573173686e-09	-4.4879074135312305	-0.17837355758443119	0.002260115558394538
-999.0	615.0	-6.163193114388428e-06	-6.411492788264164e-09	-4.472953372117539	0.03342296659117973	0.003125497911139089
-999.0	590.0	-7.097534694012302e-06	-5.331485410029699e-09	-4.586417017021653	0.1811429108837858	0.003996441229076259
-999.0	565.0	-7.575170009794517e-06	-3.4958761592288394e-09	-4.834282557307553	0.2541823623080902	0.004856541895395965
-999.0	540.0	-8.77162141949708e-06	-1.5419809214302905e-09	-5.160969878374407	0.25520612085581373	0.005733206260613274
-999.0	515.0	-1.0982998785428948e-05	4.416133329580161e-10	-5.536924231900915	0.1711900127982498	0.006720078974529227
-999.0	490.0	-1.266274226943501e-05	1.5799736636973088e-09	-5.811052083348214	0.01815336804698081	0.007916878367309439
-999.0	465.0	-1.3100311458073155e-05	1.5723763241906674e-09	-5.919843293726422	-0.1861364997371458	0.00940430718828942
-999.0	440.0	-1.296928906746258e-05	4.269156304445471e-10	-5.883730241545905	-0.33286075611355764	0.011205889377363583
-999.0	415.0	-1.2743906800658815e-05	-1.169264878214826e-09	-5.707284752969371	-0.34404435657237803	0.013247048540077182
-999.0	390.0	-1.2112058317787694e-05	-1.9336637627547814e-09	-5.469523730101394	-0.11384771198582354	0.015382795844248362
-999.0	365.0	-1.0228165048807674e-05	-2.0395001977370277e-09	-5.196670436196847	0.40507272564965374	0.017399545803822643
-999.0	340.0	-7.1919041133871835e-06	-1.2461116763874349e-09	-4.896862091289621	1.1282177230826536	0.019086325313566486
-999.0	315.0	-4.398758306864161e-06	-3.0661390122040515e-10	-4.6160787611647915	1.9598888069115685	0.020247269103906635
-999.0	290.0	-3.238078696632588e-06	2.104723466145698e-10	-4.4814053656947435	2.682813175298585	0.020658386406795605
-999.0	265.0	-3.1143988563142495e-06	4.696286921135487e-10	-4.542951335371675	3.2237590805248297	0.020053816428062185
-999.0	240.0	-3.11781074746389e-06	5.28583724768237e-10	-4.682521624421674	3.6538430433030706	0.018211006669319792
-999.0	215.0	-2.6335326656261654e-06	4.591398781994775e-10	-4.517651120821686	3.808661965308372	0.015320727933008345
-999.0	190.0	-1.0416602393435388e-06	2.194139459294883e-10	-3.5124204396098335	3.2033343130239635	0.012145012182555025
-999.0	165.0	-1.6226809746838692e-06	7.587873621097996e-11	-1.688855173480239	1.5788417524761438	0.00924522647254944
-999.0	140.0	-4.019712862308013e-06	4.1339297926113964e-12	-0.16759092222764627	-0.20551830516372083	0.004547463604069351
-999.0	115.0	-2.89524526434986e-06	-3.014213529893298e-13	1.079465997301879	-0.7648539951554417	0.0003031936661312959
-999.0	90.0	1.7117732625182044e-06	9.277826770223286e-13	3.8413904452765735	-0.31975895028426493	3.601633815895921e-07
-999.0	65.0	3.6727278225035505e-07	0.0	1.988378862807294	-0.08486711316639597	0.0
-999.0	40.0	2.1902517065375148e-06	0.0	-8.145079542227332	-0.12540608668631675	0.0
-999.0	15.0	1.6094885700388626e-06	0.0	-16.723760769874925	-0.2787061063227914	0.0
244.70833333333334	40	1003.1208258734811	day	levels	pres0
-999.0	990.0	1.976215309337951e-06	2.4856124070569702e-09	-2.1595642674300026	-0.8967738606863397	5.7984477957344444e-05
-999.0	965.0	-3.3300546038151094e-06	6.75972880771124e-10	-3.12820227278602	-1.231720611297828	3.1522668365846996e-05
-999.0	940.0	-5.665771292383756e-06	-3.028555292985417e-09	-3.888233025868745	-1.63628165506654	-0.00015649423007530567
-999.0	915.0	-3.4759494326543022e-06	-8.928426149294635e-09	-4.525621139340965	-2.0279788929555185	-0.00034157871213508353
-999.0	890.0	-3.7459430664219843e-06	-1.3624129415903449e-08	-5.037578605943312	-2.3079750284087037	-0.0003991457045480669
-999.0	865.0	-6.38982217132188e-06	-1.497546215196703e-08	-5.502711984846399	-2.4536762360949327	-0.00041772816049251644
-999.0	840.0	-6.65613943078461e-06	-1.4986720101053834e-08	-5.878498090638134	-2.481067988607659	-0.0005019754136276648
-999.0	815.0	-4.8114257299816255e-06	-1.4646487129230128e-08	-6.089204695489759	-2.396484679852975	-0.000626099514944498
-999.0	790.0	-1.8587835164689297e-06	-1.4695208844868907e-08	-6.115033917956975	-2.191542579895975	-0.0006811139082657618
-999.0	765.0	2.1274804847662608e-07	-1.3402988350903116e-08	-6.001015292273719	-1.8973950649508637	-0.0005935907252296155
-999.0	740.0	5.487587829669408e-07	-1.2023316338415931e-08	-5.749584138393483	-1.5580097425522423	-0.0003406612633069223
-999.0	715.0	-7.385996681988639e-07	-1.0754968935082968e-08	-5.3994736472766185	-1.202118163721451	8.262390219740496e-05
-999.0	690.0	-2.5433484165932133e-06	-9.172398779889074e-09	-5.035314152638156	-0.8383009479277789	0.0006852231520469425
-999.0	665.0	-4.524011146937239e-06	-7.455041148789218e-09	-4.683908239007016	-0.474377578952253	0.0014724453774062638
-999.0	640.0	-6.207664479948791e-06	-6.366367433881688e-09	-4.472970844970821	-0.17734528477821293	0.002415863891746571
-999.0	615.0	-7.595462059129606e-06	-5.976203699700091e-09	-4.459267329424639	0.024217341716093042	0.0034345938772773303
-999.0	590.0	-8.457997385526383e-06	-4.885925342405436e-09	-4.571150049981169	0.16221480857995663	0.004457757167938798
-999.0	565.0	-8.842241109554833e-06	-2.916912157509871e-09	-4.816451136436755	0.22802933553856317	0.0054562409934372745
-999.0	540.0	-9.946711296732156e-06	-8.83797844757432e-10	-5.140914513833021	0.22773430041143627	0.006444576801370266
-999.0	515.0	-1.2088161223081348e-05	1.0489411026890647e-09	-5.5149924065918	0.15013199216793183	0.007508010319024855
-999.0	490.0	-1.3695977172629478e-05	2.0701699823228125e-09	-5.785687984277832	0.00878194305635472	0.008754427682311224
-999.0	465.0	-1.4047278881785052e-05	1.904755782887131e-09	-5.889897113045087	-0.17956234845847455	0.010292901114036168
-999.0	440.0	-1.3856197661363005e-05	6.30712600940147e-10	-5.853339638974965	-0.31132645615271465	0.012168861495917869
-999.0	415.0	-1.363499355243647e-05	-1.0101525271081966e-09	-5.682137723598249	-0.31031543192349786	0.01431037539881961
-999.0	390.0	-1.3064088488146317e-05	-1.7903634000471105e-09	-5.451682594087419	-0.0698072852359931	0.016563870349532116
-999.0	365.0	-1.1254209330891069e-05	-1.9177853268227487e-09	-5.18786702056728	0.4565642644495883	0.018696453325286987
-999.0	340.0	-8.162346612488962e-06	-1.1633246367075979e-09	-4.901509652535127	1.1808266076776486	0.0204704051104202
-999.0	315.0	-5.180434554521567e-06	-2.50926427219829e-10	-4.6390731181535285	2.006569003168872	0.0216616469482761
-999.0	290.0	-3.876635383664579e-06	2.5723400023791925e-10	-4.524456716452995	2.7205891046258697	0.022033648718116746
-999.0	265.0	-3.670817133280138e-06	4.929639972369821e-10	-4.602533942295386	3.2495763591593727	0.021333137516696004
-999.0	240.0	-3.568941855193214e-06	5.315786204475824e-10	-4.745473302072875	3.6572153187460046	0.019364249778488933
-999.0	215.0	-2.9185449436480786e-06	4.667597269512764e-10	-4.571885188420532	3.777611686123728	0.01633627184765911
-999.0	190.0	-1.2674929292431889e-06	2.289963745001566e-10	-3.5615494342313028	3.1465119909908927	0.01298983945820272
-999.0	165.0	-2.1433125014331335e-06	8.044151946076629e-11	-1.7359748097756684	1.5188303639491203	0.009847926103109242
-999.0	140.0	-4.771378668841082e-06	4.2583985312470365e-12	-0.19768540768155057	-0.2549265271259852	0.004785064588196871
-999.0	115.0	-3.4668141283253335e-06	-3.5123941461746336e-13	1.0756898497541652	-0.795888750089539	0.0002832522816509637
-999.0	90.0	1.3370609407122925e-06	9.190223107626705e-13	3.8588089131646344	-0.3349820296797309	3.1723819608540344e-07
-999.0	65.0	4.6857892834837685e-08	0.0	2.0303882505847684	-0.08934725013870326	0.0
-999.0	40.0	1.744381532958774e-06	0.0	-8.100550956610215	-0.13805883395897983	0.0
-999.0	15.0	8.946657611960693e-07	0.0	-16.674478777580845	-0.2948660491706915	0.0
244.72222222222223	40	1002.7111420808012	day	levels	pres0
-999.0	990.0	2.2647562225899213e-07	2.5016361555403735e-09	-2.170990089299507	-0.9202674634892708	1.5927075068537814e-05
-999.0	965.0	-4.715373688818707e-06	2.2667463077889844e-10	-3.0930221831356888	-1.2336573784963936	-8.299874701352494e-05
-999.0	940.0	-6.943488483501641e-06	-3.7749453694245324e-09	-3.8140517307652058	-1.6168067489785083	-0.00034161580885119216
-999.0	915.0	-4.417738063288126e-06	-1.0139642048513908e-08	-4.427581047570223	-1.9915762859637933	-0.0005804165852003552
-999.0	890.0	-4.561516329830426e-06	-1.514205599870619e-08	-4.922918785501363	-2.259624610952495	-0.000677287307717581
-999.0	865.0	-7.261695833005175e-06	-1.6475939371531506e-08	-5.378222732632198	-2.397820775720473	-0.000729076847569063
-999.0	840.0	-7.58297845132976e-06	-1.618560914699033e-08	-5.746572357636856	-2.423754604878222	-0.0008421837496147904
-999.0	815.0	-5.737169209888158e-06	-1.5547271286010674e-08	-5.952768396448149	-2.343607279678987	-0.0009828242238317723
-999.0	790.0	-2.5939589992470546e-06	-1.556071577954935e-08	-5.979939853703476	-2.147287578908358	-0.0010349053943097687
-999.0	765.0	-3.340896289680195e-07	-1.4297880100349176e-08	-5.87472549853496	-1.8649484651094055	-0.0009245632264349684
-999.0	740.0	-1.0049125231647794e-07	-1.260153551688035e-08	-5.642800251642818	-1.536029234752737	-0.000626681043334249
-999.0	715.0	-1.7294299227300143e-06	-1.0760755988638897e-08	-5.319950779279043	-1.1876420799504754	-0.00013127061442343873
-999.0	690.0	-3.7950937566256246e-06	-8.827042494938204e-09	-4.982586373885455	-0.828857911474723	0.0005720600943009822
-999.0	665.0	-5.929640230436782e-06	-6.954188525033105e-09	-4.655033696028917	-0.46755423203662416	0.0014845813954349717
-999.0	640.0	-7.68087517590907e-06	-5.831522294588216e-09	-4.4580342764103875	-0.17631701197199345	0.0025716790654063356
-999.0	615.0	-9.027731003874625e-06	-5.5409146111347434e-09	-4.445581286731697	0.01501171684099091	0.00374382308188647
-999.0	590.0	-9.818460077044069e-06	-4.440365274779839e-09	-4.555883082940625	0.14328670627609202	0.004919281529432135
-999.0	565.0	-1.010931220931846e-05	-2.3379481557892307e-09	-4.798619715565885	0.2018763087689776	0.006056235999415724
-999.0	540.0	-1.1121801173970305e-05	-2.2561476808281884e-10	-5.120859149291559	0.20026247996697963	0.007156310742791844
-999.0	515.0	-1.3193323660736737e-05	1.6562688724215107e-09	-5.4930605812826085	0.12907397153752206	0.008296326362817637
-999.0	490.0	-1.4729212075826819e-05	2.5603663009492104e-09	-5.760323885207373	-0.0005894819343536667	0.009592345954369927
-999.0	465.0	-1.4994246305499636e-05	2.237135241583887e-09	-5.859950932363665	-0.17298819717984915	0.011181826662900607
-999.0	440.0	-1.4743106255266007e-05	8.345095714358087e-10	-5.8229490364039345	-0.28979215619187393	0.013132130995809845
-999.0	415.0	-1.4526080304216737e-05	-8.510401760013695e-10	-5.656990694227039	-0.2765865072745777	0.015373977314871909
-999.0	390.0	-1.4016118658507644e-05	-1.647063037339199e-09	-5.433841458073366	-0.025766858486090463	0.01774521826704427
-999.0	365.0	-1.2280253612977168e-05	-1.7960704559082648e-09	-5.1790636049376575	0.5080558032496159	0.019993656269897506
-999.0	340.0	-9.132789111593096e-06	-1.0805375970276468e-09	-4.906157213780614	1.2334354922727557	0.021854798679404906
-999.0	315.0	-5.96211080218086e-06	-1.9523895321912001e-10	-4.662067475142306	2.0532491994263067	0.023076332395882828
-999.0	290.0	-4.51519207069827e-06	3.0399565386143326e-10	-4.567508067211354	2.7583650339532984	0.023409186146774535
-999.0	265.0	-4.227235410247702e-06	5.16299302360534e-10	-4.662116549219267	3.2753936377940547	0.022612678544239425
-999.0	240.0	-4.020072962924115e-06	5.345735161269932e-10	-4.808424979724291	3.6605875941890416	0.020517637600642326
-999.0	215.0	-3.2035572216713175e-06	4.743795757031237e-10	-4.626119256019617	3.7465614069391227	0.017351873374970996
-999.0	190.0	-1.4933256191440151e-06	2.3857880307085855e-10	-3.610678428853024	3.089689668957828	0.013834635917413058
-999.0	165.0	-2.6639440281839396e-06	8.500430271056489e-11	-1.7830944460713432	1.4588189754221075	0.01045055880746434
-999.0	140.0	-5.5230444753755346e-06	4.382867269882486e-12	-0.22777989313559774	-0.30433474908825464	0.005022652189789915
-999.0	115.0	-4.038382992301925e-06	-4.0105747624609157e-13	1.0719137022064795	-0.8269235050236876	0.0002633097972010489
-999.0	90.0	9.623486189054592e-07	9.10261944503198e-13	3.8762273810528063	-0.35020510907527636	2.743160648619704e-07
-999.0	65.0	-2.735569965816348e-07	0.0	2.072397638362404	-0.09382738711105826	0.0
-999.0	40.0	1.2985113593785892e-06	0.0	-8.056022370992968	-0.1507115812316859	0.0
-999.0	15.0	1.7984295235111995e-07	0.0	-16.625196785286604	-0.3110259920186246	0.0
244.73611111111111	40	1002.3014582881224	day	levels	pres0
-999.0	990.0	-1.5232640648161094e-06	2.5176599040232536e-09	-2.182415911168922	-0.9437610662921508	-2.6162170301060314e-05
-999.0	965.0	-6.100692773819082e-06	-2.2262361921308923e-10	-3.057842093485373	-1.2355941456949504	-0.00019757229229308627
-999.0	940.0	-8.221205674616547e-06	-4.5213354458632654e-09	-3.7398704356617776	-1.5973318428904988	-0.00052679358789683
-999.0	915.0	-5.359526693919681e-06	-1.1350857947732237e-08	-4.329540955799668	-1.9551736789721208	-0.0008193398326982257
-999.0	890.0	-5.3770895932366335e-06	-1.6659982581507603e-08	-4.808258965059661	-2.2112741934963713	-0.0009555552065119706
-999.0	865.0	-8.133569494685906e-06	-1.7976416591094635e-08	-5.253733480418288	-2.3419653153461386	-0.0010405817094248139
-999.0	840.0	-8.509817471872244e-06	-1.7384498192925434e-08	-5.614646624635896	-2.3664412211489467	-0.0011825651565673754
-999.0	815.0	-6.662912689792243e-06	-1.6448055442789802e-08	-5.816332097406879	-2.2907298795051845	-0.0013397222769693901
-999.0	790.0	-3.3291344820235534e-06	-1.6426222714227656e-08	-5.844845789450333	-2.103032577920924	-0.001388859803749294
-999.0	765.0	-8.809273064118186e-07	-1.5192771849792242e-08	-5.748435704796544	-1.8325018652680973	-0.001255682300547275
-999.0	740.0	-7.497412875988418e-07	-1.317975469534235e-08	-5.536016364892445	-1.514048726953339	-0.000912825187772343
-999.0	715.0	-2.7202601772590624e-06	-1.0766543042194142e-08	-5.240427911281669	-1.1731659961795664	-0.0003452577669684208
-999.0	690.0	-5.046839096655022e-06	-8.481686209987869e-09	-4.929858595132876	-0.8194148750217027	0.00045884803806399747
-999.0	665.0	-7.335269313932641e-06	-6.4533359012782376e-09	-4.626159153050862	-0.46073088512101257	0.001496722511150533
-999.0	640.0	-9.154085871865334e-06	-5.296677155296262e-09	-4.443097707849963	-0.17528873916577375	0.002727561079040085
-999.0	615.0	-1.0459999948615734e-05	-5.105625522570718e-09	-4.431895244038774	0.005806091965908006	0.0040531855240099526
-999.0	590.0	-1.117892276855806e-05	-3.994805207155631e-09	-4.540616115900116	0.12435860397226732	0.00538101431165244
-999.0	565.0	-1.1376383309078675e-05	-1.7589841540703357e-09	-4.780788294695061	0.17572328199945425	0.006656526909842961
-999.0	540.0	-1.2296891051205279e-05	4.325683085899228e-10	-5.100803784750145	0.17279065952260197	0.007868408080409927
-999.0	515.0	-1.4298486098389042e-05	2.2635966421523953e-09	-5.471128755973464	0.1080159509071976	0.009085027101891293
-999.0	490.0	-1.5762446979021195e-05	3.0505626195745334e-09	-5.734959786136964	-0.009960906924991943	0.01043063318007582
-999.0	465.0	-1.5941213729211452e-05	2.5695147002801735e-09	-5.830004751682306	-0.16641404590119352	0.01207108383227939
-999.0	440.0	-1.5630014849166362e-05	1.0383065419312767e-09	-5.792558433832973	-0.2682578562310466	0.014095697875178644
-999.0	415.0	-1.5417167055994338e-05	-6.919278248948215e-10	-5.631843664855899	-0.24285758262571033	0.016437854286937104
-999.0	390.0	-1.4968148828866216e-05	-1.5037626746315882e-09	-5.416000322059376	0.018273568263728182	0.01892683959565929
-999.0	365.0	-1.3306297895060507e-05	-1.6743555849940191e-09	-5.170260189308082	0.5595473420495376	0.021291154636297542
-999.0	340.0	-1.0103231610694809e-05	-9.977505573478253e-10	-4.910804775026119	1.286044376867739	0.023239506019208624
-999.0	315.0	-6.743787049838239e-06	-1.3955147921855007e-10	-4.685061832131046	2.0999293956836027	0.024491325445705345
-999.0	290.0	-5.153748757730269e-06	3.5075730748477723e-10	-4.610559417969608	2.7961409632805747	0.024784998692107724
-999.0	265.0	-4.7836536872136216e-06	5.396346074839546e-10	-4.721699156142973	3.301210916428583	0.023892439510367014
-999.0	240.0	-4.4712040706534895e-06	5.375684118063226e-10	-4.871376657375485	3.6639598696319524	0.0216711701356472
-999.0	215.0	-3.4885694996933023e-06	4.819994244549146e-10	-4.680353323618463	3.715511127754455	0.018367532514910603
-999.0	190.0	-1.7191583090437872e-06	2.481612316415234e-10	-3.6598074234745006	3.0328673469247382	0.014679401560185847
-999.0	165.0	-3.184575554933362e-06	8.956708596035045e-11	-1.8302140823667838	1.3988075868950673	0.011053124585606968
-999.0	140.0	-6.274710281908731e-06	4.507336008518023e-12	-0.25787437858950524	-0.3537429710505353	0.005260226408847043
-999.0	115.0	-4.609951856277388e-06	-4.5087553787433355e-13	1.0681375546587721	-0.857958259957794	0.00024336621278159542
-999.0	90.0	5.876362970995732e-07	9.015015782434975e-13	3.8936458489408694	-0.36542818847074215	2.3139698791980072e-07
-999.0	65.0	-5.939718859971212e-07	0.0	2.11440702613988	-0.09830752408336724	0.0
-999.0	40.0	8.526411857998996e-07	0.0	-8.011493785375855	-0.1633643285043489	0.0
-999.0	15.0	-5.34979856491617e-07	0.0	-16.57591479299252	-0.327185934866524	0.0
244.75	40	1001.8917744954426	day	levels	pres0
-999.0	990.0	-3.2730037518949415e-06	2.533683652506658e-09	-2.1938417330384254	-0.9672546690950788	-6.828325393579997e-05
-999.0	965.0	-7.486011858822571e-06	-6.719218692052417e-10	-3.022662003835042	-1.237530912893514	-0.0003121979673979634
-999.0	940.0	-9.498922865734332e-06	-5.267725522302229e-09	-3.665689140558243	-1.5778569368024669	-0.0007120275695207472
-999.0	915.0	-6.301315324553461e-06	-1.2562073846951267e-08	-4.2315008640289316	-1.918771071980397	-0.0010583484588322398
-999.0	890.0	-6.192662856645054e-06	-1.817790916431005e-08	-4.693599144617716	-2.1629237760401643	-0.0012339494089380104
-999.0	865.0	-9.005443156369168e-06	-1.9476893810658823e-08	-5.129244228204091	-2.2861098549716794	-0.001352242756930146
-999.0	840.0	-9.436656492417332e-06	-1.8583387238861715e-08	-5.4827208916346235	-2.3091278374195094	-0.0015231196461158076
-999.0	815.0	-7.588656169698676e-06	-1.734883959957019e-08	-5.679895798365275	-2.2378524793311954	-0.0016967936845621741
-999.0	790.0	-4.064309964801564e-06	-1.729172964890798e-08	-5.709751725196838	-2.0587775769333043	-0.0017429771454177284
-999.0	765.0	-1.4277649838563607e-06	-1.6087663599238213e-08	-5.62214591105779	-1.8000552654266355	-0.0015869479554741022
-999.0	740.0	-1.3989913228821634e-06	-1.3757973873806704e-08	-5.429232478141785	-1.4920682191538313	-0.0011990937029175742
-999.0	715.0	-3.711090431790108e-06	-1.0772330095750038e-08	-5.160905043284098	-1.15868991240859	-0.0005593375591100428
-999.0	690.0	-6.29858443668733e-06	-8.136329925036989e-09	-4.877130816380182	-0.8099718385686477	0.0003455869821038137
-999.0	665.0	-8.740898397432088e-06	-5.952483277522131e-09	-4.597284610072771	-0.4539075382053852	0.0015088687245908962
-999.0	640.0	-1.0627296567825533e-05	-4.761832016002801e-09	-4.428161139289538	-0.17426046635955572	0.0028835099323172414
-999.0	615.0	-1.1892268893360678e-05	-4.67033643400538e-09	-4.4182092013458405	-0.0033995329091945914	0.0043626812026952965
-999.0	590.0	-1.253938546007568e-05	-3.5492451395300487e-09	-4.52534914885958	0.10543050166840356	0.005842955512700806
-999.0	565.0	-1.2643454408842244e-05	-1.1800201523497148e-09	-4.762956873824199	0.1495702552298705	0.007257113721236212
-999.0	540.0	-1.347198092844337e-05	1.0907513852645134e-09	-5.080748420208692	0.14531883907814822	0.008580868809762388
-999.0	515.0	-1.5403648536044378e-05	2.8709244118848194e-09	-5.44919693066428	0.08695793027679126	0.009874112532235647
-999.0	490.0	-1.6795681882218493e-05	3.5407589382009094e-09	-5.709595687066515	-0.01933233191569647	0.011269289356025223
-999.0	465.0	-1.6888181152925998e-05	2.9018941589769113e-09	-5.800058571000894	-0.15983989462256434	0.012960672619575094
-999.0	440.0	-1.6516923443069335e-05	1.2421035124269243e-09	-5.7621678312619515	-0.246723556270202	0.015059562132169383
-999.0	415.0	-1.6308253807774572e-05	-5.32815473788004e-10	-5.606696635484695	-0.2091286579767862	0.017502006313724536
-999.0	390.0	-1.5920178999227506e-05	-1.3604623119236844e-09	-5.398159186045328	0.06231399501363438	0.02010873433425866
-999.0	365.0	-1.4332342177146561e-05	-1.5526407140795425e-09	-5.161456773678461	0.6110388808495675	0.022588948423138574
-999.0	340.0	-1.107367410979889e-05	-9.14963517667881e-10	-4.915452336271604	1.338653261462847	0.02462452712852855
-999.0	315.0	-7.525463297497481e-06	-8.386400521784604e-11	-4.708056189119816	2.146609591941039	0.025906626096732218
-999.0	290.0	-5.792305444763904e-06	3.975189611082897e-10	-4.653610768727957	2.8339168926080065	0.026161086353465226
-999.0	265.0	-5.340071964181132e-06	5.629699126075138e-10	-4.781281763066848	3.327028195063273	0.025172420414762926
-999.0	240.0	-4.9223351783843495e-06	5.405633074857448e-10	-4.9343283350269	3.667332145075003	0.02282484738337941
-999.0	215.0	-3.7735817777165382e-06	4.896192732067666e-10	-4.734587391217549	3.6844608485698704	0.019383249267452062
-999.0	190.0	-1.9449909989446126e-06	2.5774366021222606e-10	-3.7089364180962248	2.976045024891694	0.015524136386527422
-999.0	165.0	-3.705207081684083e-06	9.412986921014872e-11	-1.8773337186624606	1.3387961983680723	0.011655623437534384
-999.0	140.0	-7.026376088443041e-06	4.631804747153486e-12	-0.2879688640435535	-0.403151193012794	0.005497787245369042
-999.0	115.0	-5.18152072025394e-06	-5.006935995029216e-13	1.0643614071110883	-0.8889930148919425	0.00022342152839260722
-999.0	90.0	2.129239752927485e-07	8.927412119840448e-13	3.9110643168290453	-0.38065126786629355	1.8848096525803682e-07
-999.0	65.0	-9.143867754135971e-07	0.0	2.156416413917517	-0.10278766105572384	0.0
-999.0	40.0	4.067710122197038e-07	0.0	-7.966965199758608	-0.17601707577705383	0.0
-999.0	15.0	-1.24980266533654e-06	0.0	-16.52663280069828	-0.34334587771445507	0.0
244.76388888888889	40	1001.845410382306	day	levels	pres0
-999.0	990.0	-4.224748117850483e-06	3.3305262772011683e-09	-2.1949231800519966	-0.9335130369980205	-6.848067086461589e-05
-999.0	965.0	-8.375270693629347e-06	4.0287766646440974e-10	-3.0547821549354315	-1.2139640998232937	-0.0003091293850622362
-999.0	940.0	-1.0023319448437331e-05	-4.327364271667044e-09	-3.702021546937851	-1.5517600022807898	-0.0006780336660743142
-999.0	915.0	-6.8430519430933545e-06	-1.1996234746299204e-08	-4.269733734704878	-1.8882487413507478	-0.0009479919160280687
-999.0	890.0	-6.589654376999148e-06	-1.8172257142947022e-08	-4.738982012978365	-2.1322517029043784	-0.0010201778529667378
-999.0	865.0	-9.12923049162552e-06	-2.0156713586336585e-08	-5.181150149416112	-2.256167149826559	-0.0010258541226324223
-999.0	840.0	-9.488983121949675e-06	-1.976882902042722e-08	-5.5405937609849945	-2.2792334112303685	-0.001093345993836174
-999.0	815.0	-7.760632445905498e-06	-1.8643224827464328e-08	-5.744906630781048	-2.209150653263427	-0.0011935719177319866
-999.0	790.0	-4.4945446264630575e-06	-1.8408757520921803e-08	-5.783942831887236	-2.0341757533174434	-0.0012103394869179157
-999.0	765.0	-2.120294547812898e-06	-1.6966171165279947e-08	-5.705224052623572	-1.782894078228164	-0.0010732397498775437
-999.0	740.0	-2.25042210941755e-06	-1.4420915369870873e-08	-5.518393408369244	-1.4848537453174002	-0.0007520729047743855
-999.0	715.0	-4.610221223607745e-06	-1.1267437239814264e-08	-5.2527939301951	-1.1627089033524023	-0.00022269337415783432
-999.0	690.0	-7.170981376858352e-06	-8.537474906631874e-09	-4.967838133926842	-0.8251084275543675	0.0005323915865177117
-999.0	665.0	-9.514595149085917e-06	-6.33719839415178e-09	-4.681497065005563	-0.47909390498644167	0.0015114178255713727
-999.0	640.0	-1.1241423026486947e-05	-5.1163837894294036e-09	-4.500682444484214	-0.2036085903506869	0.0026714089728207104
-999.0	615.0	-1.2293229173723805e-05	-4.994014754495064e-09	-4.473296024595197	-0.029149990942775553	0.003908636154695871
-999.0	590.0	-1.2743954911805326e-05	-3.876993271477525e-09	-4.563387442845887	0.08577245779125398	0.005124710140228189
-999.0	565.0	-1.2692555295564139e-05	-1.5848899822963677e-09	-4.785896437346128	0.1376285839273728	0.006259562151044962
-999.0	540.0	-1.3357443982206195e-05	6.201422470637867e-10	-5.0910785320146	0.14129567477436733	0.007296979366141784
-999.0	515.0	-1.511034304937189e-05	2.408016741276469e-09	-5.4507870955599635	0.09050442692306096	0.00830296139711311
-999.0	490.0	-1.639486319738008e-05	3.139322318109484e-09	-5.708960676634748	-0.009449117713496585	0.009417442451293407
-999.0	465.0	-1.6481038503953742e-05	2.621340314407434e-09	-5.805144517303071	-0.14604632673714832	0.01084445397441428
-999.0	440.0	-1.612963699620663e-05	1.0819537853753063e-09	-5.777728017005683	-0.2342334878113434	0.012704005204664578
-999.0	415.0	-1.5932333693022767e-05	-6.00386633721779e-10	-5.635812743394517	-0.20488027814361925	0.014939414376610624
-999.0	390.0	-1.5555300233394728e-05	-1.3718684991777428e-09	-5.439078993819454	0.05183431444067085	0.01737768958764406
-999.0	365.0	-1.4006549213656305e-05	-1.5128745827147885e-09	-5.209345693113715	0.5809930174231756	0.0197337857954905
-999.0	340.0	-1.0819300561721642e-05	-8.605353700041134e-10	-4.962679861630918	1.291664049305253	0.021688024478058524
-999.0	315.0	-7.339956942148441e-06	-4.3219775207880866e-11	-4.745665948148203	2.0888057566178375	0.022923325753333643
-999.0	290.0	-5.596348233860951e-06	4.265296325092891e-10	-4.674420502726735	2.771251114982089	0.023160287176585238
-999.0	265.0	-5.066261289989735e-06	5.878205573338697e-10	-4.7792196439372505	3.263883093716861	0.022190916833160004
-999.0	240.0	-4.546432902005155e-06	5.554838266286767e-10	-4.904564119599485	3.603135614483376	0.019926311998700975
-999.0	215.0	-3.42114094942747e-06	4.878082325249063e-10	-4.67519360670333	3.6185136249771013	0.016666964046043935
-999.0	190.0	-1.8557744570663346e-06	2.581388858905399e-10	-3.6253206994797726	2.920356292829389	0.01312140454617104
-999.0	165.0	-3.746273908706805e-06	9.567550000891529e-11	-1.7813184940151765	1.3183309430324888	0.009742746387463377
-999.0	140.0	-6.927299143654737e-06	5.4503826268724565e-12	-0.18809822698423076	-0.376995708103555	0.004494871341101182
-999.0	115.0	-5.312303877378423e-06	-1.272038916080848e-13	1.155767843679254	-0.8447006645577921	5.305754775437264e-05
-999.0	90.0	-1.430304478111796e-07	1.0120417529712453e-12	3.9634781363938227	-0.35587362075846146	1.3414742447880657e-07
-999.0	65.0	-1.239552744185598e-06	0.0	2.1502772609323793	-0.09119857088835201	0.0
-999.0	40.0	-4.3943174157188425e-08	0.0	-8.01676196963704	-0.17176755007220368	0.0
-999.0	15.0	-1.969625751791632e-06	0.0	-16.590480652396394	-0.33075090821971626	0.0
244.77777777777777	40	1001.7990462691695	day	levels	pres0
-999.0	990.0	-5.176492483803145e-06	4.127368901893298e-09	-2.1960046270655225	-0.8997714049010532	-6.867799014917745e-05
-999.0	965.0	-9.264529528433254e-06	1.4776772021315952e-09	-3.0869023060356975	-1.1903972867531507	-0.0003060612032388991
-999.0	940.0	-1.0547716031138269e-05	-3.3870030210333386e-09	-3.738353953317344	-1.5256630677592036	-0.0006440407767324879
-999.0	915.0	-7.384788561631352e-06	-1.1430395645647195e-08	-4.307966605380713	-1.8577264107212055	-0.0008376393237116215
-999.0	890.0	-6.986645897352029e-06	-1.816660512158245e-08	-4.7843648813388775	-2.101579629768705	-0.000806423729348471
-999.0	865.0	-9.25301782688152e-06	-2.0836533362011e-08	-5.233056070627969	-2.2262244446815553	-0.0006994931743650556
-999.0	840.0	-9.541309751482053e-06	-2.09542708019883e-08	-5.598466630335185	-2.249338985041355	-0.0006635958040304128
-999.0	815.0	-7.932608722112121e-06	-1.9937610055353832e-08	-5.809917463196622	-2.1804488271957934	-0.000690350837606521
-999.0	790.0	-4.924779288123707e-06	-1.9525785392931623e-08	-5.858133938577408	-2.0095739297017072	-0.0006776800889074081
-999.0	765.0	-2.8128241117678454e-06	-1.7844678731318643e-08	-5.788302194189106	-1.765732891029795	-0.0005595038913398614
-999.0	740.0	-3.101852895950801e-06	-1.5083856865932987e-08	-5.6075543385964455	-1.4776392714810402	-0.00030503834750349504
-999.0	715.0	-5.509352015422987e-06	-1.1762544383877239e-08	-5.344682817105854	-1.1667278942962525	0.00011394512228030778
-999.0	690.0	-8.04337831702691e-06	-8.938619888226013e-09	-5.058545451473268	-0.8402450165400889	0.000719184455716214
-999.0	665.0	-1.0288291900737455e-05	-6.721913510780772e-09	-4.7657095199381505	-0.5042802717674602	0.001513966652058657
-999.0	640.0	-1.1855549485146497e-05	-5.470935562855333e-09	-4.573203749678723	-0.23295671434175386	0.002459339125120196
-999.0	615.0	-1.2694189454085714e-05	-5.317693074983922e-09	-4.528382847844429	-0.05490044897628481	0.003454677611022944
-999.0	590.0	-1.2948524363534385e-05	-4.204741403423949e-09	-4.601425736832108	0.06611441391417178	0.004406624725799617
-999.0	565.0	-1.2741656182285966e-05	-1.9897598122415297e-09	-4.808836000868009	0.12568691262492582	0.0052622449993470705
-999.0	540.0	-1.3242907035969499e-05	1.4953310886484309e-10	-5.101408643820494	0.13727251047061442	0.006013370548432465
-999.0	515.0	-1.4817037562700472e-05	1.9451090706698388e-09	-5.4523772604556555	0.09405092356933147	0.0067320825143118565
-999.0	490.0	-1.5994044512543116e-05	2.7378856980194788e-09	-5.708325666202994	0.0004340964886825246	0.007565851109879341
-999.0	465.0	-1.6073895854983e-05	2.3407864698388383e-09	-5.810230463605237	-0.13225275885176405	0.008728502905457576
-999.0	440.0	-1.574235054934536e-05	9.218040583241618e-10	-5.793288202749355	-0.2217434193525106	0.010348754426637524
-999.0	415.0	-1.555641357827219e-05	-6.679577936553063e-10	-5.664928851304221	-0.2006318983104517	0.012377197302950083
-999.0	390.0	-1.5190421467562853e-05	-1.3832746864317425e-09	-5.479998801593413	0.041354633867744545	0.014647108946221874
-999.0	365.0	-1.3680756250166594e-05	-1.473108451350143e-09	-5.257234612548776	0.5509471539968612	0.01687918335579537
-999.0	340.0	-1.0564927013644718e-05	-8.061072223404607e-10	-5.009907386990041	1.244674837147768	0.018752136075129832
-999.0	315.0	-7.1544505867996795e-06	-2.575545197957991e-12	-4.783275707176425	2.0310019212947648	0.01994062665609364
-999.0	290.0	-5.400391022958429e-06	4.5554030391026515e-10	-4.695230236725392	2.708585337356312	0.020160021290429212
-999.0	265.0	-4.79245061579902e-06	6.126712020602247e-10	-4.777157524807588	3.200737992370597	0.01920981035247743
-999.0	240.0	-4.170530625626788e-06	5.70404345771633e-10	-4.87479990417208	3.5389390838919126	0.01702792464079701
-999.0	215.0	-3.068700121138969e-06	4.859971918430735e-10	-4.615799822189214	3.552566401384523	0.013950462784608757
-999.0	190.0	-1.766557915187957e-06	2.5853411156886693e-10	-3.5417049808634977	2.8646675607672716	0.010718109782902975
-999.0	165.0	-3.7873407357290957e-06	9.722113080768337e-11	-1.6853032693681178	1.297865687697043	0.007829185946934405
-999.0	140.0	-6.82822219886589e-06	6.26896050659018e-12	-0.08822758992517071	-0.350840223194264	0.003491653715806696
-999.0	115.0	-5.443087034502234e-06	2.4628581628596124e-13	1.2471742802471668	-0.800408314223645	-0.00011730309176670961
-999.0	90.0	-4.989848709138998e-07	1.1313422939580012e-12	4.015891955958454	-0.3310959736506184	7.983009577805348e-08
-999.0	65.0	-1.5647187129566053e-06	0.0	2.1441381079472515	-0.07960948072098212	0.0
-999.0	40.0	-4.946573605325698e-07	0.0	-8.066558739515344	-0.16751802436731544	0.0
-999.0	15.0	-2.6894488382445324e-06	0.0	-16.65432850409434	-0.3181559387249546	0.0
244.79166666666666	40	1001.7526821560328	day	levels	pres0
-999.0	990.0	-6.128236849758615e-06	4.924211526587809e-09	-2.1970860740790914	-0.8660297728039869	-6.887521178291784e-05
-999.0	965.0	-1.015378836323994e-05	2.5524767378013012e-09	-3.1190224571360856	-1.1668304736829234	-0.0003029934219405329
-999.0	940.0	-1.1072112613841141e-05	-2.4466417703980777e-09	-3.7746863596969518	-1.4995661332375194	-0.0006100489014915123
-999.0	915.0	-7.926525180171153e-06	-1.0864556544995011e-08	-4.346199476056661	-1.8272040800915486	-0.000727290682057077
-999.0	890.0	-7.383637417706087e-06	-1.816095310021933e-08	-4.829747749699528	-2.0709075566329127	-0.0005926870384004836
-999.0	865.0	-9.376805162137853e-06	-2.1516353137688768e-08	-5.28496199183999	-2.1962817395364294	-0.00037315991269049444
-999.0	840.0	-9.593636381014396e-06	-2.2139712583553816e-08	-5.656339499685557	-2.219444558852209	-0.00023386907810425952
-999.0	815.0	-8.104584998318996e-06	-2.1231995283247973e-08	-5.874928295612398	-2.1517470011280224	-0.00018713044710650574
-999.0	790.0	-5.355013949785294e-06	-2.0642813264945452e-08	-5.932325045267809	-1.9849721060858447	-0.00014499895539195554
-999.0	765.0	-3.505353675724498e-06	-1.87231862973604e-08	-5.871380335754891	-1.7485717038313238	-4.5740383219172554e-05
-999.0	740.0	-3.95328368248631e-06	-1.5746798361997182e-08	-5.696715268823909	-1.4704247976446108	0.00014200996756911753
-999.0	715.0	-6.408482807240738e-06	-1.2257651527941486e-08	-5.436571704016863	-1.1707468852400684	0.0004505779301573165
-999.0	690.0	-8.915775257198023e-06	-9.339764869820927e-09	-5.1492527690199354	-0.8553816055258141	0.000905965589736668
-999.0	665.0	-1.1061988652391343e-05	-7.106628627410447e-09	-4.849921974870952	-0.5294666385485223	0.0015165152040507728
-999.0	640.0	-1.2469675943807946e-05	-5.825487336281959e-09	-4.64572505487341	-0.2623048383328895	0.002247300389219225
-999.0	615.0	-1.309514973444884e-05	-5.6413713954736395e-09	-4.583469671093794	-0.08065090700986713	0.0030008055720706825
-999.0	590.0	-1.3153093815264008e-05	-4.532489535371462e-09	-4.63946403081842	0.04645637003702287	0.0036886992708085745
-999.0	565.0	-1.2790757069007817e-05	-2.3946296421882233e-09	-4.83177556438994	0.11374524132242962	0.004265162269098173
-999.0	540.0	-1.3128370089732257e-05	-3.210760293359338e-10	-5.111738755626401	0.13324934616683434	0.004730042360945114
-999.0	515.0	-1.4523732076027879e-05	1.482201400061424e-09	-5.453967425351336	0.09759742021560028	0.005161475888161468
-999.0	490.0	-1.5593225827704577e-05	2.336449077927974e-09	-5.707690655771222	0.010317310690880939	0.005714515336020581
-999.0	465.0	-1.566675320601061e-05	2.060232625269264e-09	-5.815316409907408	-0.11845919096634801	0.0066128194172067
-999.0	440.0	-1.5355064102482502e-05	7.616543312724569e-10	-5.808848388493077	-0.20925335089364921	0.007993809802707452
-999.0	415.0	-1.5180493463520189e-05	-7.355289535891473e-10	-5.694044959214037	-0.19638351847727836	0.00981535509727337
-999.0	390.0	-1.4825542701729843e-05	-1.394680873685861e-09	-5.520918609367533	0.030874953294788204	0.011916992414150916
-999.0	365.0	-1.3354963286676121e-05	-1.4333423199854283e-09	-5.3051235319840275	0.5209012905704731	0.01402514110744625
-999.0	340.0	-1.0310553465567327e-05	-7.516790746767088e-10	-5.0571349123493565	1.197685624990173	0.01581686192283836
-999.0	315.0	-6.9689442314505744e-06	3.8068684812006515e-11	-4.820885466204815	1.9731980859715588	0.016958528808193114
-999.0	290.0	-5.2044338120554425e-06	4.845509753112671e-10	-4.716039970724171	2.6459195597303866	0.01716028869753623
-999.0	265.0	-4.518639941607574e-06	6.375218467865868e-10	-4.775095405677987	3.1375928910241777	0.016229100974216586
-999.0	240.0	-3.7946283492474872e-06	5.853248649145684e-10	-4.845035688744658	3.4747425533002794	0.014129685310093136
-999.0	215.0	-2.71625929284978e-06	4.841861511612103e-10	-4.556406037674986	3.4866191777917535	0.011233745482779386
-999.0	190.0	-1.6773413733096596e-06	2.589293372471814e-10	-3.458089262247038	2.808978828704971	0.008314252096270527
-999.0	165.0	-3.828407562751862e-06	9.876676160645076e-11	-1.5892880447208304	1.2774004323614696	0.0059149421157387964
-999.0	140.0	-6.729145254077598e-06	7.087538386309525e-12	0.011643047134147044	-0.3246847382850152	0.0024881343694510834
-999.0	115.0	-5.573870191626739e-06	6.197755241809057e-13	1.338580716815326	-0.7561159638894893	-0.0002876603901715465
-999.0	90.0	-8.549392940178685e-07	1.250642834945194e-12	4.068305775523227	-0.3063183265427837	2.5528979156734864e-08
-999.0	65.0	-1.8898846817286335e-06	0.0	2.1379989549621117	-0.06802039055361148	0.0
-999.0	40.0	-9.453715469095023e-07	0.0	-8.11635550939378	-0.16326849866245882	0.0
-999.0	15.0	-3.4092719246997055e-06	0.0	-16.718176355792462	-0.3055609692302079	0.0
244.80555555555554	40	1001.7063180428964	day	levels	pres0
-999.0	990.0	-7.0799812157112766e-06	5.721054151279939e-09	-2.1981675210926173	-0.8322881407070197	-6.907233575899563e-05
-999.0	965.0	-1.104304719804385e-05	3.6272762734684875e-09	-3.1511426082363516	-1.1432636606127806	-0.0002999260411789277
-999.0	940.0	-1.1596509196542079e-05	-1.506280519764374e-09	-3.811018766076445	-1.4734691987159336	-0.0005760580403467265
-999.0	915.0	-8.46826179870915e-06	-1.0298717444343006e-08	-4.384432346732496	-1.7966817494620069	-0.0006169459912381821
-999.0	890.0	-7.780628938058972e-06	-1.8155301078854757e-08	-4.875130618060041	-2.040235483497239	-0.00037896778044036735
-999.0	865.0	-9.500592497393855e-06	-2.2196172913363182e-08	-5.336867913051847	-2.1663390343914264	-4.685433817232767e-05
-999.0	840.0	-9.645963010546774e-06	-2.332515436511489e-08	-5.714212369035747	-2.189550132663195	0.00019583418253461365
-999.0	815.0	-8.276561274525617e-06	-2.2526380511137474e-08	-5.939939128027971	-2.1230451750603883	0.0003160892508448247
-999.0	790.0	-5.785248611445944e-06	-2.175984113695527e-08	-6.006516151957982	-1.9603702824701081	0.0003877039096201421
-999.0	765.0	-4.197883239679443e-06	-1.9601693863399103e-08	-5.9544584773204265	-1.7314105166329545	0.0004680507711245545
-999.0	740.0	-4.804714469019561e-06	-1.64097398580593e-08	-5.785876199051113	-1.463210323808251	0.0005890720391169704
-999.0	715.0	-7.307613599055979e-06	-1.2752758672004462e-08	-5.528460590927617	-1.1747658761839186	0.000787205049427278
-999.0	690.0	-9.788172197366578e-06	-9.740909851415064e-09	-5.239960086566362	-0.8705181945115352	0.0010927349886194775
-999.0	665.0	-1.1835685404042881e-05	-7.49134374403944e-09	-4.934134429803541	-0.5546530053295408	0.0015190634815508658
-999.0	640.0	-1.3083802402467494e-05	-6.180039109707888e-09	-4.718246360067919	-0.29165296232395643	0.002035292765128532
-999.0	615.0	-1.3496110014810749e-05	-5.9650497159624965e-09	-4.638556494343025	-0.10640136504337641	0.0025470200382425507
-999.0	590.0	-1.3357663266993064e-05	-4.860237667317885e-09	-4.677502324804641	0.026798326159940634	0.0029709337766598877
-999.0	565.0	-1.2839857955729646e-05	-2.7994994721333853e-09	-4.85471512791182	0.10180357001998269	0.0032683139632671914
-999.0	540.0	-1.3013833143495561e-05	-7.916851675348765e-10	-5.1220688674322945	0.12922618186308135	0.0034469948080055515
-999.0	515.0	-1.423042658935646e-05	1.0192937294547934e-09	-5.45555759024703	0.10114391686187092	0.0035911415230084004
-999.0	490.0	-1.5192407142867615e-05	1.935012457837967e-09	-5.707055645339468	0.020200524893059908	0.003863435133973246
-999.0	465.0	-1.525961055703987e-05	1.779678780700668e-09	-5.8204023562095735	-0.1046656230809639	0.004497403514183435
-999.0	440.0	-1.4967777655621228e-05	6.015046042213118e-10	-5.824408574236749	-0.19676328243481628	0.005639171337515182
-999.0	415.0	-1.4804573348769604e-05	-8.031001135226739e-10	-5.7231610671237405	-0.1921351386441108	0.0072538877641339485
-999.0	390.0	-1.4460663935897968e-05	-1.40608706093986e-09	-5.561838417141492	0.020395272721861812	0.00918733999561433
-999.0	365.0	-1.3029170323186412e-05	-1.3935761886207833e-09	-5.353012451419088	0.49085542714415886	0.011171659053861551
-999.0	340.0	-1.0056179917490406e-05	-6.972509270130557e-10	-5.1043624377084775	1.1506964128326884	0.012882202024306282
-999.0	315.0	-6.783437876101814e-06	7.871291482192933e-11	-4.858495225233037	1.915394250648486	0.013977032212840055
-999.0	290.0	-5.008476601152919e-06	5.135616467122433e-10	-4.736849704722827	2.583253782104608	0.014161089400473205
-999.0	265.0	-4.2448292674168605e-06	6.623724915129418e-10	-4.7730332865483245	3.074447789677914	0.013248788699907197
-999.0	240.0	-3.4187260728691203e-06	6.002453840575248e-10	-4.815271473317253	3.4105460227088167	0.01123159400704315
-999.0	215.0	-2.3638184645612794e-06	4.823751104793774e-10	-4.497012253160867	3.420671954199174	0.008516812140215319
-999.0	190.0	-1.5881248314312817e-06	2.593245629255084e-10	-3.374473543630763	2.7532900966428535	0.00590983148584474
-999.0	165.0	-3.869474389774153e-06	1.0031239240521886e-10	-1.4932728200737715	1.2569351770260238	0.0040000148936870945
-999.0	140.0	-6.630068309288751e-06	7.906116266027245e-12	0.11151368419320734	-0.2985292533757243	0.0014843133020102973
-999.0	115.0	-5.704653348750551e-06	9.932652320749516e-13	1.4299871533832391	-0.7118236135553422	-0.0004580143474589901
-999.0	90.0	-1.2108937171205888e-06	1.3699433759319495e-12	4.1207195950878575	-0.2815406794349404	-2.875592538501899e-08
-999.0	65.0	-2.215050650499641e-06	0.0	2.131859801976984	-0.056431300386241556	0.0
-999.0	40.0	-1.3960857332848835e-06	0.0	-8.166152279272083	-0.15901897295757056	0.0
-999.0	15.0	-4.1290950111526055e-06	0.0	-16.782024207490416	-0.2929659997354463	0.0
244.81944444444446	40	1001.6599539297597	day	levels	pres0
-999.0	990.0	-8.031725581667206e-06	6.517896775974666e-09	-2.199248968106186	-0.798546508609947	-6.92693620708367e-05
-999.0	965.0	-1.1932306032850866e-05	4.702075809138538e-09	-3.183262759336751	-1.1196968475425453	-0.00029685906096663193
-999.0	940.0	-1.2120905779245124e-05	-5.65919269128751e-10	-3.8473511724560665	-1.4473722641942415	-0.0005420681932943131
-999.0	915.0	-9.009998417249083e-06	-9.73287834369074e-09	-4.422665217408458	-1.766159418832344	-0.0005066052514290484
-999.0	890.0	-8.177620458413095e-06	-1.8149649057491644e-08	-4.9205134864207025	-2.0095634103614395	-0.0001652659557853422
-999.0	865.0	-9.624379832650273e-06	-2.2875992689041023e-08	-5.388773834263877	-2.1363963292462915	0.0002794235486270202
-999.0	840.0	-9.69828964007923e-06	-2.4510596146680805e-08	-5.772085238386127	-2.1596557064740405	0.0006255139764803153
-999.0	815.0	-8.448537550732552e-06	-2.3820765739032107e-08	-6.004949960443758	-2.094343348992609	0.0008193082533262529
-999.0	790.0	-6.2154832731076696e-06	-2.287686900896938e-08	-6.080707258648403	-1.935768458854237	0.0009204285021224449
-999.0	765.0	-4.89041280363632e-06	-2.0480201429440963e-08	-6.037536618886238	-1.714249329434474	0.0009818695683327834
-999.0	740.0	-5.6561452555553e-06	-1.7072681354123595e-08	-5.875037129278608	-1.4559958499718126	0.0010361478658141758
-999.0	715.0	-8.206744390873912e-06	-1.3247865816068904e-08	-5.6203494778386585	-1.1787848671277252	0.0011238264800433938
-999.0	690.0	-1.066056913753782e-05	-1.0142054833010237e-08	-5.3306674041130595	-0.8856547834972514	0.0012794926524022324
-999.0	665.0	-1.260938215569683e-05	-7.87605886066943e-09	-5.018346884736369	-0.5798393721105938	0.0015216114845571535
-999.0	640.0	-1.3697928861128932e-05	-6.5345908831347855e-09	-4.790767665262623	-0.32100108631508273	0.0018233162528517562
-999.0	615.0	-1.3897070295173807e-05	-6.288728036452331e-09	-4.693643317592399	-0.13215182307694898	0.0020933210099327213
-999.0	590.0	-1.3562232718722582e-05	-5.187985799265409e-09	-4.715540618790955	0.00714028228280314	0.002253328244746869
-999.0	565.0	-1.2888958842451383e-05	-3.2043693020800283e-09	-4.877654691433753	0.08986189871750036	0.0022717000848093425
-999.0	540.0	-1.2899296197258225e-05	-1.2622943057355646e-09	-5.1323989792382045	0.12520301755931795	0.0021642278939237734
-999.0	515.0	-1.3937121102683834e-05	5.563860588464921e-10	-5.4571477551427146	0.10469041350815803	0.0020210794231813717
-999.0	490.0	-1.4791588458029098e-05	1.5335758377465938e-09	-5.706420634907705	0.030083739095275976	0.0020126105079738585
-999.0	465.0	-1.4852467908067545e-05	1.4991249361312421e-09	-5.8254883025117525	-0.0908720551955352	0.0023822552008882737
-999.0	440.0	-1.4580491208758486e-05	4.413548771697537e-10	-5.839968759980481	-0.18427321397595103	0.003284839035678659
-999.0	415.0	-1.4428653234017772e-05	-8.706712734563702e-10	-5.75227717503356	-0.18788675881094571	0.0046927953080608984
-999.0	390.0	-1.4095785170065141e-05	-1.4174932481938363e-09	-5.602758224915608	0.009915592148885127	0.006458151694769552
-999.0	365.0	-1.270337735969605e-05	-1.3538100572559612e-09	-5.400901370854325	0.46080956371774123	0.008318737198432976
-999.0	340.0	-9.801806369413015e-06	-6.428227793492369e-10	-5.151589963067769	1.1037072006750592	0.009948156382628155
-999.0	315.0	-6.597931520752652e-06	1.1935714483192935e-10	-4.896104984261394	1.8575904153252465	0.010996136873214098
-999.0	290.0	-4.812519390249904e-06	5.425723181132645e-10	-4.757659438721571	2.5205880044786553	0.011162423401778048
-999.0	265.0	-3.971018593225469e-06	6.872231362393177e-10	-4.77097116741869	3.0113026883314697	0.010268873531049643
-999.0	240.0	-3.0428237964899715e-06	6.151659032004783e-10	-4.785507257889799	3.346349492117162	0.008333650732071856
-999.0	215.0	-2.0113776362722357e-06	4.805640697975354e-10	-4.437618468646611	3.3547247306063777	0.0057996627565487634
-999.0	190.0	-1.498908289552999e-06	2.597197886038316e-10	-3.290857825014269	2.69760136458051	0.0035048479511723563
-999.0	165.0	-3.910541216796975e-06	1.0185802320398814e-10	-1.3972575954264321	1.2364699216903945	0.002084404280570171
-999.0	140.0	-6.530991364500583e-06	8.724694145746437e-12	0.21138432125259082	-0.27237376846651695	0.00048019051344962095
-999.0	115.0	-5.835436505875088e-06	1.3667549399697578e-12	1.5213935899514517	-0.6675312632211943	-0.000628364963629948
-999.0	90.0	-1.5668481402245757e-06	1.4892439169191493e-12	4.173133414652653	-0.2567630323270905	-8.30246178462287e-08
-999.0	65.0	-2.540216619271767e-06	0.0	2.1257206489918326	-0.04484221021885518	0.0
-999.0	40.0	-1.8467999196619072e-06	0.0	-8.215949049150542	-0.15476944725271138	0.0
-999.0	15.0	-4.8489180976077895e-06	0.0	-16.845872059188554	-0.2803710302407031	0.0
244.83333333333334	40	1001.6135898166232	day	levels	pres0
-999.0	990.0	-8.98346994761974e-06	7.314739400666749e-09	-2.200330415119714	-0.7648048765129704	-6.946629071161006e-05
-999.0	965.0	-1.2821564867654612e-05	5.7768753448056765e-09	-3.2153829104370173	-1.0961300344723905	-0.0002937924813154634
-999.0	940.0	-1.264530236194588e-05	3.7444198150489603e-10	-3.8836835788355586	-1.4212753296726435	-0.00050807936032967
-999.0	915.0	-9.551735035786921e-06	-9.167039243038766e-09	-4.460898088084294	-1.7356370882027896	-0.0003962684628035485
-999.0	890.0	-8.574611978765886e-06	-1.8143997036127093e-08	-4.965896354781213	-1.9788913372257546	4.8418435246787514e-05
-999.0	865.0	-9.748167167906246e-06	-2.3555812464715526e-08	-5.440679755475732	-2.106453624101277	0.0006056737471436281
-999.0	840.0	-9.750616269611602e-06	-2.5696037928241956e-08	-5.8299581077363145	-2.129761280285017	0.0010551703023245643
-999.0	815.0	-8.620513826939217e-06	-2.511515096692165e-08	-6.069960792859331	-2.0656415229249663	0.0013225265574135154
-999.0	790.0	-6.645717934768405e-06	-2.3993896880979208e-08	-6.154898365338576	-1.9111666352384942	0.0014531748181053632
-999.0	765.0	-5.582942367591371e-06	-2.135870899547967e-08	-6.120614760451774	-1.6970881422360997	0.0014957160050445121
-999.0	740.0	-6.507576042088656e-06	-1.7735622850185706e-08	-5.964198059505815	-1.4487813761354493	0.0014832374463337455
-999.0	715.0	-9.105875182689242e-06	-1.374297296013187e-08	-5.712238364749417	-1.1828038580715734	0.0014604422219594813
-999.0	690.0	-1.1532966077706431e-05	-1.0543199814604381e-08	-5.421374721659493	-0.9007913724829723	0.001466238581125158
-999.0	665.0	-1.3383078907348383e-05	-8.260773977298433e-09	-5.102559339668963	-0.6050257388916124	0.0015241592130727252
-999.0	640.0	-1.4312055319788456e-05	-6.889142656560725e-09	-4.863288970457139	-0.3503492103061487	0.001611370852399746
-999.0	615.0	-1.4298030575535653e-05	-6.612406356941213e-09	-4.748730140841635	-0.15790228111045468	0.0016397084875449614
-999.0	590.0	-1.3766802170451542e-05	-5.5157339312118645e-09	-4.75357891277718	-0.012517761594274042	0.0015358826764748496
-999.0	565.0	-1.2938059729173095e-05	-3.6092391320252284e-09	-4.900594254955633	0.0779202274150587	0.0012753206366941897
-999.0	540.0	-1.2784759251021397e-05	-1.7329034439345569e-09	-5.142729091044093	0.12117985325556863	0.0008817416230263623
-999.0	515.0	-1.3643815616012245e-05	9.347838823979888e-11	-5.458737920038401	0.10823691015442928	0.0004512895930278436
-999.0	490.0	-1.4390769773191949e-05	1.13213921765651e-09	-5.705785624475942	0.039966953297454214	0.0001620414622797372
-999.0	465.0	-1.444532525909661e-05	1.2185710915625466e-09	-5.83057424881391	-0.07707848731015103	0.000267374481844366
-999.0	440.0	-1.4193204761896997e-05	2.812051501185171e-10	-5.855528945724143	-0.17178314551711515	0.0009308129018401862
-999.0	415.0	-1.4052733119266937e-05	-9.382424333899716e-10	-5.781393282943253	-0.1836383789777713	0.002132077733609281
-999.0	390.0	-1.3730906404232983e-05	-1.4288994354479052e-09	-5.643678032689557	-0.0005640884240331323	0.0037294275158014185
-999.0	365.0	-1.2377584396206088e-05	-1.314043925891364e-09	-5.448790290289379	0.4307637002914321	0.005466375544580682
-999.0	340.0	-9.547432821335933e-06	-5.883946316856072e-10	-5.198817488426886	1.056717988517575	0.007014725000927783
-999.0	315.0	-6.412425165403827e-06	1.600013748418449e-10	-4.933714743289613	1.79978658000217	0.008015842792524678
-999.0	290.0	-4.61656217934736e-06	5.715829895142387e-10	-4.778469172720225	2.4579222268528707	0.00816429070401888
-999.0	265.0	-3.697207919034733e-06	7.120737809656748e-10	-4.768909048289023	2.9481575869851984	0.0072893554691745585
-999.0	240.0	-2.6669215201115406e-06	6.300864223434349e-10	-4.755743042462389	3.282152961525696	0.005435855485633559
-999.0	215.0	-1.6589368079836637e-06	4.787530291157003e-10	-4.378224684132488	3.2887775070137986	0.003082297331439459
-999.0	190.0	-1.4096917476746425e-06	2.601150142821599e-10	-3.2072421063979903	2.641912632518396	0.0010993014918245204
-999.0	165.0	-3.95160804381938e-06	1.0340365400275715e-10	-1.301242370779375	1.2160046663549475	0.0001681102761986926
-999.0	140.0	-6.431914419711888e-06	9.543272025464518e-12	0.31125495831164085	-0.24621828355723638	-0.0005242339962549587
-999.0	115.0	-5.96621966299896e-06	1.7402446478638708e-12	1.6128000265193516	-0.62323891288706	-0.0007987122386833331
-999.0	90.0	-1.92280256332734e-06	1.6085444579058888e-12	4.225547234217275	-0.23198538521925172	-1.3727709822699575e-07
-999.0	65.0	-2.865382588042804e-06	0.0	2.1195814960067008	-0.03325312005148895	0.0
-999.0	40.0	-2.2975141060373395e-06	0.0	-8.26574581902885	-0.15051992154781801	0.0
-999.0	15.0	-5.568741184060744e-06	0.0	-16.909719910886512	-0.2677760607459374	0.0
244.84722222222223	40	1001.5672257034868	day	levels	pres0
-999.0	990.0	-9.935214313575339e-06	8.111582025361307e-09	-2.2014118621332814	-0.7310632444159132	-6.96631216747443e-05
-999.0	965.0	-1.3710823702461461e-05	6.85167488047543e-09	-3.2475030615374054	-1.072563221402175	-0.0002907263022379792
-999.0	940.0	-1.3169698944648934e-05	1.3148032321402146e-09	-3.920015985215167	-1.3951783951509713	-0.00047409154144900894
-999.0	915.0	-1.0093471654326883e-05	-8.60120014238655e-09	-4.499130958760241	-1.7051147575731447	-0.0002859356255358824
-999.0	890.0	-8.971603499120033e-06	-1.813834501476395e-08	-5.011279223141865	-1.9482192640899731	0.0002620853923386326
-999.0	865.0	-9.871954503162606e-06	-2.4235632240393213e-08	-5.492585676687756	-2.076510918956162	0.000931896256814814
-999.0	840.0	-9.802942899143948e-06	-2.6881479709807397e-08	-5.88783097708669	-2.0998668540958816	0.0014848031586609828
-999.0	815.0	-8.792490103146048e-06	-2.6409536194815752e-08	-6.134971625275108	-2.036939696857204	0.0018257441601845495
-999.0	790.0	-7.075952596429907e-06	-2.511092475299303e-08	-6.229089472028974	-1.886564811622638	0.0019859428535613974
-999.0	765.0	-6.275471931547918e-06	-2.2237216561521423e-08	-6.203692902017558	-1.6799269550376337	0.0020095900779004126
-999.0	740.0	-7.359006828624059e-06	-1.8398564346249908e-08	-6.053358989733275	-1.4415669022990234	0.0019303407793495066
-999.0	715.0	-1.0005005974506905e-05	-1.4238080104196126e-08	-5.804127251660422	-1.1868228490153911	0.0017970522751286258
-999.0	690.0	-1.240536301787749e-05	-1.094434479619929e-08	-5.512082039206154	-0.9159279614686978	0.0016529727748256842
-999.0	665.0	-1.4156775659002258e-05	-8.645489093928097e-09	-5.186771794601757	-0.6302121056726744	0.00152670666709558
-999.0	640.0	-1.4926181778449927e-05	-7.243694429987341e-09	-4.93581027565182	-0.37969733429728536	0.001399456563775867
-999.0	615.0	-1.4698990855898845e-05	-6.936084677430905e-09	-4.803816964090995	-0.18365273914404062	0.0011861824714731108
-999.0	590.0	-1.3971371622181259e-05	-5.843482063159346e-09	-4.79161720676349	-0.03217580547142798	0.0008185970732367309
-999.0	565.0	-1.2987160615895063e-05	-4.014108961971884e-09	-4.923533818477566	0.06597855611255714	0.00027917562187643636
-999.0	540.0	-1.2670222304784285e-05	-2.203512582135284e-09	-5.153059202850004	0.11715668895178478	-0.00040046400037727385
-999.0	515.0	-1.3350510129339821e-05	-3.6942928236855293e-10	-5.460328084934086	0.11178340680069723	-0.0011182279631240053
-999.0	490.0	-1.3989951088353596e-05	7.307025975650837e-10	-5.705150614044178	0.049850167499653444	-0.001688271998873026
-999.0	465.0	-1.4038182610124411e-05	9.380172469930713e-10	-5.835660195116091	-0.06328491942473502	-0.001847238638448128
-999.0	440.0	-1.3805918315034354e-05	1.210554230669049e-10	-5.871089131467875	-0.15929307705825663	-0.001422907059382497
-999.0	415.0	-1.3676813004515192e-05	-1.0058135933237382e-09	-5.810509390853079	-0.1793899991446048	-0.00042826495469184476
-999.0	390.0	-1.3366027638400256e-05	-1.440305622701954e-09	-5.684597840463687	-0.011043768996997577	0.0010011674628674905
-999.0	365.0	-1.2051791432715862e-05	-1.2742777945266015e-09	-5.496679209724637	0.4007178368650389	0.002614574095696606
-999.0	340.0	-9.293059273258699e-06	-5.339664840218323e-10	-5.2460450137862065	1.0097287763599792	0.004081907882300077
-999.0	315.0	-6.226918810054787e-06	2.0064560485181655e-10	-4.971324502318006	1.7419827446789677	0.0050361499739518525
-999.0	290.0	-4.420604968444395e-06	6.005936609152426e-10	-4.799278906719007	2.3952564492269524	0.005166691309734137
-999.0	265.0	-3.4233972448433084e-06	7.369244256920346e-10	-4.766846929159427	2.8850124856387858	0.00431023451578295
-999.0	240.0	-2.291019243732304e-06	6.450069414863699e-10	-4.7259788270349725	3.217956430934066	0.0025382082681538022
-999.0	215.0	-1.306495979694546e-06	4.769419884338395e-10	-4.318830899618266	3.2228302834210294	0.0003647158645203444
-999.0	190.0	-1.3204752057963235e-06	2.605102399604731e-10	-3.1236263877815342	2.5862239004560923	-0.001306807892651355
-999.0	165.0	-3.992674870842029e-06	1.0494928480152363e-10	-1.2052271461320858	1.195539411019375	-0.0017488671196359683
-999.0	140.0	-6.3328374749234454e-06	1.0361849905183508e-11	0.4111255953709688	-0.22006279864797726	-0.0015289602271378992
-999.0	115.0	-6.097002820123405e-06	2.1137343557587476e-12	1.7042064630875235	-0.5789465625528913	-0.0009690561726200119
-999.0	90.0	-2.278756986431264e-06	1.7278449988930983e-12	4.277961053782057	-0.20720773811141247	-1.9151336652620663e-07
-999.0	65.0	-3.190548556814803e-06	0.0	2.1134423430215654	-0.02166402988411467	0.0
-999.0	40.0	-2.748228292414221e-06	0.0	-8.315542588907281	-0.14627039584296658	0.0
-999.0	15.0	-6.288564270515862e-06	0.0	-16.973567762584626	-0.25518109125119476	0.0
244.86111111111111	40	1001.5208615903501	day	levels	pres0
-999.0	990.0	-1.0886958679527999e-05	8.908424650053437e-09	-2.2024933091468073	-0.697321612318946	-6.985985495340054e-05
-999.0	965.0	-1.4600082537265365e-05	7.926474416142617e-09	-3.2796232126376705	-1.0489964083320322	-0.0002876605237459572
-999.0	940.0	-1.3694095527349871e-05	2.2551644827739196e-09	-3.956348391594661	-1.3690814606293857	-0.0004401047366476392
-999.0	915.0	-1.0635208272864879e-05	-8.035361041734547e-09	-4.537363829436078	-1.6745924269436026	-0.00017560673979980548
-999.0	890.0	-9.368595019472918e-06	-1.8132692993399376e-08	-5.056662091502377	-1.9175471909543	0.0004757349151725172
-999.0	865.0	-9.995741838418609e-06	-2.4915452016067626e-08	-5.544491597899613	-2.046568213811159	0.001258091077076771
-999.0	840.0	-9.855269528676326e-06	-2.806692149136848e-08	-5.9457038464368805	-2.069972427906867	0.0019144125440812372
-999.0	815.0	-8.96446637935267e-06	-2.770392142270526e-08	-6.199982457690682	-2.00823787078957	0.0023289610587147146
-999.0	790.0	-7.506187258090558e-06	-2.6227952625002847e-08	-6.303280578719148	-1.8619629880069022	0.0025187326044803808
-999.0	765.0	-6.9680014955028666e-06	-2.3115724127560122e-08	-6.286771043583093	-1.6627657678392644	0.0025234917835391824
-999.0	740.0	-8.210437615157308e-06	-1.9061505842312022e-08	-6.1425199199604785	-1.4343524284626636	0.002377457863534676
-999.0	715.0	-1.0904136766322145e-05	-1.47331872482591e-08	-5.896016138571175	-1.1908418399592413	0.0021336566395050217
-999.0	690.0	-1.3277759958046044e-05	-1.1345489777793426e-08	-5.602789356752582	-0.9310645504544189	0.0018396952335443771
-999.0	665.0	-1.4930472410653796e-05	-9.030204210557089e-09	-5.2709842495343455	-0.655398472453693	0.001529253846629082
-999.0	640.0	-1.554030823710948e-05	-7.59824620341327e-09	-5.0083315808463285	-0.40904545828835226	0.0011875733869911272
-999.0	615.0	-1.5099951136260754e-05	-7.259762997919764e-09	-4.858903787340227	-0.20940319717754982	0.0007327429621209398
-999.0	590.0	-1.4175941073910314e-05	-6.171230195105771e-09	-4.829655500749712	-0.05183384934851042	0.00010147143643759797
-999.0	565.0	-1.3036261502616892e-05	-4.418978791917047e-09	-4.9464733819994455	0.05403688481011006	-0.0007167349566749346
-999.0	540.0	-1.2555685358547591e-05	-2.674121720334228e-09	-5.163389314655897	0.1131335246480316	-0.0016823889719615262
-999.0	515.0	-1.30572046426684e-05	-8.32336952975184e-10	-5.461918249829779	0.1153299034469679	-0.002687473240927984
-999.0	490.0	-1.358913240351663e-05	3.292659774750773e-10	-5.704515603612424	0.05973338170183247	-0.003538329871228681
-999.0	465.0	-1.3631039961153668e-05	6.57463402424475e-10	-5.840746141418256	-0.04949135153935083	-0.003961584155467929
-999.0	440.0	-1.3418631868173077e-05	-3.909430398424068e-11	-5.886649317211548	-0.14680300859942375	-0.0037763208433491723
-999.0	415.0	-1.330089288976461e-05	-1.0733847532572651e-09	-5.839625498762782	-0.1751416193114373	-0.0029882327522896533
-999.0	390.0	-1.3001148872568381e-05	-1.4517118099559532e-09	-5.725517648237647	-0.021523449569923844	-0.0017266284598496863
-999.0	365.0	-1.1725998469226153e-05	-1.234511663161956e-09	-5.544568129159697	0.3706719734387246	-0.00023666714480133515
-999.0	340.0	-9.038685725181779e-06	-4.795383363581794e-10	-5.293272539145329	0.9627395642024948	0.001149705029866656
-999.0	315.0	-6.0414124547060265e-06	2.4128983486173965e-10	-5.008934261346228	1.6841789093558954	0.0020570584207029847
-999.0	290.0	-4.224647757541871e-06	6.296043323162188e-10	-4.820088640717662	2.332590671601175	0.002169625221490054
-999.0	265.0	-3.149586570652594e-06	7.617750704183895e-10	-4.764784810029765	2.821867384292521	0.0013315106724038424
-999.0	240.0	-1.915116967353935e-06	6.599274606293262e-10	-4.6962146116075685	3.153759900342603	-0.0003592909199143849
-999.0	215.0	-9.540551514060453e-07	4.751309477520064e-10	-4.259437115104149	3.1568830598284494	-0.0023530816445498136
-999.0	190.0	-1.2312586639179457e-06	2.609054656388001e-10	-3.040010669165259	2.530535168393975	-0.0037134802026848983
-999.0	165.0	-4.033741697864321e-06	1.064949156002917e-10	-1.1092119214850267	1.175074155683929	-0.003666527907123756
-999.0	140.0	-6.2337605301346e-06	1.1180427784901225e-11	0.510996232430029	-0.1939073137386863	-0.0025339881792235037
-999.0	115.0	-6.227785977247218e-06	2.4872240636527944e-12	1.7956128996554366	-0.5346542122187445	-0.0011393967654388776
-999.0	90.0	-2.6347114095339837e-06	1.8471455398798537e-12	4.330374873346688	-0.18243009100356944	-2.457334227438652e-07
-999.0	65.0	-3.5157145255858107e-06	0.0	2.107303190036437	-0.01007493971674478	0.0
-999.0	40.0	-3.198942478789603e-06	0.0	-8.365339358785585	-0.14202087013807832	0.0
-999.0	15.0	-7.008387356968763e-06	0.0	-17.037415614282573	-0.24258612175643307	0.0
244.875	40	1001.4744974772136	day	levels	pres0
-999.0	990.0	-1.183870304548354e-05	9.70526727474795e-09	-2.2035747561603785	-0.6635799802218874	-7.005649054101717e-05
-999.0	965.0	-1.5489341372072144e-05	9.001273951812268e-09	-3.31174336373806	-1.0254295952618122	-0.0002845951458519771
-999.0	940.0	-1.4218492110052869e-05	3.1955257334091048e-09	-3.992680797974268	-1.342984526107709	-0.0004061189459218152
-999.0	915.0	-1.1176944891404773e-05	-7.469521941082482e-09	-4.575596700112025	-1.6440700963139532	-6.528180576961259e-05
-999.0	890.0	-9.765586539827011e-06	-1.8127040972036343e-08	-5.102044959863027	-1.8868751178185144	0.0006893670034308815
-999.0	865.0	-1.0119529173674957e-05	-2.5595271791745385e-08	-5.596397519111633	-2.0166255086660385	0.0015842582073665409
-999.0	840.0	-9.907596158208669e-06	-2.925236327293398e-08	-6.003576715787251	-2.040078001717726	0.0023439984571784088
-999.0	815.0	-9.136442655559492e-06	-2.8998306650599394e-08	-6.264993290106456	-1.979536044721802	0.0028321772500810014
-999.0	790.0	-7.936421919752049e-06	-2.734498049701667e-08	-6.377471685409545	-1.837361164391041	0.003051544066853615
-999.0	765.0	-7.660531059459404e-06	-2.3994231693601856e-08	-6.369849185148874	-1.6456045806407928	0.0030374211186005515
-999.0	740.0	-9.061868401692698e-06	-1.9724447338376195e-08	-6.231680850187936	-1.4271379546262322	0.00282458869756266
-999.0	715.0	-1.1803267558139783e-05	-1.5228294392323327e-08	-5.987905025482176	-1.1948608309030533	0.0024702553150415534
-999.0	690.0	-1.415015689821707e-05	-1.174663475938831e-08	-5.693496674299239	-0.9462011394401391	0.002026405957318532
-999.0	665.0	-1.5704169162307623e-05	-9.41491932718674e-09	-5.355196704467137	-0.6805848392347494	0.0015318007516711828
-999.0	640.0	-1.6154434695770893e-05	-7.952797976839873e-09	-5.080852886041006	-0.4383935822794835	0.0009757213220489634
-999.0	615.0	-1.5500911416623878e-05	-7.583441318409448e-09	-4.913990610589583	-0.2351536552111308	0.00027938995988248725
-999.0	590.0	-1.438051052563996e-05	-6.498978327053245e-09	-4.8676937947360175	-0.0714918932256599	-0.0006154942325293358
-999.0	565.0	-1.308536238933879e-05	-4.823848621863699e-09	-4.969412945521374	0.042095213507612556	-0.0017124110960048682
-999.0	540.0	-1.2441148412310414e-05	-3.1447308585349534e-09	-5.1737194264618065	0.10911036034425098	-0.00296403328741659
-999.0	515.0	-1.276389915599591e-05	-1.2952446235835343e-09	-5.463508414725462	0.11887640009323752	-0.00425644623605539
-999.0	490.0	-1.3188313718678224e-05	-7.217064261634821e-11	-5.703880593180656	0.06961659590403235	-0.005388132150550501
-999.0	465.0	-1.3223897312181415e-05	3.7690955785499814e-10	-5.845832087720434	-0.0356977836539348	-0.006075662064714176
-999.0	440.0	-1.3031345421310374e-05	-1.9924403103585875e-10	-5.902209502955277	-0.13431294014056522	-0.006129428445441328
-999.0	415.0	-1.2924972775012805e-05	-1.1409559131910408e-09	-5.868741606672605	-0.17089323947827018	-0.005547825654654232
-999.0	390.0	-1.2636270106735605e-05	-1.4631179972100116e-09	-5.766437456011772	-0.03200313014288741	-0.0044539602481916156
-999.0	365.0	-1.1400205505735895e-05	-1.1947455317972019e-09	-5.592457048594952	0.3406261100123325	-0.0030873481735202326
-999.0	340.0	-8.78431217710453e-06	-4.2511018869441194e-10	-5.340500064504644	0.9157503520449001	-0.0017818835532766538
-999.0	315.0	-5.855906099356987e-06	2.819340648717048e-10	-5.046544020374616	1.6263750740326943	-0.0009214318640410595
-999.0	290.0	-4.028690546638918e-06	6.58615003717218e-10	-4.840898374716441	2.269924893975258	-0.000826907558174247
-999.0	265.0	-2.8757758964611975e-06	7.866257151447455e-10	-4.7627226909001665	2.7587222829461098	-0.0016468160594612276
-999.0	240.0	-1.5392146909747413e-06	6.748479797722583e-10	-4.666450396180153	3.0895633697509757	-0.003256642078145135
-999.0	215.0	-6.016143231169766e-07	4.733199070701463e-10	-4.2000433305899305	3.0909358362356816	-0.0050710951961378935
-999.0	190.0	-1.1420421220396682e-06	2.6130069131711394e-10	-2.9563949505488076	2.4748464363316693	-0.006120715438728583
-999.0	165.0	-4.074808524887043e-06	1.0804054639905828e-10	-1.013196696837743	1.1546089003483453	-0.005584872086473202
-999.0	140.0	-6.1346835853462975e-06	1.1999005664620198e-11	0.6108668694893518	-0.1677518288294476	-0.003539317852546193
-999.0	115.0	-6.3585691343717e-06	2.86071377154763e-12	1.8870193362236023	-0.490361861884594	-0.0013097340171408227
-999.0	90.0	-2.990665832637913e-06	1.966446080867054e-12	4.382788692911466	-0.15765244389573735	-2.999372668789698e-07
-999.0	65.0	-3.840880494357811e-06	0.0	2.1011640370513	0.0015141504506269998	0.0
-999.0	40.0	-3.6496566651664956e-06	0.0	-8.415136128664015	-0.13777134443322817	0.0
-999.0	15.0	-7.728210443423854e-06	0.0	-17.101263465980686	-0.22999115226169425	0.0
244.88888888888889	40	1001.7685241699222	day	levels	pres0
-999.0	990.0	-1.108802831300514e-05	1.0698461919974686e-08	-2.2055482414585788	-0.6312824725000593	-3.58731013558574e-05
-999.0	965.0	-1.4733831981942003e-05	1.0366448118121222e-08	-3.3450872831874974	-1.0034155962057123	-0.00018562133459068238
-999.0	940.0	-1.3046005841127119e-05	4.147410433722947e-09	-4.029988769027972	-1.318379332000975	-0.0002195918236115955
-999.0	915.0	-1.0033658252445388e-05	-7.090286866207487e-09	-4.614141608829899	-1.6145592064216847	0.0002326539077647923
-999.0	890.0	-8.415900993134576e-06	-1.840421574242074e-08	-5.147167287491043	-1.856704992828499	0.0011038258493488175
-999.0	865.0	-8.444360128234077e-06	-2.6646365959883077e-08	-5.647670571450904	-1.986857917573667	0.002114490506724625
-999.0	840.0	-8.163556858747581e-06	-3.08669246100832e-08	-6.060527816966806	-2.010102584958021	0.0029818025621551887
-999.0	815.0	-7.532460834453452e-06	-3.071114328669034e-08	-6.329015619225058	-1.9505356306520019	0.0035555869824674745
-999.0	790.0	-6.618636601349944e-06	-2.878384909941535e-08	-6.450769645196515	-1.8124090929825554	0.003828282722591466
-999.0	765.0	-6.646699470432148e-06	-2.505654986533993e-08	-6.452064096927746	-1.6280936115869322	0.003832642117513977
-999.0	740.0	-8.231704496996077e-06	-2.0469698403175193e-08	-6.320020284917726	-1.419683128181399	0.0036055514818011756
-999.0	715.0	-1.1029066345481173e-05	-1.5763907200837386e-08	-6.079081778173197	-1.1988591847044276	0.003208149654493177
-999.0	690.0	-1.335791447496833e-05	-1.2175694801531051e-08	-5.7835532448910865	-0.9614649751154624	0.002693885380386461
-999.0	665.0	-1.4827895760794072e-05	-9.84072488200438e-09	-5.438770861537451	-0.7059531531952206	0.002100761424047328
-999.0	640.0	-1.5150403211128473e-05	-8.355469144889378e-09	-5.15284508080401	-0.4679943162051347	0.001418007107463471
-999.0	615.0	-1.4336267178407475e-05	-7.95384477507516e-09	-4.968739457152559	-0.2612348897038008	0.0005682114406013591
-999.0	590.0	-1.3103373203791197e-05	-6.858298411953057e-09	-4.9054309302182455	-0.09154095590393693	-0.0005026514095427742
-999.0	565.0	-1.1750921838648919e-05	-5.22564615774816e-09	-4.991935940390404	0.029743131112144584	-0.001790129171246713
-999.0	540.0	-1.1050724053286373e-05	-3.5810782934478747e-09	-5.183535955846315	0.10469190997104584	-0.003238002036327738
-999.0	515.0	-1.1302509908984117e-05	-1.706121149232828e-09	-5.464540067922181	0.12207085804806571	-0.004723874853567917
-999.0	490.0	-1.1698419386049503e-05	-4.2239118294670573e-10	-5.7027034320765	0.07914491604876382	-0.006036961193456597
-999.0	465.0	-1.17691453410208e-05	1.3350474972953683e-10	-5.850437676189126	-0.022317722163805967	-0.006885546659159828
-999.0	440.0	-1.1610258364946859e-05	-3.304543012444807e-10	-5.917414635143925	-0.12225121873671399	-0.007074812863780861
-999.0	415.0	-1.1521529001727992e-05	-1.1832072762936425e-09	-5.897685913679555	-0.16703341542570876	-0.006601014332351646
-999.0	390.0	-1.1278837186248048e-05	-1.4577511379635913e-09	-5.807318744008263	-0.04282766359825428	-0.0055868821468682646
-999.0	365.0	-1.0167429867532408e-05	-1.1551118446065362e-09	-5.640400551259606	0.3102881214408631	-0.004273517436739509
-999.0	340.0	-7.75399873736798e-06	-3.8448368211619147e-10	-5.387792800173804	0.8685348778962639	-0.003001588813318959
-999.0	315.0	-5.051270233889717e-06	2.968311680162234e-10	-5.084156940380808	1.5684104924676077	-0.0021655455832715912
-999.0	290.0	-3.4000559362868067e-06	6.651102863363469e-10	-4.861675127788883	2.2071425015175223	-0.0020954209054118915
-999.0	265.0	-2.3865201643425675e-06	7.95369516162435e-10	-4.760600738089427	2.6954760832918407	-0.0029383913248122936
-999.0	240.0	-1.1712829572805954e-06	6.781294572040834e-10	-4.63657223460851	3.0252662411441826	-0.004549025779245824
-999.0	215.0	-3.035349360328976e-07	4.646811624451001e-10	-4.140479067409441	3.0248838861782548	-0.006312785116203089
-999.0	190.0	-7.939095900642035e-07	2.594917664712892e-10	-2.8725820934330257	2.419064345045142	-0.007240990223685326
-999.0	165.0	-3.40617258473385e-06	1.0980491807494231e-10	-0.9169840106256755	1.1340524935059495	-0.0064993637635255026
-999.0	140.0	-5.0703436986595095e-06	1.2691142111066667e-11	0.7107789588196417	-0.1417652738315306	-0.003999265652768787
-999.0	115.0	-5.37574997985146e-06	3.3073546813011545e-12	1.978413728376338	-0.44610461675458435	-0.0013489746030498258
-999.0	90.0	-2.335940030524604e-06	2.0737171786604945e-12	4.43520087997125	-0.13287626593202012	-2.8837328768588805e-07
-999.0	65.0	-3.3138491418839646e-06	0.0	2.095024705209112	0.013103179081722038	0.0
-999.0	40.0	-3.2721087336536945e-06	0.0	-8.464935274587788	-0.13352189806326398	0.0
-999.0	15.0	-7.188168422360898e-06	0.0	-17.165113062356426	-0.2173963744469387	0.0
244.90277777777777	40	1002.06255086263	day	levels	pres0
-999.0	990.0	-1.0337353580528093e-05	1.1691656565197927e-08	-2.2075217267567315	-0.5989849647783179	-1.7056694936543753e-06
-999.0	965.0	-1.3978322591813003e-05	1.1731622284426283e-08	-3.378431202636809	-0.9814015971496847	-8.666096347321591e-05
-999.0	940.0	-1.1873519572203698e-05	5.099295134034967e-09	-4.067296740081558	-1.2937741378943284	-3.307065522875833e-05
-999.0	915.0	-8.890371613488574e-06	-6.7110517913324455e-09	-4.652686517547662	-1.5850483165295213	0.0005305784650673746
-999.0	890.0	-7.066215446445527e-06	-1.8681390512803413e-08	-5.192289615118926	-1.8265348678385953	0.0015182501994299318
-999.0	865.0	-6.769191082797583e-06	-2.7697460128016875e-08	-5.698943623790013	-1.9570903264814137	0.0026446770310905305
-999.0	840.0	-6.419517559291317e-06	-3.248148594722708e-08	-6.1174789181461815	-1.980127168198445	0.0036195714608309995
-999.0	815.0	-5.9284790133519406e-06	-3.2423979922775695e-08	-6.393037948343463	-1.921535216582337	0.004278995533025305
-999.0	790.0	-5.300851282951582e-06	-3.0222717701809404e-08	-6.524067604983263	-1.787457021574196	0.004605052782769432
-999.0	765.0	-5.6328678814076945e-06	-2.6118868037074786e-08	-6.534279008706375	-1.6105826425331744	0.004627905656591982
-999.0	740.0	-7.401540592301583e-06	-2.121494946797224e-08	-6.408359719647263	-1.4122283017366384	0.004386538060280096
-999.0	715.0	-1.0254865132824385e-05	-1.6299520009350406e-08	-6.170258530863969	-1.2028575385058404	0.003946031658539133
-999.0	690.0	-1.2565672051721347e-05	-1.2604754843673258e-08	-5.873609815482701	-0.9767288107907868	0.0033613225765925393
-999.0	665.0	-1.3951622359282471e-05	-1.0266530436821508e-08	-5.522345018607564	-0.7313214671556536	0.0026696625861529796
-999.0	640.0	-1.4146371726488397e-05	-8.758140312938278e-09	-5.224837275566848	-0.49759505013072125	0.0018602279095851354
-999.0	615.0	-1.3171622940193969e-05	-8.324248231740075e-09	-5.0234883037154106	-0.28731612419639896	0.0008569776477791399
-999.0	590.0	-1.1826235881945786e-05	-7.217618496851861e-09	-4.94316806570039	-0.11159001858214626	-0.00038983388316841234
-999.0	565.0	-1.0416481287962714e-05	-5.6274436936312475e-09	-5.014458935259385	0.017391048716727794	-0.0018678288033570126
-999.0	540.0	-9.660299694266303e-06	-4.017425728359195e-09	-5.193352485230811	0.10027345959786907	-0.0035119103450475283
-999.0	515.0	-9.841120661976666e-06	-2.116997674880593e-09	-5.465571721118911	0.12526531600289553	-0.005191221776508857
-999.0	490.0	-1.0208525053425396e-05	-7.726117232757706e-10	-5.70152627097236	0.08867323619347528	-0.006685699643238388
-999.0	465.0	-1.0314393369864856e-05	-1.0990005839506578e-10	-5.8550432646578106	-0.008937660673708415	-0.007695327890503113
-999.0	440.0	-1.018917130858799e-05	-4.6166457145261087e-10	-5.932619767332515	-0.11018949733288745	-0.00802007366764794
-999.0	415.0	-1.0118085228447714e-05	-1.2254586393959968e-09	-5.926630220686386	-0.1631735913731456	-0.007654048344946186
-999.0	390.0	-9.921404265764724e-06	-1.4523842787171396e-09	-5.848200032004589	-0.05365219705358294	-0.006719610518669858
-999.0	365.0	-8.934654229332607e-06	-1.1154781574160251e-09	-5.688344053924066	0.2799501328694727	-0.005459452976001651
-999.0	340.0	-6.7236852976344455e-06	-3.438571755381139e-10	-5.435085535842771	0.8213194037477377	-0.004221038309597521
-999.0	315.0	-4.246634368424775e-06	3.1172827116073066e-10	-5.121769860386836	1.5104459109026498	-0.003409407722719286
-999.0	290.0	-2.7714213259365275e-06	6.716055689554915e-10	-4.882451880861206	2.1443601090599262	-0.003363707815726025
-999.0	265.0	-1.897264432225468e-06	8.041133171801387e-10	-4.758478785278624	2.63222988363772	-0.004229793571616648
-999.0	240.0	-8.033512235877339e-07	6.814109346359385e-10	-4.606694073036878	2.960969112537552	-0.00584134286495235
-999.0	215.0	-5.455548949879629e-09	4.5604241782008733e-10	-4.080914804229053	2.9588319361210145	-0.007554572697431285
-999.0	190.0	-4.4577705808983137e-07	2.576828416254799e-10	-2.78876923631742	2.363282253758802	-0.008361525321858038
-999.0	165.0	-2.7375366445824342e-06	1.1156928975082688e-10	-0.8207713244138328	1.113496086663691	-0.007414179482096478
-999.0	140.0	-4.006003811974928e-06	1.3383278557512247e-11	0.810691048149669	-0.11577871883356167	-0.004459350569151516
-999.0	115.0	-4.392930825333219e-06	3.753995591053693e-12	2.0698081205288217	-0.40184737162457784	-0.0013882144117930361
-999.0	90.0	-1.6812142284125447e-06	2.1809882764535512e-12	4.487613067030888	-0.10810008796829168	-2.768127509596501e-07
-999.0	65.0	-2.7868177894113876e-06	0.0	2.088885373366933	0.024692207712815217	0.0
-999.0	40.0	-2.894560802141684e-06	0.0	-8.514734420511434	-0.12927245169326174	0.0
-999.0	15.0	-6.64812640129863e-06	0.0	-17.228962658731998	-0.20480159663216022	0.0
244.91666666666666	40	1002.356577555339	day	levels	pres0
-999.0	990.0	-9.58667884804947e-06	1.2684851210424641e-08	-2.2094952120549305	-0.5666874570564825	3.244580422707408e-05
-999.0	965.0	-1.3222813201682613e-05	1.3096796450735212e-08	-3.411775122086245	-0.9593875980935775	1.2285967175587045e-05
-999.0	940.0	-1.0701033303277663e-05	6.051179834348764e-09	-4.104604711135263	-1.269168943787588	0.00015344455925395768
-999.0	915.0	-7.747084974528952e-06	-6.3318167164574775e-09	-4.691231426265537	-1.5555374266372457	0.0008284918656097954
-999.0	890.0	-5.716529899752916e-06	-1.8958565283187855e-08	-5.237411942746945	-1.7963647428485727	0.001932640052937254
-999.0	865.0	-5.094022037356542e-06	-2.8748554296154652e-08	-5.750216676129286	-1.9273227353890374	0.003174817779392469
-999.0	840.0	-4.675478259830087e-06	-3.409604728437639e-08	-6.174430019325737	-1.9501517514387365	0.004257305150889278
-999.0	815.0	-4.324497192245811e-06	-3.413681655886669e-08	-6.457060277462068	-1.892534802512534	0.005002402897196407
-999.0	790.0	-3.9830659645494235e-06	-3.166158630420813e-08	-6.597365564770236	-1.7625049501657093	0.005381854241077303
-999.0	765.0	-4.6190362923804034e-06	-2.7181186208812908e-08	-6.616493920485249	-1.5930716734793136	0.0054232117301750826
-999.0	740.0	-6.5713766876049375e-06	-2.196020053277128e-08	-6.4966991543770565	-1.4047734752918073	0.0051675484304116465
-999.0	715.0	-9.480663920165754e-06	-1.6835132817864495e-08	-6.261435283554995	-1.2068558923072188	0.004683901327021491
-999.0	690.0	-1.177342962847258e-05	-1.3033814885816033e-08	-5.963666386074555	-0.9919926464661155	0.004028717546134125
-999.0	665.0	-1.3075348957768881e-05	-1.0692335991639194e-08	-5.6059191756778874	-0.7566897811161306	0.0032385042381916783
-999.0	640.0	-1.3142340241845913e-05	-9.160811480987826e-09	-5.296829470329864	-0.5271957840563768	0.002302383728482077
-999.0	615.0	-1.200697870197748e-05	-8.694651688405839e-09	-5.078237150278394	-0.31339735868907054	0.0011456885812643595
-999.0	590.0	-1.054909856009692e-05	-7.576938581751723e-09	-4.980905201182623	-0.13163908126042276	-0.0002770416535662516
-999.0	565.0	-9.08204073727274e-06	-6.029241229515752e-09	-5.036981930128418	0.005038966321261124	-0.0019455099921545757
-999.0	540.0	-8.269875335242163e-06	-4.453773163272162e-09	-5.203169014615321	0.09585500922466461	-0.0037857582128321492
-999.0	515.0	-8.37973141496477e-06	-2.527874200529944e-09	-5.4666033743156275	0.12845977395772257	-0.005658487003832166
-999.0	490.0	-8.718630720796585e-06	-1.1228322636061974e-09	-5.700349109868199	0.09820155633820511	-0.007334347498680802
-999.0	465.0	-8.859641398704173e-06	-3.5330486652060226e-10	-5.859648853126499	0.004442400816420236	-0.008505005757301603
-999.0	440.0	-8.768084252224399e-06	-5.928748416612919e-10	-5.947824899521155	-0.09812777592903349	-0.008965210855442116
-999.0	415.0	-8.7146414551628e-06	-1.2677100024986349e-09	-5.955574527693329	-0.15931376732057773	-0.008706927690765394
-999.0	390.0	-8.563971345277042e-06	-1.4470174194707555e-09	-5.889081320001076	-0.06447673050894279	-0.007852145362009835
-999.0	365.0	-7.701878591129001e-06	-1.0758444702253913e-09	-5.736287556588719	0.24961214429800724	-0.0066451547900075675
-999.0	340.0	-5.693371857897829e-06	-3.0323066895990975e-10	-5.482378271511931	0.7741039295991006	-0.005440232040923144
-999.0	315.0	-3.4419985029574925e-06	3.2662537430524533e-10	-5.15938278039303	1.4524813293375582	-0.0046530182811438565
-999.0	290.0	-2.1427867155844343e-06	6.78100851574619e-10	-4.903228633933649	2.0815777166021827	-0.004631768288107333
-999.0	265.0	-1.4080087001068764e-06	8.128571181978283e-10	-4.75635683246788	2.568983683983444	-0.005521022799257067
-999.0	240.0	-4.3541948989364974e-07	6.846924120677626e-10	-4.576815911465228	2.896671983930752	-0.0071335933350796885
-999.0	215.0	2.926238381341077e-07	4.474036731950359e-10	-4.021350541048554	2.8927799860635854	-0.008796457939990015
-999.0	190.0	-9.76445261144895e-08	2.5587391677965467e-10	-2.704956379201629	2.3075001624722793	-0.009482320733463855
-999.0	165.0	-2.068900704429314e-06	1.1333366142671162e-10	-0.7245586382017619	1.092939679821305	-0.008329319242291284
-999.0	140.0	-2.941663925288093e-06	1.4075415003959015e-11	0.9106031374799537	-0.08979216383563471	-0.0049195726017114624
-999.0	115.0	-3.410111670812907e-06	4.2006365008073175e-12	2.1612025126815504	-0.3575901264945629	-0.001427453443371002
-999.0	90.0	-1.0264884262991936e-06	2.288259374246971e-12	4.5400252540906685	-0.08332391000457151	-2.6525565670105666e-07
-999.0	65.0	-2.259786436937501e-06	0.0	2.0827460415247425	0.03628123634390901	0.0
-999.0	40.0	-2.5170128706288467e-06	0.0	-8.564533566435212	-0.12502300532329114	0.0
-999.0	15.0	-6.108084380235591e-06	0.0	-17.29281225510774	-0.19220681881739676	0.0
244.93055555555554	40	1002.6506042480466	day	levels	pres0
-999.0	990.0	-8.836004115572425e-06	1.3678045855647884e-08	-2.2114686973530833	-0.534389949334741	6.658131898758738e-05
-999.0	965.0	-1.2467303811553614e-05	1.446197061704027e-08	-3.4451190415355564	-0.93737359903755	0.00011121945702999544
-999.0	940.0	-9.528547034354244e-06	7.003064534660784e-09	-4.141912682188849	-1.2445637496809416	0.0003399538198619116
-999.0	915.0	-6.603798335572136e-06	-5.952581641582436e-09	-4.7297763349833	-1.5260265367450825	0.0011263941088604011
-999.0	890.0	-4.366844353063868e-06	-1.923574005357053e-08	-5.282534270374827	-1.7661946178586694	0.0023469954091290546
-999.0	865.0	-3.4188529919200517e-06	-2.979964846428846e-08	-5.801489728468396	-1.897555144296784	0.0037049127505525484
-999.0	840.0	-2.9314389603738205e-06	-3.571060862152026e-08	-6.231381120505112	-1.9201763346791616	0.00489500363000607
-999.0	815.0	-2.7205153711442997e-06	-3.584965319495204e-08	-6.521082606580473	-1.863534388442869	0.005725809070414177
-999.0	790.0	-2.665280646151061e-06	-3.3100454906602185e-08	-6.670663524556984	-1.7375528787573504	0.006158687091195747
-999.0	765.0	-3.6052047033559495e-06	-2.8243504380547765e-08	-6.698708832263878	-1.575560704425556	0.006218560332594873
-999.0	740.0	-5.741212782910445e-06	-2.2705451597568323e-08	-6.585038589106594	-1.3973186488470464	0.005948582589600003
-999.0	715.0	-8.706462707508963e-06	-1.7370745626377515e-08	-6.352612036245768	-1.2108542461086313	0.005421758659775245
-999.0	690.0	-1.0981187205225599e-05	-1.3462874927958241e-08	-6.0537229566661725	-1.00725648214144	0.004696070289202502
-999.0	665.0	-1.2199075556257278e-05	-1.111814154645632e-08	-5.689493332748	-0.7820580950765634	0.0038072863803620327
-999.0	640.0	-1.2138308757205839e-05	-9.563482649036728e-09	-5.368821665092702	-0.5567965179819633	0.0027444745642186915
-999.0	615.0	-1.0842334463763977e-05	-9.065055145070752e-09	-5.132985996841245	-0.3394785931816687	0.0014343442409031316
-999.0	590.0	-9.27196123825151e-06	-7.936258666650528e-09	-5.018642336664767	-0.15168814393863214	-0.00016427472089731838
-999.0	565.0	-7.747600186586534e-06	-6.431038765398842e-09	-5.059504924997398	-0.007313116074155579	-0.0020231727374578766
-999.0	540.0	-6.879450976222092e-06	-4.890120598183483e-09	-5.2129855439998165	0.09143655885148798	-0.004059545638936207
-999.0	515.0	-6.918342167957319e-06	-2.9387507261777073e-09	-5.467635027512356	0.13165423191255235	-0.006125670534489085
-999.0	490.0	-7.228736388172481e-06	-1.4730528039352622e-09	-5.699171948764061	0.10772987648291651	-0.007982904758565057
-999.0	465.0	-7.404889427548229e-06	-5.967096746452053e-10	-5.8642544415951825	0.017822462306517836	-0.009314580258108319
-999.0	440.0	-7.346997195865529e-06	-7.240851118694218e-10	-5.963030031709745	-0.08606605452520694	-0.009910224425557576
-999.0	415.0	-7.311197681882519e-06	-1.3099613656009892e-09	-5.984518834700161	-0.1554539432680146	-0.009759652368130598
-999.0	390.0	-7.206538424793716e-06	-1.4416505602243042e-09	-5.929962607997401	-0.07530126396427143	-0.008984486675294558
-999.0	365.0	-6.469102952929201e-06	-1.0362107830348798e-09	-5.78423105925318	0.21927415572661663	-0.007830622877450231
-999.0	340.0	-4.663058418164295e-06	-2.626041623818322e-10	-5.529671007180899	0.7268884554505746	-0.006659170006097774
-999.0	315.0	-2.6373626374925508e-06	3.4152247744975276e-10	-5.196995700399057	1.3945167477726008	-0.00589637725729515
-999.0	290.0	-1.5141521052341551e-06	6.845961341937635e-10	-4.92400538700597	2.0187953241445866	-0.005899602321535364
-999.0	265.0	-9.187529679897779e-07	8.216009192155319e-10	-4.7542348796570755	2.505737484329323	-0.006812079007103812
-999.0	240.0	-6.748775620078846e-08	6.87973889499618e-10	-4.546937749893595	2.832374855324122	-0.008425777189429256
-999.0	215.0	5.907032252171258e-07	4.387649285700233e-10	-3.961786277868167	2.8267280360063456	-0.010038440844033072
-999.0	190.0	2.5048800585988157e-07	2.5406499193384534e-10	-2.621143522086024	2.2517180711859393	-0.010603376458706938
-999.0	165.0	-1.4002647642778984e-06	1.1509803310259622e-10	-0.6283459519899192	1.0723832729790463	-0.009244783044203819
-999.0	140.0	-1.8773240386035116e-06	1.4767551450404593e-11	1.0105152268099804	-0.06380560883766606	-0.00537993175045938
-999.0	115.0	-2.427292516294665e-06	4.647277410559856e-12	2.252596904834034	-0.31333288136455656	-0.0014666916977831405
-999.0	90.0	-3.717626241871344e-07	2.3955304720400273e-12	4.592437441150306	-0.058547732040843015	-2.5370200490956115e-07
-999.0	65.0	-1.7327550844649235e-06	0.0	2.076606709682563	0.04787026497500213	0.0
-999.0	40.0	-2.139464939116836e-06	0.0	-8.61433271235886	-0.1207735589532889	0.0
-999.0	15.0	-5.568042359173325e-06	0.0	-17.356661851483313	-0.17961204100261838	0.0
244.94444444444446	40	1002.9446309407554	day	levels	pres0
-999.0	990.0	-8.085329383093982e-06	1.4671240500874749e-08	-2.2134421826512822	-0.5020924416128988	0.00010070087396954452
-999.0	965.0	-1.1711794421423339e-05	1.5827144783349602e-08	-3.478462960985005	-0.9153595999814348	0.00021013950576524845
-999.0	940.0	-8.356060765428136e-06	7.954949234975078e-09	-4.1792206532425675	-1.2199585555741932	0.0005264571266224516
-999.0	915.0	-5.46051169661234e-06	-5.573346566707265e-09	-4.768321243701189	-1.4965156468528003	0.0014242851942908728
-999.0	890.0	-3.0171588063709767e-06	-1.9512914823954982e-08	-5.327656598002857	-1.7360244928686406	0.0027613162672683236
-999.0	865.0	-1.7436839464787497e-06	-3.085074263242642e-08	-5.852762780807675	-1.8677875532043986	0.004234961943498884
-999.0	840.0	-1.1873996609123717e-06	-3.7325169958670066e-08	-6.2883322216846755	-1.8902009179194423	0.00553266689586441
-999.0	815.0	-1.1165335500378996e-06	-3.7562489831043635e-08	-6.585104935699089	-1.8345339743730573	0.006449214048119614
-999.0	790.0	-1.3474953277487107e-06	-3.453932350900131e-08	-6.743961484343975	-1.7126008073488546	0.006935551326813278
-999.0	765.0	-2.591373114328571e-06	-2.9305822552286076e-08	-6.780923744042782	-1.5580497353716862	0.007013951458190952
-999.0	740.0	-4.91104887821373e-06	-2.3450702662367523e-08	-6.6733780238364195	-1.389863822402206	0.006729640535257366
-999.0	715.0	-7.9322614948502e-06	-1.7906358434891858e-08	-6.4437887889368275	-1.2148525999100006	0.006159603656642832
-999.0	690.0	-1.0188944781976626e-05	-1.3891934970101334e-08	-6.143779527258057	-1.0225203178167592	0.00536338080599541
-999.0	665.0	-1.1322802154743399e-05	-1.1543947101274358e-08	-5.773067489818349	-0.8074264090370312	0.004376009012867931
-999.0	640.0	-1.1134277272563012e-05	-9.966153817086555e-09	-5.440813859855735	-0.5863972519076097	0.003186500416863406
-999.0	615.0	-9.677690225547115e-06	-9.435458601736625e-09	-5.18773484340424	-0.3655598276743303	0.0017229446265442276
-999.0	590.0	-7.99482391640227e-06	-8.295578751550395e-09	-5.056379472147005	-0.1717372066168971	-5.153308532145924e-05
-999.0	565.0	-6.4131596358961914e-06	-6.832836301283303e-09	-5.082027919866433	-0.019665198469608132	-0.002100817039085686
-999.0	540.0	-5.489026617197583e-06	-5.3264680330963776e-09	-5.222802073384328	0.08701810847830024	-0.004333272622615992
-999.0	515.0	-5.4569529209450735e-06	-3.349627251826963e-09	-5.468666680709077	0.1348486898673981	-0.0065927723674338344
-999.0	490.0	-5.738842055543351e-06	-1.8232733442655707e-09	-5.697994787659908	0.11725819662766392	-0.008631371421676458
-999.0	465.0	-5.950137456387257e-06	-8.401144827706152e-10	-5.868860030063882	0.031202523796659234	-0.01012405139148133
-999.0	440.0	-5.925910139501697e-06	-8.552953820779857e-10	-5.978235163898393	-0.07400433312134892	-0.010855114376394479
-999.0	415.0	-5.907753908597417e-06	-1.3522127287035224e-09	-6.013463141707108	-0.1515941192154551	-0.010812222375369995
-999.0	390.0	-5.849105504305879e-06	-1.4362837009778194e-09	-5.970843895993885	-0.08612579741965154	-0.010116634456938113
-999.0	365.0	-5.2363273147254345e-06	-9.965770958441726e-10	-5.832174561917817	0.18893616715512165	-0.009015857237031178
-999.0	340.0	-3.6327449784274834e-06	-2.2197765580358667e-10	-5.576963742850035	0.6796729813019036	-0.007877852203932795
-999.0	315.0	-1.8327267720250556e-06	3.5641958059428655e-10	-5.234608620405221	1.3365521662074755	-0.007139484649933383
-999.0	290.0	-8.855174948818646e-07	6.910914168129024e-10	-4.944782140078379	1.9560129316868133	-0.007167209915001219
-999.0	265.0	-4.2949723587100795e-07	8.30344720233234e-10	-4.7521129268463	2.442491284675022	-0.008102962194539962
-999.0	240.0	3.0044397749348064e-07	6.912553669314581e-10	-4.5170595883219145	2.7680777267173	-0.009717894427816193
-999.0	215.0	8.887826123013534e-07	4.301261839449897e-10	-3.9022220146876414	2.7606760859488904	-0.011280521409728081
-999.0	190.0	5.986205378355178e-07	2.522560670880273e-10	-2.5373306649701997	2.195935979899374	-0.01172469249780447
-999.0	165.0	-7.316288241245836e-07	1.1686240477848308e-10	-0.5321332657777965	1.0518268661366048	-0.010160570887939301
-999.0	140.0	-8.129841519165139e-07	1.5459687896851364e-11	1.1104273161403313	-0.037819053839780986	-0.005840428015412351
-999.0	115.0	-1.4444733617741004e-06	5.093918320313365e-12	2.3439912969868164	-0.26907563623454933	-0.0015059291750299502
-999.0	90.0	2.829631779264398e-07	2.5028015698334863e-12	4.644849628210109	-0.033771554077108024	-2.4215179558589987e-07
-999.0	65.0	-1.2057237319909273e-06	0.0	2.0704673778403606	0.05945929360611173	0.0
-999.0	40.0	-1.7619170076038987e-06	0.0	-8.664131858282659	-0.11652411258331569	0.0
-999.0	15.0	-5.02800033811008e-06	0.0	-17.420511447859077	-0.16701726318785837	0.0
244.95833333333334	40	1003.2386576334635	day	levels	pres0
-999.0	990.0	-7.3346546506170185e-06	1.5664435146097944e-08	-2.2154156679494386	-0.46979493389115595	0.0001348044683543371
-999.0	965.0	-1.0956285031294416e-05	1.7192318949654544e-08	-3.511806880434316	-0.8933456009254029	0.00030904611305555265
-999.0	940.0	-7.183574496504787e-06	8.906833935286948e-09	-4.216528624296153	-1.1953533614675422	0.0007129544795607698
-999.0	915.0	-4.317225057655563e-06	-5.194111491832375e-09	-4.806866152418951	-1.4670047569606324	0.0017221651213692028
-999.0	890.0	-1.6674732596819867e-06	-1.979008959433776e-08	-5.3727789256307386	-1.7058543678787323	0.003175602626612788
-999.0	865.0	-6.851490104236754e-08	-3.1901836800560283e-08	-5.904035833146782	-1.83801996211214	0.004764965357152833
-999.0	840.0	5.566396385437783e-07	-3.8939731295813975e-08	-6.345283322864048	-1.8602255011598616	0.006170294946139154
-999.0	815.0	4.874482710635049e-07	-3.9275326467129006e-08	-6.64912726481749	-1.805533560303387	0.007172617825744274
-999.0	790.0	-2.971000935045575e-08	-3.597819211139534e-08	-6.8172594441307215	-1.6876487359404901	0.007712446941608268
-999.0	765.0	-1.5775415253042245e-06	-3.0368140724020876e-08	-6.863138655821409	-1.5405387663179233	0.007809385101292912
-999.0	740.0	-4.080884973519344e-06	-2.4195953727164513e-08	-6.761717458565954	-1.38240899595744	0.0075107222647867265
-999.0	715.0	-7.158060282193517e-06	-1.8441971243404825e-08	-6.534965541627598	-1.2188509537114078	0.006897436317458456
-999.0	690.0	-9.396702358729742e-06	-1.43209950122435e-08	-6.23383609784967	-1.037784153492078	0.006030649096703421
-999.0	665.0	-1.044652875323189e-05	-1.1969752656091456e-08	-5.856641646888459	-0.8327947229974586	0.004944672135907341
-999.0	640.0	-1.0130245787923017e-05	-1.0368824985135434e-08	-5.5128060546185695	-0.6159979858331911	0.0036284612864800956
-999.0	615.0	-8.51304598733368e-06	-9.805862058401518e-09	-5.242483689967087	-0.39164106216692346	0.002011489738033404
-999.0	590.0	-6.717686594556917e-06	-8.65489883644918e-09	-5.094116607629146	-0.1917862692951019	6.118325300013812e-05
-999.0	565.0	-5.0787190852100335e-06	-7.234633837166381e-09	-5.10455091473541	-0.03201728086502101	-0.0021784428968564286
-999.0	540.0	-4.098602258177556e-06	-5.762815468007694e-09	-5.232618602768822	0.08259965810512666	-0.004606939163125871
-999.0	515.0	-3.99556367393766e-06	-3.760503777474726e-09	-5.469698333905805	0.1380431478222296	-0.007059792501617192
-999.0	490.0	-4.248947722919279e-06	-2.173493884594638e-09	-5.696817626555767	0.12678651677237604	-0.009279747486795576
-999.0	465.0	-4.495385485231346e-06	-1.0835192908952244e-09	-5.873465618532563	0.04458258528675701	-0.010933419155972856
-999.0	440.0	-4.5048230831428526e-06	-9.865056522861246e-10	-5.993440296086981	-0.061942611717522356	-0.011799880706346069
-999.0	415.0	-4.504310135317162e-06	-1.3944640918058854e-09	-6.042407448713936	-0.1477342951628915	-0.011864637710803871
-999.0	390.0	-4.4916725838225815e-06	-1.4309168417313749e-09	-6.0117251839902055	-0.09695033087497916	-0.011248588705345767
-999.0	365.0	-4.00355167652567e-06	-9.56943408653667e-10	-5.880118064582273	0.15859817858373224	-0.01020085786744229
-999.0	340.0	-2.6024315386939945e-06	-1.8135114922551338e-10	-5.624256478518997	0.6324575071533788	-0.009096278633229128
-999.0	315.0	-1.0280909065601658e-06	3.713166837387903e-10	-5.272221540411244	1.2785875846425194	-0.008382340457807514
-999.0	290.0	-2.5688288453163556e-07	6.975866994320441e-10	-4.965558893150698	1.893230539229219	-0.00843459106748374
-999.0	265.0	5.97584962460528e-08	8.390885212509347e-10	-4.7499909740354935	2.3792450850209024	-0.009393672360935294
-999.0	240.0	6.683757111863169e-07	6.945368443633116e-10	-4.487181426750283	2.7037805981106726	-0.011009945050041667
-999.0	215.0	1.1868619993843454e-06	4.2148743931997764e-10	-3.8426577515072573	2.6946241358916523	-0.012522699637228737
-999.0	190.0	9.467530698098354e-07	2.5044714224221835e-10	-2.453517807854599	2.140153888613032	-0.012846268850960562
-999.0	165.0	-6.299288397327875e-08	1.1862677645436776e-10	-0.43592057956595864	1.031270459294335	-0.011076682773591525
-999.0	140.0	2.513557347678973e-07	1.615182434329693e-11	1.2103394054703536	-0.011832498841832406	-0.006301061396581102
-999.0	115.0	-4.616542072559799e-07	5.540559230065851e-12	2.4353856891392933	-0.22481839110456087	-0.0015451658751109189
-999.0	90.0	9.376889800384184e-07	2.6100726676265317e-12	4.697261815269741	-0.008995376113386855	-2.3060502872952207e-07
-999.0	65.0	-6.786923795183973e-07	0.0	2.064328045998179	0.0710483222372025	0.0
-999.0	40.0	-1.3843690760919252e-06	0.0	-8.713931004206303	-0.11227466621331471	0.0
-999.0	15.0	-4.4879583170478814e-06	0.0	-17.48436104423465	-0.15442248537308373	0.0
244.97222222222223	40	1003.5326843261719	day	levels	pres0
-999.0	990.0	-6.583979918138312e-06	1.6657629791324706e-08	-2.217389153247634	-0.4374974261693219	0.00016889210132379475
-999.0	965.0	-1.0200775641163948e-05	1.855749311596359e-08	-3.5451507998837526	-0.8713316018693	0.0004079392785761987
-999.0	940.0	-6.011088227578682e-06	9.858718635600894e-09	-4.253836595349857	-1.170748167360806	0.0008994458787042471
-999.0	915.0	-3.1739384186959037e-06	-4.814876416957257e-09	-4.8454110611368275	-1.437493867068361	0.002020033889567009
-999.0	890.0	-3.177877129893178e-07	-2.0067264364722102e-08	-5.4179012532587585	-1.6756842428887144	0.003589854486425284
-999.0	865.0	1.6066541443987847e-06	-3.295293096869801e-08	-5.955308885486058	-1.8082523710197687	0.005294922990442268
-999.0	840.0	2.300678938005124e-06	-4.055429263296326e-08	-6.402234424043606	-1.8302500844001581	0.006807887778512793
-999.0	815.0	2.0914300921697394e-06	-4.0988163103219996e-08	-6.713149593936098	-1.7765331462335898	0.007896020398728047
-999.0	790.0	1.288075309051809e-06	-3.7417060713794085e-08	-6.890557403917696	-1.6626966645320091	0.00848937392926776
-999.0	765.0	-5.637099362768278e-07	-3.143045889575905e-08	-6.945353567600285	-1.523027797264068	0.008604861256239245
-999.0	740.0	-3.2507210688225895e-06	-2.494120479196361e-08	-6.85005689329575	-1.3749541695126144	0.00829182777560002
-999.0	715.0	-6.383859069534779e-06	-1.8977584051918967e-08	-6.626142294318626	-1.2228493075127915	0.007635256642064701
-999.0	690.0	-8.604459935480876e-06	-1.4750055054386315e-08	-6.323892668441528	-1.0530479891674125	0.006697875161524388
-999.0	665.0	-9.570255351718208e-06	-1.2395558210909171e-08	-5.940215803958785	-0.8581630369579409	0.005513275749684241
-999.0	640.0	-9.126214303280454e-06	-1.0771496153185004e-08	-5.584798249381588	-0.6455987197588521	0.004070357173137219
-999.0	615.0	-7.348401749117119e-06	-1.0176265515067303e-08	-5.297232536530074	-0.41772229665960003	0.002299979575219404
-999.0	590.0	-5.440549272707994e-06	-9.014218921349061e-09	-5.1318537431113835	-0.21183533197338278	0.0001738742939075384
-999.0	565.0	-3.744278534520013e-06	-7.636431373050897e-09	-5.127073909604446	-0.044369363260491665	-0.00225605031058905
-999.0	540.0	-2.708177899153373e-06	-6.199162902920668e-09	-5.242435132153333	0.07818120773191906	-0.004880545259722395
-999.0	515.0	-2.534174426925727e-06	-4.171380303124077e-09	-5.470729987102524	0.1412376057770549	-0.007526730935993715
-999.0	490.0	-2.759053390290435e-06	-2.523714424925061e-09	-5.695640465451607	0.13631483691710528	-0.009928032952708115
-999.0	465.0	-3.040633514070628e-06	-1.3269240990207547e-09	-5.878071207001253	0.05796264677688542	-0.011742683550141422
-999.0	440.0	-3.0837360267792354e-06	-1.1177159224947968e-09	-6.008645428275623	-0.04988089031366841	-0.012744523413812988
-999.0	415.0	-3.1008663620322237e-06	-1.4367154549085137e-09	-6.071351755720883	-0.1438744711103241	-0.012916898372760919
-999.0	390.0	-3.1342396633348706e-06	-1.425549982484984e-09	-6.052606471986696	-0.10777486433033992	-0.012380349418932114
-999.0	365.0	-2.7707760383220274e-06	-9.173097214630277e-10	-5.92806156724693	0.12826019001226568	-0.01138562476738557
-999.0	340.0	-1.5721180989573323e-06	-1.407246426473053e-10	-5.671549214188163	0.5852420330047405	-0.010314449292798622
-999.0	315.0	-2.234550410928323e-07	3.862137868833088e-10	-5.3098344604174414	1.2206230030774265	-0.009624944679678223
-999.0	290.0	3.7175172582050815e-07	7.040819820511746e-10	-4.986335646223145	1.8304481467714744	-0.00970174577797446
-999.0	265.0	5.490142283646825e-07	8.478323222686272e-10	-4.747869021224752	2.3159988853666245	-0.01068420950567329
-999.0	240.0	1.0363074448804258e-06	6.978183217951377e-10	-4.457303265178632	2.63948346950387	-0.012301929055921222
-999.0	215.0	1.4849413864683575e-06	4.1284869469492556e-10	-3.7830934883267546	2.628572185834221	-0.013764975526703057
-999.0	190.0	1.2948856017852311e-06	2.486382173963928e-10	-2.3697049507388033	2.084371797326511	-0.013968105518392736
-999.0	165.0	6.056430561799539e-07	1.203911481302524e-10	-0.33970789335388263	1.0107140524519604	-0.011993118701265954
-999.0	140.0	1.3156956214549038e-06	1.6843960789743712e-11	1.3102514948006432	0.014154056156114647	-0.006761831893982816
-999.0	115.0	5.211649472644526e-07	5.987200139819527e-12	2.5267800812920287	-0.18056114597452805	-0.0015844017980265496
-999.0	90.0	1.5924147821518504e-06	2.717343765419963e-12	4.749674002329527	0.015780801850340587	-2.1906170434115225e-07
-999.0	65.0	-1.5166102704446355e-07	0.0	2.058188714155991	0.08263735086829861	0.0
-999.0	40.0	-1.0068211445790507e-06	0.0	-8.763730150130081	-0.10802521984334276	0.0
-999.0	15.0	-3.9479162959847735e-06	0.0	-17.5482106406104	-0.14182770755831642	0.0
244.98611111111111	40	1003.8267110188798	day	levels	pres0
-999.0	990.0	-5.833305185661266e-06	1.7650824436547944e-08	-2.219362638545787	-0.4051999184475806	0.00020296377205949168
-999.0	965.0	-9.44526625103495e-06	1.9922667282268646e-08	-3.5784947193330634	-0.8493176028132723	0.0005068190020014889
-999.0	940.0	-4.838601958655265e-06	1.0810603335912914e-08	-4.291144566403444	-1.1461429732541601	0.0010859313240782124
-999.0	915.0	-2.030651779739089e-06	-4.435641342082215e-09	-4.88395596985459	-1.4079829771761974	0.002317891498352388
-999.0	890.0	1.0318978336997313e-06	-2.0344439135104774e-08	-5.463023580886642	-1.645514117898811	0.004004071845963616
-999.0	865.0	3.2818231898352755e-06	-3.400402513683181e-08	-6.006581937825169	-1.7784847799275152	0.005824834842288589
-999.0	840.0	4.0447182374613886e-06	-4.2168853970107134e-08	-6.459185525222982	-1.8002746676405823	0.007445445390659947
-999.0	815.0	3.695411913271252e-06	-4.2700999739305354e-08	-6.777171923054502	-1.747532732163925	0.008619421762501774
-999.0	790.0	2.6058606274501712e-06	-3.885592931618814e-08	-6.963855363704443	-1.6377445931236498	0.009266332283469061
-999.0	765.0	4.5012165274762677e-07	-3.2492777067493905e-08	-7.027568479378914	-1.5055168282103104	0.009400379917358866
-999.0	740.0	-2.4205571641280974e-06	-2.5686455856760663e-08	-6.938396328025288	-1.3674993430678535	0.00907295706510046
-999.0	715.0	-5.60965785687799e-06	-1.9513196860431983e-08	-6.7173190470094	-1.2268476613142043	0.00837306463029638
-999.0	690.0	-7.81221751223389e-06	-1.517911509652852e-08	-6.413949239033143	-1.0683118248427368	0.0073650590006495015
-999.0	665.0	-8.693981950206608e-06	-1.2821363765726297e-08	-6.023789961028898	-0.8835313509183739	0.006081819854397161
-999.0	640.0	-8.122182818640378e-06	-1.1174167321233908e-08	-5.656790444144427	-0.6751994536844386	0.004512188076899142
-999.0	615.0	-6.183757510903617e-06	-1.0546668971732215e-08	-5.351981383092927	-0.44380353115219806	0.002588414137948374
-999.0	590.0	-4.163411950862584e-06	-9.373539006247866e-09	-5.169590878593527	-0.2318843946515922	0.0002865400372398184
-999.0	565.0	-2.4098379838338057e-06	-8.038228908933985e-09	-5.149596904473428	-0.05672144565590835	-0.0023336392801018703
-999.0	540.0	-1.3177535401333034e-06	-6.635510337831988e-09	-5.252251661537829	0.0737627573587423	-0.005154090911660018
-999.0	515.0	-1.0727851799182759e-06	-4.582256828771842e-09	-5.471761640299254	0.1444320637318847	-0.007993587669514465
-999.0	490.0	-1.2691590576663291e-06	-2.8739349652541255e-09	-5.694463304347469	0.14584315706181655	-0.01057622781819509
-999.0	465.0	-1.5858815429146856e-06	-1.5703289071453573e-09	-5.882676795469936	0.07134270826698311	-0.012551844572539817
-999.0	440.0	-1.6626489704203646e-06	-1.2489261927029276e-09	-6.023850560464214	-0.037819168909841855	-0.013689042497189174
-999.0	415.0	-1.6974225887519442e-06	-1.4789668180108678e-09	-6.100296062727716	-0.1400146470577608	-0.013969004359562182
-999.0	390.0	-1.7768067428515461e-06	-1.4201831232385318e-09	-6.093487759983022	-0.11859939778566853	-0.013511916596103167
-999.0	365.0	-1.538000400122227e-06	-8.776760342725164e-10	-5.976005069911391	0.09792220144087514	-0.012570157935553612
-999.0	340.0	-5.418046592237968e-07	-1.0009813606922729e-10	-5.718841949857131	0.5380265588562144	-0.011532364181442828
-999.0	315.0	5.811808243721098e-07	4.0111089002781633e-10	-5.3474473804234695	1.1626584215124691	-0.010867297314294979
-999.0	290.0	1.0003863361707876e-06	7.105772646703193e-10	-5.007112399295467	1.7676657543138787	-0.010968674045452563
-999.0	265.0	1.0382699604817813e-06	8.565761232863307e-10	-4.745747068413947	2.2527526857125033	-0.011974573628123833
-999.0	240.0	1.404239178573287e-06	7.01099799226993e-10	-4.427425103607	2.5751863408972393	-0.013593846445255879
-999.0	215.0	1.783020773551376e-06	4.042099500699128e-10	-3.723529225146368	2.562520235776981	-0.01500734907830443
-999.0	190.0	1.6430181337596026e-06	2.4682929255058356e-10	-2.2858920936231977	2.0285897060401714	-0.015090202500304815
-999.0	165.0	1.2742789963313695e-06	1.2215551980613696e-10	-0.24349520714203976	0.9901576456097019	-0.012909878671056236
-999.0	140.0	2.380035508139485e-06	1.753609723618929e-11	1.4101635841306703	0.040140611154083405	-0.007222739507628149
-999.0	115.0	1.5039841017826942e-06	6.433841049572066e-12	2.618174473444512	-0.13630390084452138	-0.0016236369437762565
-999.0	90.0	2.2471405842639095e-06	2.824614863213019e-12	4.802086189389165	0.04055697981406914	-2.075218224202558e-07
-999.0	65.0	3.753703254281139e-07	0.0	2.052049382313812	0.09422637949939183	0.0
-999.0	40.0	-6.292732130670405e-07	0.0	-8.813529296053726	-0.10377577347334056	0.0
-999.0	15.0	-3.4078742749225075e-06	0.0	-17.61206023698597	-0.129232929743538	0.0
245.0	40	1004.1207377115885	day	levels	pres0
-999.0	990.0	-5.082630453182867e-06	1.8644019081774682e-08	-2.2213361238439875	-0.3729024107257525	0.0002370194797433978
-999.0	965.0	-8.68975686090481e-06	2.1287841448577605e-08	-3.611838638782501	-0.8273036037571728	0.0006056852830066802
-999.0	940.0	-3.6661156897295126e-06	1.1762488036226755e-08	-4.328452537457148	-1.1215377791474264	0.0012724108157099424
-999.0	915.0	-8.873651407797029e-07	-4.056406267207219e-09	-4.922500878572464	-1.3784720872839291	0.002615737947196704
-999.0	890.0	2.3815833803921666e-06	-2.062161390548917e-08	-5.508145908514658	-1.6153439929087956	0.004418254704490206
-999.0	865.0	4.956992235276158e-06	-3.5055119304969495e-08	-6.057854990164438	-1.7487171888351438	0.006354700911619089
-999.0	840.0	5.788757536922477e-06	-4.3783415307256357e-08	-6.516136626402536	-1.770299250880877	0.00808296778026212
-999.0	815.0	5.2993937343772905e-06	-4.4413836375396284e-08	-6.841194252173105	-1.7185323180941243	0.009342821912503739
-999.0	790.0	3.923645945852277e-06	-4.029479791858682e-08	-7.037153323491414	-1.6127925217151642	0.010043321997897188
-999.0	765.0	1.4639532417748814e-06	-3.355509523923198e-08	-7.109783391157786	-1.4880058591564496	0.010195941078988573
-999.0	740.0	-1.5903932594314774e-06	-2.6431706921559654e-08	-7.026735762755075	-1.3600445166230204	0.009854110130699095
-999.0	715.0	-4.835456644219382e-06	-2.0048809668946045e-08	-6.8084957997004185	-1.230846015115579	0.00911086028199558
-999.0	690.0	-7.0199750889851535e-06	-1.5608175138671264e-08	-6.504005809624989	-1.08357566051806	0.008032200614276161
-999.0	665.0	-7.817708548693056e-06	-1.324716932054394e-08	-6.107364118099212	-0.9088996648788452	0.00665030445024968
-999.0	640.0	-7.1181513339979575e-06	-1.157683848928341e-08	-5.728782638907432	-0.7048001876100899	0.004953953997833996
-999.0	615.0	-5.019113272687213e-06	-1.0917072428397932e-08	-5.406730229655901	-0.46988476564486825	0.0028767934260688368
-999.0	590.0	-2.8862746290138197e-06	-9.732859091147677e-09	-5.207328014075756	-0.25193345732986927	0.00039918048283695543
-999.0	565.0	-1.0753974331439367e-06	-8.440026444818445e-09	-5.172119899342457	-0.06907352805137629	-0.002411209805213779
-999.0	540.0	7.267081889073848e-08	-7.0718577727449064e-09	-5.2620681909223395	0.06934430698553715	-0.0054275761181951125
-999.0	515.0	3.886040670935204e-07	-4.993133354421136e-09	-5.472793293495973	0.14762652168671284	-0.008460362701133657
-999.0	490.0	2.207352749623909e-07	-3.224155505584483e-09	-5.693286143243313	0.15537147720654806	-0.011224332082041712
-999.0	465.0	-1.3112957175407147e-07	-1.813733715270819e-09	-5.887282383938631	0.08472276975711199	-0.013360902221725965
-999.0	440.0	-2.415619140568499e-07	-1.38013646291155e-09	-6.039055692652861	-0.025757447505990655	-0.014633437954874548
-999.0	415.0	-2.9397881546713166e-07	-1.5212181811134713e-09	-6.1292403697346645	-0.13615482300519946	-0.015020955669535556
-999.0	390.0	-4.1937382236399046e-07	-1.4148162639921117e-09	-6.134369047979512	-0.12942393124103552	-0.014643290235272673
-999.0	365.0	-3.0522476191873915e-07	-8.380423470818508e-10	-6.023948572576046	0.0675842128694057	-0.013754457370647582
-999.0	340.0	4.885087805127519e-07	-5.947162949100695e-11	-5.766134685526291	0.490811084707578	-0.012750023297972765
-999.0	315.0	1.3858166898393798e-06	4.1600799317233457e-10	-5.385060300429662	1.1046938399473827	-0.012109398360417706
-999.0	290.0	1.6290209465228984e-06	7.17072547289448e-10	-5.0278891523679095	1.7048833618561428	-0.012235375868908912
-999.0	265.0	1.527525692600412e-06	8.653199243040204e-10	-4.7436251156032085	2.1895064860582347	-0.013264764727669862
-999.0	240.0	1.7721709122674332e-06	7.043812766588181e-10	-4.397546942035357	2.510889212290446	-0.014885697217860754
-999.0	215.0	2.081100160635455e-06	3.9557120544486673e-10	-3.663964961965878	2.4964682857195535	-0.01624982029220053
-999.0	190.0	1.991150665735067e-06	2.4502036770475867e-10	-2.2020792365074158	1.9728076147536435	-0.016212559796914043
-999.0	165.0	1.9429149364845618e-06	1.2391989148202104e-10	-0.14728252092997218	0.9696012387673059	-0.013826962683067623
-999.0	140.0	3.444375394826272e-06	1.8228233682635763e-11	1.5100756734609602	0.06612716615200046	-0.007683784237534211
-999.0	115.0	2.4868032563029337e-06	6.88048195932559e-12	2.709568865597248	-0.09204665571451187	-0.0016628713123605864
-999.0	90.0	2.901866386377218e-06	2.93188596100646e-12	4.854498376448948	0.06533315777778631	-1.9598538296762892e-07
-999.0	65.0	9.024016779019599e-07	0.0	2.0459100504716234	0.10581540813048684	0.0
-999.0	40.0	-2.517252815542398e-07	0.0	-8.863328441977501	-0.09952632710337639	0.0
-999.0	15.0	-2.8678322538595503e-06	0.0	-17.675909833361704	-0.11663815192878245	0.0
245.01388888888889	40	1004.2338126853662	day	levels	pres0
-999.0	990.0	-4.864664787355282e-06	1.7820144816656886e-08	-2.2024337676939236	-0.37876584574028166	0.00024242594387833828
-999.0	965.0	-8.605867341627542e-06	2.0517979975148535e-08	-3.6153570670219723	-0.8373913683549014	0.0006070944064560949
-999.0	940.0	-3.864019851673069e-06	1.117901508369331e-08	-4.3575415098004395	-1.14320414492653	0.0012436449733951131
-999.0	915.0	-1.3792977006978755e-06	-3.904675073282582e-09	-4.96639019306058	-1.4120175614953092	0.0025221495568107355
-999.0	890.0	1.6043985879561101e-06	-1.946935117931606e-08	-5.558192556654976	-1.6579115363182981	0.004246783559473835
-999.0	865.0	3.926550000311273e-06	-3.293782613353596e-08	-6.11245073212521	-1.799959229098451	0.006109912933346614
-999.0	840.0	4.798193886652841e-06	-4.133859603847988e-08	-6.575835336137755	-1.827939918747692	0.007780944291984573
-999.0	815.0	4.638441769576009e-06	-4.260936359359194e-08	-6.905061183152445	-1.7792585385894792	0.00900466641621778
-999.0	790.0	3.5906446890574803e-06	-3.9202777760814955e-08	-7.100109069435761	-1.6742559425809245	0.00968871779732285
-999.0	765.0	1.3856236446109127e-06	-3.292459686269433e-08	-7.165563203670432	-1.5470435114715821	0.00984346356402349
-999.0	740.0	-1.4895138796897423e-06	-2.59984526404753e-08	-7.069306901207737	-1.414693604551154	0.00952294077002349
-999.0	715.0	-4.593445591287259e-06	-1.9686049105045162e-08	-6.834383218376768	-1.2804100883228102	0.008819536963082257
-999.0	690.0	-6.6598566115347546e-06	-1.5310817038823787e-08	-6.513063953982483	-1.1269729503051225	0.007798703705119296
-999.0	665.0	-7.3562159179992516e-06	-1.3002058164335868e-08	-6.100371897220618	-0.9445243130127748	0.006492696147903547
-999.0	640.0	-6.5791774363875755e-06	-1.1375649784760039e-08	-5.709885388060847	-0.7304204792060311	0.004891457350629177
-999.0	615.0	-4.425328426108369e-06	-1.0765869406491262e-08	-5.3822111175567935	-0.4831123031261867	0.002930463428713377
-999.0	590.0	-2.2860230777861867e-06	-9.653249552133929e-09	-5.184426292777058	-0.25423016661294057	0.0005886903662094857
-999.0	565.0	-5.200930244432846e-07	-8.428246846399393e-09	-5.159296993856091	-0.06299279416323256	-0.002072931700178474
-999.0	540.0	5.639699628340051e-07	-7.095694828298371e-09	-5.262363483508462	0.0821242879998752	-0.004936816149000823
-999.0	515.0	7.957286477368639e-07	-5.04067955598987e-09	-5.486741530674531	0.16451673423528335	-0.007823621581388728
-999.0	490.0	5.679341740219082e-07	-3.3085895922617274e-09	-5.713630283320462	0.17034796073482122	-0.010463548159550685
-999.0	465.0	2.0127703479813517e-07	-1.9576170370596258e-09	-5.903678969100737	0.09009803455598858	-0.012518087859575464
-999.0	440.0	9.699893249179187e-08	-1.5646409961480068e-09	-6.04468053027441	-0.03486265414568661	-0.013764402183055073
-999.0	415.0	8.472425965218456e-08	-1.6950115459922028e-09	-6.1190418057419915	-0.16202037064017255	-0.014183260529597569
-999.0	390.0	8.302583376481471e-08	-1.575659035728234e-09	-6.1093020201833195	-0.165572067101848	-0.013886162549989445
-999.0	365.0	3.7302923247052386e-07	-1.003110161315559e-09	-5.986590611782874	0.03127826846853919	-0.013109087970509338
-999.0	340.0	1.2414861930861071e-06	-2.1356112109506979e-10	-5.716291198713879	0.46224206306585525	-0.012224134307907893
-999.0	315.0	2.0944604596491557e-06	2.898421373600202e-10	-5.321627119073118	1.0894831010588222	-0.011684932209557646
-999.0	290.0	2.283816488839912e-06	6.250610382161255e-10	-4.950736625878845	1.7029434105863632	-0.011864012328095414
-999.0	265.0	2.1520017578231706e-06	8.020831936482821e-10	-4.653026058166051	2.198831889226422	-0.012866474836606403
-999.0	240.0	2.405213628304108e-06	6.536448173193381e-10	-4.293238672945163	2.5314043925867744	-0.01436614263636847
-999.0	215.0	2.7667170223055754e-06	3.5933214348912305e-10	-3.543928064129893	2.5261655968648364	-0.015553089511004235
-999.0	190.0	2.7115727293812657e-06	2.2795690482752772e-10	-2.0655826826889383	2.004138403192741	-0.015382385795717421
-999.0	165.0	2.559447915431899e-06	1.1844441253367133e-10	-0.00863157323102326	0.9939751487087682	-0.013014105828291416
-999.0	140.0	4.0048425799193625e-06	1.7510787754235146e-11	1.6109831940245583	0.08731109400594042	-0.007203322187255842
-999.0	115.0	3.3013297004419723e-06	6.6669203222221334e-12	2.7424259042298518	-0.06454597275560708	-0.0015646929793371488
-999.0	90.0	3.8045108531048526e-06	2.790844069717127e-12	4.843891768543778	0.08052049135725653	-1.711100644975486e-07
-999.0	65.0	1.423478041730064e-06	0.0	2.0339522665297247	0.09522071480752803	0.0
-999.0	40.0	1.198949901689242e-07	0.0	-8.826489009790919	-0.12591918785540443	0.0
-999.0	15.0	-2.3337016112088133e-06	0.0	-17.6163995061759	-0.1405479223640135	0.0
245.02777777777777	40	1004.3468876591436	day	levels	pres0
-999.0	990.0	-4.646699121528645e-06	1.6996270551542035e-08	-2.183531411544054	-0.38462928075481423	0.0002478314324457887
-999.0	965.0	-8.521977822352035e-06	1.974811850172217e-08	-3.618875495261622	-0.8474791329526524	0.000608503615478293
-999.0	940.0	-4.0619240136177375e-06	1.0595542131161597e-08	-4.386630482143821	-1.16487051070564	0.0012148760861113712
-999.0	915.0	-1.8712302606165018e-06	-3.75294387935809e-09	-5.010279507548709	-1.4455630357066704	0.0024285606139121045
-999.0	890.0	8.272137955204522e-07	-1.831708845314564e-08	-5.608239204795257	-1.7004790797277596	0.004075333434818092
-999.0	865.0	2.89610776534798e-06	-3.08205329621083e-08	-6.167046474085895	-1.8512012693616888	0.005865177469698158
-999.0	840.0	3.8076302363854527e-06	-3.889377676971068e-08	-6.635534045872843	-1.885580586614409	0.007479000024644448
-999.0	815.0	3.9774898047764254e-06	-4.080489081179293e-08	-6.9689281141316215	-1.8399847590847187	0.00866660410775334
-999.0	790.0	3.2576434322635915e-06	-3.811075760304609e-08	-7.16306481537993	-1.7357193634465666	0.009334208967456107
-999.0	765.0	1.3072940474472167e-06	-3.22940984861583e-08	-7.221343016182913	-1.6060811637866081	0.009491076384787306
-999.0	740.0	-1.3886344999481562e-06	-2.5565198359392193e-08	-7.111878039660261	-1.4693426924791992	0.009191848803709225
-999.0	715.0	-4.3514345383556066e-06	-1.9323288541145533e-08	-6.860270637053018	-1.3299741615299696	0.008528272043833544
-999.0	690.0	-6.299738134085167e-06	-1.501345893897755e-08	-6.522122098339922	-1.1703702400921299	0.007565246083719883
-999.0	665.0	-6.8947232873065875e-06	-1.2756947008129085e-08	-6.093379676342011	-0.9801489611466654	0.006335109641639193
-999.0	640.0	-6.040203538778597e-06	-1.1174461080237892e-08	-5.690988137214275	-0.7560407708019528	0.0048289677898180105
-999.0	615.0	-3.8315435795311204e-06	-1.0614666384585558e-08	-5.3576920054577055	-0.49633984060750985	0.002984128249718745
-999.0	590.0	-1.685771526560151e-06	-9.57364001312081e-09	-5.161524571478368	-0.25652687589603673	0.0007781824423874244
-999.0	565.0	3.521138425597647e-08	-8.416467247980657e-09	-5.146474088369692	-0.05691206027512696	-0.0017346907878152185
-999.0	540.0	1.0552691067761319e-06	-7.119531883852015e-09	-5.262658776094505	0.09490426901416758	-0.004446117420824696
-999.0	515.0	1.2028532283793277e-06	-5.088225757558713e-09	-5.500689767852962	0.1814069467838078	-0.007186965736049499
-999.0	490.0	9.151330730807859e-07	-3.3930236789389785e-09	-5.733974423397451	0.1853244442630627	-0.009702869696494427
-999.0	465.0	5.336836413498629e-07	-2.1015003588482993e-09	-5.920075554262693	0.09547329935486482	-0.011675391309466326
-999.0	440.0	4.3555977903997255e-07	-1.7491455293842243e-09	-6.05030536789584	-0.04396786078534175	-0.012895487084663516
-999.0	415.0	4.634273347708249e-07	-1.8688049108707153e-09	-6.108843241749261	-0.18788591827505963	-0.013345678146621893
-999.0	390.0	5.85425489892398e-07	-1.7365018074641092e-09	-6.084234992387125	-0.2017202029625378	-0.013129127889729194
-999.0	365.0	1.0512832268579388e-06	-1.1681779755489549e-09	-5.949232650989749	-0.005027675932184013	-0.012463784550724577
-999.0	340.0	1.994463605657407e-06	-3.6765061269882026e-10	-5.666447711901553	0.43367304142428303	-0.011698287706830854
-999.0	315.0	2.8031042294569826e-06	1.6367628154798453e-10	-5.258193937716686	1.0742723621704076	-0.011260489838737276
-999.0	290.0	2.9386120311550767e-06	5.330495291430387e-10	-4.873584099389918	1.7010034593167187	-0.011492654684552926
-999.0	265.0	2.776477823044203e-06	7.388464629927251e-10	-4.562427000729055	2.2081572923947275	-0.012468170279210164
-999.0	240.0	3.0382563443392196e-06	6.029083579799794e-10	-4.188930403855148	2.55191957288318	-0.013846556628197162
-999.0	215.0	3.452333883974284e-06	3.2309308153345605e-10	-3.423891166294102	2.5558629080101243	-0.014856350773031624
-999.0	190.0	3.4319947930260945e-06	2.108934419503374e-10	-1.9290861288706895	2.035469191631779	-0.014552295616475443
-999.0	165.0	3.1759808943776476e-06	1.1296893358533383e-10	0.13001937446766532	1.0183490586501522	-0.012201401584752847
-999.0	140.0	4.5653097650106335e-06	1.679334182583523e-11	1.7118907145879583	0.10849502185979773	-0.006722937802972625
-999.0	115.0	4.115856144578876e-06	6.453358685118707e-12	2.7752829428624155	-0.03704528979682303	-0.0014665164086935382
-999.0	90.0	4.707155319830115e-06	2.649802178428179e-12	4.833285160638676	0.09570782493661209	-1.4623006729029573e-07
-999.0	65.0	1.9445544055569166e-06	0.0	2.0219944825878926	0.08462602148453977	0.0
-999.0	40.0	4.915152618913158e-07	0.0	-8.789649577604411	-0.15231204860738878	0.0
-999.0	15.0	-1.7995709685587502e-06	0.0	-17.55688917899024	-0.16445769279917866	0.0
245.04166666666666	40	1004.459962632921	day	levels	pres0
-999.0	990.0	-4.428733455701001e-06	1.6172396286424226e-08	-2.164629055393998	-0.3904927157693385	0.00025323594541147007
-999.0	965.0	-8.438088303074725e-06	1.897825702829306e-08	-3.622393923501109	-0.8575668975503755	0.000609912910074466
-999.0	940.0	-4.259828175561293e-06	1.0012069178628081e-08	-4.415719454487128	-1.186536876484741	0.0011861041538820916
-999.0	915.0	-2.363162820534728e-06	-3.601212685433441e-09	-5.0541688220368375	-1.4791085099180525	0.0023349711185704216
-999.0	890.0	5.0029003084318545e-08	-1.7164825726972405e-08	-5.658285852935586	-1.743046623137269	0.0039039043302049373
-999.0	865.0	1.8656655303830193e-06	-2.8703239790674567e-08	-6.221642216046674	-1.9024433096250073	0.00562049451961012
-999.0	840.0	2.8170665861157507e-06	-3.644895750093403e-08	-6.6952327556080675	-1.9432212544812375	0.0071771349761553735
-999.0	815.0	3.3165378399751027e-06	-3.900041802998847e-08	-7.032795045110963	-1.9007109795800863	0.008328634984151583
-999.0	790.0	2.924642175468771e-06	-3.701873744527418e-08	-7.226020561324279	-1.7971827843123385	0.008979795505268257
-999.0	765.0	1.2289644502832502e-06	-3.166360010962064e-08	-7.2771228286955605	-1.6651188161017505	0.009138779538831562
-999.0	740.0	-1.287755120206396e-06	-2.513194407830786e-08	-7.1544491781129205	-1.5239917804073415	0.008860834230276029
-999.0	715.0	-4.109423485423447e-06	-1.896052797724467e-08	-6.88615805572937	-1.379538234737209	0.00823706552366301
-999.0	690.0	-5.939619656634725e-06	-1.4716100839130098e-08	-6.531180242697419	-1.2137675298791988	0.0073318277500081476
-999.0	665.0	-6.433230656612743e-06	-1.2511835851921047e-08	-6.08638745546342	-1.0157736092806011	0.006177544931562955
-999.0	640.0	-5.501229641168176e-06	-1.097327237571457e-08	-5.672090886367694	-0.7816610623978991	0.004766485315456731
-999.0	615.0	-3.23775873295224e-06	-1.0463463362678955e-08	-5.333172893358599	-0.5095673780888323	0.0030377878890579598
-999.0	590.0	-1.0855199753324792e-06	-9.494030474107128e-09	-5.138622850179674	-0.2588235851791105	0.0009676567113583231
-999.0	565.0	5.905157929566736e-07	-8.404687649561659e-09	-5.133651182883327	-0.05083132638698338	-0.0013964870679360865
-999.0	540.0	1.546568250719439e-06	-7.143368939405521e-09	-5.262954068680629	0.1076842500285079	-0.003955479933110295
-999.0	515.0	1.6099778090226904e-06	-5.135771959127486e-09	-5.514638005031521	0.19829715933238223	-0.0065503951641152315
-999.0	490.0	1.262331972140303e-06	-3.4774577656162686e-09	-5.754318563474598	0.2003009277913394	-0.008942296691515389
-999.0	465.0	8.660902479020594e-07	-2.24538368063718e-09	-5.936472139424796	0.10084856415374173	-0.010832812569907169
-999.0	440.0	7.741206255885798e-07	-1.9336500626207693e-09	-6.0559302055173845	-0.05307306742504217	-0.012026692658291194
-999.0	415.0	8.421304098900739e-07	-2.0425982757495317e-09	-6.098644677756583	-0.21375146591004207	-0.012508208519502299
-999.0	390.0	1.087825146021124e-06	-1.897344579200299e-09	-6.059167964590924	-0.23786833882336228	-0.012372186253761814
-999.0	365.0	1.7295372212471538e-06	-1.3332457897827123e-09	-5.911874690196569	-0.0413336203330611	-0.01181854711090538
-999.0	340.0	2.7474410182307526e-06	-5.21740104302922e-10	-5.616604225089132	0.4051040197825543	-0.011172483494580426
-999.0	315.0	3.5117479992667564e-06	3.7510425735643515e-11	-5.194760756360133	1.0590616232818495	-0.010836071247914754
-999.0	290.0	3.5934075734720777e-06	4.410380200697052e-10	-4.796431572900846	1.6990635080469487	-0.011121302938278494
-999.0	265.0	3.40095388826694e-06	6.756097323369846e-10	-4.4718279432918955	2.21748269556293	-0.012069851055476687
-999.0	240.0	3.6712990603758665e-06	5.521718986404925e-10	-4.0846221347649525	2.5724347531795213	-0.013326939193343696
-999.0	215.0	4.137950745644412e-06	2.868540195777026e-10	-3.3038542684581134	2.585560219155409	-0.014159604078282893
-999.0	190.0	4.152416856672368e-06	1.9382997907309894e-10	-1.7925895750522074	2.0667999800708654	-0.013722289259170786
-999.0	165.0	3.792513873325033e-06	1.074934546369816e-10	0.26867032216661646	1.0427229685915984	-0.0113888499524462
-999.0	140.0	5.125776950103721e-06	1.607589589743422e-11	1.8127982351515555	0.12967894971372262	-0.006242631084679594
-999.0	115.0	4.930382588717934e-06	6.239797048015135e-12	2.808139981495017	-0.009544606837932401	-0.0013683416004291306
-999.0	90.0	5.609799786557792e-06	2.5087602871388348e-12	4.822678552733504	0.11089515851606901	-1.213453913447189e-07
-999.0	65.0	2.4656307693850598e-06	0.0	2.010036698645995	0.07403132816156918	0.0
-999.0	40.0	8.63135533614515e-07	0.0	-8.752810145417827	-0.17870490935942757	0.0
-999.0	15.0	-1.2654403259079306e-06	0.0	-17.497378851804424	-0.18836746323442052	0.0
245.05555555555554	40	1004.5730376066983	day	levels	pres0
-999.0	990.0	-4.2107677898743645e-06	1.534852202130937e-08	-2.145726699244128	-0.3963561507838711	0.00025863948274069547
-999.0	965.0	-8.35419878379922e-06	1.8208395554866697e-08	-3.6259123517407588	-0.8676546621481266	0.0006113222902448716
-999.0	940.0	-4.457732337505961e-06	9.42859622609636e-09	-4.44480842683051	-1.2082032422638513	0.0011573291767296603
-999.0	915.0	-2.855095380453354e-06	-3.4494814915089505e-09	-5.098058136524967	-1.5126539841294135	0.002241381070854901
-999.0	890.0	-7.271557893513387e-07	-1.6012563000801987e-08	-5.708332501075867	-1.7856141665467307	0.0037324962453168468
-999.0	865.0	8.352232954197277e-07	-2.6585946619246915e-08	-6.276237958007361	-1.9536853498882452	0.005375864082020376
-999.0	840.0	1.826502935848364e-06	-3.4004138232164824e-08	-6.754931465343154	-2.0008619223479545	0.006875349144433225
-999.0	815.0	2.65558587517552e-06	-3.7195945248189465e-08	-7.096661976090139	-1.961437200075325	0.00799075904245643
-999.0	790.0	2.5916409186748814e-06	-3.592671728750531e-08	-7.288976307268447	-1.8586462051779795	0.008625477407733756
-999.0	765.0	1.1506348531195542e-06	-3.103310173308461e-08	-7.332902641208039	-1.7241564684167767	0.008786573023711096
-999.0	740.0	-1.1868757404648097e-06	-2.4698689797224745e-08	-7.197020316565444	-1.5786408683353874	0.00852989704824673
-999.0	715.0	-3.867412432491795e-06	-1.8597767413345038e-08	-6.912045474405621	-1.4291023079443685	0.007945917401986732
-999.0	690.0	-5.579501179185137e-06	-1.4418742739283863e-08	-6.540238387054858	-1.257164819666206	0.007098448703915886
-999.0	665.0	-5.971738025920076e-06	-1.2266724695714265e-08	-6.079395234584811	-1.0513982574144916	0.006020002017781641
-999.0	640.0	-4.962255743559198e-06	-1.0772083671192423e-08	-5.653193635521121	-0.8072813539938207	0.0047040099276008
-999.0	615.0	-2.6439738863749916e-06	-1.031226034077325e-08	-5.308653781259512	-0.5227949155701558	0.0030914423467020584
-999.0	590.0	-4.852684241064427e-07	-9.414420935094014e-09	-5.115721128880983	-0.26112029446220686	0.0011571131731066045
-999.0	565.0	1.145820201655935e-06	-8.392908051142921e-09	-5.120828277396928	-0.04475059249887779	-0.0010583205403572103
-999.0	540.0	2.0378673946615663e-06	-7.167205994959163e-09	-5.263249361266673	0.12046423104280009	-0.003464903685305877
-999.0	515.0	2.017102389665155e-06	-5.18331816069633e-09	-5.528586242209949	0.2151873718809068	-0.00591390986459024
-999.0	490.0	1.6095308711991795e-06	-3.5618918522935197e-09	-5.774662703551589	0.21527741131958084	-0.008181829143261163
-999.0	465.0	1.1984968544537867e-06	-2.3892670024258534e-09	-5.952868724586751	0.10622382895261807	-0.009990351639411513
-999.0	440.0	1.1126814721367614e-06	-2.1181545958569857e-09	-6.061555043138815	-0.062178274064697336	-0.01115801890253386
-999.0	415.0	1.2208334850087137e-06	-2.216391640628044e-09	-6.088446113763851	-0.23961701354492904	-0.011670851647136271
-999.0	390.0	1.5902248021487072e-06	-2.058187350936174e-09	-6.034100936794729	-0.27401647468405194	-0.011615337641360015
-999.0	365.0	2.4077912156345688e-06	-1.4983136040161082e-09	-5.874516729403447	-0.07763956473378433	-0.011173375650665736
-999.0	340.0	3.5004184308020535e-06	-6.758295959066719e-10	-5.5667607382768045	0.3765349981409819	-0.010646721670996529
-999.0	315.0	4.220391769074586e-06	-8.865543007639232e-11	-5.131327575003701	1.0438508843934344	-0.010411676437048965
-999.0	290.0	4.248203115787243e-06	3.490265109966187e-10	-4.71927904641192	1.6971235567773044	-0.01074995708927008
-999.0	265.0	4.025429953487972e-06	6.123730016814276e-10	-4.381228885854899	2.226808098731235	-0.0116715171654034
-999.0	240.0	4.304341776410978e-06	5.014354393011342e-10	-3.9803138656749364	2.592949933475926	-0.012807290331808645
-999.0	215.0	4.823567607313122e-06	2.506149576220356e-10	-3.1838173706223216	2.6152575303006973	-0.013462849426764355
-999.0	190.0	4.8728389203171985e-06	1.7676651619590866e-10	-1.6560930212339589	2.098130768509904	-0.012892366723794032
-999.0	165.0	4.409046852270781e-06	1.0201797568864407e-10	0.40732126986530504	1.0670968785329826	-0.01057645093137378
-999.0	140.0	5.68624413519499e-06	1.5358449969034303e-11	1.9137057557149557	0.15086287756758002	-0.005762402032376778
-999.0	115.0	5.744909032854839e-06	6.026235410911708e-12	2.8409970201275807	0.01795607612085187	-0.0012701685545445651
-999.0	90.0	6.512444253283054e-06	2.367718395849887e-12	4.812071944828402	0.12608249209542463	-9.645603666173558e-08
-999.0	65.0	2.9867071332119133e-06	0.0	1.9980789147041622	0.06343663483858097	0.0
-999.0	40.0	1.2347558053369066e-06	0.0	-8.715970713231318	-0.2050977701114119	0.0
-999.0	15.0	-7.313096832578672e-07	0.0	-17.437868524618764	-0.21227723366958567	0.0
245.06944444444446	40	1004.6861125804762	day	levels	pres0
-999.0	990.0	-3.992802124046754e-06	1.452464775619159e-08	-2.126824343094084	-0.40221958579840805	0.0002640420443991878
-999.0	965.0	-8.27030926452228e-06	1.7438534081437743e-08	-3.629430779980261	-0.877742426745873	0.0006127317559906895
-999.0	940.0	-4.65563649944993e-06	8.845123273563086e-09	-4.473897399173837	-1.2298696080429774	0.0011285511546774297
-999.0	915.0	-3.3470279403719745e-06	-3.2977502975838586e-09	-5.141947451013115	-1.5461994583408187	0.0021477904708351297
-999.0	890.0	-1.5043405817877774e-06	-1.4860300274628147e-08	-5.758379149216211	-1.82818170995626	0.003561109179835712
-999.0	865.0	-1.9521893954540053e-07	-2.4468653447812506e-08	-6.330833699968154	-2.0049273901515807	0.005131286155865167
-999.0	840.0	8.359392855786277e-07	-3.155931896338737e-08	-6.814630175078393	-2.058502590214797	0.006573642527391295
-999.0	815.0	1.994633910374192e-06	-3.539147246638426e-08	-7.160528907069499	-2.0221634205707044	0.007652976279708453
-999.0	790.0	2.258639661880069e-06	-3.483469712973283e-08	-7.3519320532128125	-1.9201096260437598	0.008271254671823306
-999.0	765.0	1.072305255955596e-06	-3.040260335654657e-08	-7.3886824537207	-1.783194120731923	0.008434456836977083
-999.0	740.0	-1.0859963607230339e-06	-2.4265435516140187e-08	-7.239591455018112	-1.6332899562635306	0.008199037256140946
-999.0	715.0	-3.6254013795595873e-06	-1.823500684944405e-08	-6.937932893081969	-1.4786663811516054	0.007654827678218323
-999.0	690.0	-5.219382701734605e-06	-1.4121384639436406e-08	-6.549296531412344	-1.3005621094532713	0.006865108945373409
-999.0	665.0	-5.5102453952261025e-06	-1.2021613539506349e-08	-6.072403013706204	-1.087022905548422	0.005862480900401713
-999.0	640.0	-4.4232818459486335e-06	-1.0570894966669266e-08	-5.6342963846745215	-0.8329016455897612	0.004641541626306628
-999.0	615.0	-2.050189039795984e-06	-1.016105731886677e-08	-5.28413466916039	-0.5360224530514718	0.0031450916226243076
-999.0	590.0	1.1498312712132297e-07	-9.334811396080413e-09	-5.092819407582278	-0.2634170037452748	0.0013465518276201836
-999.0	565.0	1.7011246103566945e-06	-8.381128452723978e-09	-5.108005371910561	-0.03866985861073023	-0.000720191204890158
-999.0	540.0	2.5291665386049304e-06	-7.191043050512729e-09	-5.2635446538528	0.1332442120571432	-0.0029743886768543227
-999.0	515.0	2.4242269703085917e-06	-5.230864362265177e-09	-5.542534479388515	0.23207758442948462	-0.005277509836472932
-999.0	490.0	1.9567297702588156e-06	-3.6463259389708734e-09	-5.795006843628745	0.23025389484786274	-0.007421467050373184
-999.0	465.0	1.5309034610061687e-06	-2.53315032421476e-09	-5.969265309748861	0.11159909375150243	-0.009148008516486873
-999.0	440.0	1.4512423186856306e-06	-2.3026591290935218e-09	-6.067179880760357	-0.07128348070438953	-0.010289465815981776
-999.0	415.0	1.5995365601282913e-06	-2.390185005506834e-09	-6.0782475497711665	-0.2654825611799041	-0.010833607528416637
-999.0	390.0	2.092624458277798e-06	-2.2190301226723505e-09	-6.009033908998517	-0.310164610544868	-0.010858582051792834
-999.0	365.0	3.0860452100241604e-06	-1.663381418249889e-09	-5.83715876861025	-0.1139455091346494	-0.010528270169617038
-999.0	340.0	4.253395843375799e-06	-8.299190875108112e-10	-5.516917251464362	0.34796597649926814	-0.010121002235917387
-999.0	315.0	4.929035538884786e-06	-2.1482128588876346e-10	-5.067894393647116	1.028640145504891	-0.009987305406097644
-999.0	290.0	4.902998658104672e-06	2.5701500192326453e-10	-4.642126519922803	1.6951836055075467	-0.01037861713752438
-999.0	265.0	4.649906018711105e-06	5.491362710256812e-10	-4.29062982841768	2.2361335018994457	-0.011273168608985574
-999.0	240.0	4.937384492447982e-06	4.5069897996165455e-10	-3.876005596584674	2.613465113772279	-0.01228761004358863
-999.0	215.0	5.509184468983567e-06	2.1437589566629181e-10	-3.0637804727862625	2.644954841446002	-0.012766086818475993
-999.0	190.0	5.593260983963787e-06	1.597030533186788e-10	-1.5195964674154094	2.1294615569490203	-0.01206252801032765
-999.0	165.0	5.0255798312185345e-06	9.654249674029539e-11	0.5459722175643138	1.0914707884744637	-0.00976420452152967
-999.0	140.0	6.2467113202883955e-06	1.464100404063372e-11	2.014613276278592	0.1720468054215404	-0.005282250646059129
-999.0	115.0	6.559435476994141e-06	5.812673773808212e-12	2.8738540587601995	0.04545675907977592	-0.0011719972710392279
-999.0	90.0	7.415088720010919e-06	2.226676504560579e-12	4.80146533692323	0.14126982567489757	-7.156200324029842e-08
-999.0	65.0	3.5077834970401666e-06	0.0	1.986121130762261	0.05284194151560476	0.0
-999.0	40.0	1.6063760770602066e-06	0.0	-8.679131281044725	-0.2314906308634578	0.0
-999.0	15.0	-1.9717904060684292e-07	0.0	-17.378358197432934	-0.23618700410482615	0.0
245.08333333333334	40	1004.7991875542533	day	levels	pres0
-999.0	990.0	-3.7748364582200797e-06	1.370077349107678e-08	-2.107921986944209	-0.4080830208129371	0.00026944363035227294
-999.0	965.0	-8.186419745246672e-06	1.6668672608011436e-08	-3.632949208219903	-0.8878301913436185	0.0006141413073122062
-999.0	940.0	-4.853540661394476e-06	8.261650321031448e-09	-4.50298637151721	-1.2515359738220808	0.0010997700877478278
-999.0	915.0	-3.83896050029045e-06	-3.1460191036593147e-09	-5.185836765501237	-1.5797449325521735	0.0020541993185803666
-999.0	890.0	-2.281525374223243e-06	-1.3708037548457732e-08	-5.808425797356484	-1.8707492533657157	0.003389743133443986
-999.0	865.0	-1.2256611745084884e-06	-2.2351360276384877e-08	-6.385429441928833	-2.0561694304148137	0.004886760740082216
-999.0	840.0	-1.5462436468860903e-07	-2.9114499694618178e-08	-6.874328884813477	-2.1161432580815105	0.006272015122945051
-999.0	815.0	1.333681945574692e-06	-3.3586999684585234e-08	-7.224395838048668	-2.0828896410659397	0.007315286692950835
-999.0	790.0	1.9256384050862162e-06	-3.374267697196397e-08	-7.414887799156979	-1.981573046909396	0.007917127294510534
-999.0	765.0	9.93975658791908e-07	-2.9772104980010556e-08	-7.4444622662331765	-1.842231773046942	0.008082430976183686
-999.0	740.0	-9.85116980981457e-07	-2.383218123505709e-08	-7.282162593470634	-1.6879390441915676	0.007868254852481028
-999.0	715.0	-3.3833903266279563e-06	-1.7872246285544427e-08	-6.963820311758219	-1.5282304543587548	0.007363796351773451
-999.0	690.0	-4.859264224285042e-06	-1.3824026539590183e-08	-6.5583546757697855	-1.3439593992402687	0.006631808474312085
-999.0	665.0	-5.048752764533463e-06	-1.1776502383299591e-08	-6.065410792827599	-1.1226475536823033	0.00570498157952947
-999.0	640.0	-3.884307948339687e-06	-1.0369706262147145e-08	-5.615399133827954	-0.8585219371856752	0.004579080411629054
-999.0	615.0	-1.456404193218776e-06	-1.0009854296961097e-08	-5.259615557061309	-0.5492499905327898	0.0031987357167949718
-999.0	590.0	7.1523467834731e-07	-9.255201857067323e-09	-5.069917686283596	-0.26571371302836766	0.0015359726748824885
-999.0	565.0	2.256429019055902e-06	-8.369348854305262e-09	-5.0951824664241725	-0.03258912472262244	-0.00038209906135231445
-999.0	540.0	3.0204656825470015e-06	-7.2148801060663816e-09	-5.2638399464388534	0.14602419307143683	-0.002483934907205391
-999.0	515.0	2.8313515509509964e-06	-5.278410563834029e-09	-5.556482716566956	0.24896779697800997	-0.004641195078769313
-999.0	490.0	2.303928669317633e-06	-3.730760025648131e-09	-5.815350983705744	0.24523037837610456	-0.006661210411500862
-999.0	465.0	1.8633100675578324e-06	-2.677033646003437e-09	-5.985661894910824	0.1169743585503782	-0.008305783199648656
-999.0	440.0	1.7898031652337438e-06	-2.4871636623297377e-09	-6.072804718381796	-0.08038868734404617	-0.009421033397232537
-999.0	415.0	1.9782396352468625e-06	-2.5639783703853413e-09	-6.068048985778441	-0.2913481088147934	-0.009996476162242628
-999.0	390.0	2.5950241144053173e-06	-2.3798728944082223e-09	-5.983966881202327	-0.3463127464055609	-0.010101919484334601
-999.0	365.0	3.7642992044115235e-06	-1.828449232483282e-09	-5.799800807817128	-0.15025145353537633	-0.009883230667374728
-999.0	340.0	5.006373255947068e-06	-9.8400857911456e-10	-5.467073764652036	0.3193969548576913	-0.009595325189184151
-999.0	315.0	5.637679308692602e-06	-3.4098714170079703e-10	-5.004461212290687	1.0134294066164715	-0.009562958155020724
-999.0	290.0	5.557794200419832e-06	1.6500349285018156e-10	-4.564973993433882	1.693243654237897	-0.010007283083040209
-999.0	265.0	5.274382083932119e-06	4.858995403701299e-10	-4.200030770980692	2.245458905067745	-0.010874805386221324
-999.0	240.0	5.5704272084830405e-06	3.9996252062230285e-10	-3.771697327494669	2.633980294068676	-0.011767898328684785
-999.0	215.0	6.194801330652196e-06	1.7813683371062832e-10	-2.943743574950486	2.6746521525912814	-0.0120693162534245
-999.0	190.0	6.31368304760856e-06	1.4263959044148875e-10	-1.3830999135971793	2.16079234538805	-0.011232773118762557
-999.0	165.0	5.6421128101642925e-06	9.106701779195813e-11	0.6846231652629824	1.115844698415842	-0.00895211072291645
-999.0	140.0	6.807178505379681e-06	1.3923558112233886e-11	2.115520796841977	0.1932307332753952	-0.004802176925726742
-999.0	115.0	7.373961921130977e-06	5.59911213670482e-12	2.9067110973927552	0.07295744203855903	-0.0010738277499136957
-999.0	90.0	8.317733186736105e-06	2.085634613271653e-12	4.790858729018125	0.1564571592542538	-4.666329108126073e-08
-999.0	65.0	4.028859860866972e-06	0.0	1.9741633468204263	0.042247248192615494	0.0
-999.0	40.0	1.977996348782561e-06	0.0	-8.642291848858223	-0.2578834916154438	0.0
-999.0	15.0	3.3695160204315326e-07	0.0	-17.318847870247275	-0.26009677453999464	0.0
245.09722222222223	40	1004.912262528031	day	levels	pres0
-999.0	990.0	-3.5568707923924724e-06	1.2876899225958925e-08	-2.089019630794158	-0.413946455827465	0.0002748442405656558
-999.0	965.0	-8.102530225969465e-06	1.589881113458227e-08	-3.6364676364593973	-0.897917955941347	0.0006155509442105409
-999.0	940.0	-5.0514448233381534e-06	7.678177368497853e-09	-4.532075343860525	-1.273202339601189	0.0010709859759641188
-999.0	915.0	-4.3308930602088285e-06	-2.9942879097347182e-09	-5.229726079989373	-1.613290406763562	0.001960607614160096
-999.0	890.0	-3.058710166659568e-06	-1.2555774822284492e-08	-5.858472445496822	-1.913316796775231	0.0032183981058234172
-999.0	865.0	-2.2561034094736535e-06	-2.0234067104951117e-08	-6.440025183889619	-2.1074114706781364	0.004642287833607533
-999.0	840.0	-1.1451880149584601e-06	-2.6669680425841517e-08	-6.9340275945487075	-2.1737839259483427	0.005970466929007356
-999.0	815.0	6.727299807732856e-07	-3.178252690278079e-08	-7.288262769028016	-2.1436158615613112	0.00697769027922346
-999.0	790.0	1.5926371482913593e-06	-3.265065681419205e-08	-7.47784354510133	-2.043036467775173	0.007563095272765446
-999.0	765.0	9.156460616279342e-07	-2.914160660347288e-08	-7.500242078745828	-1.9012694253620919	0.007730495438881599
-999.0	740.0	-8.842376012396882e-07	-2.3398926953972742e-08	-7.3247337319232955	-1.7425881321197187	0.007537549835786362
-999.0	715.0	-3.1413792736957747e-06	-1.7509485721643554e-08	-6.98970773043457	-1.5777945275660037	0.0070728234220656045
-999.0	690.0	-4.499145746834576e-06	-1.352666843974272e-08	-6.56741282012728	-1.3873566890273479	0.006398547290662124
-999.0	665.0	-4.587260133839593e-06	-1.1531391227091531e-08	-6.058418571949004	-1.1582722018162481	0.0055475040552712745
-999.0	640.0	-3.3453340507292357e-06	-1.0168517557623797e-08	-5.596501882981367	-0.8841422287816293	0.00451662628362439
-999.0	615.0	-8.626193466398549e-07	-9.858651275054462e-09	-5.235096444962197	-0.5624775280141175	0.0032523746291872268
-999.0	590.0	1.3154862295750306e-06	-9.175592318053614e-09	-5.047015964984892	-0.2680104223114449	0.0017253757148813485
-999.0	565.0	2.8117334277566523e-06	-8.357569255886244e-09	-5.082359560937797	-0.026508390834481088	-4.404410955530936e-05
-999.0	540.0	3.511764826490365e-06	-7.23871716161988e-09	-5.2641352390249665	0.1588041740857759	-0.001993542375801974
-999.0	515.0	3.2384761315944176e-06	-5.325956765402793e-09	-5.570430953745505	0.26585800952658356	-0.004004965590477723
-999.0	490.0	2.6511275683772104e-06	-3.815194112325414e-09	-5.835695123782883	0.260206861904381	-0.005901059225285502
-999.0	465.0	2.1957166741100924e-06	-2.820916967792314e-09	-6.002058480072919	0.1223496233492556	-0.0074636756874041955
-999.0	440.0	2.1283640117824194e-06	-2.671668195566283e-09	-6.078429556003333	-0.08949389398374502	-0.00855272164487618
-999.0	415.0	2.35694271036618e-06	-2.7377717352641623e-09	-6.057850421785758	-0.3172136564497735	-0.009159457547506819
-999.0	390.0	3.097423770534108e-06	-2.540715666144415e-09	-5.958899853406122	-0.38246088226638214	-0.0093453499382541
-999.0	365.0	4.4425531988007895e-06	-1.993517046717042e-09	-5.762442847023945	-0.18655739793624954	-0.009238257143549896
-999.0	340.0	5.7593506685204455e-06	-1.1380980707186627e-09	-5.4172302778396135	0.2908279332159672	-0.009069690530634757
-999.0	315.0	6.346323078502387e-06	-4.671529975131401e-10	-4.941028030934131	0.9982186677279179	-0.009138634683775638
-999.0	290.0	6.212589742736837e-06	7.299198377684425e-11	-4.487821466944806	1.691303702968132	-0.009635954925814004
-999.0	265.0	5.898858149154875e-06	4.226628097143836e-10	-4.109431713543523	2.254784308235953	-0.01047642749710568
-999.0	240.0	6.203469924519741e-06	3.4922606128280924e-10	-3.6673890584044617	2.654495474365025	-0.011248155187093491
-999.0	215.0	6.880418192322404e-06	1.4189777175487128e-10	-2.823706677114482	2.704349463736575	-0.011372537731609629
-999.0	190.0	7.034105111254889e-06	1.255761275642501e-10	-1.2466033597786788	2.1921231338271445	-0.010403102049080971
-999.0	165.0	6.258645789111668e-06	8.559153884360564e-11	0.8232741129619534	1.1402186083572938	-0.00814016953552797
-999.0	140.0	7.367645690472753e-06	1.3206112183832794e-11	2.2164283174055894	0.21441466112932261	-0.004322180871374458
-999.0	115.0	8.188488365270102e-06	5.385550499601214e-12	2.9395681360253647	0.10045812499745077	-0.0009756599911673424
-999.0	90.0	9.220377653463858e-06	1.944592721982287e-12	4.780252121112956	0.1716444928337102	-2.1759900183567007e-08
-999.0	65.0	4.549936224695162e-06	0.0	1.9622055628785307	0.03165255486964591	0.0
-999.0	40.0	2.3496166205057977e-06	0.0	-8.605452416671634	-0.2842763523674809	0.0
-999.0	15.0	8.710822446940401e-07	0.0	-17.259337543061463	-0.28400654497523314	0.0
245.11111111111111	40	1005.0253375018083	day	levels	pres0
-999.0	990.0	-3.338905126565838e-06	1.205302496084407e-08	-2.0701172746442884	-0.41980989084199755	0.0002802438750046801
-999.0	965.0	-8.01864070669396e-06	1.5128949661155904e-08	-3.639986064699047	-0.908005720539098	0.0006169606666860114
-999.0	940.0	-5.249348985282822e-06	7.094704415966136e-09	-4.5611643162039055	-1.2948687053802985	0.0010421988193487783
-999.0	915.0	-4.822825620127456e-06	-2.8425567158102277e-09	-5.273615394477503	-1.646835880974923	0.0018670153576436513
-999.0	890.0	-3.835894959095227e-06	-1.1403512096114068e-08	-5.908519093637102	-1.9558843401846921	0.0030470740966565286
-999.0	865.0	-3.2865456444369447e-06	-1.8116773933523465e-08	-6.494620925850305	-2.158653510941374	0.004397867435378858
-999.0	840.0	-2.135751665225849e-06	-2.422486115707233e-08	-6.993726304283795	-2.2314245938150594	0.005668997943493546
-999.0	815.0	1.1778015973702294e-08	-2.997805412098178e-08	-7.352129700007191	-2.20434208205655	0.006640187035569179
-999.0	790.0	1.259635891497471e-06	-3.155863665642319e-08	-7.540799291045501	-2.1044998886408144	0.007209158603561354
-999.0	765.0	8.373164644642378e-07	-2.851110822693685e-08	-7.556021891258309	-1.9603070776771179	0.007378650222624961
-999.0	740.0	-7.833582214981023e-07	-2.296567267288963e-08	-7.36730487037582	-1.7972372200477644	0.007206922204579558
-999.0	715.0	-2.899368220764123e-06	-1.714672515774392e-08	-7.015595149110822	-1.627358600773164	0.006781908888510906
-999.0	690.0	-4.139027269384987e-06	-1.3229310339896483e-08	-6.576470964484719	-1.4307539788143546	0.006165325394355424
-999.0	665.0	-4.125767503146927e-06	-1.1286280070884752e-08	-6.051426351070397	-1.1938968499501386	0.0053900483277340185
-999.0	640.0	-2.806360153120257e-06	-9.967328853101655e-09	-5.577604632134796	-0.909762520377551	0.004454179242348184
-999.0	615.0	-2.688345000626061e-07	-9.707448253148756e-09	-5.21057733286311	-0.5757050654954408	0.0033060083597721995
-999.0	590.0	1.915737780801066e-06	-9.095982779040496e-09	-5.024114243686201	-0.27030713159454123	0.0019147609476012737
-999.0	565.0	3.367037836455914e-06	-8.345789657467506e-09	-5.069536655451398	-0.02042765694637553	0.00029397365068480324
-999.0	540.0	4.003063970432492e-06	-7.26255421717352e-09	-5.26443053161101	0.17158415510006786	-0.0015032110820922388
-999.0	515.0	3.6456007122368824e-06	-5.373502966971638e-09	-5.584379190923933	0.2827482220751081	-0.0033688213706023497
-999.0	490.0	2.9983264674360874e-06	-3.899628199002666e-09	-5.856039263859873	0.27518334543262246	-0.005141013490374542
-999.0	465.0	2.528123280661821e-06	-2.9648002895809877e-09	-6.0184550652348765	0.12772488814813188	-0.006621685978266896
-999.0	440.0	2.4669248583306e-06	-2.856172728802501e-09	-6.084054393624764	-0.09859910062340016	-0.0076845305575084085
-999.0	415.0	2.7356457854848197e-06	-2.911565100142675e-09	-6.047651857793026	-0.3430792040846605	-0.00832255168310678
-999.0	390.0	3.5998234266616914e-06	-2.7015584378802905e-09	-5.933832825609927	-0.41860901812707196	-0.008588873412824225
-999.0	365.0	5.120807193188205e-06	-2.158584860950438e-09	-5.72508488623082	-0.22286334233697283	-0.008593349597756787
-999.0	340.0	6.512328081091745e-06	-1.2921875623224131e-09	-5.367386791027288	0.26225891157439485	-0.008544098260109408
-999.0	315.0	7.054966848310213e-06	-5.933188533251757e-10	-4.8775948495777	0.9830079288395033	-0.008714334992321573
-999.0	290.0	6.867385285052002e-06	-1.9019525296242432e-11	-4.410668940455879	1.6893637516984878	-0.00926463266584398
-999.0	265.0	6.523334214375908e-06	3.5942607905882654e-10	-4.018832656106526	2.2641097114042585	-0.01007803494163631
-999.0	240.0	6.83651264055485e-06	2.9848960194345066e-10	-3.5630807893144456	2.67501065466143	-0.010728380618815557
-999.0	215.0	7.566035053991112e-06	1.0565870979920425e-10	-2.7036697792786906	2.734046774881862	-0.010675751253037907
-999.0	190.0	7.754527174899719e-06	1.0851266468705979e-10	-1.11010680596043	2.223453922266183	-0.009573514801273733
-999.0	165.0	6.875178768057417e-06	8.011605989526811e-11	0.9619250606606421	1.164592518298678	-0.007328380959366774
-999.0	140.0	7.928112875564023e-06	1.2488666255432881e-11	2.3173358379689892	0.2355985889831802	-0.0038422624830024197
-999.0	115.0	9.003014809407007e-06	5.171988862497787e-12	2.9724251746579284	0.12795880795623482	-0.0008774939948008191
-999.0	90.0	1.0123022120189121e-05	1.8035508306933385e-12	4.769645513207854	0.18683182641306573	3.1481694518567013e-09
-999.0	65.0	5.071012588522016e-06	0.0	1.9502477789366983	0.021057861546657758	0.0
-999.0	40.0	2.721236892228189e-06	0.0	-8.568612984485126	-0.3106692131194653	0.0
-999.0	15.0	1.4052128873441037e-06	0.0	-17.1998272158758	-0.3079163154103983	0.0
245.125	40	1005.1384124755859	day	levels	pres0
-999.0	990.0	-3.120939460738252e-06	1.1229150695726273e-08	-2.0512149184942245	-0.42567332585652656	0.000285642533635073
-999.0	965.0	-7.934751187416688e-06	1.4359088187726833e-08	-3.643504492938518	-0.9180934851368266	0.0006183704747397891
-999.0	940.0	-5.447253147226379e-06	6.5112314634326915e-09	-4.590253288547198	-1.3165350711594026	0.001013408617925154
-999.0	915.0	-5.314758180045624e-06	-2.6908255218855903e-09	-5.317504708965619	-1.6803813551863032	0.001773422549100627
-999.0	890.0	-4.6130797515312835e-06	-1.025124936994096e-08	-5.958565741777421	-1.9984518835941951	0.002875771105625145
-999.0	865.0	-4.316987879401832e-06	-1.599948076208993e-08	-6.549216667811076	-2.2098955512046814	0.0041534995443321815
-999.0	840.0	-3.126315315495486e-06	-2.1780041888295847e-08	-7.053425014019012	-2.2890652616818743	0.005367608164316256
-999.0	815.0	-6.491739488275789e-07	-2.8173581339177433e-08	-7.41599663098653	-2.265068302551905	0.006302776959027344
-999.0	790.0	9.266346347026732e-07	-3.046661649865133e-08	-7.603755036989847	-2.1659633095065756	0.006855317283867704
-999.0	765.0	7.589868673002692e-07	-2.7880609850399193e-08	-7.611801703770955	-2.0193447299922505	0.007026895324964091
-999.0	740.0	-6.82478841756367e-07	-2.2532418391805278e-08	-7.409876008828481	-1.8518863079758983	0.006876371957379848
-999.0	715.0	-2.6573571678320014e-06	-1.6783964593843035e-08	-7.04148256778717	-1.6769226739803953	0.0064910527505227964
-999.0	690.0	-3.7789087919345884e-06	-1.2931952240049009e-08	-6.585529108842214	-1.4741512686014173	0.005932142785322176
-999.0	665.0	-3.6642748724531242e-06	-1.1041168914676679e-08	-6.044434130191803	-1.2295214980840683	0.005232614397024014
-999.0	640.0	-2.267386255509875e-06	-9.766140148578279e-09	-5.55870738128821	-0.9353828119734924	0.004391739287856638
-999.0	615.0	3.249503465162387e-07	-9.556245231242092e-09	-5.186058220764001	-0.5889326029767593	0.003359636908522882
-999.0	590.0	2.5159893320286987e-06	-9.016373240026748e-09	-5.001212522387505	-0.27260384087761247	0.0021041283730297844
-999.0	565.0	3.922342245156567e-06	-8.334010059048455e-09	-5.056713749965032	-0.014346923058231653	0.0006319542195559358
-999.0	540.0	4.4943631143757586e-06	-7.2863912727269855e-09	-5.264725824197132	0.18436413611440602	-0.0010129410255196834
-999.0	515.0	4.052725292880226e-06	-5.421049168540372e-09	-5.598327428102493	0.29963843462367856	-0.0027327624181422657
-999.0	490.0	3.3455253664956044e-06	-3.98406228567991e-09	-5.876383403937022	0.29015982896089554	-0.004381073205410124
-999.0	465.0	2.860529887214027e-06	-3.108683611369795e-09	-6.034851650396983	0.1331001529470086	-0.005779814070745021
-999.0	440.0	2.805485704879242e-06	-3.040677262038958e-09	-6.089679231246313	-0.10770430726309614	-0.00681646013372024
-999.0	415.0	3.1143488606041363e-06	-3.0853584650214065e-09	-6.037453293800354	-0.3689447517196337	-0.007485758567936052
-999.0	390.0	4.102223082790496e-06	-2.862401209616413e-09	-5.908765797813732	-0.45475715398788447	-0.007832489907314685
-999.0	365.0	5.799061187577467e-06	-2.3236526751841465e-09	-5.687726925437648	-0.25916928673783934	-0.007948508029607367
-999.0	340.0	7.2653054936651e-06	-1.4462770539264764e-09	-5.317543304214874	0.23368988993267223	-0.008018548377446776
-999.0	315.0	7.763610618119991e-06	-7.194847091374902e-10	-4.814161668221154	0.9677971899509431	-0.008290059080616582
-999.0	290.0	7.5221808273690164e-06	-1.1103103436956496e-10	-4.333516413966815	1.6874238004287085	-0.008893316303127103
-999.0	265.0	7.147810279598668e-06	2.961893484030884e-10	-3.9282335986693693	2.2734351145724454	-0.009679627719808686
-999.0	240.0	7.469555356591527e-06	2.4775314260397054e-10	-3.4587725202242527	2.6955258349577584	-0.010208574623847779
-999.0	215.0	8.251651915661232e-06	6.941964784346055e-11	-2.5836328814427056	2.7637440860271454	-0.009978956817709474
-999.0	190.0	8.474949238545916e-06	9.144920180982876e-11	-0.9736102521419524	2.2547847107052803	-0.008744011375323428
-999.0	165.0	7.491711747004752e-06	7.464058094691843e-11	1.1005760083595912	1.1889664282401402	-0.006516744994427051
-999.0	140.0	8.488580060657114e-06	1.1771220327032264e-11	2.418243358532588	0.25678251683712006	-0.0033624217606056184
-999.0	115.0	9.817541253546046e-06	4.95842722539433e-12	3.005282213290532	0.15545949091513955	-0.0007793297608134972
-999.0	90.0	1.1025666586916755e-05	1.662508939404006e-12	4.759038905302684	0.20201915999253592	2.806091782616541e-08
-999.0	65.0	5.592088952350119e-06	0.0	1.9382899949947991	0.010463168223698915	0.0
-999.0	40.0	3.092857163951353e-06	0.0	-8.531773552298544	-0.33706207387149334	0.0
-999.0	15.0	1.939343529994841e-06	0.0	-17.140316888689995	-0.33182608584562934	0.0
245.13888888888889	40	1004.9833238389755	day	levels	pres0
-999.0	990.0	-4.036020338555235e-06	1.0768784504237426e-08	-2.0329923516621404	-0.4322915147920996	0.0003036145496135517
-999.0	965.0	-8.961843284050414e-06	1.3820620859951126e-08	-3.6473750151968902	-0.9286675137915993	0.0006802489442394133
-999.0	940.0	-6.633359232703209e-06	6.0863976244406725e-09	-4.6191880131760765	-1.338270822850362	0.0011027620429291806
-999.0	915.0	-6.75135832869246e-06	-2.147564099772922e-09	-5.360711644300142	-1.713659452895328	0.0018581416942003823
-999.0	890.0	-6.3522929436376876e-06	-8.415650612761609e-09	-6.007575188521997	-2.040485156906988	0.002938095954986323
-999.0	865.0	-6.298897026200391e-06	-1.2995407782701174e-08	-6.602407594521873	-2.260385869829767	0.004189331069170689
-999.0	840.0	-5.041248085546585e-06	-1.831862829848497e-08	-7.111564925423427	-2.345974491702222	0.005381337573589203
-999.0	815.0	-2.1671671123327415e-06	-2.5428884618430344e-08	-7.478437843146217	-2.325193623149882	0.006300737714257985
-999.0	790.0	-1.7978282000652575e-07	-2.8691162712632688e-08	-7.665463184868923	-2.2269014981058386	0.0068397597423262
-999.0	765.0	-4.0007133800670045e-08	-2.683528154271979e-08	-7.6665189288281335	-2.0779043792023035	0.006996473159688165
-999.0	740.0	-1.3203335785337685e-06	-2.1835856739461482e-08	-7.451555057808264	-1.9060327087839806	0.006829719747928717
-999.0	715.0	-3.232186520760475e-06	-1.619432774734496e-08	-7.066621530939074	-1.7259085370158997	0.006428532743613631
-999.0	690.0	-4.319820443835891e-06	-1.242490926059838e-08	-6.593927542368595	-1.5168944869052705	0.005857051269748949
-999.0	665.0	-4.171164442379421e-06	-1.0624125576146131e-08	-6.0368122171472685	-1.2644251601563719	0.005152767525837616
-999.0	640.0	-2.73528514590943e-06	-9.447913946259355e-09	-5.539166954932384	-0.9602924774193998	0.004319997867891845
-999.0	615.0	-1.011291584264837e-07	-9.362135893497623e-09	-5.160828139081036	-0.6015543976401947	0.0033139605913866978
-999.0	590.0	2.103122162015221e-06	-8.9373177544062e-09	-4.977622057552686	-0.27440602663489366	0.0021038876260781516
-999.0	565.0	3.46392353588414e-06	-8.3193067835409e-09	-5.0433083309067746	-0.007893064128287372	0.0006918816636774737
-999.0	540.0	3.9624173193325386e-06	-7.281056932248304e-09	-5.264556107697697	0.19746663762879318	-0.0008857895977358334
-999.0	515.0	3.4231319927713894e-06	-5.418959064380274e-09	-5.611954386587553	0.31687485109326674	-0.0025429979432186386
-999.0	490.0	2.6398467224794854e-06	-4.016109751805639e-09	-5.896502196788857	0.3054973455491014	-0.004150949796583604
-999.0	465.0	2.12340496519642e-06	-3.2043577931915053e-09	-6.051074167092708	0.13884358163233096	-0.005553991603113744
-999.0	440.0	2.051513256894926e-06	-3.1726851614962267e-09	-6.095186070159683	-0.11644874937420166	-0.006654878664507876
-999.0	415.0	2.393337506670495e-06	-3.2020968842797528e-09	-6.027197564089768	-0.3944553346545966	-0.007449656745397491
-999.0	390.0	3.5292495657031023e-06	-2.968139249136583e-09	-5.883666262582499	-0.4905602945774204	-0.007973301790776125
-999.0	365.0	5.456110648906217e-06	-2.450249480398547e-09	-5.650340719079513	-0.2951519572073172	-0.00829644835821521
-999.0	340.0	7.038247120497328e-06	-1.5698967002924329e-09	-5.267650616941595	0.2054173813925183	-0.008576339850847053
-999.0	315.0	7.508985064405991e-06	-8.175902456157873e-10	-4.750643147741987	0.952843450975572	-0.009029594338983057
-999.0	290.0	7.2374987360452885e-06	-1.7753228389916535e-10	-4.256251973134446	1.6857092838595769	-0.009751999717889419
-999.0	265.0	6.8840525211732105e-06	2.5110994496707675e-10	-3.8375044867947614	2.282966929453332	-0.010558563378615667
-999.0	240.0	7.2560258115802246e-06	2.114167187819019e-10	-3.354312390916807	2.7162281490034137	-0.010983908248018375
-999.0	215.0	8.020958261479462e-06	4.436190566692602e-11	-2.4634294189787904	2.793602187876343	-0.010544624683708086
-999.0	190.0	8.09608761761498e-06	8.192468814474445e-11	-0.8369690168786003	2.286262590024233	-0.009062352235399177
-999.0	165.0	6.935625708826114e-06	7.192793636436003e-11	1.2392917628642568	1.2135299245516822	-0.006615453842444923
-999.0	140.0	8.019556317989458e-06	1.1738799726288034e-11	2.5191645669165323	0.27816562796084343	-0.003374291681690066
-999.0	115.0	9.31424873501554e-06	5.000950612889746e-12	3.0381376274206184	0.18299203476425613	-0.0007974838955551987
-999.0	90.0	1.0619455963562464e-05	1.6651239292199266e-12	4.748430999892698	0.2172079678211483	6.423404569813067e-08
-999.0	65.0	5.126758995982833e-06	0.0	1.9263323782770423	-0.00013152861758963796	0.0
-999.0	40.0	2.8071833899963426e-06	0.0	-8.494932173440823	-0.3634548427330273	0.0
-999.0	15.0	2.0810062498810326e-06	0.0	-17.080804818206303	-0.35573589167111824	0.0
245.15277777777777	40	1004.8282352023655	day	levels	pres0
-999.0	990.0	-4.951101216370388e-06	1.0308418312750231e-08	-2.0147697848302477	-0.4389097037276741	0.00032158330318412447
-999.0	965.0	-9.988935380683225e-06	1.3282153532177516e-08	-3.6512455374554413	-0.9392415424463932	0.0007421311906359707
-999.0	940.0	-7.819465318178866e-06	5.661563785450335e-09	-4.648122737805044	-1.3600065745413266	0.0011921248029746572
-999.0	915.0	-8.187958477337584e-06	-1.6043026776604957e-09	-5.4039185796346825	-1.7469375506043345	0.0019428612782991473
-999.0	890.0	-8.091506135741404e-06	-6.5800518555853295e-09	-6.056584635266536	-2.082518430219743	0.003000413130290212
-999.0	865.0	-8.2808061729949e-06	-9.991334803319055e-09	-6.655598521232587	-2.310876188454786	0.004225154777762015
-999.0	840.0	-6.95618085559279e-06	-1.4857214708682689e-08	-7.169704836827716	-2.4028837217224743	0.005395063176350779
-999.0	815.0	-3.6851602758336065e-06	-2.2684187897690073e-08	-7.540879055305739	-2.3853189437477442	0.0062986988119873785
-999.0	790.0	-1.2862002747123661e-06	-2.6915708926618188e-08	-7.727171332747823	-2.2878396867049844	0.006824206188446175
-999.0	765.0	-8.390011348989622e-07	-2.5789953235042795e-08	-7.721236153885148	-2.13646402841225	0.006966058647521599
-999.0	740.0	-1.958188315308927e-06	-2.1139295087119535e-08	-7.493234106787913	-1.9601791095919747	0.0067830783363235754
-999.0	715.0	-3.8070158736869518e-06	-1.560469090084879e-08	-7.091760494090882	-1.774894400051334	0.006366025247371651
-999.0	690.0	-4.8607320957354905e-06	-1.1917866281149611e-08	-6.602325975894923	-1.559637705209069	0.005781972408163892
-999.0	665.0	-4.678054012304342e-06	-1.0207082237617307e-08	-6.029190304102721	-1.2993288222286368	0.005072931775794632
-999.0	640.0	-3.203184036307891e-06	-9.129687743941854e-09	-5.519626528576571	-0.9852021428652893	0.0042482646268271525
-999.0	615.0	-5.272086633683205e-07	-9.168026555754071e-09	-5.135598057398094	-0.6141761923036358	0.0032682886788234873
-999.0	590.0	1.690254992002629e-06	-8.858262268786123e-09	-4.954031592717879	-0.2762082123922001	0.0021036468924613646
-999.0	565.0	3.0055048266128493e-06	-8.304603508033547e-09	-5.029902911848487	-0.0014392051983814214	0.0007518024828818313
-999.0	540.0	3.430471524290777e-06	-7.27572259176981e-09	-5.264386391198183	0.21056913914313433	-0.0007586541152128145
-999.0	515.0	2.793538692664357e-06	-5.416868960220402e-09	-5.625581345072483	0.3341112675628092	-0.0023532589451387385
-999.0	490.0	1.9341680784655264e-06	-4.048157217931514e-09	-5.916620989640535	0.3208348621372752	-0.003920858423314973
-999.0	465.0	1.3862800431812738e-06	-3.300031975013206e-09	-6.067296683788285	0.1445870103176525	-0.0053282007601854545
-999.0	440.0	1.2975408089132043e-06	-3.304693060953384e-09	-6.1006929090729365	-0.12519319148526697	-0.00649331958776583
-999.0	415.0	1.6723261527392637e-06	-3.318835303538006e-09	-6.016941834379124	-0.4199659175894739	-0.007413559719585548
-999.0	390.0	2.9562760486175145e-06	-3.0738772886566213e-09	-5.858566727351266	-0.5263634351668339	-0.008114096391170254
-999.0	365.0	5.113160110236023e-06	-2.576846285612712e-09	-5.612954512721425	-0.3311346276766522	-0.008644353189092065
-999.0	340.0	6.811188747330329e-06	-1.6935163466581471e-09	-5.2177579296684025	0.17714487285251485	-0.009134086652772717
-999.0	315.0	7.254359510692811e-06	-9.156957820938712e-10	-4.687124627262931	0.9378897120003461	-0.009769088173643442
-999.0	290.0	6.952816644722387e-06	-2.4403353342858065e-10	-4.178987532302215	1.6839947672905804	-0.010610669303141106
-999.0	265.0	6.6202947627485935e-06	2.0603054153121077e-10	-3.746775374920314	2.2924987443343365	-0.011437530755565398
-999.0	240.0	7.042496266569918e-06	1.750802949599287e-10	-3.249852261609538	2.736930463049144	-0.011759288689452535
-999.0	215.0	7.790264607299015e-06	1.9304163490444364e-11	-2.3432259565150697	2.8234602897255456	-0.011110298766696378
-999.0	190.0	7.717225996685581e-06	7.240017447968135e-11	-0.7003277816154773	2.3177404693431263	-0.009380660698830577
-999.0	165.0	6.3795396706489795e-06	6.921529178180497e-11	1.378007517368662	1.2380934208631458	-0.006714143909107676
-999.0	140.0	7.550532575323237e-06	1.1706379125543306e-11	2.6200857753002786	0.299548739084484	-0.003386159632552939
-999.0	115.0	8.810956216486451e-06	5.043474000384851e-12	3.0709930415506643	0.21052457861325202	-0.0008156377092932331
-999.0	90.0	1.0213245340209195e-05	1.6677389190358112e-12	4.737823094482783	0.23239677564964611	1.004139759725797e-07
-999.0	65.0	4.66142903961671e-06	0.0	1.9143747615593523	-0.010726225458907557	0.0
-999.0	40.0	2.521509616041752e-06	0.0	-8.458090794583175	-0.38984761159451764	0.0
-999.0	15.0	2.2226689697659896e-06	0.0	-17.021292747722754	-0.3796456974965412	0.0
245.16666666666666	40	1004.673146565755	day	levels	pres0
-999.0	990.0	-5.866182094187429e-06	9.848052121261387e-09	-1.996547217998172	-0.44552789266324233	0.00033954879424230334
-999.0	965.0	-1.1016027477317006e-05	1.2743686204401736e-08	-3.6551160597138286	-0.9498155711011604	0.0008040172139614523
-999.0	940.0	-9.005571403655794e-06	5.236729946458214e-09	-4.677057462433937	-1.3817423262322843	0.0012814968979753543
-999.0	915.0	-9.624558625984573e-06	-1.0610412555477687e-09	-5.447125514969218	-1.7802156483133613	0.0020275813013284714
-999.0	890.0	-9.830719327847988e-06	-4.74445309840572e-09	-6.105594082011124	-2.124551703532543	0.0030627226316556773
-999.0	865.0	-1.0262715319793625e-05	-6.987261823929925e-09	-6.708789447943393	-2.361366507079883	0.004260970670271017
-999.0	840.0	-8.871113625644037e-06	-1.139580111887148e-08	-7.227844748232137	-2.4597929517428354	0.005408784972706257
-999.0	815.0	-5.2031534393388875e-06	-1.9939491176942772e-08	-7.603320267465428	-2.445444264345733	0.006296660252205802
-999.0	790.0	-2.392617729421664e-06	-2.514025514059944e-08	-7.7888794806269	-2.3487778753042585	0.006808656622099148
-999.0	765.0	-1.6379951359999674e-06	-2.4744624927363362e-08	-7.775953378942328	-2.1950236776223115	0.006935651788251487
-999.0	740.0	-2.596043052086369e-06	-2.0442733434775736e-08	-7.534913155767696	-2.0143255104000657	0.006736447722347918
-999.0	715.0	-4.381845226615451e-06	-1.501505405435071e-08	-7.116899457242786	-1.823880263086846	0.006303530261656239
-999.0	690.0	-5.401643747636809e-06	-1.141082330169898e-08	-6.610724409421306	-1.6023809235129287	0.005706906200528001
-999.0	665.0	-5.18494358223065e-06	-9.790038899086767e-09	-6.02156839105819	-1.3342324843009459	0.004993107146937832
-999.0	640.0	-3.671082926707451e-06	-8.811461541622946e-09	-5.500086102220748	-1.0101118083112022	0.004176539564719458
-999.0	615.0	-9.532881683110412e-07	-8.973917218009631e-09	-5.110367975715132	-0.6267979869670756	0.0032226211708537415
-999.0	590.0	1.2773878219891621e-06	-8.779206783165614e-09	-4.930441127883063	-0.2780103981494838	0.002103406172179789
-999.0	565.0	2.5470861173404455e-06	-8.28990023252602e-09	-5.016497492790233	0.005014653731562957	0.0008117166772052056
-999.0	540.0	2.8985257292475788e-06	-7.2703882512911524e-09	-5.264216674698748	0.22367164065752376	-0.0006315345778013234
-999.0	515.0	2.163945392555523e-06	-5.4147788560603245e-09	-5.639208303557542	0.3513476840324014	-0.0021635454235972404
-999.0	490.0	1.228489434449401e-06	-4.080204684057275e-09	-5.93673978249237	0.3361723787254848	-0.0036907990851837965
-999.0	465.0	6.4915512116366e-07	-3.395706156834971e-09	-6.083519200484007	0.15033043900297535	-0.005102441541552614
-999.0	440.0	5.435683609288592e-07	-3.43670096041072e-09	-6.106199747986302	-0.13393763359637678	-0.006331782903228768
-999.0	415.0	9.513147988055634e-07	-3.4355737227964143e-09	-6.006686104668534	-0.445476500524446	-0.007377467490453631
-999.0	390.0	2.3833025315300746e-06	-3.1796153281768417e-09	-5.833467192120025	-0.5621665757563814	-0.008254873708635771
-999.0	365.0	4.770209571564787e-06	-2.7034430908271544e-09	-5.57556830636328	-0.3671172981461405	-0.00899222252244993
-999.0	340.0	6.5841303741626215e-06	-1.8171359930241377e-09	-5.167865242395115	0.14887236431235562	-0.009691788783396412
-999.0	315.0	6.999733956978861e-06	-1.0138013185721893e-09	-4.623606106783754	0.9229359730249772	-0.010508540584673232
-999.0	290.0	6.6681345533986756e-06	-3.1053478295818647e-10	-4.1017230914698395	1.6822802507214585	-0.01146932505889142
-999.0	265.0	6.356537004323148e-06	1.609511380951964e-10	-3.6560462630457007	2.302030559215239	-0.012316529850669057
-999.0	240.0	6.828966721558668e-06	1.3874387113785293e-10	-3.145392132302088	2.7576327770948117	-0.012534715948153639
-999.0	215.0	7.5595709531173645e-06	-5.753578686098749e-12	-2.2230224940511496	2.8533183915747453	-0.011675979066672726
-999.0	190.0	7.338364375754762e-06	6.287566081459138e-11	-0.5636865463521205	2.3492183486620677	-0.00969893676562258
-999.0	165.0	5.823453632470364e-06	6.650264719924479e-11	1.51672327187333	1.2626569171746715	-0.0068128151944143725
-999.0	140.0	7.081508832655557e-06	1.1673958524798863e-11	2.7210069836842212	0.32093185020819215	-0.003398025613193289
-999.0	115.0	8.307663697955918e-06	5.085997387880211e-12	3.103848455680749	0.23805712246235466	-0.0008337912020273075
-999.0	90.0	9.807034716854882e-06	1.6703539088517333e-12	4.727215189072797	0.24758558347824527	1.3660070864950253e-07
-999.0	65.0	4.196099083249419e-06	0.0	1.9024171448415974	-0.021320922300207767	0.0
-999.0	40.0	2.235835842086758e-06	0.0	-8.421249415725448	-0.4162403804560624	0.0
-999.0	15.0	2.364331689652255e-06	0.0	-16.961780677239055	-0.40355550332204093	0.0
245.18055555555554	40	1004.5180579291449	day	levels	pres0
-999.0	990.0	-6.781262972002582e-06	9.387685929774196e-09	-1.9783246511662793	-0.4521460815988167	0.00035751102268331174
-999.0	965.0	-1.204311957394982e-05	1.2205218876628132e-08	-3.6589865819723792	-0.9603895997559544	0.0008659070142468686
-999.0	940.0	-1.0191677489131447e-05	4.811896107467876e-09	-4.705992187062905	-1.4034780779232487	0.0013708783278436848
-999.0	915.0	-1.1061158774629696e-05	-5.177798334353419e-10	-5.490332450303757	-1.8134937460223683	0.00211230176321873
-999.0	890.0	-1.1569932519951702e-05	-2.9088543412294417e-09	-6.154603528755663	-2.1665849768452974	0.003125024459200947
-999.0	865.0	-1.2244624466588131e-05	-3.983188844547801e-09	-6.761980374654105	-2.411856825704901	0.004296778746862598
-999.0	840.0	-1.0786046395690239e-05	-7.934387529069201e-09	-7.285984659636425	-2.5167021817630872	0.005422502962761599
-999.0	815.0	-6.721146602839751e-06	-1.7194794456202506e-08	-7.665761479624949	-2.5055695849435953	0.00629462203490475
-999.0	790.0	-3.4990351841275043e-06	-2.3364801354584936e-08	-7.8505876285058	-2.409716063903404	0.006793111043158209
-999.0	765.0	-2.436989137098261e-06	-2.3699296619686364e-08	-7.830670603999341	-2.253583326832259	0.006905252581666687
-999.0	740.0	-3.233897788861529e-06	-1.974617178243379e-08	-7.576592204747344	-2.0684719112080603	0.006689827905787019
-999.0	715.0	-4.956674579541928e-06	-1.4425417207854532e-08	-7.142038420394594	-1.8728661261222805	0.00624104778632839
-999.0	690.0	-5.94255539953641e-06	-1.0903780322250213e-08	-6.619122842947633	-1.645124141816727	0.005631852646803576
-999.0	665.0	-5.69183315215557e-06	-9.372995560557941e-09	-6.013946478013642	-1.369136146373211	0.004913293639310812
-999.0	640.0	-4.138981817105911e-06	-8.493235339305445e-09	-5.480545675864937	-1.0350214737570917	0.004104822681626013
-999.0	615.0	-1.3793676732528777e-06	-8.779807880266081e-09	-5.085137894032188	-0.6394197816305166	0.0031769580674977653
-999.0	590.0	8.645206519765707e-07	-8.700151297545534e-09	-4.906850663048255	-0.27981258390679037	0.002103165465233075
-999.0	565.0	2.0886674080691547e-06	-8.275196957018668e-09	-5.0030920737319455	0.011468512661468998	0.0008716242466827097
-999.0	540.0	2.3665799342058186e-06	-7.26505391081266e-09	-5.264046958199233	0.23677414217186493	-0.0005044309853532944
-999.0	515.0	1.5343520924484912e-06	-5.412688751900452e-09	-5.652835262042473	0.3685841005019437	-0.001973857378289948
-999.0	490.0	5.228107904354413e-07	-4.112252150183152e-09	-5.956858575344047	0.3515098953136584	-0.003460771781770373
-999.0	465.0	-8.796980085148652e-08	-3.491380338656673e-09	-6.099741717179581	0.156073867688297	-0.004876713946807715
-999.0	440.0	-2.104040870528622e-07	-3.568708859867878e-09	-6.1117065868995555	-0.14268207570744212	-0.006170268610630326
-999.0	415.0	2.3030344487433186e-07	-3.552312142054667e-09	-5.996430374957889	-0.47098708345932316	-0.007341380057952848
-999.0	390.0	1.8103290144444863e-06	-3.2853533676968806e-09	-5.808367656888792	-0.597969716345795	-0.008395633743307632
-999.0	365.0	4.427259032894594e-06	-2.8300398960413194e-09	-5.5381821000051925	-0.4030999686154754	-0.009340056358495606
-999.0	340.0	6.357072000995622e-06	-1.940755639389852e-09	-5.117972555121921	0.12059985577235188	-0.010249446242884387
-999.0	315.0	6.745108403265681e-06	-1.1119068550502728e-09	-4.560087586304698	0.9079822340497513	-0.011247951572140688
-999.0	290.0	6.383452462075775e-06	-3.770360324876018e-10	-4.024458650637609	1.680565734152462	-0.012327966985142198
-999.0	265.0	6.092779245898533e-06	1.1587173465933051e-10	-3.5653171511712523	2.3115623740962428	-0.013195560663931152
-999.0	240.0	6.615437176548362e-06	1.0240744731587972e-10	-3.0409320029948192	2.778335091140543	-0.013310190024120223
-999.0	215.0	7.32887729893692e-06	-3.0811320862580376e-11	-2.102819031587429	2.883176493423948	-0.01224166558363339
-999.0	190.0	6.959502754825361e-06	5.335114714952832e-11	-0.42704531108899746	2.380696227980962	-0.010017180435780747
-999.0	165.0	5.267367594293229e-06	6.37900026166897e-11	1.655439026377735	1.2872204134861351	-0.006911467698366476
-999.0	140.0	6.612485089989335e-06	1.1641537924054132e-11	2.8219281920679675	0.3423149613318327	-0.0034098896236121863
-999.0	115.0	7.804371179426832e-06	5.128520775375315e-12	3.1367038698107956	0.2655896663113506	-0.0008519443737577217
-999.0	90.0	9.400824093501614e-06	1.6729688986676179e-12	4.716607283662881	0.262774391306743	1.7279424372908524e-07
-999.0	65.0	3.7307691268832944e-06	0.0	1.8904595281239063	-0.03191561914152577	0.0
-999.0	40.0	1.9501620681321664e-06	0.0	-8.3844080368678	-0.44263314931755277	0.0
-999.0	15.0	2.5059944095372135e-06	0.0	-16.90226860675551	-0.42746530914746395	0.0
245.19444444444446	40	1004.3629692925347	day	levels	pres0
-999.0	990.0	-7.696343849819903e-06	8.927319738285347e-09	-1.960102084334215	-0.45876427053439756	0.00037546998840265824
-999.0	965.0	-1.3070211670584267e-05	1.1666751548852503e-08	-3.6628571042307825	-0.9709636284107449	0.0009278005915241637
-999.0	940.0	-1.1377783574609116e-05	4.387062268476051e-09	-4.734926911691818	-1.4252138296142314	0.001460269092493336
-999.0	915.0	-1.2497758923277414e-05	2.548158867797125e-11	-5.533539385638313	-1.8467718437314182	0.002197022663901354
-999.0	890.0	-1.3309145712058917e-05	-1.073255584049056e-09	-6.203612975500266	-2.2086182501581177	0.0031873186130447558
-999.0	865.0	-1.4226533613387325e-05	-9.791158651577736e-10	-6.815171301364925	-2.462347144330016	0.004332579007701479
-999.0	840.0	-1.2700979165741803e-05	-4.472973939256891e-09	-7.344124571040862	-2.573611411783462	0.005436217146621907
-999.0	815.0	-8.239139766345316e-06	-1.4450097735454152e-08	-7.728202691784656	-2.5656949055415956	0.006292584160074305
-999.0	790.0	-4.60545263883704e-06	-2.158934756856543e-08	-7.912295776384894	-2.4706542525026873	0.006777569451494647
-999.0	765.0	-3.2359831381994827e-06	-2.2653968312006477e-08	-7.885387829056535	-2.312142976042326	0.0068748610275540505
-999.0	740.0	-3.871752525639165e-06	-1.9049610130089772e-08	-7.618271253727134	-2.1226183120161517	0.006643218886424112
-999.0	715.0	-5.531503932470588e-06	-1.3835780361356375e-08	-7.1671773835464965	-1.921851989157791	0.006178577821247236
-999.0	690.0	-6.483467051437869e-06	-1.039673734279961e-08	-6.627521276474006	-1.6878673601205822	0.005556811746951351
-999.0	665.0	-6.198722722082014e-06	-8.955952222027524e-09	-6.006324564969094	-1.4040398084455146	0.00483349125295608
-999.0	640.0	-4.606880707505618e-06	-8.1750091369867e-09	-5.4610052495090935	-1.0599311392029984	0.0040331139776034804
-999.0	615.0	-1.8054471781957692e-06	-8.585698542521788e-09	-5.059907812349211	-0.6520415762939497	0.003131299368775861
-999.0	590.0	4.5165348196289125e-07	-8.621095811925148e-09	-4.88326019821343	-0.2816147696640683	0.002102924771621476
-999.0	565.0	1.6302486987964843e-06	-8.260493681511229e-09	-4.989686654673688	0.017922371591417033	0.0009315251913505509
-999.0	540.0	1.8346341391623235e-06	-7.2597195703340815e-09	-5.263877241699804	0.2498766436862571	-0.0003773433377192853
-999.0	515.0	9.047587923393687e-07	-5.410598647740475e-09	-5.66646222052754	0.3858205169715394	-0.0017841948089112646
-999.0	490.0	-1.8286785358093478e-07	-4.1442996163089975e-09	-5.9769773681958895	0.3668474119018731	-0.0032307765126539
-999.0	465.0	-8.250947228692822e-07	-3.5870545204784804e-09	-6.115964233875308	0.1618172963736269	-0.00465101797554283
-999.0	440.0	-9.643765350373162e-07	-3.7007167593252167e-09	-6.117213425812921	-0.15142651781854377	-0.006008776709704807
-999.0	415.0	-4.907079090594317e-07	-3.6690505613130556e-09	-5.98617464524729	-0.49649766639428783	-0.007305297422036362
-999.0	390.0	1.2373554973569662e-06	-3.3910914072170836e-09	-5.7832681216575414	-0.6337728569353341	-0.008536376495324384
-999.0	365.0	4.084308494223233e-06	-2.956636701255769e-09	-5.50079589364703	-0.43908263908495193	-0.009687854697441082
-999.0	340.0	6.13001362782779e-06	-2.064375285755864e-09	-5.068079867848611	0.0923273472322069	-0.010807059031409454
-999.0	315.0	6.49048284955164e-06	-1.2100123915286092e-09	-4.496569065825487	0.8930284950743974	-0.011987321136121557
-999.0	290.0	6.098770370751967e-06	-4.4353728201721686e-10	-3.9471942098051884	1.678851217583352	-0.013186595081903051
-999.0	265.0	5.8290214874729325e-06	7.079233122332582e-11	-3.4745880392965818	2.3210941889771535	-0.014074623195363251
-999.0	240.0	6.401907631536874e-06	6.607102349382082e-11	-2.936471873687303	2.7990374051862217	-0.01408571091735604
-999.0	215.0	7.0981836447549685e-06	-5.5869063039113486e-11	-1.9826155691234393	2.913034595273167	-0.012807358317577061
-999.0	190.0	6.580641133894295e-06	4.382663348444449e-11	-0.2904040758255738	2.4121741072999336	-0.01033539170931026
-999.0	165.0	4.711281556114469e-06	6.107735803413195e-11	1.7941547808824607	1.311783909797696	-0.007010101420963176
-999.0	140.0	6.143461347321506e-06	1.1609117323309817e-11	2.922849400451951	0.36369807245557656	-0.003421751663808761
-999.0	115.0	7.3010786608961324e-06	5.171044162870697e-12	3.1695592839408957	0.2931222101604867	-0.0008700972244842243
-999.0	90.0	8.994613470147178e-06	1.6755838884835517e-12	4.705999378252897	0.27796319913535805	2.0899458121138516e-07
-999.0	65.0	3.265439170515889e-06	0.0	1.8785019114061483	-0.042510315982831726	0.0
-999.0	40.0	1.6644882941770398e-06	0.0	-8.347566658010063	-0.46902591817910455	0.0
-999.0	15.0	2.647657129423146e-06	0.0	-16.842756536271793	-0.45137511497296223	0.0
245.20833333333334	40	1004.2078806559244	day	levels	pres0
-999.0	990.0	-8.611424727634943e-06	8.466953546798186e-09	-1.9418795175023176	-0.46538245946996865	0.00039342569129562316
-999.0	965.0	-1.4097303767216903e-05	1.1128284221078891e-08	-3.666727626489325	-0.9815376570655334	0.000989697945824473
-999.0	940.0	-1.2563889660084593e-05	3.962228429485716e-09	-4.763861636320778	-1.4469495813051898	0.001549669191836928
-999.0	915.0	-1.3934359071922345e-05	5.687430107903477e-10	-5.576746320972843	-1.8800499414404186	0.0022817440033069893
-999.0	890.0	-1.5048358904162397e-05	7.623431731270717e-10	-6.252622422244798	-2.250651523470867	0.0032496050933056666
-999.0	865.0	-1.6208442760181594e-05	2.02495711422417e-09	-6.868362228075634	-2.5128374629550296	0.004368371452952924
-999.0	840.0	-1.4615911935787846e-05	-1.0115603494547646e-09	-7.402264482445145	-2.630520641803711	0.0054499275243935245
-999.0	815.0	-9.75713292984611e-06	-1.1705401014714e-08	-7.790643903944175	-2.625820226139454	0.006290546627706333
-999.0	790.0	-5.711870093542871e-06	-1.9813893782551036e-08	-7.9740039242637915	-2.531592441101827	0.006762031846981906
-999.0	765.0	-4.034977139297798e-06	-2.1608640004329572e-08	-7.940105054113546	-2.3707026252522656	0.0068444771257028
-999.0	740.0	-4.509607262414353e-06	-1.8353048477747888e-08	-7.65995030270678	-2.176764712824138	0.006596620664044876
-999.0	715.0	-6.106333285397078e-06	-1.3246143514860238e-08	-7.1923163466983056	-1.970837852193216	0.0061161203662742246
-999.0	690.0	-7.024378703337456e-06	-9.88969436335087e-09	-6.635919710000336	-1.7306105784243713	0.005481783500934113
-999.0	665.0	-6.705612292006894e-06	-8.53890888349873e-09	-5.9987026519245505	-1.4389434705177706	0.004753699987917737
-999.0	640.0	-5.0747795979040235e-06	-7.856782934669231e-09	-5.441464823153287	-1.0848408046488804	0.003961413452709565
-999.0	615.0	-2.231526683137547e-06	-8.391589204778278e-09	-5.034677730666275	-0.6646633709573857	0.003085645074708686
-999.0	590.0	3.8786311950349e-08	-8.542040326305104e-09	-4.859669733378631	-0.28341695542137146	0.0021026840913448332
-999.0	565.0	1.1718299895252311e-06	-8.2457904060039e-09	-4.976281235615412	0.024376230521325107	0.000991419511243825
-999.0	540.0	1.3026883441205896e-06	-7.254385229855606e-09	-5.263707525200299	0.2629791452005996	-0.0002502716347514541
-999.0	515.0	2.7516549223235903e-07	-5.4085085435806156e-09	-5.680089179012479	0.40305693344108223	-0.001594557715157388
-999.0	490.0	-8.885464975948739e-07	-4.176347082434883e-09	-5.997096161047577	0.38218492849004715	-0.003000813277415176
-999.0	465.0	-1.5622196448844118e-06	-3.6827287023001855e-09	-6.132186750570892	0.16756072505894787	-0.004425353627350963
-999.0	440.0	-1.7183489830190263e-06	-3.832724658782371e-09	-6.122720264726183	-0.1601709599296106	-0.005847307200186303
-999.0	415.0	-1.211719262990656e-06	-3.785788980571303e-09	-5.975918915536652	-0.5220082493291676	-0.007269219582655602
-999.0	390.0	6.643819802713888e-07	-3.496829446737117e-09	-5.7581685864263115	-0.6695759975247509	-0.008677101964821146
-999.0	365.0	3.7413579555530616e-06	-3.0832335064699327e-09	-5.463409687288946	-0.47506530955429066	-0.010035617539493143
-999.0	340.0	5.902955254660821e-06	-2.1879949321215767e-09	-5.018187180575421	0.06405483869219893	-0.011364627149137633
-999.0	315.0	6.235857295838499e-06	-1.3081179280066898e-09	-4.433050545346436	0.8780747560991666	-0.012726649276683743
-999.0	290.0	5.814088279429093e-06	-5.100385315466282e-10	-3.8699297689729626	1.6771367010143508	-0.014045209349175315
-999.0	265.0	5.565263729048316e-06	2.5712927787464612e-11	-3.383858927422142	2.330626003858152	-0.014953717444969249
-999.0	240.0	6.188378086526534e-06	2.973459967185256e-11	-2.832011744380045	2.8197397192319453	-0.014861278627858975
-999.0	215.0	6.867489990574493e-06	-8.092680521559302e-11	-1.8624121066597334	2.9428926971223617	-0.013373057268499402
-999.0	190.0	6.201779512964919e-06	3.4302119819381006e-11	-0.15376284056246925	2.4436519866188187	-0.010653570586216174
-999.0	165.0	4.155195517937405e-06	5.83647134515771e-11	1.9328705353868458	1.336347406109154	-0.007108716362205626
-999.0	140.0	5.67443760465529e-06	1.1576696722565044e-11	3.0237706088356813	0.38508118357921456	-0.0034336117337839017
-999.0	115.0	6.797786142367062e-06	5.213567550365783e-12	3.202414698070934	0.3206547540094815	-0.0008882497542070083
-999.0	90.0	8.588402846793938e-06	1.6781988782994425e-12	4.695391472842977	0.29315200696385635	2.452017210965732e-07
-999.0	65.0	2.8001092141498184e-06	0.0	1.8665442946884554	-0.053105012824150755	0.0
-999.0	40.0	1.3788145202225132e-06	0.0	-8.310725279152418	-0.49541868704059655	0.0
-999.0	15.0	2.7893198493081523e-06	0.0	-16.78324446578825	-0.4752849207983886	0.0
245.22222222222223	40	1004.0527920193142	day	levels	pres0
-999.0	990.0	-9.526505605452098e-06	8.00658735530931e-09	-1.9236569506702466	-0.47200064840554035	0.00041137813125772935
-999.0	965.0	-1.5124395863850861e-05	1.0589816893303113e-08	-3.67059814874772	-0.9921116857203061	0.0010515990771797516
-999.0	940.0	-1.3749995745561699e-05	3.5373945904935914e-09	-4.79279636094968	-1.4686853329961531	0.0016390786257881739
-999.0	915.0	-1.5370959220569528e-05	1.112004432903123e-09	-5.619953256307387	-1.913328039149452	0.0023664657813671167
-999.0	890.0	-1.6787572096269213e-05	2.5979419303068322e-09	-6.301631868989395	-2.292684796783673	0.0033118839001025184
-999.0	865.0	-1.8190351906980553e-05	5.029030093613476e-09	-6.921553154786446	-2.5633277815801314	0.004404156082781807
-999.0	840.0	-1.653084470583925e-05	2.4498532403566006e-09	-7.460404393849569	-2.687429871824075	0.0054636340961817425
-999.0	815.0	-1.1275126093351461e-05	-8.960704293966581e-09	-7.853085116103867	-2.6859455467374476	0.006288509437791115
-999.0	790.0	-6.818287548252181e-06	-1.8038439996532175e-08	-8.035712072142871	-2.592530629701107	0.006746498229491471
-999.0	765.0	-4.833971140398782e-06	-2.0563311696650046e-08	-7.994822279170728	-2.4292622744623347	0.006814100875899965
-999.0	740.0	-5.147461999191766e-06	-1.765648682540403e-08	-7.701629351686566	-2.2309111136322373	0.006550033238432737
-999.0	715.0	-6.681162638325565e-06	-1.2656506668362122e-08	-7.217455309850208	-2.0198237152287377	0.00605367542126867
-999.0	690.0	-7.565290355238788e-06	-9.38265138390021e-09	-6.644318143526717	-1.7733537967282405	0.005406767908712763
-999.0	665.0	-7.212501861933241e-06	-8.12186554496816e-09	-5.991080738880016	-1.473847132590089	0.0046739198442384096
-999.0	640.0	-5.542678488303639e-06	-7.538556732350289e-09	-5.421924396797459	-1.1097504700948004	0.0038897211070010192
-999.0	615.0	-2.6576061880803264e-06	-8.1974798670338e-09	-5.009447648983307	-0.6772851656208304	0.0030399951853165986
-999.0	590.0	-3.740808580631679e-07	-8.462984840684557e-09	-4.836079268543807	-0.2852191411786584	0.002102443424403421
-999.0	565.0	7.134112802527886e-07	-8.231087130496348e-09	-4.962875816557146	0.030830089451267355	0.001051307206398726
-999.0	540.0	7.707425490773629e-07	-7.24905088937693e-09	-5.263537808700854	0.2760816467149878	-0.0001232158763003848
-999.0	515.0	-3.544278078764985e-07	-5.4064184394205245e-09	-5.69371613749753	0.42029334991067413	-0.0014049460967227455
-999.0	490.0	-1.5942251416110203e-06	-4.208394548560634e-09	-6.017214953899402	0.39752244507825646	-0.002770882075633406
-999.0	465.0	-2.2993445669020425e-06	-3.778402884121947e-09	-6.148409267266606	0.17330415374427133	-0.004199720901824192
-999.0	440.0	-2.4723214310033826e-06	-3.964732558239709e-09	-6.128227103639541	-0.16891540204071884	-0.0056858600818091316
-999.0	415.0	-1.9327306169243635e-06	-3.902527399829717e-09	-5.965663185826054	-0.5475188322641371	-0.0072331465397637565
-999.0	390.0	9.140846318393678e-08	-3.6025674862573424e-09	-5.7330690511950655	-0.7053791381142952	-0.00881781015193652
-999.0	365.0	3.3984074168818042e-06	-3.209830311684377e-09	-5.4260234809308	-0.5110479800237752	-0.010383344884863834
-999.0	340.0	5.675896881493082e-06	-2.3116145784875687e-09	-4.96829449330213	0.03578233015204388	-0.011922150596241812
-999.0	315.0	5.981231742124511e-06	-1.4062234644850112e-09	-4.3695320248672544	0.8631210171238025	-0.013465935993903107
-999.0	290.0	5.529406188105355e-06	-5.765397810762379e-10	-3.7926653281405818	1.675422184445234	-0.014903809786968755
-999.0	265.0	5.301505970622871e-06	-1.9366475648554482e-11	-3.2931298155475206	2.3401578187390597	-0.015832843412760964
-999.0	240.0	5.974848541515318e-06	-6.60182415022813e-12	-2.727551615072584	2.84044203327762	-0.015636893155633085
-999.0	215.0	6.636796336392871e-06	-1.0598454739213824e-10	-1.7422086441957996	2.97275079897157	-0.013938762436399391
-999.0	190.0	5.822917892034074e-06	2.477760615429147e-11	-0.01712160529909401	2.4751298659377685	-0.010971717066503966
-999.0	165.0	3.5991094797587206e-06	5.565206886901669e-11	2.071586289891533	1.3609109024206854	-0.007207312522093242
-999.0	140.0	5.2054138619876035e-06	1.154427612182064e-11	3.12469181721964	0.4064642947029254	-0.003445469833536868
-999.0	115.0	6.294493623836511e-06	5.2560909378611595e-12	3.2352701122010257	0.3481872978585853	-0.0009064019629258717
-999.0	90.0	8.182192223439596e-06	1.6808138681153588e-12	4.684783567432994	0.3083408147924551	2.8141566338466946e-07
-999.0	65.0	2.334779257782474e-06	0.0	1.854586677970702	-0.06369970966545	0.0
-999.0	40.0	1.0931407462674544e-06	0.0	-8.273883900294686	-0.5218114559021396	0.0
-999.0	15.0	2.9309825691943692e-06	0.0	-16.72373239530455	-0.49919472662388487	0.0
245.23611111111111	40	1003.8977033827042	day	levels	pres0
-999.0	990.0	-1.044158648326725e-05	7.54622116382212e-09	-1.9054343838383543	-0.47861883734111466	0.0004293273081842218
-999.0	965.0	-1.6151487960483673e-05	1.0051349565529509e-08	-3.6744686710062706	-1.0026857143751002	0.0011135039856209927
-999.0	940.0	-1.4936101831037355e-05	3.1125607515032544e-09	-4.821731085578647	-1.4904210846871186	0.0017284973942594509
-999.0	915.0	-1.6807559369214654e-05	1.6552658550155531e-09	-5.663160191641928	-1.9466061368584586	0.0024511879980120424
-999.0	890.0	-1.852678528837293e-05	4.43354068748311e-09	-6.3506413157339345	-2.3347180700964265	0.0033741550335534697
-999.0	865.0	-2.017226105377507e-05	8.033103072995602e-09	-6.9747440814971595	-2.61381810020515	0.0044399328973529295
-999.0	840.0	-1.8445777475885454e-05	5.911266830158876e-09	-7.518544305253858	-2.7443391018443273	0.005477336862092383
-999.0	815.0	-1.2793119256852328e-05	-6.216007573226314e-09	-7.915526328263391	-2.746070867335309	0.006286472590319945
-999.0	790.0	-7.92470500295802e-06	-1.626298621051768e-08	-8.097420220021773	-2.6534688183002526	0.006730968598896153
-999.0	765.0	-5.632965141497073e-06	-1.9517983388973055e-08	-8.049539504227742	-2.487821923672282	0.006783732277934116
-999.0	740.0	-5.785316735966923e-06	-1.6959925173062083e-08	-7.743308400666211	-2.2850575144402323	0.006503456609372712
-999.0	715.0	-7.25599199125204e-06	-1.2066869821865947e-08	-7.242594273002017	-2.068809578264172	0.005991242986091364
-999.0	690.0	-8.106202007138386e-06	-8.87560840445144e-09	-6.652716577053046	-1.8160970150320395	0.0053317649702494295
-999.0	665.0	-7.719391431858162e-06	-7.704822206439333e-09	-5.983458825835469	-1.5087507946623537	0.004594150821961578
-999.0	640.0	-6.0105773787021e-06	-7.220330530032788e-09	-5.4023839704416465	-1.1346601355406902	0.0038180369405349996
-999.0	615.0	-3.083685693022163e-06	-8.003370529290247e-09	-4.984217567300364	-0.6899069602842713	0.002994349700619842
-999.0	590.0	-7.869480280757589e-07	-8.38392935506448e-09	-4.812488803708998	-0.28702132693596494	0.0021022027707968726
-999.0	565.0	2.5499257098149735e-07	-8.216383854988996e-09	-4.949470397498859	0.03728394838117333	0.0011111882768503859
-999.0	540.0	2.3879675403560235e-07	-7.2437165488984395e-09	-5.26336809220134	0.28918414822932886	3.823937782037232e-06
-999.0	515.0	-9.840211079835307e-07	-5.404328335260653e-09	-5.707343095982459	0.4375297663802163	-0.001215359953303058
-999.0	490.0	-2.2999037856249797e-06	-4.240442014686511e-09	-6.03733374675108	0.41285996166643013	-0.002540982906888788
-999.0	465.0	-3.0364694889171884e-06	-3.874077065943649e-09	-6.164631783962182	0.17904758242959284	-0.003974119798554914
-999.0	440.0	-3.226293878985104e-06	-4.096740457696866e-09	-6.133733942552795	-0.1776598441517842	-0.00552443535430687
-999.0	415.0	-2.6537419708555953e-06	-4.019265819087969e-09	-5.955407456115411	-0.5730294151990143	-0.007197078293311893
-999.0	390.0	-4.815650539016506e-07	-3.7083055257773804e-09	-5.707969515963832	-0.7411822787037089	-0.00895850105680543
-999.0	365.0	3.055456878211612e-06	-3.336427116898542e-09	-5.388637274572712	-0.5470306504931102	-0.010731036733759922
-999.0	340.0	5.448838508326081e-06	-2.435234224853283e-09	-4.918401806028937	0.007509821612040432	-0.012479629372888167
-999.0	315.0	5.726606188411332e-06	-1.5043290009630945e-09	-4.3060135043882	0.8481672781485765	-0.014205181287847818
-999.0	290.0	5.2447240967824536e-06	-6.430410306056533e-10	-3.715400887308351	1.6737076678762375	-0.01576239639528506
-999.0	265.0	5.037748212198256e-06	-6.44458790844205e-11	-3.2024007036730726	2.349689633620064	-0.01671200109874266
-999.0	240.0	5.761318996505009e-06	-4.293824797220128e-11	-2.6230914857653156	2.8611443473233504	-0.01641255450067661
-999.0	215.0	6.406102682212425e-06	-1.3104228956861984e-10	-1.6220051817320777	3.002608900820772	-0.014504473821273
-999.0	190.0	5.444056271104677e-06	1.5253092489228387e-11	0.11951962996402932	2.5066077452566624	-0.011289831150178908
-999.0	165.0	3.0430234415815857e-06	5.293942428646162e-11	2.210302044395938	1.385474398732149	-0.007305889900627268
-999.0	140.0	4.736390119321383e-06	1.1511855521075912e-11	3.225613025603387	0.427847405826566	-0.0034573259630686
-999.0	115.0	5.791201105307426e-06	5.298614325356265e-12	3.2681255263310725	0.3757198417075811	-0.0009245538506410641
-999.0	90.0	7.775981600086325e-06	1.6834288579312436e-12	4.67417566202308	0.3235296226209528	3.1763640807589714e-07
-999.0	65.0	1.8694493014163496e-06	0.0	1.8426290612530118	-0.07429440650676788	0.0
-999.0	40.0	8.074669723128637e-07	0.0	-8.23704252143704	-0.5482042247636301	0.0
-999.0	15.0	3.0726452890793275e-06	0.0	-16.664220324821002	-0.523104532449308	0.0
245.25	40	1003.7426147460935	day	levels	pres0
-999.0	990.0	-1.1356667361084235e-05	7.0858549723332675e-09	-1.88721181700627	-0.4852370262766879	0.0004472732219706497
-999.0	965.0	-1.71785800571174e-05	9.512882237753798e-09	-3.6783391932646423	-1.0132597430298724	0.0011754126711801857
-999.0	940.0	-1.6122207916514188e-05	2.687726912511237e-09	-4.850665810207526	-1.5121568363780777	0.0018179254971645298
-999.0	915.0	-1.8244159517861485e-05	2.1985272771282197e-09	-5.70636712697645	-1.979884234567483	0.0025359106531733172
-999.0	890.0	-2.0265998480479338e-05	6.269139444662465e-09	-6.399650762478511	-2.3767513434092207	0.0034364184937774574
-999.0	865.0	-2.2154170200573624e-05	1.1037176052384355e-08	-7.027935008207956	-2.6643084188302355	0.0044757018968312684
-999.0	840.0	-2.0360710245936555e-05	9.372680419969751e-09	-7.576684216658273	-2.8012483318646746	0.005491035822230829
-999.0	815.0	-1.4311112420357487e-05	-3.471310852479224e-09	-7.977967540423074	-2.806196187933286	0.006284436085283159
-999.0	790.0	-9.03112245766722e-06	-1.4487532424499039e-08	-8.159128367900848	-2.714407006899515	0.006715442955067464
-999.0	765.0	-6.431959142598013e-06	-1.8472655081293648e-08	-8.104256729284922	-2.5463815728823347	0.006753371331592311
-999.0	740.0	-6.423171472744326e-06	-1.626336352071828e-08	-7.784987449645996	-2.3392039152483144	0.006456890776648287
-999.0	715.0	-7.830821344180515e-06	-1.1477232975367869e-08	-7.26773323615392	-2.117795441299677	0.005928823060601726
-999.0	690.0	-8.64711365903969e-06	-8.368565425000809e-09	-6.661115010579427	-1.8588402333358922	0.005256774685505166
-999.0	665.0	-8.226281001784459e-06	-7.287778867908789e-09	-5.975836912790934	-1.5436544567346573	0.004514392921130044
-999.0	640.0	-6.478476269101655e-06	-6.902104327713865e-09	-5.38284354408582	-1.1595698009865978	0.0037463609533684317
-999.0	615.0	-3.509765197964885e-06	-7.809261191545779e-09	-4.958987485617398	-0.7025287549477071	0.0029487086206389313
-999.0	590.0	-1.199815198089237e-06	-8.304873869443933e-09	-4.788898338874181	-0.2888235126932462	0.002101962130525553
-999.0	565.0	-2.0342613829092827e-07	-8.201680579481438e-09	-4.936064978440602	0.04373780731111769	0.001171062722634995
-999.0	540.0	-2.9314904100761765e-07	-7.238382208419756e-09	-5.263198375701903	0.3022866497437159	0.000130847807645124
-999.0	515.0	-1.6136144080923665e-06	-5.402238231100556e-09	-5.720970054467519	0.4547661828498045	-0.0010257992845929555
-999.0	490.0	-3.005582429641099e-06	-4.272489480812241e-09	-6.057452539602915	0.42819747825463605	-0.0023111157707608114
-999.0	465.0	-3.7735944109347957e-06	-3.969751247765358e-09	-6.1808543006579075	0.1847910111149152	-0.00374855031713552
-999.0	440.0	-3.980266326969421e-06	-4.228748357154136e-09	-6.139240781466166	-0.18640428626288968	-0.0053630330174141315
-999.0	415.0	-3.3747533247892356e-06	-4.136004238346316e-09	-5.945151726404825	-0.5985399981339773	-0.007161014843253432
-999.0	390.0	-1.054538570989044e-06	-3.814043565297551e-09	-5.6828699807326	-0.7769854192932447	-0.0090991746795666
-999.0	365.0	2.7125063395403597e-06	-3.4630239221129423e-09	-5.351251068214575	-0.583013320962588	-0.011078693086393435
-999.0	340.0	5.221780135158311e-06	-2.5588538712192396e-09	-4.868509118755657	-0.020762686928113394	-0.01303706347924938
-999.0	315.0	5.471980634697334e-06	-1.6024345374413918e-09	-4.242494983909031	0.833213539173206	-0.014944385158593376
-999.0	290.0	4.960042005458725e-06	-7.095422801352536e-10	-3.6381364464759827	1.671993151307106	-0.016620969174133523
-999.0	265.0	4.7739904537727985e-06	-1.0952528252043215e-10	-3.111671591798464	2.3592214485009513	-0.01759119050292558
-999.0	240.0	5.547789451493708e-06	-7.927467179426996e-11	-2.518631356457869	2.8818466613690057	-0.017188262662993024
-999.0	215.0	6.175409028030657e-06	-1.5610003174515437e-10	-1.5018017192681627	3.03246700266997	-0.015070191423118695
-999.0	190.0	5.065194650173739e-06	5.728578824144093e-12	0.2561608652273816	2.538085624575615	-0.011607912837246034
-999.0	165.0	2.4869374034029464e-06	5.022677970390321e-11	2.3490177989006042	1.410037895043691	-0.007404448497806836
-999.0	140.0	4.267366376653728e-06	1.1479434920331685e-11	3.326534233987331	0.4492305169502893	-0.0034691801223781953
-999.0	115.0	5.287908586776918e-06	5.34113771285168e-12	3.3009809404611588	0.40325238555669785	-0.0009427054173523098
-999.0	90.0	7.369770976732036e-06	1.6860438477471639e-12	4.663567756613095	0.33871843044956523	3.538639551702342e-07
-999.0	65.0	1.4041193450490631e-06	0.0	1.8306714445352554	-0.08488910334805647	0.0
-999.0	40.0	5.217931983578535e-07	0.0	-8.200201142579315	-0.574596993625164	0.0
-999.0	15.0	3.2143080089655186e-06	0.0	-16.60470825433731	-0.5470143382747967	0.0
245.26388888888889	40	1003.7511370623554	day	levels	pres0
-999.0	990.0	-1.1444310300768991e-05	6.994016096881837e-09	-1.8911769356992765	-0.4901501068638432	0.00045578887342
-999.0	965.0	-1.742101352999162e-05	9.518248785872224e-09	-3.6777597284979557	-1.01027691854094	0.001191768044760849
-999.0	940.0	-1.6633946613367273e-05	3.239223485623076e-09	-4.861386031464329	-1.5092285651437536	0.0018240166519610192
-999.0	915.0	-1.8667422465927254e-05	3.049473730113014e-09	-5.722221515244943	-1.9809174857757599	0.002510025979771173
-999.0	890.0	-2.0430186529138566e-05	6.8505017242326345e-09	-6.413737433928063	-2.3805091768779043	0.003368490406567159
-999.0	865.0	-2.2089684064933365e-05	1.1120261576042056e-08	-7.038078994662698	-2.6692975582899807	0.004367988342694888
-999.0	840.0	-2.0324316967102478e-05	9.221466240920704e-09	-7.5857098588237255	-2.8050738871097525	0.005355372671036511
-999.0	815.0	-1.462899683591463e-05	-3.033168896564668e-09	-7.987351889963525	-2.802581701013769	0.006137013456533859
-999.0	790.0	-9.621472712108692e-06	-1.3572724275921687e-08	-8.168128357993254	-2.6982562139078228	0.006569005460757909
-999.0	765.0	-7.079484146242446e-06	-1.7546420014335128e-08	-8.11396689988951	-2.5179719146754667	0.006611229148255191
-999.0	740.0	-6.997889418485238e-06	-1.5567937000402318e-08	-7.797059505074134	-2.302363538631638	0.006313008844124099
-999.0	715.0	-8.299239200191684e-06	-1.1051724668579027e-08	-7.282916773248619	-2.076334131260651	0.005772300938241123
-999.0	690.0	-9.097236133403393e-06	-8.071355486705994e-09	-6.677721950742945	-1.8148966877304424	0.005077144551325591
-999.0	665.0	-8.748259992768557e-06	-7.009359480000357e-09	-5.9916773482605326	-1.499622481288649	0.004306038484929451
-999.0	640.0	-7.073341158828699e-06	-6.622845399693395e-09	-5.398899870269279	-1.1165351192983406	0.0035084906247168854
-999.0	615.0	-4.172614264664825e-06	-7.521512663305872e-09	-4.976904050067619	-0.6617567497390882	0.0026840125431447405
-999.0	590.0	-1.8799009408574604e-06	-8.022085615718954e-09	-4.808702695148962	-0.2522469619115686	0.0018136452606973509
-999.0	565.0	-8.282534262638369e-07	-7.926622567964565e-09	-4.9573050704267265	0.07368710581910987	0.000859233857899495
-999.0	540.0	-8.529108956675312e-07	-6.96553156120416e-09	-5.28490457821775	0.32433513800309655	-0.00020649138192391838
-999.0	515.0	-2.1157381838621267e-06	-5.10827657970672e-09	-5.741595226305502	0.4680947081910726	-0.001389899088857781
-999.0	490.0	-3.4684620542770434e-06	-3.972880773671119e-09	-6.074486335118612	0.4341525178816913	-0.0026973915100211273
-999.0	465.0	-4.203324237313725e-06	-3.7125063527534743e-09	-6.1916678967299275	0.18631793641383795	-0.004141356889467569
-999.0	440.0	-4.3874383935663e-06	-4.011306899669746e-09	-6.144073102209302	-0.18380708661343137	-0.005739800545032844
-999.0	415.0	-3.831899174443672e-06	-3.906254475881306e-09	-5.945398556965367	-0.5884264900728433	-0.0075008794163649644
-999.0	390.0	-1.6283529004331817e-06	-3.5740537843194234e-09	-5.680364946903729	-0.7561640313792	-0.009388703832446357
-999.0	365.0	2.0243795689208036e-06	-3.2648156673588415e-09	-5.347784715670129	-0.5515394779267225	-0.011314306453433145
-999.0	340.0	4.503828660347231e-06	-2.4382293085041996e-09	-4.864380622903514	0.013753304326957441	-0.013215859691678607
-999.0	315.0	4.765938891052774e-06	-1.5371701605087846e-09	-4.2385886558504176	0.8616642642903978	-0.01505223651231014
-999.0	290.0	4.258855108751304e-06	-6.690245945606901e-10	-3.6388279006437303	1.6925692467225706	-0.016637549381865624
-999.0	265.0	4.101425637834979e-06	-9.210969864518956e-11	-3.1235841547173977	2.3719235965281267	-0.017507629827015328
-999.0	240.0	4.8590853183670584e-06	-6.405634437509448e-11	-2.548189403282346	2.881926013363713	-0.017025349062517476
-999.0	215.0	5.468508847145188e-06	-1.370857378024464e-10	-1.5531583168993266	3.0166882629747396	-0.014877470185863792
-999.0	190.0	4.515543775517425e-06	1.0684679378334051e-11	0.17931891922586118	2.515877222573266	-0.011435851389080601
-999.0	165.0	2.1416281926998243e-06	4.9867741009196335e-11	2.248699628368449	1.3998560626749172	-0.007288605422522418
-999.0	140.0	3.8180571243949476e-06	1.1319157740819502e-11	3.2226529546356772	0.44886531211707825	-0.0033800510890742135
-999.0	115.0	4.709593761508437e-06	5.091000654057954e-12	3.2227161184504203	0.38956457293691726	-0.0008810693660039377
-999.0	90.0	6.737137722845282e-06	1.5336610288824982e-12	4.626073620937439	0.320527552247571	3.382608818699213e-07
-999.0	65.0	9.428499862470079e-07	0.0	1.8192156746431443	-0.07947867515462942	0.0
-999.0	40.0	2.402414154803879e-07	0.0	-8.211627775001249	-0.5488372880068252	0.0
-999.0	15.0	3.3599543940940786e-06	0.0	-16.623064992466485	-0.5155618300109044	0.0
245.27777777777777	40	1003.7596593786167	day	levels	pres0
-999.0	990.0	-1.153195324045347e-05	6.902177221431166e-09	-1.8951420543922277	-0.4950631874509943	0.00046430295029048594
-999.0	965.0	-1.7663447002864807e-05	9.52361533399137e-09	-3.6771802637312074	-1.0072940940520254	0.0012081164154397453
-999.0	940.0	-1.7145685310218464e-05	3.790720058734273e-09	-4.87210625272105	-1.506300293909453	0.0018301053835599766
-999.0	915.0	-1.9090685413991052e-05	3.9004201830962045e-09	-5.738075903513351	-1.9819507369840572	0.0024841492550482453
-999.0	890.0	-2.059437457779635e-05	7.431864003802091e-09	-6.427824105377536	-2.3842670103466057	0.00330057929357848
-999.0	865.0	-2.2025197929292534e-05	1.1203347099701015e-08	-7.0482229811173776	-2.674286697749737	0.004260298863227966
-999.0	840.0	-2.0287923688268238e-05	9.070252061873458e-09	-7.594735500989125	-2.808899442354838	0.00521973757826731
-999.0	815.0	-1.4946881251470837e-05	-2.5950269406511697e-09	-7.996736239503919	-2.79896721409427	0.005989618846889754
-999.0	790.0	-1.0211822966548474e-05	-1.2657916127347959e-08	-8.177128348085605	-2.6821054209161757	0.0064225937425510474
-999.0	765.0	-7.727009149885108e-06	-1.6620184947380452e-08	-8.123677070494042	-2.489562256468679	0.006469111189504908
-999.0	740.0	-7.572607364224611e-06	-1.4872510480089142e-08	-7.8091315605022205	-2.2655231620150738	0.006169151875760286
-999.0	715.0	-8.767657056201571e-06	-1.0626216361791763e-08	-7.298100310343277	-2.034872821221767	0.005615806941326102
-999.0	690.0	-9.547358607765833e-06	-7.774145548412124e-09	-6.694328890906436	-1.7709531421251619	0.004897547233554051
-999.0	665.0	-9.270238983751257e-06	-6.7309400920926074e-09	-6.007517783730117	-1.4555905058428298	0.004097721302320625
-999.0	640.0	-7.668206048554218e-06	-6.343586471673526e-09	-5.4149561964527315	-1.0735004376102864	0.0032706612857675557
-999.0	615.0	-4.835463331363106e-06	-7.233764135066691e-09	-4.994820614517838	-0.6209847445306746	0.0024193598603475036
-999.0	590.0	-2.559986683624084e-06	-7.739297361994786e-09	-4.828507051423743	-0.215670411130088	0.0015253739668198117
-999.0	565.0	-1.4530807142354259e-06	-7.651564556448638e-09	-4.978545162412853	0.10363640432692715	0.0005474537310293922
-999.0	540.0	-1.4126727503263352e-06	-6.692680913989607e-09	-5.3066107807336005	0.3463836262623327	-0.000543778783754442
-999.0	515.0	-2.6178619596308237e-06	-4.814314928314113e-09	-5.762220398143484	0.4814232335322324	-0.001753945194297912
-999.0	490.0	-3.931341678911953e-06	-3.6732720665313145e-09	-6.091520130634306	0.44010755750867303	-0.003083615684692892
-999.0	465.0	-4.633054063691715e-06	-3.4552614577427157e-09	-6.202481492801951	0.18784486171271575	-0.0045341209341954
-999.0	440.0	-4.794610460162226e-06	-3.793865442186273e-09	-6.148905422952444	-0.18120988696400075	-0.006116540562327307
-999.0	415.0	-4.289045024096792e-06	-3.676504713417148e-09	-5.945645387525916	-0.5783129820117302	-0.007840734474912578
-999.0	390.0	-2.202167229875445e-06	-3.3340640033420553e-09	-5.677859913074866	-0.7353426434651662	-0.00967823884892179
-999.0	365.0	1.3362527983036057e-06	-3.0666074126053367e-09	-5.344318363125682	-0.5200656348908519	-0.011549934701071178
-999.0	340.0	3.7858771855386547e-06	-2.317604745789528e-09	-4.860252127051355	0.048269295582051064	-0.013394669878722117
-999.0	315.0	4.0598971474106575e-06	-1.4719057835763666e-09	-4.234682327791772	0.8901149894076258	-0.01516009414354317
-999.0	290.0	3.5576682120463024e-06	-6.285069089862426e-10	-3.6395193548114166	1.7131453421380718	-0.016654129952339083
-999.0	265.0	3.428860821899491e-06	-7.469411477000885e-11	-3.1354967176362214	2.3846257445553327	-0.01742407072803406
-999.0	240.0	4.1703811852425265e-06	-4.883801695594189e-11	-2.5777474501066577	2.882005365358463	-0.016862444704438737
-999.0	215.0	4.761608666261534e-06	-1.1807144385975628e-10	-1.6045149145302704	3.0009095232795877	-0.014684764097506431
-999.0	190.0	3.965892900862475e-06	1.5640779932519357e-11	0.10247697322460225	2.4936688205710262	-0.011263803547436557
-999.0	165.0	1.7963189819979177e-06	4.950870231449259e-11	2.148381457836578	1.3896742303062442	-0.007172771432332129
-999.0	140.0	3.3687478721377907e-06	1.115888056130793e-11	3.118771675284299	0.4485001072839525	-0.0032909307123589124
-999.0	115.0	4.131278936241688e-06	4.840863595264926e-12	3.144451296439905	0.3758767603172318	-0.0008194373983286965
-999.0	90.0	6.104504468960266e-06	1.381278210018554e-12	4.588579485261897	0.30233667404564496	3.226565106328316e-07
-999.0	65.0	4.815806274460995e-07	0.0	1.8077599047510777	-0.07406824696119135	0.0
-999.0	40.0	-4.131036739667417e-08	0.0	-8.223054407423147	-0.5230775823885755	0.0
-999.0	15.0	3.50560077922139e-06	0.0	-16.641421730595592	-0.48410932174712945	0.0
245.29166666666666	40	1003.7681816948784	day	levels	pres0
-999.0	990.0	-1.1619596180138218e-05	6.8103383459796985e-09	-1.8991071730852294	-0.4999762680381547	0.0004728154524618154
-999.0	965.0	-1.7905880475739097e-05	9.528981882109782e-09	-3.6766007989645146	-1.004311269563097	0.0012244577831562664
-999.0	940.0	-1.7657424007071658e-05	4.34221663184619e-09	-4.882826473977848	-1.50337202267513	0.001836191691985215
-999.0	915.0	-1.9513948362056845e-05	4.751366636081144e-09	-5.753930291781839	-1.9829839881923328	0.0024582804789600333
-999.0	890.0	-2.075856262645556e-05	8.013226283372462e-09	-6.441910776827083	-2.3880248438152876	0.0032326851548727877
-999.0	865.0	-2.1960711793652234e-05	1.1286432623358977e-08	-7.058366967572114	-2.67927583720948	0.004152633458823968
-999.0	840.0	-2.0251530409434137e-05	8.919037882824709e-09	-7.6037611431545775	-2.8127249975999136	0.0050841305446692135
-999.0	815.0	-1.5264765667027988e-05	-2.1568849847363195e-09	-8.006120589044368	-2.7953527271747527	0.005842252256939888
-999.0	790.0	-1.0802173220989985e-05	-1.1743107978770373e-08	-8.18612833817801	-2.6659546279244823	0.006276207800557713
-999.0	765.0	-8.374534153529593e-06	-1.5693949880421777e-08	-8.133387241098628	-2.4611525982618105	0.006327017455211204
-999.0	740.0	-8.147325309965582e-06	-1.4177083959773105e-08	-7.821203615930357	-2.228682785398397	0.0060253198713668835
-999.0	715.0	-9.236074912212793e-06	-1.0200708055002894e-08	-7.313283847437975	-1.9934115111827415	0.005459341069711184
-999.0	690.0	-9.997481082129592e-06	-7.476935610117303e-09	-6.710935831069956	-1.7270095965197145	0.0047179827320333
-999.0	665.0	-9.792217974735408e-06	-6.45252070418417e-09	-6.023358219199716	-1.4115585303968246	0.0038894413730356453
-999.0	640.0	-8.263070938281313e-06	-6.0643275436530456e-09	-5.431012522636194	-1.0304657559220334	0.0030328729361234507
-999.0	615.0	-5.498312398063084e-06	-6.946015606826762e-09	-5.012737178968064	-0.5802127393220604	0.0021547505717154827
-999.0	590.0	-3.2400724263923476e-06	-7.456509108269795e-09	-4.84831140769853	-0.17909386034841482	0.0012371482482528698
-999.0	565.0	-2.0779080022083964e-06	-7.376506544931769e-09	-4.999785254398986	0.13358570283491525	0.00023572234127044244
-999.0	540.0	-1.9724346049863242e-06	-6.419830266774033e-09	-5.328316983249456	0.3684321145217092	-0.0008810143986337872
-999.0	515.0	-3.119985735400658e-06	-4.5203532769203195e-09	-5.7828455699814745	0.49475175887349654	-0.002117937601605748
-999.0	490.0	-4.394221303547957e-06	-3.3736633593902407e-09	-6.108553926150011	0.44606259713572527	-0.0034697882952960555
-999.0	465.0	-5.0627838900706746e-06	-3.198016562730868e-09	-6.2132950888739735	0.1893717870116385	-0.004926842451606137
-999.0	440.0	-5.2017825267590925e-06	-3.5764239847018992e-09	-6.153737743695581	-0.17861268731453817	-0.006493253069427152
-999.0	415.0	-4.746190873751174e-06	-3.446754950952114e-09	-5.945892218086458	-0.5681994739505866	-0.008180580018930458
-999.0	390.0	-2.7759815593195338e-06	-3.094074222363861e-09	-5.675354879245994	-0.7145212555511066	-0.0099677797289466
-999.0	365.0	6.481260276840535e-07	-2.868399157851162e-09	-5.340852010581235	-0.4885917918549688	-0.011785577829204443
-999.0	340.0	3.0679257107275477e-06	-2.196980183074437e-09	-4.856123631199214	0.08278528683713954	-0.013573494040292854
-999.0	315.0	3.3538554037660777e-06	-1.406641406643738e-09	-4.230775999733165	0.9185657145248315	-0.01526795805226127
-999.0	290.0	2.856481315338858e-06	-5.879892234116707e-10	-3.6402108089791736	1.7337214375535446	-0.016670710885552695
-999.0	265.0	2.756296005961644e-06	-5.7278530894761094e-11	-3.147409280555163	2.3973278925825103	-0.01734051320597845
-999.0	240.0	3.4816770521158367e-06	-3.3619689536757924e-11	-2.6073054969311382	2.882084717353167	-0.016699549588738986
-999.0	215.0	4.054708485376023e-06	-9.905714991703791e-11	-1.6558715121614371	2.985130783584354	-0.014492073158034652
-999.0	190.0	3.4162420262061426e-06	2.0596880486713067e-11	0.025635027223074425	2.4714604185686815	-0.011091769312312162
-999.0	165.0	1.4510097712948286e-06	4.914966361978584e-11	2.0480632873044113	1.3794923979374785	-0.007056946527236366
-999.0	140.0	2.9194386198790364e-06	1.0998603381795618e-11	3.0148903959326345	0.4481349024507464	-0.0032018189922326697
-999.0	115.0	3.552964110973201e-06	4.5907265364711345e-12	3.0661864744291614	0.3621889476974481	-0.0007578095143266112
-999.0	90.0	5.471871215073495e-06	1.2288953911538804e-12	4.551085349586239	0.2841457958436455	3.0705084145899357e-07
-999.0	65.0	2.031126864404061e-08	0.0	1.796304134858967	-0.06865781876776342	0.0
-999.0	40.0	-3.2286215027412383e-07	0.0	-8.23448103984508	-0.4973178767702334	0.0
-999.0	15.0	3.651247164350024e-06	0.0	-16.65977846872477	-0.4526568134832334	0.0
245.30555555555554	40	1003.7767040111402	day	levels	pres0
-999.0	990.0	-1.1707239119822699e-05	6.7184994705290286e-09	-1.9030722917781802	-0.5048893486253055	0.0004813263798136397
-999.0	965.0	-1.8148313948612285e-05	9.534348430228926e-09	-3.6760213341977668	-1.0013284450741824	0.0012407921478496632
-999.0	940.0	-1.8169162703922853e-05	4.893713204957386e-09	-4.89354669523457	-1.5004437514408302	0.0018422755772605018
-999.0	915.0	-1.9937211310120652e-05	5.602313089064332e-09	-5.769784680050247	-1.9840172394006301	0.0024324196514623393
-999.0	890.0	-2.0922750675113332e-05	8.594588562941921e-09	-6.455997448276559	-2.391782677283989	0.003164807990512228
-999.0	865.0	-2.1896225658011406e-05	1.1369518147017937e-08	-7.068510954026794	-2.684264976669237	0.004044992129877605
-999.0	840.0	-2.0215137130599897e-05	8.76782370377746e-09	-7.612786785319975	-2.816550552844999	0.0049485515709898256
-999.0	815.0	-1.5582650082584193e-05	-1.7187430288228234e-09	-8.015504938584762	-2.791738240255254	0.005694913687275208
-999.0	790.0	-1.1392523475429765e-05	-1.0828299830196648e-08	-8.19512832827036	-2.649803834932835	0.006129847634890824
-999.0	765.0	-9.022059157172256e-06	-1.4767714813467101e-08	-8.14309741170316	-2.432742940055022	0.006184947945245981
-999.0	740.0	-8.722043255704954e-06	-1.3481657439459926e-08	-7.833275671358444	-2.1918424087818327	0.005881512830756232
-999.0	715.0	-9.704492768222679e-06	-9.775199748215629e-09	-7.328467384532634	-1.951950201143858	0.005302903323253298
-999.0	690.0	-1.0447603556492032e-05	-7.179725671823436e-09	-6.727542771233446	-1.6830660509144337	0.00453845104660863
-999.0	665.0	-1.0314196965718104e-05	-6.17410131627642e-09	-6.039198654669301	-1.3675265549510058	0.003681198696809225
-999.0	640.0	-8.85793582800683e-06	-5.7850686156331715e-09	-5.447068848819648	-0.9874310742339789	0.0027951255753902505
-999.0	615.0	-6.161161464761365e-06	-6.658267078587581e-09	-5.0306537434182825	-0.5394407341136469	0.0018901846767195502
-999.0	590.0	-3.9201581691589715e-06	-7.173720854545625e-09	-4.868115763973311	-0.14251730956693412	0.0009489681043588783
-999.0	565.0	-2.7027352901799855e-06	-7.101448533415842e-09	-5.021025346385112	0.16353500134273272	-7.596031212942438e-05
-999.0	540.0	-2.532196459645129e-06	-6.14697961955948e-09	-5.3500231857653056	0.39048060278094526	-0.0012181982273473501
-999.0	515.0	-3.622109511169355e-06	-4.22639162552771e-09	-5.803470741819456	0.5080802842146563	-0.002481876311471839
-999.0	490.0	-4.8571009281828655e-06	-3.074054652250435e-09	-6.125587721665704	0.45201763676270684	-0.0038559093423486163
-999.0	465.0	-5.4925137164486654e-06	-2.940771667720108e-09	-6.224108684945996	0.1908987123105161	-0.005319521441984819
-999.0	440.0	-5.6089545933550185e-06	-3.3589825272184267e-09	-6.158570064438723	-0.17601548766510755	-0.006869938066459868
-999.0	415.0	-5.203336723404294e-06	-3.2170051884879545e-09	-5.946139048647009	-0.5580859658894735	-0.008520416048450708
-999.0	390.0	-3.3497958887617973e-06	-2.8540844413864925e-09	-5.672849845417131	-0.6936998676370731	-0.010257326472472579
-999.0	365.0	-4.000074293314494e-08	-2.6701909030976567e-09	-5.337385658036788	-0.4571179488190982	-0.012021235837727996
-999.0	340.0	2.3499742359189725e-06	-2.0763556203597652e-09	-4.851995135347056	0.11730127809223286	-0.013752332176302033
-999.0	315.0	2.647813660123962e-06	-1.3413770297113193e-09	-4.226869671674519	0.9470164396420597	-0.01537582823843175
-999.0	290.0	2.1552944186338574e-06	-5.474715378372231e-10	-3.6409022631468595	1.754297532969046	-0.016687292181504276
-999.0	265.0	2.083731190026156e-06	-3.986294701958033e-11	-3.1593218434739874	2.4100300406097173	-0.01725695726084505
-999.0	240.0	2.7929729189913047e-06	-1.840136211760531e-11	-2.636863543755449	2.8821640693479162	-0.01653666371540092
-999.0	215.0	3.3478083044923667e-06	-8.004285597434778e-11	-1.707228109792381	2.9693520438892027	-0.014299397367437067
-999.0	190.0	2.8665911515511914e-06	2.5552981040898375e-11	-0.051206918778184785	2.4492520165664415	-0.010919748683705844
-999.0	165.0	1.1057005605929216e-06	4.8790624925082077e-11	1.9477451167725401	1.3693105655688056	-0.006941130707235253
-999.0	140.0	2.4701293676218804e-06	1.083832620228405e-11	2.9110091165812557	0.44776969761762075	-0.003112715928695789
-999.0	115.0	2.974649285706453e-06	4.340589477678108e-12	2.9879216524186463	0.3485011350777625	-0.0006961857139978529
-999.0	90.0	4.839237961188481e-06	1.076512572289936e-12	4.513591213910696	0.2659549176417195	2.914438743483642e-07
-999.0	65.0	-4.4095809015686775e-07	0.0	1.7848483649669	-0.06324739057432527	0.0
-999.0	40.0	-6.044139331511858e-07	0.0	-8.245907672266977	-0.47155817115198384	0.0
-999.0	15.0	3.796893549477336e-06	0.0	-16.67813520685388	-0.42120430521945856	0.0
245.31944444444446	40	1003.7852263274015	day	levels	pres0
-999.0	990.0	-1.1794882059507428e-05	6.626660595077828e-09	-1.9070374104711876	-0.5098024292124675	0.0004898357322256857
-999.0	965.0	-1.839074742148647e-05	9.539714978347646e-09	-3.6754418694310904	-0.9983456205852611	0.001257119509459301
-999.0	940.0	-1.8680901400776023e-05	5.445209778069438e-09	-4.904266916491396	-1.4975154802065223	0.0018483570394095903
-999.0	915.0	-2.0360474258186503e-05	6.453259542049174e-09	-5.785639068318771	-1.9850504906089255	0.0024065667725105748
-999.0	890.0	-2.108693872377268e-05	9.17595084251196e-09	-6.47008411972614	-2.395540510752691	0.0030969478005580683
-999.0	865.0	-2.1831739522371283e-05	1.145260367067532e-08	-7.0786549404815675	-2.6892541161289962	0.003937374876782206
-999.0	840.0	-2.0178743851765972e-05	8.61660952472783e-09	-7.621812427485454	-2.8203761080900844	0.004813000657974933
-999.0	815.0	-1.5900534498141456e-05	-1.2806010729090477e-09	-8.02488928812524	-2.7881237533357366	0.005547603138484561
-999.0	790.0	-1.1982873729871277e-05	-9.913491681620184e-09	-8.20412831836279	-2.6336530419411357	0.00598351324566105
-999.0	765.0	-9.669584160816645e-06	-1.3841479746509355e-08	-8.152807582307766	-2.404333281848143	0.006042902659478798
-999.0	740.0	-9.296761201445789e-06	-1.2786230919144513e-08	-7.845347726786593	-2.1550020321651435	0.00573773075373817
-999.0	715.0	-1.0172910624233791e-05	-9.349691441427106e-09	-7.343650921627339	-1.9104888911048206	0.005146493701806732
-999.0	690.0	-1.0897726030855774e-05	-6.882515733528688e-09	-6.7441497113969655	-1.6391225053089755	0.004358952177122541
-999.0	665.0	-1.0836175956702395e-05	-5.89568192836777e-09	-6.055039090138896	-1.3234945795049924	0.0034729932733731502
-999.0	640.0	-9.452800717734176e-06	-5.505809687612366e-09	-5.463125175003096	-0.94439639254572	0.0025574192031706374
-999.0	615.0	-6.824010531461668e-06	-6.370518550347362e-09	-5.048570307868494	-0.4986687289050287	0.0016256621748275944
-999.0	590.0	-4.60024391192757e-06	-6.890932600820375e-09	-4.887920120248085	-0.10594075878525841	0.0006608335344973306
-999.0	565.0	-3.3275625781532195e-06	-6.826390521898765e-09	-5.042265438371229	0.19348429985072316	-0.00038759422992495695
-999.0	540.0	-3.0919583143052745e-06	-5.874128972343728e-09	-5.371729388281146	0.4125290910403259	-0.0015553302706830265
-999.0	515.0	-4.124233286939225e-06	-3.932429974133764e-09	-5.82409591365743	0.5214088095559272	-0.00284576132458915
-999.0	490.0	-5.3199805528188535e-06	-2.774445945109245e-09	-6.142621517181392	0.4579726763897653	-0.004241978826371085
-999.0	465.0	-5.9222435428276516e-06	-2.683526772708186e-09	-6.234922281018003	0.1924256376094386	-0.005712157905619113
-999.0	440.0	-6.0161266599519915e-06	-3.1415410697340183e-09	-6.16340238518184	-0.17341828801565298	-0.007246595553555638
-999.0	415.0	-5.660482573058858e-06	-2.9872554260229466e-09	-5.94638587920753	-0.5479724578283431	-0.008860242563508045
-999.0	390.0	-3.9236102182060785e-06	-2.6140946604083788e-09	-5.670344811588238	-0.6728784797230214	-0.010546879079453928
-999.0	365.0	-7.28127513552825e-07	-2.471982648343583e-09	-5.333919305492321	-0.425644105783207	-0.012256908726539183
-999.0	340.0	1.6320227611077535e-06	-1.9557310576447475e-09	-4.847866639494889	0.15181726934734224	-0.013931184286662962
-999.0	315.0	1.941771916479157e-06	-1.2761126527786954e-09	-4.22296334361588	0.9754671647592903	-0.01548370470202367
-999.0	290.0	1.4541075219261287e-06	-5.069538522626334e-10	-3.6415937173145787	1.774873628384542	-0.016703873840192843
-999.0	265.0	1.4111663740880871e-06	-2.2447363144336432e-11	-3.171234406392896	2.4227321886369135	-0.017173402892630703
-999.0	240.0	2.1042687858644993e-06	-3.1830346984442666e-12	-2.6664215905799096	2.8822434213426327	-0.0163737870844069
-999.0	215.0	2.640908123606764e-06	-6.102856203165119e-11	-1.7585847074235388	2.9535733041939753	-0.014106736725701818
-999.0	190.0	2.3169402768946288e-06	3.050908159508518e-11	-0.12804886477970706	2.427043614564095	-0.010747741661615906
-999.0	165.0	7.60391349889428e-07	4.843158623037492e-11	1.8474269462403776	1.3591287332000324	-0.006825323972329186
-999.0	140.0	2.0208201153628223e-06	1.0678049022771938e-11	2.807127837229595	0.44740449278441013	-0.0030236215217486094
-999.0	115.0	2.3963344604377783e-06	4.090452418884344e-12	2.9096568304079047	0.33481332245798123	-0.0006345659973424069
-999.0	90.0	4.20660470730152e-06	9.241297534252587e-13	4.476097078235032	0.24776403943971748	2.7583560930094294e-07
-999.0	65.0	-9.022274489590424e-07	0.0	1.7733925950747818	-0.05783696238089686	0.0
-999.0	40.0	-8.859657160287675e-07	0.0	-8.257334304688927	-0.4457984655336458	0.0
-999.0	15.0	3.942539934605636e-06	0.0	-16.696491944983073	-0.3897517969555586	0.0
245.33333333333334	40	1003.7937486436632	day	levels	pres0
-999.0	990.0	-1.1882524999191888e-05	6.534821719627151e-09	-1.9110025291641408	-0.5147155097996204	0.0004983435095776486
-999.0	965.0	-1.8633180894359685e-05	9.545081526466765e-09	-3.6748624046643497	-0.9953627960963503	0.0012734398679244935
-999.0	940.0	-1.9192640097627255e-05	5.9967063511805345e-09	-4.914987137748125	-1.494587208972225	0.0018544360784563724
-999.0	915.0	-2.078373720625035e-05	7.3042059950322294e-09	-5.8014934565871865	-1.9860837418172237	0.0023807218420607177
-999.0	890.0	-2.125112677243055e-05	9.757313122081292e-09	-6.4841707911756234	-2.3992983442213913	0.0030291045850726604
-999.0	865.0	-2.1767253386730557e-05	1.1535689194334142e-08	-7.088798926936254	-2.694243255588751	0.0038297816999326825
-999.0	840.0	-2.0142350572931793e-05	8.465395345680452e-09	-7.630838069650861	-2.824201663335168	0.004677477806372306
-999.0	815.0	-1.6218418913697652e-05	-8.424591169956757e-10	-8.034273637665638	-2.7845092664162374	0.005400320611159131
-999.0	790.0	-1.2573223984311004e-05	-8.998683533046569e-09	-8.213128308455143	-2.6175022489494886	0.0058372046329816085
-999.0	765.0	-1.0317109164459224e-05	-1.2915244679554776e-08	-8.1625177529123	-2.3759236236413566	0.005900881597781904
-999.0	740.0	-9.87147914718508e-06	-1.2090804398831428e-08	-7.857419782214685	-2.118161655548581	0.005593973640125414
-999.0	715.0	-1.064132848024362e-05	-8.924183134639918e-09	-7.358834458721996	-1.8690275810659376	0.004990112205228873
-999.0	690.0	-1.1347848505218183e-05	-6.585305795234861e-09	-6.760756651560452	-1.5951789597036947	0.004179486123420827
-999.0	665.0	-1.1358154947685078e-05	-5.617262540460014e-09	-6.070879525608472	-1.2794626040591732	0.0032648251024627014
-999.0	640.0	-1.0047665607459683e-05	-5.226550759592471e-09	-5.479181501186544	-0.9013617108576644	0.0023197538190709074
-999.0	615.0	-7.48685959815993e-06	-6.082770022108153e-09	-5.066486872318705	-0.4578967236966131	0.0013611830655111564
-999.0	590.0	-5.280329654694163e-06	-6.608144347096178e-09	-4.907724476522857	-0.06936420800377496	0.00037274453803131914
-999.0	565.0	-3.952389866124771e-06	-6.551332510382815e-09	-5.06350553035735	0.22343359835854412	-0.000699179412867418
-999.0	540.0	-3.651720168964034e-06	-5.60127832512916e-09	-5.393435590796988	0.4345775792995663	-0.0018924105294253295
-999.0	515.0	-4.626357062707868e-06	-3.638468322741147e-09	-5.844721085495405	0.534737334897092	-0.0032095926416472746
-999.0	490.0	-5.782860177453703e-06	-2.474837237969437e-09	-6.159655312697079	0.4639277160167518	-0.004627996747880466
-999.0	465.0	-6.3519733692055755e-06	-2.4262818776974267e-09	-6.245735877090018	0.19395256290832052	-0.00610475184279304
-999.0	440.0	-6.4232987265478505e-06	-2.9240996122505454e-09	-6.168234705924978	-0.17082108836621948	-0.007623225530840895
-999.0	415.0	-6.11762842271192e-06	-2.757505663558786e-09	-5.946632709768074	-0.5378589497672287	-0.009200059564133528
-999.0	390.0	-4.497424547648298e-06	-2.3741048794310086e-09	-5.6678397777593705	-0.6520570918089881	-0.010836437549841427
-999.0	365.0	-1.4162542841699975e-06	-2.2737743935900743e-09	-5.330452952947871	-0.39417026274733746	-0.01249259649553215
-999.0	340.0	9.140712862991849e-07	-1.8351064949300725e-09	-4.843738143642729	0.18633326060243374	-0.014110050371286063
-999.0	315.0	1.2357301728370287e-06	-1.2108482758462722e-09	-4.219057015557237	1.0039178898765164	-0.015591587443003666
-999.0	290.0	7.529206252210994e-07	-4.664361666881819e-10	-3.64228517148227	1.7954497238000404	-0.01672045586161562
-999.0	265.0	7.386015581525792e-07	-5.031779269154174e-12	-3.1831469693117245	2.4354343366641156	-0.01708985010133137
-999.0	240.0	1.415564652739993e-06	1.2035292720704552e-11	-2.6959796374042235	2.8823227733373784	-0.016210919695739016
-999.0	215.0	1.9340079427231767e-06	-4.201426808896568e-11	-1.8099413050544835	2.9377945644988213	-0.013914091232816945
-999.0	190.0	1.7672894022397136e-06	3.5465182149269716e-11	-0.2048908107809645	2.4048352125618546	-0.01057574824604031
-999.0	165.0	4.1508213918747636e-07	4.807254753567098e-11	1.7471087757085133	1.3489469008313568	-0.0067095263225180465
-999.0	140.0	1.5715108631056396e-06	1.0517771843260332e-11	2.7032465578782263	0.4470392879512774	-0.0029345357713913708
-999.0	115.0	1.818019635171055e-06	3.840315360091316e-12	2.8313920083973962	0.32112550983828975	-0.0005729503643604681
-999.0	90.0	3.573971453416547e-06	7.71746934561297e-13	4.438602942559492	0.2295731612377882	2.6022604631668667e-07
-999.0	65.0	-1.3634968077598965e-06	0.0	1.761936825182714	-0.052426534187461626	0.0
-999.0	40.0	-1.1675174989057645e-06	0.0	-8.268760937110827	-0.42003875991539663	0.0
-999.0	15.0	4.088186319732996e-06	0.0	-16.714848683112184	-0.35829928869178174	0.0
245.34722222222223	40	1003.8022709599245	day	levels	pres0
-999.0	990.0	-1.1970167938876656e-05	6.442982844175691e-09	-1.9149676478571405	-0.5196285903867788	0.0005068497117492923
-999.0	965.0	-1.887561436723395e-05	9.550448074585202e-09	-3.6742829398976493	-0.9923799716074181	0.0012897532231846314
-999.0	940.0	-1.9704378794480408e-05	6.548202924292549e-09	-4.925707359004916	-1.491658937737899	0.001860512694424636
-999.0	915.0	-2.1207000154316097e-05	8.155152448017303e-09	-5.817347844855667	-1.9871169930254988	0.0023548848600682118
-999.0	890.0	-2.1415314821089666e-05	1.0338675401651789e-08	-6.498257462625164	-2.4030561776900745	0.002961278344117304
-999.0	865.0	-2.170276725109015e-05	1.161877471799224e-08	-7.098942913390984	-2.6992323950484947	0.0037222125997223663
-999.0	840.0	-2.010595729409763e-05	8.314181166631834e-09	-7.6398637118163055	-2.828027218580246	0.004541983016927701
-999.0	815.0	-1.6536303329254813e-05	-4.0431716108070265e-10	-8.043657987206082	-2.78089477949672	0.005253066105887763
-999.0	790.0	-1.3163574238752568e-05	-8.083875384468873e-09	-8.222128298547544	-2.6013514559577944	0.005690921796963246
-999.0	765.0	-1.0964634168103793e-05	-1.1989009612596007e-08	-8.172227923516884	-2.3475139654344863	0.005758884760024951
-999.0	740.0	-1.0446197092926131e-05	-1.1395377878515296e-08	-7.869491837642819	-2.081321278931903	0.005450241489727917
-999.0	715.0	-1.1109746336254901e-05	-8.498674827850972e-09	-7.374017995816695	-1.8275662710269112	0.0048337588333741185
-999.0	690.0	-1.179797097958197e-05	-6.288095856939997e-09	-6.777363591723976	-1.5512354140982474	0.0040000528853461
-999.0	665.0	-1.1880133938669244e-05	-5.338843152551581e-09	-6.08671996107808	-1.2354306286131689	0.0030566941838097504
-999.0	640.0	-1.0642530497186785e-05	-4.9472918315720115e-09	-5.495237827370012	-0.8583270291694127	0.0020821294226938073
-999.0	615.0	-8.149708664859926e-06	-5.7950214938682526e-09	-5.0844034367689375	-0.4171247184880009	0.0010967473482381602
-999.0	590.0	-5.960415397462458e-06	-6.325356093371215e-09	-4.927528832797652	-0.03278765722210465	8.470111432034516e-05
-999.0	565.0	-4.577217154097778e-06	-6.276274498865969e-09	-5.084745622343489	0.2533828968665286	-0.0010107158617115774
-999.0	540.0	-4.211482023624068e-06	-5.328427677913602e-09	-5.415141793312851	0.4566260675589387	-0.0022294390043621874
-999.0	515.0	-5.1284808384777565e-06	-3.344506671347363e-09	-5.865346257333404	0.5480658602383511	-0.0035733702633392087
-999.0	490.0	-6.245739802089766e-06	-2.175228530828367e-09	-6.1766891082127895	0.46988275564379933	-0.005013963107397284
-999.0	465.0	-6.781703195584601e-06	-2.1690369826855787e-09	-6.256549473162048	0.1954794882072391	-0.006497303253794261
-999.0	440.0	-6.830470793144782e-06	-2.706658154766171e-09	-6.173067026668121	-0.16822388871675983	-0.007999827998445794
-999.0	415.0	-6.5747742723663595e-06	-2.527755901093754e-09	-5.94687954032862	-0.5277454417060863	-0.009539867050361826
-999.0	390.0	-5.071238877092431e-06	-2.1341150984528163e-09	-5.665334743930504	-0.6312357038949281	-0.011126001883589202
-999.0	365.0	-2.104381054789575e-06	-2.075566138835903e-09	-5.326986600403428	-0.36269641971145317	-0.012728299144604133
-999.0	340.0	1.961198114880717e-07	-1.7144819322149851e-09	-4.8396096477905886	0.220849251857524	-0.014288930430084541
-999.0	315.0	5.296884291924611e-07	-1.145583898913648e-09	-4.215150687498627	1.0323686149937243	-0.015699476461340726
-999.0	290.0	5.1733728513682943e-08	-4.25918481113614e-10	-3.6429766256500216	1.8160258192155163	-0.016737038245771513
-999.0	265.0	6.603674221475377e-08	1.2383804606092097e-11	-3.19505953223066	2.448136484691297	-0.0170062988869438
-999.0	240.0	7.268605196132771e-07	2.7253620139892335e-11	-2.725537684228702	2.8824021253320864	-0.016048061549379523
-999.0	215.0	1.2271077618375961e-06	-2.2999974146242698e-11	-1.8612979026856489	2.92201582480359	-0.013721460888770496
-999.0	190.0	1.2176385275833458e-06	4.042128270346421e-11	-0.2817327567824942	2.38262681055951	-0.010403768436977327
-999.0	165.0	6.977292848443249e-08	4.771350884096441e-11	1.6467906051763392	1.338765068462594	-0.00659373775780219
-999.0	140.0	1.122201610846912e-06	1.0357494663748057e-11	2.5993652785265513	0.4466740831180784	-0.002845458677624397
-999.0	115.0	1.2397048099025428e-06	3.5901783012975263e-12	2.753127186386645	0.30743769721851205	-0.0005113388150520097
-999.0	90.0	2.941338199529734e-06	6.193641156966401e-13	4.4011088068838315	0.21138228303579207	2.446151853956147e-07
-999.0	65.0	-1.82476616656201e-06	0.0	1.7504810552906045	-0.04701610599403075	0.0
-999.0	40.0	-1.449069281783279e-06	0.0	-8.280187569532757	-0.3942790542970541	0.0
-999.0	15.0	4.233832704861582e-06	0.0	-16.733205421241358	-0.32684678042788773	0.0
245.36111111111111	40	1003.8107932761861	day	levels	pres0
-999.0	990.0	-1.2057810878561137e-05	6.35114396872502e-09	-1.9189327665500908	-0.5245416709739298	0.000515354338620314
-999.0	965.0	-1.9118047840107136e-05	9.555814622704344e-09	-3.673703475130902	-0.9893971471185032	0.0013060595751789473
-999.0	940.0	-2.0216117491331596e-05	7.0996994974037465e-09	-4.936427580261638	-1.4887306665035986	0.0018665868873381174
-999.0	915.0	-2.163026310237989e-05	9.006098901000493e-09	-5.833202233124075	-1.9881502442337962	0.002329055826488822
-999.0	890.0	-2.1579502869747438e-05	1.0920037681221245e-08	-6.51234413407464	-2.4068140111587755	0.0028934690777541083
-999.0	865.0	-2.1638281115449314e-05	1.17018602416512e-08	-7.109086899845664	-2.7042215345082528	0.0036146675765458846
-999.0	840.0	-2.0069564015263398e-05	8.162966987584586e-09	-7.648889353981704	-2.831852773825332	0.004406516290388531
-999.0	815.0	-1.6854187744811022e-05	3.382479483279428e-11	-8.053042336746474	-2.777280292577222	0.005105839623261258
-999.0	790.0	-1.3753924493192351e-05	-7.169067235895148e-09	-8.23112828863989	-2.585200662966147	0.005544664737718797
-999.0	765.0	-1.1612159171746453e-05	-1.1062774545641329e-08	-8.181938094121417	-2.3191043072276982	0.005616912146079737
-999.0	740.0	-1.1020915038665505e-05	-1.0699951358202118e-08	-7.881563893070905	-2.0444809023153385	0.005306534302357876
-999.0	715.0	-1.1578164192264789e-05	-8.073166521063705e-09	-7.389201532911353	-1.7861049609880275	0.004677433586099273
-999.0	690.0	-1.2248093453944409e-05	-5.990885918646127e-09	-6.793970531887465	-1.5072918684929664	0.0038206524627435287
-999.0	665.0	-1.2402112929651943e-05	-5.06042376464383e-09	-6.102560396547664	-1.19139865316735	0.0028486005171489
-999.0	640.0	-1.1237395386912305e-05	-4.668032903552139e-09	-5.511294153553465	-0.8152923474813583	0.0018445460136448935
-999.0	615.0	-8.81255773155821e-06	-5.507272965629072e-09	-5.102320001219157	-0.37635271327958764	0.0008323550224793365
-999.0	590.0	-6.640501140229081e-06	-6.042567839647048e-09	-4.947333189072433	0.0037888935593760054	-0.0002032967372733929
-999.0	565.0	-5.202044442069367e-06	-6.0012164873500425e-09	-5.105985714329616	0.28333219537434595	-0.0013222035772096836
-999.0	540.0	-4.771243878282873e-06	-5.055577030699048e-09	-5.436847995828702	0.4786745558181747	-0.0025664156962791674
-999.0	515.0	-5.6306046142464535e-06	-3.0505450199547554e-09	-5.885971429171385	0.5613943855795109	-0.00393709419035562
-999.0	490.0	-6.7086194267246735e-06	-1.8756198236885628e-09	-6.193722903728482	0.47583779527078085	-0.005399877905439607
-999.0	465.0	-7.2114330219625915e-06	-1.911792087674821e-09	-6.267363069234071	0.19700641350611678	-0.006889812138907851
-999.0	440.0	-7.237642859740708e-06	-2.489216697282698e-09	-6.1778993474112625	-0.16562668906732925	-0.008376402956497862
-999.0	415.0	-7.0319201220194795e-06	-2.298006138629594e-09	-5.947126370889171	-0.5176319336449733	-0.009879665022225082
-999.0	390.0	-5.645053206534693e-06	-1.8941253174754483e-09	-5.662829710101641	-0.6104143159808946	-0.011415572080649108
-999.0	365.0	-2.792507825406773e-06	-1.8773578840823976e-09	-5.32352024785898	-0.3312225766755826	-0.012964016673650294
-999.0	340.0	-5.218316633205033e-07	-1.593857369500313e-09	-4.835481151938431	0.25536524311261743	-0.014467824462969694
-999.0	315.0	-1.7635331444965323e-07	-1.0803195219812295e-09	-4.211244359439982	1.0608193401109522	-0.01580737175700224
-999.0	290.0	-6.494531681913179e-07	-3.854007955391664e-10	-3.643668079817708	1.8366019146310173	-0.016753620992658452
-999.0	265.0	-6.065280737207358e-07	2.979938848127284e-11	-3.2069720951494847	2.4608386327185032	-0.016922749249464644
-999.0	240.0	3.8156386488745725e-08	4.247194755904493e-11	-2.755095731053013	2.8824814773268352	-0.015885212645311224
-999.0	215.0	5.202075809539403e-07	-3.985680203552555e-12	-1.912654500316593	2.906237085108439	-0.013528845693551188
-999.0	190.0	6.679876529283955e-07	4.5377383257649504e-11	-0.35857470278375303	2.36041840855727	-0.010231802234425415
-999.0	165.0	-2.7553628221747407e-07	4.7354470146260666e-11	1.546472434644468	1.328583236093921	-0.006477958278181779
-999.0	140.0	6.728923585897559e-07	1.0197217484236486e-11	2.4954839991751734	0.4463088782849526	-0.0027563902404480023
-999.0	115.0	6.613899846357936e-07	3.3400412425044987e-12	2.6748623643761302	0.2937498845988264	-0.0004497313494172146
-999.0	90.0	2.308704945644719e-06	4.669812968326961e-13	4.36361467120829	0.1931914048338661	2.2900302653766435e-07
-999.0	65.0	-2.2860355253629183e-06	0.0	1.7390252853985375	-0.041605677800592655	0.0
-999.0	40.0	-1.7306210646603407e-06	0.0	-8.291614201954657	-0.3685193486788044	0.0
-999.0	15.0	4.379479089988893e-06	0.0	-16.751562159370465	-0.29539427216411285	0.0
245.375	40	1003.8193155924479	day	levels	pres0
-999.0	990.0	-1.2145453818245894e-05	6.2593050932735894e-09	-1.922897885243098	-0.5294547515610855	0.0005238573900705075
-999.0	965.0	-1.9360481312981357e-05	9.561181170822776e-09	-3.673124010364214	-0.9864143226295711	0.0013223589238468467
-999.0	940.0	-2.0727856188184688e-05	7.651196070515584e-09	-4.947147801518439	-1.485802395269275	0.0018726586572206444
-999.0	915.0	-2.2053526050445656e-05	9.857045353985289e-09	-5.849056621392567	-1.9891834954420726	0.002303234741278056
-999.0	890.0	-2.1743690918406677e-05	1.1501399960791414e-08	-6.526430805524191	-2.4105718446274595	0.002825676786044451
-999.0	865.0	-2.1573794979809062e-05	1.1784945765308897e-08	-7.119230886300406	-2.7092106739679966	0.003507146630796635
-999.0	840.0	-2.0033170736429317e-05	8.011752808535541e-09	-7.657914996147156	-2.835678329070409	0.0042710776275005765
-999.0	815.0	-1.7172072160368163e-05	4.719667507473517e-10	-8.062426686286926	-2.7736658056577044	0.0049586411638685365
-999.0	790.0	-1.4344274747633824e-05	-6.254259087317794e-09	-8.240128278732298	-2.5690498699744544	0.005398433455359112
-999.0	765.0	-1.2259684175390887e-05	-1.0136539478682808e-08	-8.191648264726004	-2.29069464902083	0.0054749637558160254
-999.0	740.0	-1.1595632984406418e-05	-1.0004524837886156e-08	-7.8936359484990435	-2.0076405256986614	0.005162852077825363
-999.0	715.0	-1.2046582048275957e-05	-7.647658214274861e-09	-7.404385070006052	-1.7446436509490009	0.004521136463258896
-999.0	690.0	-1.2698215928308114e-05	-5.693675980351312e-09	-6.810577472050985	-1.4633483228875166	0.0036412848554559004
-999.0	665.0	-1.2924091920636042e-05	-4.782004376735399e-09	-6.1184008320172625	-1.1473666777213414	0.0026405441022122303
-999.0	640.0	-1.1832260276639354e-05	-4.3887739755316744e-09	-5.527350479736923	-0.7722576657931007	0.0016070035915271505
-999.0	615.0	-9.475406798258148e-06	-5.219524437389164e-09	-5.1202365656693765	-0.33558070807096857	0.0005680060877028769
-999.0	590.0	-7.320586882997305e-06	-5.7597795859220676e-09	-4.967137545347213	0.04036544434105355	-0.0004912490173900905
-999.0	565.0	-5.826871730042276e-06	-5.726158475833169e-09	-5.12722580631574	0.3132814938823381	-0.0016336425601161642
-999.0	540.0	-5.331005732942786e-06	-4.782726383483451e-09	-5.458554198344549	0.5007230440775553	-0.0029033406059638034
-999.0	515.0	-6.1327283900162135e-06	-2.7565833685609195e-09	-5.906596601009369	0.5747229109207789	-0.004300764423389044
-999.0	490.0	-7.17149905136062e-06	-1.5760111165474408e-09	-6.210756699244181	0.4817928348978361	-0.00578574114252746
-999.0	465.0	-7.64116284834152e-06	-1.654547192662937e-09	-6.278176665306091	0.19853333880503968	-0.007282278498420956
-999.0	440.0	-7.64481492633759e-06	-2.271775239798309e-09	-6.182731668154399	-0.16302948941787085	-0.008752950405126731
-999.0	415.0	-7.489065971673915e-06	-2.068256376164586e-09	-5.947373201449711	-0.5075184255838394	-0.01021945347975749
-999.0	390.0	-6.218867535978831e-06	-1.654135536497321e-09	-5.6603246762727695	-0.5895929280668497	-0.011705148140974833
-999.0	365.0	-3.48063459602633e-06	-1.6791496293282966e-09	-5.320053895314534	-0.29974873363971716	-0.01319974908256749
-999.0	340.0	-1.2397831381315849e-06	-1.4732328067852732e-09	-4.831352656086286	0.2898812343676886	-0.014646732469854441
-999.0	315.0	-8.823950580942132e-07	-1.0150551450486225e-09	-4.207338031381368	1.0892700652281446	-0.015915273329956965
-999.0	290.0	-1.3506400648987398e-06	-3.4488310996460277e-10	-3.6443595339854546	1.857178010046482	-0.016770204102275196
-999.0	265.0	-1.2790928896585549e-06	4.721497235651547e-11	-3.2188846580684185	2.473540780745679	-0.016839201188890537
-999.0	240.0	-6.505477466379047e-07	5.769027497822037e-11	-2.7846537778774896	2.8825608293215432	-0.015722372983516253
-999.0	215.0	-1.8669259993152508e-07	1.502861373915543e-11	-1.964011097947756	2.890458345413208	-0.013336245647147003
-999.0	190.0	1.1833677827208142e-07	5.03334838118395e-11	-0.4354166487852733	2.338210006554921	-0.010059849638382839
-999.0	165.0	-6.208454929205971e-07	4.6995431451553785e-11	1.4461542641123135	1.3184014037251472	-0.0063621878836572
-999.0	140.0	2.2358310633097567e-07	1.0036940304724306e-11	2.3916027198235197	0.44594367345174135	-0.002667330459862569
-999.0	115.0	8.307515936731201e-08	3.0899041837107724e-12	2.5965975423653918	0.280062071979046	-0.0003881279674561046
-999.0	90.0	1.676071691757965e-06	3.145984779680307e-13	4.326120535532632	0.17500052663187188	2.1338956974287045e-07
-999.0	65.0	-2.7473048841649735e-06	0.0	1.7275695155064266	-0.036195249607165664	0.0
-999.0	40.0	-2.0121728475378065e-06	0.0	-8.303040834376588	-0.34275964306046564	0.0
-999.0	15.0	4.525125475117453e-06	0.0	-16.76991889749964	-0.2639417639002204	0.0
245.38888888888889	40	1004.053613168222	day	levels	pres0
-999.0	990.0	-1.0468127359749466e-05	6.0560390083838235e-09	-1.9260092310055783	-0.534113638792877	0.000496356330386343
-999.0	965.0	-1.7971401912477096e-05	9.320901683818658e-09	-3.6718661356717597	-0.9833296504285499	0.001227784547332259
-999.0	940.0	-1.9683404542972462e-05	7.73800173611474e-09	-4.957240001470987	-1.482713004608661	0.0016867955070843143
-999.0	915.0	-2.1009448314000525e-05	1.0074985017696058e-08	-5.864283585989949	-1.9897019027007843	0.0020020068173421768
-999.0	890.0	-2.0566046486584828e-05	1.1339712600077747e-08	-6.540061172511872	-2.4135372517285427	0.0024054975817001
-999.0	865.0	-2.030202790034959e-05	1.1098928567780818e-08	-7.129142635398464	-2.7132623112863894	0.0029846053246153506
-999.0	840.0	-1.8907123218469604e-05	7.110584571327491e-09	-7.666856858465427	-2.8384784432472956	0.003678895336341077
-999.0	815.0	-1.6489845600913805e-05	1.371014525980369e-10	-8.071742327125007	-2.7689744234085003	0.004339563316026959
-999.0	790.0	-1.4009205078315186e-05	-6.057449437795798e-09	-8.24903198745518	-2.551873126515616	0.004794611072120732
-999.0	765.0	-1.2024004804497554e-05	-9.824572305420086e-09	-8.20120614104803	-2.261492122654527	0.004918098334130572
-999.0	740.0	-1.1283881619341269e-05	-9.822945609695732e-09	-7.905577149656105	-1.970338489446326	0.004671148832750524
-999.0	715.0	-1.1583459692903511e-05	-7.654724549454013e-09	-7.419549423235452	-1.7030409729038603	0.004102894034731211
-999.0	690.0	-1.2193308422655948e-05	-5.738251589127509e-09	-6.827272757335958	-1.4195476547141537	0.0033024721294689324
-999.0	665.0	-1.2481520220099536e-05	-4.760266064643289e-09	-6.134431855546111	-1.1037419189491193	0.002390505273809428
-999.0	640.0	-1.1456249421414264e-05	-4.294456726269731e-09	-5.543649940579028	-0.7297483266295857	0.0014582639670247081
-999.0	615.0	-9.163735875641193e-06	-5.0503211364209935e-09	-5.138398426412433	-0.2952745907973544	0.0005346378472424468
-999.0	590.0	-7.039774278127801e-06	-5.549679854271271e-09	-4.987157712656037	0.07660622687812207	-0.00039732376002816897
-999.0	565.0	-5.524525066277778e-06	-5.4949504732789755e-09	-5.148621496227049	0.34311961786208467	-0.0014068954626805523
-999.0	540.0	-5.0426482336990975e-06	-4.531803879890727e-09	-5.480366965134936	0.5228098790955313	-0.002543162256273867
-999.0	515.0	-5.919289270486659e-06	-2.4643334229872696e-09	-5.927273324794239	0.5881677255923142	-0.0038064931152684933
-999.0	490.0	-7.048904083270631e-06	-1.2660359764068602e-09	-6.227850694623259	0.487887566564293	-0.005152355260295309
-999.0	465.0	-7.572935705735368e-06	-1.3957639234059086e-09	-6.289142711570968	0.2001678388979905	-0.006496405641370953
-999.0	440.0	-7.5836677581874146e-06	-2.0644296662026914e-09	-6.187724385272571	-0.16036507404511618	-0.007796026973667316
-999.0	415.0	-7.4543716235533025e-06	-1.8732874365766415e-09	-5.947724631815043	-0.4973929198286249	-0.009076365681995428
-999.0	390.0	-6.253014377571629e-06	-1.4630493780800904e-09	-5.657878809780984	-0.568821738784511	-0.01037169658322987
-999.0	365.0	-3.572375980233103e-06	-1.5248216040620919e-09	-5.316614389419558	-0.2683931437355593	-0.011687776777799211
-999.0	340.0	-1.3071820348286132e-06	-1.3802931026762076e-09	-4.827249884605415	0.3242207462036868	-0.012975238990655617
-999.0	315.0	-9.027422346375288e-07	-9.573657994391642e-10	-4.203484492445448	1.1175054206892059	-0.014098399159012544
-999.0	290.0	-1.379386745843622e-06	-3.05049396518789e-10	-3.6451054258203346	1.8775346632356775	-0.014821365212716625
-999.0	265.0	-1.361307125682777e-06	6.368358819618316e-11	-3.2308240924720906	2.4860304949925704	-0.014790137798621629
-999.0	240.0	-8.673106793049603e-07	7.069494891213736e-11	-2.814205903697972	2.8824397193060785	-0.013646383640258355
-999.0	215.0	-4.804969085916575e-07	2.8791348961905436e-11	-2.0153443534618045	2.874504084940275	-0.011351290465779174
-999.0	190.0	-6.243731819823626e-08	5.199941003145703e-11	-0.5122263729573434	2.315836300452501	-0.008309043693569215
-999.0	165.0	-7.158082118447653e-07	4.569787220302701e-11	1.345886591683813	1.3080188882735055	-0.005017412938115959
-999.0	140.0	1.0201382399754297e-07	9.48647625565779e-12	2.2877199611176966	0.4453497945710071	-0.0019174558006382902
-999.0	115.0	7.354431961001715e-08	2.7749034195454674e-12	2.518323021906296	0.26633801973524185	-0.00016884236058501038
-999.0	90.0	1.674983860041623e-06	1.2991648177883261e-13	4.2886252094197665	0.15680814913850621	2.4233919707340794e-07
-999.0	65.0	-2.5101709337670942e-06	0.0	1.7161137721052684	-0.03078471914072259	0.0
-999.0	40.0	-1.6822676325725757e-06	0.0	-8.31447004961472	-0.31699989611899926	0.0
-999.0	15.0	4.492103768447544e-06	0.0	-16.788273586167257	-0.2324891788539557	0.0
245.40277777777777	40	1004.2879107439958	day	levels	pres0
-999.0	990.0	-8.790800901256961e-06	5.852772923495025e-09	-1.9291205767680057	-0.5387725260246642	0.00046886045469290256
-999.0	965.0	-1.6582322511975772e-05	9.08062219681561e-09	-3.670608260979249	-0.9802449782275469	0.0011332505925715284
-999.0	940.0	-1.8638952897762283e-05	7.824807401713922e-09	-4.967332201423456	-1.4796236139480696	0.0015010030604136451
-999.0	915.0	-1.9965370577557243e-05	1.029292468140625e-08	-5.879510550587251	-1.9902203099595162	0.0017008735317713465
-999.0	890.0	-1.9388402054765062e-05	1.1178025239364858e-08	-6.55369153949948	-2.4165026588296437	0.0019854249769430963
-999.0	865.0	-1.9030260820892654e-05	1.0412911370255735e-08	-7.139054384496465	-2.717313948604795	0.0024621824876726256
-999.0	840.0	-1.7781075700512348e-05	6.2094163341229885e-09	-7.675798720783646	-2.8412785574241926	0.003086837793355115
-999.0	815.0	-1.5807619041460714e-05	-1.9776384555045562e-10	-8.08105796796303	-2.764283041159315	0.0037206048955424394
-999.0	790.0	-1.367413540899675e-05	-5.860639788275612e-09	-8.257935696178002	-2.5346963830568234	0.004190896380089004
-999.0	765.0	-1.1788325433604103e-05	-9.51260513215962e-09	-8.210764017370003	-2.2322895962883047	0.004361329088360146
-999.0	740.0	-1.0972130254276213e-05	-9.641366381506737e-09	-7.917518350813116	-1.933036453194104	0.00417953168453616
-999.0	715.0	-1.1120337337531608e-05	-7.661790884633549e-09	-7.434713776464809	-1.6614382948588622	0.0036847275203906148
-999.0	690.0	-1.1688400917004494e-05	-5.782827197903643e-09	-6.843968042620902	-1.3757469865409593	0.002963721604931799
-999.0	665.0	-1.2038948519563686e-05	-4.738527752551054e-09	-6.150462879074944	-1.0601171601770858	0.0021405113676539055
-999.0	640.0	-1.1080238566189765e-05	-4.20013947700782e-09	-5.559949401421127	-0.6872389874662721	0.0013095500496935412
-999.0	615.0	-8.852064953024722e-06	-4.881117835453217e-09	-5.156560287155487	-0.2549684735239447	0.0005012750879784835
-999.0	590.0	-6.7589616732588255e-06	-5.339580122621111e-09	-5.007177879964862	0.1128470094149945	-0.00030341338542575424
-999.0	565.0	-5.222178402514036e-06	-5.26374247072564e-09	-5.170017186138363	0.3729577418416567	-0.0011801838789767983
-999.0	540.0	-4.754290734456164e-06	-4.280881376299035e-09	-5.5021797319253265	0.5448967141133624	-0.002183039380739273
-999.0	515.0	-5.705850150957474e-06	-2.17208347741494e-09	-5.947950048579108	0.6016125402637407	-0.003312294966071882
-999.0	490.0	-6.926309115180614e-06	-9.560608362677252e-10	-6.244944690002335	0.49398229823067563	-0.004519054344222905
-999.0	465.0	-7.504708563129026e-06	-1.1369806541500736e-09	-6.300108757835849	0.20180233899089534	-0.0057106181061758205
-999.0	440.0	-7.522520590037009e-06	-1.8570840926080122e-09	-6.192717102390753	-0.15770065867238992	-0.006839173710316107
-999.0	415.0	-7.419677275432275e-06	-1.678318496989541e-09	-5.948076062180384	-0.48726741407343127	-0.007933310183111211
-999.0	390.0	-6.287161219163689e-06	-1.2719632196636283e-09	-5.65543294328921	-0.5480505495021832	-0.009038217722314815
-999.0	365.0	-3.6641173644389343e-06	-1.3704935787965005e-09	-5.313174883524582	-0.2370375538313962	-0.010175708894239485
-999.0	340.0	-1.3745809315249121e-06	-1.2873533985675266e-09	-4.823147113124532	0.35856025803970815	-0.011303614635335798
-999.0	315.0	-9.230894111805532e-07	-8.99676453829906e-10	-4.199630953509498	1.1457407761503042	-0.012281418894519225
-999.0	290.0	-1.4081334267884365e-06	-2.6521568307310587e-10	-3.645851317655152	1.8978913164249112	-0.012872483587578485
-999.0	265.0	-1.4435213617069863e-06	8.015220403577286e-11	-3.2427635268756534	2.498520209239492	-0.012741114673254006
-999.0	240.0	-1.0840736119720063e-06	8.369962284602224e-11	-2.8437580295182876	2.882318609290658	-0.011570514137077475
-999.0	215.0	-7.743012172518358e-07	4.255408418463638e-11	-2.066677608975633	2.858549824467421	-0.009366493299124779
-999.0	190.0	-2.4321141466880034e-07	5.3665336251072066e-11	-0.589036097129153	2.2934625943501894	-0.0065583776356437015
-999.0	165.0	-8.107709307693117e-07	4.440031295450435e-11	1.2456189192555958	1.2976363728219646	-0.0036727433944677137
-999.0	140.0	-1.9555458336249514e-08	8.936012206592181e-12	2.1838372024121475	0.44475591569035866	-0.0011676537903734898
-999.0	115.0	6.401347985232269e-08	2.4599026553807416e-12	2.4400485014474227	0.2526139674915329	5.0428767145107095e-05
-999.0	90.0	1.6738960283248394e-06	-5.476551440956314e-14	4.251129883307012	0.13861577164520875	2.7129122594471526e-07
-999.0	65.0	-2.2730369833701704e-06	0.0	1.7046580287041548	-0.025374188674268383	0.0
-999.0	40.0	-1.3523624176084345e-06	0.0	-8.325899264852819	-0.2912401491776219	0.0
-999.0	15.0	4.4590820617774435e-06	0.0	-16.806628274834807	-0.20103659380780856	0.0
245.41666666666666	40	1004.5222083197701	day	levels	pres0
-999.0	990.0	-7.113474442760387e-06	5.649506838605215e-09	-1.9322319225304814	-0.5434314132564606	0.00044136976333354426
-999.0	965.0	-1.519324311147146e-05	8.840342709811428e-09	-3.669350386286788	-0.9771603060265299	0.0010387570596037715
-999.0	940.0	-1.7594501252550054e-05	7.911613067313074e-09	-4.977424401375998	-1.476534223287457	0.0013152813162325549
-999.0	915.0	-1.892129284111205e-05	1.0510864345117056e-08	-5.894737515184628	-1.990738717218226	0.001399834883749709
-999.0	890.0	-1.8210757622943104e-05	1.101633787865127e-08	-6.56732190648716	-2.419468065930724	0.0015654589718384453
-999.0	865.0	-1.7758493741433062e-05	9.726894172727783e-09	-7.14896613359452	-2.7213655859231856	0.0019398781214375227
-999.0	840.0	-1.665502818255253e-05	5.308248096915114e-09	-7.684740583101914	-2.8440786716010775	0.0024949050012466555
-999.0	815.0	-1.512539248200628e-05	-5.32629143699576e-10	-8.090373608801109	-2.759591658910109	0.003101765904469853
-999.0	790.0	-1.3339065739678059e-05	-5.663830138753442e-09	-8.26683940490088	-2.5175196395979857	0.0035872893794645835
-999.0	765.0	-1.1552646062710722e-05	-9.200637958896784e-09	-8.220321893692029	-2.2030870699220007	0.003804656017804453
-999.0	740.0	-1.0660378889211024e-05	-9.459787153316264e-09	-7.929459551970176	-1.895734416941768	0.0036880006323863858
-999.0	715.0	-1.0657214982159124e-05	-7.668857219812694e-09	-7.449878129694207	-1.6198356168137225	0.0032666369197398913
-999.0	690.0	-1.1183493411352296e-05	-5.827402806679851e-09	-6.860663327905876	-1.331946318367599	0.0026250332814812256
-999.0	665.0	-1.1596376819027154e-05	-4.716789440458954e-09	-6.166493902603793	-1.016492401404867	0.0018905623833916053
-999.0	640.0	-1.0704227710964659e-05	-4.105822227745888e-09	-5.576248862263235	-0.6447296483027616	0.001160861839269094
-999.0	615.0	-8.54039403040775e-06	-4.711914534485051e-09	-5.174722147898546	-0.21466235625033508	0.0004679178098404253
-999.0	590.0	-6.478149068389318e-06	-5.129480390970323e-09	-5.027198047273693	0.14908779195205868	-0.00020951789336356498
-999.0	565.0	-4.919831738749554e-06	-5.032534468171472e-09	-5.191412876049682	0.40279586582139904	-0.00095350780843238
-999.0	540.0	-4.46593323521251e-06	-4.0299588727063515e-09	-5.523992498715723	0.5669835491313344	-0.001822971978476552
-999.0	515.0	-5.492411031427952e-06	-1.879833531841349e-09	-5.968626772363987	0.6150573549352717	-0.0028181699747840466
-999.0	490.0	-6.8037141470906515e-06	-6.460856961272099e-10	-6.262038685381419	0.5000770298971298	-0.0038858383933538187
-999.0	465.0	-7.436481420522887e-06	-8.781973848930959e-10	-6.311074804100731	0.20343683908384594	-0.004924915892163639
-999.0	440.0	-7.461373421886818e-06	-1.649738519012425e-09	-6.197709819508928	-0.15503624329963112	-0.005882390614679996
-999.0	415.0	-7.38498292731162e-06	-1.4833495574016064e-09	-5.948427492545712	-0.47714190831820674	-0.00679028698297726
-999.0	390.0	-6.321308060756447e-06	-1.0808770612463821e-09	-5.652987076797423	-0.5272793602198298	-0.0077047115584586165
-999.0	365.0	-3.7558587486457027e-06	-1.2161655535302693e-09	-5.309735377629605	-0.20568196392722043	-0.008663545432598018
-999.0	340.0	-1.4419798282219646e-06	-1.194413694458441e-09	-4.819044341643664	0.39289976987572367	-0.009631859404769615
-999.0	315.0	-9.434365877239106e-07	-8.41987108220438e-10	-4.195777414573585	1.1739761316113795	-0.010464332537036212
-999.0	290.0	-1.436880107733391e-06	-2.2538196962728698e-10	-3.6465972094900403	1.9182479696141144	-0.010923559227062755
-999.0	265.0	-1.5257355977313256e-06	9.662081987544429e-11	-3.2547029612793326	2.5110099234863847	-0.010692131812686618
-999.0	240.0	-1.300836544639229e-06	9.670429677994683e-11	-2.8733101553387734	2.8821974992751893	-0.009494764473731824
-999.0	215.0	-1.0681055259121495e-06	5.63168194073956e-11	-2.1180108644896847	2.842595563994485	-0.007381854147050151
-999.0	190.0	-4.2398551113924824e-07	5.533126247069295e-11	-0.665845821301231	2.271088888247772	-0.004807851464579289
-999.0	165.0	-9.057336496935291e-07	4.310275370597755e-11	1.1453512468270826	1.2872538573703312	-0.0023281792527081718
-999.0	140.0	-1.4112474066972478e-07	8.385548157525462e-12	2.079954443706313	0.4441620368096292	-0.0004179244290670665
-999.0	115.0	5.4482640095000135e-08	2.1449018912153582e-12	2.3617739809883216	0.23888991524772588	0.00026968541573484605
-999.0	90.0	1.6728081966084659e-06	-2.3944751059876856e-13	4.213634557194143	0.12042339415183784	3.0024565635666696e-07
-999.0	65.0	-2.0359030329723e-06	0.0	1.6932022853029978	-0.01996365820782442	0.0
-999.0	40.0	-1.0224572026432043e-06	0.0	-8.337328480090951	-0.26548040223615244	0.0
-999.0	15.0	4.4260603551074725e-06	0.0	-16.824982963502425	-0.16958400876154023	0.0
245.43055555555554	40	1004.7565058955438	day	levels	pres0
-999.0	990.0	-5.436147984267879e-06	5.446240753716415e-09	-1.935343268292909	-0.5480903004882479	0.0004138842566519015
-999.0	965.0	-1.380416371097013e-05	8.600063222808383e-09	-3.668092511594277	-0.9740756338255264	0.0009443039484691765
-999.0	940.0	-1.6550049607339875e-05	7.998418732912257e-09	-4.987516601328468	-1.473444832626866	0.0011296302735670227
-999.0	915.0	-1.7877215104668766e-05	1.0728804008827248e-08	-5.909964479781932	-1.9912571244769586	0.0010988908724648165
-999.0	890.0	-1.703311319112334e-05	1.085465051793838e-08	-6.580952273474768	-2.422433473031825	0.001145599566455948
-999.0	865.0	-1.6486726661976127e-05	9.040876975202695e-09	-7.158877882692521	-2.7254172232415903	0.001417692227385074
-999.0	840.0	-1.552898066459528e-05	4.407079859710615e-09	-7.6936824454201345	-2.8468787857779736	0.0019030969627264194
-999.0	815.0	-1.4443165922553192e-05	-8.674944418480673e-10	-8.099689249639134	-2.7549002766609236	0.0024830463448712696
-999.0	790.0	-1.300399607035962e-05	-5.4670204892332585e-09	-8.275743113623703	-2.5003428961391934	0.0029837900704553135
-999.0	765.0	-1.1316966691817272e-05	-8.888670785636315e-09	-8.229879770014	-2.1738845435557774	0.0032480791217699063
-999.0	740.0	-1.034862752414597e-05	-9.278207925127266e-09	-7.941400753127187	-1.8584323806895457	0.003196555675511355
-999.0	715.0	-1.0194092626787221e-05	-7.67592355499223e-09	-7.465042482923565	-1.5782329387687244	0.0028486222322870233
-999.0	690.0	-1.0678585905700842e-05	-5.871978415455984e-09	-6.877358613190821	-1.288145650194404	0.0022864071587581736
-999.0	665.0	-1.1153805118491304e-05	-4.695051128366722e-09	-6.182524926132624	-0.9728676426328334	0.001640658320671566
-999.0	640.0	-1.0328216855740156e-05	-4.011504978483977e-09	-5.5925483231053335	-0.6022203091394477	0.0010121993354885487
-999.0	615.0	-8.22872310779128e-06	-4.542711233517274e-09	-5.192884008641601	-0.17435623897692543	0.0004345660127578693
-999.0	590.0	-6.197336463520343e-06	-4.919380659320163e-09	-5.047218214582518	0.18532857448893097	-0.00011563728362398324
-999.0	565.0	-4.617485074985812e-06	-4.8013264656181346e-09	-5.212808565960995	0.43263398980097095	-0.0007268672504784102
-999.0	540.0	-4.177575735969576e-06	-3.779036369114659e-09	-5.545805265506114	0.5890703841491655	-0.0014629600486078945
-999.0	515.0	-5.278971911898767e-06	-1.5875835862690189e-09	-5.989303496148857	0.6285021696066981	-0.0023241181403974307
-999.0	490.0	-6.681119179000636e-06	-3.3611055598807425e-10	-6.279132680760494	0.5061717615635124	-0.003252707406741061
-999.0	465.0	-7.368254277916547e-06	-6.194141156372614e-10	-6.32204085036561	0.2050713391767507	-0.004139298998673677
-999.0	440.0	-7.400226253736413e-06	-1.4423929454177459e-09	-6.202702536627108	-0.15237182792690476	-0.004925677686378784
-999.0	415.0	-7.350288579190592e-06	-1.2883806178145064e-09	-5.948778922911055	-0.46701640256301313	-0.005647296081480636
-999.0	390.0	-6.355454902348506e-06	-8.897909028299199e-10	-5.650541210305646	-0.5065081709375021	-0.006371178091906518
-999.0	365.0	-3.847600132851535e-06	-1.0618375282646777e-09	-5.306295871734627	-0.17432637402305728	-0.0071512863936022
-999.0	340.0	-1.5093787249182636e-06	-1.1014739903497588e-09	-4.814941570162779	0.42723928171174497	-0.00795997329985054
-999.0	315.0	-9.63783764266934e-07	-7.842977626111802e-10	-4.191923875637634	1.202211487072478	-0.008647140087142485
-999.0	290.0	-1.4656267886782053e-06	-1.8554825618160383e-10	-3.6473431013248576	1.9386046228033476	-0.008974592131392067
-999.0	265.0	-1.607949833755535e-06	1.130894357150341e-10	-3.2666423956828967	2.5234996377333063	-0.008643189216839748
-999.0	240.0	-1.517599477306275e-06	1.0970897071383164e-10	-2.902862281159089	2.882076389259767	-0.007419134650000885
-999.0	215.0	-1.361909834572327e-06	7.007955463012656e-11	-2.169344120003513	2.8266413035216313	-0.005397373009441489
-999.0	190.0	-6.047596076098129e-07	5.6997188690307957e-11	-0.7426555454730406	2.2487151821454603	-0.003057465180365981
-999.0	165.0	-1.0006963686180757e-06	4.180519445745489e-11	1.045083574398865	1.2768713419187905	-0.0009837205128457817
-999.0	140.0	-2.626940230035179e-07	7.835084108459854e-12	1.9760716850007651	0.4435681579289808	0.0003317322832752299
-999.0	115.0	4.4951800337307e-08	1.8299011270506324e-12	2.2834994605294483	0.22516586300401686	0.0004889275851830293
-999.0	90.0	1.6717203648916824e-06	-4.2412950678716424e-13	4.17613923108139	0.10223101665854045	3.2920248830943123e-07
-999.0	65.0	-1.798769082575377e-06	0.0	1.681746541901884	-0.014553127741370159	0.0
-999.0	40.0	-6.925519876790633e-07	0.0	-8.348757695329049	-0.2397206552947751	0.0
-999.0	15.0	4.393038648437372e-06	0.0	-16.84333765216998	-0.13813142371539308	0.0
245.44444444444446	40	1004.9908034713181	day	levels	pres0
-999.0	990.0	-3.7588215257708143e-06	5.242974668826867e-09	-1.93845461405539	-0.552749187720046	0.0003864039349912637
-999.0	965.0	-1.2415084310465275e-05	8.359783735804502e-09	-3.6668346369018336	-0.9709909616245171	0.0008498912592068636
-999.0	940.0	-1.5505597962127196e-05	8.085224398511485e-09	-4.9976088012810385	-1.4703554419662688	0.0009440499314408983
-999.0	915.0	-1.6833137368223194e-05	1.0946743672537878e-08	-5.925191444379342	-1.9917755317356893	0.0007980414971007783
-999.0	890.0	-1.5855468759301107e-05	1.0692963157224439e-08	-6.594582640462482	-2.425398880132927	0.0007258467608606049
-999.0	865.0	-1.5214959582516323e-05	8.354859777674249e-09	-7.168789631790613	-2.729468860559997	0.0008956248069842695
-999.0	840.0	-1.4402933146635268e-05	3.5059116225019737e-09	-7.702624307738434	-2.849678899954868	0.0013114136804981621
-999.0	815.0	-1.3760939363098515e-05	-1.2023597399981914e-09	-8.10900489047724	-2.7502088944117187	0.0018644462188014514
-999.0	790.0	-1.2668926401040588e-05	-5.27021083971221e-09	-8.284646822346604	-2.483166152680348	0.002380398453261885
-999.0	765.0	-1.1081287320923465e-05	-8.576703612374431e-09	-8.239437646336045	-2.144682017189462	0.002691598399556236
-999.0	740.0	-1.0036876159080316e-05	-9.096628696937456e-09	-7.95334195428426	-1.8211303444371973	0.0027051968131152266
-999.0	715.0	-9.730970271414302e-06	-7.682989890171768e-09	-7.480206836152971	-1.5366302607235713	0.002430683457534878
-999.0	690.0	-1.0173678400048305e-05	-5.916554024232306e-09	-6.8940538984757955	-1.244344982021033	0.0019478432363994728
-999.0	665.0	-1.071123341795459e-05	-4.67331281627442e-09	-6.198555949661467	-0.9292428838606066	0.0013907991791398578
-999.0	640.0	-9.952206000514968e-06	-3.917187729221714e-09	-5.608847783947429	-0.5597109699759311	0.0008635625380874909
-999.0	615.0	-7.91705218517427e-06	-4.373507932548807e-09	-5.211045869384646	-0.13405012170331201	0.0004012196966604143
-999.0	590.0	-5.91652385865079e-06	-4.709280927669103e-09	-5.067238381891334	0.22156935702599767	-2.177155598754367e-05
-999.0	565.0	-4.3151384112212265e-06	-4.57011846306374e-09	-5.234204255872298	0.46247211378071573	-0.000500262204542151
-999.0	540.0	-3.889218236725739e-06	-3.528113865521777e-09	-5.567618032296494	0.6111572191671417	-0.001103003590249594
-999.0	515.0	-5.065532792368985e-06	-1.2953336406952565e-09	-6.009980219933716	0.6419469842782368	-0.0018301394618966246
-999.0	490.0	-6.558524210910375e-06	-2.613541584742464e-11	-6.296226676139561	0.5122664932299725	-0.0026196613834279575
-999.0	465.0	-7.300027135310152e-06	-3.6063084638019476e-10	-6.333006896630474	0.2067058392697011	-0.003353767425033769
-999.0	440.0	-7.339079085586047e-06	-1.2350473718221075e-09	-6.207695253745264	-0.14970741255415396	-0.003969034925019098
-999.0	415.0	-7.315594231069819e-06	-1.0934116782265553e-09	-5.949130353276365	-0.45689089680780215	-0.004504337478493465
-999.0	390.0	-6.3896017439411415e-06	-6.987047444126914e-10	-5.648095343813842	-0.48573698165515683	-0.005037617322887151
-999.0	365.0	-3.9393415170581135e-06	-9.075095029984913e-10	-5.302856365839631	-0.14297078411887362	-0.005638931777961347
-999.0	340.0	-1.5767776216151152e-06	-1.008534286240706e-09	-4.810838798681888	0.46157879354778164	-0.0062879563214527446
-999.0	315.0	-9.841309408101822e-07	-7.266084170016886e-10	-4.188070336701688	1.2304468425335782	-0.006829841545396699
-999.0	290.0	-1.4943734696230762e-06	-1.457145427357553e-10	-3.648088993159709	1.958961275992575	-0.007025582300767831
-999.0	265.0	-1.6901640697796846e-06	1.2955805155470192e-10	-3.2785818300865435	2.5359893519802172	-0.006594286885611751
-999.0	240.0	-1.7343624099731811e-06	1.2271364464773215e-10	-2.9324144069795546	2.8819552792443117	-0.0053436246656422695
-999.0	215.0	-1.6557141432322984e-06	8.384228985286446e-11	-2.2206773755175555	2.8106870430487016	-0.003413049886164575
-999.0	190.0	-7.855337040800643e-07	5.866311490992232e-11	-0.819465269645113	2.2263414760430416	-0.0013072187829762801
-999.0	165.0	-1.0956590875423055e-06	4.050763520892805e-11	0.944815901970357	1.2664888264671494	0.0003606328251241375
-999.0	140.0	-3.842633053369002e-07	7.284620059393454e-12	1.8721889262949347	0.4429742790482467	0.0010813163466547274
-999.0	115.0	3.5420960580132995e-08	1.5149003628852906e-12	2.2052249400703494	0.21144181076021198	0.0007081552754903321
-999.0	90.0	1.6706325331753882e-06	-6.088115029763499e-13	4.138643904968516	0.08403863916516713	3.581617218028989e-07
-999.0	65.0	-1.5616351321773918e-06	0.0	1.670290798500719	-0.009142597274925668	0.0
-999.0	40.0	-3.6264677271370157e-07	0.0	-8.360186910567197	-0.21396090835330966	0.0
-999.0	15.0	4.360016941767522e-06	0.0	-16.861692340837607	-0.10667883866912094	0.0
245.45833333333334	40	1005.2251010470919	day	levels	pres0
-999.0	990.0	-2.0814950672784264e-06	5.039708583938081e-09	-1.9415659598178199	-0.5574080749518356	0.00035892879869518275
-999.0	965.0	-1.1026004909964097e-05	8.119504248801472e-09	-3.6655767622093287	-0.9679062894235178	0.0007555189918569998
-999.0	940.0	-1.4461146316917159e-05	8.172030064110642e-09	-5.0077010012335155	-1.4672660513056806	0.0007585402888800794
-999.0	915.0	-1.578905963178005e-05	1.116468333624802e-08	-5.940418408976652	-1.992293938994422	0.0004972867568450932
-999.0	890.0	-1.4677824327481512e-05	1.0531275796511507e-08	-6.608213007450098	-2.4283642872340274	0.0003062005551221855
-999.0	865.0	-1.3943192503059558e-05	7.668842580149115e-09	-7.1787013808886195	-2.733520497878401	0.00037367586171000214
-999.0	840.0	-1.327688562867814e-05	2.6047433852974342e-09	-7.711566170056661	-2.852479014131763	0.0007198551572722763
-999.0	815.0	-1.307871280364549e-05	-1.537225038146715e-09	-8.118320531315272	-2.7455175121625324	0.001245965528322202
-999.0	790.0	-1.233385673172217e-05	-5.0734011901920465e-09	-8.293550531069434	-2.465989409221557	0.0017771145280919786
-999.0	765.0	-1.0845607950030008e-05	-8.26473643911399e-09	-8.248995522658024	-2.115479490823241	0.0021352138504696604
-999.0	740.0	-9.725124794015263e-06	-8.915049468748501e-09	-7.965283155441274	-1.7838283081849764	0.002213924044407908
-999.0	715.0	-9.267847916042427e-06	-7.690056225351343e-09	-7.49537118938233	-1.4950275826785746	0.0020128205949911924
-999.0	690.0	-9.668770894396905e-06	-5.961129633008459e-09	-6.910749183760735	-1.2005443138478384	0.0016093415140458129
-999.0	665.0	-1.0268661717418806e-05	-4.651574504182176e-09	-6.214586973190293	-0.8856181250885725	0.0011409849584452126
-999.0	640.0	-9.57619514529054e-06	-3.822870479959774e-09	-5.62514724478952	-0.517201630812616	0.000714951446802776
-999.0	615.0	-7.605381262557865e-06	-4.204304631580999e-09	-5.229207730127692	-0.09374400442990002	0.0003678788614773326
-999.0	590.0	-5.635711253781869e-06	-4.499181196018915e-09	-5.087258549200151	0.25781013956287296	7.20792897630868e-05
-999.0	565.0	-4.012791747457526e-06	-4.338910460510379e-09	-5.255599945783603	0.49231023776029137	-0.0002736926700549416
-999.0	540.0	-3.6008607374828353e-06	-3.2771913619300686e-09	-5.589430799086876	0.633244054184977	-0.0007431026025240208
-999.0	515.0	-4.852093672839818e-06	-1.0030836951229141e-09	-6.030656943718578	0.6553917989496678	-0.0013362339382742671
-999.0	490.0	-6.435929242820369e-06	2.83839724291717e-10	-6.313320671518629	0.51836122489636	-0.001986700322467764
-999.0	465.0	-7.231799992703816e-06	-1.0184757712435974e-10	-6.3439729428953475	0.20834033936261	-0.002568321170583493
-999.0	440.0	-7.277931917435643e-06	-1.0277017982274279e-09	-6.212687970863438	-0.14704299718142472	-0.003012462330221086
-999.0	415.0	-7.2808998829487966e-06	-8.984427386394532e-10	-5.9494817836416996	-0.44676539105260726	-0.003361411173903197
-999.0	390.0	-6.423748585533214e-06	-5.076185859962246e-10	-5.645649477322059	-0.4649657923728294	-0.0037040292516461936
-999.0	365.0	-4.0310829012639625e-06	-7.531814777328938e-10	-5.299416859944651	-0.11161519421471164	-0.004126481586403399
-999.0	340.0	-1.6441765183114354e-06	-9.155945821320177e-10	-4.806736027201003	0.4959183053838012	-0.004615808470470333
-999.0	315.0	-1.0044781173532335e-06	-6.689190713924233e-10	-4.18421679776574	1.2586821979946747	-0.005012436912378555
-999.0	290.0	-1.5231201505679147e-06	-1.0588082929006569e-10	-3.648834884994531	1.9793179291818053	-0.0050765297354133845
-999.0	265.0	-1.7723783058038946e-06	1.4602666739429457e-10	-3.290521264490111	2.548479066227135	-0.004545424818923548
-999.0	240.0	-1.951125342640171e-06	1.3571831858161434e-10	-2.9619665327998734	2.8818341692288856	-0.0032682345204359544
-999.0	215.0	-1.9495184518923825e-06	9.76050250755927e-11	-2.272010631031385	2.794732782575845	-0.001428884777105977
-999.0	190.0	-9.663078005505622e-07	6.032904112953764e-11	-0.8962749938169209	2.2039677699407294	0.0004428877275995239
-999.0	165.0	-1.1906218064668026e-06	3.9210075960405505e-11	0.8445482295421468	1.256106311015606	0.0017048807611928785
-999.0	140.0	-5.058325876706057e-07	6.7341560103279305e-12	1.768306167589397	0.44238040016759134	0.0018308277610655022
-999.0	115.0	2.5890120822502966e-08	1.1998995987206007e-12	2.1269504196114832	0.1977177585164973	0.0009273684866555141
-999.0	90.0	1.6695447014586509e-06	-7.934934991647512e-13	4.1011485788557644	0.0658462616718663	3.871233568372402e-07
-999.0	65.0	-1.3245011817804506e-06	0.0	1.6588350550996047	-0.0037320668084744324	0.0
-999.0	40.0	-3.274155774956108e-08	0.0	-8.3716161258053	-0.18820116141193302	0.0
-999.0	15.0	4.326995235097443e-06	0.0	-16.88004702950516	-0.07522625362297172	0.0
245.47222222222223	40	1005.459398622866	day	levels	pres0
-999.0	990.0	-4.0416860878173404e-07	4.836442499048259e-09	-1.944677305580293	-0.5620669621836297	0.0003314588481068673
-999.0	965.0	-9.636925509459634e-06	7.879224761797273e-09	-3.664318887516861	-0.9648216172224969	0.0006611871464586765
-999.0	940.0	-1.3416694671704786e-05	8.25883572970982e-09	-5.01779320118605	-1.4641766606450646	0.0005731013449082938
-999.0	915.0	-1.4744981895334718e-05	1.1382622999958875e-08	-5.955645373574023	-1.9928123462531313	0.0001966266508817479
-999.0	890.0	-1.3500179895659382e-05	1.0369588435797956e-08	-6.621843374437768	-2.4313296943351084	-0.0001133390506944355
-999.0	865.0	-1.26714254235998e-05	6.982825382621213e-09	-7.18861312998667	-2.737572135196792	-0.00014815460696896733
-999.0	840.0	-1.2150838110718204e-05	1.7035751480895996e-09	-7.720508032374923	-2.8552791283086494	0.0001284213957521173
-999.0	815.0	-1.239648624419099e-05	-1.8720903362958043e-09	-8.127636172153343	-2.7408261299133274	0.0006276042754879644
-999.0	790.0	-1.199878706240346e-05	-4.876591540669856e-09	-8.302454239792304	-2.448812665762717	0.0011739382951461087
-999.0	765.0	-1.0609928579136633e-05	-7.952769265851125e-09	-8.258553398980043	-2.086276964456935	0.0015789254738097114
-999.0	740.0	-9.413373428950071e-06	-8.733470240557988e-09	-7.977224356598332	-1.746526271932639	0.0017227373685933674
-999.0	715.0	-8.804725560669914e-06	-7.697122560530449e-09	-7.510535542611727	-1.4534249046334333	0.0015950336441586724
-999.0	690.0	-9.163863388744654e-06	-6.005705241784646e-09	-6.927444469045713	-1.1567436456744775	0.0012709019913338749
-999.0	665.0	-9.826090016882207e-06	-4.629836192090088e-09	-6.230617996719149	-0.8419933663163544	0.0008912156582335472
-999.0	640.0	-9.200184290065359e-06	-3.728553230697871e-09	-5.641446705631636	-0.47469229164910676	0.0005663660613698414
-999.0	615.0	-7.293710339940827e-06	-4.035101330612864e-09	-5.24736959087076	-0.053437887156292635	0.0003345435071380924
-999.0	590.0	-5.3548986489123065e-06	-4.289081464368156e-09	-5.10727871650899	0.2940509220999343	0.00016591525384727354
-999.0	565.0	-3.7104450836930036e-06	-4.107702457956236e-09	-5.276995635694929	0.5221483617400302	-4.7158646444099725e-05
-999.0	540.0	-3.312503238239152e-06	-3.0262688583374026e-09	-5.61124356587728	0.6553308892029446	-0.0003832570845474874
-999.0	515.0	-4.638654553310278e-06	-7.108337495493362e-10	-6.051333667503465	0.6688366136211943	-0.0008424015685149622
-999.0	490.0	-6.313334274730397e-06	5.938148644322271e-10	-6.330414666897721	0.5244559565628093	-0.001353824222903825
-999.0	465.0	-7.163572850097673e-06	1.5693569213261763e-10	-6.354938989160236	0.2099748394555565	-0.0017829602346507074
-999.0	440.0	-7.216784749285451e-06	-8.203562246318414e-10	-6.217680687981619	-0.1443785818086689	-0.002055959901591381
-999.0	415.0	-7.246205534828135e-06	-7.034737990515206e-10	-5.949833214007035	-0.43663988529738407	-0.0022185171675819246
-999.0	390.0	-6.457895427125959e-06	-3.165324275789836e-10	-5.643203610830279	-0.4441946030904756	-0.0023704138784121894
-999.0	365.0	-4.122824285470713e-06	-5.988534524666682e-10	-5.295977354049678	-0.08025960431053485	-0.002613935819637544
-999.0	340.0	-1.7115754150084662e-06	-8.226548780229385e-10	-4.802633255720136	0.5302578172198185	-0.002943529747777337
-999.0	315.0	-1.0248252938965643e-06	-6.112297257829628e-10	-4.180363258829824	1.286917553455752	-0.0031949261886465206
-999.0	290.0	-1.551866831512845e-06	-6.60471158442533e-11	-3.6495807768294144	1.9996745823710118	-0.0031274344355298966
-999.0	265.0	-1.8545925418282328e-06	1.6249528323396323e-10	-3.302460698893786	2.560968780474031	-0.002496603016673229
-999.0	240.0	-2.16788827530745e-06	1.4872299251554156e-10	-2.991518658620356	2.8817130592134217	-0.0011929642141392822
-999.0	215.0	-2.2433227605527904e-06	1.1136776029835469e-10	-2.3233438865454357	2.7787785221029115	0.0005551223178687904
-999.0	190.0	-1.1470818970210757e-06	6.199496734915822e-11	-0.9730847179890009	2.1815940638383124	0.002192854351389166
-999.0	165.0	-1.2855845253910695e-06	3.7912516711878595e-11	0.7442805571136264	1.2457237955639755	0.003049023295365316
-999.0	140.0	-6.27401870004168e-07	6.1836919612611256e-12	1.6644234088835523	0.4417865212868689	0.0025802665265090034
-999.0	115.0	1.6359281065117095e-08	8.848988345551814e-13	2.048675899152374	0.183993706272696	0.0011465672186792943
-999.0	90.0	1.6684568697422312e-06	-9.78175495353951e-13	4.063653252742894	0.04765388417849881	4.16087393412375e-07
-999.0	65.0	-1.0873672313825986e-06	0.0	1.647379311698448	0.0016784636579725565	0.0
-999.0	40.0	2.971636572156698e-07	0.0	-8.383045341043431	-0.16244141447046284	0.0
-999.0	15.0	4.293973528427451e-06	0.0	-16.89840171817277	-0.04377366857670545	0.0
245.48611111111111	40	1005.6936961986398	day	levels	pres0
-999.0	990.0	1.273157849710775e-06	4.6331764141594585e-09	-1.9477886513427205	-0.5667258494154171	0.00030399408356981776
-999.0	965.0	-8.247846108958309e-06	7.638945274794229e-09	-3.6630610128243504	-0.9617369450214935	0.0005668957230521102
-999.0	940.0	-1.2372243026494609e-05	8.345641395309001e-09	-5.02788540113852	-1.4610872699844737	0.00038773309855144757
-999.0	915.0	-1.370090415889143e-05	1.1600562663669068e-08	-5.970872338171325	-1.9933307535118634	-0.00010393882160168475
-999.0	890.0	-1.2322535463839618e-05	1.0207901075085066e-08	-6.635473741425377	-2.4342951014362093	-0.0005327720565193315
-999.0	865.0	-1.1399658344142866e-05	6.2968081850961246e-09	-7.198524879084669	-2.7416237725151977	-0.0006698665975776042
-999.0	840.0	-1.1024790592760945e-05	8.024069108850973e-10	-7.7294498946931425	-2.8580792424855455	-0.0004628876013518765
-999.0	815.0	-1.1714259684737901e-05	-2.2069556344442948e-09	-8.136951812991366	-2.736134747664142	9.36246236070847e-06
-999.0	790.0	-1.1663717393085026e-05	-4.679781891149671e-09	-8.311357948515125	-2.431635922303926	0.000570869754632288
-999.0	765.0	-1.0374249208243181e-05	-7.640802092590662e-09	-8.268111275302017	-2.0570744380907118	0.00102273326888293
-999.0	740.0	-9.101622063885015e-06	-8.551891012368995e-09	-7.989165557755345	-1.7092242356804173	0.001231636784881836
-999.0	715.0	-8.341603205298011e-06	-7.704188895709983e-09	-7.525699895841087	-1.411822226588435	0.0011773226045454137
-999.0	690.0	-8.658955883093198e-06	-6.050280850560781e-09	-6.9441397543306564	-1.112942977501283	0.0009325246679047382
-999.0	665.0	-9.383518316346353e-06	-4.608097879997857e-09	-6.246649020247981	-0.7983686075443206	0.0006414912781540099
-999.0	640.0	-8.824173434840856e-06	-3.634235981435959e-09	-5.657746166473734	-0.4321829524857931	0.0004178063815259781
-999.0	615.0	-6.982039417324355e-06	-3.865898029645086e-09	-5.265531451613813	-0.013131769882883004	0.0003012136335724062
-999.0	590.0	-5.07408604404333e-06	-4.078981732717999e-09	-5.127298883817813	0.33029170463680657	0.000259736336482789
-999.0	565.0	-3.408098419929261e-06	-3.876494455402896e-09	-5.298391325606243	0.5519864857196021	0.00017933986685947712
-999.0	540.0	-3.024145738996217e-06	-2.7753463547457105e-09	-5.63305633266767	0.6774177242207757	-2.3467035441919945e-05
-999.0	515.0	-4.425215433781093e-06	-4.1858380397700527e-10	-6.072010391288333	0.6822814282926206	-0.00034864235161090893
-999.0	490.0	-6.19073930664038e-06	9.037900045713627e-10	-6.3475086622767956	0.5305506882291919	-0.0007210330837889607
-999.0	465.0	-7.09534570749133e-06	4.1571896138845213e-10	-6.365905035425115	0.21160933954846123	-0.0009976846165745744
-999.0	440.0	-7.155637581135045e-06	-6.130106510371627e-10	-6.2226734050997985	-0.14171416643594248	-0.0010995276387497414
-999.0	415.0	-7.2115111867071065e-06	-5.0850485946442e-10	-5.950184644372376	-0.4265143795421904	-0.0010756554594167315
-999.0	390.0	-6.492042268718019e-06	-1.254462691625217e-10	-5.640757744338503	-0.4234234138081481	-0.0010367712034304837
-999.0	365.0	-4.214565669676545e-06	-4.4452542720107726e-10	-5.2925378481547005	-0.04890401440637154	-0.0011012944783913633
-999.0	340.0	-1.7789743117047646e-06	-7.297151739142573e-10	-4.798530484239253	0.56459732905584	-0.001271120154267436
-999.0	315.0	-1.045172470439588e-06	-5.53540380173705e-10	-4.176509719893873	1.3151529089168503	-0.0013773093747798024
-999.0	290.0	-1.580613512457659e-06	-2.621340239857014e-11	-3.650326668664232	2.0200312355602446	-0.0011782964013402478
-999.0	265.0	-1.9368067778524427e-06	1.7896389907355296e-10	-3.31440013329735	2.5734584947209536	-0.00044782147878134003
-999.0	240.0	-2.3846512079744957e-06	1.6172766644942636e-10	-3.021070784440672	2.8815919491980004	0.0008821862534680003
-999.0	215.0	-2.537127069212968e-06	1.2513049552108563e-10	-2.3746771420592636	2.7628242616300573	0.002538971398873257
-999.0	190.0	-1.3278559934916403e-06	6.366089356877325e-11	-1.0498944421608103	2.1592203577360007	0.003942681088402407
-999.0	165.0	-1.380547244315616e-06	3.661495746335595e-11	0.644012884685409	1.2353412801124346	0.00439306042763281
-999.0	140.0	-7.489711523379613e-07	5.633227912195519e-12	1.5605406501780041	0.44119264240622036	0.0033296326429793606
-999.0	115.0	6.828441307423645e-09	5.698980703904556e-13	1.9704013786935013	0.17026965402898697	0.0013657514715604523
-999.0	90.0	1.6673690380254479e-06	-1.1628574915423468e-12	4.026157926630139	0.02946150668520131	4.450538315284424e-07
-999.0	65.0	-8.50233280985675e-07	0.0	1.635923568297335	0.007088994124426706	0.0
-999.0	40.0	6.270688721798105e-07	0.0	-8.39447455628153	-0.13668166752908553	0.0
-999.0	15.0	4.26095182175735e-06	0.0	-16.91675640684032	-0.01232108353055833	0.0
245.5	40	1005.927993774414	day	levels	pres0
-999.0	990.0	2.9504843082072006e-06	4.429910329269693e-09	-1.950899997105201	-0.5713847366472086	0.0002765345054271751
-999.0	965.0	-6.858766708454048e-06	7.398665787790109e-09	-3.6618031381318965	-0.9586522728204725	0.0004726447216764083
-999.0	940.0	-1.1327791381282385e-05	8.432447060908157e-09	-5.037977601091066	-1.4579978793238604	0.00020243554883324436
-999.0	915.0	-1.2656826422446302e-05	1.1818502327379839e-08	-5.986099302768708	-1.993849160770575	-0.00040440966142118404
-999.0	890.0	-1.1144891032017769e-05	1.0046213714371403e-08	-6.64910410841306	-2.4372605085372925	-0.0009520984622875382
-999.0	865.0	-1.0127891264683394e-05	5.610790987568044e-09	-7.208436628182728	-2.7456754098335896	-0.0011914601086471198
-999.0	840.0	-9.898743074801232e-06	-9.876132632295357e-11	-7.738391757011414	-2.8608793566624326	-0.0010540718313364736
-999.0	815.0	-1.1032033125283541e-05	-2.5418209325936108e-09	-8.146267453829447	-2.7314433654149375	-0.0006087599090051622
-999.0	790.0	-1.1328647723766388e-05	-4.482972241627673e-09	-8.320261657238007	-2.414459178845087	-3.209109324889084e-05
-999.0	765.0	-1.0138569837349846e-05	-7.3288349193279395e-09	-8.277669151624043	-2.027871911724408	0.00046663723498888604
-999.0	740.0	-8.789870698819867e-06	-8.370311784178571e-09	-8.001106758912403	-1.6719221994280815	0.0007406222924772784
-999.0	715.0	-7.878480849925566e-06	-7.711255230889138e-09	-7.540864249070484	-1.3702195485432944	0.0007596874756541134
-999.0	690.0	-8.154048377441034e-06	-6.094856459336979e-09	-6.960835039615631	-1.0691423093279204	0.0005942095433950568
-999.0	665.0	-8.94094661580985e-06	-4.586359567905742e-09	-6.26268004377683	-0.7547438487720988	0.00039181181785246175
-999.0	640.0	-8.448162579615773e-06	-3.5399187321740174e-09	-5.674045627315838	-0.3896736133222779	0.0002692724070065424
-999.0	615.0	-6.670368494707401e-06	-3.696694728676919e-09	-5.283693312356869	0.027174347390731213	0.0002678892407096561
-999.0	590.0	-4.793273439173828e-06	-3.868882001067201e-09	-5.147319051126639	0.3665324871738752	0.0003535425378889273
-999.0	565.0	-3.105751756164763e-06	-3.6452864528487054e-09	-5.319787015517552	0.5818246096993486	0.00040580287042843335
-999.0	540.0	-2.735788239752528e-06	-2.5244238511529862e-09	-5.654869099458058	0.6995045592387517	0.0003362675456763576
-999.0	515.0	-4.211776314251538e-06	-1.2633385840335535e-10	-6.092687115073204	0.6957262429641559	0.00014504371345326072
-999.0	490.0	-6.06814433855039e-06	1.2137651447119424e-09	-6.364602657655874	0.536645419895649	-8.832690416659714e-05
-999.0	465.0	-7.027118564885178e-06	6.745022306454809e-10	-6.376871081689993	0.21324383964141208	-0.00021249431568311564
-999.0	440.0	-7.094490412984871e-06	-4.0566507744154454e-10	-6.227666122217974	-0.13904975106318793	-0.00014316554130303484
-999.0	415.0	-7.176816838586496e-06	-3.135359198764757e-10	-5.950536074737707	-0.4163888737869759	6.717395071997347e-05
-999.0	390.0	-6.526189110310817e-06	6.563988925470902e-11	-5.638311877846718	-0.40265222452580923	0.00029689877306997986
-999.0	365.0	-4.306307053883318e-06	-2.9019740193487253e-10	-5.289098342259725	-0.017548424502213777	0.0004114424366254355
-999.0	340.0	-1.8463732084017935e-06	-6.367754698051917e-10	-4.794427712758382	0.5989368408918381	0.0004014203091847224
-999.0	315.0	-1.0655196469829041e-06	-4.958510345642463e-10	-4.1726561809579525	1.3433882643779116	0.0004404135286624256
-999.0	290.0	-1.6093601934025409e-06	1.362031104724368e-11	-3.6510725604991117	2.0403878887494407	0.0007708843669536433
-999.0	265.0	-2.019021013876665e-06	1.9543251491322059e-10	-3.3263395677010217	2.5859482089678445	0.0016009197948532517
-999.0	240.0	-2.6014141406415515e-06	1.7473234038334342e-10	-3.0506229102611537	2.8814708391825357	0.0029572168826277946
-999.0	215.0	-2.8309313778731005e-06	1.388932307438356e-10	-2.426010397573312	2.7468700011571245	0.004522662466041199
-999.0	190.0	-1.5086300899619584e-06	6.532681978839078e-11	-1.1267041663328805	2.1368466516335807	0.005692367938666338
-999.0	165.0	-1.4755099632397842e-06	3.531739821482915e-11	0.5437452122569086	1.224958764660793	0.005736992157999712
-999.0	140.0	-8.705404346713938e-07	5.082763863129003e-12	1.4566578914721808	0.44059876352548594	0.004078926110477714
-999.0	115.0	-2.7023984498726527e-09	2.5489730622515087e-13	1.8921268582344055	0.15654560178518295	0.0015849212452995992
-999.0	90.0	1.6662812063091055e-06	-1.3475394877315446e-12	3.9886626005172725	0.011269129191835758	4.740226711853267e-07
-999.0	65.0	-6.130993305877953e-07	0.0	1.6244678248961766	0.012499524590869782	0.0
-999.0	40.0	9.569740871450415e-07	0.0	-8.405903771519661	-0.11092192058761915	0.0
-999.0	15.0	4.227930115087441e-06	0.0	-16.93511109550794	0.01913150151570639	0.0
245.51388888888889	40	1005.8723924424913	day	levels	pres0
-999.0	990.0	4.4711175328711445e-06	3.9461706799724974e-09	-1.975507756626245	-0.5808600325275634	0.00023487743339467798
-999.0	965.0	-5.129438095797296e-06	6.364786005691075e-09	-3.6398733236172074	-0.9577588778748362	0.0003734837015641357
-999.0	940.0	-9.76142077323356e-06	7.026982498788127e-09	-4.979469067520573	-1.4396873397959784	6.25911825774562e-05
-999.0	915.0	-1.1231197358525762e-05	9.87162252561831e-09	-5.909426420927025	-1.9604300300556206	-0.0005706755313073423
-999.0	890.0	-9.983150391942215e-06	7.853764096137534e-09	-6.568841992704915	-2.393589679013786	-0.0011355839315645674
-999.0	865.0	-9.220839044990817e-06	3.657029793642464e-09	-7.129588211024191	-2.6935109636159678	-0.0013859823583304454
-999.0	840.0	-9.072941388750248e-06	-1.7746716499184542e-09	-7.657540166819464	-2.8029313633838884	-0.0012504766520355281
-999.0	815.0	-1.000420245487486e-05	-4.278515688799988e-09	-8.060583845332726	-2.6745194511280643	-0.0007909280767472974
-999.0	790.0	-1.0068954913319622e-05	-6.31110324364002e-09	-8.233710361851484	-2.3642574285191045	-0.00017826057430446191
-999.0	765.0	-8.789124561341512e-06	-8.886525979452852e-09	-8.19445905641263	-1.9857338028097162	0.0003812598923883466
-999.0	740.0	-7.5528114902817374e-06	-9.389841812186249e-09	-7.92428998593921	-1.6352584866323552	0.0007402708234936844
-999.0	715.0	-6.911164425587717e-06	-8.135334044359208e-09	-7.472127854823978	-1.3356744122725537	0.0008651339338201685
-999.0	690.0	-7.350240238085997e-06	-6.22253863207152e-09	-6.902870866987366	-1.034751422910182	0.0008235210808343706
-999.0	665.0	-8.18396623844112e-06	-4.691996878979605e-09	-6.218653827905601	-0.7188524479666847	0.0007607078705777757
-999.0	640.0	-7.74652120818101e-06	-3.6536386021449465e-09	-5.642928429499786	-0.35591105647656107	0.0007879267034764804
-999.0	615.0	-6.046321524742896e-06	-3.818990522564812e-09	-5.262828957841336	0.05385108540459574	0.0009369843686480092
-999.0	590.0	-4.248690047423056e-06	-3.97341998560864e-09	-5.131184529099195	0.3861758591676492	0.0011661166488615559
-999.0	565.0	-2.645681417688269e-06	-3.726541515250172e-09	-5.30101946382611	0.595384358049007	0.0013507003923025056
-999.0	540.0	-2.3376482032011656e-06	-2.684253347141242e-09	-5.6279224433280755	0.7063949041896451	0.0013993611239625898
-999.0	515.0	-3.838615665411067e-06	-4.803701748845895e-10	-6.05308548830172	0.6953853836145103	0.0013120247529004325
-999.0	490.0	-5.740661985133165e-06	7.881081789930765e-10	-6.316616163209603	0.5311877709571948	0.0011723274226568502
-999.0	465.0	-6.8183787324686686e-06	3.434944224903828e-10	-6.328211659634515	0.20696843056767655	0.0011417620020841757
-999.0	440.0	-7.008426530965135e-06	-6.240332061275159e-10	-6.185302439387154	-0.1381438800857949	0.00131746905799295
-999.0	415.0	-7.1177969508472074e-06	-4.745311021243374e-10	-5.9206918076508215	-0.4002493080786202	0.0016585442999557222
-999.0	390.0	-6.447159816940228e-06	-6.133828749574502e-11	-5.621340624160212	-0.37261730832629447	0.0020463610716619863
-999.0	365.0	-4.231154567987303e-06	-3.6487294130963305e-10	-5.282940126127655	0.01972157590924631	0.0023348767889591684
-999.0	340.0	-1.8189784255328505e-06	-6.675548714834195e-10	-4.796655533490358	0.6322007046806017	0.002494213013255121
-999.0	315.0	-1.0638426124104528e-06	-5.074409800203188e-10	-4.179026792998679	1.3607189909175976	0.0026699486229195333
-999.0	290.0	-1.6133489979260595e-06	7.722925454315363e-12	-3.653272237628719	2.0365731017491844	0.00307085448744241
-999.0	265.0	-2.0569316283970117e-06	2.019057472263429e-10	-3.3140974977502378	2.558469042457928	0.0038678389672845786
-999.0	240.0	-2.630596620906074e-06	1.7937870229676774e-10	-3.0179023692315607	2.8282949052475095	0.005062758469538392
-999.0	215.0	-2.858568491450083e-06	1.3407348062714614e-10	-2.383572700398957	2.673895001411415	0.006353223674294233
-999.0	190.0	-1.709261701208191e-06	6.134280343616766e-11	-1.1041258830163463	2.062073781534435	0.00717512008410298
-999.0	165.0	-1.7623597211797613e-06	3.368167402181111e-11	0.5300253235079235	1.1624848675327333	0.006806926969124934
-999.0	140.0	-1.117716556670612e-06	4.494029504233787e-12	1.4293104366019647	0.38828701194788046	0.004585572491538467
-999.0	115.0	-2.0095551771338254e-08	1.946777628542038e-13	1.882038767691022	0.11413123513812617	0.0016607312199269754
-999.0	90.0	1.8307158171104222e-06	-1.3690772977306022e-12	3.9925517528145664	-0.010193634364363102	6.638806827840477e-07
-999.0	65.0	-3.6439765675847356e-07	0.0	1.6439770537394365	0.007987271373446292	0.0
-999.0	40.0	1.2983987874398435e-06	0.0	-8.39220841504908	-0.11209783192588665	0.0
-999.0	15.0	4.206482721531079e-06	0.0	-16.915062474983692	0.010906056397472996	0.0
245.52777777777777	40	1005.8167911105685	day	levels	pres0
-999.0	990.0	5.991750757531342e-06	3.462431030676332e-09	-2.0001155161471127	-0.5903353284078559	0.00019318090224456678
-999.0	965.0	-3.4001094831443218e-06	5.330906223593317e-09	-3.6179435091024232	-0.9568654829291248	0.00027426474850290747
-999.0	940.0	-8.195050165187983e-06	5.621517936669875e-09	-4.9209605339500815	-1.421376800268064	-7.73028955605925e-05
-999.0	915.0	-9.805568294607728e-06	7.924742723859891e-09	-5.832753539085413	-1.9270108993406756	-0.0007370008433108155
-999.0	890.0	-8.821409751868395e-06	5.661314477907203e-09	-6.488579876996881	-2.3499188494903236	-0.0013191449231498404
-999.0	865.0	-8.313786825299534e-06	1.7032685997201311e-09	-7.0507397938658	-2.641346517398423	-0.0015805922108078885
-999.0	840.0	-8.247139702700767e-06	-3.4505819735099703e-09	-7.576688576627693	-2.7449833701054516	-0.0014469728214841276
-999.0	815.0	-8.976371784468698e-06	-6.01521044500043e-09	-7.974900236836222	-2.617595536841313	-0.0009731798362940361
-999.0	790.0	-8.809262102876512e-06	-8.139234245644755e-09	-8.147159066465202	-2.3140556781932395	-0.00032449588534118475
-999.0	765.0	-7.439679285337521e-06	-1.0444217039570503e-08	-8.111248961201456	-1.94359569389513	0.0002958435937094427
-999.0	740.0	-6.3157522817479985e-06	-1.0409371840188441e-08	-7.847473212966244	-1.5985947738367252	0.0007399191127522363
-999.0	715.0	-5.943848001253711e-06	-8.55941285782597e-09	-7.403391460577672	-1.301129276001908	0.0009706289260270279
-999.0	690.0	-6.546432098734416e-06	-6.350220804804043e-09	-6.84490669435927	-1.0003605364925456	0.0010529338678340824
-999.0	665.0	-7.4269858610756626e-06	-4.797634190051873e-09	-6.174627612034493	-0.6829610471613836	0.0011297532354121824
-999.0	640.0	-7.044879836749241e-06	-3.767358472114639e-09	-5.611811231683809	-0.3221484996309555	0.0013067786875283769
-999.0	615.0	-5.422274554780975e-06	-3.941286316451865e-09	-5.241964603325839	0.08052782341836937	0.001606334200776312
-999.0	590.0	-3.704106655674396e-06	-4.077957970149557e-09	-5.115050007071764	0.4058192311613583	0.0019790163262176116
-999.0	565.0	-2.1856110792133743e-06	-3.807796577651315e-09	-5.28225191213467	0.6089441063986301	0.0022960113000297946
-999.0	540.0	-1.9395081666510554e-06	-2.8440828431289515e-09	-5.600975787198109	0.7132852491405282	0.002462933147280117
-999.0	515.0	-3.4654550165717303e-06	-8.34406491364589e-10	-6.013483861530282	0.6950445242648714	0.0024795050662301146
-999.0	490.0	-5.413179631716838e-06	3.6245121327570247e-10	-6.268629668763406	0.5257301220187502	0.0024334833979354933
-999.0	465.0	-6.609638900052486e-06	1.2486614336445889e-11	-6.279552237579134	0.20069302149393575	0.00249651690709115
-999.0	440.0	-6.922362648945204e-06	-8.424013348126742e-10	-6.142938756556439	-0.1372380091084359	0.002778607601065465
-999.0	415.0	-7.05877706310769e-06	-6.35526284371548e-10	-5.890847540564019	-0.38410974237033774	0.00325043813288039
-999.0	390.0	-6.368130523569658e-06	-1.8831646424574288e-10	-5.604369370473764	-0.3425823921268891	0.0037963751039478224
-999.0	365.0	-4.1560020820916424e-06	-4.395484806841565e-10	-5.276781909995612	0.05699157632057486	0.004258894836833354
-999.0	340.0	-1.791583642664437e-06	-6.983342731615478e-10	-4.798883354222333	0.6654645684692391	0.004587619711127001
-999.0	315.0	-1.0621655778384857e-06	-5.190309254763787e-10	-4.18539740503938	1.3780497174571917	0.004900115676550623
-999.0	290.0	-1.617337802449989e-06	1.825539861360328e-12	-3.6554719147582833	2.0327583147488735	0.005371437758244641
-999.0	265.0	-2.094842242917815e-06	2.0837897953938953e-10	-3.3018554277994028	2.5309898759479874	0.006135295009415087
-999.0	240.0	-2.6597791011713885e-06	1.840250642101027e-10	-2.985181828201927	2.775118971312497	0.007168697113278426
-999.0	215.0	-2.886205605028121e-06	1.292537305104179e-10	-2.341135003224578	2.600920001665771	0.008183994538527972
-999.0	190.0	-1.9098933124550214e-06	5.735878708393183e-11	-1.0815475996997694	1.9873009114354028	0.008657916223175554
-999.0	165.0	-2.0492094791198365e-06	3.2045949828786664e-11	0.5163054347590194	1.1000109704047825	0.007876815535065215
-999.0	140.0	-1.3648926786701284e-06	3.905295145338406e-12	1.4019629817318102	0.33597526037033615	0.005092196327667696
-999.0	115.0	-3.7488705093466765e-08	1.34458219482989e-13	1.8719506771476189	0.07171686849110681	0.001736539945674835
-999.0	90.0	1.9951504279107093e-06	-1.390615107729805e-12	3.9964409051118053	-0.031656397920503565	8.53707912811949e-07
-999.0	65.0	-1.1569598293013925e-07	0.0	1.6634862825826304	0.003475018156073373	0.0
-999.0	40.0	1.6398234877335239e-06	0.0	-8.378513058578529	-0.1132737432640982	0.0
-999.0	15.0	4.185035327974496e-06	0.0	-16.895013854459485	0.002680611279281986	0.0
245.54166666666666	40	1005.761189778646	day	levels	pres0
-999.0	990.0	7.512383982195428e-06	2.9786913813790934e-09	-2.024723275668151	-0.5998106242882126	0.00015144491403768447
-999.0	965.0	-1.6707808704873895e-06	4.297026441494207e-09	-3.5960136945877217	-0.9559720879834902	0.0001749878623376198
-999.0	940.0	-6.6286795571390405e-06	4.216053374549721e-09	-4.862452000379576	-1.4030662607401863	-0.00021724668731326206
-999.0	915.0	-8.379939230687137e-06	5.977862922098096e-09	-5.756080657243722	-1.8935917686257226	-0.0009033856001049931
-999.0	890.0	-7.659669111792852e-06	3.4688648596729676e-09	-6.40831776128873	-2.3062480199668167	-0.0015027814405621119
-999.0	865.0	-7.406734605607e-06	-2.504925942058269e-10	-6.971891376707258	-2.5891820711807974	-0.0017752896691280826
-999.0	840.0	-7.421338016649831e-06	-5.126492297105799e-09	-7.495836986435742	-2.6870353768269006	-0.0016435603413007306
-999.0	815.0	-7.94854111406004e-06	-7.751905201207022e-09	-7.8892166283395	-2.5606716225544313	-0.0011555151887886197
-999.0	790.0	-7.549569292429732e-06	-9.967365247657187e-09	-8.06060777107868	-2.2638539278672476	-0.00047079702744881797
-999.0	765.0	-6.090234009329132e-06	-1.2001908099695395e-08	-8.028038865990041	-1.9014575849804298	0.00021038833847503453
-999.0	740.0	-5.078693073209798e-06	-1.142890186819604e-08	-7.770656439993052	-1.561931061040994	0.0007395671602530232
-999.0	715.0	-4.9765315769157975e-06	-8.983491671295956e-09	-7.334655066331167	-1.2665841397311646	0.0010761724524980742
-999.0	690.0	-5.742623959379331e-06	-6.477902977538528e-09	-6.786942521731006	-0.9659696500748064	0.0012824479047570988
-999.0	665.0	-6.670005483706919e-06	-4.903271501125703e-09	-6.130601396163265	-0.6470696463559696	0.001498947913135179
-999.0	640.0	-6.343238465314498e-06	-3.8810783420855585e-09	-5.580694033867756	-0.28838594278524005	0.0018258283602656984
-999.0	615.0	-4.798227584816529e-06	-4.063582110339766e-09	-5.2211002488103055	0.10720456143223261	0.0022759387381771066
-999.0	590.0	-3.1595232639237074e-06	-4.182495954691013e-09	-5.0989154850443175	0.4254626031551312	0.002792241572132624
-999.0	565.0	-1.7255407407369547e-06	-3.889051640052798e-09	-5.263484360443222	0.6225038547482874	0.003241735598722445
-999.0	540.0	-1.5413681300997466e-06	-3.003912339117234e-09	-5.574029131068122	0.7201755940914194	0.0035269836227763713
-999.0	515.0	-3.0922943677312825e-06	-1.1884428078458678e-09	-5.97388223475879	0.6947036649152217	0.0036474846606532147
-999.0	490.0	-5.085697278299607e-06	-6.320575244320979e-11	-6.220643174317128	0.5202724730802899	0.0036951410276940657
-999.0	465.0	-6.400899067635963e-06	-3.1852119381867953e-10	-6.230892815523648	0.19441761242019195	0.0038517704030947616
-999.0	440.0	-6.836298766925456e-06	-1.0607694634986439e-09	-6.100575073725613	-0.13633213813105066	0.004240250090671506
-999.0	415.0	-6.999757175368398e-06	-7.965214666193871e-10	-5.861003273477126	-0.3679701766619865	0.004842855452526373
-999.0	390.0	-6.289101230199075e-06	-3.1529464099618844e-10	-5.587398116787251	-0.3125474759273732	0.005546940872996137
-999.0	365.0	-4.080849596195647e-06	-5.142240200589216e-10	-5.270623693863538	0.09426157673204202	0.006183496583160542
-999.0	340.0	-1.7641888597955271e-06	-7.291136748397806e-10	-4.801111174954308	0.6987284322580143	0.006681640404917273
-999.0	315.0	-1.0604885432660563e-06	-5.306208709324511e-10	-4.191768017080106	1.3953804439968893	0.007130914690390623
-999.0	290.0	-1.6213266069735053e-06	-4.071845731574112e-12	-3.6576715918878913	2.028943527748628	0.007672634179557586
-999.0	265.0	-2.1327528574381766e-06	2.1485221185249506e-10	-3.289613357848616	2.503510709438077	0.008403287921295327
-999.0	240.0	-2.6889615814360008e-06	1.8867142612350889e-10	-2.952461287172327	2.7219430373774713	0.009275032813839023
-999.0	215.0	-2.9138427186052704e-06	1.244339803937193e-10	-2.2986973060502147	2.527945001920056	0.010014975058768366
-999.0	190.0	-2.1105249237014507e-06	5.3374770731706004e-11	-1.0589693163832303	1.9125280413362487	0.010140756355898187
-999.0	165.0	-2.3360592370599956e-06	3.041022563576807e-11	0.5025855460100301	1.03753707327671	0.008946657855820696
-999.0	140.0	-1.612068800669547e-06	3.3165607864430403e-12	1.3746155268615825	0.2836635087927134	0.005598797618866746
-999.0	115.0	-5.488185841502469e-08	7.42386761119872e-14	1.861862586604224	0.02930250184403438	0.0018123474225434741
-999.0	90.0	2.1595850387119877e-06	-1.4121529177288672e-12	4.000330057409091	-0.05311916147670731	1.0435043612704181e-06
-999.0	65.0	1.3300569089917395e-07	0.0	1.682995511425886	-0.001037235061346814	0.0
-999.0	40.0	1.981248188028326e-06	0.0	-8.364817702107949	-0.11444965460236119	0.0
-999.0	15.0	4.163587934418073e-06	0.0	-16.87496523393524	-0.00554483383895063	0.0
245.55555555555554	40	1005.705588446723	day	levels	pres0
-999.0	990.0	9.033017206855625e-06	2.4949517320829272e-09	-2.049331035189019	-0.609285920168505	0.00010966947083553557
-999.0	965.0	5.854774216558649e-08	3.263146659396448e-09	-3.574083880072937	-0.9550786930377791	7.565304291425254e-05
-999.0	940.0	-5.062308949093464e-06	2.810588812431472e-09	-4.803943466809085	-1.3847557212122716	-0.0003572401944111499
-999.0	915.0	-6.954310166769103e-06	4.0309831203396775e-09	-5.679407775402112	-1.8601726379107777	-0.001069829804361006
-999.0	890.0	-6.497928471719037e-06	1.2764152414426347e-09	-6.328055645580696	-2.2625771904433547	-0.001686493487317806
-999.0	865.0	-6.499682385915717e-06	-2.2042537881281567e-09	-6.893042959548866	-2.5370176249632532	-0.0019700747363378956
-999.0	840.0	-6.595536330600349e-06	-6.802402620697309e-09	-7.41498539624397	-2.6290873835484634	-0.0018402392131028889
-999.0	815.0	-6.920710443653879e-06	-9.488599957407464e-09	-7.803533019842996	-2.5037477082676802	-0.001337934135374305
-999.0	790.0	-6.289876481986623e-06	-1.1795496249661924e-08	-7.974056475692399	-2.213652177541383	-0.0006171640017182116
-999.0	765.0	-4.740788733325142e-06	-1.3559599159813048e-08	-7.9448287707788685	-1.8593194760658438	0.0001248941262056516
-999.0	740.0	-3.84163386467606e-06	-1.244843189619823e-08	-7.693839667020082	-1.525267348245364	0.0007392149659925454
-999.0	715.0	-4.009215152581791e-06	-9.40757048476272e-09	-7.265918672084861	-1.2320390034605195	0.0011817645134519204
-999.0	690.0	-4.938815820027752e-06	-6.6055851502710496e-09	-6.728978349102909	-0.9315787636571701	0.001512063191960477
-999.0	665.0	-5.91302510634146e-06	-5.00890881219797e-09	-6.086575180292157	-0.6111782455506686	0.0018682919045194498
-999.0	640.0	-5.641597093882731e-06	-3.994798212055251e-09	-5.549576836051782	-0.25462338593963457	0.0023450757227842516
-999.0	615.0	-4.174180614854608e-06	-4.18587790422682e-09	-5.20023589429481	0.13388129944600619	0.0029457979819245434
-999.0	590.0	-2.6149398721750486e-06	-4.287033939231932e-09	-5.082780963016886	0.4451059751488404	0.0036057923887730867
-999.0	565.0	-1.26547040226206e-06	-3.970306702453942e-09	-5.244716808751784	0.6360636030979105	0.0041878732934829245
-999.0	540.0	-1.1432280935496355e-06	-3.163741835104945e-09	-5.547082474938158	0.7270659390423027	0.004591512557588552
-999.0	515.0	-2.719133718891946e-06	-1.542479124325868e-09	-5.934280607987353	0.6943628055655827	0.004815963543369992
-999.0	490.0	-4.758214924883282e-06	-4.888627181605846e-10	-6.172656679870932	0.5148148241418453	0.004957300317946299
-999.0	465.0	-6.19215923521978e-06	-6.495290019726165e-10	-6.182233393468267	0.18814220334645113	0.005207522493840562
-999.0	440.0	-6.750234884905526e-06	-1.2791375921838027e-09	-6.058211390894898	-0.13542626715369155	0.005702396529556022
-999.0	415.0	-6.940737287628879e-06	-9.575166488665973e-10	-5.831159006390325	-0.35183061095370405	0.006435796261913152
-999.0	390.0	-6.210071936828506e-06	-4.4227281774618643e-10	-5.5704268631008045	-0.28251255972796796	0.007298058381861467
-999.0	365.0	-4.005697110299986e-06	-5.888995594334449e-10	-5.2644654777314965	0.13153157714337047	0.008108682030837661
-999.0	340.0	-1.7367940769271135e-06	-7.598930765179085e-10	-4.803338995686284	0.7319922960466512	0.008776275096725537
-999.0	315.0	-1.0588115086940882e-06	-5.422108163885108e-10	-4.198138629120806	1.412711170536483	0.009362345665255501
-999.0	290.0	-1.625315411497434e-06	-9.969231324529057e-12	-3.6598712690174553	2.0251287407483165	0.009974443751558442
-999.0	265.0	-2.17066347195898e-06	2.2132544416554167e-10	-3.2773712878977803	2.476031542928138	0.01067181770295575
-999.0	240.0	-2.7181440617013144e-06	1.9331778803684376e-10	-2.9197407461426934	2.6687671034424585	0.011381765571192545
-999.0	215.0	-2.941479832183309e-06	1.1961423027699103e-10	-2.256259608875835	2.454970002174411	0.011846165235025352
-999.0	190.0	-2.3111565349482814e-06	4.939075437947017e-11	-1.0363910330666533	1.837755171237216	0.011623640482272542
-999.0	165.0	-2.6229089950000708e-06	2.877450144274363e-11	0.4888656572611255	0.975063176148759	0.01001645393138293
-999.0	140.0	-1.8592449226690637e-06	2.7278264275476586e-12	1.3472680719914276	0.23135175721516898	0.006105376365133001
-999.0	115.0	-7.227501173715289e-08	1.4019132740772e-14	1.8517744960608211	-0.013111864802984985	0.0018881536505325899
-999.0	90.0	2.324019649512275e-06	-1.4336907277280699e-12	4.004219209706329	-0.07458192503284766	1.2332700281604008e-06
-999.0	65.0	3.8170736472750867e-07	0.0	1.7025047402690803	-0.0055494882787197886	0.0
-999.0	40.0	2.322672888322007e-06	0.0	-8.351122345637402	-0.1156255659405727	0.0
-999.0	15.0	4.14214054086149e-06	0.0	-16.854916613411028	-0.013770278957141585	0.0
245.56944444444446	40	1005.6499871148003	day	levels	pres0
-999.0	990.0	1.05536504315199e-05	2.011212082785333e-09	-2.073938794710054	-0.6187612160488504	6.785457469939569e-05
-999.0	965.0	1.787876354822721e-06	2.2292668772964522e-09	-3.552154065558209	-0.9541852980921157	-2.3739709922331757e-05
-999.0	940.0	-3.495938341044277e-06	1.4051242503103912e-09	-4.745434933238535	-1.3664451816843513	-0.0004972834185863269
-999.0	915.0	-5.528681102848065e-06	2.084103318577203e-09	-5.602734893560366	-1.8267535071957761	-0.0012363334587515143
-999.0	890.0	-5.336187831642914e-06	-9.160343767922096e-10	-6.247793529872487	-2.2189063609197954	-0.001870281066934778
-999.0	865.0	-5.59263016622262e-06	-4.158014982054415e-09	-6.814194542390272	-2.4848531787455785	-0.0021649474154855574
-999.0	840.0	-5.76973464454899e-06	-8.4783129442929e-09	-7.334133806051969	-2.5711393902698703	-0.0020370094385091316
-999.0	815.0	-5.892879773244931e-06	-1.1225294713613447e-08	-7.717849411346223	-2.4468237939807658	-0.0015204366771945062
-999.0	790.0	-5.030183671539668e-06	-1.3623627251673594e-08	-7.887505180305831	-2.163450427215369	-0.0007635968092393118
-999.0	765.0	-3.3913434573167027e-06	-1.51172902199372e-08	-7.861618675567415	-1.8171813671511319	3.936095642389693e-05
-999.0	740.0	-2.6045746561379236e-06	-1.3467961924205121e-08	-7.617022894046861	-1.4886036354496262	0.0007388625299706118
-999.0	715.0	-3.041898728244024e-06	-9.831649298231998e-09	-7.197182277838336	-1.1974938671897721	0.0012874051091116734
-999.0	690.0	-4.135007680672819e-06	-6.733267323004894e-09	-6.671014176474635	-0.8971878772394285	0.0017417797298068683
-999.0	665.0	-5.15604472897279e-06	-5.114546123271317e-09	-6.042548964420927	-0.5752868447452519	0.00223778521034427
-999.0	640.0	-4.9399557224479655e-06	-4.108518082025845e-09	-5.518459638235729	-0.2208608290939164	0.0028645207761873195
-999.0	615.0	-3.550133644890021e-06	-4.308173698114553e-09	-5.179371539779274	0.16055803745987063	0.0036159119331010464
-999.0	590.0	-2.070356480424112e-06	-4.391571923773335e-09	-5.066646440989435	0.4647493471426133	0.004419668778314432
-999.0	565.0	-8.054000637853546e-07	-4.051561764855432e-09	-5.225949257060327	0.6496233514475676	0.005134424389423127
-999.0	540.0	-7.450880569980947e-07	-3.323571331093255e-09	-5.520135818808155	0.7339562839931919	0.0056565199588637025
-999.0	515.0	-2.345973070051403e-06	-1.8965154408071508e-09	-5.894678981215845	0.6940219462159278	0.005984941721591078
-999.0	490.0	-4.430732571466055e-06	-9.14519683879476e-10	-6.124670185424636	0.5093571752033776	0.006219961274716908
-999.0	465.0	-5.9834194028032626e-06	-9.805368101277163e-10	-6.133573971412771	0.1818667942727009	0.006563773183085816
-999.0	440.0	-6.664171002885737e-06	-1.4975057208697789e-09	-6.0158477080640695	-0.13452039617630712	0.007165046920476523
-999.0	415.0	-6.881717399889497e-06	-1.1185118311144832e-09	-5.801314739303438	-0.3356910452453438	0.00802926056407376
-999.0	390.0	-6.131042643457816e-06	-5.692509944966748e-10	-5.553455609414303	-0.2524776435284403	0.009049727633613237
-999.0	365.0	-3.930544624403946e-06	-6.635750988082191e-10	-5.258307261599431	0.16880157755484237	0.010034451182778115
-999.0	340.0	-1.7093992940582366e-06	-7.906724781961372e-10	-4.80556681641826	0.7652561598354208	0.010871523788669592
-999.0	315.0	-1.0571344741216779e-06	-5.538007618446127e-10	-4.204509241161524	1.4300418970761646	0.011594408601981094
-999.0	290.0	-1.6293042160209383e-06	-1.5866616917489546e-11	-3.6620709461470464	2.0213139537480465	0.01227686647444529
-999.0	265.0	-2.2085740864793247e-06	2.277986764786529e-10	-3.2651292179469706	2.4485523764181947	0.012940884354447634
-999.0	240.0	-2.7473265419658843e-06	1.979641499502666e-10	-2.887020205113065	2.615591169507396	0.013488895385330772
-999.0	215.0	-2.969116945760379e-06	1.1479448016029893e-10	-2.2138219117014364	2.3819950024286562	0.013677565067325427
-999.0	190.0	-2.511788146194624e-06	4.540673802724025e-11	-1.0138127497500746	1.7629823011380177	0.013106568602313195
-999.0	165.0	-2.9097587529401074e-06	2.713877724972056e-11	0.47514576851217716	0.912589279020638	0.01108620376175246
-999.0	140.0	-2.106421044668276e-06	2.139092068651682e-12	1.3199206171212354	0.17904000563749972	0.0066119325664680045
-999.0	115.0	-8.966816505861118e-08	-4.620041063019506e-14	1.8416864055174462	-0.05552623145009217	0.001963958629642493
-999.0	90.0	2.48845426031364e-06	-1.4552285377271126e-12	4.008108362003621	-0.09604468858906284	1.4230049134833548e-06
-999.0	65.0	6.304090385569395e-07	0.0	1.7220139691123408	-0.010061741496132814	0.0
-999.0	40.0	2.6640975886169426e-06	0.0	-8.337426989166817	-0.11680147727883468	0.0
-999.0	15.0	4.120693147305192e-06	0.0	-16.834867992886778	-0.02199572407538375	0.0
245.58333333333334	40	1005.5943857828776	day	levels	pres0
-999.0	990.0	1.2074283656179959e-05	1.5274724334891648e-09	-2.0985465542309254	-0.6282365119291442	2.6000227691227172e-05
-999.0	965.0	3.5172049674754954e-06	1.1953870951987747e-09	-3.530224251043431	-0.9532919031464083	-0.00012319039632610468
-999.0	940.0	-1.929567732998918e-06	-3.4031180770598997e-13	-4.686926399668052	-1.348134642156441	-0.0006373763615689363
-999.0	915.0	-4.103052038930271e-06	1.372235168189955e-10	-5.526062011718765	-1.7933343764808358	-0.0014028965659466407
-999.0	890.0	-4.17444719156931e-06	-3.1084839950223203e-09	-6.167531414164465	-2.1752355313963365	-0.002054144182928132
-999.0	865.0	-4.685577946531508e-06	-6.1117761759765394e-09	-6.735346125231885	-2.4326887325280353	-0.002359907709616933
-999.0	840.0	-4.943932958499657e-06	-1.0154223267884257e-08	-7.2532822158602	-2.5131913969914335	-0.0022338710191362873
-999.0	815.0	-4.865049102838905e-06	-1.2961989469813766e-08	-7.6321658028497215	-2.3898998796940143	-0.0017030228153916923
-999.0	790.0	-3.770490861096674e-06	-1.5451758253678232e-08	-7.800953884919551	-2.1132486768895036	-0.000910095451102075
-999.0	765.0	-2.0418981813127957e-06	-1.667498128005477e-08	-7.778408580356245	-1.7750432582365452	-4.6211171348818986e-05
-999.0	740.0	-1.3675154476042266e-06	-1.448749195220725e-08	-7.540206121073899	-1.451939922653997	0.0007385098521845863
-999.0	715.0	-2.0745823039100195e-06	-1.0255728111698718e-08	-7.128445883592036	-1.1629487309191293	0.001393094239696787
-999.0	690.0	-3.331199541321223e-06	-6.860949495737398e-09	-6.613050003846545	-0.8627969908217951	0.0019715975186541243
-999.0	665.0	-4.399064351607319e-06	-5.220183434343581e-09	-5.998522748549825	-0.5393954439399542	0.002607427831383028
-999.0	640.0	-4.238314351016191e-06	-4.222237951995544e-09	-5.487342440419758	-0.18709827224831405	0.003384163521571313
-999.0	615.0	-2.9260866749281037e-06	-4.430469492001614e-09	-5.158507185263782	0.18723477547364165	0.004286280592781283
-999.0	590.0	-1.5257730886754656e-06	-4.496109908314264e-09	-5.050511918962007	0.48439271913632004	0.005233870742923528
-999.0	565.0	-3.453297253104772e-07	-4.132816827256589e-09	-5.207181705368892	0.6631830997971875	0.006081388891645569
-999.0	540.0	-3.469480204480092e-07	-3.483400827080976e-09	-5.493189162678193	0.7408466289440713	0.00672200583373875
-999.0	515.0	-1.9728124212121047e-06	-2.2505517572871564e-09	-5.855077354444413	0.6936810868662845	0.007154419202516323
-999.0	490.0	-4.1032502180497765e-06	-1.3401766495968487e-09	-6.076683690978445	0.5038995262649286	0.0074831239040191915
-999.0	465.0	-5.774679570387128e-06	-1.3115446182816445e-09	-6.084914549357394	0.17559138519895662	0.00792052247457565
-999.0	440.0	-6.578107120865854e-06	-1.7158738495549286e-09	-5.973484025233358	-0.13361452519894998	0.00862820126617741
-999.0	415.0	-6.822697512150009e-06	-1.2795070133616885e-09	-5.771470472216637	-0.31955147953706153	0.009623248362026922
-999.0	390.0	-6.052013350087258e-06	-6.9622917124667e-10	-5.536484355727854	-0.22244272732903325	0.010801948631305139
-999.0	365.0	-3.855392138508284e-06	-7.3825063818274e-10	-5.252149045467389	0.20607157796617454	0.011960804041878027
-999.0	340.0	-1.6820045111898056e-06	-8.214518798742647e-10	-4.807794637150233	0.7985200236240634	0.012967386482848385
-999.0	315.0	-1.0554574395496763e-06	-5.65390707300675e-10	-4.210879853202224	1.4473726236157656	0.013827103501382904
-999.0	290.0	-1.6332930205448162e-06	-2.1764002510448717e-11	-3.664270623276611	2.017499166747745	0.014579902348395034
-999.0	265.0	-2.2464847010000664e-06	2.3427190879169503e-10	-3.2528871479961405	2.4210732099082675	0.015210487875801227
-999.0	240.0	-2.776509022231148e-06	2.0261051186360089e-10	-2.8542996640834395	2.562415235572398	0.015596422256225895
-999.0	215.0	-2.9967540593383813e-06	1.0997473004357255e-10	-2.171384214527065	2.3090200026830257	0.015509174555678342
-999.0	190.0	-2.7124197574414084e-06	4.142272167500494e-11	-0.9912344664335007	1.6882094310389906	0.014589540716021561
-999.0	165.0	-3.196608510880136e-06	2.5503053056696223e-11	0.4614258797632764	0.8501153818926841	0.01215590734692052
-999.0	140.0	-2.353597166667733e-06	1.5503577097563507e-12	1.2925731622510863	0.12672825405995053	0.007118466222868973
-999.0	115.0	-1.0706131838069628e-07	-1.0641995400138159e-13	1.8315983149740465	-0.09794059809711458	0.0020397623598728816
-999.0	90.0	2.65288887111396e-06	-1.4767663477262886e-12	4.01199751430086	-0.11750745214520569	1.6127090172403494e-06
-999.0	65.0	8.791107123852912e-07	0.0	1.7415231979555315	-0.01457399471350554	0.0
-999.0	40.0	3.005522288910622e-06	0.0	-8.32373163269627	-0.11797738861704868	0.0
-999.0	15.0	4.09924575374863e-06	0.0	-16.814819372362575	-0.03022116919357734	0.0
245.59722222222223	40	1005.5387844509546	day	levels	pres0
-999.0	990.0	1.3594916880844185e-05	1.0437327841919287e-09	-2.1231543137519595	-0.6377118078094998	-1.589356812725503e-05
-999.0	965.0	5.246533580132627e-06	1.615073130995841e-10	-3.508294436528723	-0.9523985082007702	-0.0002226990164522105
-999.0	940.0	-3.63197124949757e-07	-1.405804873928015e-09	-4.6284178660975375	-1.3298241026285584	-0.0007775190250907056
-999.0	915.0	-2.6774229750094393e-06	-1.8096562849430106e-09	-5.449389129877064	-1.7599152457658787	-0.0015695191286182412
-999.0	890.0	-3.0127065514935535e-06	-5.300933613256778e-09	-6.087269298456303	-2.1315647018728265	-0.002238082838814737
-999.0	865.0	-3.7785257268388013e-06	-8.065537369902708e-09	-6.656497708073337	-2.3805242863104077	-0.002554955621779758
-999.0	840.0	-4.118131272448573e-06	-1.183013359148024e-08	-7.1724306256682455	-2.455243403712882	-0.002430823956602876
-999.0	815.0	-3.837218432430109e-06	-1.4698684226020482e-08	-7.546482194352997	-2.332975965407133	-0.0018856925511093767
-999.0	790.0	-2.510798050649775e-06	-1.7279889255690766e-08	-7.714402589533027	-2.0630469265635125	-0.0010566599283965735
-999.0	765.0	-6.924529053043225e-07	-1.823267234017974e-08	-7.695198485144827	-1.732905149321846	-0.0001318222575900979
-999.0	740.0	-1.3045623906598374e-07	-1.550702198021491e-08	-7.463389348100701	-1.415276209858265	0.0007381569326340474
-999.0	715.0	-1.1072658795721038e-06	-1.0679806925168747e-08	-7.059709489345524	-1.1284035946483826	0.001498831905430165
-999.0	690.0	-2.527391401966153e-06	-6.9886316684719016e-09	-6.555085831218275	-0.8284061044040525	0.0022015165588647467
-999.0	665.0	-3.642083974238588e-06	-5.325820745417413e-09	-5.954496532678591	-0.5035040431345371	0.0029772197684149074
-999.0	640.0	-3.536672979581455e-06	-4.335957821966456e-09	-5.456225242603699	-0.1533357154025955	0.003904003960039491
-999.0	615.0	-2.3020397049636535e-06	-4.552765285889507e-09	-5.137642830748243	0.2139115134875076	0.004956903962047742
-999.0	590.0	-9.81189696924763e-07	-4.600647892855709e-09	-5.034377396934558	0.5040360911300954	0.006048398284775893
-999.0	565.0	1.1474061316595946e-07	-4.21407188965806e-09	-5.1884141536774395	0.6767428481468479	0.007028766805262065
-999.0	540.0	5.119201610332582e-08	-3.643230323069247e-09	-5.466242506548201	0.7477369738949664	0.007787970189360494
-999.0	515.0	-1.599651772371618e-06	-2.6045880737684288e-09	-5.815475727672915	0.6933402275166394	0.008324395993356142
-999.0	490.0	-3.7757678646324984e-06	-1.7658336153157627e-09	-6.0286971965321605	0.49844187732647277	0.008746788211877805
-999.0	465.0	-5.565939737970556e-06	-1.6425524264367786e-09	-6.036255127301905	0.16931597612521634	0.00927777037206747
-999.0	440.0	-6.492043238846061e-06	-1.9342419782409072e-09	-5.931120342402529	-0.1327086542215628	0.010091859569416333
-999.0	415.0	-6.7636776244106884e-06	-1.4405021956095336e-09	-5.7416262051297435	-0.30341191382871	0.011217759658805794
-999.0	390.0	-5.972984056716663e-06	-8.23207347997118e-10	-5.519513102041341	-0.1924078111295191	0.012554721378006657
-999.0	365.0	-3.78023965261229e-06	-8.129261775575078e-10	-5.245990829335315	0.24334157837763826	0.013887740611050838
-999.0	340.0	-1.6546097283209126e-06	-8.522312815524981e-10	-4.8100224578822095	0.8317838874128333	0.015063863181379807
-999.0	315.0	-1.0537804049772812e-06	-5.769806527567448e-10	-4.2172504652429526	1.464703350155457	0.01606043036429687
-999.0	290.0	-1.637281825068383e-06	-2.7661388103378976e-11	-3.666470300406219	2.01368437974749	0.0168835513736059
-999.0	265.0	-2.2843953155204896e-06	2.4074514110480505e-10	-3.240645078045349	2.3935940433983447	0.017480628267068032
-999.0	240.0	-2.8056915024958107e-06	2.0725687377700768e-10	-2.821579123053831	2.5092393016373578	0.01770434618386993
-999.0	215.0	-3.0243911729155663e-06	1.0515497992687213e-10	-2.1289465173526936	2.2360450029372974	0.01734099370011087
-999.0	190.0	-2.9130513686878825e-06	3.7438705322778603e-11	-0.9686561831169584	1.613436560939831	0.01607255682341249
-999.0	165.0	-3.483458268820342e-06	2.386732886367753e-11	0.4477059910142833	0.7876414847646147	0.013225564686887832
-999.0	140.0	-2.600773288667211e-06	9.616233508609349e-13	1.2652257073808528	0.07441650248233267	0.00762497733433753
-999.0	115.0	-1.2445447170229698e-07	-1.6663949737241186e-13	1.8215102244306483	-0.14035496474418413	0.0021155648412240925
-999.0	90.0	2.817323481915205e-06	-1.4983041577253776e-12	4.015886666598145	-0.13897021570140689	1.802382339432869e-06
-999.0	65.0	1.1278123862145872e-06	0.0	1.7610324267987907	-0.019086247930925976	0.0
-999.0	40.0	3.346946989205425e-06	0.0	-8.310036276225688	-0.11915329995530921	0.0
-999.0	15.0	4.077798360192186e-06	0.0	-16.794770751838325	-0.03844661431180736	0.0
245.61111111111111	40	1005.4831831190322	day	levels	pres0
-999.0	990.0	1.5115550105504382e-05	5.599931348957624e-10	-2.1477620732728275	-0.6471871036897923	-5.782681069364979e-05
-999.0	965.0	6.975862192785603e-06	-8.723724689981747e-10	-3.486364622013938	-0.951505113255059	-0.00032226557045465586
-999.0	940.0	1.2031734830958202e-06	-2.811269436046263e-09	-4.569909332527046	-1.311513563100644	-0.0009177114108815226
-999.0	915.0	-1.2517939110914091e-06	-3.756536086701428e-09	-5.372716248035453	-1.7264961150509335	-0.0017362011494357903
-999.0	890.0	-1.8509659114197398e-06	-7.493383231487108e-09	-6.007007182748271	-2.087893872349364	-0.0024220970381089355
-999.0	865.0	-2.871473507147518e-06	-1.0019298563825039e-08	-6.5776492909149455	-2.3283598400928636	-0.0027500911550196864
-999.0	840.0	-3.2923295863990916e-06	-1.3506043915071755e-08	-7.0915790354764745	-2.3972954104344453	-0.0026278682525260433
-999.0	815.0	-2.8093877620239465e-06	-1.6435378982220924e-08	-7.460798585856494	-2.2760520511203826	-0.002068445885490495
-999.0	790.0	-1.251105240206666e-06	-1.9108020257695498e-08	-7.627851294146746	-2.0128451762376485	-0.0012032902422132701
-999.0	765.0	6.569923706996681e-07	-1.9790363400297392e-08	-7.611988389933654	-1.6907670404072592	-0.000217472302779123
-999.0	740.0	1.106602969467755e-06	-1.6526552008217105e-08	-7.386572575127735	-1.3786124970626352	0.0007378037713157238
-999.0	715.0	-1.3994945523809685e-07	-1.1103885738635507e-08	-6.9909730950992195	-1.093858458377738	0.0016046181065306078
-999.0	690.0	-1.7235832626145738e-06	-7.116313841204421e-09	-6.497121658590177	-0.7940152179864162	0.002431536850795923
-999.0	665.0	-2.88510359687313e-06	-5.431458056489678e-09	-5.910470316807483	-0.46761264232923594	0.003347161022212622
-999.0	640.0	-2.8350316081496862e-06	-4.449677691936148e-09	-5.4251080447877245	-0.1195731585569898	0.0044240420926875985
-999.0	615.0	-1.6779927350017325e-06	-4.675061079776562e-09	-5.1167784762327475	0.24058825150128105	0.005627782041974447
-999.0	590.0	-4.366063051761045e-07	-4.705185877396628e-09	-5.018242874907127	0.5236794631238045	0.006863251406037736
-999.0	565.0	5.748109516408548e-07	-4.295326952059202e-09	-5.169646601986002	0.690302596496471	0.007976558135374269
-999.0	540.0	4.4933205265343647e-07	-3.803059819056959e-09	-5.439295850418236	0.7546273188458494	0.00885441303286487
-999.0	515.0	-1.2264911235322818e-06	-2.958624390248429e-09	-5.775874100901478	0.6929993681670004	0.009494872101309547
-999.0	490.0	-3.448285511216172e-06	-2.191490581033137e-09	-5.9807107020859664	0.49298422838802813	0.010010954204305523
-999.0	465.0	-5.357199905554371e-06	-1.9735602345907154e-09	-5.987595705246523	0.16304056705147557	0.010635516879306292
-999.0	440.0	-6.405979356826132e-06	-2.1526101069260657e-09	-5.888756659571813	-0.1318027832442037	0.011556021832937888
-999.0	415.0	-6.70465773667117e-06	-1.6014973778567438e-09	-5.711781938042941	-0.2872723481204277	0.0128127944574295
-999.0	390.0	-5.893954763346091e-06	-9.501855247471164e-10	-5.502541848354895	-0.16237289493011392	0.014308045876772027
-999.0	365.0	-3.7050871667166307e-06	-8.876017169320313e-10	-5.239832613203273	0.28061157878896664	0.015815260893193232
-999.0	340.0	-1.6272149454524994e-06	-8.830106832306262e-10	-4.812250278614185	0.8650477512014707	0.017160953886363257
-999.0	315.0	-1.0521033704053137e-06	-5.885705982128047e-10	-4.223621077283653	1.4820340766950502	0.018294389191538852
-999.0	290.0	-1.6412706295923127e-06	-3.355877369633405e-11	-3.6686699775357825	2.009869592747178	0.019187813550254913
-999.0	265.0	-2.3223059300412928e-06	2.4721837341785164e-10	-3.2284030080945136	2.3661148768884046	0.019751305528278282
-999.0	240.0	-2.8348739827611248e-06	2.1190323569034255e-10	-2.788858582024197	2.4560633677023453	0.019812667168234998
-999.0	215.0	-3.052028286493605e-06	1.0033522981014389e-10	-2.0865088201783144	2.163070003191653	0.019173022500632655
-999.0	190.0	-3.1136829799347137e-06	3.345468897054277e-11	-0.9460778998003817	1.538663690840798	0.017555616924487358
-999.0	165.0	-3.770308026760417e-06	2.2231604670653082e-11	0.43398610226537915	0.7251675876366637	0.014295175781645762
-999.0	140.0	-2.847949410666727e-06	3.728889919655535e-13	1.2378782525106984	0.02210475090478836	0.008131465900870985
-999.0	115.0	-1.4184762502442518e-07	-2.2685904074362691e-13	1.811422133887245	-0.18276933139120333	0.0021913660736957953
-999.0	90.0	2.981758092715492e-06	-1.5198419677245804e-12	4.019775818895384	-0.16043297925754735	1.992024880061834e-06
-999.0	65.0	1.3765140600429217e-06	0.0	1.7805416556419846	-0.023598501148298895	0.0
-999.0	40.0	3.6883716894991064e-06	0.0	-8.296340919755137	-0.12032921129352078	0.0
-999.0	15.0	4.0563509666356026e-06	0.0	-16.774722131314117	-0.04667205942999837	0.0
245.625	40	1005.4275817871094	day	levels	pres0
-999.0	990.0	1.6636183330168325e-05	7.625348559856685e-11	-2.172369832793872	-0.656662399570147	-9.979949794578222e-05
-999.0	965.0	8.705190805442354e-06	-1.906252251097208e-09	-3.4644348074992495	-0.9506117183094223	-0.0004218900584885438
-999.0	940.0	2.7695440911446456e-06	-4.216733998166293e-09	-4.5114007989565525	-1.293203023572763	-0.0010579535206727
-999.0	915.0	1.7383515282913468e-07	-5.703415888462956e-09	-5.29604336619377	-1.6930769843359788	-0.001902942631070226
-999.0	890.0	-6.892252713441846e-07	-9.685832849720974e-09	-5.926745067040125	-2.0442230428258577	-0.0026061867843264266
-999.0	865.0	-1.9644212874549406e-06	-1.1973059757750619e-08	-6.498800873756408	-2.2761953938752413	-0.0029453143123836724
-999.0	840.0	-2.466527900348107e-06	-1.5181954238667254e-08	-7.010727445284526	-2.339347417155901	-0.0028250039085238794
-999.0	815.0	-1.7815570916152664e-06	-1.8172073738427305e-08	-7.375114977359771	-2.2191281368335085	-0.002251282819678126
-999.0	790.0	8.58757024010062e-09	-2.093615125970784e-08	-7.541299998760223	-1.9626434259116647	-0.0013499863936417358
-999.0	765.0	2.006437646708002e-06	-2.1348054460422306e-08	-7.528778294722239	-1.6486289314925668	-0.000303161307393028
-999.0	740.0	2.343662178005885e-06	-1.754608203622478e-08	-7.30975580215454	-1.3419487842669087	0.0007374503682296309
-999.0	715.0	8.273669690997511e-07	-1.1527964552105577e-08	-6.922236700852712	-1.059313322106997	0.0017104528432214223
-999.0	690.0	-9.197751232595353e-07	-7.243996013938963e-09	-6.439157485961914	-0.7596243315686781	0.0026616583948105
-999.0	665.0	-2.128123219504401e-06	-5.5370953675635425e-09	-5.866444100936253	-0.4317212415238223	0.0037172515935556052
-999.0	640.0	-2.133390236714924e-06	-4.563397561907077e-09	-5.39399084697167	-0.08581060171127318	0.004944277920619026
-999.0	615.0	-1.0539457650372272e-06	-4.797356873664454e-09	-5.095914121717214	0.2672649895151456	0.006298914833643912
-999.0	590.0	1.0797708657466692e-07	-4.809723861938068e-09	-5.002108352879683	0.5433228351175785	0.007678430108884452
-999.0	565.0	1.0348812901173477e-06	-4.376582014460668e-09	-5.1508790502945585	0.7038623448461294	0.008924762887093537
-999.0	540.0	8.474720892047992e-07	-3.962889315045214e-09	-5.412349194288254	0.7615176637967428	0.009921334371397899
-999.0	515.0	-8.533304746918099e-07	-3.3126607067296625e-09	-5.736272474129994	0.6926585088173549	0.010665847533586069
-999.0	490.0	-3.120803157798946e-06	-2.6171475467520024e-09	-5.932724207639694	0.48752657944957417	0.011275621887326172
-999.0	465.0	-5.148460073137864e-06	-2.3045680427458136e-09	-5.938936283191045	0.15676515797773996	0.011993762000048798
-999.0	440.0	-6.319915474806395e-06	-2.3709782356120373e-09	-5.8463929767409955	-0.13089691226681077	0.013020688059498955
-999.0	415.0	-6.645637848931882e-06	-1.7624925601046049e-09	-5.681937670956056	-0.271132782412072	0.014408352760930266
-999.0	390.0	-5.814925469975505e-06	-1.0771637014975701e-09	-5.485570594668389	-0.1323379787305991	0.016061922130669724
-999.0	365.0	-3.629934680820615e-06	-9.622772563067917e-10	-5.233674397071202	0.3178815792004267	0.01774336489121761
-999.0	340.0	-1.5998201625835561e-06	-9.137900849088546e-10	-4.814478099346161	0.8983116149902346	0.0192586585999156
-999.0	315.0	-1.050426335832863e-06	-6.001605436688773e-10	-4.229991689324378	1.4993648032347364	0.02052897998394378
-999.0	290.0	-1.6452594341158315e-06	-3.945615928926224e-11	-3.6708696546653905	2.006054805746923	0.021492688878539428
-999.0	265.0	-2.36021654456164e-06	2.536916057309739e-10	-3.21616093814373	2.338635710378488	0.022022519659482584
-999.0	240.0	-2.864056463025648e-06	2.165495976037669e-10	-2.756138040994604	2.4028874337673187	0.02192138520931229
-999.0	215.0	-3.079665400070586e-06	9.551547969345444e-11	-2.0440711230039597	2.0900950034459433	0.02100526095726977
-999.0	190.0	-3.314314591180946e-06	2.947067261831963e-11	-0.9234996164838473	1.4638908207416534	0.019038721019260393
-999.0	165.0	-4.057157784700393e-06	2.0595880477635038e-11	0.42026621351639404	0.662693690508604	0.015364740631194515
-999.0	140.0	-3.095125532665945e-06	-2.158453669296628e-13	1.2105307976404827	-0.03020700067281734	0.008637931922470702
-999.0	115.0	-1.5924077834589057e-07	-2.8707858411457373e-13	1.8013340433438618	-0.22518369803826005	0.002267166057288296
-999.0	90.0	3.1461927035168086e-06	-1.5413797777236377e-12	4.0236649711926775	-0.18189574281374626	2.181636639128638e-06
-999.0	65.0	1.6252157338722435e-06	0.0	1.8000508844852445	-0.028110754365722315	0.0
-999.0	40.0	4.029796389793907e-06	0.0	-8.282645563284555	-0.12150512263178825	0.0
-999.0	15.0	4.034903573079241e-06	0.0	-16.754673510789868	-0.05489750454823174	0.0
245.63888888888889	40	1005.0144139042603	day	levels	pres0
-999.0	990.0	1.5295596545131637e-05	-2.763715172391107e-10	-2.1980291646388657	-0.6664474284000707	-8.390618322681063e-05
-999.0	965.0	7.726462263758408e-06	-2.659222077735765e-09	-3.4433867247016847	-0.9498109706436395	-0.000365499752479075
-999.0	940.0	1.8401972342504193e-06	-5.1854658325030904e-09	-4.4533297905215585	-1.275187631344648	-0.0009424120939100943
-999.0	915.0	-7.409813627996117e-07	-7.021225024247664e-09	-5.219321239877607	-1.6604193391071431	-0.0017170251418637506
-999.0	890.0	-1.7927830761941125e-06	-1.104483435528443e-08	-5.846029871039878	-2.0016528943885428	-0.0023515663363274436
-999.0	865.0	-3.205452196027452e-06	-1.31010299801468e-08	-6.41920503863576	-2.225118701678189	-0.0026338281453046246
-999.0	840.0	-3.6719640206228793e-06	-1.611675974173364e-08	-6.928893568339098	-2.2822694308425886	-0.002470566929135852
-999.0	815.0	-2.7149784476446866e-06	-1.9252441146476002e-08	-7.288452294137651	-2.1628839086602754	-0.0018643191546933082
-999.0	790.0	-6.137373632037464e-07	-2.219671871902751e-08	-7.45389323764367	-1.9129295845825984	-0.0009344486649211728
-999.0	765.0	1.524771609700068e-06	-2.2355495945365012e-08	-7.444825247481913	-1.6067001938267556	0.00014666365063971748
-999.0	740.0	1.7717386739747972e-06	-1.8013606110010533e-08	-7.232287376015175	-1.3052219665712375	0.001233143740389863
-999.0	715.0	3.027606567685047e-08	-1.1454017801975625e-08	-6.852917627051935	-1.0244748924203075	0.002261939689068184
-999.0	690.0	-1.8097074374696791e-06	-6.964750727591063e-09	-6.380682768645036	-0.7248079264191116	0.0032748421531290446
-999.0	665.0	-2.9690386456776926e-06	-5.367502430382427e-09	-5.821994129706257	-0.39538825213628137	0.004393449923244035
-999.0	640.0	-2.9342273492636955e-06	-4.496540867775638e-09	-5.362554185092414	-0.051668855396083874	0.0056788589936761094
-999.0	615.0	-1.8467852719315796e-06	-4.7932499285489e-09	-5.07485352566947	0.294160098441124	0.007079634582930013
-999.0	590.0	-6.749647728904699e-07	-4.829836018912307e-09	-4.985887158248154	0.5630813258079482	0.00848768054724278
-999.0	565.0	2.7609082756097686e-07	-4.4096627360337075e-09	-5.132118411638118	0.717487250627207	0.009742966259920808
-999.0	540.0	1.7049091191577969e-07	-4.081282125077781e-09	-5.385444752596038	0.7684681841206826	0.010728057821798944
-999.0	515.0	-1.3801615589774214e-06	-3.6301496269812446e-09	-5.696689696223631	0.6924206008789704	0.011442593468626088
-999.0	490.0	-3.547770098865908e-06	-3.014180808421611e-09	-5.884712815284699	0.48219777395327745	0.012010599524151353
-999.0	465.0	-5.61319127268834e-06	-2.605043947620489e-09	-5.890193176490248	0.1506327480353748	0.012687887668100709
-999.0	440.0	-6.871014494385361e-06	-2.56049895176212e-09	-5.80393135823581	-0.1298768092636532	0.013689041676416552
-999.0	415.0	-7.222288160862471e-06	-1.9034994039121607e-09	-5.652028874666567	-0.2549550566408038	0.015078499895908369
-999.0	390.0	-6.369253933821309e-06	-1.1929396136666536e-09	-5.468566061169988	-0.10229422427985113	0.01676795175623573
-999.0	365.0	-4.1690699175512165e-06	-1.0218610072707777e-09	-5.227516916063084	0.3551742221332814	0.018514565800201496
-999.0	340.0	-2.144794482853367e-06	-9.293175299930971e-10	-4.81671829123257	0.9316469845535007	0.020109611178699784
-999.0	315.0	-1.5497966437155037e-06	-6.035873789767442e-10	-4.23636802810211	1.5168306761318173	0.021449733252084626
-999.0	290.0	-2.0379460595915355e-06	-3.750204294548538e-11	-3.673075556893061	2.002393889344425	0.02244174747697204
-999.0	265.0	-2.6257595630874734e-06	2.6759870628289453e-10	-3.2039395298947055	2.311324592817725	0.02292533925783017
-999.0	240.0	-2.9734905987384005e-06	2.302842412019495e-10	-2.7234421518666	2.3498871545824724	0.02268589224448726
-999.0	215.0	-3.149669595616758e-06	1.0115602905410644e-10	-2.0016454392009484	2.01730297397199	0.021564597004247687
-999.0	190.0	-3.591697556953964e-06	3.195028773977448e-11	-0.900938341187131	1.3893141994183398	0.01938685823398242
-999.0	165.0	-4.55929020179293e-06	2.134835309698003e-11	0.40649844016186054	0.6003926457077982	0.015538186285030363
-999.0	140.0	-3.742723569558304e-06	-2.9878724387149716e-13	1.1831714530233715	-0.08236916639188308	0.008652765329912118
-999.0	115.0	-7.059564622347806e-07	-1.6563665694603114e-13	1.79125233201518	-0.2675736033254274	0.0022209683608755207
-999.0	90.0	2.8081486749741735e-06	-1.5314560945953923e-12	4.027555058951758	-0.20335688855915263	2.1539526680162536e-06
-999.0	65.0	1.27100044384216e-06	0.0	1.8195602117296334	-0.032622931438902006	0.0
-999.0	40.0	3.5620643661461317e-06	0.0	-8.268948183015524	-0.12268091017314016	0.0
-999.0	15.0	3.3261126205275904e-06	0.0	-16.73462501720144	-0.06312300458000364	0.0
245.65277777777777	40	1004.6012460214121	day	levels	pres0
-999.0	990.0	1.3955009760097994e-05	-6.289965200759488e-10	-2.2236884964836814	-0.6762324572299306	-6.79983384491359e-05
-999.0	965.0	6.747733722077216e-06	-3.412191904373177e-09	-3.4223386419040214	-0.9490102229777825	-0.00030907709706851083
-999.0	940.0	9.108503773590282e-07	-6.154197666838308e-09	-4.395258782086566	-1.2571722391164997	-0.0008268299115577171
-999.0	915.0	-1.6557978784255026e-06	-8.339034160029793e-09	-5.142599113561515	-1.6277616938783166	-0.0015310413762451285
-999.0	890.0	-2.896340881040736e-06	-1.2403835860845194e-08	-5.765314675039745	-1.9590827459512719	-0.0020968411210389565
-999.0	865.0	-4.446483104596517e-06	-1.422900020254076e-08	-6.339609203515259	-2.1740420094812163	-0.0023222019274075976
-999.0	840.0	-4.877400140894581e-06	-1.7051565244797445e-08	-6.8470596913938495	-2.225191444529384	-0.0021159659388808034
-999.0	815.0	-3.6483998036721095e-06	-2.0332808554520577e-08	-7.20178961091575	-2.1066396804871643	-0.0014771788950533509
-999.0	790.0	-1.2360622966468133e-06	-2.3457286178341627e-08	-7.366486476527356	-1.8632157432536522	-0.0005187248700859061
-999.0	765.0	1.043105572692181e-06	-2.336293743030273e-08	-7.360872200241831	-1.5647714561610506	0.0005966920964560127
-999.0	740.0	1.1998151699437133e-06	-1.8481130183793057e-08	-7.15481894987604	-1.2684951488756626	0.0017290648244939943
-999.0	715.0	-7.6681483774557e-07	-1.1380071051844264e-08	-6.783598553251363	-0.989636462733715	0.002813678592321599
-999.0	690.0	-2.6996397516790996e-06	-6.685505441242557e-09	-6.322208051328325	-0.6899915212696476	0.0038882946191469417
-999.0	665.0	-3.809954071850277e-06	-5.1979094932006e-09	-5.777544158476383	-0.35905526274885513	0.005069920193774112
-999.0	640.0	-3.735064461811691e-06	-4.429684173643471e-09	-5.331117523213235	-0.01752710908100702	0.006413718124511481
-999.0	615.0	-2.6396247788249224e-06	-4.789142983432838e-09	-5.053792929621764	0.3210552073670109	0.007860649385139609
-999.0	590.0	-1.4579066323542842e-06	-4.849948175886241e-09	-4.96966596361664	0.5828398164982531	0.009297252832317356
-999.0	565.0	-4.826996349937456e-07	-4.442743457606567e-09	-5.113357772981685	0.7311121564082492	0.0105615253285961
-999.0	540.0	-5.064902653715572e-07	-4.199674935109992e-09	-5.35854031090384	0.7754187044446119	0.011535142105095415
-999.0	515.0	-1.9069926432617042e-06	-3.947638547231795e-09	-5.6571069183173135	0.6921826929405928	0.012219669851587447
-999.0	490.0	-3.974737039931799e-06	-3.411214070089894e-09	-5.836701422929782	0.47686896845699034	0.012745868164422474
-999.0	465.0	-6.07792247223756e-06	-2.9055198524941337e-09	-5.841450069789551	0.14450033809300447	0.013382267749536634
-999.0	440.0	-7.4221135139627485e-06	-2.7500196679115116e-09	-5.761469739730728	-0.12885670626052953	0.014357624743430587
-999.0	415.0	-7.798938472791395e-06	-2.0445062477191835e-09	-5.622120078377162	-0.238777330869609	0.015748866589021034
-999.0	390.0	-6.923582397665531e-06	-1.3087155258353443e-09	-5.451561527671646	-0.07225046982921288	0.01747420292767107
-999.0	365.0	-4.708205154280363e-06	-1.0814447582345663e-09	-5.221359435054995	0.39246686506600437	0.019285999452486876
-999.0	340.0	-2.6897688031217158e-06	-9.448449750772876e-10	-4.818958483118978	0.9649823541166406	0.020960812370102156
-999.0	315.0	-2.0491669515965745e-06	-6.070142142846372e-10	-4.2427443668798155	1.5342965490288059	0.0223707465436906
-999.0	290.0	-2.4306326850656746e-06	-3.554792660176865e-11	-3.6752814591206873	1.9987329729418717	0.023391057911072995
-999.0	265.0	-2.891302581611938e-06	2.815058068347124e-10	-3.191718121645628	2.2840134752569377	0.02382837257484786
-999.0	240.0	-3.0829247344502906e-06	2.440188848000261e-10	-2.6907462627385565	2.296886875397638	0.023450543574424332
-999.0	215.0	-3.2196737911624255e-06	1.0679657841470378e-10	-1.9592197553979132	1.9445109444981012	0.022123997226030583
-999.0	190.0	-3.8690805227260345e-06	3.442990286120496e-11	-0.878377065890372	1.3147375780951378	0.01973500573618226
-999.0	165.0	-5.061422618883771e-06	2.2100825716314423e-11	0.3927306668074071	0.5380916009071008	0.015711624332860517
-999.0	140.0	-4.3903216064488656e-06	-3.817291208141938e-13	1.1558121084063209	-0.13453133211088886	0.008667598056223507
-999.0	115.0	-1.2526721461220918e-06	-4.419472977801846e-14	1.7811706206864788	-0.3099635086125573	0.0021747714208937992
-999.0	90.0	2.4701046464327627e-06	-1.5215324114674614e-12	4.031445146710783	-0.22481803430450054	2.1262731538261385e-06
-999.0	65.0	9.167851538134939e-07	0.0	1.8390695389739562	-0.037135108512031056	0.0
-999.0	40.0	3.0943323425000607e-06	0.0	-8.255250802746529	-0.12385669771443616	0.0
-999.0	15.0	2.6173216679784516e-06	0.0	-16.714576523613054	-0.07134850461173312	0.0
245.66666666666666	40	1004.188078138563	day	levels	pres0
-999.0	990.0	1.2614422975061172e-05	-9.816215229136257e-10	-2.2493478283286694	-0.6860174860598562	-5.207596518305654e-05
-999.0	965.0	5.769005180393204e-06	-4.165161731011742e-09	-3.4012905591064437	-0.9482094753120027	-0.0002526220926755596
-999.0	940.0	-1.849647953527183e-08	-7.122929501175137e-09	-4.337187773651561	-1.2391568468883882	-0.0007112069722942322
-999.0	915.0	-2.5706143940543727e-06	-9.656843295814635e-09	-5.065876987245341	-1.5951040486494834	-0.0013449913312804898
-999.0	890.0	-3.999898685890838e-06	-1.3762837366408849e-08	-5.68459947903949	-1.9165125975139563	-0.001842011133633257
-999.0	865.0	-5.687514013169232e-06	-1.535697042493714e-08	-6.260013368394609	-2.1229653172841605	-0.002010435654086865
-999.0	840.0	-6.082836261169552e-06	-1.7986370747863983e-08	-6.76522581444842	-2.1681134582160646	-0.0017612009355318864
-999.0	815.0	-4.581821159701699e-06	-2.1413175962569364e-08	-7.115126927693627	-2.050395452313922	-0.001089862039056587
-999.0	790.0	-1.8583872300907946e-06	-2.4717853637661308e-08	-7.279079715410801	-1.813501901924577	-0.00010281500663514057
-999.0	765.0	5.614395356841429e-07	-2.4370378915245385e-08	-7.276919153001503	-1.5228427184952316	0.0010469240317624881
-999.0	740.0	6.27891665912532e-07	-1.894865425757873e-08	-7.077350523736675	-1.2317683311799859	0.002225213621003871
-999.0	715.0	-1.56390574116857e-06	-1.1306124301714231e-08	-6.714279479450588	-0.954798033047022	0.00336566955300656
-999.0	690.0	-3.5895720658893546e-06	-6.4062601548945756e-09	-6.263733334011448	-0.6551751161200795	0.004502015792862126
-999.0	665.0	-4.6508694980237e-06	-5.0283165560194185e-09	-5.7330941872463885	-0.32272227336131465	0.005746662405967772
-999.0	640.0	-4.535901574360615e-06	-4.362827479511982e-09	-5.299680861333979	0.01661463723418119	0.007148855314222417
-999.0	615.0	-3.4324642857194424e-06	-4.785036038317256e-09	-5.0327323335740175	0.3479503162929882	0.008641959241031876
-999.0	590.0	-2.2408484918195895e-06	-4.870060332860464e-09	-4.9534447689851095	0.6025983071886218	0.010107146965773096
-999.0	565.0	-1.2414900975502591e-06	-4.475824179179589e-09	-5.09459713432524	0.7447370621893259	0.011380440097184773
-999.0	540.0	-1.1834714426606827e-06	-4.318067745142554e-09	-5.33163586921162	0.7823692247685499	0.012342587226498405
-999.0	515.0	-2.4338237275473854e-06	-4.2651274674833884e-09	-5.617524140410944	0.6919447850022047	0.01299707668715068
-999.0	490.0	-4.401703980998807e-06	-3.8082473317595156e-09	-5.788690030574778	0.47154016296068746	0.013481427811559659
-999.0	465.0	-6.542653671788075e-06	-3.2059957573688067e-09	-5.792706963088746	0.13836792815063123	0.014076902246190385
-999.0	440.0	-7.973212533541764e-06	-2.939540384061576e-09	-5.719008121225536	-0.12783660325737967	0.015026437261737576
-999.0	415.0	-8.375588784722031e-06	-2.1855130915267154e-09	-5.592211282087666	-0.22259960509834525	0.016419452841543947
-999.0	390.0	-7.47791086151137e-06	-1.424491438004417e-09	-5.434556994173238	-0.04220671537846374	0.018180675646263796
-999.0	365.0	-5.247340391010979e-06	-1.1410285091985504e-09	-5.215201954046871	0.4297595079988664	0.020057665849300334
-999.0	340.0	-3.234743123391518e-06	-9.603724201615294e-10	-4.821198675005385	0.9983177236799177	0.02181226217504268
-999.0	315.0	-2.5485372594791682e-06	-6.104410495925013e-10	-4.249120705657546	1.5517624219258987	0.023292019859121126
-999.0	290.0	-2.823319310541277e-06	-3.359381025799608e-11	-3.677487361348357	1.9950720565393834	0.024340620180931753
-999.0	265.0	-3.156845600137636e-06	2.9541290738661933e-10	-3.1794967133966003	2.256702357696181	0.02473161961056367
-999.0	240.0	-3.1923588701629228e-06	2.5775352839819625e-10	-2.658050373610546	2.243886596212792	0.02421533919912212
-999.0	215.0	-3.2896779867085253e-06	1.1243712777535073e-10	-1.916794071594894	1.8717189150241427	0.022683461622625675
-999.0	190.0	-4.1464634884990275e-06	3.6909517982658467e-11	-0.8558157905936514	1.2401609567718148	0.020083163525862195
-999.0	165.0	-5.563555035976336e-06	2.285329833565919e-11	0.37896289345286877	0.4757905561062824	0.015885054774684212
-999.0	140.0	-5.0379196433413635e-06	-4.646709977560606e-13	1.1284527637891977	-0.1866934978299717	0.008682430101404367
-999.0	115.0	-1.7993878300110932e-06	7.724719739050987e-14	1.771088909357786	-0.3523534138997403	0.0021285752373428183
-999.0	90.0	2.1320606178900877e-06	-1.511608728339209e-12	4.035335234469854	-0.24627918004991187	2.0985980965582913e-06
-999.0	65.0	5.625698637833901e-07	0.0	1.8585788662183402	-0.04164728558520741	0.0
-999.0	40.0	2.626600318852251e-06	0.0	-8.241553422477502	-0.1250324852557836	0.0
-999.0	15.0	1.908530715426754e-06	0.0	-16.69452803002462	-0.0795740046435042	0.0
245.68055555555554	40	1003.774910255715	day	levels	pres0
-999.0	990.0	1.1273836190027524e-05	-1.334246525750463e-09	-2.2750071601734856	-0.6958025148897162	-3.613906499929475e-05
-999.0	965.0	4.790276638712012e-06	-4.9181315576491545e-09	-3.3802424763087804	-0.9474087276461458	-0.00019613473971943516
-999.0	940.0	-9.478433364266627e-07	-8.091661335510354e-09	-4.2791167652165685	-1.2211414546602408	-0.0005955432747994859
-999.0	915.0	-3.485430909680263e-06	-1.097465243159676e-08	-4.989154860929249	-1.562446403420657	-0.0011588750040382762
-999.0	890.0	-5.103456490737462e-06	-1.5121838871969613e-08	-5.603884283039357	-1.8739424490766858	-0.0015870763692862051
-999.0	865.0	-6.928544921738298e-06	-1.6484940647331102e-08	-6.180417533274107	-2.0718886250871873	-0.0016985293207410798
-999.0	840.0	-7.288272381441255e-06	-1.892117625092779e-08	-6.683391937503172	-2.11103547190286	-0.0014062719168674391
-999.0	815.0	-5.515242515729124e-06	-2.249354337061394e-08	-7.028464244471727	-1.9941512241408126	-0.0007023685850075322
-999.0	790.0	-2.4807121635338616e-06	-2.597842109697542e-08	-7.19167295429449	-1.7637880605956309	0.0003132809279247766
-999.0	765.0	7.977349867625508e-08	-2.537782040018311e-08	-7.192966105761421	-1.4809139808295262	0.0014973594582578587
-999.0	740.0	5.5968161881447145e-08	-1.941617833136126e-08	-6.999882097597538	-1.1950415134844115	0.002721590130372721
-999.0	715.0	-2.3609966445909906e-06	-1.1232177551582872e-08	-6.644960405650014	-0.9199596033604296	0.003917912571138769
-999.0	690.0	-4.479504380098776e-06	-6.127014868546071e-09	-6.2052586166947385	-0.6203587109706158	0.005116005674262972
-999.0	665.0	-5.491784924196283e-06	-4.8587236188375895e-09	-5.688644216016515	-0.2863892839738881	0.006423676560637262
-999.0	640.0	-5.33673868690861e-06	-4.295970785379816e-09	-5.268244199454801	0.0507563835492581	0.007884270563896591
-999.0	615.0	-4.2253037926127845e-06	-4.780929093201192e-09	-5.011671737526312	0.3748454252188752	0.009423564151356735
-999.0	590.0	-3.0237903512834037e-06	-4.8901724898343935e-09	-4.9372235743535935	0.6223567978789268	0.010917362949266216
-999.0	565.0	-2.0002805601049816e-06	-4.508904900752447e-09	-5.075836495668806	0.7583619679703681	0.012199710569744148
-999.0	540.0	-1.8604526199480185e-06	-4.436460555174766e-09	-5.304731427519421	0.7893197450924795	0.01315039319121182
-999.0	515.0	-2.9606548118316677e-06	-4.582616387733939e-09	-5.577941362504626	0.691706877063827	0.013774813979990216
-999.0	490.0	-4.828670922064699e-06	-4.205280593427798e-09	-5.74067863821986	0.4662113574644005	0.014217278468977976
-999.0	465.0	-7.007384871337298e-06	-3.5064716622424516e-09	-5.743963856388049	0.13223551820826093	0.014771791159891696
-999.0	440.0	-8.524311553119153e-06	-3.1290611002109665e-09	-5.676546502720453	-0.12681650025425606	0.01569547923253069
-999.0	415.0	-8.952239096650957e-06	-2.326519935333738e-09	-5.562302485798262	-0.2064218793271504	0.017090258654749998
-999.0	390.0	-8.032239325355595e-06	-1.5402673501731073e-09	-5.417552460674895	-0.012162960927825484	0.018887369913299198
-999.0	365.0	-5.786475627740126e-06	-1.2006122601623398e-09	-5.209044473038782	0.46705215093158947	0.02082956499186514
-999.0	340.0	-3.7797174436598665e-06	-9.758998652457192e-10	-4.823438866891793	1.0316530932430572	0.022663960594437142
-999.0	315.0	-3.047907567360239e-06	-6.138678849003942e-10	-4.255497044435252	1.5692282948228868	0.024213553198730378
-999.0	290.0	-3.216005936015415e-06	-3.1639693914279193e-11	-3.6796932635759836	1.99141114013683	0.025290434286631722
-999.0	265.0	-3.4223886186620994e-06	3.0932000793843727e-10	-3.1672753051475233	2.2293912401353935	0.025635080364999705
-999.0	240.0	-3.3017930058748116e-06	2.7148817199627295e-10	-2.6253544844825014	2.190886317027959	0.024980279118574235
-999.0	215.0	-3.3596821822541943e-06	1.1807767713594803e-10	-1.874368387791859	1.7989268855502556	0.023242990194037146
-999.0	190.0	-4.423846454271099e-06	3.938913310408896e-11	-0.8332545152968927	1.1655843354486128	0.020431331603023576
-999.0	165.0	-6.06568745306718e-06	2.360577095499358e-11	0.3651951200984155	0.4134895113055852	0.01605847761050116
-999.0	140.0	-5.6855176802319225e-06	-5.476128746987569e-13	1.101093419172147	-0.23885566354897714	0.008697261465455228
-999.0	115.0	-2.346103513898403e-06	1.9868912455852255e-13	1.7610071980290847	-0.39474331918687044	0.0020823798102229106
-999.0	90.0	1.7940165893486773e-06	-1.5016850452112784e-12	4.039225322228878	-0.26774032579526	2.0709274962124225e-06
-999.0	65.0	2.083545737547242e-07	0.0	1.8780881934626636	-0.04615946265833652	0.0
-999.0	40.0	2.158868295206181e-06	0.0	-8.227856042208503	-0.12620827279707958	0.0
-999.0	15.0	1.1997397628776157e-06	0.0	-16.674479536436234	-0.08779950467523367	0.0
