z[m]	p[mb]	tls(h)[K/s]	qls[kg/kg/s]	u[m/s]	v[m/s]	w[m/s]
244.0	40	1003.8799048529731	day	levels	pres0
-999.0	990.0	-5.782781173130151e-06	1.033829822708755e-08	-2.3479661914623446	-0.27239013934094053	0.0004356277877914704
-999.0	965.0	-6.6710467073767445e-06	1.4660019033827764e-08	-3.8434746613105135	-0.7015312628613578	0.0010454322021976232
-999.0	940.0	-4.037414824038191e-06	1.049549219681433e-08	-4.6729338831371745	-1.0152077137803037	0.001387876361312016
-999.0	915.0	-2.7811086922021657e-06	4.7287641342493626e-09	-5.371778875589369	-1.2993750626014333	0.0016707045217697989
-999.0	890.0	-2.3815030610062363e-06	-4.124881111855766e-10	-6.016603396998511	-1.537335399745239	0.0020249224812347194
-999.0	865.0	-3.05170970135311e-06	-3.736626500472927e-09	-6.598206394248539	-1.661527717382544	0.0025077145244615344
-999.0	840.0	-4.6828978861693615e-06	-6.899592606063334e-09	-7.100580241945055	-1.64033257485183	0.003064705564300599
-999.0	815.0	-5.377539200708269e-06	-1.0672439835436733e-08	-7.496401366260316	-1.4765122268452415	0.0036350770746359858
-999.0	790.0	-4.894933785472846e-06	-1.460982058312238e-08	-7.775265090995363	-1.2300851741391752	0.004195333001431509
-999.0	765.0	-4.378891733969434e-06	-1.6802673662823507e-08	-7.9055215608742495	-0.9886479472948444	0.004649824297766368
-999.0	740.0	-4.906296632310123e-06	-1.5858665249169583e-08	-7.808801990002395	-0.8162441644817593	0.004845326181648623
-999.0	715.0	-6.3654783046746875e-06	-1.2793180381709975e-08	-7.511460997992089	-0.7156989284687572	0.00468501485723049
-999.0	690.0	-7.471079685880493e-06	-1.0334654864520957e-08	-7.130476098921564	-0.6503627845086157	0.0041673669334058505
-999.0	665.0	-7.971054464751094e-06	-8.851382803323973e-09	-6.676499712798329	-0.6202174706591503	0.0033681537908837483
-999.0	640.0	-7.6628204583863e-06	-7.608101832487095e-09	-6.293408599164752	-0.5835682606945437	0.002369571564237424
-999.0	615.0	-6.501902653663247e-06	-6.9575557406804174e-09	-6.034719008538458	-0.5279363464150163	0.0012313682100227564
-999.0	590.0	-5.226288873624677e-06	-6.049522029862589e-09	-5.918063554912805	-0.4417914503978358	-3.668350842179018e-05
-999.0	565.0	-4.117355926643574e-06	-4.744103141014039e-09	-5.972389814133444	-0.32470581804712606	-0.0014945981038259567
-999.0	540.0	-3.4217865219415903e-06	-3.808957160934505e-09	-6.122365793420208	-0.23131161883551002	-0.0031550279348201912
-999.0	515.0	-3.287353711691398e-06	-3.1522308743234013e-09	-6.354442146503264	-0.192241455324822	-0.004945558773130512
-999.0	490.0	-3.3950192902674083e-06	-2.7983443657303504e-09	-6.595046896487474	-0.2518630461353395	-0.006749444139775869
-999.0	465.0	-3.4889487519480832e-06	-2.5652539852110492e-09	-6.811368321999905	-0.4098780521502097	-0.008423379282758197
-999.0	440.0	-3.486479748253147e-06	-2.1678076990172957e-09	-6.956993382838037	-0.5271363955818944	-0.009843282333640053
-999.0	415.0	-3.4422819850460437e-06	-1.886994453983519e-09	-6.978008516443272	-0.5414510067138405	-0.010919495527780829
-999.0	390.0	-3.184948582202196e-06	-1.6803445592858574e-09	-6.784155319962237	-0.43206475550929707	-0.011590600922170272
-999.0	365.0	-2.4654114414811317e-06	-1.4173579883289577e-09	-6.321138607958953	-0.19414581813746007	-0.011843645752088043
-999.0	340.0	-1.2549506083567752e-06	-1.1507223983098362e-09	-5.620875685993168	0.1092603479822477	-0.01177598001856351
-999.0	315.0	8.136571893744474e-08	-8.884691685383539e-10	-4.725549485120508	0.4597864597453736	-0.011607471554619497
-999.0	290.0	1.284241147970287e-06	-3.4432997165227493e-10	-3.774859096803185	0.8686504811048508	-0.011580796989949344
-999.0	265.0	2.7618454542890605e-06	1.34299949130775e-10	-2.8479852705366087	1.334613292167584	-0.011880572481348559
-999.0	240.0	5.10439165130568e-06	2.878771141818836e-10	-1.9971736437744563	1.8229096300072134	-0.012621005339930049
-999.0	215.0	7.487539423667008e-06	2.7948905566810014e-10	-1.260801836434338	2.257471902916829	-0.013725271593866757
-999.0	190.0	7.974542289351421e-06	2.217694181025662e-10	-0.46123255623711484	2.4521060656342244	-0.014487011567023141
-999.0	165.0	6.651994499182443e-06	1.1474381912991286e-10	0.7670466767417057	2.100758052534527	-0.013166329705593236
-999.0	140.0	6.813919419612458e-06	1.6860663767546298e-11	1.9506517491406865	1.2972875273683007	-0.0075426629360365125
-999.0	115.0	4.026189760483204e-06	3.900657000252994e-12	2.71752250701603	0.6151168329848183	-0.0015427349776080132
-999.0	90.0	4.289167109276111e-06	1.8186008936905683e-12	4.234719309541915	0.34204441640112143	-1.0851007004639036e-06
-999.0	65.0	9.459405663181785e-07	0.0	1.2664922562220857	0.36801828656138647	0.0
-999.0	40.0	-4.1387458622921257e-07	0.0	-9.280696966167952	0.2719504386186598	0.0
-999.0	15.0	-3.404065544061639e-06	0.0	-17.652991233600506	0.24867930025276208	0.0
244.01388888888889	40	1004.0340470679013	day	levels	pres0
-999.0	990.0	-5.767769791059124e-06	1.0029783056536072e-08	-2.362913764875226	-0.2901123675667403	0.00043214730015439333
-999.0	965.0	-7.122303686179388e-06	1.4186851806414985e-08	-3.8819465012645975	-0.730797590799997	0.0010315727038421253
-999.0	940.0	-4.576824678963024e-06	9.99046986861628e-09	-4.722739994709887	-1.057243351008269	0.0013761622496115341
-999.0	915.0	-3.441005432555101e-06	4.4692014787977875e-09	-5.422313683746799	-1.3535396820969494	0.0016756695721677848
-999.0	890.0	-3.1852416238405425e-06	-2.4247206534139314e-10	-6.06492872554582	-1.6016469668643536	0.002060643974144165
-999.0	865.0	-3.93718040713737e-06	-3.1402524388538237e-09	-6.646326271104257	-1.7345133732867062	0.0025845841539891244
-999.0	840.0	-5.487462232465922e-06	-5.985182691737639e-09	-7.1501576525194075	-1.7196492417076765	0.00318971816594998
-999.0	815.0	-6.04731283993507e-06	-9.633549808862672e-09	-7.546223495477556	-1.5594221279485923	0.003808569426050103
-999.0	790.0	-5.461555784853665e-06	-1.3546531526164507e-08	-7.820583010897265	-1.3113689827676211	0.004409880111329608
-999.0	765.0	-4.759212166037085e-06	-1.5990150786431897e-08	-7.941392780454103	-1.0613830882573907	0.004896993682122128
-999.0	740.0	-5.015317276848425e-06	-1.5449217464641556e-08	-7.831922298780215	-0.8754762367254166	0.005120098440001183
-999.0	715.0	-6.200071314936505e-06	-1.2706418440598566e-08	-7.520717331840673	-0.7594393924638123	0.0049844890115648705
-999.0	690.0	-7.0885431592105185e-06	-1.0415583843803187e-08	-7.126236329659997	-0.6790622422173145	0.004489877501355748
-999.0	665.0	-7.431586783428771e-06	-8.957056743396364e-09	-6.659862948075657	-0.6347977495350148	0.0037137169319337664
-999.0	640.0	-7.033891261178252e-06	-7.700479458615105e-09	-6.26814483069341	-0.5846793657789776	0.002742262993764803
-999.0	615.0	-5.837342010306188e-06	-7.015104898510619e-09	-6.005939160232171	-0.5166349180939577	0.0016423413088676292
-999.0	590.0	-4.56272948048395e-06	-6.1066975629526476e-09	-5.888740301500118	-0.42062029454074085	0.0004281662821704561
-999.0	565.0	-3.4997029135294456e-06	-4.846596713011832e-09	-5.945582604150703	-0.2971090669973468	-0.0009609538573135502
-999.0	540.0	-2.8726949162624475e-06	-3.9320660798395046e-09	-6.099923383490534	-0.19999437184892363	-0.0025408983467097718
-999.0	515.0	-2.8109039174865113e-06	-3.2642879650092355e-09	-6.337597398432315	-0.16033173777895626	-0.0042443280442295665
-999.0	490.0	-2.969716659729626e-06	-2.9069851636864496e-09	-6.581717890583808	-0.2223645949758895	-0.005962256798484384
-999.0	465.0	-3.097958343722819e-06	-2.680113799509692e-09	-6.7982634151883365	-0.386377535219976	-0.007561271140056077
-999.0	440.0	-3.105658015780466e-06	-2.2999132257069825e-09	-6.94190641106279	-0.513252607288025	-0.008924448794162092
-999.0	415.0	-3.0488438608410256e-06	-2.037533984633704e-09	-6.959554315211228	-0.5403819622279257	-0.00996437880688105
-999.0	390.0	-2.7511740052733838e-06	-1.8238778379853075e-09	-6.763825321455056	-0.44322029727706813	-0.010618992216942234
-999.0	365.0	-1.955976269691772e-06	-1.5409380649852626e-09	-6.30004992418818	-0.21433032698999288	-0.01087275781211943
-999.0	340.0	-6.781797093554162e-07	-1.2309198753942826e-09	-5.594662659399102	0.08653779994740976	-0.010819453398955474
-999.0	315.0	7.042128146240879e-07	-9.20067426865896e-10	-4.689598822563768	0.44149264328634363	-0.010675516629516768
-999.0	290.0	1.9238320657190686e-06	-3.6180231011469054e-10	-3.7319783769766057	0.8572646253857102	-0.01067890278273576
-999.0	265.0	3.3655146238133566e-06	1.154221777160562e-10	-2.8046339765926556	1.3316503257755012	-0.011007035593386442
-999.0	240.0	5.635817091518745e-06	2.688914623825341e-10	-1.9580983111036532	1.8329486956152985	-0.011763271833588034
-999.0	215.0	7.974105603343436e-06	2.6714563509387414e-10	-1.2229396559205519	2.2837266239947143	-0.012866522443438848
-999.0	190.0	8.514513431209708e-06	2.1378176099137782e-10	-0.41203043803013617	2.487853330778514	-0.013639624541946616
-999.0	165.0	7.316780729164043e-06	1.0950715230418368e-10	0.8310730875827013	2.1324470665472925	-0.012419101348397988
-999.0	140.0	7.579287245649692e-06	1.598742681571636e-11	2.005103873387961	1.3225414850921957	-0.00712687715840635
-999.0	115.0	5.0047483226226915e-06	3.714200792061249e-12	2.742016073086396	0.6399843378199913	-0.0014708755006718737
-999.0	90.0	5.287826973888583e-06	1.7245705496733044e-12	4.244964666308159	0.35508148381230575	-9.794438583740914e-07
-999.0	65.0	1.55394421861704e-06	0.0	1.271439739721414	0.3603673195178932	0.0
-999.0	40.0	-7.430753662286894e-08	0.0	-9.243269379009213	0.2589133833247485	0.0
-999.0	15.0	-3.0558758731627395e-06	0.0	-17.607605914872675	0.23998057635967318	0.0
244.02777777777777	40	1004.1881892828294	day	levels	pres0
-999.0	990.0	-5.752758408988612e-06	9.721267885985424e-09	-2.377861338288139	-0.3078345957924926	0.00042866800175149814
-999.0	965.0	-7.573560664981967e-06	1.3713684579003105e-08	-3.9204183412186757	-0.7600639187385784	0.0010177139144142537
-999.0	940.0	-5.116234533887782e-06	9.485447540419096e-09	-4.772546106282556	-1.0992789882361527	0.0013644473972860777
-999.0	915.0	-4.100902172907797e-06	4.209638823346746e-09	-5.472848491904157	-1.407704301592354	0.0016806348892214854
-999.0	890.0	-3.9889801866742875e-06	-7.245601949731844e-11	-6.113254054093048	-1.66595853398333	0.0020963653399131395
-999.0	865.0	-4.82265111292073e-06	-2.5438783772357307e-09	-6.694446147959891	-1.8074990291906978	0.0026614487142877993
-999.0	840.0	-6.29202657876145e-06	-5.070772777413881e-09	-7.199735063093661	-1.798965908563322	0.0033147156883099895
-999.0	815.0	-6.717086479160827e-06	-8.5946597822912e-09	-7.596045624694684	-1.642332029051722	0.003982032533616239
-999.0	790.0	-6.028177784233416e-06	-1.2483242469209771e-08	-7.8659009307990635	-1.392652791395841	0.004624382888447877
-999.0	765.0	-5.139532598103935e-06	-1.517762791004309e-08	-7.977264000033873	-1.1341182292197272	0.0051441051389826895
-999.0	740.0	-5.1243379213865876e-06	-1.5039769680115205e-08	-7.855042607557984	-0.9347083089688972	0.005394803530365454
-999.0	715.0	-6.034664325198975e-06	-1.2619656499487692e-08	-7.5299736656892415	-0.8031798564587286	0.005283892188003902
-999.0	690.0	-6.706006632541785e-06	-1.0496512823085375e-08	-7.121996560398443	-0.7077616999259111	0.004812316668418506
-999.0	665.0	-6.892119102108049e-06	-9.062730683468678e-09	-6.643226183353018	-0.6493780284108138	0.0040592116922326185
-999.0	640.0	-6.4049620639720014e-06	-7.792857084743047e-09	-6.242881062222122	-0.5857904708633813	0.003114888516148405
-999.0	615.0	-5.172781366950991e-06	-7.072654056340789e-09	-5.977159311925932	-0.5053334897729026	0.0020532474324160568
-999.0	590.0	-3.899170087345035e-06	-6.163873096042653e-09	-5.859417048087467	-0.39944913868367804	0.000892939058069848
-999.0	565.0	-2.882049900416939e-06	-4.9490902850094855e-09	-5.918775394167988	-0.26951231594761993	-0.000427410301269536
-999.0	540.0	-2.3236033105847196e-06	-4.055174998744369e-09	-6.077480973560874	-0.16867712486240588	-0.001926900493728062
-999.0	515.0	-2.3344541232829035e-06	-3.376345055695012e-09	-6.320752650361374	-0.12842202023317006	-0.0035432632968345652
-999.0	490.0	-2.5444140291930207e-06	-3.0156259616424627e-09	-6.568388884680141	-0.19286614381652106	-0.005175262126949985
-999.0	465.0	-2.706967935498648e-06	-2.7949736138081307e-09	-6.785158508376762	-0.3628770182898134	-0.006699366533625306
-999.0	440.0	-2.7248362833089385e-06	-2.4320187523963125e-09	-6.926819439287545	-0.49936881899420565	-0.00800582015802014
-999.0	415.0	-2.655405736637411e-06	-2.1880735152833833e-09	-6.941100113979192	-0.5393129177420299	-0.009009461422246337
-999.0	390.0	-2.3173994283463294e-06	-1.967411116684239e-09	-6.7434953229478936	-0.4543758390448316	-0.00964756788874348
-999.0	365.0	-1.446541097904532e-06	-1.6645181416411507e-09	-6.278961240417436	-0.2345148358424989	-0.009902029813891657
-999.0	340.0	-1.0140881035630603e-07	-1.311117352478482e-09	-5.5684496328050805	0.06381525191260747	-0.00986305480706628
-999.0	315.0	1.3270599103085305e-06	-9.51665685193348e-10	-4.653648160007095	0.42319882682735	-0.009743652501014097
-999.0	290.0	2.5634229834656758e-06	-3.7927464857705833e-10	-3.68909765715011	0.8458787696666026	-0.009777059670739378
-999.0	265.0	3.969183793335561e-06	9.654440630139075e-11	-2.7612826826487957	1.3286873593834443	-0.010133510752590856
-999.0	240.0	6.167242531729894e-06	2.4990581058323545e-10	-1.919022978432951	1.8429877612233851	-0.010905524428852604
-999.0	215.0	8.460671783018116e-06	2.5480221451968303e-10	-1.1850774754068882	2.3099813450725626	-0.012007773958769919
-999.0	190.0	9.05448457306618e-06	2.0579410388021343e-10	-0.36282831982332014	2.523600595922736	-0.012792308319732472
-999.0	165.0	7.981566959143459e-06	1.042704854784676e-10	0.8950994984235047	2.164136080559974	-0.011672015588210209
-999.0	140.0	8.344655071684415e-06	1.5114189863888224e-11	2.059555997635091	1.3477954428159953	-0.006711190842215523
-999.0	115.0	5.983306884759452e-06	3.5277445838699085e-12	2.766509639156719	0.6648518426550626	-0.001399024653894571
-999.0	90.0	6.286486838498293e-06	1.6305402056563345e-12	4.255210023074419	0.368118551223427	-8.737673815881716e-07
-999.0	65.0	2.1619478709142313e-06	0.0	1.2763872232207611	0.3527163524744062	0.0
-999.0	40.0	2.6525951298248274e-07	0.0	-9.205841791850563	0.24587632803085846	0.0
-999.0	15.0	-2.7076862022647677e-06	0.0	-17.562220596144986	0.23128185246659633	0.0
244.04166666666666	40	1004.3423314977578	day	levels	pres0
-999.0	990.0	-5.73774702691763e-06	9.412752715433931e-09	-2.392808911701034	-0.32555682401829533	0.00042518989257406514
-999.0	965.0	-8.024817643784806e-06	1.3240517351590243e-08	-3.9588901811727797	-0.7893302466772223	0.0010038558339094724
-999.0	940.0	-5.655644388812833e-06	8.980425212220945e-09	-4.8223522178552924	-1.1413146254641244	0.0013527318043545925
-999.0	915.0	-4.760798913260957e-06	3.950076167895112e-09	-5.523383300061604	-1.4618689210878768	0.0016856004729221268
-999.0	890.0	-4.792718749508837e-06	9.756002634687964e-11	-6.1615793826403715	-1.730270101102453	0.002132086578518565
-999.0	865.0	-5.708121818705222e-06	-1.947504315616523e-09	-6.7425660248156225	-1.8804846850948695	0.002738308205402162
-999.0	840.0	-7.096590925058212e-06	-4.156362863087994e-09	-7.2493124736680254	-1.8782825754191772	0.003439698131444087
-999.0	815.0	-7.386860118387806e-06	-7.555769755716884e-09	-7.645867753911934	-1.7252419301550834	0.004155466397249838
-999.0	790.0	-6.594799783614403e-06	-1.1419953412251601e-08	-7.911218850700973	-1.4739366000242973	0.004838841332432952
-999.0	765.0	-5.519853030171729e-06	-1.4365105033651193e-08	-8.013135219613734	-1.2068533701822828	0.005391158667624748
-999.0	740.0	-5.233358565924983e-06	-1.4630321895586958e-08	-7.878162916335808	-0.9939403812125613	0.0056694414517171445
-999.0	715.0	-5.869257335460824e-06	-1.2532894558376149e-08	-7.539229999537826	-0.8469203204537866	0.0055832243854683
-999.0	690.0	-6.323470105871799e-06	-1.057744180236755e-08	-7.117756791136878	-0.7364611576346093	0.0051346844335385874
-999.0	665.0	-6.352651420785683e-06	-9.168404623541065e-09	-6.626589418630345	-0.6639583072866737	0.004404638070853089
-999.0	640.0	-5.776032866763901e-06	-7.885234710871057e-09	-6.2176172937507825	-0.5869015759478078	0.003487448130572902
-999.0	615.0	-4.508220723593888e-06	-7.130203214170966e-09	-5.9483794636196405	-0.4940320614518345	0.00246408657995794
-999.0	590.0	-3.235610694204261e-06	-6.22104862913267e-09	-5.830093794674772	-0.37827798282657255	0.00135763481866234
-999.0	565.0	-2.2643968873027644e-06	-5.0515838570072505e-09	-5.891968184185238	-0.24191556489782984	0.00010603256379706519
-999.0	540.0	-1.7745117049055388e-06	-4.178283917649352e-09	-6.055038563631189	-0.13735987787580897	-0.0013130343761585375
-999.0	515.0	-1.8580043290779998e-06	-3.4884021463808416e-09	-6.303907902290416	-0.09651230268729494	-0.002842364530870327
-999.0	490.0	-2.1191113986552293e-06	-3.1242667595985585e-09	-6.555059878776463	-0.1633676926570632	-0.004388460124813953
-999.0	465.0	-2.315977527273373e-06	-2.9098334281067646e-09	-6.772053601565181	-0.3393765013595732	-0.00583766546298467
-999.0	440.0	-2.3440145508362455e-06	-2.5641242790859845e-09	-6.911732467512287	-0.48548503070033194	-0.007087396424705549
-999.0	415.0	-2.2619676124324e-06	-2.3386130459335476e-09	-6.9226459127471385	-0.5382438732561133	-0.008054743373450931
-999.0	390.0	-1.8836248514175545e-06	-2.11094439538367e-09	-6.723165324440706	-0.46553138081260553	-0.008676327937242045
-999.0	365.0	-9.371059261152276e-07	-1.7880982182974468e-09	-6.257872556646661	-0.25469934469503897	-0.008931461757171745
-999.0	340.0	4.7536208864501145e-07	-1.3913148295629255e-09	-5.542236606211015	0.041092703877759526	-0.008906784242775247
-999.0	315.0	1.949907005995172e-06	-9.83263943520888e-10	-4.617697497450357	0.4049050103683111	-0.008811879169078827
-999.0	290.0	3.203013901214473e-06	-3.967469870394748e-10	-3.646216937323535	0.8344929139474554	-0.008875267653964658
-999.0	265.0	4.57285296285986e-06	7.766663488666949e-11	-2.7179313887048484	1.3257243929913576	-0.009259997958964726
-999.0	240.0	6.698667971942919e-06	2.309201587838855e-10	-1.8799476457621551	1.8530268268314676	-0.010047763125714784
-999.0	215.0	8.947237962694464e-06	2.4245879394545904e-10	-1.147215294893111	2.3362360661504478	-0.01114902613985726
-999.0	190.0	9.594455714924386e-06	1.978064467690248e-10	-0.31362620161634724	2.5593478610670255	-0.011945062900382093
-999.0	165.0	8.646353189125053e-06	9.903381865273728e-11	0.9591259092644981	2.195825094572734	-0.010925072425011154
-999.0	140.0	9.110022897721712e-06	1.4240952912058096e-11	2.11400812188237	1.3730494005398848	-0.006295603987456202
-999.0	115.0	6.961865446899056e-06	3.3412883756781363e-12	2.791003205227095	0.6897193474902341	-0.0013271824372757704
-999.0	90.0	7.285146703110866e-06	1.53650986163907e-12	4.265455379840673	0.3811556186346122	-7.680712701049818e-07
-999.0	65.0	2.769951523213134e-06	0.0	1.2813347067200977	0.3450653854309134	0.0
-999.0	40.0	6.048265625888214e-07	0.0	-9.168414204691816	0.23283927273694463	0.0
-999.0	15.0	-2.3594965313658863e-06	0.0	-17.516835277417144	0.22258312857350587	0.0
244.05555555555554	40	1004.4964737126858	day	levels	pres0
-999.0	990.0	-5.722735644847117e-06	9.104237544883286e-09	-2.407756485113947	-0.3432790522440474	0.0004217129726132701
-999.0	965.0	-8.476074622587387e-06	1.2767350124178367e-08	-3.997362021126859	-0.8185965746158038	0.0009899984623229876
-999.0	940.0	-6.195054243737589e-06	8.475402884023767e-09	-4.872158329427964	-1.1833502626920085	0.0013410154708355477
-999.0	915.0	-5.420695653613652e-06	3.6905135124440673e-09	-5.573918108218965	-1.516033540583283	0.0016905663232602297
-999.0	890.0	-5.596457312342581e-06	2.675760721909532e-10	-6.209904711187605	-1.7945816682214297	0.002167807689936384
-999.0	865.0	-6.593592524488581e-06	-1.3511302539984324e-09	-6.790685901671258	-1.953470340998863	0.0028151626273755304
-999.0	840.0	-7.901155271353739e-06	-3.241952948764239e-09	-7.298889884242277	-1.9575992422748232	0.0035646654954140998
-999.0	815.0	-8.056633757613563e-06	-6.516879729145413e-09	-7.695689883129069	-1.8081518312582128	0.004328871016864353
-999.0	790.0	-7.161421782994152e-06	-1.0356664355296862e-08	-7.956536770602775	-1.5552204086525163	0.005053255442929206
-999.0	765.0	-5.900173462238577e-06	-1.3552582157262388e-08	-8.04900643919351	-1.27958851114462	0.0056381542673225584
-999.0	740.0	-5.342379210463146e-06	-1.4220874111060616e-08	-7.90128322511358	-1.0531724534560423	0.005944012203029347
-999.0	715.0	-5.703850345723292e-06	-1.2446132617265275e-08	-7.548486333386391	-0.8906607844487032	0.005882485602876037
-999.0	690.0	-5.940933579203068e-06	-1.0658370781649734e-08	-7.113517021875326	-0.7651606153432062	0.005456980795657648
-999.0	665.0	-5.813183739464961e-06	-9.27407856361338e-09	-6.609952653907708	-0.678538586162473	0.0047499960668650225
-999.0	640.0	-5.147103669557652e-06	-7.977612336998999e-09	-6.192353525279493	-0.5880126810322113	0.0038599418362199075
-999.0	615.0	-3.84366008023869e-06	-7.187752372001137e-09	-5.919599615313402	-0.4827306331307795	0.002874858750779895
-999.0	590.0	-2.572051301065346e-06	-6.2782241622226725e-09	-5.800770541262122	-0.3571068269695099	0.0018222535633301915
-999.0	565.0	-1.6467438741902573e-06	-5.154077429004901e-09	-5.865160974202523	-0.214318813848103	0.0006393747373729317
-999.0	540.0	-1.2254200992278103e-06	-4.301392836554216e-09	-6.0325961537015305	-0.10604263088929121	-0.0006992999942897585
-999.0	515.0	-1.3815545348743915e-06	-3.6004592370666183e-09	-6.287063154219475	-0.06460258514150874	-0.002141631746267639
-999.0	490.0	-1.6938087681186245e-06	-3.2329075575545725e-09	-6.541730872872797	-0.13386924149769475	-0.0036018507917243985
-999.0	465.0	-1.9249871190492014e-06	-3.024693242405203e-09	-6.758948694753607	-0.3158759844294108	-0.0049761679276604685
-999.0	440.0	-1.96319281836472e-06	-2.696229805775315e-09	-6.896645495737042	-0.4716012424065126	-0.00616917759371762
-999.0	415.0	-1.8685294882287857e-06	-2.489152576583226e-09	-6.904191711515103	-0.5371748287702177	-0.007100224660077158
-999.0	390.0	-1.4498502744904995e-06	-2.2544776740826016e-09	-6.702835325933544	-0.4766869225803687	-0.007705272362113995
-999.0	365.0	-4.2767075432798794e-07	-1.9116782949533343e-09	-6.236783872875919	-0.27488385354754524	-0.00796105364173463
-999.0	340.0	1.052132987644122e-06	-1.4715123066471253e-09	-5.516023579616997	0.018370155842957106	-0.007950641705969591
-999.0	315.0	2.5727541016796148e-06	-1.014862201848341e-09	-4.581746834893684	0.3866111939093175	-0.007880196633685974
-999.0	290.0	3.842604818961081e-06	-4.1421932550184266e-10	-3.603336217497039	0.8231070582283487	-0.007973526732423438
-999.0	265.0	5.176522132382063e-06	5.878886347200393e-11	-2.6745800947609872	1.3227614265993004	-0.008386497212517911
-999.0	240.0	7.230093412154069e-06	2.1193450698458692e-10	-1.8408723130914526	1.8630658924395544	-0.00918998792417222
-999.0	215.0	9.43380414236915e-06	2.3011537337126786e-10	-1.1093531143794473	2.3624907872282948	-0.010290278986704541
-999.0	190.0	1.0134426856780862e-05	1.8981878965786032e-10	-0.2644240834095312	2.5950951262112465	-0.011097888283903092
-999.0	165.0	9.311139419104472e-06	9.379715182702124e-11	1.0231523201053023	2.227514108585415	-0.010178271858787634
-999.0	140.0	9.875390723756436e-06	1.3367715960229967e-11	2.1684602461295	1.3983033582636846	-0.005880116594123772
-999.0	115.0	7.940424009035814e-06	3.1548321674867943e-12	2.815496771297418	0.7145868523253054	-0.0012553488508157762
-999.0	90.0	8.283806567720577e-06	1.4424795176220993e-12	4.275700736606932	0.3941926860457333	-6.623555239245613e-07
-999.0	65.0	3.3779551755103253e-06	0.0	1.286282190219445	0.33741441838742625	0.0
-999.0	40.0	9.443936121941732e-07	0.0	-9.130986617533168	0.21980221744305467	0.0
-999.0	15.0	-2.0113068604679146e-06	0.0	-17.47144995868945	0.21388440468042894	0.0
244.06944444444446	40	1004.6506159276139	day	levels	pres0
-999.0	990.0	-5.707724262776235e-06	8.79572237433171e-09	-2.422704058526839	-0.3610012804698577	0.0004182372418603912
-999.0	965.0	-8.927331601390446e-06	1.2294182896765308e-08	-4.035833861080959	-0.8478629025544632	0.000976141799650256
-999.0	940.0	-6.734464098662844e-06	7.970380555825273e-09	-4.921964441000694	-1.2253858999199994	0.0013292983967478891
-999.0	915.0	-6.080592393966995e-06	3.4309508569921994e-09	-5.624452916376403	-1.5701981600788266	0.0016955324402270337
-999.0	890.0	-6.400195875177254e-06	4.375921180351463e-10	-6.258230039734919	-1.8588932353405734	0.0022035286741435545
-999.0	865.0	-7.479063230273164e-06	-7.547561923790316e-10	-6.838805778526987	-2.0264559969030547	0.0028920119802525847
-999.0	840.0	-8.705719617650544e-06	-2.3275430344381177e-09	-7.3484672948166425	-2.036915909130697	0.0036896177802835848
-999.0	815.0	-8.726407396840542e-06	-5.477989702571057e-09	-7.7455120123463175	-1.8910617323615897	0.004502246392375348
-999.0	790.0	-7.728043782375082e-06	-9.293375298338985e-09	-8.001854690504691	-1.6365042172809847	0.005267625219583412
-999.0	765.0	-6.280493894306252e-06	-1.2740059280871079e-08	-8.084877658773372	-1.3523236521071842	0.005885091937353005
-999.0	740.0	-5.451399855001419e-06	-1.381142632653301e-08	-7.92440353389141	-1.1124045256997133	0.006218515783277984
-999.0	715.0	-5.538443355985069e-06	-1.2359370676154238e-08	-7.5577426672349795	-0.9344012484437692	0.006181675839148045
-999.0	690.0	-5.558397052533022e-06	-1.0739299760932252e-08	-7.109277252613761	-0.793860073051913	0.005779205753720368
-999.0	665.0	-5.273716058142505e-06	-9.379752503685959e-09	-6.593315889185033	-0.6931188650383434	0.0050952856793414145
-999.0	640.0	-4.5181744723494315e-06	-8.069989963127146e-09	-6.167089756808151	-0.589123786116649	0.004232369632274314
-999.0	615.0	-3.179099436881437e-06	-7.245301529831466e-09	-5.890819767007108	-0.4714292048097212	0.0032855639441720505
-999.0	590.0	-1.908491907924417e-06	-6.335399695312863e-09	-5.771447287849426	-0.33593567111241274	0.002286795291459619
-999.0	565.0	-1.0290908610759397e-06	-5.256571001002849e-09	-5.83835376421978	-0.18672206279831965	0.0011726162189493515
-999.0	540.0	-6.763284935484992e-07	-4.424501755459381e-09	-6.0101537437718555	-0.07472538390269949	-8.569734840484457e-05
-999.0	515.0	-9.051047406693807e-07	-3.7125163277526015e-09	-6.270218406148534	-0.03269286759563716	-0.0014410649429509202
-999.0	490.0	-1.2685061375807405e-06	-3.341548355510794e-09	-6.52840186696914	-0.10437079033823883	-0.002815434127322173
-999.0	465.0	-1.5339967108238384e-06	-3.1395530567039404e-09	-6.745843787942038	-0.2923754674991717	-0.00411487392717104
-999.0	440.0	-1.582371085891955e-06	-2.8283353324650762e-09	-6.881558523961788	-0.4577174541126405	-0.00525116366454727
-999.0	415.0	-1.4750913640237172e-06	-2.6396921072334706e-09	-6.885737510283047	-0.5361057842843037	-0.006145905281698853
-999.0	390.0	-1.0160756975616493e-06	-2.3980109527820975e-09	-6.682505327426345	-0.48784246434814305	-0.0067344011630269965
-999.0	365.0	8.176441746143877e-08	-2.035258371609681e-09	-6.215695189105123	-0.29506836240007955	-0.006990805467347013
-999.0	340.0	1.628903886645606e-06	-1.5517097837316047e-09	-5.489810553022902	-0.004352392191877524	-0.0069946271965283975
-999.0	315.0	3.19560119736644e-06	-1.0464604601758972e-09	-4.545796172336909	0.3683173774502991	-0.006948604894802643
-999.0	290.0	4.482195736710076e-06	-4.316916639642601e-10	-3.560455497670423	0.8117212025092262	-0.007071836906119938
-999.0	265.0	5.780191301906584e-06	3.991109205728935e-11	-2.631228800816999	1.3197984602072406	-0.007513008513253082
-999.0	240.0	7.76151885236737e-06	1.9294885518523935e-10	-1.8017969804206195	1.8731049580476649	-0.008332198824215658
-999.0	215.0	9.92037032204585e-06	2.1777195279703916e-10	-1.0714909338656387	2.3887455083062097	-0.00943153249930871
-999.0	190.0	1.0674397998639462e-05	1.8183113254666913e-10	-0.21522196520253364	2.6308423913555656	-0.010250784470296525
-999.0	165.0	9.975925649086374e-06	8.856048500129033e-11	1.0871787309463148	2.2592031225982074	-0.009431613889520633
-999.0	140.0	1.0640758549793958e-05	1.2494479008399699e-11	2.2229123703767852	1.4235573159875996	-0.005464728662210275
-999.0	115.0	8.918982571175617e-06	2.9683759592949865e-12	2.839990337367788	0.7394543571604902	-0.001183523894514226
-999.0	90.0	9.28246643233337e-06	1.3484491736048156e-12	4.285946093373182	0.40722975345692203	-5.566201430458106e-07
-999.0	65.0	3.985958827809438e-06	0.0	1.2912296737187763	0.3297634513439271	0.0
-999.0	40.0	1.283960661800717e-06	0.0	-9.09355903037442	0.20676516214913881	0.0
-999.0	15.0	-1.663117189568718e-06	0.0	-17.42606463996161	0.20518568078733523	0.0
244.08333333333334	40	1004.804758142542	day	levels	pres0
-999.0	990.0	-5.692712880705753e-06	8.487207203781074e-09	-2.437651631939756	-0.378723508695614	0.0004147627003065827
-999.0	965.0	-9.3785885801931e-06	1.182101566935343e-08	-4.074305701035044	-0.8771292304930491	0.0009622858458864253
-999.0	940.0	-7.273873953587644e-06	7.465358227628062e-09	-4.97177055257337	-1.267421537147887	0.001317580582109973
-999.0	915.0	-6.7404891343197e-06	3.17138820154109e-09	-5.674987724533768	-1.6243627795742361	0.0017004988238128837
-999.0	890.0	-7.203934438010977e-06	6.076081638791324e-10	-6.306555368282153	-1.9232048024595538	0.0022392495311157746
-999.0	865.0	-8.364533936056484e-06	-1.5838213076102193e-10	-6.8869256553826235	-2.09944165280705	0.0029688562640763374
-999.0	840.0	-9.510283963946042e-06	-1.4131331201144052e-09	-7.3980447053909	-2.116232575986345	0.0038145549861140103
-999.0	815.0	-9.396181036066295e-06	-4.439099675999584e-09	-7.7953341415634565	-1.97397163346472	0.004675592523695883
-999.0	790.0	-8.29466578175485e-06	-8.230086241384224e-09	-8.047172610406497	-1.7177880259092047	0.005481950662039537
-999.0	765.0	-6.66081432637312e-06	-1.1927536404482264e-08	-8.120748878353151	-1.4250587930695204	0.006131971676989942
-999.0	740.0	-5.560420499539589e-06	-1.3401978542006678e-08	-7.947523842669184	-1.1716365979431917	0.006492952191435778
-999.0	715.0	-5.37303636624753e-06	-1.227260873504338e-08	-7.566999001083547	-0.9781417124386816	0.0064807950932019385
-999.0	690.0	-5.1758605258642766e-06	-1.0820228740214455e-08	-7.105037483352208	-0.8225595307605048	0.00610135930666803
-999.0	665.0	-4.734248376821769e-06	-9.485426443758267e-09	-6.576679124462395	-0.7076991439141359	0.005440506907351741
-999.0	640.0	-3.889245275143174e-06	-8.162367589255063e-09	-6.141825988336862	-0.5902348912010451	0.004604731517917365
-999.0	615.0	-2.5145387935262474e-06	-7.302850687661588e-09	-5.862039918700868	-0.4601277764886589	0.0036962021594205987
-999.0	590.0	-1.244932514785514e-06	-6.392575228402809e-09	-5.7421240344367765	-0.31476451525534266	0.0027512600024323782
-999.0	565.0	-4.114378479634423e-07	-5.359064573000462e-09	-5.811546554237061	-0.1591253117485864	0.0017057570080123746
-999.0	540.0	-1.272368878707865e-07	-4.5476106743642166e-09	-5.987711333842195	-0.04340813691617625	0.0005277735612068987
-999.0	515.0	-4.2865494646580593e-07	-3.824573418438357e-09	-6.253373658077589	-0.0007831500498468036	-0.0007406641208517992
-999.0	490.0	-8.432035070441749e-07	-3.4501891534667845e-09	-6.515072861065472	-0.074872339178867	-0.0020292101312562733
-999.0	465.0	-1.143006302599693e-06	-3.2544128710023525e-09	-6.732738881130464	-0.2688749505690064	-0.003253783461043547
-999.0	440.0	-1.2015493534204458e-06	-2.960440859154378e-09	-6.8664715521865425	-0.4438336658188183	-0.004333354636694568
-999.0	415.0	-1.0816532398201266e-06	-2.7902316378831233e-09	-6.867283309051009	-0.5350367397984052	-0.005191785237898941
-999.0	390.0	-5.823011206346359e-07	-2.541544231481009e-09	-6.662175328919181	-0.49899800611590456	-0.00576371433965755
-999.0	365.0	5.911995892486336e-07	-2.1588384482655585e-09	-6.194606505334383	-0.31525287125258555	-0.006020717233784049
-999.0	340.0	2.2056747856446952e-06	-1.6319072608157986e-09	-5.463597526428885	-0.02707494022668066	-0.006038740714338884
-999.0	315.0	3.8184482930508985e-06	-1.0780587185033438e-09	-4.509845509780241	0.35002356099130527	-0.006017103952403734
-999.0	290.0	5.121786654456716e-06	-4.491640024266241e-10	-3.5175747778439335	0.8003353467901195	-0.006170198175065809
-999.0	265.0	6.383860471428817e-06	2.1033320642626974e-11	-2.587877506873146	1.3168354938151845	-0.0066395318611798945
-999.0	240.0	8.292944292578533e-06	1.7396320338594532e-10	-1.7627216477499268	1.8831440236557497	-0.007474395825842532
-999.0	215.0	1.0406936501720483e-05	2.0542853222285175e-10	-1.0336287533519848	2.4150002293840553	-0.008572786677673267
-999.0	190.0	1.1214369140495838e-05	1.7384347543550458e-10	-0.16601984699572672	2.666589656499785	-0.009403751459569874
-999.0	165.0	1.0640711879065766e-05	8.33238181755739e-11	1.1512051417871103	2.290892136610886	-0.008685098517196852
-999.0	140.0	1.1406126375828741e-05	1.1621242056571526e-11	2.2773644946239116	1.4488112737113998	-0.0050494401917110425
-999.0	115.0	9.897541133312422e-06	2.781919751103653e-12	2.8644839034381127	0.7643218619955665	-0.0011117075683714222
-999.0	90.0	1.028112629694311e-05	1.2544188295878512e-12	4.2961914501394425	0.42026682086805184	-4.508651274684966e-07
-999.0	65.0	4.593962480106643e-06	0.0	1.2961771572181255	0.3221124843004465	0.0
-999.0	40.0	1.6235277114060793e-06	0.0	-9.056131443215769	0.19372810685525083	0.0
-999.0	15.0	-1.3149275186707501e-06	0.0	-17.380679321233917	0.19648695689425819	0.0
244.09722222222223	40	1004.9589003574704	day	levels	pres0
-999.0	990.0	-5.677701498634739e-06	8.178692033229568e-09	-2.452599205352646	-0.39644573692141266	0.00041128934794314143
-999.0	965.0	-9.829845558995868e-06	1.1347848441940568e-08	-4.112777540989143	-0.9063955584316885	0.0009484306010270012
-999.0	940.0	-7.81328380851265e-06	6.960335899429942e-09	-5.021576664146101	-1.3094571743758543	0.0013058620269408292
-999.0	915.0	-7.400385874672848e-06	2.911825546089522e-09	-5.725522532691208	-1.678527399069755	0.0017054654740091277
-999.0	890.0	-8.007673000845546e-06	7.776242097234195e-10	-6.354880696829472	-1.9875163695786733	0.0022749702608301334
-999.0	865.0	-9.250004641841019e-06	4.379919308582674e-10	-6.9350455322383535	-2.1724273087112183	0.0030456954788916205
-999.0	840.0	-1.0314848310242835e-05	-4.987232057884733e-10	-7.4476221159652605	-2.195549242842198	0.003939477112969087
-999.0	815.0	-1.0065954675293274e-05	-3.4002096494252688e-09	-7.8451562707807	-2.0568815345680806	0.004848909410741663
-999.0	790.0	-8.861287781135819e-06	-7.166797184426074e-09	-8.0924905303084	-1.7990718345376604	0.0056962317699445035
-999.0	765.0	-7.041134758440894e-06	-1.1115013528090374e-08	-8.156620097933008	-1.4977939340320763	0.006378793485510404
-999.0	740.0	-5.669441144077976e-06	-1.299253075747842e-08	-7.970644151447006	-1.2308686701868583	0.00676732142647882
-999.0	715.0	-5.207629376509388e-06	-1.2185846793931821e-08	-7.5762553349321315	-1.0218821764337433	0.006779843363958825
-999.0	690.0	-4.793323999194305e-06	-1.0901157719496612e-08	-7.100797714090642	-0.8512589884692079	0.006423441453445502
-999.0	665.0	-4.194780695499417e-06	-9.59110038383066e-09	-6.56004235973972	-0.7222794227900023	0.005785659749969156
-999.0	640.0	-3.260316077935081e-06	-8.254745215383098e-09	-6.116562219865519	-0.5913459962854789	0.004977027492334075
-999.0	615.0	-1.8499781501691353e-06	-7.360399845491813e-09	-5.833260070394577	-0.44882634816759814	0.0041067733958157875
-999.0	590.0	-5.813731216447281e-07	-6.449750761492884e-09	-5.712800781024082	-0.2935933593982445	0.0032156476956347953
-999.0	565.0	2.0621516515074266e-07	-5.4615581449982665e-09	-5.784739344254312	-0.1315285606988027	0.0022387971040534103
-999.0	540.0	4.218547178084095e-07	-4.670719593269229e-09	-5.965268923912511	-0.012090889929584861	0.001141112734262478
-999.0	515.0	4.779484773913068e-08	-3.936630509124208e-09	-6.236528910006631	0.03112656749602412	-4.042927989455634e-05
-999.0	490.0	-4.179008765063447e-07	-3.5588299514229026e-09	-6.501743855161797	-0.045373888019412445	-0.0012431788031673863
-999.0	465.0	-7.520158943743913e-07	-3.3692726853010133e-09	-6.719633974318881	-0.24537443363876907	-0.0023928965287961673
-999.0	440.0	-8.20727620947736e-07	-3.092546385844078e-09	-6.851384580411288	-0.4299498775249471	-0.0034157505096502915
-999.0	415.0	-6.882151156150915e-07	-2.9407711685333132e-09	-6.848829107818956	-0.5339676953124913	-0.004237864528251167
-999.0	390.0	-1.4852654370581914e-07	-2.685077510180461e-09	-6.641845330411996	-0.5101535478836803	-0.004793211891673271
-999.0	365.0	1.1006347610379832e-06	-2.2824185249218658e-09	-6.173517821563606	-0.3354373801051257	-0.005050788940812469
-999.0	340.0	2.782445684646034e-06	-1.7121047379002479e-09	-5.437384499834816	-0.049797488261527856	-0.005082982259280264
-999.0	315.0	4.441295388737524e-06	-1.1096569768308892e-09	-4.473894847223498	0.33172974453226656	-0.005085693806456583
-999.0	290.0	5.761377572205481e-06	-4.666363408890444e-10	-3.474694058017352	0.7889494910709718	-0.005268610539265614
-999.0	265.0	6.987529640953083e-06	2.155549227902596e-12	-2.544526212929192	1.3138725274230965	-0.005766067256301454
-999.0	240.0	8.824369732791554e-06	1.5497755158659077e-10	-1.7236463150791215	1.8931830892638333	-0.006616578929044098
-999.0	215.0	1.0893502681396881e-05	1.930851116486241e-10	-0.9957665728381971	2.441254950461942	-0.007714041521795734
-999.0	190.0	1.1754340282354142e-05	1.6585581832431605e-10	-0.11681772878874461	2.702336921644077	-0.008556789251724702
-999.0	165.0	1.1305498109047391e-05	7.808715134984392e-11	1.2152315526281114	2.3225811506236487	-0.007938725741797652
-999.0	140.0	1.2171494201865973e-05	1.074800510474144e-11	2.3318166188711937	1.4740652314352893	-0.00463425118261831
-999.0	115.0	1.0876099695451983e-05	2.5954635429118723e-12	2.888977469508487	0.7891893668307329	-0.001039899872387039
-999.0	90.0	1.1279786161555653e-05	1.1603884855705812e-12	4.306436806905697	0.4333038882792287	-3.450904771915961e-07
-999.0	65.0	5.201966132405531e-06	0.0	1.3011246407174604	0.3144615172569471	0.0
-999.0	40.0	1.9630947610124076e-06	0.0	-9.018703856057023	0.18069105156133505	0.0
-999.0	15.0	-9.667378477718657e-07	0.0	-17.335294002506078	0.18778823300116793	0.0
244.11111111111111	40	1005.1130425723982	day	levels	pres0
-999.0	990.0	-5.662690116564228e-06	7.870176862678921e-09	-2.4675467787655596	-0.414167965147165	0.0004078171847612238
-999.0	965.0	-1.028110253779845e-05	1.087468121452869e-08	-4.151249380943219	-0.9356618863702701	0.0009345760650671428
-999.0	940.0	-8.352693663437404e-06	6.45531357123276e-09	-5.07138277571877	-1.3514928116037386	0.0012941427312588478
-999.0	915.0	-8.060282615025543e-06	2.652262890638477e-09	-5.776057340848569	-1.7326920185651606	0.0017104323908061752
-999.0	890.0	-8.811411563679291e-06	9.476402555674968e-10	-6.403206025376702	-2.051827936697649	0.002310690863262437
-999.0	865.0	-1.0135475347624376e-05	1.0343659924763597e-09	-6.983165409093988	-2.2454129646152117	0.0031225296247416037
-999.0	840.0	-1.1119412656538361e-05	4.1568670853528137e-10	-7.497199526539515	-2.2748659096978434	0.0040643841609104905
-999.0	815.0	-1.073572831451903e-05	-2.361319622853798e-09	-7.894978399997832	-2.13979143567121	0.005022197053426005
-999.0	790.0	-9.427909780515566e-06	-6.103508127471338e-09	-8.137808450210203	-1.8803556431658797	0.005910468542942572
-999.0	765.0	-7.421455190507741e-06	-1.030249065170157e-08	-8.19249131751278	-1.570529074994413	0.006625557362188612
-999.0	740.0	-5.778461788616139e-06	-1.2583082972952075e-08	-7.993764460224779	-1.2901007424303392	0.007041623487380233
-999.0	715.0	-5.042222386771858e-06	-1.2099084852820945e-08	-7.585511668780698	-1.0656226404286597	0.0070788206503367085
-999.0	690.0	-4.4107874725255726e-06	-1.09820866987788e-08	-7.096557944829087	-0.8799584461778048	0.006745452192994437
-999.0	665.0	-3.6553130141786943e-06	-9.696774323902974e-09	-6.543405595017084	-0.7368597016658014	0.0061307442062634955
-999.0	640.0	-2.6313868807288314e-06	-8.347122841511041e-09	-6.091298451394232	-0.5924571013698826	0.005349257554706055
-999.0	615.0	-1.1854175068139395e-06	-7.417949003321985e-09	-5.804480222088339	-0.4375249198465432	0.004517277652644204
-999.0	590.0	8.218627149418705e-08	-6.506926294582889e-09	-5.683477527611433	-0.2724222035411815	0.0036799583704490786
-999.0	565.0	8.238681782632495e-07	-5.564051716995918e-09	-5.757932134271596	-0.10393180964907588	0.0027717365065590503
-999.0	540.0	9.709463234861381e-07	-4.793828512174093e-09	-5.942826513982854	0.019226357056932916	0.0017543201704732162
-999.0	515.0	5.242446419427391e-07	-4.048687599809984e-09	-6.2196841619356915	0.06303628504181023	0.0006596395799898844
-999.0	490.0	7.401754030260093e-09	-3.667470749378916e-09	-6.48841484925813	-0.015875436860043987	-0.00045734014270377597
-999.0	465.0	-3.610254861502194e-07	-3.4841324995994515e-09	-6.706529067507311	-0.2218739167086065	-0.0015322131299553444
-999.0	440.0	-4.399058884762093e-07	-3.2246519125334074e-09	-6.836297608636041	-0.41606608923112787	-0.0024983512829138584
-999.0	415.0	-2.9477699141147673e-07	-3.0913106991829916e-09	-6.83037490658692	-0.5328986508265958	-0.003284143152337939
-999.0	390.0	2.852480332212358e-07	-2.828610788879392e-09	-6.621515331904834	-0.5213090896514438	-0.0038228938187502715
-999.0	365.0	1.6100699328252223e-06	-2.4059986015777533e-09	-6.152429137792862	-0.35562188895763197	-0.0040810205882071855
-999.0	340.0	3.3592165836451436e-06	-1.7923022149844473e-09	-5.411171473240796	-0.07252003629633026	-0.004127351831239612
-999.0	315.0	5.064142484421966e-06	-1.1412552351583418e-09	-4.437944184666826	0.3134359280732728	-0.004154374456935972
-999.0	290.0	6.4009684899520885e-06	-4.841086793514121e-10	-3.4318133381908567	0.7775636353518648	-0.004367073998730846
-999.0	265.0	7.591198810475288e-06	-1.6722222186762808e-11	-2.5011749189853303	1.3109095610310395	-0.004892614698627195
-999.0	240.0	9.3557951730027e-06	1.359918997872922e-10	-1.6845709824084194	1.9032221548719201	-0.0057587481338174885
-999.0	215.0	1.1380068861071562e-05	1.807416910744329e-10	-0.9579043923245334	2.4675096715397906	-0.006855297031679213
-999.0	190.0	1.2294311424210616e-05	1.5786816121315153e-10	-0.06761561058192847	2.7380841867882983	-0.007709897846768132
-999.0	165.0	1.1970284339026807e-05	7.285048452412788e-11	1.2792579634689158	2.354270164636331	-0.00719249556330947
-999.0	140.0	1.2936862027900695e-05	9.874768152913311e-12	2.3862687431183236	1.4993191891590891	-0.004219161634927268
-999.0	115.0	1.1854658257588742e-05	2.4090073347205303e-12	2.9134710355788123	0.8140568716658044	-0.0009681008065613451
-999.0	90.0	1.2278446026165364e-05	1.0663581415536104e-12	4.316682163671956	0.4463409556903498	-2.3929619221507123e-07
-999.0	65.0	5.809969784702722e-06	0.0	1.3060721242168079	0.3068105502134605	0.0
-999.0	40.0	2.3026618106177587e-06	0.0	-8.981276268898377	0.16765399626744493	0.0
-999.0	15.0	-6.185481768738945e-07	0.0	-17.289908683778382	0.1790895091080909	0.0
244.125	40	1005.2671847873264	day	levels	pres0
-999.0	990.0	-5.647678734493201e-06	7.561661692127446e-09	-2.482494352178442	-0.4318901933729649	0.0004043462107521157
-999.0	965.0	-1.0732359516601089e-05	1.0401513987115904e-08	-4.189721220897304	-0.9649282143089092	0.0009207222380023257
-999.0	940.0	-8.892103518362235e-06	5.950291243034708e-09	-5.121188887291483	-1.3935284488317041	0.0012824226950830043
-999.0	915.0	-8.720179355378483e-06	2.3927002351869037e-09	-5.826592149005996	-1.786856638060676	0.0017153995741952862
-999.0	890.0	-9.615150126513599e-06	1.1176563014116798e-09	-6.451531353924009	-2.116139503816763	0.0023464113383896393
-999.0	865.0	-1.1020946053408638e-05	1.6307400540954623e-09	-7.031285285949706	-2.318398620519373	0.0031993587016709546
-999.0	840.0	-1.1923977002834918e-05	1.3300966228609775e-09	-7.546776937113868	-2.354182576553689	0.004189276130001736
-999.0	815.0	-1.1405501953745838e-05	-1.322429596279736e-09	-7.944800529215072	-2.2227013367745605	0.005195455451664401
-999.0	790.0	-9.994531779896386e-06	-5.040219070513469e-09	-8.1831263701121	-1.9616394517943267	0.006124660980680459
-999.0	765.0	-7.801775622575395e-06	-9.489967775309961e-09	-8.228362537092634	-1.6432642159569595	0.006872263306301403
-999.0	740.0	-5.887482433154444e-06	-1.2173635188424037e-08	-8.016884769002596	-1.349332814673997	0.007315858373115939
-999.0	715.0	-4.876815397033677e-06	-1.2012322911709538e-08	-7.59476800262928	-1.1093631044237149	0.007377726951256521
-999.0	690.0	-4.0282509458555984e-06	-1.1063015678061032e-08	-7.092318175567521	-0.9086579038865035	0.007067391524259536
-999.0	665.0	-3.1158453328563706e-06	-9.802448263975364e-09	-6.52676883029441	-0.7514399805416664	0.006475760275307725
-999.0	640.0	-2.002457683520783e-06	-8.43950046763905e-09	-6.066034682922893	-0.593568206454317	0.005721421704218127
-999.0	615.0	-5.20856863456882e-07	-7.475498161152188e-09	-5.775700373782052	-0.42622349152548444	0.00492771492919587
-999.0	590.0	7.457456646349142e-07	-6.564101827672947e-09	-5.654154274198745	-0.25125104768408674	0.004144192026261277
-999.0	565.0	1.4415211913773769e-06	-5.666545288993713e-09	-5.7311249242888564	-0.07633505859929651	0.003304575215020342
-999.0	540.0	1.5200379291652802e-06	-4.916937431079094e-09	-5.920384104053179	0.05054360404351933	0.002367395869555686
-999.0	515.0	1.000694436147625e-06	-4.160744690495819e-09	-6.202839413864745	0.09494600258767608	0.0013595424588767491
-999.0	490.0	4.3270438456804404e-07	-3.776111547335016e-09	-6.475085843354461	0.013623014299405961	0.0003283058504933357
-999.0	465.0	2.996492207504451e-08	-3.598992313898095e-09	-6.693424160695737	-0.1983733997783727	-0.0006717332640397997
-999.0	440.0	-5.908415600352761e-08	-3.356757439223095e-09	-6.821210636860793	-0.40218230093725843	-0.0015811569559765685
-999.0	415.0	9.866113279354056e-08	-3.241850229833178e-09	-6.8119207053548765	-0.5318296063406807	-0.0023306211097334517
-999.0	390.0	7.190226101500474e-07	-2.9721440675788434e-09	-6.601185333397652	-0.532464631419215	-0.002852760120556558
-999.0	365.0	2.119505104614583e-06	-2.529578678234058e-09	-6.131340454022089	-0.37580639781016445	-0.003111412175735201
-999.0	340.0	3.935987482646502e-06	-1.872499692068894e-09	-5.38495844664673	-0.09524258433116803	-0.003171849430096315
-999.0	315.0	5.686989580108612e-06	-1.1728534934858834e-09	-4.401993522110084	0.2951421116142431	-0.003223145903809326
-999.0	290.0	7.0405594077008704e-06	-5.015810178138278e-10	-3.388932618364277	0.766177779632724	-0.0034655885534660875
-999.0	265.0	8.194867979999586e-06	-3.559999360148161e-11	-2.4578236250413794	1.307946594638957	-0.004019174188160175
-999.0	240.0	9.88722061321576e-06	1.1700624798794273e-10	-1.6454956497376159	1.9132612204800044	-0.004900903440153904
-999.0	215.0	1.186663504074799e-05	1.6839827050020693e-10	-0.9200422118107476	2.493764392617676	-0.005996553207321171
-999.0	190.0	1.28342825660689e-05	1.4988050410196326e-10	-0.018413492374949936	2.773831451932588	-0.006863077244701696
-999.0	165.0	1.2635070569008404e-05	6.76138176983987e-11	1.3432843743099105	2.3859591786490943	-0.006446407981713673
-999.0	140.0	1.3702229853937933e-05	9.001531201083372e-12	2.4407208673655996	1.524573146882984	-0.003804171548630151
-999.0	115.0	1.2833216819728228e-05	2.2225511265287848e-12	2.937964601649178	0.8389243765009772	-0.0008963103708940143
-999.0	90.0	1.3277105890777832e-05	9.723277975363464e-13	4.3269275204382005	0.4593780231015343	-1.3348227253778565e-07
-999.0	65.0	6.417973437001584e-06	0.0	1.3110196077161367	0.299159583169967	0.0
-999.0	40.0	2.6422288602241024e-06	0.0	-8.943848681739635	0.15461694097353357	0.0
-999.0	15.0	-2.703585059749952e-07	0.0	-17.244523365050554	0.170390785215002	0.0
244.13888888888889	40	1005.121665106879	day	levels	pres0
-999.0	990.0	-6.538971812868786e-06	7.3633334273142995e-09	-2.4989633405649925	-0.4499528531537204	0.0003820081594808775
-999.0	965.0	-1.2158277776382026e-05	1.004524646817807e-08	-4.229411022162727	-0.9939447962736679	0.0008705961323836361
-999.0	940.0	-1.0314592798174299e-05	5.510498119874825e-09	-5.172028829378122	-1.4345715337283769	0.001213849605730893
-999.0	915.0	-1.0227048756419545e-05	2.27616832577023e-09	-5.878422019359347	-1.840043561245692	0.001640640540646983
-999.0	890.0	-1.1264298962198928e-05	1.585102603443012e-09	-6.501469842077802	-2.180052604296381	0.002276988407335875
-999.0	865.0	-1.2738216640103095e-05	2.615848349839521e-09	-7.081303283756194	-2.391819855589259	0.0031420610081083844
-999.0	840.0	-1.3522277099103354e-05	2.611798607075359e-09	-7.598399870925518	-2.4347679832100226	0.0041453129825247
-999.0	815.0	-1.2821807207947199e-05	-3.800727705234792e-12	-7.996607412526678	-2.3074358848878824	0.005157542899632718
-999.0	790.0	-1.1289115724572221e-05	-3.800290082666121e-09	-8.230201561509867	-2.044913302693198	0.006076838919217655
-999.0	765.0	-8.898532459295105e-06	-8.577752829913982e-09	-8.265474570018306	-1.7177727123504858	0.006797028190380902
-999.0	740.0	-6.713366265665468e-06	-1.1688679005899988e-08	-8.040350707040911	-1.4100513872173845	0.007200655073248785
-999.0	715.0	-5.437736213431437e-06	-1.1875024947871761e-08	-7.603241656113559	-1.1544584488772724	0.0072158534144466
-999.0	690.0	-4.3927651918011764e-06	-1.1104600945109343e-08	-7.08643265951562	-0.9386892331201144	0.006855656360934672
-999.0	665.0	-3.3463314028692072e-06	-9.87550062006036e-09	-6.508025501475273	-0.7674798356415418	0.006213397176425658
-999.0	640.0	-2.154332147837929e-06	-8.500585291112703e-09	-6.038523062143775	-0.5964276359623645	0.005412270525198273
-999.0	615.0	-6.372425333114244e-07	-7.494857832052453e-09	-5.744898199115252	-0.4171552162899137	0.0045833765882544375
-999.0	590.0	6.310740003995271e-07	-6.57008768374552e-09	-5.62319923072684	-0.2328511482711043	0.00378170682874046
-999.0	565.0	1.2777802011088496e-06	-5.703145170940001e-09	-5.703191369404019	-0.052041696959418196	0.0029421867716887735
-999.0	540.0	1.269336908117768e-06	-4.966434778418632e-09	-5.8972001342148825	0.07822294950626056	0.0020217539435730186
-999.0	515.0	6.501946768518165e-07	-4.200138468554098e-09	-6.185382442111953	0.12320967185325878	0.0010415305781833655
-999.0	490.0	5.12600295829229e-10	-3.810284943478002e-09	-6.460792157500064	0.0398972650737284	3.968423262100535e-05
-999.0	465.0	-4.691923772079804e-07	-3.630955106628665e-09	-6.678510819136363	-0.1772341371346881	-0.0009411061899816575
-999.0	440.0	-5.892874284645727e-07	-3.399761934786422e-09	-6.803530887781106	-0.3896972231946119	-0.0018495730809279809
-999.0	415.0	-4.3200852815129504e-07	-3.2975518941455707e-09	-6.790416780261346	-0.5312304465146074	-0.0026170366298621356
-999.0	390.0	2.1526324561875238e-07	-3.019650812392001e-09	-6.57791611478652	-0.5433115492586393	-0.0031725930977480068
-999.0	365.0	1.6805961563729373e-06	-2.565308535880039e-09	-6.1079373629188725	-0.395147440104215	-0.0034731687965645587
-999.0	340.0	3.5380940836919902e-06	-1.8879359557065383e-09	-5.35690974214193	-0.11698350429904256	-0.0035773261169648038
-999.0	315.0	5.287784487883781e-06	-1.172343186282683e-09	-4.364427189066704	0.2775340079607139	-0.003669034500129417
-999.0	290.0	6.619483962818271e-06	-5.041401674255041e-10	-3.3449079525415217	0.7549138771438885	-0.003942454778839723
-999.0	265.0	7.724468608256066e-06	-4.2214277358169305e-11	-2.414006197296137	1.3043437184374878	-0.0045068764377861215
-999.0	240.0	9.365314610965607e-06	1.1115126720883131e-10	-1.6057036778900666	1.921889215707776	-0.005359431850322694
-999.0	215.0	1.1329615278812767e-05	1.6635742514930107e-10	-0.879501821418573	2.5182320204230146	-0.006364476347283964
-999.0	190.0	1.2302508148771559e-05	1.462732257251796e-10	0.035257678467528884	2.8077791857498937	-0.007083829148093491
-999.0	165.0	1.2021699472120902e-05	6.355751978652695e-11	1.4113725912240638	2.416178739342277	-0.006511523640532054
-999.0	140.0	1.3137276947556134e-05	8.389988264006282e-12	2.4980631084354448	1.550140611689441	-0.0038088124865491746
-999.0	115.0	1.231019517423688e-05	2.1545462177539033e-12	2.9651014080708205	0.8664487712545598	-0.0009174926256832723
-999.0	90.0	1.2756686001473022e-05	9.519940404317514e-13	4.339534680968439	0.4745078006598585	-1.5672469057614978e-07
-999.0	65.0	5.843482319289193e-06	0.0	1.317070431225451	0.2904393540718283	0.0
-999.0	40.0	2.2956391015413315e-06	0.0	-8.90665299896101	0.13910469443846948	0.0
-999.0	15.0	-1.5255242626983917e-07	0.0	-17.199903522491574	0.15953437270047216	0.0
244.15277777777777	40	1004.9761454264323	day	levels	pres0
-999.0	990.0	-7.430264891242426e-06	7.165005162501646e-09	-2.515432328951573	-0.46801551293442867	0.0003596781817677292
-999.0	965.0	-1.3584196036160343e-05	9.6889789492409e-09	-4.269100823428146	-1.0229613782383695	0.0008204728015433405
-999.0	940.0	-1.1737082077984013e-05	5.070704996716004e-09	-5.222868771464718	-1.4756146186249683	0.0011452722025818518
-999.0	915.0	-1.1733918157458282e-05	2.1596364163544707e-09	-5.93025188971263	-1.8932304844305992	0.0015658772414002
-999.0	890.0	-1.2913447797881666e-05	2.052548905474447e-09	-6.551408330231517	-2.2439657047758614	0.002207565479777463
-999.0	865.0	-1.445548722679462e-05	3.600956645582445e-09	-7.131321281562599	-2.4652410906589766	0.003084766937196448
-999.0	840.0	-1.5120577195368687e-05	3.893500591287402e-09	-7.650022804737071	-2.5153533898661564	0.004101355144444113
-999.0	815.0	-1.423811246214548e-05	1.3148281408662375e-09	-8.048414295838182	-2.3921704330009814	0.005119636838531233
-999.0	790.0	-1.2583699669244943e-05	-2.5603610948222286e-09	-8.277276752907536	-2.1281871535918415	0.006029026851545068
-999.0	765.0	-9.995289296011927e-06	-7.66553788452109e-09	-8.302586602943899	-1.7922812087438036	0.006721810787917679
-999.0	740.0	-7.539250098174238e-06	-1.1203722823377912e-08	-8.06381664507918	-1.4707699597605963	0.007085479826902706
-999.0	715.0	-5.998657029827711e-06	-1.1737726984034798e-08	-7.611715309597824	-1.1995537933306912	0.007054017823297314
-999.0	690.0	-4.7572794377458e-06	-1.1146186212157888e-08	-7.080547143463736	-0.9687205623536248	0.006643967221016269
-999.0	665.0	-3.5768174728814065e-06	-9.948552976145519e-09	-6.489282172656175	-0.783519690741352	0.005951084889747844
-999.0	640.0	-2.3062066121546325e-06	-8.561670114586447e-09	-6.01101144136471	-0.5992870654703826	0.005103173059035186
-999.0	615.0	-7.536282031655967e-07	-7.514217502952696e-09	-5.7140960244485	-0.4080869410543473	0.004239094291195483
-999.0	590.0	5.164023361645745e-07	-6.576073539817954e-09	-5.592244187254974	-0.21445124885815436	0.0034192827732766073
-999.0	565.0	1.1140392108409694e-06	-5.739745052886027e-09	-5.675257814519209	-0.02774833531959281	0.002579868781424048
-999.0	540.0	1.0186358870711477e-06	-5.015932125757917e-09	-5.874016164376604	0.10590229496893291	0.0016761890844158493
-999.0	515.0	2.996949175571009e-07	-4.239532246612245e-09	-6.167925470359169	0.15147334111876165	0.0007235973883963729
-999.0	490.0	-4.316791839750739e-07	-3.844458339620883e-09	-6.446498471645665	0.06617151584796928	-0.0002488628644877356
-999.0	465.0	-9.68349676489436e-07	-3.662917899359082e-09	-6.663597477576988	-0.156094874491075	-0.0012104113011655402
-999.0	440.0	-1.1194907009239412e-06	-3.442766430349486e-09	-6.785851138701417	-0.37721214545201565	-0.0021179247205000327
-999.0	415.0	-9.626781890945552e-07	-3.3532535584575525e-09	-6.768912855167825	-0.530631286688554	-0.002903387524161717
-999.0	390.0	-2.8849611891124103e-07	-3.0671575572047064e-09	-6.554646896175407	-0.5541584670980562	-0.0034923605654016074
-999.0	365.0	1.2416872081322395e-06	-2.6010383935256287e-09	-6.084534271815686	-0.4144884823982391	-0.003834861690483158
-999.0	340.0	3.1402006847383078e-06	-1.9033722193439517e-09	-5.328861037637178	-0.13872442426688147	-0.0039827454346333824
-999.0	315.0	4.888579395659864e-06	-1.1718328790793985e-09	-4.32686085602339	0.2599259043072206	-0.0041148776825889605
-999.0	290.0	6.198408517936637e-06	-5.066993170371318e-10	-3.3008832867188467	0.7436499746550868	-0.004419292857194664
-999.0	265.0	7.2540692365136115e-06	-4.8828561114809985e-11	-2.3701887695509876	1.300740842236045	-0.004994571466089601
-999.0	240.0	8.843408608716708e-06	1.0529628642975921e-10	-1.565911706042617	1.9305172109355493	-0.005817968848185825
-999.0	215.0	1.0792595516879025e-05	1.643165797984168e-10	-0.838961431026521	2.5426996482283153	-0.006732401518989186
-999.0	190.0	1.1770733731475831e-05	1.4266594734841285e-10	0.08892884930984502	2.84172691956713	-0.00730456343597109
-999.0	165.0	1.1408328375235096e-05	5.95012218746658e-11	1.4794608081380258	2.446398300035372	-0.006576626425986614
-999.0	140.0	1.257232404117585e-05	7.778445326930515e-12	2.555405349505147	1.5757080764958027	-0.0038134521470455864
-999.0	115.0	1.1787173528746967e-05	2.086541308979229e-12	2.9922382144924202	0.89397316600804	-0.0009386722323512306
-999.0	90.0	1.2236266112169575e-05	9.316602833272743e-13	4.352141841498692	0.48963757821811976	-1.799716476763388e-07
-999.0	65.0	5.26899120157841e-06	0.0	1.3231212547347837	0.2817191249736963	0.0
-999.0	40.0	1.9490493428594466e-06	0.0	-8.869457316182478	0.12359244790342666	0.0
-999.0	15.0	-3.4746346565422123e-08	0.0	-17.15528367993274	0.148677960185954	0.0
244.16666666666666	40	1004.8306257459853	day	levels	pres0
-999.0	990.0	-8.321557969618196e-06	6.966676897688517e-09	-2.531901317338138	-0.486078172715187	0.0003373562775094959
-999.0	965.0	-1.5010114295941657e-05	9.332711430303036e-09	-4.308790624693591	-1.0519779602031327	0.0007703522454598379
-999.0	940.0	-1.3159571357796447e-05	4.630911873556063e-09	-5.273708713551379	-1.5166577035216477	0.0010766904857843693
-999.0	915.0	-1.3240787558499698e-05	2.0431045069377866e-09	-5.982081760065998	-1.9464174076156227	0.0014911096766543465
-999.0	890.0	-1.4562596633567354e-05	2.519995207505872e-09	-6.601346818385328	-2.3078788052554873	0.0021381425557939543
-999.0	865.0	-1.6172757813489397e-05	4.586064941326666e-09	-7.181339279369098	-2.5386623257288714	0.0030274764889025316
-999.0	840.0	-1.6718877291637385e-05	5.175202575502012e-09	-7.7016457385487325	-2.5959387965225003	0.004057402615725856
-999.0	815.0	-1.5654417716347087e-05	2.633457009441043e-09	-8.100221179149804	-2.4769049811143136	0.005081737268359619
-999.0	790.0	-1.3878283613921009e-05	-1.3204321069745402e-09	-8.324351944305306	-2.211461004490724	0.0059812247777086
-999.0	765.0	-1.1092046132731844e-05	-6.7533229391248204e-09	-8.33969863586958	-1.8667897051373386	0.006646611099061685
-999.0	740.0	-8.365133930685432e-06	-1.0718766640853641e-08	-8.087282583117497	-1.5314885323039906	0.006970332634373186
-999.0	715.0	-6.559577846225588e-06	-1.1600429020196881e-08	-7.6201889630821045	-1.244649137784252	0.006892220178207558
-999.0	690.0	-5.121793683691446e-06	-1.1187771479206124e-08	-7.074661627411841	-0.9987518915872349	0.006432324104981588
-999.0	665.0	-3.8073035428942668e-06	-1.0021605332230507e-08	-6.470538843837037	-0.7995595458412227	0.005688823415780769
-999.0	640.0	-2.4580810764717755e-06	-8.622754938060102e-09	-5.983499820585587	-0.6021464949784228	0.004794129306236364
-999.0	615.0	-8.700138730201241e-07	-7.533577173852918e-09	-5.683293849781694	-0.39901866581876694	0.0038948680384909276
-999.0	590.0	4.0173067192921726e-07	-6.582059395890463e-09	-5.561289143783062	-0.19605134944516128	0.0030569198602641173
-999.0	565.0	9.5029822057248e-07	-5.776344934832261e-09	-5.647324259634362	-0.003454973679703259	0.002217621244524686
-999.0	540.0	7.679348660236539e-07	-5.065429473097419e-09	-5.850832194538296	0.13358164043168486	0.0013307012922239854
-999.0	515.0	-5.08048417387264e-08	-4.278926024670508e-09	-6.150468498606367	0.17973701038435402	0.00040574288947363505
-999.0	490.0	-8.638709682473295e-07	-3.878631735763859e-09	-6.432204785791255	0.09244576662229993	-0.000537335440973525
-999.0	465.0	-1.4675069757725054e-06	-3.6948806920896372e-09	-6.648684136017602	-0.13495561184738403	-0.001479648597754178
-999.0	440.0	-1.6496939733850249e-06	-3.485770925912793e-09	-6.768171389621716	-0.3647270677093648	-0.002386211874860463
-999.0	415.0	-1.4933478500394318e-06	-3.4089552227699177e-09	-6.747408930074287	-0.5300321268624788	-0.003189673792793618
-999.0	390.0	-7.922554834425921e-07	-3.1146643020178312e-09	-6.531377677564267	-0.565005384937483	-0.0038120625236748923
-999.0	365.0	8.027782598905346e-07	-2.6367682511715823e-09	-6.061131180712467	-0.4338295246922968	-0.004196490857643039
-999.0	340.0	2.742307285783752e-06	-1.9188084829815797e-09	-5.300812333132377	-0.16046534423476574	-0.004388107383209918
-999.0	315.0	4.489374303435011e-06	-1.1713225718761884e-09	-4.289294522980012	0.2423178006536826	-0.00456067545123578
-999.0	290.0	5.777333073054016e-06	-5.092584666488054e-10	-3.256858620896094	0.7323860721662444	-0.004896102788540373
-999.0	265.0	6.7836698647700596e-06	-5.544284487149789e-11	-2.3263713418057503	1.2971379660345717	-0.005482259273069839
-999.0	240.0	8.321502606466512e-06	9.944130565064983e-11	-1.5261197341950747	1.9391452061633188	-0.006276514433747744
-999.0	215.0	1.0255575754943761e-05	1.622757344475151e-10	-0.7984210406343545	2.5671672760336524	-0.007100328722438348
-999.0	190.0	1.1238959314178486e-05	1.3905866897162996e-10	0.14260002015231799	2.875674653384434	-0.007525280108334941
-999.0	165.0	1.079495727834759e-05	5.544492396279324e-11	1.5475490250521782	2.476617860728548	-0.006641716338078942
-999.0	140.0	1.2007371134793991e-05	7.166902389853276e-12	2.6127475905749966	1.6012755413022535	-0.0038180905301192203
-999.0	115.0	1.1264151883255582e-05	2.0185364002043212e-12	3.0193750209140697	0.9214975607616205	-0.0009598491908978584
-999.0	90.0	1.1715846222864726e-05	9.113265262226862e-13	4.364749002028941	0.5047673557764447	-2.0322314383843782e-07
-999.0	65.0	4.694500083865986e-06	0.0	1.3291720782441065	0.2729988958755584	0.0
-999.0	40.0	1.6024595841766568e-06	0.0	-8.832261633403846	0.10808020136836027	0.0
-999.0	15.0	8.305973313973844e-08	0.0	-17.11066383737376	0.13782154767142238	0.0
244.18055555555554	40	1004.6851060655384	day	levels	pres0
-999.0	990.0	-9.212851047991834e-06	6.768348632875866e-09	-2.5483703057247205	-0.5041408324958949	0.00031504244660323445
-999.0	965.0	-1.6436032555719974e-05	8.976443911365867e-09	-4.348480425959009	-1.0809945421678342	0.0007202344641120058
-999.0	940.0	-1.458206063760617e-05	4.191118750397243e-09	-5.324548655637971	-1.55770078841824	0.0010081044554876128
-999.0	915.0	-1.4747656959538439e-05	1.926572597522027e-09	-6.033911630419284	-1.9996043308005302	0.0014163378466096844
-999.0	890.0	-1.6211745469250092e-05	2.9874415095373087e-09	-6.651285306539043	-2.371791905734967	0.0020687196354658892
-999.0	865.0	-1.7890028400180922e-05	5.5711732370695885e-09	-7.2313572771755	-2.6120835607985886	0.0029701896631950746
-999.0	840.0	-1.8317177387902718e-05	6.456904559714061e-09	-7.753268672360288	-2.6765242031786345	0.0040134553963368964
-999.0	815.0	-1.7070722970545363e-05	3.952085878012514e-09	-8.152028062461305	-2.5616395292274134	0.005043844189118698
-999.0	790.0	-1.5172867558593729e-05	-8.050311913064923e-11	-8.371427135702977	-2.2947348553893674	0.005933432697755465
-999.0	765.0	-1.2188802969448663e-05	-5.841107993731925e-09	-8.376810668795171	-1.9412982015306561	0.0065714291239643945
-999.0	740.0	-9.191017763194204e-06	-1.023381045833156e-08	-8.110748521155767	-1.5922071048472024	0.006855213495957595
-999.0	715.0	-7.120498662621861e-06	-1.1463131056359917e-08	-7.62866261656637	-1.2897444822376707	0.006730460479578462
-999.0	690.0	-5.4863079296360664e-06	-1.1229356746254671e-08	-7.068776111359955	-1.0287832208207448	0.006220727013310572
-999.0	665.0	-4.0377896129064656e-06	-1.0094657688315667e-08	-6.451795515017943	-0.8155994009410332	0.005426612755034073
-999.0	640.0	-2.6099555407884793e-06	-8.683839761533844e-09	-5.955988199806521	-0.6050059244864407	0.004485139267312949
-999.0	615.0	-9.863995428742956e-07	-7.552936844753164e-09	-5.652491675114941	-0.38995039058320036	0.003550697830616636
-999.0	590.0	2.870590076942648e-07	-6.588045251962897e-09	-5.5303341003111965	-0.1776514500322114	0.0026946180901014217
-999.0	565.0	7.865572303046e-07	-5.812944816778286e-09	-5.61939070474955	0.02083838796012223	0.0018554441612930678
-999.0	540.0	5.172338449770337e-07	-5.114926820436705e-09	-5.827648224700016	0.16126098589435722	0.0009852905671407183
-999.0	515.0	-4.0130460103344154e-07	-4.318319802728655e-09	-6.133011526853579	0.20800067964985672	8.796708137597705e-05
-999.0	490.0	-1.2960627525182327e-06	-3.91280513190674e-09	-6.4179110999368545	0.11872001739654077	-0.000825733496974598
-999.0	465.0	-1.9666642750539614e-06	-3.7268434848200535e-09	-6.6337707944582265	-0.113816349203771	-0.001748818079908289
-999.0	440.0	-2.179897245844394e-06	-3.528775421475857e-09	-6.7504916405420285	-0.35224198996676837	-0.0026544345441751366
-999.0	415.0	-2.024017510982693e-06	-3.464656887081898e-09	-6.725905004980764	-0.5294329670364253	-0.0034758954359172998
-999.0	390.0	-1.296014847972585e-06	-3.162171046830537e-09	-6.508108458953152	-0.5758523027768999	-0.004131698972723187
-999.0	365.0	3.6386931164983735e-07	-2.6724981088171728e-09	-6.0377280896092795	-0.4531705669863211	-0.004558056298193822
-999.0	340.0	2.34441388683007e-06	-1.9342447466189927e-09	-5.272763628627621	-0.18220626420260472	-0.0047934119627996855
-999.0	315.0	4.090169211211092e-06	-1.170812264672904e-09	-4.251728189936697	0.22470969700018956	-0.005006427806114932
-999.0	290.0	5.35625762817238e-06	-5.11817616260433e-10	-3.2128339550734215	0.7211221696774427	-0.005372884572883393
-999.0	265.0	6.313270493027605e-06	-6.205712862813855e-11	-2.2825539140606	1.2935350898331284	-0.0059699398587230584
-999.0	240.0	7.799596604217615e-06	9.358632487157764e-11	-1.4863277623476259	1.9477732013910911	-0.006735068607010099
-999.0	215.0	9.718555993010023e-06	1.6023488909663082e-10	-0.7578806502423023	2.5916349038389535	-0.0074682579576308035
-999.0	190.0	1.0707184896882762e-05	1.3545139059486316e-10	0.1962711909946344	2.9096223872016704	-0.00774597916518446
-999.0	165.0	1.0181586181461782e-05	5.138862605093206e-11	1.615637241966141	2.506837421421645	-0.0067067933768108256
-999.0	140.0	1.144241822841371e-05	6.555359452777508e-12	2.6700898316446984	1.6268430061086148	-0.003822727635770419
-999.0	115.0	1.0741130237765669e-05	1.950531491429646e-12	3.0465118273356686	0.9490219555151012	-0.0009810235013232081
-999.0	90.0	1.1195426333561275e-05	8.909927691182089e-13	4.377356162559195	0.519897133334706	-2.2647917906261446e-07
-999.0	65.0	4.120008966155202e-06	0.0	1.3352229017534403	0.2642786667774264	0.0
-999.0	40.0	1.2558698254947725e-06	0.0	-8.795065950625311	0.09256795483331753	0.0
-999.0	15.0	2.0086581284415568e-07	0.0	-17.06604399481493	0.12696513515690439	0.0
244.19444444444446	40	1004.539586385091	day	levels	pres0
-999.0	990.0	-1.0104144126367743e-05	6.5700203680625766e-09	-2.5648392941112843	-0.5222034922766616	0.00029273668894575254
-999.0	965.0	-1.7861950815501525e-05	8.620176392427675e-09	-4.388170227224451	-1.110011124132613	0.0006701194574782111
-999.0	940.0	-1.6004549917418874e-05	3.751325627236884e-09	-5.375388597724632	-1.5987438733149364	0.0009395141118400481
-999.0	915.0	-1.625452636058018e-05	1.8100406881051656e-09	-6.085741500772648	-2.052791253985573	0.0013415617514656165
-999.0	890.0	-1.7860894304936097e-05	3.4548878115688806e-09	-6.70122379469285	-2.435705006214614	0.001999296718872815
-999.0	865.0	-1.9607298986876043e-05	6.556281532814268e-09	-7.281375274982005	-2.6855047958685065	0.0029129064600414574
-999.0	840.0	-1.9915477484171717e-05	7.738606543929133e-09	-7.804891606171956	-2.757109609834998	0.0039695134862431135
-999.0	815.0	-1.8487028224747186e-05	5.27071474658744e-09	-8.203834945772932	-2.6463740773407647	0.00500595760080816
-999.0	790.0	-1.646745150326994e-05	1.1594258687167536e-09	-8.418502327100757	-2.378008706288267	0.0058856506117316056
-999.0	765.0	-1.3285559806168624e-05	-4.928893048336234e-09	-8.413922701720862	-2.0158066979242055	0.006496264862775761
-999.0	740.0	-1.0016901595705383e-05	-9.748854275807947e-09	-8.134214459194089	-1.652925677390608	0.006740122411951369
-999.0	715.0	-7.681419479019735e-06	-1.1325833092522547e-08	-7.637136270050654	-1.3348398266912422	0.006568738727808853
-999.0	690.0	-5.850822175581712e-06	-1.12709420133033e-08	-7.062890595308054	-1.0588145500543678	0.006009175946480401
-999.0	665.0	-4.268275682919327e-06	-1.016771004440087e-08	-6.433052186198795	-0.8316392560409182	0.005164452908014144
-999.0	640.0	-2.761830005105637e-06	-8.744924585007625e-09	-5.928476579027396	-0.6078653539944964	0.004176202942772314
-999.0	615.0	-1.102785212728854e-06	-7.572296515653505e-09	-5.62168950044813	-0.38088211534763566	0.0032065836680443952
-999.0	590.0	1.723873434588444e-07	-6.594031108035514e-09	-5.499379056839282	-0.1592515506192334	0.002332377463182823
-999.0	565.0	6.228162400360138e-07	-5.849544698724599e-09	-5.591457149864706	0.04513174959999702	0.0014933375320276335
-999.0	540.0	2.66532823929436e-07	-5.164424167776255e-09	-5.804464254861716	0.18894033135709565	0.0006399569093058075
-999.0	515.0	-7.51804360329364e-07	-4.3577135807869375e-09	-6.1155545551007915	0.2362643489154374	-0.00022973003593876052
-999.0	490.0	-1.7282545367905613e-06	-3.946978528049713e-09	-6.40361741408246	0.14499426817086208	-0.0011140570326316152
-999.0	465.0	-2.465821574337075e-06	-3.758806277550601e-09	-6.618857452898851	-0.09267708656008641	-0.0020179197477906423
-999.0	440.0	-2.7101005183055274e-06	-3.5717799170391458e-09	-6.732811891462327	-0.3397569122241222	-0.0029225927286118856
-999.0	415.0	-2.5546871719276506e-06	-3.520358551394234e-09	-6.704401079887214	-0.5288338072103542	-0.0037620524536943296
-999.0	390.0	-1.7997742125040521e-06	-3.2096777916436177e-09	-6.484839240341996	-0.586699220616327	-0.004451269912704241
-999.0	365.0	-7.503963659201502e-08	-2.7082279664630718e-09	-6.014324998506038	-0.4725116092803722	-0.004919558012287834
-999.0	340.0	1.946520487875347e-06	-1.9496810102565807e-09	-5.244714924122791	-0.20394718417047447	-0.005198659173510887
-999.0	315.0	3.690964118986061e-06	-1.170301957469675e-09	-4.214161856893281	0.20710159334667266	-0.005452134747274581
-999.0	290.0	4.9351821832895684e-06	-5.143767658720901e-10	-3.168809289250624	0.7098582671886253	-0.005849638210233537
-999.0	265.0	5.842871121283848e-06	-6.867141238480744e-11	-2.2387364863153225	1.2899322136316813	-0.006457613223048766
-999.0	240.0	7.277690601967196e-06	8.773134409248114e-11	-1.4465357905000444	1.9564011966188843	-0.007193631367977579
-999.0	215.0	9.181536231074549e-06	1.581940437457297e-10	-0.7173402598500993	2.6161025316443154	-0.007836189224568196
-999.0	190.0	1.0175410479585235e-05	1.318441122180784e-10	0.24994236183714127	2.943570121019001	-0.007966660606520164
-999.0	165.0	9.568215084574087e-06	4.733232813905905e-11	1.6837254588803197	2.5370569821148488	-0.0067718575421838395
-999.0	140.0	1.0877465322031689e-05	5.943816515700112e-12	2.7274320727145627	1.6524104709150924	-0.003827363463998993
-999.0	115.0	1.0218108592274092e-05	1.8825265826547154e-12	3.073648633757319	0.9765463502687004	-0.0010021951636272465
-999.0	90.0	1.067500644425622e-05	8.706590120135875e-13	4.389963323089443	0.535026910893039	-2.49739753348943e-07
-999.0	65.0	3.545517848442606e-06	0.0	1.3412737252627602	0.25555843767927977	0.0
-999.0	40.0	9.092800668118959e-07	0.0	-8.757870267846679	0.07705570829824396	0.0
-999.0	15.0	3.1867189254928336e-07	0.0	-17.02142415225594	0.116108722642365	0.0
244.20833333333334	40	1004.3940667046443	day	levels	pres0
-999.0	990.0	-1.0995437204741398e-05	6.3716921032499846e-09	-2.5813082824978704	-0.5402661520573735	0.0002704390044341247
-999.0	965.0	-1.9287869075279908e-05	8.263908873490588e-09	-4.427860028489877	-1.1390277060973184	0.0006200072255373823
-999.0	940.0	-1.742703919722863e-05	3.3115325040780964e-09	-5.42622853981123	-1.6397869582115332	0.000870919454990914
-999.0	915.0	-1.7761395761618896e-05	1.693508778689375e-09	-6.137571371125936	-2.105978177170485	0.0012667813914224778
-999.0	890.0	-1.9510043140618778e-05	3.922334113600251e-09	-6.751162282846569	-2.4996181066940992	0.001929873806095305
-999.0	865.0	-2.1324569573567487e-05	7.54138982855712e-09	-7.331393272788413	-2.7589260309382255	0.0028556268794101254
-999.0	840.0	-2.1513777580436992e-05	9.020308528141144e-09	-7.856514539983511	-2.8376950164911356	0.003925576885411453
-999.0	815.0	-1.9903333478945435e-05	6.589343615158946e-09	-8.255641829084439	-2.731108625453866	0.004968077503428794
-999.0	790.0	-1.776203544794266e-05	2.399354856560698e-09	-8.465577518498431	-2.4612825571869124	0.00583787851968418
-999.0	765.0	-1.4382316642885447e-05	-4.01667810294332e-09	-8.451034734646457	-2.0903151943175224	0.006421118315647208
-999.0	740.0	-1.0842785428214145e-05	-9.26389809328587e-09	-8.157680397232363	-1.713644249933818	0.0066250593826518425
-999.0	715.0	-8.242340295415985e-06	-1.118853512868558e-08	-7.645609923534918	-1.3799351711446581	0.006407054923299865
-999.0	690.0	-6.215336421526308e-06	-1.1312527280351832e-08	-7.05700507925617	-1.0888458792878726	0.005797670904971058
-999.0	665.0	-4.498761752931489e-06	-1.0240762400486006e-08	-6.414308857379699	-0.8476791111407223	0.004902343875230702
-999.0	640.0	-2.9137044694222965e-06	-8.806009408481325e-09	-5.90096495824833	-0.610724783502507	0.0038673203331256933
-999.0	615.0	-1.2191708825829812e-06	-7.591656186553677e-09	-5.590887325781376	-0.3718138401120615	0.0028625255512501587
-999.0	590.0	5.771567922394168e-08	-6.6000169641078664e-09	-5.468424013367415	-0.14085165120627613	0.0019701979799068006
-999.0	565.0	4.59075249768192e-07	-5.8861445806705645e-09	-5.563523594979896	0.0694251112398292	0.0011313013570307443
-999.0	540.0	1.583180288286079e-08	-5.213921515115505e-09	-5.781280285023435	0.21661967681977384	0.00029470031886243934
-999.0	515.0	-1.1023041196240672e-06	-4.397107358845068e-09	-6.0980975833480064	0.2645280181809445	-0.0005473484625099226
-999.0	490.0	-2.1604463210614725e-06	-3.98115192419258e-09	-6.389323728228059	0.17126851894510636	-0.0014023060480829884
-999.0	465.0	-2.964978873618542e-06	-3.790769070280997e-09	-6.603944111339472	-0.07153782391647047	-0.002286953601562079
-999.0	440.0	-3.240303790764904e-06	-3.6147844126021868e-09	-6.715132142382639	-0.327271834481523	-0.003190686428336573
-999.0	415.0	-3.0853568328709174e-06	-3.57606021570619e-09	-6.682897154793695	-0.5282346473842977	-0.004048144846284004
-999.0	390.0	-2.30353357703405e-06	-3.257184536456297e-09	-6.461570021730881	-0.5975461384557418	-0.004770775343773024
-999.0	365.0	-5.139485848326974e-07	-2.743957824108642e-09	-5.990921907402854	-0.49185265157439617	-0.005280996000074143
-999.0	340.0	1.5486270889217028e-06	-1.9651172738939833e-09	-5.216666219618041	-0.22568810413831397	-0.005603849015448097
-999.0	315.0	3.2917590267621808e-06	-1.169791650266382e-09	-4.17659552384997	0.18949348969317964	-0.005897796274759008
-999.0	290.0	4.51410673840796e-06	-5.169359154837134e-10	-3.1247846234279555	0.6985943646998242	-0.006326363700596549
-999.0	265.0	5.3724717495414105e-06	-7.528569614144462e-11	-2.1949190585701794	1.2863293374302387	-0.006945279366042447
-999.0	240.0	6.755784599718303e-06	8.18763633134143e-11	-1.406743818652604	1.965029191846657	-0.007652202716651193
-999.0	215.0	8.644516469140806e-06	1.5615319839485003e-10	-0.676799869458057	2.6405701594496156	-0.008204122523249412
-999.0	190.0	9.643636062289523e-06	1.2823683384131182e-10	0.3036135326794482	2.9775178548362344	-0.00818732443234119
-999.0	165.0	8.954843987688317e-06	4.327603022719778e-11	1.7518136757942742	2.5672765428079427	-0.006836908834199679
-999.0	140.0	1.0312512415651396e-05	5.332273578624295e-12	2.78477431378426	1.6779779357214537	-0.003831998014805312
-999.0	115.0	9.695086946784162e-06	1.8145216738800237e-12	3.1007854401789183	1.004070745022186	-0.0010233641778100544
-999.0	90.0	1.0154586554952778e-05	8.503252549091139e-13	4.4025704836197	0.5501566884513085	-2.7300486669759997e-07
-999.0	65.0	2.971026730731835e-06	0.0	1.3473245487720953	0.2468382085811541	0.0
-999.0	40.0	5.626903081300399e-07	0.0	-8.720674585068146	0.06154346176320333	0.0
-999.0	15.0	4.3647797225373036e-07	0.0	-16.97680430969711	0.10525231012784687	0.0
244.22222222222223	40	1004.2485470241969	day	levels	pres0
-999.0	990.0	-1.1886730283117152e-05	6.173363838436797e-09	-2.597777270884431	-0.5583288118381281	0.00024814939296514694
-999.0	965.0	-2.071378733506116e-05	7.907641354552638e-09	-4.467549829755314	-1.1680442880620783	0.0005698977682678748
-999.0	940.0	-1.8849528477041024e-05	2.871739380918124e-09	-5.477068481897885	-1.680830043108208	0.0008023204850886808
-999.0	915.0	-1.9268265162660335e-05	1.5769768692727217e-09	-6.1894012414793	-2.1591651003555046	0.0011919967666796777
-999.0	890.0	-2.1159191976304518e-05	4.389780415631741e-09	-6.801100771000373	-2.563531207173721	0.0018604508972128971
-999.0	865.0	-2.3041840160262353e-05	8.526498124301413e-09	-7.381411270594911	-2.832347266008118	0.0027983509212684324
-999.0	840.0	-2.3112077676705757e-05	1.0302010512355797e-08	-7.908137473795169	-2.9182804231474773	0.0038816455938077677
-999.0	815.0	-2.1319638733147066e-05	7.907972483733717e-09	-8.307448712396052	-2.8158431735671954	0.004930203896980249
-999.0	790.0	-1.9056619392618736e-05	3.6392838444083375e-09	-8.5126527098962	-2.5445564080857928	0.005790116421659075
-999.0	765.0	-1.5479073479605364e-05	-3.1044631575470714e-09	-8.488146767572134	-2.1648236907110587	0.006345989482728652
-999.0	740.0	-1.1668669260725351e-05	-8.778941910761598e-09	-8.18114633527068	-1.7743628224772148	0.0065100244083544385
-999.0	715.0	-8.803261111813888e-06	-1.1051237164847666e-08	-7.654083577019202	-1.425030515598222	0.006245409066450299
-999.0	690.0	-6.5798506674719805e-06	-1.1354112547400084e-08	-7.051119563204268	-1.118877208521488	0.005586211889259686
-999.0	665.0	-4.729247822944386e-06	-1.0313814756571022e-08	-6.395565528560562	-0.8637189662405996	0.004640285657190099
-999.0	640.0	-3.065578933739484e-06	-8.867094231955024e-09	-5.873453337469209	-0.6135842130105544	0.0035584914388804545
-999.0	615.0	-1.3355565524375526e-06	-7.61101585745397e-09	-5.56008515111457	-0.3627455648764887	0.0025185234807057195
-999.0	590.0	-5.695598501146559e-08	-6.606002820180458e-09	-5.437468969895504	-0.12245175179329042	0.001608079640667661
-999.0	565.0	2.9533425949964433e-07	-5.922744462616858e-09	-5.53559004009505	0.09371847287971198	0.0007693356366008789
-999.0	540.0	-2.3486921816467772e-07	-5.2634188624550405e-09	-5.758096315185129	0.24429902228252007	-5.047920404955441e-05
-999.0	515.0	-1.4528038789199063e-06	-4.4365011369033495e-09	-6.0806406115952045	0.2927916874465325	-0.0008648881983795678
-999.0	490.0	-2.5926381053337196e-06	-4.01532532033557e-09	-6.375030042373652	0.19754276971943355	-0.001690480543469261
-999.0	465.0	-3.4641361729016004e-06	-3.822731863011573e-09	-6.58903076978009	-0.0503985612727823	-0.00255591964138524
-999.0	440.0	-3.7705070632259787e-06	-3.6577889081655177e-09	-6.697452393302941	-0.31478675673887496	-0.003458715643516892
-999.0	415.0	-3.616026493815788e-06	-3.631761880018581e-09	-6.661393229700156	-0.5276354875582258	-0.004334172613847753
-999.0	390.0	-2.8072929415653982e-06	-3.30469128126945e-09	-6.438300803119743	-0.6083930562951708	-0.005090215266087146
-999.0	365.0	-9.528575330744168e-07	-2.7796876817546146e-09	-5.967518816299635	-0.5111936938684544	-0.005642370261704974
-999.0	340.0	1.1507336899671083e-06	-1.9805535375316217e-09	-5.188617515113238	-0.24742902410619774	-0.006008981488719453
-999.0	315.0	2.8925539345372887e-06	-1.1692813430631804e-09	-4.139029190806589	0.17188538603964137	-0.006343412388616381
-999.0	290.0	4.093031293525315e-06	-5.194950650953916e-10	-3.080759957605197	0.6873304622109815	-0.006803061043982312
-999.0	265.0	4.902072377797843e-06	-8.189997989813604e-11	-2.151101630824935	1.282726461228765	-0.007432938287703747
-999.0	240.0	6.233878597468099e-06	7.602138253429962e-11	-1.3669518468050528	1.9736571870744268	-0.008110782653035793
-999.0	215.0	8.107496707205552e-06	1.5411235304394374e-10	-0.6362594790658809	2.665037787254954	-0.008572057853676283
-999.0	190.0	9.111861644992162e-06	1.2462955546452868e-10	0.3572847035219305	3.0114655886535417	-0.008407970642648192
-999.0	165.0	8.341472890800769e-06	3.921973231532531e-11	1.819901892708434	2.597496103501121	-0.006901947252860001
-999.0	140.0	9.747559509269546e-06	4.720730641547105e-12	2.842116554854113	1.7035454005279045	-0.0038366312881891805
-999.0	115.0	9.17206530129279e-06	1.746516765105133e-12	3.1279222466005674	1.0315951397757614	-0.0010445305438715811
-999.0	90.0	9.634166665647923e-06	8.299914978045216e-13	4.415177644149946	0.5652864660096252	-2.962745191086831e-07
-999.0	65.0	2.3965356130193998e-06	0.0	1.3533753722814152	0.23811797948300978	0.0
-999.0	40.0	2.1610054944722145e-07	0.0	-8.683478902289512	0.04603121522813482	0.0
-999.0	15.0	5.542840519588612e-07	0.0	-16.932184467138125	0.09439589761331531	0.0
244.23611111111111	40	1004.1030273437503	day	levels	pres0
-999.0	990.0	-1.2778023361490788e-05	5.975035573624144e-09	-2.6142462592710127	-0.5763914716188361	0.00022586785443586856
-999.0	965.0	-2.2139705594839466e-05	7.551373835615468e-09	-4.507239631020733	-1.1970608700267797	0.0005197910856485739
-999.0	940.0	-2.0272017756850754e-05	2.431946257759306e-09	-5.527908423984477	-1.7218731280048003	0.0007337172022825547
-999.0	915.0	-2.0775134563699075e-05	1.4604449598569639e-09	-6.241231111832582	-2.2123520235404124	0.0011172078774375406
-999.0	890.0	-2.2808340811987267e-05	4.857226717663178e-09	-6.851039259154091	-2.6274443076532004	0.0017910279923061664
-999.0	865.0	-2.475911074695387e-05	9.511606420044336e-09	-7.4314292684013115	-2.9057685010778345	0.002741078585584837
-999.0	840.0	-2.4710377772971087e-05	1.158371249656784e-08	-7.959760407606724	-2.99886582980361	0.0038377196113990545
-999.0	815.0	-2.2735943987345352e-05	9.226601352305189e-09	-8.359255595707555	-2.9005777216802944	0.004892336781463388
-999.0	790.0	-2.0351203337291444e-05	4.879212832252224e-09	-8.55972790129387	-2.627830258984437	0.0057423643177035456
-999.0	765.0	-1.6575830316322184e-05	-2.192248212154179e-09	-8.525258800497733	-2.2393321871043756	0.0062708783641715875
-999.0	740.0	-1.249455309323412e-05	-8.293985728239521e-09	-8.204612273308946	-1.8350813950204263	0.006395017489356505
-999.0	715.0	-9.364181928210158e-06	-1.0913939201010704e-08	-7.662557230503465	-1.4701258600516411	0.006083801157661258
-999.0	690.0	-6.9443649134166005e-06	-1.139569781444863e-08	-7.045234047152384	-1.148908537754998	0.005374798899826197
-999.0	665.0	-4.9597338929565855e-06	-1.0386867112656184e-08	-6.376822199741465	-0.8797588213404097	0.00437827825440195
-999.0	640.0	-3.2174533980561878e-06	-8.928179055428769e-09	-5.845941716690141	-0.6164436425185725	0.003249716260547682
-999.0	615.0	-1.451942222291725e-06	-7.630375528354213e-09	-5.529282976447819	-0.35367728964092227	0.002174577456886893
-999.0	590.0	-1.716276492464175e-07	-6.611988676252892e-09	-5.406513926423638	-0.10405185238034043	0.001246022445863793
-999.0	565.0	1.315932692317642e-07	-5.959344344562883e-09	-5.50765648521024	0.11801183451953745	0.00040744037104036213
-999.0	540.0	-4.855702392112977e-07	-5.312916209794326e-09	-5.734912345346849	0.27197836774519224	-0.0003955816592869591
-999.0	515.0	-1.8033036382146223e-06	-4.4758949149614956e-09	-6.0631836398424195	0.32105535671203533	-0.001182349243586974
-999.0	490.0	-3.024829889604623e-06	-4.04949871647845e-09	-6.360736356519251	0.2238170204936743	-0.0019785805189287894
-999.0	465.0	-3.9632934721830555e-06	-3.854694655741988e-09	-6.574117428220713	-0.029259298629169275	-0.0028248178674209756
-999.0	440.0	-4.30071033568535e-06	-3.7007934037285806e-09	-6.6797726442232515	-0.3023016789962786	-0.0037266803743188502
-999.0	415.0	-4.146696154759048e-06	-3.6874635443305615e-09	-6.639889304606636	-0.5270363277321721	-0.004620135756545187
-999.0	390.0	-3.3110523060953902e-06	-3.3521980260821543e-09	-6.415031584508629	-0.6192399741345876	-0.005409589679802076
-999.0	365.0	-1.3917664813151143e-06	-2.8154175394002047e-09	-5.944115725196447	-0.5305347361624784	-0.006003680797330057
-999.0	340.0	7.528402910134267e-07	-1.9959898011690355e-09	-5.160568810608486	-0.26916994407403677	-0.0064140565934302975
-999.0	315.0	2.4933488423133707e-06	-1.1687710358598959e-09	-4.101462857763274	0.1542772823861483	-0.006788983088891757
-999.0	290.0	3.6719558486436782e-06	-5.220542147070192e-10	-3.036735291782524	0.6760665597221795	-0.007279730240397297
-999.0	265.0	4.431673006055387e-06	-8.851426365477677e-11	-2.1072842030797854	1.2791235850273222	-0.007920589988028755
-999.0	240.0	5.711972595219203e-06	7.016640175522752e-11	-1.3271598749576037	1.9822851823021994	-0.008569371177132865
-999.0	215.0	7.570476945271813e-06	1.520715076930595e-10	-0.5957190886738284	2.6895054150602564	-0.008939995215847974
-999.0	190.0	8.58008722769644e-06	1.210222770877619e-10	0.41095587436424674	3.0454133224707784	-0.00862859923744044
-999.0	165.0	7.728101793914963e-06	3.5163434403464126e-11	1.8879901096223957	2.6277156641942163	-0.006966972798166506
-999.0	140.0	9.182606602889263e-06	4.1091877044713366e-12	2.8994587959238167	1.729112865334266	-0.003841263284150949
-999.0	115.0	8.649043655802878e-06	1.6785118563304582e-12	3.155059053022168	1.059119534529242	-0.0010656942618118973
-999.0	90.0	9.113746776344475e-06	8.096577407000446e-13	4.427784804680199	0.5804162435678865	-3.195487105823369e-07
-999.0	65.0	1.8220444953086144e-06	0.0	1.3594261957907487	0.22939775038487772	0.0
-999.0	40.0	-1.3048920923466335e-07	0.0	-8.64628321951098	0.030518968693092022	0.0
-999.0	15.0	6.720901316632782e-07	0.0	-16.88756462457929	0.08353948509879724	0.0
244.25	40	1003.9575076633029	day	levels	pres0
-999.0	990.0	-1.3669316439866381e-05	5.776707308810997e-09	-2.6307152476575646	-0.5944541313995919	0.00020359438874309458
-999.0	965.0	-2.3565623854620407e-05	7.1951063166776346e-09	-4.546929432286156	-1.226077451991538	0.00046968717765787
-999.0	940.0	-2.16945070366628e-05	1.992153134599419e-09	-5.578748366071118	-1.762916212901473	0.0006651096067210637
-999.0	915.0	-2.2282003964740128e-05	1.3439130504402895e-09	-6.293060982185935	-2.2655389467254277	0.0010424147238955394
-999.0	890.0	-2.445748964767258e-05	5.324673019694509e-09	-6.900977747307883	-2.691357408132818	0.0017216050914546869
-999.0	865.0	-2.6476381333648325e-05	1.0496714715788393e-08	-7.4814472662078	-2.9791897361477213	0.002683809872326709
-999.0	840.0	-2.630867786923952e-05	1.2865414480782215e-08	-8.011383341418371	-3.079451236459945	0.003793798938151168
-999.0	815.0	-2.4152249241546718e-05	1.054523022087969e-08	-8.411062479019165	-2.9853122697936163	0.004854476156877866
-999.0	790.0	-2.1645787281967286e-05	6.119141820099573e-09	-8.606803092691631	-2.711104109883308	0.005694622207863495
-999.0	765.0	-1.7672587153041895e-05	-1.2800332667582027e-09	-8.562370833423401	-2.3138406834979026	0.00619578496012594
-999.0	740.0	-1.3320436925745148e-05	-7.80902954571547e-09	-8.228078211347261	-1.8957999675638142	0.006280038625953485
-999.0	715.0	-9.92510274460792e-06	-1.077664123717293e-08	-7.671030883987744	-1.5152212045051985	0.005922231197331586
-999.0	690.0	-7.308879159362182e-06	-1.1437283081496937e-08	-7.039348531100486	-1.178939866988609	0.0051634319371477964
-999.0	665.0	-5.190219962969423e-06	-1.0459919468741174e-08	-6.358078870922326	-0.8957986764402851	0.004116321667372674
-999.0	640.0	-3.3693278623733354e-06	-8.98926387890242e-09	-5.818430095911025	-0.6193030720266203	0.0029409947986348273
-999.0	615.0	-1.568327892146268e-06	-7.649735199254478e-09	-5.4984808017810165	-0.34460901440535147	0.0018306874802655555
-999.0	590.0	-2.8629931348180474e-07	-6.617974532325466e-09	-5.375558882951737	-0.0856519529673581	0.0008840263958895795
-999.0	565.0	-3.214772103676267e-08	-5.995944226509173e-09	-5.479722930325403	0.14230519615941573	4.5615560647713547e-05
-999.0	540.0	-7.362712602588106e-07	-5.3624135571338635e-09	-5.711728375508553	0.29965771320793355	-0.0007406070467099441
-999.0	515.0	-2.153803397510431e-06	-4.515288693019776e-09	-6.045726668089627	0.3493190259776182	-0.0014997315981742406
-999.0	490.0	-3.457021673876838e-06	-4.083672112621438e-09	-6.346442670664854	0.2500912712679969	-0.0022666059746021742
-999.0	465.0	-4.462450771466083e-06	-3.886657448472558e-09	-6.559204086661339	-0.008120035985484705	-0.0030936482798319762
-999.0	440.0	-4.830913608146394e-06	-3.743797899291908e-09	-6.662092895143563	-0.28981660125363207	-0.003994580620910148
-999.0	415.0	-4.677365815703883e-06	-3.743165208642954e-09	-6.618385379513104	-0.5264371679060988	-0.004906034274537674
-999.0	390.0	-3.814811670626686e-06	-3.3997047708953123e-09	-6.391762365897495	-0.630086891974012	-0.0057288985850753
-999.0	365.0	-1.8306754295567594e-06	-2.8511473970461844e-09	-5.920712634093231	-0.5498757784565289	-0.006364927607101401
-999.0	340.0	3.5494689205891367e-07	-2.0114260648066797e-09	-5.132520106103686	-0.2909108640419112	-0.006819074329688475
-999.0	315.0	2.094143750088542e-06	-1.1682607286566949e-09	-4.063896524719894	0.13666917873261902	-0.007234508375632952
-999.0	290.0	3.2508804037610784e-06	-5.246133643186954e-10	-2.9927106259597673	0.6648026572333441	-0.007756371289850993
-999.0	265.0	3.9612736343118694e-06	-9.512854741146445e-11	-2.0634667753345437	1.2755207088258533	-0.008408234467016731
-999.0	240.0	5.190066592969046e-06	6.431142097611612e-11	-1.2873679031100538	1.990913177529971	-0.009027968288946905
-999.0	215.0	7.033457183336585e-06	1.5003066234215357e-10	-0.555178698281654	2.7139730428655935	-0.009307934609766061
-999.0	190.0	8.048312810399098e-06	1.174149987109783e-10	0.4646270452067256	3.079361056288084	-0.00884921021671844
-999.0	165.0	7.114730697027466e-06	3.11071364915924e-11	1.9560783265365493	2.657935224887398	-0.007031985470120822
-999.0	140.0	8.617653696507466e-06	3.4976447673942503e-12	2.956801036993662	1.7546803301407228	-0.003845894002690448
-999.0	115.0	8.12602201031153e-06	1.6105069475555763e-12	3.1821958594438113	1.086643929282824	-0.0010868553316309654
-999.0	90.0	8.59332688703966e-06	7.893239835954494e-13	4.440391965210438	0.5955460211262108	-3.428274411186542e-07
-999.0	65.0	1.2475533775962243e-06	0.0	1.365477019300063	0.22067752128673937	0.0
-999.0	40.0	-4.770789679174347e-07	0.0	-8.609087536732355	0.015006722158027966	0.0
-999.0	15.0	7.89896211368434e-07	0.0	-16.842944782020314	0.07268307258426726	0.0
244.26388888888889	40	1003.9661104178724	day	levels	pres0
-999.0	990.0	-1.3606894078002878e-05	5.705447268608528e-09	-2.6378433417390905	-0.6035865464098322	0.00021653109795455777
-999.0	965.0	-2.3522427645244154e-05	7.215881713318621e-09	-4.55616736209688	-1.236323314000291	0.0004949142922878942
-999.0	940.0	-2.1953650386762016e-05	2.3564646843425676e-09	-5.610779051243551	-1.7812845415355285	0.0006851295882185406
-999.0	915.0	-2.2661090512768317e-05	1.8306406529248242e-09	-6.337091030713984	-2.29075154404582	0.001038289909837793
-999.0	890.0	-2.4752618872882966e-05	5.435821942517571e-09	-6.94107975709588	-2.7163423073512614	0.0016819178578194422
-999.0	865.0	-2.6622616496852087e-05	1.0195204671503721e-08	-7.5086921048753155	-2.9973908403405543	0.0026023198337773827
-999.0	840.0	-2.6318728930185354e-05	1.2305851726164716e-08	-8.024596273163214	-3.0879600195237265	0.0036655744351870067
-999.0	815.0	-2.4071389260549796e-05	9.922230486381676e-09	-8.412712601967781	-2.982652387317322	0.004677406992947522
-999.0	790.0	-2.1516412093504674e-05	5.580393330558253e-09	-8.599824193819046	-2.6970242513343674	0.005469688437531707
-999.0	765.0	-1.7614349087608332e-05	-1.497540790386584e-09	-8.549432396888706	-2.289281496479172	0.005925616538327041
-999.0	740.0	-1.33611149150133e-05	-7.79236698524575e-09	-8.209844688390481	-1.8634634004261654	0.005968971967963812
-999.0	715.0	-1.0028150950977571e-05	-1.0765519434727088e-08	-7.647483751361724	-1.4773981847144537	0.005578136919413678
-999.0	690.0	-7.488032721816068e-06	-1.1455970750890721e-08	-7.012077170481621	-1.1365674284780707	0.004797507910939192
-999.0	665.0	-5.465392666883111e-06	-1.0533687849070774e-08	-6.329923559210155	-0.8500674628985525	0.003742089490925798
-999.0	640.0	-3.7544311470750395e-06	-9.092025453713e-09	-5.79523515259776	-0.5725121312302763	0.002569384391154028
-999.0	615.0	-2.0899426405079773e-06	-7.730399815999033e-09	-5.487313807930465	-0.2999910155833886	0.0014636185938722503
-999.0	590.0	-9.053229686967209e-07	-6.669523559408123e-09	-5.37654219972499	-0.046532250268137676	0.0005177957059107182
-999.0	565.0	-6.75121480848937e-07	-6.020672849987844e-09	-5.490952471202186	0.17224384932264106	-0.0003221682067725933
-999.0	540.0	-1.3649662829168917e-06	-5.3751260849513825e-09	-5.729163522291722	0.31977996609554593	-0.0011098106793928921
-999.0	515.0	-2.7465613252127335e-06	-4.5158143679825625e-09	-6.064049285181169	0.3600036363874847	-0.001867868598197197
-999.0	490.0	-4.020919509913597e-06	-4.039039773533121e-09	-6.361596132686132	0.2533105656642554	-0.002630076910648762
-999.0	465.0	-4.999182067731603e-06	-3.800929691541e-09	-6.567749071176422	-0.009838610128681535	-0.0034491811997650413
-999.0	440.0	-5.371900203608719e-06	-3.6411781637765097e-09	-6.664843802420824	-0.29535561510259606	-0.0043387155129410646
-999.0	415.0	-5.249855337038924e-06	-3.6375371998056806e-09	-6.617715892416466	-0.5341840317202788	-0.005234260174813053
-999.0	390.0	-4.394782316809191e-06	-3.3125746834768627e-09	-6.389793835396391	-0.6356363577285458	-0.006035815968386928
-999.0	365.0	-2.3908472725514943e-06	-2.7987245659673927e-09	-5.919818383124149	-0.5482320903490068	-0.006644865084292451
-999.0	340.0	-1.752100177806492e-07	-1.9892771051460137e-09	-5.135292250801027	-0.2806096307956289	-0.007064915064137769
-999.0	315.0	1.585825484702689e-06	-1.1681460962937914e-09	-4.073746843976387	0.15452272699354147	-0.007436644954851553
-999.0	290.0	2.746147657178604e-06	-5.297348961550996e-10	-3.0144781020044804	0.685904229082835	-0.007907071105679798
-999.0	265.0	3.438361604665051e-06	-9.943537464811046e-11	-2.1015495249519067	1.2941819051921135	-0.008508983876342439
-999.0	240.0	4.616517791912985e-06	6.303244303729687e-11	-1.3413259714474528	2.0020186710688965	-0.009091549260087513
-999.0	215.0	6.408525706445102e-06	1.4882176551621425e-10	-0.6190464698284885	2.712648940537085	-0.009347383837780079
-999.0	190.0	7.407622641722834e-06	1.1346527305994269e-10	0.39698506781340165	3.0628243285679613	-0.008866041054842143
-999.0	165.0	6.494894688231322e-06	2.9992319949508326e-11	1.8830519275347901	2.6304006546183647	-0.007029956070604032
-999.0	140.0	7.943509587958519e-06	3.2782517898032124e-12	2.8773549874484585	1.7211076836146244	-0.0038354173916889107
-999.0	115.0	7.422446269353965e-06	1.5311102995918117e-12	3.113921102964132	1.05203390369808	-0.0010847121664555497
-999.0	90.0	7.847449769005075e-06	7.478795389360206e-13	4.40451356041943	0.5757108780082316	-3.1244768275499544e-07
-999.0	65.0	6.72855380155672e-07	0.0	1.3525437429363247	0.22181497514247964	0.0
-999.0	40.0	-8.238610953341634e-07	0.0	-8.618947636842002	0.02469149902234405	0.0
-999.0	15.0	9.075495023513651e-07	0.0	-16.860440697934912	0.08009600689934526	0.0
244.27777777777777	40	1003.9747131724416	day	levels	pres0
-999.0	990.0	-1.35444717161391e-05	5.634187228406185e-09	-2.6449714358206142	-0.6127189614200631	0.00022946555636114234
-999.0	965.0	-2.347923143586689e-05	7.2366571099594444e-09	-4.565405291907578	-1.2465691760090347	0.0005201310596070344
-999.0	940.0	-2.2212793736859646e-05	2.7207762340851747e-09	-5.642809736415915	-1.7996528701695687	0.0007051423401769484
-999.0	915.0	-2.3040177060794994e-05	2.317368255408861e-09	-6.381121079241951	-2.3159641413661882	0.001034166366605628
-999.0	890.0	-2.504774809809228e-05	5.546970865341109e-09	-6.981181766883809	-2.741327206569679	0.0016422421656247066
-999.0	865.0	-2.6768851660055252e-05	9.89369462722041e-09	-7.535936943542799	-3.015591944533358	0.0025208522803613007
-999.0	840.0	-2.6328779991131033e-05	1.1746288971549064e-08	-8.03780920490806	-3.0964688025874803	0.0035373832134327574
-999.0	815.0	-2.3990529279552934e-05	9.299230751885554e-09	-8.414362724916433	-2.9799925048410145	0.004500380189468369
-999.0	790.0	-2.1387036905042116e-05	5.041644841018297e-09	-8.592845294946507	-2.6829443927854344	0.005244805737760477
-999.0	765.0	-1.7556111022174675e-05	-1.7150483140145661e-09	-8.536493960354068	-2.264722309460481	0.005655505015434009
-999.0	740.0	-1.3401792904281284e-05	-7.775704424776132e-09	-8.191611165433763	-1.831126833288585	0.005657963650692049
-999.0	715.0	-1.013119915734708e-05	-1.0754397632281092e-08	-7.623936618735771	-1.4395751649238033	0.005234097106300077
-999.0	690.0	-7.667186284269715e-06	-1.1474658420284028e-08	-6.984805809862832	-1.0941949899676482	0.0044316311076776456
-999.0	665.0	-5.740565370796304e-06	-1.0607456229399548e-08	-6.30176824749805	-0.8043362493569474	0.003367895253635375
-999.0	640.0	-4.1395344317758805e-06	-9.194787028522659e-09	-5.772040209284546	-0.5257211904340608	0.0021978020835903664
-999.0	615.0	-2.6115573888683288e-06	-7.811064432742874e-09	-5.476146814079938	-0.25537301676154256	0.001096569213239374
-999.0	590.0	-1.524346623909935e-06	-6.721072586490246e-09	-5.377525516498234	-0.00741254756901364	0.00015158118042079294
-999.0	565.0	-1.3180952406593063e-06	-6.045401473466147e-09	-5.502182012078933	0.20218250248580008	-0.000689932875125661
-999.0	540.0	-1.9936613055732124e-06	-5.387838612768616e-09	-5.746598669074835	0.3399022189831221	-0.0014789915234611978
-999.0	515.0	-3.339319252913436e-06	-4.516340042945106e-09	-6.082371902272649	0.37068824679734175	-0.002235979735528384
-999.0	490.0	-4.584817345948881e-06	-3.99440743444478e-09	-6.376749594707357	0.2565298600605237	-0.0029935200617000036
-999.0	465.0	-5.535913363995715e-06	-3.7152019346097178e-09	-6.576294055691468	-0.011557184271858187	-0.0038046859625684394
-999.0	440.0	-5.912886799069535e-06	-3.5385584282615357e-09	-6.667594709698065	-0.3008946289515307	-0.004682824128096123
-999.0	415.0	-5.822344858372225e-06	-3.531909190968866e-09	-6.617046405319814	-0.5419308955344218	-0.005562463933813755
-999.0	390.0	-4.974752962989848e-06	-3.225444596058787e-09	-6.387825304895272	-0.6411858234830464	-0.006342715846932247
-999.0	365.0	-2.9510191155444213e-06	-2.7463017348888194e-09	-5.918924132155047	-0.546588402241471	-0.006924788855016813
-999.0	340.0	-7.05366927618521e-07	-1.9671281454854635e-09	-5.138064395498344	-0.2703083975493607	-0.007310743295293594
-999.0	315.0	1.0775072193184116e-06	-1.1680314639309267e-09	-4.083597163232844	0.17237627525442079	-0.007638768141640085
-999.0	290.0	2.2414149105976875e-06	-5.348564279915118e-10	-3.036245578049135	0.7070058009322667	-0.008057756996043546
-999.0	265.0	2.915449575019841e-06	-1.0374220188475403e-10	-2.1396322745691703	1.3128431015583188	-0.00860972078043723
-999.0	240.0	4.0429689908585895e-06	6.175346509848615e-11	-1.3952840397847088	2.013124164607785	-0.00915512123043966
-999.0	215.0	5.783594229555233e-06	1.4761286869028454e-10	-0.6829142413751483	2.7113248382085637	-0.009386828205384064
-999.0	190.0	6.766932473048066e-06	1.095155474089152e-10	0.3293430904202689	3.046287600847862	-0.00888287058306804
-999.0	165.0	5.875058679436721e-06	2.8877503407426784e-11	1.8100255285332512	2.6028660843493823	-0.00702792674727358
-999.0	140.0	7.2693654794113896e-06	3.058858812212459e-12	2.797908937903498	1.6875350370886104	-0.0038249408211023257
-999.0	115.0	6.718870528398406e-06	1.4517136516281848e-12	3.045646346484651	1.0174238781134397	-0.001082568791989119
-999.0	90.0	7.1015726509725925e-06	7.064350942766467e-13	4.368635155628509	0.555875734890312	-2.8206131388240205e-07
-999.0	65.0	9.815738271672326e-08	0.0	1.3396104665726114	0.2229524289982176	0.0
-999.0	40.0	-1.1706432227500078e-06	0.0	-8.628807736951623	0.03437627588662727	0.0
-999.0	15.0	1.0252027933335554e-06	0.0	-16.877936613849464	0.08750894121440106	0.0
244.29166666666666	40	1003.9833159270112	day	levels	pres0
-999.0	990.0	-1.3482049354275516e-05	5.562927188203673e-09	-2.6520995299021464	-0.6218513764303091	0.00024239776379566142
-999.0	965.0	-2.3436035226490447e-05	7.257432506600398e-09	-4.5746432217183015	-1.2568150380177956	0.0005453374795408092
-999.0	940.0	-2.2471937086958732e-05	3.0850877838283893e-09	-5.674840421588355	-1.818021198803633	0.0007251478627119365
-999.0	915.0	-2.3419263608823145e-05	2.8040958578934915e-09	-6.425151127770016	-2.341176738686591	0.0010300440941758294
-999.0	890.0	-2.534287732330264e-05	5.658119788164179e-09	-7.021283776671819	-2.766312105788132	0.0016025780146919266
-999.0	865.0	-2.6915086823258942e-05	9.592184582935608e-09	-7.5631817822103224	-3.0337930487261957	0.002439407211910228
-999.0	840.0	-2.6338831052076752e-05	1.1186726216931327e-08	-8.051022136652907	-3.1049775856512642	0.003409225273037478
-999.0	815.0	-2.390966929855589e-05	8.676231017387297e-09	-8.416012847865053	-2.9773326223647194	0.00432339574711265
-999.0	790.0	-2.125766171657937e-05	4.502896351476764e-09	-8.585866396073921	-2.668864534236489	0.005019974109502633
-999.0	765.0	-1.7497872956741004e-05	-1.932555837643125e-09	-8.523555523819374	-2.2401631224417464	0.005385450391894571
-999.0	740.0	-1.3442470893549376e-05	-7.759041864306525e-09	-8.17337764247698	-1.7987902661509318	0.005347013673725233
-999.0	715.0	-1.0234247363716711e-05	-1.0743275829835282e-08	-7.600389486109752	-1.401752145133053	0.004890111757071475
-999.0	690.0	-7.846339846723617e-06	-1.1493346089677759e-08	-6.957534449243971	-1.0518225514571033	0.004065801526524138
-999.0	665.0	-6.015738074710026e-06	-1.0681224609729047e-08	-6.273612935785879	-0.7586050358152067	0.002993738954961297
-999.0	640.0	-4.524637716477625e-06	-9.297548603333136e-09	-5.748845265971278	-0.4789302496377075	0.0018262478756878925
-999.0	615.0	-3.1331721372300838e-06	-7.891729049487354e-09	-5.464979820229384	-0.21075501793956974	0.0007295393383141667
-999.0	590.0	-2.1433702791249005e-06	-6.772621613572843e-09	-5.378508833271492	0.031707155130216255	-0.00021461718058111997
-999.0	565.0	-1.9610690004715195e-06	-6.070130096944762e-09	-5.51341155295572	0.2321211556490336	-0.0010576784445082447
-999.0	540.0	-2.6223563282313137e-06	-5.4005511405860914e-09	-5.764033815858005	0.36002447187074105	-0.001848149579105055
-999.0	515.0	-3.9320771806157445e-06	-4.516865717907867e-09	-6.100694519364189	0.3813728572072129	-0.0026040650104257354
-999.0	490.0	-5.148715181985647e-06	-3.949775095356444e-09	-6.391903056728634	0.25974915445678604	-0.0033569354280479206
-999.0	465.0	-6.072644660261245e-06	-3.62947417767815e-09	-6.58483904020655	-0.01327575841505213	-0.004160162568521824
-999.0	440.0	-6.453873394531868e-06	-3.4359386927461364e-09	-6.670345616975321	-0.3064336428004921	-0.005026906466608742
-999.0	415.0	-6.39483437970726e-06	-3.4262811821315925e-09	-6.616376918223174	-0.5496777593485985	-0.005890645551713919
-999.0	390.0	-5.554723609172333e-06	-3.1383145086403398e-09	-6.3858567743941625	-0.6467352892375763	-0.006649598220828586
-999.0	365.0	-3.5111909585391318e-06	-2.6938789038100306e-09	-5.9180298811859595	-0.5449447141339445	-0.007204698919350959
-999.0	340.0	-1.2355238374580822e-06	-1.9449791858248046e-09	-5.140836540195685	-0.2600071643030749	-0.007556559023216218
-999.0	315.0	5.691889539325382e-07	-1.1679168315680323e-09	-4.093447482489336	0.19022982351534498	-0.007840877936053581
-999.0	290.0	1.7366821640151857e-06	-5.399779598279209e-10	-3.058013054093848	0.7281073727817576	-0.008208428960987859
-999.0	265.0	2.3925375453729966e-06	-1.080490291214002e-10	-2.177715024186538	1.331504297924577	-0.008710445179331774
-999.0	240.0	3.4694201898024943e-06	6.047448715966787e-11	-1.4492421081221138	2.024229658146708	-0.00921868420001712
-999.0	215.0	5.158662752663706e-06	1.4640397186434398e-10	-0.7467820129219904	2.710000735880049	-0.009426267712582148
-999.0	190.0	6.1262423043717645e-06	1.0556582175787735e-10	0.26170111302693916	3.029750873127735	-0.008899698801397217
-999.0	165.0	5.2552226706405555e-06	2.776268686534242e-11	1.7369991295314913	2.575331514080345	-0.007025897500129828
-999.0	140.0	6.5952213708624026e-06	2.8394658346214315e-12	2.7184628883582937	1.65396239056251	-0.003814464290930859
-999.0	115.0	6.015294787440798e-06	1.3723170036644186e-12	2.9773715900049686	0.982813852528696	-0.0010804252082317687
-999.0	90.0	6.355695532937967e-06	6.649906496172004e-13	4.332756750837495	0.5360405917723365	-2.5166833450101747e-07
-999.0	65.0	-4.765406147238614e-07	0.0	1.3266771902088692	0.22408988285396397	0.0
-999.0	40.0	-1.5174253501667549e-06	0.0	-8.638667837061272	0.04406105275094623	0.0
-999.0	15.0	1.142856084316491e-06	0.0	-16.89543252976406	0.09492187552947917	0.0
244.30555555555554	40	1003.9919186815805	day	levels	pres0
-999.0	990.0	-1.3419626992411733e-05	5.491667148001332e-09	-2.659227623983668	-0.6309837914405402	0.0002553277200906779
-999.0	965.0	-2.339283901711319e-05	7.278207903241224e-09	-4.5838811515290026	-1.2670609000265387	0.0005705335520140219
-999.0	940.0	-2.2731080437056358e-05	3.4493993335709964e-09	-5.706871106760719	-1.8363895274376727	0.00074514615593809
-999.0	915.0	-2.3798350156849826e-05	3.29082346037753e-09	-6.469181176297985	-2.366389336006958	0.0010259230925239089
-999.0	890.0	-2.563800654851194e-05	5.769268710987718e-09	-7.061385786459749	-2.791297005006549	0.001562925404841224
-999.0	865.0	-2.70613219864621e-05	9.290674538652301e-09	-7.590426620877804	-3.0519941529189984	0.0023579846282547313
-999.0	840.0	-2.6348882113022413e-05	1.0627163462315682e-08	-8.064235068397753	-3.1134863687150185	0.003281100614149335
-999.0	815.0	-2.3828809317559028e-05	8.05323128289118e-09	-8.417662970813707	-2.974672739888411	0.0041464536665521195
-999.0	790.0	-2.112828652811682e-05	3.9641478619368126e-09	-8.578887497201388	-2.6547846756875564	0.004795193553710907
-999.0	765.0	-1.7439634891307354e-05	-2.150063361271108e-09	-8.510617087284738	-2.2156039354230543	0.005115452668156791
-999.0	740.0	-1.3483148882817358e-05	-7.742379303836906e-09	-8.155144119520264	-1.7664536990133517	0.005036122036651108
-999.0	715.0	-1.0337295570086226e-05	-1.0732154027389284e-08	-7.576842353483799	-1.3639291253424037	0.004546180870809481
-999.0	690.0	-8.025493409177263e-06	-1.1512033759071064e-08	-6.9302630886251775	-1.0094501129466804	0.003700019166640806
-999.0	665.0	-6.29091077862322e-06	-1.075499299005782e-08	-6.245457624073772	-0.712873822273601	0.00261962059436476
-999.0	640.0	-4.909741001178466e-06	-9.400310178142792e-09	-5.725650322658064	-0.43213930884149204	0.001454721767192052
-999.0	615.0	-3.654786885590436e-06	-7.972393666231197e-09	-5.4538128263788535	-0.16613701911772383	0.00036252896904533257
-999.0	590.0	-2.7623939343381138e-06	-6.824170640654967e-09	-5.379492150044736	0.07082685782934026	-0.0005807993770943691
-999.0	565.0	-2.604042760281888e-06	-6.094858720423064e-09	-5.524641093832466	0.2620598088121924	-0.0014254049150153928
-999.0	540.0	-3.251051350887635e-06	-5.413263668403325e-09	-5.781468962641118	0.3801467247583169	-0.0022172848465128324
-999.0	515.0	-4.5248351083164474e-06	-4.517391392870407e-09	-6.11901713645567	0.3920574676170701	-0.002972124423145254
-999.0	490.0	-5.712613018020931e-06	-3.905142756268102e-09	-6.40705651874986	0.2629684488530541	-0.0037203230099825584
-999.0	465.0	-6.609375956525356e-06	-3.5437464207468672e-09	-6.593384024721595	-0.014994332558228823	-0.004515611017902888
-999.0	440.0	-6.994859989992688e-06	-3.333318957231163e-09	-6.673096524252562	-0.3119726566494267	-0.005370962528710495
-999.0	415.0	-6.967323901040562e-06	-3.320653173294776e-09	-6.615707431126519	-0.5574246231627413	-0.006218805028685951
-999.0	390.0	-6.134694255352989e-06	-3.0511844212222645e-09	-6.383888243893043	-0.652284754992077	-0.006956463090191559
-999.0	365.0	-4.071362801532059e-06	-2.641456072731458e-09	-5.917135630216858	-0.5433010260264088	-0.007484595277369578
-999.0	340.0	-1.7656807472959542e-06	-1.9228302261642548e-09	-5.143608684893001	-0.24970593105680686	-0.007802362247963896
-999.0	315.0	6.08706885482602e-08	-1.1678021992051679e-09	-4.103297801745793	0.20808337177622444	-0.00804297433814489
-999.0	290.0	1.23194941743427e-06	-5.450994916643334e-10	-3.079780530138501	0.7492089446311896	-0.008359087000556152
-999.0	265.0	1.8696255157277893e-06	-1.1235585635804382e-10	-2.215797773803802	1.3501654942907824	-0.008811157073054611
-999.0	240.0	2.8958713887481013e-06	5.919550922085716e-11	-1.5032001764593708	2.035335151685597	-0.009282238168831688
-999.0	215.0	4.533731275773837e-06	1.4519507503841415e-10	-0.81064978446865	2.708676633551529	-0.00946570235937668
-999.0	190.0	5.485552135696996e-06	1.0161609610684982e-10	0.19405913563380653	3.013214145407636	-0.008916525709829407
-999.0	165.0	4.6353866618459575e-06	2.6647870323260863e-11	1.6639727305299525	2.5477969438113632	-0.007023868329172377
-999.0	140.0	5.921077262315276e-06	2.620072857030677e-12	2.639016838813335	1.6203897440364958	-0.003803987801174331
-999.0	115.0	5.311719046485241e-06	1.2929203557007912e-12	2.9090968335254868	0.9482038269440559	-0.0010782814151834002
-999.0	90.0	5.6098184149054835e-06	6.235462049578265e-13	4.296878346046575	0.516205448654417	-2.2126874461073563e-07
-999.0	65.0	-1.0512386121628102e-06	0.0	1.3137439138451557	0.22522733670970188	0.0
-999.0	40.0	-1.864207477582599e-06	0.0	-8.648527937170892	0.05374582961522946	0.0
-999.0	15.0	1.260509375298681e-06	0.0	-16.912928445678606	0.10233480984453504	0.0
244.31944444444446	40	1004.0005214361496	day	levels	pres0
-999.0	990.0	-1.3357204630548111e-05	5.420407107798821e-09	-2.6663557180651885	-0.64011620645078	0.00026825542507903817
-999.0	965.0	-2.3349642807736764e-05	7.298983299882132e-09	-4.593119081339722	-1.2773067620352945	0.0005957192769521683
-999.0	940.0	-2.2990223787155543e-05	3.81371088331421e-09	-5.73890179193316	-1.8547578560717384	0.0007651372199710118
-999.0	915.0	-2.4177436704878032e-05	3.777551062862249e-09	-6.513211224826055	-2.3916019333273644	0.0010218033616265594
-999.0	890.0	-2.5933135773722388e-05	5.880417633810912e-09	-7.101487796247765	-2.816281904225008	0.0015232843358939094
-999.0	865.0	-2.7207557149665995e-05	8.989164494367638e-09	-7.617671459545338	-3.070195257111842	0.002276584529226422
-999.0	840.0	-2.6358933173968437e-05	1.0067600707698144e-08	-8.077448000142608	-3.121995151778806	0.003153009236917224
-999.0	815.0	-2.3747949336562234e-05	7.430231548393094e-09	-8.419313093762335	-2.972012857412118	0.003969553948458818
-999.0	790.0	-2.0998911339654215e-05	3.425399372395308e-09	-8.571908598328804	-2.6407048171386083	0.00457046407133788
-999.0	765.0	-1.738139682587376e-05	-2.367570884899552e-09	-8.49767865075004	-2.1910447484043156	0.004845511844668199
-999.0	740.0	-1.3523826872085534e-05	-7.7257167433671e-09	-8.136910596563476	-1.7341171318756945	0.004725288739056525
-999.0	715.0	-1.0440343776455956e-05	-1.0721032224943341e-08	-7.5532952208577635	-1.3261061055516519	0.004202304446594496
-999.0	690.0	-8.204646971631292e-06	-1.1530721428464739e-08	-6.902991728006296	-0.9670776744361371	0.00333428402718832
-999.0	665.0	-6.566083482537091e-06	-1.0828761370387314e-08	-6.217302312361579	-0.6671426087318636	0.0022455401713053916
-999.0	640.0	-5.294844285880373e-06	-9.503071752953271e-09	-5.702455379344779	-0.3853483680451426	0.0010832237578466577
-999.0	615.0	-4.176401633952349e-06	-8.053058282975675e-09	-5.442645832528292	-0.12151902029575483	-4.461894620103919e-06
-999.0	590.0	-3.3814175895532274e-06	-6.875719667737579e-09	-5.380475466817986	0.1099465605285661	-0.0009469654091201008
-999.0	565.0	-3.247016520094257e-06	-6.119587343901719e-09	-5.535870634709251	0.2919984619754209	-0.0017931122867441056
-999.0	540.0	-3.8797463735459185e-06	-5.425976196220822e-09	-5.798904109424293	0.4002689776459304	-0.002586397325874988
-999.0	515.0	-5.117593036018977e-06	-4.517917067833139e-09	-6.137339753547217	0.4027420780269364	-0.0033401579739451457
-999.0	490.0	-6.276510854057932e-06	-3.860510417179726e-09	-6.422209980771145	0.26618774324931194	-0.0040836828077962075
-999.0	465.0	-7.146107252791115e-06	-3.4580186638152885e-09	-6.60192900923668	-0.016712906701426514	-0.004871031310991546
-999.0	440.0	-7.535846585455235e-06	-3.230699221715758e-09	-6.675847431529825	-0.3175116704983916	-0.00571499231463504
-999.0	415.0	-7.539813422375816e-06	-3.2150251644574982e-09	-6.615037944029881	-0.5651714869769215	-0.00654694236490422
-999.0	390.0	-6.714664901535701e-06	-2.964054333803811e-09	-6.3819197133919365	-0.6578342207466071	-0.007263310455138686
-999.0	365.0	-4.631534644526964e-06	-2.5890332416526606e-09	-5.9162413792477775	-0.5416573379188764	-0.007764477929149321
-999.0	340.0	-2.295837657135641e-06	-1.900681266503582e-09	-5.1463808295903455	-0.23940469781050822	-0.008048152969597022
-999.0	315.0	-4.474475768377009e-07	-1.167687566842252e-09	-4.113148121002289	0.2259369200371662	-0.008245057347969155
-999.0	290.0	7.272166708516728e-07	-5.502210235007307e-10	-3.1015480061832172	0.7703105164807	-0.008509731114794125
-999.0	265.0	1.3467134860808255e-06	-1.1666268359469702e-10	-2.25388052342117	1.368826690657058	-0.00891185646163646
-999.0	240.0	2.322322587691859e-06	5.7916531282025924e-11	-1.5571582447967742	2.04644064522453	-0.00934578313689718
-999.0	215.0	3.908799798882131e-06	1.439861782124688e-10	-0.8745175560154873	2.7073525312230204	-0.00950513214577179
-999.0	190.0	4.8448619670204565e-06	9.766637045581401e-11	0.12641715824047697	2.9966774176875157	-0.008933351308365662
-999.0	165.0	4.015550653049541e-06	2.553305378117657e-11	1.5909463315281782	2.520262373542336	-0.0070218392344015765
-999.0	140.0	5.246933153766082e-06	2.400679879439485e-12	2.559570789268106	1.586817097510404	-0.003793511351832913
-999.0	115.0	4.608143305527425e-06	1.213523707737006e-12	2.8408220770457824	0.9135938013593128	-0.0010761374128441094
-999.0	90.0	4.863941296870618e-06	5.821017602983918e-13	4.260999941255548	0.49637030553643	-1.908625442116885e-07
-999.0	65.0	-1.6259366096035693e-06	0.0	1.3008106374814101	0.2263647905654339	0.0
-999.0	40.0	-2.210989604999433e-06	0.0	-8.658388037280544	0.0634306064795446	0.0
-999.0	15.0	1.3781626662815837e-06	0.0	-16.930424361593207	0.10974774415962003	0.0
244.33333333333334	40	1004.0091241907194	day	levels	pres0
-999.0	990.0	-1.3294782268684229e-05	5.349147067596453e-09	-2.6734838121467055	-0.6492486214610101	0.00028118087859336306
-999.0	965.0	-2.3306446598359402e-05	7.319758696522923e-09	-4.602357011150417	-1.28755262404404	0.0006208946542801432
-999.0	940.0	-2.3249367137253095e-05	4.17802243305681e-09	-5.770932477105521	-1.8731261847057805	0.000785121054925469
-999.0	915.0	-2.455652325290468e-05	4.264278665346342e-09	-6.5572412733540215	-2.4168145306477364	0.0010176849014595546
-999.0	890.0	-2.6228264998931704e-05	5.991566556634534e-09	-7.141589806035691	-2.8412668034434283	0.0014836548076704358
-999.0	865.0	-2.735379231286914e-05	8.687654450084354e-09	-7.644916298212822	-3.088396361304648	0.002195206914656275
-999.0	840.0	-2.636898423491408e-05	9.508037953082486e-09	-8.090660931887456	-3.130503934842562	0.003024951141489763
-999.0	815.0	-2.366708935556533e-05	6.807231813896956e-09	-8.420963216710987	-2.96935297493581	0.0037926965935049357
-999.0	790.0	-2.086953615119162e-05	2.8866508828553464e-09	-8.564929699456272	-2.626624958589676	0.0043457856633367115
-999.0	765.0	-1.7323158760440053e-05	-2.5850784085275404e-09	-8.484740214215405	-2.166485561385625	0.0045756279218773415
-999.0	740.0	-1.3564504861353474e-05	-7.709054182897494e-09	-8.118677073606756	-1.7017805647381148	0.004414513780529701
-999.0	715.0	-1.0543391982825443e-05	-1.0709910422497355e-08	-7.529748088231813	-1.288283085761001	0.0038584824835085634
-999.0	690.0	-8.383800534084916e-06	-1.1549409097858045e-08	-6.875720367387507	-0.9247052359257119	0.0029685961073292262
-999.0	665.0	-6.841256186450265e-06	-1.0902529750716077e-08	-6.18914700064948	-0.6214113951902538	0.00187149768524486
-999.0	640.0	-5.679947570581201e-06	-9.605833327762914e-09	-5.679260436031566	-0.3385574272489216	0.0007117538473976898
-999.0	615.0	-4.698016382312694e-06	-8.133722899719491e-09	-5.431478838677763	-0.07690102147390292	-0.00037143325273284074
-999.0	590.0	-4.000441244766438e-06	-6.9272686948196724e-09	-5.381458783591231	0.14906626322769545	-0.0013131152766570186
-999.0	565.0	-3.889990279904614e-06	-6.144315967379992e-09	-5.547100175586001	0.3219371151385838	-0.002160800559788767
-999.0	540.0	-4.508441396202211e-06	-5.438688724038037e-09	-5.816339256207409	0.42039123053350935	-0.0029554870173792045
-999.0	515.0	-5.710350963719639e-06	-4.518442742795671e-09	-6.155662370638698	0.4134266884367954	-0.003708165663080736
-999.0	490.0	-6.8404086900931784e-06	-3.815878078091377e-09	-6.4373634427923685	0.2694070376455817	-0.0044470148217782435
-999.0	465.0	-7.682838549055202e-06	-3.372290906884002e-09	-6.610473993751726	-0.018431480844601354	-0.005226423448064863
-999.0	440.0	-8.076833180916033e-06	-3.128079486200786e-09	-6.678598338807062	-0.323050684347324	-0.006058995824613353
-999.0	415.0	-8.112302943709086e-06	-3.1093971556206856e-09	-6.614368456933227	-0.5729183507910616	-0.0068750575605405935
-999.0	390.0	-7.294635547716307e-06	-2.8769242463857403e-09	-6.379951182890817	-0.6633836865011045	-0.007570140315785104
-999.0	365.0	-5.1917064875198446e-06	-2.5366104105740927e-09	-5.915347128278676	-0.5400136498113366	-0.008044346874764447
-999.0	340.0	-2.8259945669734832e-06	-1.878532306843039e-09	-5.149152974287664	-0.22910346456423658	-0.00829393118817347
-999.0	315.0	-9.557658422219743e-07	-1.1675729344793953e-09	-4.1229984402587485	0.2437904682980471	-0.008447126965578889
-999.0	290.0	2.224839242707468e-07	-5.55342555337146e-10	-3.1233154822278726	0.7914120883301311	-0.0086603613037449
-999.0	265.0	8.238014564356027e-07	-1.2096951083134064e-10	-2.2919632730384345	1.3874878870232596	-0.00901254334510563
-999.0	240.0	1.7487737866374512e-06	5.66375533432128e-11	-1.6111163131340305	2.057546138763416	-0.009409319104225284
-999.0	215.0	3.2838683219922557e-06	1.4277728138653537e-10	-0.9383853275621449	2.706028428894499	-0.009544557071769905
-999.0	190.0	4.204171798345706e-06	9.371664480478519e-11	0.05877518084735102	2.9801406899674174	-0.008950175597005876
-999.0	165.0	3.3957146442549676e-06	2.441823723909469e-11	1.5179199325266493	2.492727803273355	-0.007019810215817152
-999.0	140.0	4.5727890452189585e-06	2.1812869018487613e-12	2.480124739723154	1.5532444509843917	-0.0037830349429064675
-999.0	115.0	3.9045675645718586e-06	1.1341270597733926e-12	2.7725473205663	0.8789837757746745	-0.0010739932012138044
-999.0	90.0	4.118064178838135e-06	5.406573156390158e-13	4.225121536464623	0.47653516241851235	-1.6044973330379718e-07
-999.0	65.0	-2.2006346070425046e-06	0.0	1.287877361117694	0.22750224442117495	0.0
-999.0	40.0	-2.5577717324152497e-06	0.0	-8.668248137390167	0.07311538334383091	0.0
-999.0	15.0	1.4958159572638034e-06	0.0	-16.94792027750775	0.11716067847467894	0.0
244.34722222222223	40	1004.0177269452884	day	levels	pres0
-999.0	990.0	-1.323235990682074e-05	5.277887027393967e-09	-2.680611906228242	-0.6583810364712568	0.0002941040804665235
-999.0	965.0	-2.3263250388983057e-05	7.340534093163911e-09	-4.611594940961145	-1.2977984860527985	0.000646059683923403
-999.0	940.0	-2.3508510487352256e-05	4.542333982800033e-09	-5.802963162277964	-1.891494513339842	0.000805097660916997
-999.0	915.0	-2.4935609800932868e-05	4.751006267830917e-09	-6.601271321882088	-2.4420271279681343	0.0010135677119994632
-999.0	890.0	-2.652339422414206e-05	6.102715479457521e-09	-7.1816918158237	-2.8662517026618777	0.0014440368199919314
-999.0	865.0	-2.7500027476072837e-05	8.386144405799525e-09	-7.672161136880346	-3.106597465497484	0.0021138517843756854
-999.0	840.0	-2.6379035295859815e-05	8.948475198464759e-09	-8.103873863632304	-3.1390127179063447	0.0028969263280156027
-999.0	815.0	-2.3586229374568334e-05	6.184232079398719e-09	-8.42261333965961	-2.966693092459515	0.003615881602362219
-999.0	790.0	-2.0740160962728926e-05	2.34790239331382e-09	-8.557950800583683	-2.6125451000407294	0.004121158330659652
-999.0	765.0	-1.7264920695006436e-05	-2.802585932156093e-09	-8.471801777680708	-2.1419263743668897	0.004305800900231492
-999.0	740.0	-1.3605182850621608e-05	-7.692391622427877e-09	-8.100443550649976	-1.6694439976004602	0.004103797160657234
-999.0	715.0	-1.06464401891951e-05	-1.0698788620051534e-08	-7.506200955605789	-1.2504600659702518	0.0035147149806317424
-999.0	690.0	-8.562954096538839e-06	-1.1568096767251778e-08	-6.848449006768643	-0.8823327974151696	0.002602955406223841
-999.0	665.0	-7.116428890364004e-06	-1.097629813104559e-08	-6.1609916889373055	-0.5756801816485175	0.001497493135642466
-999.0	640.0	-6.065050855282961e-06	-9.708594902573411e-09	-5.656065492718299	-0.2917664864525738	0.00034031203558868565
-999.0	615.0	-5.219631130674456e-06	-8.214387516463997e-09	-5.420311844827211	-0.03228302265193611	-0.0007383851053461042
-999.0	590.0	-4.619464899981407e-06	-6.978817721902297e-09	-5.382442100364484	0.18818596592691986	-0.0016792489797065097
-999.0	565.0	-4.532964039716838e-06	-6.1690445908586375e-09	-5.558329716462786	0.35187576830181316	-0.0025284697342466164
-999.0	540.0	-5.13713641886034e-06	-5.451401251855532e-09	-5.833774402990576	0.44051348342112523	-0.0033245539212161846
-999.0	515.0	-6.303108891421987e-06	-4.518968417758441e-09	-6.173984987730238	0.4241112988466648	-0.00407614749081046
-999.0	490.0	-7.40430652612998e-06	-3.771245739003049e-09	-6.452516904813645	0.27262633204184233	-0.004810319052221184
-999.0	465.0	-8.219569845320753e-06	-3.286563149952438e-09	-6.619018978266809	-0.02015005498779713	-0.005581787429402926
-999.0	440.0	-8.617819776378384e-06	-3.0254597506853852e-09	-6.681349246084323	-0.3285896981962876	-0.0064029730588792645
-999.0	415.0	-8.684792465044154e-06	-3.00376914678341e-09	-6.613698969836588	-0.5806652146052413	-0.007203150615769577
-999.0	390.0	-7.87460619389884e-06	-2.7897941589672882e-09	-6.377982652389708	-0.6689331522556377	-0.007876952672248439
-999.0	365.0	-5.751878330514604e-06	-2.4841875794952997e-09	-5.914452877309588	-0.5383699617038143	-0.008324202114291676
-999.0	340.0	-3.356151476813074e-06	-1.856383347182373e-09	-5.151925118985001	-0.218802231317954	-0.008539696903753703
-999.0	315.0	-1.4640841076078524e-06	-1.1674583021164929e-09	-4.1328487595152374	0.2616440165589698	-0.008649183191029254
-999.0	290.0	-2.822488223117459e-07	-5.604640871735521e-10	-3.1450829582725857	0.8125136601796225	-0.008810977567454165
-999.0	265.0	3.0088942678877235e-07	-1.252763380679868e-10	-2.330046022655801	1.4061490833895207	-0.009113217723492774
-999.0	240.0	1.1752249855813703e-06	5.53585754043969e-11	-1.6650743814714357	2.068651632302341	-0.009472846070829665
-999.0	215.0	2.6589368451007336e-06	1.415683845605985e-10	-1.002253099108989	2.7047043265659862	-0.009583977137374912
-999.0	190.0	3.5634816296693864e-06	8.976691915374871e-11	-0.008866796545985524	2.9636039622472907	-0.008966998575750867
-999.0	165.0	2.7758786354587777e-06	2.3303420697010653e-11	1.4448935335248798	2.4651932330043165	-0.007017781273419252
-999.0	140.0	3.898644936669969e-06	1.9618939242577032e-12	2.4006786901779416	1.5196718044582889	-0.00377255857439508
-999.0	115.0	3.2009918236142603e-06	1.0547304118096129e-12	2.704272564086619	0.844373750189929	-0.0010718487802925743
-999.0	90.0	3.372187060803509e-06	4.992128709795714e-13	4.189243131673614	0.45670001930053494	-1.3003031188714909e-07
-999.0	65.0	-2.7753326044831023e-06	0.0	1.2749440847539548	0.22863969827691827	0.0
-999.0	40.0	-2.9045538598320253e-06	0.0	-8.678108237499814	0.08280016020814689	0.0
-999.0	15.0	1.6134692482467089e-06	0.0	-16.96541619342235	0.12457361278975407	0.0
244.36111111111111	40	1004.0263296998576	day	levels	pres0
-999.0	990.0	-1.3169937544956958e-05	5.206626987191622e-09	-2.6877400003097645	-0.6675134514814876	0.00030702503053116884
-999.0	965.0	-2.32200541796058e-05	7.361309489804734e-09	-4.620832870771844	-1.308044348061543	0.0006712143658067978
-999.0	940.0	-2.376765383744989e-05	4.906645532542641e-09	-5.8349938474503285	-1.9098628419738826	0.0008250670380602757
-999.0	915.0	-2.531469634895955e-05	5.237733870314958e-09	-6.645301370410055	-2.467239725288503	0.0010094517932219128
-999.0	890.0	-2.6818523449351372e-05	6.21386440228106e-09	-7.221793825611631	-2.8912366018802946	0.0014044303726786567
-999.0	865.0	-2.7646262639276005e-05	8.084634361516215e-09	-7.699405975547827	-3.1247985696902876	0.00203251913821542
-999.0	840.0	-2.638908635680549e-05	8.388912443849112e-09	-8.117086795377146	-3.147521500970099	0.002768934796643149
-999.0	815.0	-2.350536939357146e-05	5.5612323449026e-09	-8.424263462608259	-2.9640332099832065	0.0034391089757025884
-999.0	790.0	-2.0610785774266378e-05	1.8091539037738688e-09	-8.550971901711147	-2.598465241491796	0.0038965820742595555
-999.0	765.0	-1.7206682629572776e-05	-3.020093455784072e-09	-8.458863341146072	-2.1173671873481976	0.004036030780178925
-999.0	740.0	-1.3645860839889591e-05	-7.675729061958256e-09	-8.082210027693257	-1.6371074304628803	0.003793138879027074
-999.0	715.0	-1.0749488395564612e-05	-1.0687666817605536e-08	-7.482653822979837	-1.2126370461796019	0.0031710019370457115
-999.0	690.0	-8.742107658992485e-06	-1.158678443664508e-08	-6.821177646149853	-0.8399603589047469	0.002237361923034315
-999.0	665.0	-7.391601594277197e-06	-1.1050066511374361e-08	-6.132836377225201	-0.5299489681069119	0.0011235265219595053
-999.0	640.0	-6.450154139983802e-06	-9.811356477383068e-09	-5.632870549405085	-0.2449755456563584	-3.1101677834736575e-05
-999.0	615.0	-5.7412458790348066e-06	-8.295052133207838e-09	-5.40914485097668	0.012334976169909896	-0.0011053174525109581
-999.0	590.0	-5.238488555194621e-06	-7.0303667489844226e-09	-5.3834254171377305	0.22730566862604393	-0.0020453665182676812
-999.0	565.0	-5.175937799527206e-06	-6.193773214336938e-09	-5.56955925733953	0.38181442146497224	-0.0028961198102124912
-999.0	540.0	-5.765831441516663e-06	-5.464113779672767e-09	-5.8512095497736905	0.4606357363087014	-0.0036935980375741046
-999.0	515.0	-6.895866819122691e-06	-4.519494092720982e-09	-6.192307604821717	0.4347959092565218	-0.0044441034573901575
-999.0	490.0	-7.968204362165266e-06	-3.726613399914706e-09	-6.467670366834869	0.2758456264381104	-0.00517359549941492
-999.0	465.0	-8.756301141584866e-06	-3.200835393021156e-09	-6.627563962781857	-0.021868629130973802	-0.005937123255283317
-999.0	440.0	-9.158806371839204e-06	-2.9228400151704116e-09	-6.6841001533615625	-0.3341287120452222	-0.006746924017664214
-999.0	415.0	-9.257281986377455e-06	-2.8981411379465942e-09	-6.613029482739936	-0.5884120784193841	-0.0075312215307634595
-999.0	390.0	-8.4545768400795e-06	-2.7026640715492133e-09	-6.3760141218885895	-0.6744826180101386	-0.008183747524644215
-999.0	365.0	-6.312050173507532e-06	-2.4317647484167264e-09	-5.913558626340485	-0.5367262735962784	-0.008604043647805624
-999.0	340.0	-3.886308386650947e-06	-1.8342343875218232e-09	-5.15469726368232	-0.20850099807168593	-0.008785450116395914
-999.0	315.0	-1.97240237299213e-06	-1.167343669753628e-09	-4.142699078771695	0.2794975648198491	-0.00885122602437309
-999.0	290.0	-7.86981568892662e-07	-5.655856190099644e-10	-3.1668504343172383	0.8336152320290549	-0.00896157990596535
-999.0	265.0	-2.2202260285643598e-07	-1.2958316530463042e-10	-2.3681287722730646	1.4248102797557258	-0.009213879596826504
-999.0	240.0	6.016761845269767e-07	5.407959746558622e-11	-1.7190324498086917	2.07975712584123	-0.009536364036722261
-999.0	215.0	2.0340053682108645e-06	1.4035948773466867e-10	-1.0661208706556489	2.7033802242374674	-0.00962339234258939
-999.0	190.0	2.9227914609946184e-06	8.581719350272121e-11	-0.07650877393911791	2.9470672345271907	-0.008983820244600616
-999.0	165.0	2.156042626664178e-06	2.218860415492911e-11	1.3718671345233402	2.437658662735334	-0.007015752407207685
-999.0	140.0	3.2245008281228416e-06	1.7425009466669485e-12	2.3212326406329824	1.486099157932275	-0.0037620822462986537
-999.0	115.0	2.4974160826587025e-06	9.75333763845985e-13	2.6359978076071378	0.8097637246052888	-0.0010697041500803276
-999.0	90.0	2.626309942771025e-06	4.577684263201976e-13	4.1533647268826925	0.4368648761826154	-9.960427996168313e-08
-999.0	65.0	-3.3500306019220517e-06	0.0	1.2620108083902406	0.22977715213265615	0.0
-999.0	40.0	-3.2513359872478693e-06	0.0	-8.687968337609433	0.0924849370724301	0.0
-999.0	15.0	1.7311225392289002e-06	0.0	-16.9829121093369	0.13198654710480986	0.0
244.375	40	1004.034932454427	day	levels	pres0
-999.0	990.0	-1.310751518309346e-05	5.1353669469891516e-09	-2.694868094391293	-0.6766458664917283	0.0003199437286202201
-999.0	965.0	-2.3176857970229547e-05	7.382084886445722e-09	-4.630070800582568	-1.3182902100702951	0.0006963586998558397
-999.0	940.0	-2.40267971875491e-05	5.270957082285787e-09	-5.86702453262276	-1.928231170607938	0.0008450291864709554
-999.0	915.0	-2.5693782896987734e-05	5.724461472799491e-09	-6.6893314189381075	-2.4924523226088953	0.001005337145103643
-999.0	890.0	-2.7113652674561765e-05	6.325013325104121e-09	-7.261895835399628	-2.916221501098739	0.0013648354655519633
-999.0	865.0	-2.7792497802479767e-05	7.78312431723154e-09	-7.7266508142153425	-3.1429996738831205	0.0019512089760071532
-999.0	840.0	-2.6399137417751334e-05	7.829349689231611e-09	-8.130299727121988	-3.1560302840338816	0.002640976547521363
-999.0	815.0	-2.3424509412574546e-05	4.938232610404583e-09	-8.425913585556877	-2.9613733275069127	0.00326237871419808
-999.0	790.0	-2.0481410585803752e-05	1.2704054142325473e-09	-8.543993002838558	-2.5843853829428554	0.0036720568950889465
-999.0	765.0	-1.7148444564139217e-05	-3.237600979412457e-09	-8.445924904611376	-2.0928080003294682	0.003766317562167258
-999.0	740.0	-1.3686538829157747e-05	-7.659066501488537e-09	-8.063976504736475	-1.6047708633252313	0.0034825389352261486
-999.0	715.0	-1.0852536601934257e-05	-1.0676545015159692e-08	-7.459106690353817	-1.174814026388857	0.002827343351830801
-999.0	690.0	-8.921261221446373e-06	-1.1605472106038862e-08	-6.79390628553099	-0.7975879203942087	0.001871815656921214
-999.0	665.0	-7.666774298190888e-06	-1.1123834891703962e-08	-6.104681065513028	-0.48421775456517935	0.0007495978436555786
-999.0	640.0	-6.8352574246855065e-06	-9.914118052193644e-09	-5.609675606091818	-0.1981846048600144	-0.00040248729312870207
-999.0	615.0	-6.262860627396516e-06	-8.375716749952392e-09	-5.397977857126129	0.056952974991872914	-0.0014722302942802613
-999.0	590.0	-5.857512210409536e-06	-7.08191577606708e-09	-5.384408733910984	0.2664253713252644	-0.002411467892341539
-999.0	565.0	-5.818911559339382e-06	-6.218501837815613e-09	-5.580788798216315	0.4117530746281976	-0.0032637507877832524
-999.0	540.0	-6.394526464174742e-06	-5.4768263074902835e-09	-5.86864469655686	0.48075798919631374	-0.004062619366643292
-999.0	515.0	-7.488624746824994e-06	-4.5200197676837705e-09	-6.2106302219132585	0.4454805196663882	-0.004812033563077898
-999.0	490.0	-8.532102198202023e-06	-3.681981060826393e-09	-6.48282382885615	0.2790649208343692	-0.005536844163651602
-999.0	465.0	-9.293032437850389e-06	-3.1151076360895974e-09	-6.636108947296936	-0.023587203274170646	-0.00629243092598579
-999.0	440.0	-9.699792967301529e-06	-2.8202202796550136e-09	-6.6868510606388245	-0.3396677258941862	-0.007090848701201713
-999.0	415.0	-9.829771507712493e-06	-2.7925131291093196e-09	-6.612359995643297	-0.596158942233564	-0.007859270305696463
-999.0	390.0	-9.034547486262004e-06	-2.6155339841307633e-09	-6.3740455913874845	-0.6800320837646723	-0.008490524873089796
-999.0	365.0	-6.872222016502263e-06	-2.379341917337935e-09	-5.912664375371402	-0.5350825854887565	-0.008883871475382811
-999.0	340.0	-4.416465296490509e-06	-1.8120854278611572e-09	-5.157469408379661	-0.19819976482540377	-0.009031190826160397
-999.0	315.0	-2.4807206383779825e-06	-1.1672290373907245e-09	-4.152549398028189	0.2973511130807713	-0.009053255465665436
-999.0	290.0	-1.2917143154751374e-06	-5.707071508463685e-10	-3.1886179103619523	0.854716803878546	-0.009112168319324078
-999.0	265.0	-7.449346325032553e-07	-1.3388999254127637e-10	-2.406211521890428	1.4434714761219862	-0.009314528965137452
-999.0	240.0	2.812738347091466e-08	5.280061952676694e-11	-1.7729905181460912	2.0908626193801556	-0.009599873001916816
-999.0	215.0	1.4090738913193804e-06	1.3915059090872945e-10	-1.1299886422024834	2.7020561219089565	-0.009662802687417411
-999.0	190.0	2.2821012923183537e-06	8.186746785168558e-11	-0.14415075133244193	2.930530506807069	-0.009000640603556116
-999.0	165.0	1.536206617868034e-06	2.1073787612845026e-11	1.2988407355215814	2.4101240924663014	-0.007013723617182736
-999.0	140.0	2.550356719573891e-06	1.5231079690759114e-12	2.241786591087779	1.452526511406177	-0.00375160595861733
-999.0	115.0	1.7938403417011379e-06	8.959371158822211e-13	2.5677230511274596	0.7751536990205447	-0.0010675593105771558
-999.0	90.0	1.880432824736438e-06	4.1632398166076865e-13	4.117486322091685	0.4170297330646361	-6.917163752752722e-08
-999.0	65.0	-3.924728599362604e-06	0.0	1.2490775320265028	0.2309146059883967	0.0
-999.0	40.0	-3.5981181146645996e-06	0.0	-8.697828437719082	0.10216971393674612	0.0
-999.0	15.0	1.8487758302118306e-06	0.0	-17.000408025251495	0.13939948141988784	0.0
244.38888888888889	40	1004.2641343481747	day	levels	pres0
-999.0	990.0	-1.14585524466417e-05	4.918415646597365e-09	-2.7017168443259103	-0.6856414914090951	0.00032505133494704387
-999.0	965.0	-2.1726718410051583e-05	7.159885804986981e-09	-4.6390910425258	-1.3283804151471041	0.0006920976307086116
-999.0	940.0	-2.299200272665339e-05	5.212611560639353e-09	-5.898801009044262	-1.9463682441891752	0.0008162359007586419
-999.0	915.0	-2.4861028228789438e-05	5.66922696473752e-09	-6.733059381997175	-2.517302993455056	0.0009341223101386784
-999.0	890.0	-2.623973741829685e-05	5.815725177762016e-09	-7.301693118280859	-2.9408383186860667	0.0012446632070628155
-999.0	865.0	-2.680985519882156e-05	6.918555030985571e-09	-7.753601279523647	-3.160862494765987	0.001784120262587696
-999.0	840.0	-2.53432955856673e-05	6.848853316210449e-09	-8.143229924602268	-3.164192853518484	0.0024322804309906587
-999.0	815.0	-2.234317092269584e-05	4.027878102730767e-09	-8.427284264270153	-2.958329372935833	0.0030227226416850057
-999.0	790.0	-1.9404415736824973e-05	5.399619719043788e-10	-8.53673707629425	-2.5698926497572714	0.003417797375329719
-999.0	765.0	-1.6168725132045337e-05	-3.6457041799979456e-09	-8.43271843813081	-2.0678696542932142	0.003517015695193251
-999.0	740.0	-1.2792969503173732e-05	-7.852813342865215e-09	-8.045535419090264	-1.572188115437245	0.003258838770035736
-999.0	715.0	-9.995769912086667e-06	-1.086574867541841e-08	-7.4354604240736535	-1.1369351616795749	0.002650571265192699
-999.0	690.0	-8.139557689644796e-06	-1.1794591270297505e-08	-6.766627615041726	-0.7553286648147974	0.0017639280101251784
-999.0	665.0	-6.99069324109625e-06	-1.1332768558476253e-08	-6.076583200582725	-0.43874324388497726	0.0007319435226685307
-999.0	640.0	-6.2750035758599544e-06	-1.0135154907265821e-08	-5.586561691383869	-0.1517405960777303	-0.00031350177927709657
-999.0	615.0	-5.8413213802389035e-06	-8.573134685799147e-09	-5.38687613896197	0.1011926605838068	-0.0012704285052818221
-999.0	590.0	-5.541757000947066e-06	-7.244326690443353e-09	-5.385431022003849	0.305177974020297	-0.00209731909386848
-999.0	565.0	-5.5475853645754444e-06	-6.336822720715601e-09	-5.592016129995953	0.44138398243801175	-0.002837295805083918
-999.0	540.0	-6.154134641176269e-06	-5.551680778196995e-09	-5.886034743607435	0.5006235330193274	-0.0035220914164148026
-999.0	515.0	-7.278156255270275e-06	-4.539253823916851e-09	-6.228862171739735	0.45596620185806913	-0.0041528368676091425
-999.0	490.0	-8.352392315030953e-06	-3.635108938529331e-09	-6.497882815146911	0.28210573533066474	-0.004754049779843482
-999.0	465.0	-9.122600008264709e-06	-3.032229464192127e-09	-6.644604290157203	-0.025498468566833576	-0.0053840553467708885
-999.0	440.0	-9.548801160481417e-06	-2.7281988096309675e-09	-6.689570519869098	-0.34543175176707214	-0.00605711268564949
-999.0	415.0	-9.719620269986228e-06	-2.6979560448841444e-09	-6.611656452350923	-0.6041891723928894	-0.0067021867311289575
-999.0	390.0	-8.941908082706975e-06	-2.5385645857977152e-09	-6.372054813590689	-0.6858855145897325	-0.007215070297343071
-999.0	365.0	-6.7651652928541285e-06	-2.337803552513233e-09	-5.911773588738333	-0.5337235961845344	-0.007499612116513594
-999.0	340.0	-4.273751274936429e-06	-1.7998772817813834e-09	-5.16025611765132	-0.1881453589892647	-0.007550514377806873
-999.0	315.0	-2.3113070288991677e-06	-1.1738931397298224e-09	-4.1624177338348645	0.31500456529889564	-0.007489876803506152
-999.0	290.0	-1.1402312487721264e-06	-5.801543312561213e-10	-3.2104013103325126	0.8756589083760116	-0.0074853667120493
-999.0	265.0	-6.600289890168058e-07	-1.3768964345717306e-10	-2.4443072676659057	1.4620102955068897	-0.007658660889758112
-999.0	240.0	-1.799214049401682e-08	5.420802646619621e-11	-1.8269674099844422	2.10186053610144	-0.007970896701504648
-999.0	215.0	1.232991580040453e-06	1.380751689853934e-10	-1.1938713301479837	2.700624343674681	-0.008131477845834002
-999.0	190.0	2.0618385134523077e-06	7.777111162982088e-11	-0.211778258467981	2.9138836053970323	-0.007648334546006715
-999.0	165.0	1.3797384538574448e-06	2.0110774892254052e-11	1.2258473620921515	2.3824637511638516	-0.005961098463592727
-999.0	140.0	2.449772708080103e-06	1.2611304909011829e-12	2.162330327348471	1.4188002772344308	-0.0031883571975874206
-999.0	115.0	1.7613657000116745e-06	7.756804355085919e-13	2.4994409007053933	0.7405165222380997	-0.0009392162303192828
-999.0	90.0	1.9187618037258634e-06	3.4130570543547744e-13	4.081607441958234	0.39719337125501625	-4.365508717923649e-08
-999.0	65.0	-3.624895618862713e-06	0.0	1.2361448732331117	0.23205210331735485	0.0
-999.0	40.0	-3.19804995054321e-06	0.0	-8.707688314863205	0.1118545162227191	0.0
-999.0	15.0	1.9794728434913385e-06	0.0	-17.017902921563334	0.14681241712512272	0.0
244.40277777777777	40	1004.4933362419223	day	levels	pres0
-999.0	990.0	-9.809589710193292e-06	4.7014643462060296e-09	-2.708565594260523	-0.6946371163264528	0.0003301580270555892
-999.0	965.0	-2.027657884987582e-05	6.937686723528671e-09	-4.6481112844690085	-1.3384706202239023	0.0006878382659806998
-999.0	940.0	-2.195720826575908e-05	5.154266038993303e-09	-5.930577485465696	-1.9645053177703968	0.0007874529765368711
-999.0	915.0	-2.402827356059255e-05	5.613992456676207e-09	-6.776787345056162	-2.542153664301198	0.0008629303877489349
-999.0	890.0	-2.536582216203365e-05	5.306437030421804e-09	-7.341490401162025	-2.965455136273368	0.0011245262809002655
-999.0	865.0	-2.5827212595165327e-05	6.053985744742368e-09	-7.780551744831921	-3.178725315648824	0.0016170781685104173
-999.0	840.0	-2.4287453753585398e-05	5.868356943192317e-09	-8.156160122082552	-3.1723554230030624	0.0022236392015891828
-999.0	815.0	-2.1261832432819258e-05	3.1175235950597677e-09	-8.428654942983458	-2.9552854183647357	0.002783124707429558
-999.0	790.0	-1.8327420887848163e-05	-1.9048147042169885e-10	-8.529481149749994	-2.5553999165716954	0.003163596444018909
-999.0	765.0	-1.5189005699953188e-05	-4.053807380582325e-09	-8.419511971650303	-2.042931308256999	0.003267766990807213
-999.0	740.0	-1.1899400177191402e-05	-8.046560184241314e-09	-8.027094333444122	-1.5396053675493278	0.0030351808846389864
-999.0	715.0	-9.139003222240878e-06	-1.1054952335676378e-08	-7.411814157793561	-1.0990562969703874	0.0024738272920882855
-999.0	690.0	-7.357854157844953e-06	-1.1983710434555186e-08	-6.73934894455253	-0.7130694092355009	0.0016560543138535932
-999.0	665.0	-6.314612184003102e-06	-1.1541702225247322e-08	-6.048485335652488	-0.3932687332049015	0.0007142909963446051
-999.0	640.0	-5.714749727035538e-06	-1.0356191762336726e-08	-5.563447776675968	-0.10529658729557374	-0.00022452302373756063
-999.0	615.0	-5.419782133081967e-06	-8.770552621644856e-09	-5.37577442079783	0.14543234617562467	-0.0010686375240177843
-999.0	590.0	-5.2260017914849304e-06	-7.4067376048187825e-09	-5.386453310096706	0.3439305767152346	-0.0017831843332459618
-999.0	565.0	-5.276259169811715e-06	-6.4551436036149315e-09	-5.603243461775555	0.47101489024776044	-0.002410863097984122
-999.0	540.0	-5.913742818177945e-06	-5.626535248903194e-09	-5.903424790657957	0.5204890768423054	-0.002981597053573529
-999.0	515.0	-7.067687763715686e-06	-4.558487880149549e-09	-6.247094121566149	0.4664518840497411	-0.0034936866689256442
-999.0	490.0	-8.172682431859978e-06	-3.588236816232165e-09	-6.512941801437617	0.2851465498269705	-0.003971315423498672
-999.0	465.0	-8.9521675786791e-06	-2.949351292294877e-09	-6.653099633017437	-0.02740973385947592	-0.004475751649160179
-999.0	440.0	-9.397809353661265e-06	-2.6361773396072977e-09	-6.692289979099352	-0.35119577763992826	-0.005023455511089943
-999.0	415.0	-9.609469032259714e-06	-2.603398960659396e-09	-6.610952909058534	-0.612219402552177	-0.0055451813683036226
-999.0	390.0	-8.849268679151626e-06	-2.461595187465025e-09	-6.370064035793883	-0.6917389454147593	-0.005939688560027835
-999.0	365.0	-6.6581085692057976e-06	-2.2962651876887398e-09	-5.9108828021052435	-0.532364606880298	-0.00611542082503441
-999.0	340.0	-4.131037253382369e-06	-1.7876691357017164e-09	-5.163042826922953	-0.17809095315313925	-0.0060699136985135375
-999.0	315.0	-2.141893419420573e-06	-1.180557242068953e-09	-4.172286069641507	0.3326580175169772	-0.005926601873561587
-999.0	290.0	-9.88748182069364e-07	-5.896015116658691e-10	-3.2321847103030144	0.8966010128734181	-0.0058587153047456025
-999.0	265.0	-5.751233455305198e-07	-1.414892943730536e-10	-2.482403013441284	1.4805491148917362	-0.0060029972604100125
-999.0	240.0	-6.411166445896426e-08	5.561543340564759e-11	-1.8809443018226515	2.112858452822687	-0.006342148489685889
-999.0	215.0	1.0569092687615808e-06	1.3699974706207635e-10	-1.2577540180933087	2.6991925654403963	-0.006600338755819758
-999.0	190.0	1.8415757345862808e-06	7.367475540796637e-11	-0.2794057656033285	2.8972367039870197	-0.006296131799327196
-999.0	165.0	1.2232702898468107e-06	1.91477621716654e-11	1.1528539886629425	2.3548034098614528	-0.004908516074604249
-999.0	140.0	2.34918869658634e-06	9.99153012726863e-13	2.0828740636094074	1.3850740430627706	-0.002625110748236541
-999.0	115.0	1.7288910583222368e-06	6.554237551351806e-13	2.4311587502835263	0.7058793454557584	-0.0008108609334449453
-999.0	90.0	1.957090782715083e-06	2.662874292103415e-13	4.04572856182487	0.3773570094454559	-1.8132995967809346e-08
-999.0	65.0	-3.325062638363743e-06	0.0	1.2232122144397461	0.2331896006463109	0.0
-999.0	40.0	-2.7979817864229968e-06	0.0	-8.717548192007301	0.12153931850865926	0.0
-999.0	15.0	2.110169856770402e-06	0.0	-17.035397817875122	0.15422535283033562	0.0
244.41666666666666	40	1004.7225381356699	day	levels	pres0
-999.0	990.0	-8.160626973741245e-06	4.484513045814136e-09	-2.715414344195143	-0.703632741243825	0.0003352638048870239
-999.0	965.0	-1.882643928969749e-05	6.715487642069801e-09	-4.657131526412243	-1.348560825300718	0.0006835806056735003
-999.0	940.0	-2.0922413804863118e-05	5.095920517346771e-09	-5.962353961887206	-1.9826423913516433	0.0007586804136145404
-999.0	915.0	-2.3195518892394144e-05	5.558757948614118e-09	-6.820515308115242	-2.5670043351473693	0.0007917613774652785
-999.0	890.0	-2.4491906905768626e-05	4.797148883079482e-09	-7.381287684043268	-2.990071953860704	0.0010044246864531596
-999.0	865.0	-2.4844569991506933e-05	5.189416458496085e-09	-7.807502210140235	-3.196588136531696	0.0014500826933052761
-999.0	840.0	-2.3231611921501122e-05	4.8878605701708e-09	-8.169090319562837	-3.1805179924876676	0.0020150528593536774
-999.0	815.0	-2.0180493942940294e-05	2.2071690873856264e-09	-8.430025621696743	-2.9522414637936523	0.0025435849120598146
-999.0	790.0	-1.725042603886913e-05	-9.209249127501399e-10	-8.522225223205687	-2.540907183386107	0.0029094541019216323
-999.0	765.0	-1.4209286267859073e-05	-4.461910581168034e-09	-8.406305505169744	-2.017992962220741	0.0030185714492146857
-999.0	740.0	-1.1005830851207183e-05	-8.240307025618146e-09	-8.00865324779791	-1.5070226196613363	0.002811565278659106
-999.0	715.0	-8.282236532393125e-06	-1.1244155995935163e-08	-7.388167891513401	-1.0611774322611	0.0022971114320278273
-999.0	690.0	-6.576150626043249e-06	-1.217282959881382e-08	-6.712070274063265	-0.670810153656083	0.0015481945678563081
-999.0	665.0	-5.638531126908361e-06	-1.1750635892019535e-08	-6.020387470722183	-0.3477942225246915	0.000696640264658121
-999.0	640.0	-5.154495878209897e-06	-1.0577228617408818e-08	-5.54033386196802	-0.05885257851328053	-0.00013555102644929065
-999.0	615.0	-4.998242885924276e-06	-8.967970557491557e-09	-5.36467270263367	0.18967203176756828	-0.00086685735046256
-999.0	590.0	-4.9102465820223886e-06	-7.569148519195015e-09	-5.387475598189572	0.3826831794102764	-0.0014690636104791686
-999.0	565.0	-5.004932975047704e-06	-6.573464486514874e-09	-5.614470793555191	0.5006457980575827	-0.0019844526663768776
-999.0	540.0	-5.673350995179387e-06	-5.701389719609869e-09	-5.920814837708534	0.5403546206653255	-0.0024411362778399438
-999.0	515.0	-6.857219272160871e-06	-4.5777219363826066e-09	-6.265326071392624	0.47693756624142647	-0.0028345829665604285
-999.0	490.0	-7.992972548688805e-06	-3.5413646939350854e-09	-6.528000787728379	0.28818736432326963	-0.0031886410939779408
-999.0	465.0	-8.781735149093321e-06	-2.8664731203973997e-09	-6.661594975877701	-0.029320999152136193	-0.0035675198324307427
-999.0	440.0	-9.246817546841058e-06	-2.5441558695832557e-09	-6.695009438329623	-0.35695980351281154	-0.00398987717681266
-999.0	415.0	-9.499317794533344e-06	-2.508841876434229e-09	-6.610249365766157	-0.6202496327114991	-0.004388254216595777
-999.0	390.0	-8.756629275596499e-06	-2.3846257891319864e-09	-6.368073257997084	-0.6975923762398157	-0.00466437966064772
-999.0	365.0	-6.551051845557595e-06	-2.254726822864047e-09	-5.909992015472169	-0.5310056175760719	-0.004731297600554754
-999.0	340.0	-3.988323231828255e-06	-1.7754609896219566e-09	-5.165829536194608	-0.1680365473169968	-0.004589388787903608
-999.0	315.0	-1.972479809941748e-06	-1.1872213444080678e-09	-4.182154405448182	0.35031146973510296	-0.004363430675398459
-999.0	290.0	-8.372651153663498e-07	-5.990486920756322e-10	-3.253968110273577	0.9175431173708832	-0.004232214096921707
-999.0	265.0	-4.902177020440811e-07	-1.4528894528895265e-10	-2.5204987592167654	1.4990879342766363	-0.004347538076601997
-999.0	240.0	-1.1023118842394408e-07	5.702284034507672e-11	-1.9349211936610093	2.123856369543968	-0.004713628366129306
-999.0	215.0	8.808269574825419e-07	1.3592432513873757e-10	-1.3216367060388172	2.697760787206116	-0.005069385417243632
-999.0	190.0	1.6213129557200967e-06	6.957839918609901e-11	-0.3470332727388738	2.8805898025769783	-0.0049440323634782355
-999.0	165.0	1.0668021258361353e-06	1.8184749451074012e-11	1.0798606152335115	2.3271430685589984	-0.0038559764502066355
-999.0	140.0	2.248604685092522e-06	7.371755345520903e-13	2.0034177998701	1.3513478088910222	-0.002061866610562023
-999.0	115.0	1.696416416632763e-06	5.35167074761547e-13	2.3628765998614574	0.671242168673314	-0.000682493419953615
-999.0	90.0	1.9954197617044968e-06	1.9126915298502434e-13	4.009849681691414	0.3575206476358398	7.394636106563785e-09
-999.0	65.0	-3.025229657863851e-06	0.0	1.2102795556463501	0.23432709797527518	0.0
-999.0	40.0	-2.397913622301587e-06	0.0	-8.72740806915143	0.13122412079463508	0.0
-999.0	15.0	2.2408668700499117e-06	0.0	-17.052892714186967	0.16163828853557077	0.0
244.43055555555554	40	1004.9517400294172	day	levels	pres0
-999.0	990.0	-6.511664237292842e-06	4.267561745422799e-09	-2.7222630941297563	-0.7126283661611826	0.0003403686683824415
-999.0	965.0	-1.7376299729521724e-05	6.493288560611495e-09	-4.666151768355452	-1.3586510303775163	0.0006793246497883796
-999.0	940.0	-1.9887619343968815e-05	5.037574995700722e-09	-5.9941304383086385	-2.0007794649328643	0.0007299182118006653
-999.0	915.0	-2.2362764224197248e-05	5.503523440552802e-09	-6.864243271174231	-2.591855005993509	0.0007206152788190193
-999.0	890.0	-2.361799164950543e-05	4.287860735739269e-09	-7.421084966924433	-3.0146887714480064	0.0008843584231112579
-999.0	865.0	-2.3861927387850705e-05	4.3248471722528814e-09	-7.834452675448508	-3.2144509574145337	0.0012831338365036963
-999.0	840.0	-2.2175770089419215e-05	3.907364197152665e-09	-8.18202051704312	-3.1886805619722454	0.001806521404322937
-999.0	815.0	-1.909915545306371e-05	1.2968145797146309e-09	-8.431396300410052	-2.9491975092225577	0.002304103256206353
-999.0	790.0	-1.6173431189892327e-05	-1.651368355076217e-09	-8.514969296661434	-2.526414450200532	0.0026553703498057575
-999.0	765.0	-1.3229566835766928e-05	-4.870013781752413e-09	-8.393099038689238	-1.9930546161845266	0.0027694290706239853
-999.0	740.0	-1.011226152522485e-05	-8.434053866994237e-09	-7.990212162151767	-1.474439871773418	0.0025879919517217847
-999.0	715.0	-7.425469842547339e-06	-1.1433359656193131e-08	-7.364521625233306	-1.023298567551913	0.0021204236845235097
-999.0	690.0	-5.794447094243401e-06	-1.2361948763071501e-08	-6.68479160357407	-0.6285508980767867	0.0014403487718843719
-999.0	665.0	-4.962450069815209e-06	-1.19595695587906e-08	-5.992289605791947	-0.3023197118446157	0.0006789913275836647
-999.0	640.0	-4.594242029385481e-06	-1.0798265472479726e-08	-5.517219947260122	-0.012408569731123989	-4.6585787352317135e-05
-999.0	615.0	-4.576703638767339e-06	-9.165388493337266e-09	-5.3535709844695285	0.23391171735938612	-0.0006650879845925694
-999.0	590.0	-4.594491372560253e-06	-7.731559433570441e-09	-5.388497886282426	0.4214357821052141	-0.0011549569255764748
-999.0	565.0	-4.733606780283973e-06	-6.691785369414205e-09	-5.625698125334792	0.5302767058673312	-0.0015580645101595802
-999.0	540.0	-5.432959172181065e-06	-5.776244190316067e-09	-5.938204884759054	0.5602201644883033	-0.0019007090889401328
-999.0	515.0	-6.6467507806062785e-06	-4.5969559926153035e-09	-6.28355802121904	0.48742324843309826	-0.002175525760053435
-999.0	490.0	-7.81326266551783e-06	-3.4944925716379203e-09	-6.543059774019087	0.29122817881957536	-0.0024060267906503507
-999.0	465.0	-8.611302719507708e-06	-2.7835949485001497e-09	-6.670090318737932	-0.03123226444477864	-0.0026593598958694065
-999.0	440.0	-9.095825740020904e-06	-2.4521343995595855e-09	-6.697728897559876	-0.3627238293856677	-0.0029563776821184746
-999.0	415.0	-9.389166556806829e-06	-2.41428479220948e-09	-6.60954582247377	-0.6282798628707869	-0.0032314052753934304
-999.0	390.0	-8.663989872041155e-06	-2.3076563907992956e-09	-6.366082480200276	-0.7034458070648426	-0.003389143598720291
-999.0	365.0	-6.4439951219092645e-06	-2.2131884580395543e-09	-5.909101228839079	-0.5296466282718352	-0.003347242442698937
-999.0	340.0	-3.845609210274196e-06	-1.7632528435422898e-09	-5.168616245466243	-0.1579821414808715	-0.0031089396456156927
-999.0	315.0	-1.8030662004631535e-06	-1.1938854467471982e-09	-4.192022741254824	0.36796492195318475	-0.0028003632085992
-999.0	290.0	-6.85782048663588e-07	-6.084958724853801e-10	-3.2757515102440777	0.93848522186829	-0.0026058630881022316
-999.0	265.0	-4.0531205855779435e-07	-1.490885962048332e-10	-2.5585945049921435	1.5176267536614834	-0.0026922833378586536
-999.0	240.0	-1.5635071238889263e-07	5.843024728452806e-11	-1.9888980854992184	2.134854286265214	-0.003085336330518878
-999.0	215.0	7.047446462036677e-07	1.3484890321542053e-10	-1.385519393984143	2.696329008971832	-0.0035386178299887665
-999.0	190.0	1.4010501768540713e-06	6.548204296424447e-11	-0.4146607798742217	2.8639429011669635	-0.0035920362384330275
-999.0	165.0	9.103339618255009e-07	1.722173673048535e-11	1.0068672418043014	2.299482727256601	-0.0028034795903991013
-999.0	140.0	2.148020673598759e-06	4.751980563777702e-13	1.923961536131037	1.3176215747193618	-0.001498624784566465
-999.0	115.0	1.6639417749433247e-06	4.149103943881355e-13	2.294594449439589	0.6366049918909726	-0.0005541136898458697
-999.0	90.0	2.0337487406937173e-06	1.1625087675988848e-13	3.9739708015580506	0.3376842858262796	3.29278090439669e-08
-999.0	65.0	-2.7253966773648814e-06	0.0	1.197346896852984	0.235464595304231	0.0
-999.0	40.0	-1.9978454581813736e-06	0.0	-8.737267946295523	0.14090892308057532	0.0
-999.0	15.0	2.3715638833289756e-06	0.0	-17.07038761049876	0.16905122424078367	0.0
244.44444444444446	40	1005.1809419231653	day	levels	pres0
-999.0	990.0	-4.862701500840287e-06	4.050610445031e-09	-2.729111844064365	-0.7216239910785489	0.0003454726174830283
-999.0	965.0	-1.5926160169342968e-05	6.2710894791527225e-09	-4.675172010298685	-1.3687412354543276	0.0006750703983267392
-999.0	940.0	-1.885282488307247e-05	4.979229474054358e-09	-6.025906914730148	-2.018916538514112	0.0007011663709041222
-999.0	915.0	-2.1530009555998427e-05	5.4482889324909874e-09	-6.9079712342333135	-2.6167056768396857	0.0006494920913409602
-999.0	890.0	-2.2744076393240035e-05	3.778572588397237e-09	-7.460882249805684	-3.039305589035349	0.0007643274902633377
-999.0	865.0	-2.28792847841921e-05	3.460277886006875e-09	-7.861403140756835	-3.232313778297411	0.0011162315976355943
-999.0	840.0	-2.111992825733488e-05	2.926867824131478e-09	-8.194950714523415	-3.196843131456854	0.0015980448365336907
-999.0	815.0	-1.8017816963184684e-05	3.864600720407892e-10	-8.432766979123336	-2.946153554651475	0.0020646797404972224
-999.0	790.0	-1.5096436340913138e-05	-2.3818117974044746e-09	-8.507713370117132	-2.5119217170149417	0.002401345188436383
-999.0	765.0	-1.2249847403672627e-05	-5.2781169823379e-09	-8.379892572208675	-1.968116270148263	0.0025203398552406946
-999.0	740.0	-9.218692199240455e-06	-8.627800708370825e-09	-7.971771076505547	-1.4418571238854225	0.00236446090345028
-999.0	715.0	-6.56870315269943e-06	-1.1622563316451768e-08	-7.34087535895313	-0.9854197028426239	0.0019437640490856365
-999.0	690.0	-5.012743562441582e-06	-1.2551067927330057e-08	-6.657512933084786	-0.58629164249737	0.0013325169256877285
-999.0	665.0	-4.286369012720387e-06	-1.2168503225562803e-08	-5.964191740861621	-0.25684520116440857	0.0006613441850957138
-999.0	640.0	-4.0339881805597725e-06	-1.1019302327551818e-08	-5.494106032552154	0.03403543905116563	4.237269361435979e-05
-999.0	615.0	-4.155164391609577e-06	-9.362806429183975e-09	-5.342469266305358	0.278151402951326	-0.0004633294263820054
-999.0	590.0	-4.27873616309763e-06	-7.893970347946695e-09	-5.389520174375286	0.46018838480025204	-0.0008408642785428288
-999.0	565.0	-4.462280585519884e-06	-6.810106252314193e-09	-5.636925457114431	0.5599076136771488	-0.0011316986292249735
-999.0	540.0	-5.192567349182472e-06	-5.851098661022755e-09	-5.955594931809638	0.5800857083113183	-0.0013603154865942642
-999.0	515.0	-6.4362822890515014e-06	-4.6161900488482966e-09	-6.301789971045521	0.49790893062477914	-0.0015165150489373385
-999.0	490.0	-7.633552782346741e-06	-3.4476204493407613e-09	-6.558118760309852	0.2942689933158703	-0.0016234725128762783
-999.0	465.0	-8.440870289922016e-06	-2.700716776602635e-09	-6.678585661598204	-0.033143529737442515	-0.0017512718387528302
-999.0	440.0	-8.94483393320076e-06	-2.3601129295355253e-09	-6.70044835679015	-0.36848785525855443	-0.0019229570262965434
-999.0	415.0	-9.279015319080504e-06	-2.319727707984304e-09	-6.6088422791813946	-0.6363100930301122	-0.0020746345440714343
-999.0	390.0	-8.571350468486045e-06	-2.2306869924662517e-09	-6.364091702403481	-0.7092992378898993	-0.002113980373748689
-999.0	365.0	-6.33693839826101e-06	-2.171650093214853e-09	-5.908210442206009	-0.5282876389676028	-0.0019632553510759293
-999.0	340.0	-3.702895188719945e-06	-1.7510446974625108e-09	-5.171402954737903	-0.14792773564471623	-0.0016285662712724365
-999.0	315.0	-1.6336525909841503e-06	-1.200549549086278e-09	-4.201891077061504	0.38561837417132816	-0.0012373994727299348
-999.0	290.0	-5.342989819603991e-07	-6.179430528951211e-10	-3.2975349102146416	0.9594273263657751	-0.0009796622777952842
-999.0	265.0	-3.204064150711857e-07	-1.528882471207367e-10	-2.5966902507676255	1.5361655730464008	-0.0010372330436882167
-999.0	240.0	-2.0247023635370184e-07	5.983765422394655e-11	-2.0428749773375747	2.145852202986505	-0.0014572723825227699
-999.0	215.0	5.286623349248183e-07	1.3377348129208107e-10	-1.4494020819296465	2.6948972307375585	-0.0020080359939235698
-999.0	190.0	1.1807873979880503e-06	6.138568674238089e-11	-0.48228828700976617	2.8472959997569296	-0.002240143424151779
-999.0	165.0	7.538657978149196e-07	1.6258724009894648e-11	0.9338738683748571	2.271822385954156	-0.0017510254951706417
-999.0	140.0	2.04743666210504e-06	2.1322057820299505e-13	1.844505272391704	1.283895340547622	-0.0009353852702470337
-999.0	115.0	1.6314671332539403e-06	2.946537140144876e-13	2.2263122990174984	0.6019678151085285	-0.00042572174312114703
-999.0	90.0	2.072077719683216e-06	4.1232600534605605e-14	3.9380919214245815	0.3178479240166519	5.846652284420129e-08
-999.0	65.0	-2.425563696864856e-06	0.0	1.1844142380595861	0.236602092633181	0.0
-999.0	40.0	-1.5977772940598642e-06	0.0	-8.747127823439653	0.15059372536654755	0.0
-999.0	15.0	2.5022608966084015e-06	0.0	-17.0878825068106	0.17646415994602577	0.0
244.45833333333334	40	1005.4101438169128	day	levels	pres0
-999.0	990.0	-3.2137387643918136e-06	3.833659144639638e-09	-2.7359605939989735	-0.7306196159959059	0.0003505756521298707
-999.0	965.0	-1.4476020609167124e-05	6.048890397694353e-09	-4.684192252241888	-1.3788314405311286	0.0006708178512899197
-999.0	940.0	-1.781803042217813e-05	4.92088395240824e-09	-6.057683391151581	-2.0370536120953364	0.0006724248907339018
-999.0	915.0	-2.0697254887801534e-05	5.393054424429663e-09	-6.951699197292301	-2.641556347685829	0.0005783918145623764
-999.0	890.0	-2.187016113697689e-05	3.2692844410570483e-09	-7.500679532686849	-3.0639224066226527	0.0006443318872991364
-999.0	865.0	-2.189664218053592e-05	2.5957085997636583e-09	-7.888353606065107	-3.2501765991802514	0.000949375976232413
-999.0	840.0	-2.006408642525299e-05	1.946371451113298e-09	-8.207880912003697	-3.2050057009414337	0.0013896231560247662
-999.0	815.0	-1.6936478473308095e-05	-5.238944356302462e-10	-8.434137657836645	-2.9431096000803807	0.0018253143655629952
-999.0	790.0	-1.4019441491936313e-05	-3.112255239730567e-09	-8.500457443572879	-2.4974289838293666	0.0021473786185813174
-999.0	765.0	-1.1270127971580461e-05	-5.686220182922282e-09	-8.36668610572817	-1.94317792411205	0.002271303803273063
-999.0	740.0	-8.3251228732581e-06	-8.82154754974693e-09	-7.953329990859405	-1.4092743759975055	0.002140972133470152
-999.0	715.0	-5.711936462853629e-06	-1.1811766976709746e-08	-7.3172290926730374	-0.947540838133436	0.0017671325252261924
-999.0	690.0	-4.231040030641733e-06	-1.274018709158774e-08	-6.630234262595593	-0.5440323869180711	0.0012246990290171891
-999.0	665.0	-3.6102879556272423e-06	-1.2377436892333865e-08	-5.9360938759313875	-0.21137069048432863	0.0006436988371686158
-999.0	640.0	-3.4737343317353724e-06	-1.1240339182622716e-08	-5.470992117844258	0.08047944783332751	0.00013132441651046237
-999.0	615.0	-3.7336251444526695e-06	-9.560224365029674e-09	-5.33136754814122	0.32239108854314974	-0.0002615816758075494
-999.0	590.0	-3.962980953635527e-06	-8.056381262322117e-09	-5.390542462468145	0.4989409874951945	-0.0005267856693868705
-999.0	565.0	-4.190954390756179e-06	-6.928427135213513e-09	-5.648152788894034	0.5895385214869014	-0.0007053550234707122
-999.0	540.0	-4.952175526184154e-06	-5.925953131728945e-09	-5.97298497886016	0.5999512521342992	-0.0008199554705286801
-999.0	515.0	-6.225813797496894e-06	-4.635424105080991e-09	-6.3200219208719375	0.5083946128164529	-0.0008575508327523472
-999.0	490.0	-7.453842899175742e-06	-3.40074832704359e-09	-6.573177746600559	0.29730980781217775	-0.0008409782600250891
-999.0	465.0	-8.270437860336387e-06	-2.6178386047053856e-09	-6.687081004458434	-0.03505479503008308	-0.0008432556603682074
-999.0	440.0	-8.793842126380589e-06	-2.2680914595118626e-09	-6.703167816020403	-0.3742518811314084	-0.0008896152086481371
-999.0	415.0	-9.168864081353965e-06	-2.225170623759564e-09	-6.6081387358890025	-0.6443403231893972	-0.0009179420220183042
-999.0	390.0	-8.478711064930667e-06	-2.1537175941335693e-09	-6.362100924606672	-0.7151526687149224	-0.0008388899852510421
-999.0	365.0	-6.229881674612658e-06	-2.130111728390369e-09	-5.9073196555729215	-0.5269286496633625	-0.0005793363253106632
-999.0	340.0	-3.560181167165888e-06	-1.7388365513828563e-09	-5.174189664009538	-0.1378733298085874	-0.00014826866451307947
-999.0	315.0	-1.4642389815055672e-06	-1.207213651425422e-09	-4.211759412868146	0.4032718263894115	0.000325460532626274
-999.0	290.0	-3.8281591525764253e-07	-6.27390233304877e-10	-3.3193183101851447	0.9803694308631812	0.0006463883344739148
-999.0	265.0	-2.3550077158489743e-07	-1.5668789803662176e-10	-2.6347859965430045	1.5547043924312451	0.0006176128063841055
-999.0	240.0	-2.4858976031865846e-07	6.124506116339135e-11	-2.0968518691757834	2.1568501197077485	0.00017056347817440511
-999.0	215.0	3.525800236459095e-07	1.3269805936875796e-10	-1.51328476987497	2.693465452503273	-0.00047763990893182686
-999.0	190.0	9.605246191219893e-07	5.7289330520524537e-11	-0.5499157941451076	2.8306490983469175	-0.0008883539206082672
-999.0	165.0	5.97397633804299e-07	1.5295711289305635e-11	0.8608804949456577	2.244162044651759	-0.0006986141645208412
-999.0	140.0	1.9468526506113222e-06	-4.8756899971294413e-14	1.765049008652648	1.2501691063759637	-0.0003721480676064594
-999.0	115.0	1.5989924915645297e-06	1.7439703364109854e-13	2.158030148595629	0.5673306383261895	-0.00029731757978003774
-999.0	90.0	2.110406698672455e-06	-3.378567569053128e-14	3.9022130412912115	0.29801156220709374	8.40107775074188e-08
-999.0	65.0	-2.125730716365882e-06	0.0	1.171481579266216	0.2377395899621399	0.0
-999.0	40.0	-1.1977091299396602e-06	0.0	-8.756987700583748	0.16027852765249062	0.0
-999.0	15.0	2.632957909887423e-06	0.0	-17.105377403122386	0.18387709565124166	0.0
244.47222222222223	40	1005.6393457106601	day	levels	pres0
-999.0	990.0	-1.5647760279398354e-06	3.6167078442477696e-09	-2.742809343933598	-0.7396152409132786	0.00035567777226416786
-999.0	965.0	-1.3025881048988875e-05	5.826691316235546e-09	-4.693212494185127	-1.388921645607942	0.0006665670086793183
-999.0	940.0	-1.6783235961282206e-05	4.862538430761776e-09	-6.089459867573092	-2.0551906856765796	0.0006436937710988361
-999.0	915.0	-1.9864500219603113e-05	5.337819916367585e-09	-6.995427160351383	-2.6664070185319972	0.0005073144480139616
-999.0	890.0	-2.0996245880711818e-05	2.7599962937147054e-09	-7.540476815568095	-3.088539224209986	0.0005243716136072796
-999.0	865.0	-2.091399957687748e-05	1.731139313517392e-09	-7.91530407137342	-3.2680394200631198	0.0007825669718239126
-999.0	840.0	-1.900824459316869e-05	9.658750780918225e-10	-8.220811109483986	-3.2131682704260367	0.0011812563628327381
-999.0	815.0	-1.585513998342914e-05	-1.4342489433043513e-09	-8.435508336549924	-2.9400656455092955	0.0015860071320315202
-999.0	790.0	-1.2942446642957297e-05	-3.842698682058993e-09	-8.49320151702857	-2.4829362506437773	0.0018934706410054446
-999.0	765.0	-1.029040853948637e-05	-6.094323383507988e-09	-8.353479639247604	-1.9182395780757904	0.002022320914926508
-999.0	740.0	-7.431553547273907e-06	-9.015294391123753e-09	-7.934888905213194	-1.3766916281095136	0.0019175256414044777
-999.0	715.0	-4.855169773005888e-06	-1.200097063696852e-08	-7.293582826392876	-0.909661973424149	0.0015905291124552604
-999.0	690.0	-3.4493364988400295e-06	-1.2929306255846372e-08	-6.602955592106325	-0.5017731313386556	0.001116895081622492
-999.0	665.0	-2.9342068985324945e-06	-1.2586370559106088e-08	-5.907996011001082	-0.16589617980412286	0.0006260552837766643
-999.0	640.0	-2.9134804829097137e-06	-1.1461376037694816e-08	-5.447878203136308	0.12692345661561533	0.00022026938139681234
-999.0	615.0	-3.3120858972949504e-06	-9.757642300876382e-09	-5.320265829977058	0.36663077413508727	-5.984473284358508e-05
-999.0	590.0	-3.6472257441729537e-06	-8.218792176698353e-09	-5.391564750561008	0.5376935901902316	-0.00021272109811374973
-999.0	565.0	-3.919628195992144e-06	-7.046748018113469e-09	-5.659380120673669	0.6191694292967194	-0.00027903369278973295
-999.0	540.0	-4.711783703185591e-06	-6.0008076024356285e-09	-5.990375025910735	0.6198167959573163	-0.0002796290404637266
-999.0	515.0	-6.015345305942095e-06	-4.65465816131405e-09	-6.338253870698412	0.5188802950081367	-0.00019863311103129468
-999.0	490.0	-7.274133016004592e-06	-3.353876204746515e-09	-6.588236732891319	0.3003506223084752	-5.8544031457309055e-05
-999.0	465.0	-8.100005430750627e-06	-2.5349604328079073e-09	-6.6955763473187	-0.036966060322745194	6.468864000766029e-05
-999.0	440.0	-8.6428503195604e-06	-2.1760699894878127e-09	-6.705887275250674	-0.3800159070042941	0.00014364777153746256
-999.0	415.0	-9.058712843627629e-06	-2.1306135395343883e-09	-6.607435192596626	-0.6523705533487221	0.0002386722913909804
-999.0	390.0	-8.386071661375573e-06	-2.0767481958005216e-09	-6.360110146809875	-0.7210060995399826	0.00043612756726937093
-999.0	365.0	-6.122824950964476e-06	-2.088573363565668e-09	-5.906428868939847	-0.52556966035914	0.0008045146349877521
-999.0	340.0	-3.4174671456117734e-06	-1.726628405303084e-09	-5.176976373281193	-0.12781892397244837	0.0013319531750395706
-999.0	315.0	-1.2948253720267305e-06	-1.2138777537645232e-09	-4.2216277486748215	0.4209252786075357	0.0018882168079031485
-999.0	290.0	-2.3133284855462294e-07	-6.368374137146319e-10	-3.3411017101557055	1.001311535360647	0.0022722887491971057
-999.0	265.0	-1.5059512809845908e-07	-1.6048754895251632e-10	-2.6728817423184847	1.5732432118161483	0.0022722542128499833
-999.0	240.0	-2.9470928428362996e-07	6.265246810282702e-11	-2.150828761014141	2.167848036429032	0.0017981712519044295
-999.0	215.0	1.764977123669065e-07	1.3162263744542525e-10	-1.5771674578204804	2.692033674268994	0.0010525704251180548
-999.0	190.0	7.402618402558399e-07	5.319297429865897e-11	-0.617543301280659	2.8140021969368743	0.0004633322722373285
-999.0	165.0	4.4092946979360936e-07	1.4332698568714599e-11	0.7878871215162171	2.2165017033493033	0.0003537544015612828
-999.0	140.0	1.846268639117459e-06	-3.1073437814609824e-13	1.6855927449133332	1.2164428722042135	0.0001910868233580457
-999.0	115.0	1.5665178498750282e-06	5.4140353267442536e-14	2.0897479981735607	0.532693461543743	-0.00016890119982200812
-999.0	90.0	2.148735677661851e-06	-1.0880395191584729e-13	3.8663341611577606	0.2781752003974755	1.095605730334372e-07
-999.0	65.0	-1.8258977358659937e-06	0.0	1.1585489204728254	0.2388770872911012	0.0
-999.0	40.0	-7.976409658182411e-07	0.0	-8.766847577727876	0.16996332993846366	0.0
-999.0	15.0	2.7636549231669756e-06	0.0	-17.122872299434235	0.19129003135647382	0.0
244.48611111111111	40	1005.8685476044076	day	levels	pres0
-999.0	990.0	8.418670850856921e-08	3.3997565438564353e-09	-2.749658093868211	-0.7486108658306362	0.00036077897782703545
-999.0	965.0	-1.1575741488813106e-05	5.604492234777239e-09	-4.702232736128336	-1.3990118506847413	0.0006623178704963067
-999.0	940.0	-1.5748441500387894e-05	4.804192909115726e-09	-6.121236343994526	-2.073327759257801	0.0006149730118079315
-999.0	915.0	-1.9031745551406213e-05	5.28258540830627e-09	-7.039155123410369	-2.6912576893781375	0.0004362599912269853
-999.0	890.0	-2.012233062444862e-05	2.2507081463744903e-09	-7.580274098449259	-3.1131560417972888	0.00040444666857751587
-999.0	865.0	-1.993135697322125e-05	8.665700272741889e-10	-7.942254536681695	-3.2859022409459593	0.0006158045839416058
-999.0	840.0	-1.7952402761086798e-05	-1.4621294926311625e-11	-8.233741306964266	-3.2213308399106144	0.0009729444569965546
-999.0	815.0	-1.477380149355256e-05	-2.3446034509753467e-09	-8.43687901526323	-2.9370216909382014	0.0013467580405334932
-999.0	790.0	-1.1865451793980493e-05	-4.573142124385069e-09	-8.485945590484317	-2.4684435174582027	0.0016396212564767255
-999.0	765.0	-9.310689107394225e-06	-6.502426584092365e-09	-8.340273172767102	-1.8933012320395761	0.0017733911904095005
-999.0	740.0	-6.537984221291575e-06	-9.209041232499848e-09	-7.916447819567048	-1.3441088802215966	0.001694121426879077
-999.0	715.0	-3.9984030831600985e-06	-1.2190174297226486e-08	-7.269936560112782	-0.8717831087149621	0.0014139538102850959
-999.0	690.0	-2.6676329670401827e-06	-1.3118425420104053e-08	-6.57567692161713	-0.4595138757593592	0.0010091050832547867
-999.0	665.0	-2.258125841439345e-06	-1.2795304225877155e-08	-5.879898146070844	-0.12042166912404703	0.0006084135248946177
-999.0	640.0	-2.3532266340852975e-06	-1.1682412892765719e-08	-5.42476428842841	0.173367465397772	0.0003092075883335821
-999.0	615.0	-2.8905466501380127e-06	-9.955060236722091e-09	-5.309164111812918	0.41087045972690533	0.00014188140253366678
-999.0	590.0	-3.3314705347108184e-06	-8.381203091073782e-09	-5.392587038653863	0.5764461928851687	0.00010132943526835694
-999.0	565.0	-3.6483020012284145e-06	-7.165068901012798e-09	-5.67060745245327	0.6488003371064683	0.0001472653629207922
-999.0	540.0	-4.471391880187267e-06	-6.075662073141825e-09	-6.007765072961257	0.6396823397802942	0.00026066380387476814
-999.0	515.0	-5.804876814387508e-06	-4.673892217546746e-09	-6.356485820524828	0.5293659771998083	0.00046023811668616455
-999.0	490.0	-7.094423132833618e-06	-3.307004082449349e-09	-6.603295719182027	0.3033914368047811	0.0007238301734582999
-999.0	465.0	-7.929573001165015e-06	-2.452082260910658e-09	-6.704071690178932	-0.03887732561538763	0.0009725610630882253
-999.0	440.0	-8.491858512740245e-06	-2.0840485194641434e-09	-6.708606734480928	-0.3857799328771499	0.0011768319149596629
-999.0	415.0	-8.94856160590111e-06	-2.0360564553096395e-09	-6.606731649304238	-0.6604007835080098	0.0013952083967686323
-999.0	390.0	-8.293432257820226e-06	-1.9997787974678317e-09	-6.358119369013068	-0.7268595303650094	0.0017110722842951873
-999.0	365.0	-6.0157682273161475e-06	-2.047034998741175e-09	-5.905538082306758	-0.5242106710549037	0.002188297530195185
-999.0	340.0	-3.2747531240577128e-06	-1.7144202592234177e-09	-5.179763082552829	-0.11776451813632302	0.0028120992477471012
-999.0	315.0	-1.1254117625481355e-06	-1.2205418561036532e-09	-4.231496084481461	0.4385787308256174	0.0034508693535184355
-999.0	290.0	-7.984978185186169e-08	-6.462845941243802e-10	-3.3628851101262076	1.0222536398580542	0.003898038966849847
-999.0	265.0	-6.568948461217301e-08	-1.642871998683969e-10	-2.710977488093864	1.5917820312009952	0.003926691176184935
-999.0	240.0	-3.4082880824857816e-07	6.405987504227831e-11	-2.2048056528523503	2.178845953150279	0.003425550938983381
-999.0	215.0	4.1540108803199477e-10	1.305472155221081e-10	-1.6410501457658058	2.6906018960347096	0.0025825950083429466
-999.0	190.0	5.199990613898144e-07	4.909661807680444e-11	-0.6851708084160067	2.7973552955268617	0.0018149151544117924
-999.0	165.0	2.8446130578297546e-07	1.3369685848125943e-11	0.7148937480870075	2.188841362046904	0.001406080203076544
-999.0	140.0	1.7456846276236959e-06	-5.727118563204175e-13	1.6061364811742702	1.1827166380325531	0.0007543194026439269
-999.0	115.0	1.5340432081855899e-06	-6.611632710596924e-14	2.0214658477516925	0.4980562847614016	-4.047260324760734e-05
-999.0	90.0	2.1870646566510705e-06	-1.8382222814098327e-13	3.8304552810243977	0.2583388385879153	1.351159094223241e-07
-999.0	65.0	-1.5260647553670228e-06	0.0	1.145616261679458	0.2400145846200573	0.0
-999.0	40.0	-3.9757280169802855e-07	0.0	-8.776707454871973	0.17964813222440373	0.0
-999.0	15.0	2.894351936446038e-06	0.0	-17.14036719574602	0.19870296706168672	0.0
244.5	40	1006.0977494981552	day	levels	pres0
-999.0	990.0	1.7331494449603335e-06	3.1828052434646476e-09	-2.7565068438028297	-0.7576064907480031	0.0003658792687596775
-999.0	965.0	-1.0125601928635144e-05	5.382293153318495e-09	-4.7112529780715695	-1.4091020557615492	0.0006580704367422791
-999.0	940.0	-1.4713647039492187e-05	4.7458473874692925e-09	-6.153012820416025	-2.091464832839039	0.0005862626126700247
-999.0	915.0	-1.819899088320794e-05	5.2273509002443024e-09	-7.082883086469438	-2.716108360224301	0.0003652284437321469
-999.0	890.0	-1.924841536818371e-05	1.741419999032384e-09	-7.62007138133049	-3.1377728593846155	0.0002845570515985018
-999.0	865.0	-1.894871436956305e-05	2.000741028215364e-12	-7.969205001990002	-3.303765061828825	0.00044908881211533667
-999.0	840.0	-1.6896560929002766e-05	-9.951176679474701e-10	-8.246671504444544	-3.229493409395218	0.0007646874385529061
-999.0	815.0	-1.3692463003673857e-05	-3.254957958649166e-09	-8.43824969397651	-2.9339777363671193	0.0011075670916968472
-999.0	790.0	-1.0788456945001711e-05	-5.303585566713237e-09	-8.478689663940006	-2.4539507842726174	0.0013858304657600963
-999.0	765.0	-8.330969675300343e-06	-6.910529784677853e-09	-8.327066706286535	-1.8683628860033223	0.001524514629927524
-999.0	740.0	-5.644414895307561e-06	-9.40278807387653e-09	-7.898006733920838	-1.3115261323336094	0.0014707594895170572
-999.0	715.0	-3.141636393312509e-06	-1.23793779574852e-08	-7.246290293832619	-0.83390424400568	0.0012374066182257535
-999.0	690.0	-1.8859294352386102e-06	-1.3307544584362696e-08	-6.548398251127865	-0.4172546201799479	0.0009013290336637638
-999.0	665.0	-1.5820447843447099e-06	-1.3004237892649446e-08	-5.85180028114054	-0.07494715844384503	0.000590773560496727
-999.0	640.0	-1.7929727852597463e-06	-1.1903449747837895e-08	-5.40165037372046	0.21981147418005598	0.00039813903738153693
-999.0	615.0	-2.469007402980401e-06	-1.0152478172568847e-08	-5.298062393648757	0.4551101453188393	0.0003435967303497392
-999.0	590.0	-3.0157153252483473e-06	-8.543614005450056e-09	-5.393609326746728	0.6151987955802017	0.0004153659307541968
-999.0	565.0	-3.3769758064644753e-06	-7.283389783912787e-09	-5.681834784232906	0.6784312449162825	0.0005735421437678188
-999.0	540.0	-4.231000057188794e-06	-6.150516543848538e-09	-6.025155120011834	0.6595478836033077	0.0008009230627663434
-999.0	515.0	-5.594408322832788e-06	-4.693126273779831e-09	-6.374717770351304	0.5398516593914894	0.0011190628508670668
-999.0	490.0	-6.914713249662545e-06	-3.2601319601522894e-09	-6.618354705472787	0.3064322513010767	0.0015061443553610586
-999.0	465.0	-7.759140571579335e-06	-2.3692040890131862e-09	-6.712567033039199	-0.04078859090805059	0.0018803616095964923
-999.0	440.0	-8.340866705920132e-06	-1.992027049440098e-09	-6.7113261937112005	-0.39154395875003595	0.002209937222328939
-999.0	415.0	-8.838410368174845e-06	-1.9414993710844646e-09	-6.606028106011865	-0.6684310136673351	0.002551666294739367
-999.0	390.0	-8.200792854265195e-06	-1.922809399134784e-09	-6.356128591216273	-0.7327129611900698	0.0029859441663227814
-999.0	365.0	-5.908711503668009e-06	-2.0054966339164734e-09	-5.904647295673689	-0.5228516817506816	0.003572012360702127
-999.0	340.0	-3.1320391025036322e-06	-1.7022121131436438e-09	-5.182549791824488	-0.10771011230018393	0.00429216955398626
-999.0	315.0	-9.55998153069321e-07	-1.2272059584427516e-09	-4.2413644202881375	0.4562321830437415	0.0050134181699053905
-999.0	290.0	7.163328485115028e-08	-6.557317745341324e-10	-3.384668510096769	1.043195744355519	0.005523638987923379
-999.0	265.0	1.9216158874275746e-08	-1.680868507842936e-10	-2.749073233869341	1.6103208505858972	0.005580923696880102
-999.0	240.0	-3.86948332213509e-07	6.546728198170768e-11	-2.258782544690701	2.189843869871563	0.00505270253974249
-999.0	215.0	-1.7566691019089396e-07	1.2947179359877207e-10	-1.7049328337113066	2.689170117800435	0.004112433840873872
-999.0	190.0	2.997362825237675e-07	4.500026185493976e-11	-0.752798315551546	2.7807083941168256	0.0031663947259544484
-999.0	165.0	1.2799314177238672e-07	1.240667312753498e-11	0.6419003746575782	2.1611810207444555	0.0024583632400355876
-999.0	140.0	1.645100616129908e-06	-8.346893344951469e-13	1.5266802174349627	1.1489904038608072	0.00131754967025384
-999.0	115.0	1.5015685664961274e-06	-1.863730074795982e-13	1.953183697329627	0.4634191079789566	8.796820994368331e-05
-999.0	90.0	2.225393635640496e-06	-2.588405043662747e-13	3.7945764008909455	0.23850247677829525	1.606767866738946e-07
-999.0	65.0	-1.2262317748671327e-06	0.0	1.1326836028860672	0.24115208194901547	0.0
-999.0	40.0	2.495362423360195e-09	0.0	-8.786567332016098	0.1893329345103767	0.0
-999.0	15.0	3.025048949725546e-06	0.0	-17.157862092057865	0.20611590276692165	0.0
244.51388888888889	40	1006.0553042564862	day	levels	pres0
-999.0	990.0	3.294351169603732e-06	2.807236655195816e-09	-2.7574309463854396	-0.7641998118962556	0.00029002944933661525
-999.0	965.0	-8.159246963519123e-06	4.454113446484131e-09	-4.657041435992244	-1.3932879140980017	0.0004689519484294622
-999.0	940.0	-1.289074686042665e-05	3.3825483303301765e-09	-6.05503263296897	-2.0495247420061355	0.0002913200571452571
-999.0	915.0	-1.6406312998796293e-05	3.3825544251422203e-09	-6.963929348153735	-2.6523767660751054	-3.257061922073931e-05
-999.0	890.0	-1.7666477602694328e-05	1.5137209618797942e-12	-7.495947834518109	-3.061037893234532	-0.0002148955667433437
-999.0	865.0	-1.7569796372247275e-05	-1.4437438826488279e-09	-7.848911884390159	-3.2224735564057183	-0.00015051957024613398
-999.0	840.0	-1.557312376569675e-05	-2.4118326723427054e-09	-8.131258311094943	-3.1493499636833246	7.631649834212864e-05
-999.0	815.0	-1.2435949297648633e-05	-4.606116472545242e-09	-8.327272103156453	-2.860352910963019	0.0003561276340207638
-999.0	790.0	-9.620278549605342e-06	-6.542728877045214e-09	-8.37505377442737	-2.391212508772176	0.0006072554414702534
-999.0	765.0	-7.236192559576771e-06	-7.974842831861367e-09	-8.234982870978966	-1.8191349237903616	0.0007599014821231878
-999.0	740.0	-4.7409405702821875e-06	-1.006994042491348e-08	-7.823709377168043	-1.2747738849325139	0.0007612534099524578
-999.0	715.0	-2.5347770969900737e-06	-1.2511018620797714e-08	-7.193972570384657	-0.8074939357185436	0.0006187539185421463
-999.0	690.0	-1.4829217810473612e-06	-1.3142571377860699e-08	-6.5175428024412225	-0.39978705048788965	0.00040236316586372736
-999.0	665.0	-1.275227399541359e-06	-1.2735515145906603e-08	-5.840247486844456	-0.06513023085569646	0.00023074817302086174
-999.0	640.0	-1.5259754239733785e-06	-1.1612807977371008e-08	-5.402173739800481	0.22017243877052517	0.0001861386344843246
-999.0	615.0	-2.202288249560996e-06	-9.913325269890116e-09	-5.301095054059488	0.44372191466389127	0.00027942578996938497
-999.0	590.0	-2.7547272216700463e-06	-8.344208210064469e-09	-5.39487910823736	0.5938612635327614	0.0004924513576487588
-999.0	565.0	-3.133405249729176e-06	-7.091297469715729e-09	-5.6776639483984	0.6505497561215492	0.0007844254951925017
-999.0	540.0	-4.0023156077010555e-06	-5.973401191633306e-09	-6.014553224138997	0.6291465863217218	0.0011387481798862727
-999.0	515.0	-5.391142693564068e-06	-4.565764455671121e-09	-6.3574827101863285	0.5117362751740142	0.0015796043733009827
-999.0	490.0	-6.751497958011357e-06	-3.1871390271449127e-09	-6.595671513071834	0.2837491177574085	0.0020899735954960303
-999.0	465.0	-7.669809321484676e-06	-2.3196295592150195e-09	-6.686274015425132	-0.055153463857933085	0.00259497729612995
-999.0	440.0	-8.336802368373223e-06	-1.9464332376161898e-09	-6.6831711821119715	-0.39627612018843356	0.003067349762495358
-999.0	415.0	-8.884924145342874e-06	-1.890229875813876e-09	-6.5777329552780275	-0.6628152864329717	0.003561409806431355
-999.0	390.0	-8.279385328783661e-06	-1.878621870880783e-09	-6.328379095336496	-0.7170150161172312	0.004149062184479196
-999.0	365.0	-6.024510218328962e-06	-1.972856167028893e-09	-5.878850557668857	-0.49869238583506154	0.004875589832482435
-999.0	340.0	-3.2496299282923296e-06	-1.6730749106081135e-09	-5.1634040676333015	-0.07969102548593102	0.005708106520604979
-999.0	315.0	-1.0298868999446176e-06	-1.1959285273471692e-09	-4.233781225105481	0.4824936586076031	0.006501234206734035
-999.0	290.0	3.148580930707948e-08	-6.275025032404266e-10	-3.3887605238016003	1.064143740359353	0.007038908830335619
-999.0	265.0	2.3569332675905588e-08	-1.4742322658831275e-10	-2.7618562179491204	1.6229312625932333	0.007082584040000081
-999.0	240.0	-3.050701822529358e-07	7.418114519257727e-11	-2.2749110068206213	2.1902132027230783	0.006499838220542399
-999.0	215.0	-6.173762498573305e-08	1.2775108411356024e-10	-1.7178389277815245	2.6738188643882426	0.005457968773344065
-999.0	190.0	3.7074859323703967e-07	4.444041571769551e-11	-0.7600641751455177	2.7515355187617825	0.004351783878789058
-999.0	165.0	1.6752272033973756e-07	1.3040430436422568e-11	0.6372386081327788	2.128064862360478	0.00339747105927222
-999.0	140.0	1.565396070077345e-06	-7.698311116086041e-13	1.5293023253296352	1.1221238516823036	0.0018049471668548566
-999.0	115.0	1.5647107131961678e-06	-2.39301771095115e-13	1.9700209661214592	0.4489743993962426	0.00017345286799875321
-999.0	90.0	2.455379362700626e-06	-3.0823958850062133e-13	3.8152853767445483	0.23773522472674719	2.3365092490083076e-07
-999.0	65.0	-9.135154502453352e-07	0.0	1.1627702859552842	0.24499644819693023	0.0
-999.0	40.0	4.1544719504062457e-07	0.0	-8.761606797713881	0.176741740094295	0.0
-999.0	15.0	3.1686405801703174e-06	0.0	-17.124664289899766	0.17955802584546823	0.0
244.52777777777777	40	1006.0128590148172	day	levels	pres0
-999.0	990.0	4.855552894242733e-06	2.431668066927998e-09	-2.758355048968007	-0.7707931330444744	0.00021410645145833663
-999.0	965.0	-6.19289199840904e-06	3.5259337396517542e-09	-4.602829893913005	-1.377473772434455	0.00027971523458281014
-999.0	940.0	-1.1067846681366484e-05	2.019249273193355e-09	-5.957052445522104	-2.0075846511732807	-3.7396943958772755e-06
-999.0	915.0	-1.4613635114389124e-05	1.537757950042864e-09	-6.844975609838277	-2.588645171926002	-0.0004305159364556632
-999.0	890.0	-1.608453983720837e-05	-1.738392557106361e-09	-7.371824287706002	-2.9843029270845722	-0.0007145532061605605
-999.0	865.0	-1.6190878374934402e-05	-2.8894885063239625e-09	-7.728618766790607	-3.1411820509827755	-0.0007503890425842559
-999.0	840.0	-1.424968660239372e-05	-3.828547676735334e-09	-8.015845117745624	-3.069206517971625	-0.0006123519256581798
-999.0	815.0	-1.1179435591626561e-05	-5.9572749864382704e-09	-8.216294512336683	-2.786728085559123	-0.00039562988158769324
-999.0	790.0	-8.452100154212216e-06	-7.781872187373873e-09	-8.271417884915008	-2.3284742332719275	-0.00017165083067157875
-999.0	765.0	-6.141415443856317e-06	-9.039155879041764e-09	-8.142899035671649	-1.7699069615775649	-5.036407079019264e-06
-999.0	740.0	-3.837466245259274e-06	-1.0737092775948432e-08	-7.749412020415469	-1.238021637531543	5.1449450984699714e-05
-999.0	715.0	-1.927917800669168e-06	-1.2642659284109712e-08	-7.141654846936855	-0.7810836274314923	-1.5191437249010252e-07
-999.0	690.0	-1.079914126857059e-06	-1.2977598171359022e-08	-6.48668735375468	-0.38231948079587996	-9.679844436650539e-05
-999.0	665.0	-9.684100147386979e-07	-1.2466792399164424e-08	-5.828694692548414	-0.05531330326756288	-0.00012940995297815196
-999.0	640.0	-1.2589780626875601e-06	-1.132216620690486e-08	-5.402697105880501	0.22053340336101118	-2.5935622126381544e-05
-999.0	615.0	-1.935569096142083e-06	-9.674172367211957e-09	-5.3041277144702095	0.4323336840089894	0.00021523319671535457
-999.0	590.0	-2.4937391180922056e-06	-8.144802414679368e-09	-5.3961488897279795	0.5725237314853876	0.0005695637459817768
-999.0	565.0	-2.8898346929943183e-06	-6.899205155519158e-09	-5.673493112563901	0.6226682673268902	0.000995390819855014
-999.0	540.0	-3.7736311582136792e-06	-5.796285839418481e-09	-6.003951328266184	0.5987452890402126	0.001476712319608688
-999.0	515.0	-5.187877064295521e-06	-4.438402637562625e-09	-6.340247650021392	0.4836208909566126	0.0020403328414161257
-999.0	490.0	-6.588282666360127e-06	-3.114146094137526e-09	-6.572988320670937	0.26106598421380156	0.0026740274714761748
-999.0	465.0	-7.580478071389702e-06	-2.270055029416649e-09	-6.659980997811136	-0.06951833680777597	0.0033098443662261915
-999.0	440.0	-8.332738030825766e-06	-1.9008394257920635e-09	-6.655016170512825	-0.401008281626819	0.0039250334815562745
-999.0	415.0	-8.93143792251032e-06	-1.8389603805432017e-09	-6.549437804544284	-0.6571995591986276	0.004571438424132059
-999.0	390.0	-8.357977803301584e-06	-1.8344343426267678e-09	-6.300629599456813	-0.7013170710444406	0.005312474055636244
-999.0	365.0	-6.140308932989472e-06	-1.9402157001413007e-09	-5.853053819664108	-0.4745330899195099	0.006179465945813806
-999.0	340.0	-3.367220754080767e-06	-1.643937708072586e-09	-5.144258343442179	-0.051671938671754125	0.007124340917399958
-999.0	315.0	-1.1037756468198386e-06	-1.16465109625165e-09	-4.226198029922858	0.5087551341713927	0.007989339223787055
-999.0	290.0	-8.661666236974204e-09	-5.992732319467976e-10	-3.392852537506436	1.085091736363123	0.00855445071890536
-999.0	265.0	2.792250647752492e-08	-1.2675960239239202e-10	-2.7746392020288804	1.6355416746005156	0.00858448621995093
-999.0	240.0	-2.231920322924921e-07	8.289500840340882e-11	-2.2910394689505074	2.1905825355745527	0.007947163135842965
-999.0	215.0	5.219166021915833e-08	1.2603037462833898e-10	-1.7307450218517049	2.658467610976027	0.006803625178878997
-999.0	190.0	4.417609039499592e-07	4.3880569580446213e-11	-0.7673300347394351	2.7223626434067207	0.005537235092993226
-999.0	165.0	2.0705229890676647e-07	1.3674187745304256e-11	0.6325768416080648	2.094948703976484	0.004336605427892542
-999.0	140.0	1.4856915240246592e-06	-7.049728887226494e-13	1.5319244332243658	1.095257299503804	0.0022923697247231576
-999.0	115.0	1.6278528598959606e-06	-2.922305347106374e-13	1.986858234913254	0.43452969081355663	0.0002589433399101118
-999.0	90.0	2.6853650897601113e-06	-3.5763867263495893e-13	3.8359943525980533	0.2369679726752264	3.066190373798342e-07
-999.0	65.0	-6.007991256244805e-07	0.0	1.1928569690243727	0.2488408144448441	0.0
-999.0	40.0	8.283990276566887e-07	0.0	-8.736646263411764	0.16415054567825635	0.0
-999.0	15.0	3.31223221061462e-06	0.0	-17.09146648774178	0.15300014892408717	0.0
244.54166666666666	40	1005.970413773148	day	levels	pres0
-999.0	990.0	6.416754618886328e-06	2.056099478659115e-09	-2.759279151550609	-0.7773864541927278	0.00013811028144534676
-999.0	965.0	-4.226537033292784e-06	2.5977540328172353e-09	-4.548618351833663	-1.3616596307709026	9.036029515118207e-05
-999.0	940.0	-9.244946502300735e-06	6.559502160539402e-10	-5.859072258075022	-1.9656445603403676	-0.0002989166469483448
-999.0	915.0	-1.2820957229977232e-05	-3.0703852505965797e-10	-6.72602187152255	-2.5249135777767915	-0.0008286075154030504
-999.0	890.0	-1.4502602071718774e-05	-3.478298835177228e-09	-7.2477007408936025	-2.9075679609344687	-0.0012144158782471629
-999.0	865.0	-1.4811960377618515e-05	-4.335233130001269e-09	-7.608325649190752	-3.0598905455596537	-0.0013505196191222865
-999.0	840.0	-1.2926249439087606e-05	-5.245262681130871e-09	-7.900431924396013	-2.989063072259722	-0.001301317846355938
-999.0	815.0	-9.922921885601251e-06	-7.308433500334712e-09	-8.105316921516627	-2.7131032601550165	-0.0011477054650565466
-999.0	790.0	-7.283921758815758e-06	-9.021015497706217e-09	-8.167781995402366	-2.2657359577714815	-0.0009508883570551672
-999.0	765.0	-5.046638328132648e-06	-1.0103468926225566e-08	-8.05081520036408	-1.720678999364601	-0.0007702990404974938
-999.0	740.0	-2.9339919202337965e-06	-1.14042451269856e-08	-7.675114663662677	-1.2012693901304443	-0.000658652387622493
-999.0	715.0	-1.3210585043466183e-06	-1.2774299947422396e-08	-7.089337123488895	-0.7546733191443532	-0.0006193108794456367
-999.0	690.0	-6.769064726656923e-07	-1.2812624964857142e-08	-6.455831905068043	-0.3648519111038197	-0.0005961557953088063
-999.0	665.0	-6.61592629935237e-07	-1.2198069652421648e-08	-5.817141898252337	-0.0454963756794135	-0.0004897008157770681
-999.0	640.0	-9.919807014010906e-07	-1.1031524436438e-08	-5.40322047196053	0.220894367951479	-0.0002380837312696149
-999.0	615.0	-1.6688499427225847e-06	-9.43501946453322e-09	-5.307160374880947	0.4209454533540369	0.00015101895096313994
-999.0	590.0	-2.232751014513822e-06	-7.945396619293771e-09	-5.397418671218616	0.5511861994379406	0.0006467030953121078
-999.0	565.0	-2.6462641362589565e-06	-6.707112841322097e-09	-5.669322276729403	0.5947867785321491	0.0012064381165780103
-999.0	540.0	-3.5449467087258875e-06	-5.619170487203232e-09	-5.993349432393358	0.5683439917586199	0.0018148154803201092
-999.0	515.0	-4.984611435026746e-06	-4.311040819453876e-09	-6.323012589856425	0.4555055067391335	0.002501248253767668
-999.0	490.0	-6.4250673747088795e-06	-3.0411531611301066e-09	-6.550305128269994	0.2383828506701321	0.003258305982168182
-999.0	465.0	-7.491146821294981e-06	-2.2204804996184372e-09	-6.633687980197077	-0.08388320975765737	0.004024962819062171
-999.0	440.0	-8.328673693278805e-06	-1.855245613968113e-09	-6.6268611589136	-0.4057404430652146	0.004782988379039303
-999.0	415.0	-8.97795169967832e-06	-1.7876908852725814e-09	-6.52114265381045	-0.6515838319642631	0.0055817521476569125
-999.0	390.0	-8.436570277820043e-06	-1.7902468143727463e-09	-6.272880103577037	-0.6856191259716006	0.006476179779813535
-999.0	365.0	-6.256107647650439e-06	-1.9075752332537073e-09	-5.827257081659276	-0.45037379400388594	0.00748364070083717
-999.0	340.0	-3.4848115798694825e-06	-1.6148005055370478e-09	-5.125112619250995	-0.023652851857495494	0.008540872744389907
-999.0	315.0	-1.177664393695141e-06	-1.1333736651560665e-09	-4.218614834740197	0.5350166097352604	0.009477733220785557
-999.0	290.0	-4.8809141781041437e-08	-5.71043960653093e-10	-3.396944551211264	1.1060397323669615	0.01007026465322567
-999.0	265.0	3.227568027916588e-08	-1.0609597819641226e-10	-2.7874221861086608	1.6481520866078567	0.01008663023634141
-999.0	240.0	-1.4131388233189473e-07	9.160887161427815e-11	-2.3071679310804307	2.190951868426072	0.00939467728538861
-999.0	215.0	1.6612094542433094e-07	1.2430966514312638e-10	-1.7436511159219241	2.6431163575638363	0.008149403057385337
-999.0	190.0	5.127732146632024e-07	4.332072344320256e-11	-0.7745958943334044	2.693189768051671	0.006722748368557081
-999.0	165.0	2.465818774740693e-07	1.4307945054192366e-11	0.6279150750832728	2.061832545592494	0.005275766345900978
-999.0	140.0	1.4059869779720699e-06	-6.401146658360291e-13	1.534546541119047	1.0683907473252918	0.002779817343861253
-999.0	115.0	1.6909950065959898e-06	-3.4515929832613704e-13	2.003695503705092	0.4200849822308429	0.00034443962567802473
-999.0	90.0	2.915350816820249e-06	-4.0703775676929935e-13	3.856703328451654	0.2362007206236834	3.795811241112168e-07
-999.0	65.0	-2.8808280100267913e-07	0.0	1.2229436520935855	0.25268518069276064	0.0
-999.0	40.0	1.2413508602739763e-06	0.0	-8.71168572910955	0.15155935126217446	0.0
-999.0	15.0	3.4558238410593956e-06	0.0	-17.058268685583688	0.1264422720026319	0.0
244.55555555555554	40	1005.927968531479	day	levels	pres0
-999.0	990.0	7.97795634352533e-06	1.6805308903912984e-09	-2.760203254133177	-0.7839797753409466	6.204094562006616e-05
-999.0	965.0	-2.2601820681826984e-06	1.6695743259848578e-09	-4.494406809754424	-1.345845489107356	-9.911286991445707e-05
-999.0	940.0	-7.422046323240568e-06	-7.073488410828814e-10	-5.761092070628155	-1.9237044695075125	-0.0005942108055031282
-999.0	915.0	-1.102827934557006e-05	-2.151835000159014e-09	-6.6070681332070915	-2.4611819836276876	-0.0012268453634872998
-999.0	890.0	-1.2920664306232817e-05	-5.218205113245468e-09	-7.123577194081499	-2.8308329947845126	-0.0017144835945890453
-999.0	865.0	-1.3433042380305637e-05	-5.7809777536764e-09	-7.4880325315912	-2.978599040136712	-0.001950911314074568
-999.0	840.0	-1.1602812275784581e-05	-6.661977685523501e-09	-7.785018731046696	-2.9089196265480224	-0.0019905812766505796
-999.0	815.0	-8.666408179579178e-06	-8.659592014227738e-09	-7.9943393306968575	-2.6394784347511204	-0.0019000991263058763
-999.0	790.0	-6.115743363422628e-06	-1.0260158808034872e-08	-8.06414610589001	-2.202997682271232	-0.0017304571440628544
-999.0	765.0	-3.951861212412193e-06	-1.1167781973405967e-08	-7.958731365056766	-1.6714510371518039	-0.00153588642094374
-999.0	740.0	-2.030517595210883e-06	-1.2071397478020554e-08	-7.600817306910098	-1.1645171427294736	-0.0013690521060991435
-999.0	715.0	-7.141992080257136e-07	-1.2905940610734398e-08	-7.037019400041094	-0.7282630108573022	-0.0012387229755994168
-999.0	690.0	-2.7389881847539066e-07	-1.2647651758355458e-08	-6.424976456381503	-0.3473843414118099	-0.0010957088852408606
-999.0	665.0	-3.547752451325748e-07	-1.1929346905679467e-08	-5.805589103956296	-0.03567944809127983	-0.0008501244136498445
-999.0	640.0	-7.249833401152726e-07	-1.0740882665971855e-08	-5.403743838040552	0.22125533254196494	-0.00045030569176312234
-999.0	615.0	-1.402130789303671e-06	-9.195866561855066e-09	-5.310193035291669	0.4095572226991347	8.678305308799103e-05
-999.0	590.0	-1.971762910935982e-06	-7.745990823908669e-09	-5.398688452709236	0.5298486673905667	0.0007238694051969144
-999.0	565.0	-2.4026935795240995e-06	-6.5150205271255236e-09	-5.6651514408949035	0.5669052897374899	0.001417567384181143
-999.0	540.0	-3.3162622592385117e-06	-5.442055134988408e-09	-5.982747536520542	0.5379426944771108	0.002153057660402901
-999.0	515.0	-4.781345805758198e-06	-4.183679001345379e-09	-6.30577752969149	0.42739012252173175	0.0029623506089056207
-999.0	490.0	-6.261852083057648e-06	-2.9681602281227204e-09	-6.527621935869093	0.2156997171265252	0.00384280912643261
-999.0	465.0	-7.401815571200007e-06	-2.1709059698200666e-09	-6.607394962583079	-0.09824808270750007	0.004740332653807726
-999.0	440.0	-8.324609355731349e-06	-1.8096518021439866e-09	-6.598706147314452	-0.4104726045036002	0.005641214454463864
-999.0	415.0	-9.024465476845769e-06	-1.7364213900019071e-09	-6.4928475030767085	-0.6459681047299192	0.006592350976811967
-999.0	390.0	-8.515162752337966e-06	-1.7460592861187313e-09	-6.245130607697353	-0.6699211808988096	0.0076401793570200485
-999.0	365.0	-6.3719063623109466e-06	-1.8749347663661147e-09	-5.80146034365453	-0.42621449808833434	0.008788114097681593
-999.0	340.0	-3.6024024056579186e-06	-1.5856633030015207e-09	-5.105966895059871	0.004366234956681175	0.009957702001580521
-999.0	315.0	-1.2515531405703613e-06	-1.1020962340605474e-09	-4.211031639557572	0.5612780852990502	0.010966416197436808
-999.0	290.0	-8.895661732509443e-08	-5.428146893594642e-10	-3.401036564916101	1.126987728370732	0.011586350632875362
-999.0	265.0	3.6628854080785e-08	-8.543235400049154e-11	-2.80020517018842	1.6607624986151392	0.011589016088765936
-999.0	240.0	-5.943573237145038e-08	1.0032273482510969e-10	-2.323296393210316	2.1913212012775474	0.010842380668909805
-999.0	215.0	2.800502306292225e-07	1.2258895565790514e-10	-1.7565572099921052	2.627765104151621	0.009495302408756727
-999.0	190.0	5.837855253761213e-07	4.276087730595326e-11	-0.7818617539273215	2.6640168926966106	0.007908323705459373
-999.0	165.0	2.8611145604109904e-07	1.4941702363074056e-11	0.6232533085585592	2.0287163872085014	0.006214953813293148
-999.0	140.0	1.3262824319193844e-06	-5.752564429500737e-13	1.5371686490137784	1.0415241951467926	0.003267290024267228
-999.0	115.0	1.754137153295783e-06	-3.980880619416593e-13	2.020532772496886	0.4056402736481569	0.00042994172530199623
-999.0	90.0	3.145336543879734e-06	-4.564368409036368e-13	3.8774123043051616	0.23543346857216252	4.5253718509512964e-07
-999.0	65.0	2.463352361817546e-08	0.0	1.2530303351626728	0.25652954694067437	0.0
-999.0	40.0	1.6543026928900406e-06	0.0	-8.686725194807432	0.1389681568461357	0.0
-999.0	15.0	3.599415471503698e-06	0.0	-17.0250708834257	0.09988439508125072	0.0
244.56944444444446	40	1005.8855232898098	day	levels	pres0
-999.0	990.0	9.539158068169254e-06	1.304962302122319e-09	-2.761127356715787	-0.7905730964891942	-1.4101549694865214e-05
-999.0	965.0	-2.9382710306607164e-07	7.41394619150094e-10	-4.44019526767507	-1.3300313474437906	-0.0002887042606652975
-999.0	940.0	-5.59914614417447e-06	-2.070647898222539e-09	-5.6631118831810525	-1.8817643786745826	-0.0008896221750539824
-999.0	915.0	-9.2356014611578e-06	-3.99663147526175e-09	-6.488114394891333	-2.397450389478461	-0.0016252294881358947
-999.0	890.0	-1.1338726540742784e-05	-6.95811139131669e-09	-6.999453647269059	-2.7540980286343903	-0.0022147563667751545
-999.0	865.0	-1.2054124382989174e-05	-7.2267223773540315e-09	-7.367739413991298	-2.897307534713569	-0.0025515641416593475
-999.0	840.0	-1.0279375112477868e-05	-8.07869268991909e-09	-7.6696055376970325	-2.8287761808360985	-0.0026801422294470433
-999.0	815.0	-7.409894473553402e-06	-1.0010750528123892e-08	-7.8833617398767375	-2.565853609346992	-0.0026528108752624036
-999.0	790.0	-4.947564968025909e-06	-1.1499302118366687e-08	-7.960510216377312	-2.1402594067707685	-0.002510357198084182
-999.0	765.0	-2.8570840966883634e-06	-1.2232095020589315e-08	-7.866647529749141	-1.6222230749388296	-0.0023017985512364227
-999.0	740.0	-1.1270432701853251e-06	-1.2738549829057314e-08	-7.526519950157262	-1.1277648953283703	-0.002079749704681881
-999.0	715.0	-1.0733991170321414e-07	-1.303758127404655e-08	-6.984701676593102	-0.701852702570162	-0.0018583882017616051
-999.0	690.0	1.2910883571582472e-07	-1.248267855185306e-08	-6.394121007694844	-0.3299167717197497	-0.0015954577124447325
-999.0	665.0	-4.795786032930853e-08	-1.166062415893632e-08	-5.794036309660203	-0.02586252050312879	-0.001210680744873344
-999.0	640.0	-4.5798597882899857e-07	-1.0450240895504746e-08	-5.4042672041205675	0.22161629713243652	-0.0006626015024260102
-999.0	615.0	-1.1354116358843462e-06	-8.956713659176188e-09	-5.313225695702398	0.3981689920441882	2.2525503465318557e-05
-999.0	590.0	-1.7107748073577465e-06	-7.546585028522969e-09	-5.399958234199861	0.5085111353431262	0.0008010626751949473
-999.0	565.0	-2.1591230227888486e-06	-6.322928212928348e-09	-5.66098060506039	0.5390238009427539	0.0016287786214869513
-999.0	540.0	-3.0875778097507954e-06	-5.264939782773073e-09	-5.972145640647694	0.5075413971955217	0.0024914388582435057
-999.0	515.0	-4.578080176489471e-06	-4.056317183236614e-09	-6.288542469526498	0.39927473830425386	0.0034236399053851896
-999.0	490.0	-6.098636791406429e-06	-2.8951672951153004e-09	-6.504938743468124	0.19301658358285487	0.004427536903136274
-999.0	465.0	-7.312484321105308e-06	-2.1213314400218214e-09	-6.581101944969001	-0.11261295565738388	0.005455953869640078
-999.0	440.0	-8.320545018184402e-06	-1.7640579903200012e-09	-6.570551135715213	-0.41520476594199573	0.006499711707357985
-999.0	415.0	-9.070979254013779e-06	-1.685151894731271e-09	-6.464552352342868	-0.6403523774955486	0.007603234911413194
-999.0	390.0	-8.593755226856444e-06	-1.701871757864704e-09	-6.2173811118175735	-0.6542232358259618	0.008804472787276106
-999.0	365.0	-6.487705076971976e-06	-1.8422942994785124e-09	-5.775663605649694	-0.40205520217270546	0.010092886136488814
-999.0	340.0	-3.719993231446754e-06	-1.5565261004659682e-09	-5.086821170868678	0.032385321770940056	0.011374828688991406
-999.0	315.0	-1.3254418874457844e-06	-1.0708188029649553e-09	-4.2034484443749065	0.5875395608629135	0.012455388153462843
-999.0	290.0	-1.291040928692305e-07	-5.145854180657525e-10	-3.4051285786209236	1.1479357243745634	0.01310270865744843
-999.0	265.0	4.098202788241958e-08	-6.476872980450225e-11	-2.8129881542681923	1.6733729106224697	0.013091643776834156
-999.0	240.0	2.244241758917769e-08	1.0903659803598311e-10	-2.3394248553402317	2.191690534129053	0.012290273286151787
-999.0	215.0	3.9397951583443775e-07	1.2086824617269148e-10	-1.769463304062325	2.612413850739411	0.010841323232900477
-999.0	190.0	6.547978360894084e-07	4.220103116870574e-11	-0.7891276135212995	2.6348440173415426	0.00909396110369079
-999.0	165.0	3.256410346084644e-07	1.5575459671959617e-11	0.6185915420337558	1.9956002288244952	0.0071541678300738746
-999.0	140.0	1.2465778858668164e-06	-5.103982200638321e-13	1.5397907569084492	1.0146576429682639	0.0037547877659437966
-999.0	115.0	1.8172792999958674e-06	-4.510168255571871e-13	2.0373700412887192	0.39119556506542275	0.0005154496387823104
-999.0	90.0	3.3753222709399565e-06	-5.058359250379832e-13	3.898121280158766	0.23466621652060438	5.254872203319073e-07
-999.0	65.0	3.373498482401143e-07	0.0	1.283117018231905	0.26037391318859343	0.0
-999.0	40.0	2.0672545255074322e-06	0.0	-8.661764660505208	0.1263769624300518	0.0
-999.0	15.0	3.743007101948394e-06	0.0	-16.99187308126758	0.0733265181597882	0.0
244.58333333333334	40	1005.8430780481409	day	levels	pres0
-999.0	990.0	1.1100359792808221e-05	9.293937138545055e-10	-2.76205145929835	-0.7971664176374152	-9.03171981748453e-05
-999.0	965.0	1.6725278620440272e-06	-1.867850876822386e-10	-4.385983725595822	-1.3142172057802435	-0.0004784138771503167
-999.0	940.0	-3.7762459651142797e-06	-3.4339469553593193e-09	-5.565131695734175	-1.839824287841726	-0.001185150760590499
-999.0	915.0	-7.44292357675061e-06	-5.841427950361134e-09	-6.369160656575867	-2.3337187953293532	-0.0020237598967700198
-999.0	890.0	-9.756788775256807e-06	-8.698017669384956e-09	-6.875330100456948	-2.6773630624844293	-0.002715234206385937
-999.0	865.0	-1.06752063856763e-05	-8.672467001029123e-09	-7.24744629639174	-2.8160160292906227	-0.0031524781160854453
-999.0	840.0	-8.955937949174827e-06	-9.495407694311721e-09	-7.554192344347711	-2.748632735124396	-0.0033700007176411047
-999.0	815.0	-6.153380767531291e-06	-1.1361909042016992e-08	-7.772384149056968	-2.4922287839430948	-0.003405840721844098
-999.0	790.0	-3.7793865726327296e-06	-1.2738445428695459e-08	-7.856874326864948	-2.07752113127052	-0.003290588525500351
-999.0	765.0	-1.7623069809678757e-06	-1.3296408067769769e-08	-7.774563694441826	-1.572995112726033	-0.003068035434186368
-999.0	740.0	-2.2356894516239453e-07	-1.3405702180092278e-08	-7.452222593404686	-1.0910126479273998	-0.002790745183600191
-999.0	715.0	4.995193846177096e-07	-1.3169221937358544e-08	-6.932383953145301	-0.6754423942831113	-0.0024783065568538213
-999.0	690.0	5.321164899061452e-07	-1.2317705345351383e-08	-6.363265559008307	-0.3124492020277407	-0.002095402275197637
-999.0	665.0	2.5885952447336785e-07	-1.139190141219415e-08	-5.782483515364165	-0.016045592914996864	-0.0015713698077211083
-999.0	640.0	-1.909886175431725e-07	-1.0159599125038616e-08	-5.4047905702005945	0.22197726172291996	-0.0008749711620757034
-999.0	615.0	-8.686924824654293e-07	-8.717560756498048e-09	-5.316258356113125	0.38678076138928225	-4.1753697529419436e-05
-999.0	590.0	-1.4497867037799113e-06	-7.347179233137888e-09	-5.401228015690492	0.48717360329574844	0.0008782829048634864
-999.0	565.0	-1.915552466054013e-06	-6.130835898731786e-09	-5.6568097692259	0.5111423121480931	0.001840071827315127
-999.0	540.0	-2.8588933602634517e-06	-5.087824430558234e-09	-5.961543744774891	0.4771400999140133	0.002829959072224265
-999.0	515.0	-4.374814547220953e-06	-3.9289553651280786e-09	-6.2713074093615715	0.37115935408685685	0.0038851161417562848
-999.0	490.0	-5.9354214997552155e-06	-2.8221743621078737e-09	-6.482255551067236	0.1703334500392556	0.005012489311139524
-999.0	465.0	-7.223153071010343e-06	-2.0717569102234165e-09	-6.5548089273550145	-0.12697782860721804	0.006171826465728683
-999.0	440.0	-8.31648068063696e-06	-1.7184641784958456e-09	-6.542396124116074	-0.41993692738037397	0.007358480137240492
-999.0	415.0	-9.117493031181253e-06	-1.6338823994605745e-09	-6.436257201609136	-0.634736650261201	0.008614403951265849
-999.0	390.0	-8.672347701374416e-06	-1.6576842296106734e-09	-6.1896316159378975	-0.6385252907531697	0.009969060070589635
-999.0	365.0	-6.60350379163255e-06	-1.8096538325909087e-09	-5.749866867644951	-0.3778959062571537	0.011397956817386647
-999.0	340.0	-3.837584057235255e-06	-1.5273888979304318e-09	-5.0676754466775575	0.060404408585116795	0.012792252806626887
-999.0	315.0	-1.3993306343210355e-06	-1.039541371869433e-09	-4.19586524919228	0.6138010364267035	0.013944649088569511
-999.0	290.0	-1.6925156841328657e-07	-4.863561467721235e-10	-3.409220592325755	1.1688837203783344	0.01461933872652229
-999.0	265.0	4.533520168404965e-08	-4.4105105608581484e-11	-2.8257711383479482	1.6859833226297574	0.01459451330013924
-999.0	240.0	1.043205675496443e-07	1.177504612468168e-10	-2.3555533174701146	2.192059866980536	0.013738355136844014
-999.0	215.0	5.07908801039369e-07	1.1914753668747285e-10	-1.7823693981325022	2.597062597327204	0.01218746552970952
-999.0	190.0	7.25810146802384e-07	4.164118503145851e-11	-0.796393473115213	2.605671141986486	0.010279660563229575
-999.0	165.0	3.651706131755373e-07	1.6209216980842153e-11	0.6139297755090453	1.9624840704405053	0.008093408396238472
-999.0	140.0	1.1668733398141915e-06	-4.4553999717778984e-13	1.542412864803181	0.9877910907897686	0.0042423105688889386
-999.0	115.0	1.8804214466956797e-06	-5.039455891726624e-13	2.0542073100805136	0.3767508564827397	0.0006009633661185061
-999.0	90.0	3.6053079979994414e-06	-5.552350091722923e-13	3.9188302560122725	0.23389896446908381	5.984312298216912e-07
-999.0	65.0	6.500661728609722e-07	0.0	1.3132037013009923	0.2642182794365079	0.0
-999.0	40.0	2.4802063581234885e-06	0.0	-8.636804126203083	0.11378576801401344	0.0
-999.0	15.0	3.886598732392654e-06	0.0	-16.9586752791096	0.04676864123840786	0.0
244.59722222222223	40	1005.8006328064719	day	levels	pres0
-999.0	990.0	1.2661561517451852e-05	5.53825125585619e-10	-2.7629755618809564	-0.8037597387856659	-0.00016660599349508612
-999.0	965.0	3.6388828271602706e-06	-1.1149647945168016e-09	-4.331772183516487	-1.2984030641166917	-0.0006682417194207288
-999.0	940.0	-1.9533457860485526e-06	-4.797246012498777e-09	-5.467151508287104	-1.7978841970088144	-0.001480796567105188
-999.0	915.0	-5.6502456923387385e-06	-7.686224425463626e-09	-6.250206918260147	-2.2699872011801467	-0.002422436596814153
-999.0	890.0	-8.17485100976723e-06	-1.0437923947455798e-08	-6.751206553644551	-2.6006280963343307	-0.0032159171250051655
-999.0	865.0	-9.296288388360403e-06	-1.0118211624706468e-08	-7.1271531787918905	-2.734724523867505	-0.0037536532515659443
-999.0	840.0	-7.632500785868727e-06	-1.0912122698707257e-08	-7.4387791509981	-2.668489289412494	-0.004060156754134508
-999.0	815.0	-4.896867061506019e-06	-1.2713067555913359e-08	-7.66140655823691	-2.4186039585389887	-0.004159188675976118
-999.0	790.0	-2.6112081772363218e-06	-1.397758873902769e-08	-7.753238437352311	-2.0147828557700738	-0.004071151132700395
-999.0	765.0	-6.675298652442418e-07	-1.4360721114953517e-08	-7.682479859134256	-1.5237671505130694	-0.0038345970726122456
-999.0	740.0	6.799053798630655e-07	-1.4072854531129437e-08	-7.377925236651894	-1.0542604005263008	-0.0035020385430908456
-999.0	715.0	1.106378680940241e-06	-1.3300862600671231e-08	-6.880066229697341	-0.6490320859959715	-0.003098478039803984
-999.0	690.0	9.351241440974928e-07	-1.2152732138849502e-08	-6.332410110321667	-0.29498163233567953	-0.0025955425717817423
-999.0	665.0	5.656769092768142e-07	-1.1123178665451365e-08	-5.770930721068084	-0.006228665326845864	-0.0019321916004700665
-999.0	640.0	7.600874374328834e-08	-9.868957354571739e-09	-5.405313936280617	0.2223382263133904	-0.0010874146695313705
-999.0	615.0	-6.019733290459349e-07	-8.478407853819293e-09	-5.3192910165238585	0.37539253073433354	-0.00010605454952089284
-999.0	590.0	-1.1887986002015224e-06	-7.147773437752272e-09	-5.402497797181118	0.4658360712483052	0.0009555300937611809
-999.0	565.0	-1.6719819093186281e-06	-5.938743584534716e-09	-5.652638933391392	0.483260823353354	0.002051447000488103
-999.0	540.0	-2.6302089107756282e-06	-4.910709078342998e-09	-5.950941848902053	0.44673880263241966	0.0031686183007315436
-999.0	515.0	-4.171548917952149e-06	-3.801593547019369e-09	-6.254072349196596	0.34304396986937313	0.004346779316574099
-999.0	490.0	-5.77220620810395e-06	-2.749181429100494e-09	-6.4595723586662785	0.14765031649557853	0.0055976663493092155
-999.0	465.0	-7.133821820915613e-06	-2.0221823804252395e-09	-6.528515909740947	-0.14134270155710799	0.006887950441250823
-999.0	440.0	-8.312416343089984e-06	-1.6728703666719253e-09	-6.514241112516839	-0.42466908881877685	0.008217519743639476
-999.0	415.0	-9.164006808349229e-06	-1.5826129041899761e-09	-6.407962050875296	-0.6291209230268403	0.009625858096185946
-999.0	390.0	-8.750940175892828e-06	-1.613496701356667e-09	-6.161882120058114	-0.6228273456803309	0.011133941206980972
-999.0	365.0	-6.719302506293453e-06	-1.7770133657033267e-09	-5.724070129640113	-0.35373661034153	0.012703326140516853
-999.0	340.0	-3.955174883023906e-06	-1.498251695394902e-09	-5.048529722486371	0.08842349539937543	0.014209974354506539
-999.0	315.0	-1.4732193811963075e-06	-1.0082639407738529e-09	-4.188282054009622	0.6400625119905705	0.015434199002478787
-999.0	290.0	-2.0939904395735164e-07	-4.58126875478419e-10	-3.4133126060305883	1.1898317163821723	0.01613624083969086
-999.0	265.0	4.9688375485680286e-08	-2.344148141260175e-11	-2.8385541224277313	1.6985937346370938	0.016097624658290722
-999.0	240.0	1.8619871751021929e-07	1.2646432445768395e-10	-2.3716817796000393	2.1924291998320475	0.015186626220731539
-999.0	215.0	6.218380862445022e-07	1.1742682720225761e-10	-1.7952754922027252	2.5817113439150057	0.013533729299090986
-999.0	190.0	7.968224575155707e-07	4.10813388942128e-11	-0.8036593327091861	2.576498266631432	0.011465422084066238
-999.0	165.0	4.0470019174279683e-07	1.684297428972941e-11	0.6092680089842499	1.9293679120565126	0.009032675511791608
-999.0	140.0	1.0871687937615418e-06	-3.806817742912569e-13	1.5450349726978612	0.960924538611252	0.004729858433105274
-999.0	115.0	1.9435635933956896e-06	-5.568743527882088e-13	2.0710445788723515	0.36230614790002313	0.0006864829073108559
-999.0	90.0	3.83529372505958e-06	-6.046340933066607e-13	3.9395392318658717	0.23313171241754077	6.713692135648395e-07
-999.0	65.0	9.627824974827703e-07	0.0	1.3432903843702058	0.2680626456844234	0.0
-999.0	40.0	2.8931581907407844e-06	0.0	-8.611843591900874	0.10119457359793119	0.0
-999.0	15.0	4.030190362837471e-06	0.0	-16.9254774769515	0.020210764316951804	0.0
244.61111111111111	40	1005.7581875648025	day	levels	pres0
-999.0	990.0	1.4222763242090852e-05	1.7825653731780256e-10	-2.763899664463523	-0.810353059933885	-0.00024296792932884393
-999.0	965.0	5.605237792270358e-06	-2.0431445013491798e-09	-4.277560641437251	-1.2825889224531444	-0.0008581877875255426
-999.0	940.0	-1.3044560698838414e-07	-6.160545069635597e-09	-5.3691713208402385	-1.7559441061759598	-0.0017765595995864073
-999.0	915.0	-3.857567807931572e-06	-9.531020900562979e-09	-6.131253179944688	-2.2062556070310433	-0.00282125959568653
-999.0	890.0	-6.5929132442812795e-06	-1.2177830225524036e-08	-6.627083006832446	-2.523893130184374	-0.003716805134208228
-999.0	865.0	-7.917370391047537e-06	-1.1563956248381603e-08	-7.0068600611923335	-2.6534330184445634	-0.0043550895623046685
-999.0	840.0	-6.309063622565699e-06	-1.2328837703099888e-08	-7.323365957648783	-2.588345843700795	-0.0047506103518200875
-999.0	815.0	-3.6403533554839516e-06	-1.4064226069806391e-08	-7.550428967417142	-2.3449791331350927	-0.0049128547475751965
-999.0	790.0	-1.4430297818431941e-06	-1.5216732049356342e-08	-7.649602547839951	-1.952044580269825	-0.004852045026065359
-999.0	765.0	4.272472504762138e-07	-1.5425034162133917e-08	-7.5903960238269415	-1.474539188300272	-0.0046014834693252175
-999.0	740.0	1.5833797048859793e-06	-1.4740006882164387e-08	-7.303627879899317	-1.0175081531253296	-0.004213629783383719
-999.0	715.0	1.7132379772611464e-06	-1.3432503263983227e-08	-6.827748506249541	-0.6226217777089205	-0.0037189026495340056
-999.0	690.0	1.3381317982877944e-06	-1.1987758932347825e-08	-6.301554661635125	-0.27751406264366985	-0.0030958786004744348
-999.0	665.0	8.724942940794761e-07	-1.0854455918709187e-08	-5.75937792677204	0.003588262261287823	-0.002293146121393827
-999.0	640.0	3.4300610502910723e-07	-9.578315584105587e-09	-5.405837302360639	0.22269919090387646	-0.0012999320236104634
-999.0	615.0	-3.352541756270217e-07	-8.239254951141138e-09	-5.322323676934577	0.36400430007943163	-0.0001703770521336919
-999.0	590.0	-9.278104966236825e-07	-6.948367642367169e-09	-5.403767578671742	0.44449853920093135	0.0010328042414452048
-999.0	565.0	-1.428411352583771e-06	-5.7466512703381434e-09	-5.648468097556893	0.45537933455869484	0.0022629041398254278
-999.0	540.0	-2.401524461288251e-06	-4.733593726128173e-09	-5.940339953029239	0.4163375053509105	0.003507416542147546
-999.0	515.0	-3.968283288683602e-06	-3.674231728910873e-09	-6.2368372890316595	0.31492858565197124	0.0048086294283885
-999.0	490.0	-5.6089909164527184e-06	-2.676188496093108e-09	-6.436889166265383	0.1249671829519717	0.006183068016505784
-999.0	465.0	-7.044490570820639e-06	-1.9726078506268685e-09	-6.50222289212695	-0.1557075745069508	0.007604325795376236
-999.0	440.0	-8.308352005542528e-06	-1.6272765548477986e-09	-6.48608610091769	-0.42940125025716214	0.009076830526074275
-999.0	415.0	-9.21052058551667e-06	-1.5313434089193017e-09	-6.379666900141551	-0.6235051957924961	0.010637597345979494
-999.0	390.0	-8.829532650410754e-06	-1.569309173102652e-09	-6.13413262417843	-0.6071294006075401	0.012299116196459079
-999.0	365.0	-6.8351012209539605e-06	-1.744372898815735e-09	-5.698273391635367	-0.3295773144259784	0.014008994106008468
-999.0	340.0	-4.072765708812343e-06	-1.4691144928593755e-09	-5.02938399829525	0.11644258221355229	0.015627993332636075
-999.0	315.0	-1.5471081280715277e-06	-9.769865096783336e-10	-4.180698858826998	0.6663239875543603	0.016924037894898
-999.0	290.0	-2.4954651950140473e-07	-4.2989760418479015e-10	-3.417404619735424	1.2107797123859423	0.017653414996533022
-999.0	265.0	5.404154928729896e-08	-2.777857216681103e-12	-2.8513371065074913	1.711204146644376	0.017600977850883114
-999.0	240.0	2.6807686747066304e-07	1.3517818766851544e-10	-2.3878102417299254	2.1927985326835215	0.016635086537545033
-999.0	215.0	7.357673714493937e-07	1.1570611771703634e-10	-1.808181586272907	2.56636009050279	0.014880114540938719
-999.0	190.0	8.678347682284898e-07	4.052149275696351e-11	-0.8109251923031036	2.5473253912763694	0.012651245666179707
-999.0	165.0	4.442297703098257e-07	1.747673159861111e-11	0.6046062424595364	1.8962517536725192	0.009971969176729061
-999.0	140.0	1.0074642477088564e-06	-3.1582355140530124e-13	1.5476570805925927	0.9340579864327528	0.005217431358590983
-999.0	115.0	2.0067057400954825e-06	-6.098031164037311e-13	2.0878818476641468	0.34786143931733704	0.000772008262358875
-999.0	90.0	4.0652794521190635e-06	-6.540331774409985e-13	3.9602482077193786	0.23236446036601982	7.443011715614794e-07
-999.0	65.0	1.2754988221036248e-06	0.0	1.3733770674392927	0.271907011932337	0.0
-999.0	40.0	3.3061100233568487e-06	0.0	-8.586883057598756	0.08860337918189246	0.0
-999.0	15.0	4.173781993281773e-06	0.0	-16.892279674793514	-0.00634711260442943	0.0
244.625	40	1005.7157423231338	day	levels	pres0
-999.0	990.0	1.5783964966734246e-05	-1.9731205095102963e-10	-2.764823767046133	-0.8169463810821375	-0.0003194029993491467
-999.0	965.0	7.571592757386374e-06	-2.9713242081835444e-09	-4.2233490993579235	-1.2667747807895973	-0.0010482520815159105
-999.0	940.0	1.692454572077151e-06	-7.523844126774713e-09	-5.271191133393181	-1.714004015343057	-0.0020724398630252764
-999.0	915.0	-2.064889923519927e-06	-1.1375817375665066e-08	-6.012299441628985	-2.142524012881849	-0.00322022890080843
-999.0	890.0	-5.010975478791897e-06	-1.3917736503594548e-08	-6.502959460020068	-2.4471581640342874	-0.004217898245573486
-999.0	865.0	-6.538452393731766e-06	-1.3009700872058649e-08	-6.886566943592496	-2.5721415130214553	-0.004956787062509239
-999.0	840.0	-4.985626459259678e-06	-1.3745552707495126e-08	-7.20795276429918	-2.508202397988902	-0.005441361523596005
-999.0	815.0	-2.3838396494587265e-06	-1.5415384583702464e-08	-7.439451376597087	-2.271354307730993	-0.005666838946564478
-999.0	790.0	-2.7485138644682793e-07	-1.6455875359688324e-08	-7.545966658327314	-1.8893063047693832	-0.005633270211983244
-999.0	765.0	1.5220243661997866e-06	-1.6489347209317423e-08	-7.498312188519371	-1.4253112260873118	-0.005368694627143386
-999.0	740.0	2.4868540299113514e-06	-1.540715923320134e-08	-7.2293305231465235	-0.9807559057242343	-0.0049255189047151485
-999.0	715.0	2.3200972735835813e-06	-1.356414392729574e-08	-6.775430782801574	-0.5962114694217842	-0.004339580384971375
-999.0	690.0	1.7411394524790434e-06	-1.1822785725845828e-08	-6.27069921294848	-0.26004649295161164	-0.0035964103595574554
-999.0	665.0	1.1793116788828265e-06	-1.0585733171966342e-08	-5.747825132475959	0.013405189849436297	-0.00265423336876892
-999.0	640.0	6.10003466315475e-07	-9.287673813638702e-09	-5.4063606684406595	0.22306015549434555	-0.0015125232231318283
-999.0	615.0	-6.853502220761661e-08	-8.000102048462408e-09	-5.325356337345308	0.3526160694244835	-0.0002347212049922803
-999.0	590.0	-6.668223930453817e-07	-6.7489618469815815e-09	-5.405037360162372	0.423161007153491	0.0011101053474743055
-999.0	565.0	-1.1848407958484722e-06	-5.554558956141086e-09	-5.644297261722386	0.4274978457639616	0.002474443244149531
-999.0	540.0	-2.172840011800513e-06	-4.556478373912942e-09	-5.9297380571564045	0.3859362080693244	0.0038463537948585573
-999.0	515.0	-3.7650176594148807e-06	-3.546869910802163e-09	-6.219602228866683	0.2868132014344964	0.005270666475754546
-999.0	490.0	-5.4457756248015304e-06	-2.603195563085732e-09	-6.414205973864428	0.10228404940830324	0.006768694311595884
-999.0	465.0	-6.955159320725981e-06	-1.9230333208287014e-09	-6.475929874512882	-0.17007244745683336	0.008320952527281874
-999.0	440.0	-8.304287667995617e-06	-1.5816827430238911e-09	-6.457931089318461	-0.4341334116955597	0.009936412484072529
-999.0	415.0	-9.257034362684706e-06	-1.4800739136487132e-09	-6.351371749407716	-0.6178894685581326	0.011649621700461929
-999.0	390.0	-8.908125124929222e-06	-1.5251216448486505e-09	-6.106383128298652	-0.5914314555347019	0.013464585039043585
-999.0	365.0	-6.950899935614914e-06	-1.7117324319281542e-09	-5.672476653630535	-0.30541801851035816	0.015314960714002441
-999.0	340.0	-4.190356534601039e-06	-1.4399772903238447e-09	-5.010238274104066	0.1444616690278053	0.017046309741034233
-999.0	315.0	-1.620996874946825e-06	-9.45709078582751e-10	-4.1731156636443405	0.692585463118222	0.018414165765548232
-999.0	290.0	-2.8969399504547485e-07	-4.0166833289108415e-10	-3.421496633440256	1.231727708389775	0.01917086119664183
-999.0	265.0	5.839472308892831e-08	1.7885766979299765e-11	-2.8641200905872712	1.723814558651712	0.019104572877525153
-999.0	240.0	3.4995501743123614e-07	1.4389205087938513e-10	-2.4039387038598456	2.1931678655350373	0.01808373608702882
-999.0	215.0	8.496966566545545e-07	1.1398540823182447e-10	-1.821087680343125	2.5510088370905986	0.01622662125515928
-999.0	190.0	9.388470789417623e-07	3.996164661971924e-11	-0.8181910518970753	2.518152515921327	0.013837131309560047
-999.0	165.0	4.837593488771767e-07	1.8110488907498703e-11	0.5999444759347371	1.8631355952885413	0.010911289391055203
-999.0	140.0	9.277597016562926e-07	-2.5096532851875975e-13	1.5502791884872642	0.9071914342542489	0.005705029345348544
-999.0	115.0	2.0698478867955223e-06	-6.627318800192483e-13	2.1047191164559793	0.3334167307346231	0.000857539431262826
-999.0	90.0	4.295265179179194e-06	-7.034322615753458e-13	3.980957183572981	0.23159720831447184	8.172271038119311e-07
-999.0	65.0	1.5882151467254223e-06	0.0	1.4034637505085097	0.275751378180252	0.0
-999.0	40.0	3.7190618559741136e-06	0.0	-8.561922523296541	0.07601218476581073	0.0
-999.0	15.0	4.3173736237265434e-06	0.0	-16.85908187263542	-0.03290498952588273	0.0
244.63888888888889	40	1005.2934233112096	day	levels	pres0
-999.0	990.0	1.463400231468548e-05	-3.9304564812216183e-10	-2.7661988309320327	-0.8236920581210883	-0.0003140556217248955
-999.0	965.0	6.827105447363387e-06	-3.4866183046190088e-09	-4.169657020657118	-1.251019882670618	-0.0010402966183698957
-999.0	940.0	1.0367856507564523e-06	-8.141579799133683e-09	-5.17371057728183	-1.6721289141885312	-0.00206053566647134
-999.0	915.0	-2.5405120279418864e-06	-1.2130759930620515e-08	-5.893651787145541	-2.078998057263651	-0.0032106501861530177
-999.0	890.0	-5.490795647871737e-06	-1.4509447310608674e-08	-6.378870197284258	-2.3706846314835444	-0.0042240842551225935
-999.0	865.0	-7.0751998847419615e-06	-1.3452300861597972e-08	-6.7662061121727515	-2.4911813481701564	-0.004993856094758496
-999.0	840.0	-5.52492799863096e-06	-1.4188004495259784e-08	-7.092366259774926	-2.428397719522594	-0.005514035857638887
-999.0	815.0	-2.9335853097812906e-06	-1.583936076156762e-08	-7.3282534141598195	-2.198002612701083	-0.005766256843742745
-999.0	790.0	-8.322966880862833e-07	-1.6878337490407935e-08	-7.442109253671318	-1.8268127990080891	-0.005742143363901522
-999.0	765.0	9.559029953207472e-07	-1.6846387690064985e-08	-7.405984420835128	-1.3762538419966748	-0.0054665693700831726
-999.0	740.0	1.8142896216872225e-06	-1.552262735432168e-08	-7.154719260003738	-0.944039276001898	-0.004992583599979462
-999.0	715.0	1.430452559513033e-06	-1.3294468814890892e-08	-6.722707271207927	-0.5696791454367428	-0.004359878960016196
-999.0	690.0	6.907740610243462e-07	-1.1345176763202278e-08	-6.239378673291753	-0.24232210439662238	-0.003558719414974917
-999.0	665.0	4.080838081512143e-08	-1.0048062573726224e-08	-5.735798776747618	0.023587905839207127	-0.0025536038491263987
-999.0	640.0	-5.684787825442124e-07	-8.755716770803413e-09	-5.406448829321213	0.22382307387197856	-0.0013511443428154814
-999.0	615.0	-1.2430358670608415e-06	-7.547846356496449e-09	-5.328037048057643	0.34158391608383276	-2.2032290018091467e-05
-999.0	590.0	-1.811414399882939e-06	-6.350531568962883e-09	-5.4059977530053365	0.4021330036763057	0.0013596509100022203
-999.0	565.0	-2.2595256414665596e-06	-5.186089481328033e-09	-5.639829692246824	0.3998719728091585	0.002745571245639897
-999.0	540.0	-3.1465830968699526e-06	-4.234263344813616e-09	-5.918833333676968	0.35577600849444246	0.004124132711581194
-999.0	515.0	-4.625094356794658e-06	-3.3186594592622015e-09	-6.202049593418174	0.2589596068877185	0.00554189398556012
-999.0	490.0	-6.222128188215962e-06	-2.4518955643294905e-09	-6.391204313340539	0.07987436905132668	0.007026693706708337
-999.0	465.0	-7.712858490645365e-06	-1.8036130267543236e-09	-6.449319048903212	-0.18416140780406526	0.0085708041697648
-999.0	440.0	-9.074697768689623e-06	-1.4771723318045758e-09	-6.429481524100236	-0.43860439776822957	0.010191931195030033
-999.0	415.0	-1.0030286633972388e-05	-1.3894406176644936e-09	-6.32282354323948	-0.612045394133102	0.011926354339217854
-999.0	390.0	-9.697505439963223e-06	-1.4557274796307212e-09	-6.078419595772794	-0.5755454294676521	0.013773638888826637
-999.0	365.0	-7.77531320756466e-06	-1.650297222949172e-09	-5.646508417839582	-0.28111848960208063	0.0156566535477698
-999.0	340.0	-4.9982356610689116e-06	-1.3852560305906536e-09	-4.990961256307625	0.1726020838559731	0.017409028304965744
-999.0	315.0	-2.347511595543008e-06	-8.983257647453337e-10	-4.1654387882186175	0.7189711872488561	0.018777093792105008
-999.0	290.0	-9.288457710745619e-07	-3.618712773972785e-10	-3.4255320889254404	1.252789201007976	0.019511641183201162
-999.0	265.0	-4.7297005030895103e-07	4.492731591670733e-11	-2.8768751806591126	1.7365221550895338	0.01940817259410572
-999.0	240.0	-4.852247823368346e-08	1.5601952176147272e-10	-2.4200397456685856	2.1936355916392465	0.01834234796411593
-999.0	215.0	5.263122295593091e-07	1.1815799071747974e-10	-1.8339622131790436	2.535768322738613	0.016435734586220437
-999.0	190.0	6.145665896204845e-07	4.399395045664619e-11	-0.8254357227009538	2.489096077848928	0.013997018434028601
-999.0	165.0	2.781538431985497e-08	2.0611784728212378e-11	0.5952997385857255	1.8301311751574771	0.01102904980921277
-999.0	140.0	2.44807584107943e-07	8.602753231358562e-14	1.552929620287228	0.880464667431369	0.0057369180912435185
-999.0	115.0	1.491807486295505e-06	-6.120221802084991e-13	2.1215636531512096	0.31899769535218225	0.0008292101242580263
-999.0	90.0	3.9028033916231785e-06	-6.496009948150983e-13	4.001666264401584	0.2308313993530019	8.524108815414643e-07
-999.0	65.0	1.2341710211531647e-06	0.0	1.433550608330061	0.2795956074547616	0.0
-999.0	40.0	3.3372168093678616e-06	0.0	-8.536960625952	0.06342097402858841	0.0
-999.0	15.0	3.763110131686935e-06	0.0	-16.82588401970299	-0.059462992095039656	0.0
244.65277777777777	40	1004.8711042992866	day	levels	pres0
-999.0	990.0	1.3484039662638755e-05	-5.887792452924242e-10	-2.7675738948178865	-0.8304377351600051	-0.00030870313896899545
-999.0	965.0	6.082618137341405e-06	-4.001912401053057e-09	-4.115964941956402	-1.2352649845516392	-0.001032336085736027
-999.0	940.0	3.8111672943684206e-07	-8.759315471491543e-09	-5.0762300211706695	-1.6302538130340543	-0.002048626628151694
-999.0	915.0	-3.016134132362674e-06	-1.2885702485574966e-08	-5.775004132662341	-2.015472101645545	-0.0032010677600627815
-999.0	890.0	-5.970615816950118e-06	-1.5101158117622404e-08	-6.254780934548725	-2.294211098932932	-0.004230272481699353
-999.0	865.0	-7.611947375750632e-06	-1.3894900851137188e-08	-6.645845280753292	-2.410221183319022	-0.005030940828346823
-999.0	840.0	-6.0642295380009755e-06	-1.4630456283023816e-08	-6.976779755250957	-2.3485930410564784	-0.0055867410050686826
-999.0	815.0	-3.4833309701028714e-06	-1.6263336939431774e-08	-7.217055451722837	-2.1246509176713766	-0.005865715978000216
-999.0	790.0	-1.3897419897249844e-06	-1.730079962112621e-08	-7.338251849015598	-1.7643192932469896	-0.005851061791286269
-999.0	765.0	3.89781624442405e-07	-1.720342817081126e-08	-7.313656653151138	-1.3271964579062008	-0.005564484669861665
-999.0	740.0	1.1417252134642123e-06	-1.5638095475441487e-08	-7.080107996861173	-0.9073226462796867	-0.00505967567070074
-999.0	715.0	5.408078454443352e-07	-1.3024793702486597e-08	-6.669983759614443	-0.5431468214517874	-0.004380185391973273
-999.0	690.0	-3.5959133042802027e-07	-1.0867567800559872e-08	-6.208058133635131	-0.22459771584168212	-0.0035210135532819007
-999.0	665.0	-1.097694917250007e-06	-9.510391975487516e-09	-5.723772421019315	0.033770621828962004	-0.0024529374050332514
-999.0	640.0	-1.7469610314011814e-06	-8.223759727969558e-09	-5.406536990201764	0.22458599224962758	-0.0011897096616283285
-999.0	615.0	-2.417536711911308e-06	-7.095590664531702e-09	-5.3307177587699694	0.3305517627432273	0.00019072763986745597
-999.0	590.0	-2.9560064067177976e-06	-5.952101290945253e-09	-5.4069581458483	0.38110500019918536	0.0016092829537400998
-999.0	565.0	-3.334210487082165e-06	-4.817620006515927e-09	-5.635362122771271	0.3722460998544291	0.0030168036745299035
-999.0	540.0	-4.12032618193716e-06	-3.91204831571506e-09	-5.907928610197558	0.32561580891963643	0.004402024954980557
-999.0	515.0	-5.485171054172412e-06	-3.090449007722682e-09	-6.184496957969706	0.23110601234101358	0.005813230760601965
-999.0	490.0	-6.9984807516285325e-06	-2.300595565573368e-09	-6.368202652816703	0.05746468869441128	0.007284791649311681
-999.0	465.0	-8.470557660562927e-06	-1.6841927326798298e-09	-6.422708223293612	-0.19825036815125777	0.008820743045566319
-999.0	440.0	-9.84510786938181e-06	-1.3726619205851047e-09	-6.401031958882096	-0.4430753838408877	0.010447530167597311
-999.0	415.0	-1.0803538905258327e-05	-1.2988073216802344e-09	-6.29427533707134	-0.6062013197080908	0.012203164624270646
-999.0	390.0	-1.0486885754995498e-05	-1.386333314412809e-09	-6.050456063247031	-0.5596594034006505	0.014082770440856264
-999.0	365.0	-8.59972647951264e-06	-1.588862013970232e-09	-5.620540182048718	-0.2568189606938716	0.015998424357418762
-999.0	340.0	-5.806114787535098e-06	-1.3305347708575294e-09	-4.9716842385112505	0.2007424986840643	0.01777182274499851
-999.0	315.0	-3.074026316137674e-06	-8.50942450908025e-10	-4.157761912792928	0.7453569113794193	0.019140092027701415
-999.0	290.0	-1.5679975471022993e-06	-3.220742219035849e-10	-3.4295675444106295	1.2738506936261136	0.01985248193554854
-999.0	265.0	-1.0043348237056835e-06	7.196886485402754e-11	-2.8896302707309336	1.7492297515273023	0.019711820872193832
-999.0	240.0	-4.4699997389775447e-07	1.6814699264350335e-10	-2.436140787477291	2.1941033177434157	0.01860099341785744
-999.0	215.0	2.0292780246466007e-07	1.2233057320310895e-10	-1.8468367460149253	2.520527808386603	0.01664486666775354
-999.0	190.0	2.902861002997556e-07	4.8026254293555533e-11	-0.8326803935047776	2.460039639776509	0.014156913842837068
-999.0	165.0	-4.2812858023666905e-07	2.3113080548916488e-11	0.5906550012368001	1.797126755026397	0.01114681351316036
-999.0	140.0	-4.381445334392837e-07	4.230203931449125e-13	1.5555800520872471	0.8537379006084932	0.005768808465111683
-999.0	115.0	9.137670857967148e-07	-5.613124803979322e-13	2.138408189846403	0.30457865996976896	0.0008008788866182872
-999.0	90.0	3.5103416040681068e-06	-5.957697280551195e-13	4.022375345230092	0.23006559039155955	8.875917536436192e-07
-999.0	65.0	8.801268955818157e-07	0.0	1.463637466151482	0.2834398367292701	0.0
-999.0	40.0	2.9553717627627497e-06	0.0	-8.511998728607553	0.050829763291408994	0.0
-999.0	15.0	3.2088466396491343e-06	0.0	-16.792686166770682	-0.08602099466412444	0.0
244.66666666666666	40	1004.4487852873623	day	levels	pres0
-999.0	990.0	1.233407701058983e-05	-7.845128424635356e-10	-2.768948958703777	-0.8371834121989569	-0.0003033455518550677
-999.0	965.0	5.338130827318355e-06	-4.517206497488549e-09	-4.062272863255581	-1.2195100864326558	-0.0010243704836949028
-999.0	940.0	-2.745521918839058e-07	-9.377051143850566e-09	-4.9787494650592965	-1.5883787118795185	-0.0020367127478669164
-999.0	915.0	-3.491756236784636e-06	-1.3640645040530487e-08	-5.656356478178872	-1.9519461460273326	-0.0031914816223456008
-999.0	890.0	-6.450435986029957e-06	-1.569286892463656e-08	-6.130691671812897	-2.2177375663821732	-0.004236462925422069
-999.0	865.0	-8.148694866760892e-06	-1.433750084067652e-08	-6.525484449333534	-2.329261018467708	-0.005068041264124137
-999.0	840.0	-6.60353107737238e-06	-1.5072908070788534e-08	-6.861193250726693	-2.2687883625901586	-0.0056594769671917886
-999.0	815.0	-4.033076630425575e-06	-1.6687313117297063e-08	-7.10585748928557	-2.0512992226414593	-0.005965216350494978
-999.0	790.0	-1.947187291364574e-06	-1.7723261751845985e-08	-7.2343944443596	-1.7018257874856904	-0.005960025494767709
-999.0	765.0	-1.763397464367622e-07	-1.7560468651558965e-08	-7.221328885466898	-1.2781390738155596	-0.0056624405265739254
-999.0	740.0	4.691608052399706e-07	-1.575356359656192e-08	-7.005496733718389	-0.8706060165573477	-0.005126795116730698
-999.0	715.0	-3.4883686862631036e-07	-1.2755118590081829e-08	-6.6172602480208	-0.5166144974667436	-0.0044004996807672885
-999.0	690.0	-1.4099567218828134e-06	-1.0389958837916387e-08	-6.176737593978411	-0.20687332728669083	-0.0034832927746826074
-999.0	665.0	-2.2361982153178206e-06	-8.972721377247427e-09	-5.711746065290982	0.04395333781873373	-0.0023522340371461264
-999.0	640.0	-2.9254432802609927e-06	-7.691802685134264e-09	-5.406625151082325	0.22534891062725915	-0.0010282191807339917
-999.0	615.0	-3.5920375567646738e-06	-6.643334972565714e-09	-5.333398469482314	0.3195196094025723	0.00040355858308323365
-999.0	590.0	-4.100598413555511e-06	-5.553671012926518e-09	-5.407918538691274	0.3600769967219932	0.0018590014768508326
-999.0	565.0	-4.4088953327004216e-06	-4.449150531702835e-09	-5.630894553295718	0.3446202268996185	0.0032881405288654178
-999.0	540.0	-5.0940692670067674e-06	-3.58983328661568e-09	-5.897023886718131	0.29545560934474724	0.004680030523353988
-999.0	515.0	-6.345247751552339e-06	-2.8622385561826467e-09	-6.166944322521207	0.2032524177942314	0.006084676799804484
-999.0	490.0	-7.7748333150431e-06	-2.1492955668170457e-09	-6.345200992292817	0.03505500833743355	0.007542988138776926
-999.0	465.0	-9.228256830482441e-06	-1.5647724386053705e-09	-6.396097397683949	-0.21233932849848836	0.00907076915432108
-999.0	440.0	-1.061551797007595e-05	-1.268151509365717e-09	-6.372582393663878	-0.44754636991355545	0.01070320940158424
-999.0	415.0	-1.157679117654615e-05	-1.2081740256959654e-09	-6.26572713090311	-0.6003572452830588	0.012480052555547258
-999.0	390.0	-1.1276266070029648e-05	-1.3169391491948484e-09	-6.022492530721173	-0.5437733773335992	0.014391979695135507
-999.0	365.0	-9.424139751462533e-06	-1.5274268049912268e-09	-5.594571946257768	-0.2325194317855902	0.016340273142989293
-999.0	340.0	-6.613993914003096e-06	-1.2758135111243238e-09	-4.95240722071481	0.22888291351223772	0.018134693061136187
-999.0	315.0	-3.800541036733953e-06	-8.035591370706046e-10	-4.1500850373672025	0.7717426355100595	0.019503160472256392
-999.0	290.0	-2.207149323131464e-06	-2.8227716640977965e-10	-3.4336029998958115	1.2949121862443196	0.020193383453580644
-999.0	265.0	-1.5356995971036272e-06	9.90104137914349e-11	-2.9023853608027737	1.7619373479651292	0.02001551771170451
-999.0	240.0	-8.454774695627183e-07	1.8027446352559132e-10	-2.452241829286032	2.1945710438476294	0.018859672448204995
-999.0	215.0	-1.2045662463062452e-07	1.265031556887641e-10	-1.8597112788508452	2.5052872940346185	0.016854017499742874
-999.0	190.0	-3.399438902156717e-08	5.20585581304833e-11	-0.8399250643086529	2.4309832017041035	0.014316817535983408
-999.0	165.0	-8.840725447940505e-07	2.5614376369630786e-11	0.586010263887796	1.7641223348953212	0.011264580502898094
-999.0	140.0	-1.1210966509877104e-06	7.600132539773833e-13	1.5582304838872183	0.8270111337856052	0.0058007004669529605
-999.0	115.0	3.357266852966243e-07	-5.10602780587138e-13	2.1552527265416384	0.29015962458732825	0.0007725457183434651
-999.0	90.0	3.1178798165120592e-06	-5.41938461294853e-13	4.043084426058693	0.22929978143009475	9.227697201185968e-07
-999.0	65.0	5.260827700095341e-07	0.0	1.4937243239730276	0.2872840660037814	0.0
-999.0	40.0	2.5735267161564884e-06	0.0	-8.487036831263012	0.03823855255418648	0.0
-999.0	15.0	2.6545831476095265e-06	0.0	-16.759488313838254	-0.11257899723328331	0.0
244.68055555555554	40	1004.026466275439	day	levels	pres0
-999.0	990.0	1.1184114358543099e-05	-9.802464396337981e-10	-2.7703240225896315	-0.8439290892378732	-0.00029798286115689684
-999.0	965.0	4.593643517296376e-06	-5.032500593922595e-09	-4.008580784554864	-1.203755188313677	-0.0010163998123269812
-999.0	940.0	-9.302211132035155e-07	-9.994786816208423e-09	-4.881268908948134	-1.5465036107250416	-0.0020247940254173877
-999.0	915.0	-3.967378341205427e-06	-1.439558759548494e-08	-5.537708823695672	-1.888420190409227	-0.0031818917728091358
-999.0	890.0	-6.930256155108337e-06	-1.6284579731650293e-08	-6.006602409077364	-2.1412640338315603	-0.0042426555864087685
-999.0	865.0	-8.68544235776956e-06	-1.4780100830215738e-08	-6.405123617914078	-2.248300853616574	-0.005105157402940004
-999.0	840.0	-7.1428326167423915e-06	-1.5515359858552564e-08	-6.745606746202721	-2.1889836841240435	-0.005732243745314295
-999.0	815.0	-4.582822290747153e-06	-1.7111289295161213e-08	-6.994659526848589	-1.977947527611754	-0.006064757962385085
-999.0	790.0	-2.504632593003275e-06	-1.8145723882564262e-08	-7.13053703970388	-1.6393322817245903	-0.006069034474976277
-999.0	765.0	-7.424611173151051e-07	-1.791750913230524e-08	-7.129001117782912	-1.2290816897250851	-0.00576043694031548
-999.0	740.0	-2.0340360298303962e-07	-1.5869031717681733e-08	-6.930885470575825	-0.8338893868351364	-0.00519394193792178
-999.0	715.0	-1.2384815826950083e-06	-1.2485443477677535e-08	-6.564536736427316	-0.49008217348178795	-0.004420821826324061
-999.0	690.0	-2.460322113335181e-06	-9.91234987527398e-09	-6.145417054321785	-0.1891489387317505	-0.003445557079382897
-999.0	665.0	-3.3747015133829507e-06	-8.435050779008717e-09	-5.6997197095626815	0.054136053808488765	-0.002251493746123922
-999.0	640.0	-4.103925529117963e-06	-7.1598456423004115e-09	-5.406713311962877	0.226111829004908	-0.0008666729012988981
-999.0	615.0	-4.766538401615141e-06	-6.191079280600967e-09	-5.336079180194639	0.30848745606196665	0.0006164605380448541
-999.0	590.0	-5.245190420390368e-06	-5.1552407349088874e-09	-5.408878931534237	0.33904899324487325	0.002108806477493805
-999.0	565.0	-5.483580178316027e-06	-4.080681056890731e-09	-5.626426983820164	0.31699435394488923	0.003559581806688784
-999.0	540.0	-6.067812352073977e-06	-3.267618257517124e-09	-5.8861191632387175	0.26529540976994126	0.004958149414995555
-999.0	515.0	-7.205324448930094e-06	-2.634028104643129e-09	-6.149391687072739	0.1753988232475267	0.006356232102089282
-999.0	490.0	-8.551185878455673e-06	-1.9979955680609247e-09	-6.322199331768981	0.012645327980518008	0.0078012831744729
-999.0	465.0	-9.9859560004e-06	-1.445352144530877e-09	-6.369486572074346	-0.226428288845681	0.009320882495662156
-999.0	440.0	-1.138592807076814e-05	-1.1636410981462455e-09	-6.344132828445738	-0.45201735598621356	0.010958968896799632
-999.0	415.0	-1.235004344783209e-05	-1.1175407297117069e-09	-6.237178924734967	-0.5945131708580476	0.012757018132973835
-999.0	390.0	-1.2065646385061924e-05	-1.2475449839769362e-09	-5.9945289981954115	-0.5278873512665975	0.014701266651666592
-999.0	365.0	-1.0248553023410517e-05	-1.4659915960122869e-09	-5.568603710466902	-0.2082199028773811	0.016682199904520443
-999.0	340.0	-7.4218730404692856e-06	-1.2210922513911992e-09	-4.933130202918433	0.2570233283403288	0.018497639253381288
-999.0	315.0	-4.527055757328618e-06	-7.561758232332963e-10	-4.142408161941511	0.798128359640622	0.019866299125687627
-999.0	290.0	-2.846301099159201e-06	-2.4248011091608593e-10	-3.437638455381	1.3159736788624568	0.02053434573719291
-999.0	265.0	-2.0670643705003595e-06	1.260519627287551e-10	-2.9151404508745946	1.7746449444028973	0.020319263112551538
-999.0	240.0	-1.2439549652267887e-06	1.9240193440762199e-10	-2.4683428710947375	2.195038769951799	0.019118385055109172
-999.0	215.0	-4.4384105172527364e-07	1.3067573817439334e-10	-1.8725858116867273	2.4900467796826087	0.0170631870821719
-999.0	190.0	-3.582748783422957e-07	5.609086196739264e-11	-0.847169735112477	2.401926763631685	0.014476729513465021
-999.0	165.0	-1.3400165093505744e-06	2.8115672190334903e-11	0.5813655265388697	1.731117914764241	0.011382350778425752
-999.0	140.0	-1.8040487685349374e-06	1.097006114808711e-12	1.5608809156872387	0.8002843669627295	0.00583259409676743
-999.0	115.0	-2.4231371520216546e-07	-4.598930807765708e-13	2.1720972632368323	0.2757405892049148	0.0007442106194337748
-999.0	90.0	2.725418028956987e-06	-4.881071945348746e-13	4.063793506887202	0.22853397246865204	9.579447809664373e-07
-999.0	65.0	1.7203864443818555e-07	0.0	1.5238111817944484	0.29112829527828993	0.0
-999.0	40.0	2.1916816695513787e-06	0.0	-8.462074933918565	0.025647341817007008	0.0
-999.0	15.0	2.100319655571725e-06	0.0	-16.726290460905943	-0.13913699980236807	0.0
244.69444444444446	40	1003.6041472635147	day	levels	pres0
-999.0	990.0	1.003415170649389e-05	-1.1759800368050286e-09	-2.7716990864755298	-0.8506747662768187	-0.00029261506764852207
-999.0	965.0	3.8491562072731e-06	-5.547794690358249e-09	-3.9548887058540325	-1.1880002901946793	-0.0010084240717128357
-999.0	940.0	-1.5858900345244398e-06	-1.0612522488567587e-08	-4.783788352836736	-1.5046285095704894	-0.0020128704606036936
-999.0	915.0	-4.44300044562754e-06	-1.5150530150440605e-08	-5.419061169212172	-1.8248942347909975	-0.0031722982112613028
-999.0	890.0	-7.410076324188304e-06	-1.6876290538664625e-08	-5.882513146341498	-2.0647905012807826	-0.004248850464777666
-999.0	865.0	-9.222189848779822e-06	-1.5222700819755195e-08	-6.284762786494272	-2.1673406887652398	-0.005142289245644031
-999.0	840.0	-7.682134156113732e-06	-1.5957811646317217e-08	-6.630020241678405	-2.109179005657704	-0.0058050413407423245
-999.0	815.0	-5.132567951069832e-06	-1.7535265473026135e-08	-6.883461564411258	-1.9045958325818164	-0.006164340814828538
-999.0	790.0	-3.0620778946429483e-06	-1.8568186013283473e-08	-7.026679635047824	-1.5768387759632747	-0.0061780887325422655
-999.0	765.0	-1.3085824881944197e-06	-1.8274549613052442e-08	-7.036673350098613	-1.1800243056344346	-0.005858473911181501
-999.0	740.0	-8.759680112074795e-07	-1.5984499838801745e-08	-6.856274207433	-0.7971727571127926	-0.005261116134125826
-999.0	715.0	-2.1281262967659538e-06	-1.2215768365272207e-08	-6.51181322483364	-0.46354984949674294	-0.004441151828568384
-999.0	690.0	-3.5106875047903526e-06	-9.43474091262992e-09	-6.114096514665041	-0.1714245501767589	-0.0034078064675870955
-999.0	665.0	-4.5132048114511645e-06	-7.897380180768201e-09	-5.68769335383433	0.06431876979826229	-0.002150716532623441
-999.0	640.0	-5.282407777978151e-06	-6.627888599464812e-09	-5.4068014728434255	0.22687474738254365	-0.0007050708244868737
-999.0	615.0	-5.941039246468828e-06	-5.738823588634774e-09	-5.338759890906971	0.2974553027213174	0.0008294335031709271
-999.0	590.0	-6.3897824272283475e-06	-4.756810456889992e-09	-5.409839324377198	0.31802098976768717	0.0023586979538316013
-999.0	565.0	-6.5582650239344936e-06	-3.7122115820774897e-09	-5.6219594143445955	0.2893684809900839	0.0038311275060455546
-999.0	540.0	-7.041555437143742e-06	-2.945403228417651e-09	-5.875214439759272	0.23513521019505573	0.0052363816282023105
-999.0	515.0	-8.065401146310134e-06	-2.4058176531030836e-09	-6.131839051624214	0.1475452287007459	0.006627896666380554
-999.0	490.0	-9.327538441870328e-06	-1.8466955693046118e-09	-6.299197671245072	-0.009764352376460665	0.008059676755770422
-999.0	465.0	-1.0743655170319615e-05	-1.3259318504563882e-09	-6.342875746464659	-0.2405172491929139	0.009571083069224079
-999.0	440.0	-1.215633817146239e-05	-1.059130686926816e-09	-6.315683263227504	-0.45648834205888117	0.011214808653053318
-999.0	415.0	-1.3123295719120047e-05	-1.0269074337274105e-09	-6.208630718566729	-0.5886690964330099	0.013034061356477392
-999.0	390.0	-1.2855026700096235e-05	-1.1781508187589593e-09	-5.966565465669551	-0.512001325199538	0.015010631310452719
-999.0	365.0	-1.1072966295360644e-05	-1.4045563870332677e-09	-5.542635474675948	-0.18392037396909477	0.017024204642052357
-999.0	340.0	-8.229752166937586e-06	-1.1663709916579791e-09	-4.913853185121987	0.2851637431685025	0.01886066132173771
-999.0	315.0	-5.2535704779252144e-06	-7.08792509395866e-10	-4.134731286515781	0.8245140837712579	0.020229507987914296
-999.0	290.0	-3.4854528751886336e-06	-2.026830554222709e-10	-3.4416739108661756	1.3370351714806548	0.02087536878628231
-999.0	265.0	-2.5984291438985003e-06	1.5309351166617337e-10	-2.9278955409464302	1.787352540840714	0.020623057074650175
-999.0	240.0	-1.6424324608919115e-06	2.045294052897137e-10	-2.4844439129034734	2.1955064960559985	0.01937713123852171
-999.0	215.0	-7.672254788207385e-07	1.3484832066004796e-10	-1.8854603445226488	2.474806265330607	0.017272375415024938
-999.0	190.0	-6.825553676638312e-07	6.012316580431816e-11	-0.8544144059163612	2.3728703255592603	0.01463664977527987
-999.0	165.0	-1.7959604739081446e-06	3.0616968011047696e-11	0.5767207891898544	1.6981134946331486	0.01150012433974342
-999.0	140.0	-2.4870008860836107e-06	1.4339989756410175e-12	1.5635313474871995	0.7735576001398247	0.005864489354554977
-999.0	115.0	-8.20354115702527e-07	-4.091833809657663e-13	2.188941799932064	0.2613215538224537	0.0007158735898890338
-999.0	90.0	2.332956241400716e-06	-4.342759277746318e-13	4.084502587715808	0.22776816350717233	9.931169361873314e-07
-999.0	65.0	-1.8200548113428515e-07	0.0	1.5538980396160131	0.29497252455280326	0.0
-999.0	40.0	1.809836622944901e-06	0.0	-8.43711303657401	0.013056131079782448	0.0
-999.0	15.0	1.546056163531906e-06	0.0	-16.693092607973504	-0.1656950023715341	0.0
244.70833333333334	40	1003.1818282515917	day	levels	pres0
-999.0	990.0	8.884189054447148e-06	-1.371713633975311e-09	-2.773074150361381	-0.8574204433157379	-0.0002872421721041734
-999.0	965.0	3.1046688972511616e-06	-6.06308878679229e-09	-3.901196627153306	-1.1722453920757014	-0.0010004432619329833
-999.0	940.0	-2.241558955844009e-06	-1.1230258160925414e-08	-4.686307796725566	-1.462753408416011	-0.0020009420532263325
-999.0	915.0	-4.918622550048309e-06	-1.590547270539503e-08	-5.300413514728962	-1.7613682791728877	-0.003162700937509915
-999.0	890.0	-7.889896493266673e-06	-1.7468001345678336e-08	-5.758423883605959	-1.988316968730166	-0.004255047560646793
-999.0	865.0	-9.75893733978849e-06	-1.5665300809294372e-08	-6.164401955074812	-2.0863805239141016	-0.005179436793085496
-999.0	840.0	-8.221435695483742e-06	-1.640026343408124e-08	-6.514433737154436	-2.029374327191586	-0.005877869754781631
-999.0	815.0	-5.682313611391395e-06	-1.795924165089032e-08	-6.772263601974279	-1.8312441375521091	-0.0062639649089831495
-999.0	790.0	-3.6195231962816204e-06	-1.8990648144001843e-08	-6.922822230392103	-1.5143452702021747	-0.006287188268095942
-999.0	765.0	-1.8747038590727514e-06	-1.8631590093798774e-08	-6.944345582414625	-1.1309669215439602	-0.005956551439267348
-999.0	740.0	-1.548532419430495e-06	-1.6099967959921566e-08	-6.7816629442904315	-0.7604561273905817	-0.005328317705195076
-999.0	715.0	-3.0177710108346538e-06	-1.1946093252867915e-08	-6.459089713240156	-0.43701752551178796	-0.004461489687425855
-999.0	690.0	-4.561052896242721e-06	-8.957131949987518e-09	-6.082775975008422	-0.1537001616218196	-0.0033700409395008564
-999.0	665.0	-5.651708109516297e-06	-7.359709582529497e-09	-5.675666998106033	0.07450148578801563	-0.002049902397303404
-999.0	640.0	-6.460890026835127e-06	-6.095931556630962e-09	-5.406889633723987	0.22763766576019	-0.0005434129514642175
-999.0	615.0	-7.1155400913193e-06	-5.286567896670032e-09	-5.341440601619307	0.2864231493807082	0.0010424774768771777
-999.0	590.0	-7.53437443406322e-06	-4.3583801788723625e-09	-5.41079971722017	0.2969929862905635	0.002608675904023749
-999.0	565.0	-7.632949869550129e-06	-3.3437421072653694e-09	-5.617491844869053	0.26174260803535265	0.004102777624978277
-999.0	540.0	-8.015298522210988e-06	-2.6231881993190556e-09	-5.864309716279875	0.2049750106202506	0.005514727161268607
-999.0	515.0	-8.925477843687918e-06	-2.177607201563504e-09	-6.114286416175755	0.11969163415404581	0.006899670491600238
-999.0	490.0	-1.0103891005282914e-05	-1.695395570548424e-09	-6.2761960107212476	-0.032174032733368566	0.008318168882038656
-999.0	465.0	-1.1501354340237191e-05	-1.2065115563818344e-09	-6.316264920855072	-0.2546062095400978	0.009821370874640157
-999.0	440.0	-1.29267482721546e-05	-9.546202757072908e-10	-6.287233698009374	-0.460959328131532	0.011470728670154215
-999.0	415.0	-1.3896547990406025e-05	-9.36274137743112e-10	-6.180082512398597	-0.582825022007995	0.013311182225984045
-999.0	390.0	-1.3644407015128573e-05	-1.108756653541019e-09	-5.9386019331437945	-0.4961152991325353	0.015320073671495942
-999.0	365.0	-1.1897379567308707e-05	-1.3431211780543032e-09	-5.516667238885085	-0.15962084506088559	0.017366287355623802
-999.0	340.0	-9.037631293403847e-06	-1.1116497319248375e-09	-4.894576167325612	0.3133041579965938	0.01922375926620761
-999.0	315.0	-5.980085198519919e-06	-6.61409195558551e-10	-4.127054411090088	0.8508998079018207	0.020592787058853708
-999.0	290.0	-4.1246046512163884e-06	-1.6288599992857576e-10	-3.445709366351361	1.3580966640987937	0.02121645260074393
-999.0	265.0	-3.129793917295242e-06	1.801350606034951e-10	-2.9406506310182454	1.8000601372784875	0.020926899597913988
-999.0	240.0	-2.0409099565559818e-06	2.1665687617174744e-10	-2.5005449547121756	2.1959742221601752	0.01963591099839319
-999.0	215.0	-1.090609905915376e-06	1.390209031456793e-10	-1.898334877358527	2.459565750978605	0.01748158249828562
-999.0	190.0	-1.0068358569845368e-06	6.4155469641229e-11	-0.861659076720181	2.343813887486848	0.014796578321425623
-999.0	165.0	-2.2519044384646317e-06	3.311826383175224e-11	0.5720760518409307	1.6651090745020727	0.011617901186851113
-999.0	140.0	-3.1699530036307757e-06	1.7709918364723892e-12	1.5661817792872206	0.7468308333169532	0.005896386240315846
-999.0	115.0	-1.3983945162013252e-06	-3.584736811551411e-13	2.2057863366272565	0.2469025184400434	0.0006875346297095519
-999.0	90.0	1.94049445384562e-06	-3.8044466101463213e-13	4.105211668544316	0.22700235454572992	1.0282861857813281e-06
-999.0	65.0	-5.360496067056584e-07	0.0	1.5839848974374349	0.2988167538273127	0.0
-999.0	40.0	1.427991576339757e-06	0.0	-8.412151139229561	0.00046492034260337337	0.0
-999.0	15.0	9.917926714940927e-07	0.0	-16.659894755041186	-0.19225300494061806	0.0
244.72222222222223	40	1002.7595092396673	day	levels	pres0
-999.0	990.0	7.73422640239824e-06	-1.5674472311464027e-09	-2.774449214247275	-0.864166120354687	-0.0002818641752983212
-999.0	965.0	2.3601815872280675e-06	-6.578382883227788e-09	-3.8475045484524966	-1.156490493956717	-0.0009924573830680024
-999.0	940.0	-2.8972278771647977e-06	-1.1847993833284465e-08	-4.588827240614202	-1.420878307261477	-0.0019890088030859398
-999.0	915.0	-5.394244654470291e-06	-1.6660415260350576e-08	-5.181765860245502	-1.6978423235546787	-0.003153099951362965
-999.0	890.0	-8.369716662346525e-06	-1.8059712152692507e-08	-5.634334620870137	-1.9118434361794114	-0.004261246874134297
-999.0	865.0	-1.0295684830798753e-05	-1.6107900798833744e-08	-6.044041123655057	-2.0054203590627915	-0.005216600046113662
-999.0	840.0	-8.760737234855145e-06	-1.6842715221845965e-08	-6.398847232630175	-1.9495696487252692	-0.005950728988737969
-999.0	815.0	-6.2320592717141125e-06	-1.8383217828755567e-08	-6.661065639537011	-1.7578924425221933	-0.006363630246006705
-999.0	790.0	-4.1769684979212385e-06	-1.9413110274721523e-08	-6.818964825736107	-1.4518517644408755	-0.006396333082267511
-999.0	765.0	-2.4408252299519307e-06	-1.898863057454642e-08	-6.852017814730379	-1.0819095374533196	-0.006054669524668188
-999.0	740.0	-2.2210968276547326e-06	-1.6215436081041988e-08	-6.707051681147648	-0.7237394976682423	-0.0053955466509813714
-999.0	715.0	-3.907415724905296e-06	-1.1676418140463148e-08	-6.406366201646512	-0.4104852015267436	-0.004481835402821294
-999.0	690.0	-5.6114182876975114e-06	-8.479522987344026e-09	-6.051455435351698	-0.1359757730668273	-0.003332260495328536
-999.0	665.0	-6.790211407584106e-06	-6.822038984289402e-09	-5.663640642377693	0.08468420177778885	-0.0019490513408206723
-999.0	640.0	-7.639372275694933e-06	-5.563974513795665e-09	-5.406977794604539	0.22840058413782435	-0.00038169928339483347
-999.0	615.0	-8.290040936172658e-06	-4.83431220470404e-09	-5.344121312331642	0.27539099604005696	0.001255592457582132
-999.0	590.0	-8.678966440900917e-06	-3.9599499008536265e-09	-5.4117601100631365	0.27596498281337484	0.002858740326232781
-999.0	565.0	-8.707634715168355e-06	-2.975272632452292e-09	-5.61302427539349	0.23411673508054393	0.004374532161532493
-999.0	540.0	-8.989041607280555e-06	-2.3009731702197145e-09	-5.853404992800434	0.1748148110453607	0.005793186012491582
-999.0	515.0	-9.785554541067815e-06	-1.9493967500235297e-09	-6.096733780727246	0.09183803960725893	0.007171553576672698
-999.0	490.0	-1.0880243568697466e-05	-1.5440955717921672e-09	-6.253194350197353	-0.05458371309035393	0.008576759552648661
-999.0	465.0	-1.2259053510156691e-05	-1.0870912623074359e-09	-6.289654095245398	-0.26869516988733705	0.010071745911545183
-999.0	440.0	-1.3697158372848718e-05	-8.501098644879566e-10	-6.2587841327911455	-0.465430314204207	0.011726728947912423
-999.0	415.0	-1.4669800261693809e-05	-8.456408417588825e-10	-6.151534306230358	-0.5769809475829666	0.01358838074142103
-999.0	390.0	-1.443378733016266e-05	-1.0393624883230865e-09	-5.91063840061793	-0.48022927306548524	0.01562959373479962
-999.0	365.0	-1.2721792839258512e-05	-1.281685969075322e-09	-5.490699003094128	-0.13532131615260423	0.017708448045275094
-999.0	340.0	-9.845510419871769e-06	-1.0569284721916494e-09	-4.875299149529171	0.341444572824767	0.019586933086795023
-999.0	315.0	-6.706599919116158e-06	-6.140258817211367e-10	-4.119377535664366	0.8772855320324608	0.020956136338425118
-999.0	290.0	-4.763756427245537e-06	-1.2308894443477186e-10	-3.449744821836548	1.3791581567169982	0.021557597180474772
-999.0	265.0	-3.661158690693177e-06	2.07176609540901e-10	-2.9534057210900904	1.8127677337163095	0.02123079068225819
-999.0	240.0	-2.4393874522209457e-06	2.287843470538323e-10	-2.51664599652092	2.1964419482643813	0.019894724334675297
-999.0	215.0	-1.4139943330106724e-06	1.4319348563133233e-10	-1.9112094101944508	2.4443252366266126	0.017690808331938177
-999.0	190.0	-1.331116346305883e-06	6.818777347815528e-11	-0.8689037475240603	2.3147574494144365	0.014956515151900152
-999.0	165.0	-2.70784840302205e-06	3.561955965246611e-11	0.5674313144919243	1.632104654370993	0.011735681319748835
-999.0	140.0	-3.852905121179266e-06	2.107984697304816e-12	1.56883221108719	0.7201040664940607	0.005928284754049863
-999.0	115.0	-1.976434916701407e-06	-3.0776398134440524e-13	2.222630873322493	0.2324834830575996	0.0006591937388951406
-999.0	90.0	1.5480326662895956e-06	-3.266133942543862e-13	4.125920749372916	0.22623654558426493	1.0634525297486417e-06
-999.0	65.0	-8.900937322779154e-07	0.0	1.6140717552589803	0.3026609831018229	0.0
-999.0	40.0	1.0461465297335294e-06	0.0	-8.387189241885022	-0.012126290394619528	0.0
-999.0	15.0	4.37529179454497e-07	0.0	-16.626696902108765	-0.2188110075097778	0.0
244.73611111111111	40	1002.3371902277443	day	levels	pres0
-999.0	990.0	6.584263750351511e-06	-1.7631808283166646e-09	-2.77582427813313	-0.8709117973936035	-0.0002764810780056066
-999.0	965.0	1.6156942772060877e-06	-7.0936769796618374e-09	-3.7938124697517797	-1.1407355958377388	-0.0009844664351983633
-999.0	940.0	-3.5528967984844083e-06	-1.2465729505642317e-08	-4.49134668450304	-1.3790032061070001	-0.001977070709982986
-999.0	915.0	-5.8698667588910814e-06	-1.741535781530502e-08	-5.063118205762298	-1.634316367936573	-0.0031434952526282743
-999.0	890.0	-8.849536831424904e-06	-1.8651422959706244e-08	-5.510245358134604	-1.835369903628799	-0.004267448405358113
-999.0	865.0	-1.0832432321807426e-05	-1.655050078837296e-08	-5.923680292235598	-1.9244601942116581	-0.005253779005577486
-999.0	840.0	-9.300038774225161e-06	-1.7285167009609998e-08	-6.283260728106205	-1.8697649702591543	-0.006023619043916828
-999.0	815.0	-6.7818049320356894e-06	-1.8807194006619715e-08	-6.54986767710003	-1.684540747492488	-0.006463336827056953
-999.0	790.0	-4.73441379955994e-06	-1.9835572405439794e-08	-6.715107421080388	-1.3893582586797755	-0.0065055231756873675
-999.0	765.0	-3.0069466008302706e-06	-1.9345671055292694e-08	-6.7596900470463925	-1.0328521533628454	-0.0061528281674795475
-999.0	740.0	-2.8936612358777426e-06	-1.6330904202161802e-08	-6.632440418005083	-0.6870228679460311	-0.005462802971337148
-999.0	715.0	-4.797060438973996e-06	-1.1406743028058853e-08	-6.353642690053026	-0.3839528775417881	-0.004502188974680485
-999.0	690.0	-6.661783679149879e-06	-8.001914024701622e-09	-6.020134895695074	-0.11825138451188698	-0.003294465135275995
-999.0	665.0	-7.928714705649236e-06	-6.284368386050693e-09	-5.651614286649393	0.09486691776754397	-0.0018481633638342317
-999.0	640.0	-8.8178545245519e-06	-5.032017470961809e-09	-5.407065955485091	0.2291635025154731	-0.00021992982144536602
-999.0	615.0	-9.464541781023125e-06	-4.382056512739292e-09	-5.346802023043967	0.26435884269945137	0.0014687784437010627
-999.0	590.0	-9.823558447735775e-06	-3.561519622835996e-09	-5.412720502906097	0.2549369793362546	0.0031088912186176634
-999.0	565.0	-9.782319560783963e-06	-2.6068031576401887e-09	-5.6085567059179375	0.20649086212581455	0.004646391113750104
-999.0	540.0	-9.962784692347767e-06	-1.9787581411211584e-09	-5.842500269321021	0.14465461147055472	0.006071758180164902
-999.0	515.0	-1.064563123844557e-05	-1.7211862984840118e-09	-6.0791811452787785	0.06398444506055401	0.007443545920519228
-999.0	490.0	-1.1656596132110038e-05	-1.3927955730360452e-09	-6.230192689673515	-0.07699339344726941	0.008835448766968975
-999.0	465.0	-1.3016752680074253e-05	-9.676709682329425e-10	-6.263043269635795	-0.28278413023452964	0.010322208179571942
-999.0	440.0	-1.4467568473540907e-05	-7.455994532684849e-10	-6.230334567573005	-0.4699013002768654	0.011982809486136467
-999.0	415.0	-1.5443052532979748e-05	-7.550075457746234e-10	-6.122986100062218	-0.5711368731579556	0.013865656902714242
-999.0	390.0	-1.5223167645194942e-05	-9.69968323105174e-10	-5.882674868092166	-0.4643432469984835	0.01593919150036581
-999.0	365.0	-1.3546206111206495e-05	-1.2202507600963813e-09	-5.464730767303263	-0.11102178724439526	0.01805068671104508
-999.0	340.0	-1.0653389546337959e-05	-1.0022072124585249e-09	-4.8560221317327965	0.3695849876528584	0.0199501827835023
-999.0	315.0	-7.433114639710824e-06	-5.666425678838283e-10	-4.111700660238676	0.9036712561630236	0.02131955582654613
-999.0	290.0	-5.402908203273273e-06	-8.329188894107822e-11	-3.453780277321736	1.4002196493351355	0.021898802525370194
-999.0	265.0	-4.192523464089909e-06	2.3421815847822116e-10	-2.9661608111619113	1.8254753301540767	0.021534730327596598
-999.0	240.0	-2.837864947885016e-06	2.409118179358629e-10	-2.5327470383296253	2.19690967436855	0.02015357124731869
-999.0	215.0	-1.7373787601053219e-06	1.4736606811696154e-10	-1.9240839430303327	2.429084722274603	0.017900052915966136
-999.0	190.0	-1.655396835626612e-06	7.222007731506459e-11	-0.8761484183278844	2.285701011342018	0.01511646026670094
-999.0	165.0	-3.1637923675785744e-06	3.812085547317022e-11	0.5627865771429981	1.5991002342399132	0.01185346473843646
-999.0	140.0	-4.535857238726491e-06	2.4449775581361418e-12	1.5714826428872104	0.693377299671185	0.005960184895757174
-999.0	115.0	-2.5544753172001975e-06	-2.57054281533838e-13	2.239475410017687	0.2180644476751862	0.0006308509174460212
-999.0	90.0	1.1555708787345237e-06	-2.727821274944076e-13	4.146629830201425	0.2254707366228224	1.0986159680892875e-06
-999.0	65.0	-1.2441378578492645e-06	0.0	1.6441586130804011	0.30650521237633116	0.0
-999.0	40.0	6.643014831284183e-07	0.0	-8.362227344540576	-0.02471750113179886	0.0
-999.0	15.0	-1.1673431258330364e-07	0.0	-16.59349904917645	-0.2453690100788626	0.0
244.75	40	1001.9148712158201	day	levels	pres0
-999.0	990.0	5.434301098302742e-06	-1.9589144254877967e-09	-2.7771993420190277	-0.8776574744325544	-0.00027109288100094045
-999.0	965.0	8.712069671831019e-07	-7.6089710760973e-09	-3.740120391050975	-1.1249806977187593	-0.0009764704184046799
-999.0	940.0	-4.208565719805104e-06	-1.3083465178001292e-08	-4.393866128391689	-1.3371281049524746	-0.0019651277737182046
-999.0	915.0	-6.345488863313042e-06	-1.817030037026047e-08	-4.9444705512788545	-1.570790412318376	-0.0031338868411139626
-999.0	890.0	-9.329357000504745e-06	-1.924313376672037e-08	-5.386156095398796	-1.7588963710780559	-0.004273652154436376
-999.0	865.0	-1.1369179812817616e-05	-1.6993100777912287e-08	-5.803319460815854	-1.8435000293603578	-0.005290973672325944
-999.0	840.0	-9.83934031359644e-06	-1.772761879737466e-08	-6.167674223581949	-1.7899602917928452	-0.006096539921623636
-999.0	815.0	-7.331550592358257e-06	-1.9231170184484878e-08	-6.438669714662762	-1.6111890524625783	-0.00656308465329149
-999.0	790.0	-5.291859101199395e-06	-2.0258034536159414e-08	-6.611250016424391	-1.3268647529184818	-0.006614758548985594
-999.0	765.0	-3.5730679717093106e-06	-1.970271153604025e-08	-6.667362279362148	-0.9837947692722079	-0.006251027367796486
-999.0	740.0	-3.566225644101873e-06	-1.6446372323282135e-08	-6.557829154862298	-0.6503062382236953	-0.00553008666611411
-999.0	715.0	-5.686705153044542e-06	-1.1137067915654e-08	-6.30091917845938	-0.35742055355674696	-0.0045225504029281155
-999.0	690.0	-7.712149070604578e-06	-7.52430506205807e-09	-5.988814356038347	-0.10052699595689768	-0.0032566548595474834
-999.0	665.0	-9.067218003716941e-06	-5.746697787810577e-09	-5.639587930921051	0.10504963375731476	-0.0017472384670008732
-999.0	640.0	-9.99633677341159e-06	-4.50006042812652e-09	-5.4071541163656445	0.22992642089310605	-5.8104566779720824e-05
-999.0	615.0	-1.0639042625876347e-05	-3.929800820773335e-09	-5.349482733756304	0.25332668935880054	0.0016820354336524394
-999.0	590.0	-1.0968150454573332e-05	-3.163089344817296e-09	-5.4136808957490645	0.2339089758590691	0.0033591285793408508
-999.0	565.0	-1.085700440640205e-05	-2.2383336828271345e-09	-5.604089136442377	0.17886498917101165	0.004918354479676584
-999.0	540.0	-1.0936527777417203e-05	-1.6565431120218339e-09	-5.831595545841588	0.11449441189567253	0.006350443662585648
-999.0	515.0	-1.1505707935825346e-05	-1.4929758469440491e-09	-6.061628509830268	0.036130850513776194	0.0077156475220641774
-999.0	490.0	-1.2432948695524468e-05	-1.2414955742798038e-09	-6.207191029149624	-0.09940307380424607	0.00909423652437064
-999.0	465.0	-1.3774451849993638e-05	-8.482506741585645e-10	-6.236432444026123	-0.2968730905817615	0.010572757678355164
-999.0	440.0	-1.523797857423491e-05	-6.410890420491703e-10	-6.201885002354781	-0.47437228634953493	0.012238970284636318
-999.0	415.0	-1.621630480426743e-05	-6.643742497904039e-10	-6.094437893893983	-0.5652927987329247	0.014143010709790734
-999.0	390.0	-1.6012547960228938e-05	-9.005741578872446e-10	-5.854711335566308	-0.4484572209314339	0.016248866968197606
-999.0	365.0	-1.4370619383156244e-05	-1.1588155511173992e-09	-5.438762531512314	-0.0867222583361176	0.01839300335297383
-999.0	340.0	-1.1461268672805828e-05	-9.474859527253336e-10	-4.836745113936356	0.3977254024810261	0.020313508356333162
-999.0	315.0	-8.159629360307006e-06	-5.192592540464112e-10	-4.104023784812954	0.930056980293658	0.021683045523135713
-999.0	290.0	-6.04205997930236e-06	-4.3494833447272605e-11	-3.45781573280692	1.4212811419533358	0.02224006863532696
-999.0	265.0	-4.723888237487789e-06	2.6125970741562874e-10	-2.9789159012337523	1.8381829265918999	0.02183871853384426
-999.0	240.0	-3.236342443549937e-06	2.530392888179505e-10	-2.5488480801383653	2.19737740047276	0.02041245173627497
-999.0	215.0	-2.060763187200566e-06	1.5153865060261678e-10	-1.9369584758662513	2.4138442079226174	0.018109316250353773
-999.0	190.0	-1.9796773249478894e-06	7.625238115199155e-11	-0.8833930891317625	2.2566445732696185	0.015276413665825939
-999.0	165.0	-3.6197363321358953e-06	4.06221512938839e-11	0.5581418397939867	1.5660958141088483	0.011971251442914064
-999.0	140.0	-5.2188093562748406e-06	2.7819704189684865e-12	1.5741330746871736	0.6666505328483052	0.005992086665437668
-999.0	115.0	-3.1325157177002157e-06	-2.0634458172308887e-13	2.2563199467129174	0.20364541229274538	0.0006025061653620481
-999.0	90.0	7.631090911785085e-07	-2.189508607341605e-13	4.1673389110300265	0.22470492766135275	1.1337765008034755e-06
-999.0	65.0	-1.5981819834215221e-06	0.0	1.6742454709019507	0.31034944165084105	0.0
-999.0	40.0	2.82456436522167e-07	0.0	-8.337265447196032	-0.03730871186902125	0.0
-999.0	15.0	-6.709978046229132e-07	0.0	-16.56030119624403	-0.27192701264801944	0.0
244.76388888888889	40	1001.8199039035369	day	levels	pres0
-999.0	990.0	4.215634965166539e-06	-1.3084176535195706e-09	-2.7584630366598626	-0.8451287873249934	-0.00022388774849430612
-999.0	965.0	-1.2737528781370746e-07	-6.489978123657277e-09	-3.7553127266374826	-1.105033488047317	-0.0008254694092413584
-999.0	940.0	-4.83017995886901e-06	-1.1874089645178318e-08	-4.417749520437239	-1.3235274803491068	-0.0017008096265609424
-999.0	915.0	-6.756676737119497e-06	-1.704404050193122e-08	-4.972858020552909	-1.5593129790755769	-0.002741607495403775
-999.0	890.0	-9.515911384389616e-06	-1.84030656604442e-08	-5.421834459275415	-1.7489344403607412	-0.0037522188009045314
-999.0	865.0	-1.1422830784408788e-05	-1.6452644206120055e-08	-5.845082665667172	-1.834719006345807	-0.004651666442951677
-999.0	840.0	-9.974754832727586e-06	-1.719565411827712e-08	-6.216965606183238	-1.7826615625670283	-0.005363533330332481
-999.0	815.0	-7.606868285846693e-06	-1.858842845166733e-08	-6.499180825404243	-1.6059064193984975	-0.005774308121983556
-999.0	790.0	-5.7082893050619085e-06	-1.9513091165619465e-08	-6.684032760284639	-1.3257613144814842	-0.005818673453549968
-999.0	765.0	-4.136764207429022e-06	-1.8936877825546732e-08	-6.750327334727852	-0.9894306631298875	-0.0055026501635982794
-999.0	740.0	-4.225520797001936e-06	-1.5770310804256134e-08	-6.6452489392257865	-0.6643009989430504	-0.004883832876341787
-999.0	715.0	-6.338747874425754e-06	-1.0658720972042086e-08	-6.387158505710635	-0.3802545699693549	-0.004025013371603494
-999.0	690.0	-8.308561215374795e-06	-7.190821220936854e-09	-6.070019000865311	-0.13152057898268224	-0.0029479071849851713
-999.0	665.0	-9.586703527619892e-06	-5.485600801397811e-09	-5.711147014925564	0.06739861072025996	-0.0016614993921057245
-999.0	640.0	-1.0406989394240559e-05	-4.313405279614614e-09	-5.466455592785392	0.19006934285987798	-0.00022360966475688001
-999.0	615.0	-1.0908490785593375e-05	-3.8308571658890705e-09	-5.394230528815134	0.21722733560531954	0.0012422652280026567
-999.0	590.0	-1.1115173855301501e-05	-3.1402162764216623e-09	-5.4460000758358404	0.20493421558988945	0.0026272413827856463
-999.0	565.0	-1.0924895989228814e-05	-2.2918102957502643e-09	-5.627498907634971	0.16009748116547226	0.0038801967545636744
-999.0	540.0	-1.0938561700405014e-05	-1.749774058504152e-09	-5.84868883366271	0.10595861491165548	0.00499698721507144
-999.0	515.0	-1.1449236777212855e-05	-1.567570059616095e-09	-6.0754234139796	0.036783165085688366	0.006042966422073068
-999.0	490.0	-1.2310316214832304e-05	-1.2996572475981084e-09	-6.2208317983435615	-0.09173031171990488	0.007104725388475744
-999.0	465.0	-1.3561071368094798e-05	-8.844598637795685e-10	-6.253136103323179	-0.284773187217421	0.00827617662644968
-999.0	440.0	-1.4930557142923347e-05	-6.502612544594392e-10	-6.222225933347242	-0.458855415131008	0.00964902924314543
-999.0	415.0	-1.585825504904322e-05	-6.591843895940632e-10	-6.117224133860953	-0.5478806604421187	0.011275419844838423
-999.0	390.0	-1.5666130000778533e-05	-8.884954600215158e-10	-5.875444541006953	-0.43382622152104633	0.013124846573558465
-999.0	365.0	-1.4083509437071394e-05	-1.1377748104451946e-09	-5.452702352524208	-0.08047557937520125	0.015045151908089987
-999.0	340.0	-1.1270693521684666e-05	-9.211489173644855e-10	-4.844565328199126	0.39301028175072805	0.016785780520910162
-999.0	315.0	-8.08851227061431e-06	-4.901011497241349e-10	-4.10785587955223	0.9144460514452138	0.018028731942604966
-999.0	290.0	-6.0349183152057046e-06	-1.904863733594107e-11	-3.4569485616169087	1.3991836328749074	0.018521156390091546
-999.0	265.0	-4.712923710005867e-06	2.789225781516153e-10	-2.9707757607562435	1.81499878789675	0.018131392014396154
-999.0	240.0	-3.1867651882057096e-06	2.675006870758074e-10	-2.5303699076175703	2.174430784205934	0.01681547156985994
-999.0	215.0	-2.0280368325099978e-06	1.604204172725142e-10	-1.9082142640778943	2.389603445789292	0.014746622241297754
-999.0	190.0	-2.0402678130746166e-06	8.36540219520825e-11	-0.8494760488608185	2.234157810930444	0.01230618069069348
-999.0	165.0	-3.6692207039429702e-06	4.480990319450646e-11	0.5952815433711511	1.5599924557738507	0.009625456403439366
-999.0	140.0	-5.188036738928329e-06	3.832940767059642e-12	1.6220672604065098	0.6901810171059523	0.004759613283114798
-999.0	115.0	-3.441704854890696e-06	1.638919683583696e-13	2.31049287566393	0.241098631357348	0.00037492309054712626
-999.0	90.0	3.171800433740381e-07	1.0241215965737724e-14	4.200026115701561	0.24550603067986582	9.894738918235139e-07
-999.0	65.0	-1.963609697001212e-06	0.0	1.6725487899794065	0.3070280216634309	0.0
-999.0	40.0	-1.1081019396059789e-07	0.0	-8.375726777554334	-0.03420432236182821	0.0
-999.0	15.0	-1.2367369146547705e-06	0.0	-16.609082127150977	-0.2574645799734018	0.0
244.77777777777777	40	1001.7249365912544	day	levels	pres0
-999.0	990.0	2.9969688320335974e-06	-6.579208815530156e-10	-2.7397267313007294	-0.8126001002175172	-0.00017669599806884525
-999.0	965.0	-1.125957542807644e-06	-5.370985171219345e-09	-3.7705050622239473	-1.0850862783759396	-0.0006744695716932605
-999.0	940.0	-5.451794197930764e-06	-1.0664714112357266e-08	-4.441632912482736	-1.3099268557457924	-0.0014364802846455267
-999.0	915.0	-7.167864610924372e-06	-1.5917780633603584e-08	-5.001245489826898	-1.5478355458328286	-0.0023493212168685454
-999.0	890.0	-9.702465768273572e-06	-1.75629975541692e-08	-5.457512823151939	-1.7389725096434736	-0.0032308009977743005
-999.0	865.0	-1.1476481755999285e-05	-1.5912187634328688e-08	-5.886845870518373	-1.825937983331301	-0.004012388593054435
-999.0	840.0	-1.0110169351857803e-05	-1.6663689439181024e-08	-6.2662569887843915	-1.7753628333412574	-0.004630546992366892
-999.0	815.0	-7.882185979333859e-06	-1.7945686718851686e-08	-6.55969193614557	-1.6006237863344608	-0.004985529388636484
-999.0	790.0	-6.124719508922797e-06	-1.876814779508154e-08	-6.756815504144708	-1.3246578760445158	-0.005022569833104365
-999.0	765.0	-4.700460443146812e-06	-1.8171044115055084e-08	-6.833292390093356	-0.9950665569875718	-0.004754252546814032
-999.0	740.0	-4.884815949899914e-06	-1.5094249285231733e-08	-6.732668723589072	-0.6782957596623853	-0.004237571243204628
-999.0	715.0	-6.99079059580487e-06	-1.01803740284315e-08	-6.473397832961695	-0.4030885863819175	-0.003527484448121504
-999.0	690.0	-8.904973360143032e-06	-6.85733737981674e-09	-6.151223645692104	-0.1625141620083991	-0.0026391731324950404
-999.0	665.0	-1.0106189051521138e-05	-5.224503814985851e-09	-5.782706098929937	0.029747587683290437	-0.001575766263398496
-999.0	640.0	-1.081764201506823e-05	-4.126750131103248e-09	-5.525757069205037	0.15021226482674283	-0.0003891000301153311
-999.0	615.0	-1.1177938945309681e-05	-3.731913511005065e-09	-5.438978323873897	0.18112798185192525	0.0008025393796337864
-999.0	590.0	-1.1262197256029471e-05	-3.1173432080260157e-09	-5.478319255922577	0.17595945532078286	0.0018954328080948736
-999.0	565.0	-1.099278757205575e-05	-2.3452869086730885e-09	-5.650908678827546	0.141329973159985	0.0028421490413281366
-999.0	540.0	-1.094059562339326e-05	-1.843005004986021e-09	-5.865782121483829	0.09742281792766831	0.003643649980913018
-999.0	515.0	-1.1392765618600975e-05	-1.6421642722877728e-09	-6.089218318128931	0.03743547965760864	0.004370373185690256
-999.0	490.0	-1.2187683734140972e-05	-1.3578189209161384e-09	-6.234472567537496	-0.08405754963557245	0.005115256150920254
-999.0	465.0	-1.3347690886197127e-05	-9.206690534004334e-10	-6.269839762620204	-0.27267328385310124	0.005979599304750117
-999.0	440.0	-1.4623135711613222e-05	-6.594334668697143e-10	-6.2425668643396515	-0.4433385439125166	0.007059065378853626
-999.0	415.0	-1.550020529382047e-05	-6.539945293977852e-10	-6.1400103738278435	-0.5304685221513638	0.00840780183251113
-999.0	390.0	-1.5319712041329327e-05	-8.764167621558752e-10	-5.896177746447507	-0.41919522211071136	0.01000082485969256
-999.0	365.0	-1.3796399490987301e-05	-1.1167340697730794e-09	-5.466642173536025	-0.07422890041431833	0.011697355210151706
-999.0	340.0	-1.1080118370563813e-05	-8.948118820036995e-10	-4.85238554246183	0.38829516102042766	0.013258149389272025
-999.0	315.0	-8.01739518092157e-06	-4.6094304540190403e-10	-4.11168797429145	0.8988351225968024	0.014374517956780913
-999.0	290.0	-6.027776651108855e-06	5.397558775357409e-12	-3.4560813904268515	1.3770861237965355	0.014802316392002232
-999.0	265.0	-4.70195918252377e-06	2.9658544888758544e-10	-2.9626356202787116	1.7918146492016656	0.014424072139305804
-999.0	240.0	-3.137187932861333e-06	2.819620853336514e-10	-2.511891735096779	2.1514841679391785	0.013218350563342559
-999.0	215.0	-1.9953104778191596e-06	1.6930218394239371e-10	-1.879470052289568	2.3653626836560506	0.01138353594557682
-999.0	190.0	-2.1008583012008365e-06	9.105566275215696e-11	-0.8155590085899235	2.2116710485913638	0.009335304240866153
-999.0	165.0	-3.718705075749445e-06	4.8997655095120907e-11	0.6324212469482335	1.5538890974389268	0.007278980378127
-999.0	140.0	-5.157264121581242e-06	4.883911115149384e-12	1.6700014461257078	0.7137115013636176	0.003526875116701083
-999.0	115.0	-3.750893992080429e-06	5.341285184393293e-13	2.364665804614783	0.2785518504219212	0.00014735924098108845
-999.0	90.0	-1.2874900442933437e-07	2.394332926650749e-13	4.232713320373002	0.26630713369834735	8.45225906986832e-07
-999.0	65.0	-2.3290374105799694e-06	0.0	1.6708521090568633	0.3037066016760148	0.0
-999.0	40.0	-5.040768244421991e-07	0.0	-8.414188107912537	-0.03109993285465361	0.0
-999.0	15.0	-1.8024760246847952e-06	0.0	-16.65786305805781	-0.24300214729881955	0.0
244.79166666666666	40	1001.6299692789715	day	levels	pres0
-999.0	990.0	1.7783026988972656e-06	-7.424109584689384e-12	-2.7209904259415563	-0.7800714131099487	-0.00012951763084596797
-999.0	965.0	-2.124539797804553e-06	-4.251992218779072e-09	-3.78569739781045	-1.0651390687044926	-0.0005234709058607184
-999.0	940.0	-6.0734084369947e-06	-9.455338579533983e-09	-4.465516304528285	-1.296326231142421	-0.0011721397481371512
-999.0	915.0	-7.579052484730813e-06	-1.4791520765273994e-08	-5.029632959100952	-1.5363581125900276	-0.001957028006570977
-999.0	890.0	-9.889020152158401e-06	-1.672292944789274e-08	-5.493191187028558	-1.7290105789261574	-0.0027093987461435528
-999.0	865.0	-1.1530132727590374e-05	-1.5371731062536205e-08	-5.928609075369692	-1.8171569603167494	-0.0033731401231929087
-999.0	840.0	-1.0245583870988881e-05	-1.6131724760083185e-08	-6.31554837138568	-1.768064104115441	-0.0038975809085890637
-999.0	815.0	-8.157503672822249e-06	-1.7302944986033825e-08	-6.62020304688705	-1.5953411532703812	-0.004196748455322009
-999.0	790.0	-6.541149712785259e-06	-1.8023204424541345e-08	-6.829598248004962	-1.3235544376075188	-0.004226447690316981
-999.0	765.0	-5.2641566788664615e-06	-1.7405210404561408e-08	-6.916257445459067	-1.0007024508452511	-0.004005834519299972
-999.0	740.0	-5.544111102799931e-06	-1.4418187766205654e-08	-6.820088507952572	-0.6922905203817411	-0.0035913017673383577
-999.0	715.0	-7.642833317186062e-06	-9.702027084819555e-09	-6.559637160212959	-0.42592260279452754	-0.0030299636324943166
-999.0	690.0	-9.501385504913258e-06	-6.523853538695526e-09	-6.232428290519085	-0.19350774503418644	-0.0023304527020324805
-999.0	665.0	-1.062567457542411e-05	-4.963406828573102e-09	-5.854265182934464	-0.007903435353768008	-0.0014900390808726173
-999.0	640.0	-1.1228294635897223e-05	-3.940094982591368e-09	-5.585058545624796	0.11035518679351096	-0.00055457566284987
-999.0	615.0	-1.1447387105026737e-05	-3.6329698561208326e-09	-5.483726118932739	0.1450286280984417	0.0003628578886003842
-999.0	590.0	-1.1409220656757677e-05	-3.094470139630411e-09	-5.510638436009361	0.14698469505160183	0.0011637028554366098
-999.0	565.0	-1.1060679154882554e-05	-2.39876352159624e-09	-5.67431845002015	0.1225624651544451	0.00180421134032409
-999.0	540.0	-1.0942629546381112e-05	-1.9362359514683546e-09	-5.88287540930496	0.0888870209436512	0.002290431960499167
-999.0	515.0	-1.133629445998853e-05	-1.7167584849598325e-09	-6.10301322227827	0.03808779422952055	0.0026978678130517865
-999.0	490.0	-1.206505125344885e-05	-1.415980594234457e-09	-6.2481133367314445	-0.0763847875512312	0.0031258288117210066
-999.0	465.0	-1.3134310404298324e-05	-9.568782430214547e-10	-6.286543421917262	-0.26057338048875983	0.003683025713246491
-999.0	440.0	-1.4315714280301679e-05	-6.686056792800061e-10	-6.262907795332119	-0.42782167269398785	0.004469078691751985
-999.0	415.0	-1.5142155538596248e-05	-6.488046692014697e-10	-6.162796613794819	-0.5130563838605556	0.005540156672787022
-999.0	390.0	-1.4973294081878861e-05	-8.643380642901706e-10	-5.916910951888157	-0.4045642227003227	0.0068768018265885945
-999.0	365.0	-1.3509289544902361e-05	-1.0956933291008862e-09	-5.480581994547924	-0.06798222145340291	0.008349613259183911
-999.0	340.0	-1.0889543219442546e-05	-8.684748466428533e-10	-4.860205756724602	0.383580040290127	0.009730614961485735
-999.0	315.0	-7.946278091228808e-06	-4.317849410796253e-10	-4.115520069030727	0.8832241937483549	0.01072040356576766
-999.0	290.0	-6.020634987012173e-06	2.984375488669272e-11	-3.455214219236838	1.3549886147181045	0.011083548641131862
-999.0	265.0	-4.690994655041832e-06	3.142483196235782e-10	-2.9544954798012	1.7686305105065132	0.010716758908569227
-999.0	240.0	-3.087610677517059e-06	2.964234835915133e-10	-2.4934135625759786	2.1285375516723493	0.00962108871662026
-999.0	215.0	-1.9625841231285074e-06	1.7818395061229224e-10	-1.8507258405012046	2.341121921522725	0.008020057363018881
-999.0	190.0	-2.1614487893275125e-06	9.845730355224929e-11	-0.7816419683189723	2.189184286252191	0.006363784316169379
-999.0	165.0	-3.7681894475565224e-06	5.31854069957438e-11	0.6695609505254051	1.5477857391039345	0.0049318233668456165
-999.0	140.0	-5.126491504234767e-06	5.93488146324066e-12	1.7179356318450494	0.7372419856212731	0.0022938721661727706
-999.0	115.0	-4.060083129270964e-06	9.043650685208599e-13	2.4188387335657957	0.31600506948653206	-8.018538333645925e-05
-999.0	90.0	-5.746780522338553e-07	4.686253693650018e-13	4.2654005250445355	0.28710823671686214	7.010325462945847e-07
-999.0	65.0	-2.6944651241596847e-06	0.0	1.6691554281343184	0.3003851816886001	0.0
-999.0	40.0	-8.973434549249757e-07	0.0	-8.452649438270841	-0.0279955433474606	0.0
-999.0	15.0	-2.3682151347166522e-06	0.0	-16.706643988964768	-0.228539714624197	0.0
244.80555555555554	40	1001.5350019666886	day	levels	pres0
-999.0	990.0	5.596365657643251e-07	6.430726623818651e-10	-2.702254120582424	-0.747542726002473	-8.235264794726499e-05
-999.0	965.0	-3.1231220527984875e-06	-3.1329992663411362e-09	-3.8008897333969163	-1.045191859033115	-0.0003724734118451138
-999.0	940.0	-6.6950226760564505e-06	-8.245963046712935e-09	-4.489399696573781	-1.2827256065391068	-0.0009077880172028808
-999.0	915.0	-7.990240358535687e-06	-1.3665260896946358e-08	-5.058020428374941	-1.5248806793472807	-0.001564727865576683
-999.0	890.0	-1.0075574536042356e-05	-1.588286134161774e-08	-5.528869550905084	-1.719048648208889	-0.0021880120471140267
-999.0	865.0	-1.1583783699180872e-05	-1.4831274490744837e-08	-5.970372280220892	-1.8083759373022443	-0.002733921033930361
-999.0	840.0	-1.0380998390119093e-05	-1.5599760080987087e-08	-6.364839753986836	-1.7607653748896699	-0.003164635079866346
-999.0	815.0	-8.432821366309407e-06	-1.666020325321819e-08	-6.680714157628376	-1.5900585202063442	-0.003407965324117322
-999.0	790.0	-6.9575799166461435e-06	-1.7278261054003414e-08	-6.902380991865031	-1.3224509991705502	-0.0034303070278613244
-999.0	765.0	-5.827852914584251e-06	-1.6639376694069757e-08	-6.999222500824571	-1.0063383447029366	-0.0032573960829169316
-999.0	740.0	-6.2034062556979095e-06	-1.3742126247181251e-08	-6.907508292315854	-0.7062852811010761	-0.002945024449382186
-999.0	715.0	-8.294876038565182e-06	-9.223680141208968e-09	-6.64587648746402	-0.44875661920709004	-0.00253245092473612
-999.0	690.0	-1.0097797649681498e-05	-6.190369697575407e-09	-6.3136329353458756	-0.2245013280599033	-0.0020217458935531847
-999.0	665.0	-1.1145160099325357e-05	-4.702309842161144e-09	-5.925824266938837	-0.04555445839073763	-0.0014043178445198126
-999.0	640.0	-1.1638947256724893e-05	-3.753439834080002e-09	-5.644360022044442	0.07049810876037554	-0.0007200365629513595
-999.0	615.0	-1.1716835264743038e-05	-3.5340262012368282e-09	-5.5284739139914985	0.10892927434504755	-7.677924503668879e-05
-999.0	590.0	-1.155624405748565e-05	-3.0715970712347648e-09	-5.542957616096097	0.1180099347824953	0.000432051524987722
-999.0	565.0	-1.1128570737709486e-05	-2.4522401345190636e-09	-5.697728221212727	0.1037949571489581	0.0007663836519169593
-999.0	540.0	-1.0944663469369356e-05	-2.029466897950223e-09	-5.89996869712608	0.0803512239596639	0.0009373331542324606
-999.0	515.0	-1.1279823301376653e-05	-1.7913526976315102e-09	-6.116808126427603	0.038740108801440985	0.0010254503043099139
-999.0	490.0	-1.1942418772757518e-05	-1.4741422675524863e-09	-6.261754105925378	-0.06871202546689881	0.0011364433709133424
-999.0	465.0	-1.2920929922400654e-05	-9.930874326423208e-10	-6.303247081214289	-0.2484734771244402	0.0013864558519494823
-999.0	440.0	-1.4008292848991553e-05	-6.777778916902812e-10	-6.283248726324525	-0.41230480147549625	0.0018790691818542631
-999.0	415.0	-1.4784105783373497e-05	-6.436148090051915e-10	-6.185582853761708	-0.49564424556980063	0.00267248436566882
-999.0	390.0	-1.4626876122429663e-05	-8.522593664245296e-10	-5.9376441573287115	-0.38993322328998764	0.0037527774742615845
-999.0	365.0	-1.322217959881827e-05	-1.074652588428771e-09	-5.494521815559741	-0.06173554249251994	0.005001926055239217
-999.0	340.0	-1.0698968068321699e-05	-8.421378112820673e-10	-4.868025970987306	0.3788649195598269	0.006203177237647154
-999.0	315.0	-7.875161001536064e-06	-4.0262683675739453e-10	-4.119352163769946	0.867613264899944	0.007066388769698982
-999.0	290.0	-6.013493322915322e-06	5.428995099799123e-11	-3.4543470480467797	1.3328911056397326	0.00736485313758327
-999.0	265.0	-4.680030127559734e-06	3.319111903595485e-10	-2.946355339323668	1.7454463718114277	0.007009452322212138
-999.0	240.0	-3.038033422172682e-06	3.1088488184935715e-10	-2.4749353900551885	2.1055909354055946	0.006023686029619128
-999.0	215.0	-1.9298577684376688e-06	1.8706571728217174e-10	-1.8219816287128783	2.3168811593894847	0.004656186493478257
-999.0	190.0	-2.222039277453733e-06	1.0585894435232368e-10	-0.7477249280480771	2.16669752391311	0.0033916209164516946
-999.0	165.0	-3.817673819362997e-06	5.737315889635825e-11	0.7067006541024871	1.5416823807690103	0.0025839853694821844
-999.0	140.0	-5.095718886887677e-06	6.9858518113304005e-12	1.765869817564246	0.7607724698789388	0.0010606044315156938
-999.0	115.0	-4.369272266460697e-06	1.2746016186018191e-12	2.4730116625166496	0.35345828855110517	-0.0003077107824042166
-999.0	90.0	-1.0206071000372279e-06	6.978174460643392e-13	4.298087729715977	0.30790933973534385	5.568938097480856e-07
-999.0	65.0	-3.0598928377384415e-06	0.0	1.6674587472117761	0.2970637617011841	0.0
-999.0	40.0	-1.2906100854065773e-06	0.0	-8.491110768629047	-0.024891153840286055	0.0
-999.0	15.0	-2.9339542447466776e-06	0.0	-16.755424919871597	-0.2140772819496149	0.0
244.81944444444446	40	1001.4400346544054	day	levels	pres0
-999.0	990.0	-6.59029567372416e-07	1.2935694343503203e-09	-2.6835178152232544	-0.7150140388949002	-3.520105049382512e-05
-999.0	965.0	-4.1217043077956734e-06	-2.0140063139005607e-09	-3.8160820689834343	-1.0252446493616625	-0.00022147708974671468
-999.0	940.0	-7.316636915120589e-06	-7.036587513889306e-09	-4.513283088619344	-1.26912498193573	-0.0006434250920078037
-999.0	915.0	-8.401428232342298e-06	-1.2539001028616648e-08	-5.086407897649011	-1.5134032461044722	-0.0011724207949483443
-999.0	890.0	-1.0262128919927291e-05	-1.504279323534137e-08	-5.564547914781716	-1.7090867174915634	-0.0016666409017835572
-999.0	865.0	-1.1637434670772056e-05	-1.4290817918952692e-08	-6.012135485072227	-1.7995949142876815	-0.0020947313258252586
-999.0	840.0	-1.0516412909250168e-05	-1.5067795401889916e-08	-6.414131136588147	-1.7534666456638417	-0.002431709507060686
-999.0	815.0	-8.70813905979775e-06	-1.6017461520401004e-08	-6.74122526836989	-1.584775887142256	-0.0026191799970940546
-999.0	790.0	-7.374010120508646e-06	-1.6533317683463502e-08	-6.97516373572532	-1.321347560733548	-0.002634147848405563
-999.0	765.0	-6.391549150304108e-06	-1.5873542983575896e-08	-7.082187556190317	-1.0119742385606132	-0.0025089372395209453
-999.0	740.0	-6.862701408598184e-06	-1.3066064728154791e-08	-6.994928076679389	-0.7202800418204318	-0.002298739289971473
-999.0	715.0	-8.946918759946507e-06	-8.745333197596822e-09	-6.732115814715319	-0.4715906356197006	-0.0020349463248587286
-999.0	690.0	-1.0694209794451728e-05	-5.856885856454105e-09	-6.394837580172881	-0.25549491108569344	-0.001713052707012272
-999.0	665.0	-1.1664645623228269e-05	-4.441212855748272e-09	-5.997383350943389	-0.08320548142780193	-0.0013186025543333363
-999.0	640.0	-1.2049599877553794e-05	-3.5667846855679902e-09	-5.703661498464217	0.030641030727135938	-0.0008854827304145178
-999.0	615.0	-1.1986283424459974e-05	-3.4350825463524756e-09	-5.5732217090503555	0.07282992059155584	-0.000516372021222911
-999.0	590.0	-1.1703267458213723e-05	-3.048724002839059e-09	-5.575276796182883	0.08903517451330832	-0.0002995211830838674
-999.0	565.0	-1.1196462320536164e-05	-2.505716747442149e-09	-5.721137992405327	0.08502744914341757	-0.00027133402353942944
-999.0	540.0	-1.0946697392357072e-05	-2.122697844432513e-09	-5.917061984947204	0.07181542697565155	-0.0004156464374987696
-999.0	515.0	-1.1223352142764043e-05	-1.8659469103035313e-09	-6.130603030576932	0.039392423373361615	-0.000646879340399932
-999.0	490.0	-1.1819786292065225e-05	-1.5323039408707763e-09	-6.275394875119313	-0.0610392633825477	-0.0008529001714867155
-999.0	465.0	-1.2707549440501704e-05	-1.0292966222633225e-09	-6.319950740511335	-0.2363735737600915	-0.0009101102791518831
-999.0	440.0	-1.370087141767989e-05	-6.869501041005522e-10	-6.303589657316982	-0.39678793025696485	-0.0007109631508496208
-999.0	415.0	-1.442605602814918e-05	-6.3842494880884e-10	-6.208369093728666	-0.4782321072789949	-0.0001952150888666134
-999.0	390.0	-1.4280458162979151e-05	-8.401806685587875e-10	-5.958377362769338	-0.37530222387960444	0.0006287518026988122
-999.0	365.0	-1.2935069652733323e-05	-1.0536118477565574e-09	-5.50846163657161	-0.055488863531610755	0.001654293598340935
-999.0	340.0	-1.0508392917200447e-05	-8.158007759212113e-10	-4.875846185250049	0.37414979882951865	0.0026758362178215937
-999.0	315.0	-7.804043911843303e-06	-3.7346873243511057e-10	-4.123184258509199	0.8520023360514861	0.0034124735686772716
-999.0	290.0	-6.006351658818628e-06	7.87361471093264e-11	-3.453479876856745	1.3107935965612894	0.003646229881427583
-999.0	265.0	-4.6690656000778005e-06	3.4957406109553553e-10	-2.93821519884614	1.722262233116264	0.0033021523802288753
-999.0	240.0	-2.988456166828473e-06	3.2534628010721935e-10	-2.4564572175343744	2.082644319138756	0.002426142502235022
-999.0	215.0	-1.897131413747161e-06	1.9594748395207696e-10	-1.7932374169245042	2.292640397256146	0.001291923336781388
-999.0	190.0	-2.2826297655805363e-06	1.1326058515241963e-10	-0.7138078877771168	2.1442107615739197	0.00041881404153723713
-999.0	165.0	-3.8671581911701576e-06	6.156091079698397e-11	0.743840357679669	1.5355790224339998	0.00023546638590436327
-999.0	140.0	-5.064946269541288e-06	8.036822159422259e-12	1.813804003283606	0.7843029541365834	-0.00017292808729439904
-999.0	115.0	-4.678461403651371e-06	1.6448381686833631e-12	2.5271845914676896	0.3909115076157123	-0.0005352169562226522
-999.0	90.0	-1.4665361478418879e-06	9.270095227642631e-13	4.330774934387531	0.3287104427538633	4.128096973484824e-07
-999.0	65.0	-3.4253205513183495e-06	0.0	1.6657620662892285	0.2937423417137754	0.0
-999.0	40.0	-1.6838767158895735e-06	0.0	-8.529572098987368	-0.02178676433308674	0.0
-999.0	15.0	-3.499693354778749e-06	0.0	-16.804205850778576	-0.1996148492749908	0.0
244.83333333333334	40	1001.345067342123	day	levels	pres0
-999.0	990.0	-1.8776957005053758e-06	1.944066206316901e-09	-2.6647815098641208	-0.6824853517874188	1.1937160393059924e-05
-999.0	965.0	-5.120286562789616e-06	-8.950133614625929e-10	-3.8312744045698963	-1.0052974396902785	-7.048193966692482e-05
-999.0	940.0	-7.938251154182357e-06	-5.827211981068223e-09	-4.537166480664839	-1.2555243573324086	-0.000379050972719084
-999.0	915.0	-8.812616106147182e-06	-1.1412741160288996e-08	-5.114795366922994	-1.5019258128617174	-0.0007801067957519202
-999.0	890.0	-1.0448683303811245e-05	-1.4202725129066399e-08	-5.600226278658239	-1.6991247867742891	-0.0011452853112543793
-999.0	865.0	-1.1691085642362543e-05	-1.3750361347161383e-08	-6.05389868992343	-1.7908138912731697	-0.0014555709994413515
-999.0	840.0	-1.0651827428380385e-05	-1.4535830722793836e-08	-6.4634225191893	-1.7461679164380657	-0.0016988041910400633
-999.0	815.0	-8.983456753284929e-06	-1.537471978758536e-08	-6.80173637911121	-1.5794932540782136	-0.001830392476330327
-999.0	790.0	-7.790440324369558e-06	-1.5788374312925545e-08	-7.0479464795853835	-1.3202441222965748	-0.0018379701546242784
-999.0	765.0	-6.9552453860219195e-06	-1.510770927308423e-08	-7.16515261155582	-1.0176101324182945	-0.0017604579909737343
-999.0	740.0	-7.521996561496187e-06	-1.2390003209130391e-08	-7.082347861042671	-0.7342748025397638	-0.0016524462897460816
-999.0	715.0	-9.59896148132565e-06	-8.266986253986243e-09	-6.818355141966379	-0.494424652032261	-0.0015374498328768584
-999.0	690.0	-1.1290621939219984e-05	-5.523402015334005e-09	-6.476042224999676	-0.28648849411140853	-0.0014043731423658327
-999.0	665.0	-1.2184131147129522e-05	-4.1801158693363326e-09	-6.068942434947762	-0.12085650446476981	-0.0012328932103051688
-999.0	640.0	-1.2460252498381456e-05	-3.3801295370566408e-09	-5.762962974883864	-0.009216047305997115	-0.0010509141652303205
-999.0	615.0	-1.2255731584176257e-05	-3.3361388914684894e-09	-5.617969504109116	0.03673056683816514	-0.0009559204398973713
-999.0	590.0	-1.1850290858941656e-05	-3.02585093444343e-09	-5.60759597626962	0.06006041424420644	-0.0010310152686010756
-999.0	565.0	-1.1264353903363049e-05	-2.559193360364985e-09	-5.744547763597903	0.06625994113793521	-0.0013089416856792448
-999.0	540.0	-1.094873131534526e-05	-2.2159287909143936e-09	-5.934155272768323	0.06327962999166822	-0.0017685068142913273
-999.0	515.0	-1.1166880984152104e-05	-1.940541122975226e-09	-6.144397934726263	0.04004473794528358	-0.0023191211209246275
-999.0	490.0	-1.1697153811373841e-05	-1.5904656141888264e-09	-6.289035644313243	-0.05336650129821553	-0.00284220181544271
-999.0	465.0	-1.2494168958603982e-05	-1.0655058118842154e-09	-6.33665439980836	-0.224273670395773	-0.0032066726800455934
-999.0	440.0	-1.3393449986369705e-05	-6.961223165108561e-10	-6.323930588309387	-0.381271059038475	-0.0033010183063443914
-999.0	415.0	-1.406800627292635e-05	-6.332350886125896e-10	-6.231155333695552	-0.46081996898824146	-0.0030629416908148914
-999.0	390.0	-1.3934040203529837e-05	-8.281019706931704e-10	-5.97911056820989	-0.36067122446927097	-0.002495275188082942
-999.0	365.0	-1.2647959706649092e-05	-1.0325711070844527e-09	-5.522401457583425	-0.049242184570730076	-0.001693284111456465
-999.0	340.0	-1.0317817766079465e-05	-7.894637405604267e-10	-4.883666399512752	0.36943467809921554	-0.0008514080978932473
-999.0	315.0	-7.732926822150487e-06	-3.443106281128787e-10	-4.127016353248417	0.8363914072030717	-0.00024134203716190075
-999.0	290.0	-5.999209994721747e-06	1.0318234322062395e-10	-3.452612705666688	1.2886960874829139	-7.232112723069587e-05
-999.0	265.0	-4.6581010725956895e-06	3.6723693183150494e-10	-2.9300750583686073	1.6990780944211752	-0.000405140917353374
-999.0	240.0	-2.9388789114840583e-06	3.3980767836506324e-10	-2.4379790450135834	2.059697702871997	-0.0011715418656047531
-999.0	215.0	-1.8644050590562582e-06	2.0482925062195625e-10	-1.764493205136179	2.2683996351229037	-0.0020727321072163372
-999.0	190.0	-2.343220253706729e-06	1.20662225952495e-10	-0.6798908475062244	2.1217239992348382	-0.002554636308724555
-999.0	165.0	-3.9166425629767035e-06	6.574866269759858e-11	0.7809800612567472	1.529475664099076	-0.002113733584000224
-999.0	140.0	-5.034173652194351e-06	9.087792507511987e-12	1.8617381890027975	0.8078334383942448	-0.0014067253902713792
-999.0	115.0	-4.987650540841142e-06	2.01507471876429e-12	2.581357520418537	0.4283647266802785	-0.0007627039047904695
-999.0	90.0	-1.9124651956452764e-06	1.1562015994635762e-12	4.363462139058968	0.349511545772341	2.687802090969999e-07
-999.0	65.0	-3.790748264897133e-06	0.0	1.6640653853666854	0.29042092172635703	0.0
-999.0	40.0	-2.0771433463712083e-06	0.0	-8.568033429345574	-0.01868237482590951	0.0
-999.0	15.0	-4.065432464808788e-06	0.0	-16.852986781685413	-0.1851524166004059	0.0
244.84722222222223	40	1001.2501000298394	day	levels	pres0
-999.0	990.0	-3.0963618336416876e-06	2.5945629782852006e-09	-2.646045204504949	-0.6499566646798556	5.906198359260354e-05
-999.0	965.0	-6.118868817786517e-06	2.2397959097764572e-10	-3.8464667401564028	-0.9853502300188377	8.051203829398448e-05
-999.0	940.0	-8.559865393246277e-06	-4.617836448244975e-09	-4.561049872710391	-1.2419237327290436	-0.00011466565950183304
-999.0	915.0	-9.223803979953612e-06	-1.0286481291959424e-08	-5.1431828361970515	-1.4904483796189232	-0.00038778586905027844
-999.0	890.0	-1.0635237687696067e-05	-1.3362657022789903e-08	-5.635904642534858	-1.6891628560569791	-0.0006239452766245685
-999.0	865.0	-1.1744736613953639e-05	-1.3209904775368841e-08	-6.09566189477475	-1.7820328682586242	-0.0008164400553372224
-999.0	840.0	-1.0787241947511461e-05	-1.4003866043695982e-08	-6.512713901790592	-1.7388691872122548	-0.0009659191326665698
-999.0	815.0	-9.258774446773309e-06	-1.4731978054767505e-08	-6.862247489852696	-1.574210621014139	-0.0010416027638981324
-999.0	790.0	-8.206870528232e-06	-1.5043430942385374e-08	-7.120729223445641	-1.3191406838595825	-0.001041773949186074
-999.0	765.0	-7.518941621741547e-06	-1.434187556259057e-08	-7.248117666921535	-1.0232460262759773	-0.0010119583391315478
-999.0	740.0	-8.181291714396183e-06	-1.1713941690104309e-08	-7.1697676454061705	-0.7482695632591225	-0.001006145449341392
-999.0	715.0	-1.0251004202706817e-05	-7.78863931037429e-09	-6.904594469217641	-0.5172586684448733	-0.001039961448802271
-999.0	690.0	-1.188703408399019e-05	-5.189918174212771e-09	-6.5572468698266535	-0.31748207713719767	-0.001095707199568957
-999.0	665.0	-1.2703616671032491e-05	-3.919018882923564e-09	-6.140501518952285	-0.1585075275018299	-0.001147189812428567
-999.0	640.0	-1.287090511921046e-05	-3.193474388544743e-09	-5.822264451303623	-0.04907312533923114	-0.0012163308673935227
-999.0	615.0	-1.2525179743893336e-05	-3.237195236584238e-09	-5.662717299167957	0.0006312130846780045	-0.001395424501005632
-999.0	590.0	-1.1997314259669898e-05	-3.0029778660478077e-09	-5.639915156356403	0.031085653975020767	-0.0017624307313961027
-999.0	565.0	-1.1332245486189905e-05	-2.6126699732881247e-09	-5.767957534790508	0.04749243313239058	-0.0023464393341488233
-999.0	540.0	-1.0950765238333167e-05	-2.309159737396715e-09	-5.951248560589455	0.054743833007647125	-0.0031212479757570712
-999.0	515.0	-1.1110409825539714e-05	-2.015135335647269e-09	-6.158192838875603	0.04069705251719387	-0.0039912750371289465
-999.0	490.0	-1.1574521330681778e-05	-1.6486272875071242e-09	-6.302676413507193	-0.045693739213874054	-0.0048314615609388245
-999.0	465.0	-1.228078847670523e-05	-1.1017150015052086e-09	-6.353358059105424	-0.21217376703143032	-0.0055032313507428115
-999.0	440.0	-1.3086028555058225e-05	-7.052945289211181e-10	-6.3442715193018575	-0.3657541878199446	-0.005891096284640289
-999.0	415.0	-1.3709956517702211e-05	-6.280452284162462e-10	-6.25394157366253	-0.4434078306974317	-0.005930695440199268
-999.0	390.0	-1.358762224407948e-05	-8.160232728274421e-10	-5.999843773650541	-0.3460402250588807	-0.005619303498096444
-999.0	365.0	-1.2360849760564284e-05	-1.0115303664122492e-09	-5.536341278595326	-0.04299550560981235	-0.005040807074129646
-999.0	340.0	-1.012724261495833e-05	-7.631267051995788e-10	-4.891486613775524	0.36471955736891754	-0.004378555709431934
-999.0	315.0	-7.6618097324578e-06	-3.151525237906012e-10	-4.130848447987695	0.8207804783546272	-0.0038950580477159244
-999.0	290.0	-5.992068330625095e-06	1.2762853933196026e-10	-3.4517455344766734	1.266598578404486	-0.0037907998883201107
-999.0	265.0	-4.647136545113765e-06	3.8489980256749844e-10	-2.921934917891096	1.675893955726027	-0.004112427570539829
-999.0	240.0	-2.889301656139822e-06	3.5426907662292523e-10	-2.4195008724927836	2.036751086605172	-0.004769367074003782
-999.0	215.0	-1.8316787043656707e-06	2.1371101729185498e-10	-1.7357489933478143	2.2441588729895807	-0.00543777983868792
-999.0	190.0	-2.403810741833432e-06	1.280638667525864e-10	-0.6459738072352704	2.0992372368956658	-0.005528730134509055
-999.0	165.0	-3.9661269347837084e-06	6.993641459822131e-11	0.8181197648339227	1.5233723057640836	-0.004463614540363528
-999.0	140.0	-5.003401034847724e-06	1.0138762855603273e-11	1.9096723747221442	0.8313639226519042	-0.0026407874774393015
-999.0	115.0	-5.2968396780316375e-06	2.3853112688458534e-12	2.635530449369555	0.4658179457448964	-0.0009901716281080946
-999.0	90.0	-2.3583942434497814e-06	1.3853936761635274e-12	4.396149343730506	0.3703126487908595	1.248053449947662e-07
-999.0	65.0	-4.156175978476823e-06	0.0	1.662368704444141	0.28709950173894455	0.0
-999.0	40.0	-2.4704099768539505e-06	0.0	-8.606494759703876	-0.01557798531871912	0.0
-999.0	15.0	-4.631171574840632e-06	0.0	-16.901767712592367	-0.17068998392578613	0.0
244.86111111111111	40	1001.1551327175563	day	levels	pres0
-999.0	990.0	-4.31502796677463e-06	3.2450597502517564e-09	-2.627308899145816	-0.6174279775723797	0.00010617341798382964
-999.0	965.0	-7.117451072780451e-06	1.3429725434155815e-09	-3.8616590757428675	-0.9654030203474608	0.00023150484403465879
-999.0	940.0	-9.181479632308033e-06	-3.408460915423924e-09	-4.584933264755886	-1.2283231081257298	0.00014973084747688282
-999.0	915.0	-9.63499185375849e-06	-9.160221423631789e-09	-5.1715703054710405	-1.4789709463761753	4.541984090660405e-06
-999.0	890.0	-1.082179207158003e-05	-1.2522588916514906e-08	-5.671583006411385	-1.6792009253397115	-0.00010262079899626534
-999.0	865.0	-1.179838758554413e-05	-1.2669448203577476e-08	-6.13742509962595	-1.7732518452441188	-0.00017733849407630317
-999.0	840.0	-1.0922656466641676e-05	-1.3471901364599887e-08	-6.562005284391749	-1.7315704579864835	-0.00023305433280780503
-999.0	815.0	-9.534092140260471e-06	-1.4089236321951862e-08	-6.922758600594021	-1.5689279879501024	-0.0002528108618753511
-999.0	790.0	-8.623300732092883e-06	-1.4298487571847447e-08	-7.19351196730571	-1.3180372454226141	-0.00024555923476536054
-999.0	765.0	-8.082637857459334e-06	-1.3576041852098929e-08	-7.331082722287039	-1.0288819201336623	-0.0002634382858557585
-999.0	740.0	-8.840586867294158e-06	-1.1037880171079907e-08	-7.257187429769457	-0.7622643239784573	-0.0003598367693967681
-999.0	715.0	-1.0903046924085932e-05	-7.310292366763705e-09	-6.990833796468703	-0.5400926848574359	-0.0005424811726492123
-999.0	690.0	-1.248344622875843e-05	-4.856434333092653e-09	-6.638451514653446	-0.3484756601629146	-0.0007870548785773611
-999.0	665.0	-1.3223102194933732e-05	-3.657921896511605e-09	-6.21206060295666	-0.19615855053879955	-0.001061492360695252
-999.0	640.0	-1.328155774003813e-05	-3.0068192400333756e-09	-5.881565927723267	-0.08893020337236655	-0.0013817328368949519
-999.0	615.0	-1.2794627903609637e-05	-3.1382515817002334e-09	-5.7074650942267215	-0.0354681406687163	-0.0018348842044867487
-999.0	590.0	-1.214433766039787e-05	-2.980104797652162e-09	-5.67223433644314	0.0021108937059141023	-0.002493767571291965
-999.0	565.0	-1.1400137069016838e-05	-2.6661465862109485e-09	-5.791367305983082	0.028724925126903347	-0.0033838269685825947
-999.0	540.0	-1.0952799161321413e-05	-2.4023906838785847e-09	-5.968341848410574	0.046208036023659936	-0.004473869921493261
-999.0	515.0	-1.1053938666927839e-05	-2.0897295483189484e-09	-6.1719877430249355	0.041349367089114186	-0.005663341088860437
-999.0	490.0	-1.145188884999044e-05	-1.7067889608251542e-09	-6.316317182701126	-0.03802097712954166	-0.006820679407939512
-999.0	465.0	-1.2067407994807557e-05	-1.1379241911260747e-09	-6.370061718402447	-0.2000738636671106	-0.007799786291232671
-999.0	440.0	-1.2778607123748094e-05	-7.144667413313936e-10	-6.364612450294265	-0.3502373166014531	-0.008481197085723405
-999.0	415.0	-1.335190676247946e-05	-6.228553682199679e-10	-6.276727813629421	-0.425995692406677	-0.008798476337016909
-999.0	390.0	-1.3241204284630276e-05	-8.039445749618017e-10	-6.020576979091098	-0.33140922564854564	-0.008743333127326643
-999.0	365.0	-1.20737398144802e-05	-9.904896257401338e-10	-5.550281099607141	-0.036748826648929395	-0.008388275289625999
-999.0	340.0	-9.936667463837477e-06	-7.367896698387932e-10	-4.899306828038228	0.3600044366386174	-0.007905606616698728
-999.0	315.0	-7.5906926427650616e-06	-2.8599441946837046e-10	-4.134680542726914	0.8051695495062158	-0.0075486744628512435
-999.0	290.0	-5.9849266665282445e-06	1.520747354432586e-10	-3.4508783632866167	1.244501069326114	-0.0075092064017381575
-999.0	265.0	-4.636172017631669e-06	4.025626733034686e-10	-2.913794777413564	1.652709817030942	-0.007819707579305219
-999.0	240.0	-2.8397244007954458e-06	3.687304748807691e-10	-2.4010226999719935	2.013804470338417	-0.00836733312303655
-999.0	215.0	-1.798952349674831e-06	2.2259278396173445e-10	-1.7070047815594882	2.21991811085634	-0.008803219857779595
-999.0	190.0	-2.464401229959652e-06	1.3546550755266082e-10	-0.6120567669643754	2.0767504745565843	-0.008503467435968214
-999.0	165.0	-4.015611306590183e-06	7.412416649883573e-11	0.8552594684110044	1.5172689474291594	-0.006814176483298973
-999.0	140.0	-4.972628417500635e-06	1.1189733203693014e-11	1.9576065604413408	0.8548944069095695	-0.0038751143488125277
-999.0	115.0	-5.606028815221371e-06	2.7555478189268127e-12	2.6897033783204085	0.5032711648094693	-0.0012176201261742702
-999.0	90.0	-2.804323291253154e-06	1.6145857528628639e-12	4.4288365484019465	0.3911137518093412	-1.9114894956885645e-08
-999.0	65.0	-4.52160369205558e-06	0.0	1.6606720235215988	0.2837780817515285	0.0
-999.0	40.0	-2.863676607335553e-06	0.0	-8.644956090062081	-0.012473595811544558	0.0
-999.0	15.0	-5.196910684870659e-06	0.0	-16.950548643499193	-0.15622755125120394	0.0
244.875	40	1001.0601654052733	day	levels	pres0
-999.0	990.0	-5.533694099910833e-06	3.895556522219981e-09	-2.6085725937866497	-0.5848992904648185	0.00015327146244624294
-999.0	965.0	-8.11603332777726e-06	2.461965495855605e-09	-3.8768514113293753	-0.9454558106760184	0.0003824964774547848
-999.0	940.0	-9.803093871371934e-06	-2.199085382600947e-09	-4.608816656801436	-1.2147224835223622	0.0004141385480518445
-999.0	915.0	-1.0046179727564945e-05	-8.033961555302535e-09	-5.199957774745093	-1.4674935131333766	0.00039687676260769975
-999.0	890.0	-1.10083464554649e-05	-1.1682520810238741e-08	-5.707261370288	-1.6692389946223953	0.00041868812053199916
-999.0	865.0	-1.1852038557135306e-05	-1.2128991631785245e-08	-6.179188304477266	-1.764470822229567	0.00046173368378241424
-999.0	840.0	-1.1058070985772819e-05	-1.2939936685502346e-08	-6.611296666993034	-1.724271728760666	0.000499790207673616
-999.0	815.0	-9.809409833748903e-06	-1.3446494589134313e-08	-6.9832697113355	-1.5636453548860219	0.0005359832276652375
-999.0	790.0	-9.039730935955396e-06	-1.3553544201307505e-08	-7.2662947111659575	-1.3169338069856162	0.0005506739859683417
-999.0	765.0	-8.646334093179049e-06	-1.2810208141605405e-08	-7.414047777652741	-1.0345178139913411	0.00048510216699665685
-999.0	740.0	-9.499882020194224e-06	-1.0361818652053906e-08	-7.344607214132944	-0.7762590846978127	0.0002864797494519021
-999.0	715.0	-1.1555089645467146e-05	-6.831945423151793e-09	-7.077073123719955	-0.5629267012700438	-4.500900442983364e-05
-999.0	690.0	-1.3079858373528645e-05	-4.52295049197144e-09	-6.7196561594804125	-0.379469243188699	-0.00047841617934642883
-999.0	665.0	-1.3742587718836685e-05	-3.3968249100988394e-09	-6.283619686961175	-0.2338095735758543	-0.0009758008550986572
-999.0	640.0	-1.3692210360867094e-05	-2.820164091521471e-09	-5.940867404143016	-0.1287872814055946	-0.0015471200737294142
-999.0	615.0	-1.3064076063326662e-05	-3.0393079268159684e-09	-5.75221288928555	-0.07156749442219731	-0.0022742995502861947
-999.0	590.0	-1.2291361061126037e-05	-2.957231729256526e-09	-5.704553516529915	-0.02686386656326554	-0.003225025788120629
-999.0	565.0	-1.1468028651843608e-05	-2.7196231991340783e-09	-5.814777077175678	0.009957417121364016	-0.004421104588626501
-999.0	540.0	-1.095483308430922e-05	-2.4956216303609023e-09	-5.985435136231696	0.03767223903964299	-0.005826372651111185
-999.0	515.0	-1.0997467508315352e-05	-2.164323760990993e-09	-6.185782647174264	0.042001681661026344	-0.007335319275983112
-999.0	490.0	-1.1329256369298277e-05	-1.764950634143459e-09	-6.329957951895065	-0.03034821504520043	-0.00880985535642801
-999.0	465.0	-1.1854027512908715e-05	-1.1741333807470782e-09	-6.3867653776995	-0.18797396030277008	-0.010096337501525218
-999.0	440.0	-1.2471185692436533e-05	-7.236389537416631e-10	-6.38495338128673	-0.33472044538292617	-0.011071320709602702
-999.0	415.0	-1.299385700725525e-05	-6.17665508023627e-10	-6.299514053596391	-0.40858355411587066	-0.011666284381289676
-999.0	390.0	-1.2894786325179871e-05	-7.918658770960728e-10	-6.041310184531743	-0.31677822623815804	-0.011867364075784821
-999.0	365.0	-1.178662986839535e-05	-9.694488850679288e-10	-5.564220920619038	-0.03050214768801298	-0.011735688757920644
-999.0	340.0	-9.746092312716312e-06	-7.104526344779446e-10	-4.907127042300999	0.35528931590831936	-0.011432560819626628
-999.0	315.0	-7.519575553072363e-06	-2.5683631514609404e-10	-4.138512637466191	0.7895586206577719	-0.011202191282463683
-999.0	290.0	-5.977785002431591e-06	1.7652093155459022e-10	-3.4500111920966043	1.2224035602476868	-0.011227540667411879
-999.0	265.0	-4.625207490149746e-06	4.2022554403945524e-10	-2.905654636936055	1.629525678335792	-0.011526980943653382
-999.0	240.0	-2.7901471454512183e-06	3.8319187313862605e-10	-2.382544527451197	1.9908578540715904	-0.011965440012805414
-999.0	215.0	-1.766225994984263e-06	2.314745506316318e-10	-1.6782605697711308	2.195677348723014	-0.012169052164663267
-999.0	190.0	-2.524991718086379e-06	1.4286714835275172e-10	-0.5781397266934314	2.0542637122174097	-0.01147884821327645
-999.0	165.0	-4.065095678397258e-06	7.831191839945835e-11	0.8923991719881694	1.5111655890941615	-0.009165419412937772
-999.0	140.0	-4.941855800154124e-06	1.2240703551784175e-11	2.005540746160679	0.8784248911672169	-0.005109706004414747
-999.0	115.0	-5.9152179524118524e-06	3.1257843690082705e-12	2.7438763072714196	0.5407243838740722	-0.0014450493989893733
-999.0	90.0	-3.2502523390576233e-06	1.8437778295627626e-12	4.4615237530734815	0.4119148548278546	-1.629805107568069e-07
-999.0	65.0	-4.88703140563527e-06	0.0	1.6589753425990534	0.2804566617641183	0.0
-999.0	40.0	-3.2569432378183182e-06	0.0	-8.683417420420382	-0.009369206304351459	0.0
-999.0	15.0	-5.762649794902514e-06	0.0	-16.99932957440615	-0.14176511857658625	0.0
244.88888888888889	40	1001.3546555130572	day	levels	pres0
-999.0	990.0	-5.3798725585956155e-06	4.376189072028842e-09	-2.5900663288287062	-0.5527142675098747	0.00019808462032608616
-999.0	965.0	-7.840731588897414e-06	3.4469477889815987e-09	-3.8928177903096075	-0.9260927739230959	0.000499288833441473
-999.0	940.0	-9.131245320663699e-06	-1.3115207723908013e-09	-4.633609344561919	-1.2018926789707947	0.0006032956938473948
-999.0	915.0	-9.214857240099484e-06	-7.372117234023561e-09	-5.229137560099758	-1.4567458114965994	0.0006577995939902137
-999.0	890.0	-9.972637307687687e-06	-1.132352990221231e-08	-5.7434952656428395	-1.6596802505031951	0.0007451004488356567
-999.0	865.0	-1.0691045049515555e-05	-1.2100962880457013e-08	-6.2211525418140745	-1.7558100069585398	0.0008525099009724029
-999.0	840.0	-1.0009411911176428e-05	-1.2942658984843726e-08	-6.660518393104514	-1.7170901226085657	0.0009563718406996014
-999.0	815.0	-8.944985138977297e-06	-1.3308670339512554e-08	-7.043646873515391	-1.5585552266867715	0.0010522186633520987
-999.0	790.0	-8.35585881159329e-06	-1.322542663982302e-08	-7.338953169775671	-1.3160686658488254	0.0011135323586151753
-999.0	765.0	-8.154585037702098e-06	-1.2326851327309982e-08	-7.49669650896104	-1.0403306645378563	0.001078142511878903
-999.0	740.0	-9.126530000294613e-06	-9.855623034419814e-09	-7.431523197962997	-0.7903966187373079	0.0008908432451328215
-999.0	715.0	-1.1175098576338761e-05	-6.463630189700921e-09	-7.162779504502339	-0.5859506922302806	0.0005512627882612796
-999.0	690.0	-1.2640245826112996e-05	-4.277516216508546e-09	-6.800348305407934	-0.41071336451391904	9.071400927848796e-05
-999.0	665.0	-1.3207512416551328e-05	-3.2343257169808113e-09	-6.354754869768705	-0.2717791609006526	-0.0004516330703789674
-999.0	640.0	-1.3045381486413844e-05	-2.747386142688207e-09	-5.999873282364897	-0.16902568691448558	-0.0010836517013475399
-999.0	615.0	-1.2296399964189381e-05	-3.066715251953418e-09	-5.796826230890982	-0.10809989581693133	-0.001884926341818562
-999.0	590.0	-1.1457356369436137e-05	-3.049545129763182e-09	-5.736786813325733	-0.056325455644648074	-0.002921590558804685
-999.0	565.0	-1.0632516639039385e-05	-2.856890052688599e-09	-5.838030998583565	-0.00934557809876193	-0.004215356578402902
-999.0	540.0	-1.012619840629957e-05	-2.646361748844914e-09	-6.002300049741694	0.028609297811729557	-0.005727381085380366
-999.0	515.0	-1.0166768763444504e-05	-2.2772463588484013e-09	-6.199295838949854	0.04219352021628944	-0.007345562490478898
-999.0	490.0	-1.0463305608389353e-05	-1.84769764038684e-09	-6.343314856290818	-0.023090656835261455	-0.00892490948293346
-999.0	465.0	-1.090020283709045e-05	-1.2321092735725094e-09	-6.403216649835686	-0.17626161420326136	-0.010307274583169738
-999.0	440.0	-1.1422594955949085e-05	-7.55478177968279e-10	-6.405115520282682	-0.3195801186202708	-0.011368950429034142
-999.0	415.0	-1.1893089512787674e-05	-6.293221762691485e-10	-6.322236807671997	-0.3915462867460096	-0.012044930957000212
-999.0	390.0	-1.1805365992022277e-05	-7.873053137657686e-10	-6.062070275300486	-0.3025151733078841	-0.012323033959534881
-999.0	365.0	-1.0760450608038396e-05	-9.56442054956281e-10	-5.578255518811021	-0.024599852132376962	-0.012261884075844208
-999.0	340.0	-8.807953812836663e-06	-6.933612156922878e-10	-4.915049189908668	0.3502578290846268	-0.012019416949654851
-999.0	315.0	-6.6750786869729815e-06	-2.408297862733395e-10	-4.142408311734994	0.7736597388090128	-0.011836839760693276
-999.0	290.0	-5.20964437292445e-06	1.9015414357833178e-10	-3.449173624960751	1.2000414529516144	-0.011894639757167126
-999.0	265.0	-3.9144990185542755e-06	4.3009094113758196e-10	-2.8975116629383586	1.6060804362282075	-0.012207348756355386
-999.0	240.0	-2.1243017111034105e-06	3.920762524084662e-10	-2.364040221421072	1.96764547350227	-0.01263311383237626
-999.0	215.0	-1.1317345929692812e-06	2.3820153068305903e-10	-1.649498334338441	2.1711772735471713	-0.012794079927732087
-999.0	190.0	-1.8587701011599825e-06	1.508991931368696e-10	-0.5442353771240444	2.031508025103841	-0.012034344946593905
-999.0	165.0	-3.1861574802634145e-06	8.32433660407682e-11	0.9295228108947996	1.5047337238067138	-0.009623650284059695
-999.0	140.0	-3.713001544597153e-06	1.3174489206540918e-11	2.05343517118404	0.9015873489717361	-0.005324890754558437
-999.0	115.0	-4.758331515465627e-06	3.4263082403416206e-12	2.7980328683316644	0.5781124534978734	-0.0014321859925842883
-999.0	90.0	-2.3575840412154785e-06	1.9762240894788113e-12	4.49420929290818	0.4327131098849298	-2.421968002705181e-07
-999.0	65.0	-4.20570387827509e-06	0.0	1.6572784294408776	0.2771352117444297	0.0
-999.0	40.0	-2.8821255083951884e-06	0.0	-8.721879826697707	-0.006264857384426184	0.0
-999.0	15.0	-5.438824002030383e-06	0.0	-17.048111680711173	-0.1273027415743624	0.0
244.90277777777777	40	1001.6491456208406	day	levels	pres0
-999.0	990.0	-5.22605101728048e-06	4.856821621835994e-09	-2.5715600638707916	-0.5205292445550145	0.0002428847350869989
-999.0	965.0	-7.565429850017744e-06	4.431930082105265e-09	-3.9087841692897958	-0.906729737170236	0.0006160799955230327
-999.0	940.0	-8.459396769956527e-06	-4.2395616218226573e-10	-4.6584020323223445	-1.1890628744192788	0.0007924606149525032
-999.0	915.0	-8.383534752635703e-06	-6.710272912745617e-09	-5.258317345454357	-1.4459981098598713	0.0009187268386931916
-999.0	890.0	-8.936928159912825e-06	-1.0964538994186594e-08	-5.779729160997588	-1.650121506384041	0.001071502783616113
-999.0	865.0	-9.530051541898398e-06	-1.2072934129129095e-08	-6.263116779150769	-1.7471491916875574	0.0012432679911305714
-999.0	840.0	-8.960752836582293e-06	-1.2945381284185806e-08	-6.709740119215861	-1.709908516456511	0.0014129407214028302
-999.0	815.0	-8.080560444207473e-06	-1.317084608989198e-08	-7.104024035695134	-1.5534650984875635	0.0015684552389793262
-999.0	790.0	-7.671986687232454e-06	-1.2897309078340064e-08	-7.411611628385205	-1.3152035247120628	0.0016764033233022506
-999.0	765.0	-7.662835982225929e-06	-1.18434945130163e-08	-7.579345240269141	-1.0461435150843765	0.0016711984746402787
-999.0	740.0	-8.753177980395528e-06	-9.34942741678741e-09	-7.5184391817928455	-0.8045341527767823	0.001495213423314704
-999.0	715.0	-1.0795107507210907e-05	-6.095314956251493e-09	-7.248485885284531	-0.608974683190471	0.0011475245311160312
-999.0	690.0	-1.2200633278698027e-05	-4.032081941046816e-09	-6.881040451335285	-0.44195748583907046	0.0006598186018017453
-999.0	665.0	-1.2672437114266963e-05	-3.071826523863551e-09	-6.425890052576095	-0.3097487482253651	7.249796851668956e-05
-999.0	640.0	-1.2398552611962018e-05	-2.6746081938553467e-09	-6.058879160586674	-0.20926409242328317	-0.0006202247253918921
-999.0	615.0	-1.1528723865054071e-05	-3.094122577090914e-09	-5.841439572496345	-0.14463229721157783	-0.0014955925463148298
-999.0	590.0	-1.0623351677748585e-05	-3.1418585302696216e-09	-5.769020110121516	-0.08578704472595668	-0.0026181880735545726
-999.0	565.0	-9.79700462623766e-06	-2.994156906242692e-09	-5.861284919991438	-0.028648573318834834	-0.004009630466476449
-999.0	540.0	-9.297563728292451e-06	-2.7971018673284263e-09	-6.019164963251688	0.01954635658384666	-0.0056283982642305495
-999.0	515.0	-9.336070018576171e-06	-2.3901689567054308e-09	-6.212809030725445	0.04238535877156151	-0.007355805153491213
-999.0	490.0	-9.597354847483072e-06	-1.9304446466299405e-09	-6.356671760686565	-0.01583309862533039	-0.009039961159613513
-999.0	465.0	-9.946378161275175e-06	-1.2900851663977714e-09	-6.419667921971846	-0.16454926810377243	-0.010518211288397954
-999.0	440.0	-1.037400421946494e-05	-7.873174021948468e-10	-6.425277659278585	-0.30443979185764997	-0.011666582710223916
-999.0	415.0	-1.0792322018323493e-05	-6.409788445146864e-10	-6.344959561747525	-0.37450901937619896	-0.012423581096395749
-999.0	390.0	-1.0715945658867878e-05	-7.827447504355395e-10	-6.082830366069145	-0.28825212037766196	-0.012778703793342085
-999.0	365.0	-9.734271347684228e-06	-9.434352248447222e-10	-5.592290117002927	-0.018697556576773525	-0.012788070450927197
-999.0	340.0	-7.869815312959373e-06	-6.762697969066945e-10	-4.922971337516273	0.3452263422609328	-0.012606256603234148
-999.0	315.0	-5.830581820875621e-06	-2.248232574006129e-10	-4.146303986003738	0.7577608569602874	-0.012471470566704982
-999.0	290.0	-4.44150374341911e-06	2.0378735560205884e-10	-3.448336057824854	1.1776793456555998	-0.012561725603638418
-999.0	265.0	-3.2037905469604913e-06	4.3995633823570335e-10	-2.8893686889406367	1.5826351941206878	-0.012887715146313965
-999.0	240.0	-1.4584562767571938e-06	4.009606316782953e-10	-2.3455359153909505	1.9444330929330211	-0.013300813891802989
-999.0	215.0	-4.9724319095581e-07	2.4492851073446404e-10	-1.6207360989057829	2.146677198371415	-0.01341918052360451
-999.0	190.0	-1.1925484842351267e-06	1.5893123792096547e-10	-0.5103310275547055	2.008752337990365	-0.012589960991492604
-999.0	165.0	-2.307219282131509e-06	8.817481368206709e-11	0.966646449801347	1.4983018585193388	-0.010082012657745621
-999.0	140.0	-2.484147289042666e-06	1.4108274861296151e-11	2.10132959620726	0.9247498067762738	-0.005540121248454746
-999.0	115.0	-3.601445078521925e-06	3.7268321116745095e-12	2.8521894293917494	0.6155005231216459	-0.0014193236729640529
-999.0	90.0	-1.4649157433752515e-06	2.108670349394503e-12	4.526894832742791	0.453511364941974	-3.21383002537826e-07
-999.0	65.0	-3.524376350916458e-06	0.0	1.655581516282703	0.27381376172473515	0.0
-999.0	40.0	-2.5073077789728497e-06	0.0	-8.760342232974944	-0.003160508464519377	0.0
-999.0	15.0	-5.1149982091587584e-06	0.0	-17.096893787016075	-0.11284036457217417	0.0
244.91666666666666	40	1001.9436357286241	day	levels	pres0
-999.0	990.0	-5.072229475965241e-06	5.33745417164487e-09	-2.55305379891284	-0.48834422160006336	0.0002876718058343596
-999.0	965.0	-7.290128111137866e-06	5.416912375231383e-09	-3.924750548270024	-0.8873667004173081	0.0007328699636396799
-999.0	940.0	-7.787548219248188e-06	4.636084480280325e-10	-4.683194720082825	-1.176233069867708	0.0009816333112249835
-999.0	915.0	-7.552212265170103e-06	-6.048428591466488e-09	-5.287497130809023	-1.435250408223092	0.0011796584959511446
-999.0	890.0	-7.901219012135467e-06	-1.060554808616004e-08	-5.8159630563524285	-1.6405627622648393	0.001397895124113842
-999.0	865.0	-8.369058034278474e-06	-1.2044905377800771e-08	-6.305081016487578	-1.7384883764165302	0.0016340079538572914
-999.0	840.0	-7.912093761985753e-06	-1.2948103583527015e-08	-6.758961845327343	-1.7027269103044111	0.0018694968491687694
-999.0	815.0	-7.216135749435734e-06	-1.303302184027001e-08	-7.164401197875027	-1.548374970288315	0.0020846929530367072
-999.0	790.0	-6.988114562870191e-06	-1.2569191516855423e-08	-7.484270086994925	-1.3143383835752727	0.0022392868779175503
-999.0	765.0	-7.171086926748786e-06	-1.1360137698720813e-08	-7.66199397157745	-1.0519563656308917	0.0022642700535956575
-999.0	740.0	-8.379825960495729e-06	-8.843231799153312e-09	-7.605355165622909	-0.8186716868162781	0.0020995902832801304
-999.0	715.0	-1.0415116438082359e-05	-5.726999722800642e-09	-7.334192266066921	-0.6319986741507094	0.00174377622409392
-999.0	690.0	-1.1761020731282235e-05	-3.786647665583964e-09	-6.9617325972628175	-0.4732016071642934	0.0012288975983384888
-999.0	665.0	-1.2137361811981479e-05	-2.9093273307455753e-09	-6.497025235383638	-0.3477183355501673	0.0005965922616812815
-999.0	640.0	-1.1751723737508642e-05	-2.6018302450221375e-09	-6.117885038808568	-0.2495024979321779	-0.0001568391458306892
-999.0	615.0	-1.0761047765916674e-05	-3.1215299022284163e-09	-5.886052914101787	-0.18116469860631448	-0.001106298163774599
-999.0	590.0	-9.78934698605857e-06	-3.2341719307763234e-09	-5.801253406917343	-0.11524863380734082	-0.0023148183323965336
-999.0	565.0	-8.961492613433336e-06	-3.131423759797244e-09	-5.884538841399337	-0.04795156853896147	-0.00380392625288746
-999.0	540.0	-8.468929050282707e-06	-2.947841985812462e-09	-6.036029876761693	0.010483415355932807	-0.00552942418767865
-999.0	515.0	-8.505371273705238e-06	-2.503091554562858e-09	-6.226322222501044	0.04257719732682421	-0.007366047265020278
-999.0	490.0	-8.731404086574065e-06	-2.0131916528733387e-09	-6.370028665082327	-0.00857554041539144	-0.009155010386470082
-999.0	465.0	-8.99255348545683e-06	-1.348061059223219e-09	-6.436119194108041	-0.1528369220042628	-0.010729147617210883
-999.0	440.0	-9.32541348297741e-06	-8.191566264214814e-10	-6.445439798274547	-0.28929946509499294	-0.011964217553170894
-999.0	415.0	-9.69155452385583e-06	-6.526355127602259e-10	-6.367682315823137	-0.35747175200633596	-0.012802234799477853
-999.0	390.0	-9.626525325710176e-06	-7.781841871052502e-10	-6.1035904568378925	-0.27398906744738727	-0.01323437357720793
-999.0	365.0	-8.708092087327137e-06	-9.304283947330829e-10	-5.606324715194914	-0.01279526102113866	-0.013314247883167117
-999.0	340.0	-6.931676813079581e-06	-6.591783781210399e-10	-4.930893485123943	0.3401948554372376	-0.013193079780355743
-999.0	315.0	-4.986084954776115e-06	-2.0881672852785673e-10	-4.150199660272538	0.7418619751115253	-0.0131060837004832
-999.0	290.0	-3.673363113911868e-06	2.1742056762580438e-10	-3.447498490688999	1.155317238359525	-0.013228798206814902
-999.0	265.0	-2.4930820753649393e-06	4.4982173533383586e-10	-2.8812257149429374	1.5591899520130987	-0.013568080113530114
-999.0	240.0	-7.926108424093216e-07	4.098450109481394e-10	-2.3270316093608217	1.9212207123636988	-0.013968540191103093
-999.0	215.0	1.37248211059218e-07	2.5165549078589107e-10	-1.5919738634730864	2.1221771231955704	-0.014044353952311302
-999.0	190.0	-5.263268673086929e-07	1.6696328270508424e-10	-0.47642667798531035	1.9859966508767974	-0.01314569634800599
-999.0	165.0	-1.4282810839975753e-06	9.310626132337736e-11	1.0037700887079835	1.491869993231896	-0.010540506534022382
-999.0	140.0	-1.2552930334855382e-06	1.504206051605308e-11	2.149224021230624	0.9479122645808014	-0.005755397486108212
-999.0	115.0	-2.4445586415755492e-06	4.027355983007936e-12	2.906345990451992	0.6528885927454555	-0.0014064624401287221
-999.0	90.0	-5.722474455329826e-07	2.2411166093105653e-12	4.559580372577489	0.47430961999905097	-4.0053911755857396e-07
-999.0	65.0	-2.8430488235561863e-06	0.0	1.6538846031245262	0.27049231170504184	0.0
-999.0	40.0	-2.1324900495496784e-06	0.0	-8.798804639252271	-5.61595445941164e-05	0.0
-999.0	15.0	-4.7911724162866155e-06	0.0	-17.145675893321112	-0.09837798756994547	0.0
244.93055555555554	40	1002.2381258364077	day	levels	pres0
-999.0	990.0	-4.918407934650107e-06	5.818086721452023e-09	-2.5345475339549264	-0.4561591986452034	0.0003324458316731376
-999.0	965.0	-7.014826372258196e-06	6.40189466835505e-09	-3.940716927250211	-0.8680036636644487	0.0008496587377303502
-999.0	940.0	-7.115699668541012e-06	1.3511730582365671e-09	-4.707987407843253	-1.1634032653161925	0.0011708137825205559
-999.0	915.0	-6.720889777706321e-06	-5.386584270188543e-09	-5.316676916163623	-1.4245027065863636	0.0014405945649956157
-999.0	890.0	-6.865509864360609e-06	-1.0246557178134326e-08	-5.852196951707177	-1.6310040181456866	0.0017242774695656556
-999.0	865.0	-7.208064526661313e-06	-1.2016876626472851e-08	-6.347045253824271	-1.7298275611455487	0.0020247297887487333
-999.0	840.0	-6.863434687391616e-06	-1.2950825882869093e-08	-6.808183571438693	-1.6955453041523563	0.002326040223378146
-999.0	815.0	-6.351711054665915e-06	-1.289519759064943e-08	-7.224778360054769	-1.5432848420891074	0.0026009318040087943
-999.0	790.0	-6.304242438509353e-06	-1.2241073955372468e-08	-7.556928545604461	-1.31347324243851	0.002802183020343509
-999.0	765.0	-6.679337871272615e-06	-1.0876780884427132e-08	-7.744642702885552	-1.0577692161774126	0.0028573572470543237
-999.0	740.0	-8.006473940596643e-06	-8.33703618152091e-09	-7.692271149452759	-0.8328092208557523	0.0027039738243062584
-999.0	715.0	-1.0035125368954499e-05	-5.358684489351213e-09	-7.419898646849111	-0.6550226651109	0.0023400178671493213
-999.0	690.0	-1.1321408183867261e-05	-3.5412133901222337e-09	-7.0424247431901685	-0.5044457284894449	0.0017979509989991883
-999.0	665.0	-1.1602286509697113e-05	-2.7468281376283157e-09	-6.568160418191029	-0.38568792287487974	0.001120649809203687
-999.0	640.0	-1.1104894863056816e-05	-2.529052296189278e-09	-6.176890917030345	-0.2897409034409754	0.0003065050373644793
-999.0	615.0	-9.99337166678136e-06	-3.1489372273659136e-09	-5.930666255707151	-0.21769710000096093	-0.0007170431942000256
-999.0	590.0	-8.955342294371019e-06	-3.326485331282763e-09	-5.833486703713125	-0.14471022288864943	-0.0020114813353584947
-999.0	565.0	-8.12598060063161e-06	-3.268690613351337e-09	-5.907792762807208	-0.0672545637590343	-0.0035982439376770364
-999.0	540.0	-7.640294372275594e-06	-3.0985821042959742e-09	-6.052894790271687	0.0014204741280500616	-0.005430458855741534
-999.0	515.0	-7.67467252883691e-06	-2.6160141524198867e-09	-6.239835414276632	0.042769035882096254	-0.007376288825065501
-999.0	490.0	-7.865453325667786e-06	-2.0959386591164395e-09	-6.383385569478076	-0.0013179822054603905	-0.009270057163503653
-999.0	465.0	-8.038728809641552e-06	-1.4060369520484806e-09	-6.452570466244199	-0.14112457590477387	-0.010940083569607576
-999.0	440.0	-8.276822746493259e-06	-8.509958506480493e-10	-6.465601937270451	-0.2741591383323721	-0.01226185495787156
-999.0	415.0	-8.590787029391645e-06	-6.642921810057638e-10	-6.390405069898663	-0.3404344846365254	-0.01318089206624526
-999.0	390.0	-8.537104992555782e-06	-7.736236237750215e-10	-6.124350547606551	-0.2597260145171651	-0.013690043311130586
-999.0	365.0	-7.681912826972969e-06	-9.17421564621524e-10	-5.620359313386819	-0.006892965465535321	-0.013840416372557573
-999.0	340.0	-5.9935383132022925e-06	-6.420869593354464e-10	-4.938815632731549	0.3351633686135435	-0.013779886481006457
-999.0	315.0	-4.141588088678753e-06	-1.9281019965513012e-10	-4.154095334541281	0.7259630932627996	-0.013740679162007496
-999.0	290.0	-2.9052224844065262e-06	2.3105377964953138e-10	-3.446660923553101	1.1329551310635098	-0.013895857566680467
-999.0	265.0	-1.7823736037711548e-06	4.5968713243195725e-10	-2.873082740945216	1.5357447099055792	-0.01424844365799928
-999.0	240.0	-1.2676540806310507e-07	4.187293902179684e-10	-2.3085273033307008	1.8980083317944507	-0.014636292730288379
-999.0	215.0	7.717396130726893e-07	2.583824708372961e-10	-1.5632116280404276	2.097677048019813	-0.014669600213877717
-999.0	190.0	1.3989474961616293e-07	1.7499532748918005e-10	-0.44252232841597183	1.9632409637633204	-0.01370155101616228
-999.0	165.0	-5.493428858656686e-07	9.803770896467625e-11	1.0408937276145305	1.4854381279445217	-0.010999131912912106
-999.0	140.0	-2.643877793104975e-08	1.59758461708083e-11	2.197118446253844	0.9710747223853389	-0.00597071946752091
-999.0	115.0	-1.287672204631846e-06	4.327879854340825e-12	2.9605025515120773	0.690276662369228	-0.001393602294078279
-999.0	90.0	3.2042085230724445e-07	2.3735628692262566e-12	4.592265912412096	0.49510787505609566	-4.796651453319175e-07
-999.0	65.0	-2.1617212961975532e-06	0.0	1.6521876899663506	0.2671708616853472	0.0
-999.0	40.0	-1.7576723201273384e-06	0.0	-8.837267045529506	0.003048189375312732	0.0
-999.0	15.0	-4.467346623414988e-06	0.0	-17.19445799962602	-0.08391561056775729	0.0
244.94444444444446	40	1002.5326159441917	day	levels	pres0
-999.0	990.0	-4.764586393334966e-06	6.298719271260945e-09	-2.516041268996978	-0.42397417569024787	0.00037720681170892186
-999.0	965.0	-6.739524633378327e-06	7.386876961481476e-09	-3.956683306230454	-0.848640626911516	0.0009664463177352646
-999.0	940.0	-6.443851117832641e-06	2.2387376684472693e-09	-4.732780095603749	-1.150573460764616	0.001360002028697033
-999.0	915.0	-5.889567290240683e-06	-4.7247399489092515e-09	-5.3458567015183025	-1.4137550049495766	0.0017015350450610112
-999.0	890.0	-5.8298007165831145e-06	-9.88756627010791e-09	-5.888430847062033	-1.6214452740264742	0.002050649819211906
-999.0	865.0	-6.0470710190412235e-06	-1.1988847875145e-08	-6.389009491161098	-1.7211667458745092	0.002415433495405254
-999.0	840.0	-5.814775612794822e-06	-1.2953548182211183e-08	-6.857405297550193	-1.688363698000245	0.002782570843416408
-999.0	815.0	-5.487286359893901e-06	-1.2757373341028403e-08	-7.285155522234695	-1.5381947138898495	0.003117171790385216
-999.0	790.0	-5.620370314146974e-06	-1.191295639388835e-08	-7.629587004214213	-1.3126081013017141	0.003365091748467868
-999.0	765.0	-6.187588815795609e-06	-1.0393424070131633e-08	-7.8272914341938975	-1.0635820667239253	0.003450460053331057
-999.0	740.0	-7.633121920697098e-06	-7.830840563886548e-09	-7.779187133282855	-0.846946754895247	0.0033083640456757677
-999.0	715.0	-9.655134299826105e-06	-4.990369255900224e-09	-7.505605027631537	-0.678046656071139	0.0029362494602419133
-999.0	690.0	-1.0881795636451501e-05	-3.2957791146593317e-09	-7.12311688911773	-0.5356898498146704	0.002366978803899192
-999.0	665.0	-1.1067211207411555e-05	-2.5843289445102525e-09	-6.6392956009985955	-0.4236575101996874	0.0016446706111770903
-999.0	640.0	-1.0458065988603329e-05	-2.456274347355977e-09	-6.235896795252257	-0.32997930894987787	0.000769807824225626
-999.0	615.0	-9.225695567643861e-06	-3.1763445525033476e-09	-5.975279597312602	-0.25422950139570555	-0.00032782763759047064
-999.0	590.0	-8.121337602680931e-06	-3.4187987317894143e-09	-5.865720000508954	-0.17417181197003925	-0.0017081770824664577
-999.0	565.0	-7.2904685878272475e-06	-3.40595746690587e-09	-5.931046684215103	-0.08655755897916141	-0.0033925835208852718
-999.0	540.0	-6.811659694265803e-06	-3.2493222227800106e-09	-6.069759703781686	-0.0076424670998589215	-0.005331502268435909
-999.0	515.0	-6.843973783965891e-06	-2.7289367502773202e-09	-6.253348606052219	0.04296087443736779	-0.00738652983362693
-999.0	490.0	-6.999502564758673e-06	-2.1786856653598435e-09	-6.396742473873825	0.005939576004488561	-0.009385101490716006
-999.0	465.0	-7.084904133823096e-06	-1.4640128448739372e-09	-6.469021738380382	-0.12941222980525705	-0.01115101914558897
-999.0	440.0	-7.2282320100056e-06	-8.828350748746907e-10	-6.4857640762664	-0.259018811569712	-0.012559494924324734
-999.0	415.0	-7.490019534923818e-06	-6.759488492512967e-10	-6.4131278239742615	-0.32339721726666454	-0.013559552896699542
-999.0	390.0	-7.44768465939789e-06	-7.690630604447262e-10	-6.145110638375278	-0.24546296158689565	-0.014145712995111517
-999.0	365.0	-6.655733566615686e-06	-9.04414734509888e-10	-5.634393911578779	-0.0009906699099064926	-0.014366575919096111
-999.0	340.0	-5.055399813322296e-06	-6.24995540549798e-10	-4.946737780339189	0.3301318817898406	-0.014366676705177592
-999.0	315.0	-3.297091222579022e-06	-1.768036707823791e-10	-4.157991008810057	0.7100642114140273	-0.014375256951262289
-999.0	290.0	-2.13708185489904e-06	2.4468699167327005e-10	-3.445823356417226	1.1105930237674226	-0.01456290368322429
-999.0	265.0	-1.0716651321753466e-06	4.695525295300815e-10	-2.864939766947499	1.5122994677979802	-0.014928805779722464
-999.0	240.0	5.390800262850387e-07	4.276137694878115e-10	-2.2900229973005577	1.8747959512251189	-0.015304071509376307
-999.0	215.0	1.406231015088006e-06	2.651094508887287e-10	-1.5344493926077207	2.073176972843958	-0.015294919308334456
-999.0	190.0	8.061163665428823e-07	1.8302737227330212e-10	-0.4086179788465679	1.9404852766497358	-0.014257524995994902
-999.0	165.0	3.295953122684729e-07	1.0296915660598979e-10	1.0780173665211772	1.4790062626570608	-0.011457888794441594
-999.0	140.0	1.202415477626363e-06	1.6909631825565646e-11	2.2450128712772264	0.994237180189856	-0.006186087192697347
-999.0	115.0	-1.3078576768512156e-07	4.628403725674218e-12	3.014659112572349	0.7276647319930342	-0.0013807432348127227
-999.0	90.0	1.2130891501498208e-06	2.506009129142324e-12	4.6249514522468145	0.5159061301131769	-5.58761085857684e-07
-999.0	65.0	-1.4803937688370628e-06	0.0	1.650490776808172	0.2638494116656599	0.0
-999.0	40.0	-1.382854590703974e-06	0.0	-8.875729451806855	0.0061525382952442725	0.0
-999.0	15.0	-4.143520830542517e-06	0.0	-17.243240105931072	-0.06945323356552709	0.0
244.95833333333334	40	1002.8271060519744	day	levels	pres0
-999.0	990.0	-4.610764852019915e-06	6.779351821068097e-09	-2.4975350040390643	-0.39178915273538517	0.0004219547450469098
-999.0	965.0	-6.46422289449876e-06	8.371859254605124e-09	-3.9726496852106385	-0.8292775901586523	0.0010832327035934185
-999.0	940.0	-5.772002567125589e-06	3.1263022786557894e-09	-4.757572783364174	-1.1377436562130958	0.0015491980496102054
-999.0	915.0	-5.0582448027769924e-06	-4.062895627631346e-09	-5.375036486872899	-1.4030073033128445	0.0019624799353788265
-999.0	890.0	-4.794091568808325e-06	-9.52857536208225e-09	-5.924664742416777	-1.6118865299073166	0.0023770121722893104
-999.0	865.0	-4.886077511424125e-06	-1.1960819123817134e-08	-6.430973728497788	-1.712505930603523	0.002806119073422979
-999.0	840.0	-4.766116538200742e-06	-1.2956270481553284e-08	-6.906627023661537	-1.6811820918481868	0.0032390887086641757
-999.0	815.0	-4.622861665124123e-06	-1.261954909140783e-08	-7.345532684414429	-1.5331045856906376	0.003633412910650204
-999.0	790.0	-4.93649818978617e-06	-1.1584838832405375e-08	-7.702245462823746	-1.3117429601649477	0.003928013060172607
-999.0	765.0	-5.695839760319471e-06	-9.910067255837933e-09	-7.909940165501997	-1.0693949172704418	0.0040435784707348035
-999.0	740.0	-7.2597699007980406e-06	-7.324644946254131e-09	-7.866103117112701	-0.8610842889347179	0.003912760946665636
-999.0	715.0	-9.275143230698271e-06	-4.622054022450786e-09	-7.591311408413724	-0.7010706470313263	0.0035324710033259447
-999.0	690.0	-1.0442183089036553e-05	-3.050344839197601e-09	-7.203809035045079	-0.5669339711398182	0.0029359810131488174
-999.0	665.0	-1.0532135905127215e-05	-2.421829751393e-09	-6.710430783805983	-0.46162709752439623	0.0021686546676901878
-999.0	640.0	-9.811237114151525e-06	-2.383496398523127e-09	-6.294902673474034	-0.37021771445867163	0.0012330692147809528
-999.0	615.0	-8.458019468508565e-06	-3.2037518776408515e-09	-6.019892938917963	-0.290761902790348	6.134850605168616e-05
-999.0	590.0	-7.287332910993398e-06	-3.511112132295859e-09	-5.897953297304735	-0.2036334010513435	-0.001404905573748572
-999.0	565.0	-6.454956575025544e-06	-3.5432243204599653e-09	-5.954300605622976	-0.10586055419923004	-0.0031869450025534822
-999.0	540.0	-5.983025016258708e-06	-3.4000623412635217e-09	-6.08662461729168	-0.01670540832773828	-0.005232554425778817
-999.0	515.0	-6.013275039097579e-06	-2.8418593481343472e-09	-6.2668617978278105	0.04315271299264186	-0.0073967702907040975
-999.0	490.0	-6.133551803852407e-06	-2.2614326716029414e-09	-6.410099378269575	0.013197134214419766	-0.00950014336810768
-999.0	465.0	-6.131079458007835e-06	-1.5219887376991975e-09	-6.48547301051654	-0.11769988370576939	-0.011361954345154145
-999.0	440.0	-6.179641273521467e-06	-9.146742991012623e-10	-6.505926215262303	-0.24387848480709381	-0.012857137452526896
-999.0	415.0	-6.389252040459654e-06	-6.876055174968404e-10	-6.435850578049783	-0.30635994989685766	-0.013938217290839432
-999.0	390.0	-6.358264326243511e-06	-7.645024971144972e-10	-6.165870729143935	-0.23119990865667767	-0.014601382629148953
-999.0	365.0	-5.629554306261515e-06	-8.914079043983243e-10	-5.648428509770683	0.0049116256456931216	-0.014892726522776442
-999.0	340.0	-4.117261313444989e-06	-6.079041217642003e-10	-4.954659927946792	0.3251003949661441	-0.01495345045285611
-999.0	315.0	-2.452594356481647e-06	-1.6079714190965158e-10	-4.161886683078798	0.6941653295653003	-0.01500981706822737
-999.0	290.0	-1.3689412253936944e-06	2.583202036969953e-10	-3.4449857892813274	1.0882309164714072	-0.015229936556430596
-999.0	265.0	-3.6095666058156047e-07	4.794179266282005e-10	-2.856796792949778	1.4888542256904584	-0.015609166478695568
-999.0	240.0	1.2049254606312557e-06	4.364981487576395e-10	-2.271518691270439	1.851583570655868	-0.01597187652837925
-999.0	215.0	2.040722417101475e-06	2.718364309401343e-10	-1.5056871571750663	2.0486768976681997	-0.01592031123570727
-999.0	190.0	1.4723379834677224e-06	1.9105941705739874e-10	-0.37471362927723495	1.9177295895362578	-0.01481361828753246
-999.0	165.0	1.208533510400341e-06	1.0790060424728877e-10	1.11514100542772	1.4725743973696825	-0.011916777178633261
-999.0	140.0	2.4312697331807735e-06	1.7843417480320816e-11	2.292907296300442	1.0173996379943862	-0.006401500661639783
-999.0	115.0	1.0261006692585464e-06	4.928927597007062e-12	3.0688156736324306	0.7650528016167979	-0.0013678852623321524
-999.0	90.0	2.1057574479900334e-06	2.638455389058004e-12	4.657636992081421	0.5367043851702162	-6.378269391350734e-07
-999.0	65.0	-7.990662414784379e-07	0.0	1.6487938636499966	0.2605279616459634	0.0
-999.0	40.0	-1.0080368612816314e-06	0.0	-8.91419185808409	0.009256887215151565	0.0
-999.0	15.0	-3.819695037670879e-06	0.0	-17.292022212235988	-0.05499085656333878	0.0
244.97222222222223	40	1003.1215961597584	day	levels	pres0
-999.0	990.0	-4.456943310704589e-06	7.259984370876972e-09	-2.4790287390811137	-0.3596041297804367	0.00046668963079290186
-999.0	965.0	-6.188921155618779e-06	9.356841547731261e-09	-3.98861606419087	-0.8099145534057284	0.0012000178952450474
-999.0	940.0	-5.1001540164171256e-06	4.013866888866102e-09	-4.78236547112466	-1.1249138516615294	0.0017384018451178992
-999.0	915.0	-4.226922315311303e-06	-3.4010513063521804e-09	-5.404216272227569	-1.3922596016760689	0.0022234292351833848
-999.0	890.0	-3.7583824210308963e-06	-9.169584454055643e-09	-5.9608986377716215	-1.6023277857881186	0.0027033645280381303
-999.0	865.0	-3.72508400380414e-06	-1.1932790372488756e-08	-6.472937965834599	-1.7038451153325	0.003196786522402289
-999.0	840.0	-3.717457463604147e-06	-1.2958992780894474e-08	-6.955848749773021	-1.6740004856960904	0.003695593818506914
-999.0	815.0	-3.7584369703523415e-06	-1.2481724841785855e-08	-7.40590984659433	-1.528014457491393	0.004149655163293265
-999.0	790.0	-4.25262606542387e-06	-1.1256721270920752e-08	-7.7749039214334665	-1.3108778190281618	0.0044909469533452465
-999.0	765.0	-5.204090704842297e-06	-9.426710441542466e-09	-7.992588896810309	-1.075207767816961	0.004636712497580248
-999.0	740.0	-6.886417880898214e-06	-6.8184493286200475e-09	-7.953019100942765	-0.8752218229742174	0.004517164526558623
-999.0	715.0	-8.895152161569696e-06	-4.2537387889999445e-09	-7.677017789196121	-0.7240946379915679	0.004128682496361237
-999.0	690.0	-1.0002570541620737e-05	-2.80491056373475e-09	-7.2845011809726135	-0.5981780924650447	0.003504957626863544
-999.0	665.0	-9.997060602841704e-06	-2.2593305582750173e-09	-6.781565966613527	-0.499596684849202	0.00269260197883627
-999.0	640.0	-9.16440823969813e-06	-2.3107184496899078e-09	-6.3539085516959295	-0.4104561199675702	0.0016962892090625465
-999.0	615.0	-7.690343369371145e-06	-3.2311592027783462e-09	-6.064506280523408	-0.32729430418508887	0.00045048523672711017
-999.0	590.0	-6.453328219303362e-06	-3.6034255328025545e-09	-5.930186594100565	-0.23309499013273197	-0.001101666809230869
-999.0	565.0	-5.6194445622212e-06	-3.6804911740145143e-09	-5.977554527030875	-0.12516354941936103	-0.0029813283827218365
-999.0	540.0	-5.154390338248944e-06	-3.550802459747558e-09	-6.103489530801684	-0.025768349555655573	-0.005133615327787108
-999.0	515.0	-5.182576294226629e-06	-2.9547819459917766e-09	-6.280374989603409	0.04334455154790258	-0.0074070101962972435
-999.0	490.0	-5.267601042943387e-06	-2.3441796778463413e-09	-6.4234562826653345	0.020454692424358604	-0.009615182795680714
-999.0	465.0	-5.1772547821894745e-06	-1.579964630524646e-09	-6.501924282652733	-0.10598753760625848	-0.011572889168304366
-999.0	440.0	-5.131050537033923e-06	-9.465135233278928e-10	-6.526088354258264	-0.2287381580444342	-0.01315478254247722
-999.0	415.0	-5.28848454599197e-06	-6.992621857423732e-10	-6.4585733321253995	-0.28932268252699106	-0.014316885248666882
-999.0	390.0	-5.2688439930857935e-06	-7.599419337842079e-10	-6.186630819912684	-0.2169368557263988	-0.01505705221324473
-999.0	365.0	-4.603375045904427e-06	-8.784010742866901e-10	-5.662463107962671	0.01081392120133177	-0.015418868183596444
-999.0	340.0	-3.179122813565213e-06	-5.908127029785501e-10	-4.962582075554464	0.32006890814245137	-0.0155402077240336
-999.0	315.0	-1.6080974903821532e-06	-1.4479061303689625e-10	-4.1657823573476005	0.6782664477165394	-0.015644359512887444
-999.0	290.0	-6.008005958864562e-07	2.7195341572074257e-10	-3.4441482221454742	1.065868809175333	-0.015896956186288787
-999.0	265.0	3.497518110139899e-07	4.892833237263354e-10	-2.848653818952078	1.4654089835828719	-0.016289525754919768
-999.0	240.0	1.8707708949791265e-06	4.453825280274846e-10	-2.253014385240307	1.8283711900865476	-0.01663970778731478
-999.0	215.0	2.675213819116506e-06	2.7856341099156074e-10	-1.4769249217423661	2.0241768224923575	-0.016545775996027
-999.0	190.0	2.1385596003941716e-06	1.990914618415168e-10	-0.3408092797078345	1.8949739024226915	-0.015369830890808515
-999.0	165.0	2.087471708534314e-06	1.1283205188859897e-10	1.1522646443343614	1.4661425320822425	-0.012375797065514027
-999.0	140.0	3.660123988737979e-06	1.8777203135077802e-11	2.340801721323808	1.040562095798921	-0.006616959874352771
-999.0	115.0	2.1829871062049584e-06	5.229451468340534e-12	3.122972234692678	0.8024408712406164	-0.0013550283766365738
-999.0	90.0	2.9984257458323175e-06	2.770901648974078e-12	4.690322531916124	0.5575026402272983	-7.168627051639765e-07
-999.0	65.0	-1.1773871411815898e-07	0.0	1.6470969504918205	0.25720651162627184	0.0
-999.0	40.0	-6.33219131858463e-07	0.0	-8.952654264361417	0.01236123613507632	0.0
-999.0	15.0	-3.4958692447987462e-06	0.0	-17.340804318541014	-0.040528479561110206	0.0
244.98611111111111	40	1003.4160862675417	day	levels	pres0
-999.0	990.0	-4.3031217693894565e-06	7.740616920684128e-09	-2.4605224741232	-0.32741910682557657	0.0005114114680522837
-999.0	965.0	-5.913619416739109e-06	1.0341823840854925e-08	-4.004582443171058	-0.7905515166528685	0.001316801892629084
-999.0	940.0	-4.4283054657099545e-06	4.901431499074636e-09	-4.807158158885085	-1.1120840471100135	0.0019276134150757976
-999.0	915.0	-3.395599827847524e-06	-2.7392069850742368e-09	-5.4333960575821685	-1.3815119000393412	0.002484382943705942
-999.0	890.0	-2.7226732732560366e-06	-8.81059354602993e-09	-5.99713253312637	-1.5927690416689655	0.0030297068856948
-999.0	865.0	-2.564090496186983e-06	-1.1904761621160832e-08	-6.5149022031712915	-1.695184300061518	0.003587435841939114
-999.0	840.0	-2.668798389010015e-06	-1.2961715080236552e-08	-7.005070475884369	-1.6668188795440362	0.0041520861723250355
-999.0	815.0	-2.8940122755825193e-06	-1.2343900592165275e-08	-7.46628700877407	-1.5229243292921852	0.004665898546798267
-999.0	790.0	-3.5687539410630334e-06	-1.0928603709437794e-08	-7.847562380043003	-1.3100126778913994	0.005053893425867308
-999.0	765.0	-4.712341649366129e-06	-8.943353627248785e-09	-8.07523762811841	-1.081020618363481	0.005229862132176024
-999.0	740.0	-6.513065860999131e-06	-6.3122537109876456e-09	-8.039935084772617	-0.8893593570136914	0.0051215747846315805
-999.0	715.0	-8.51516109244184e-06	-3.885423555550514e-09	-7.76272416997831	-0.7471186289517587	0.004724883939302014
-999.0	690.0	-9.562957994205766e-06	-2.559476288273019e-09	-7.365193326899967	-0.6294222137901962	0.004073908645153715
-999.0	665.0	-9.461985300557343e-06	-2.096831365157759e-09	-6.85270114942092	-0.5375662721739144	0.0032165125447041125
-999.0	640.0	-8.517579365246303e-06	-2.2379405008570493e-09	-6.412914429917709	-0.4506945254763676	0.0021594678070987424
-999.0	615.0	-6.922667270235835e-06	-3.258566527915843e-09	-6.109119622128772	-0.36382670557973534	0.0008395825544336191
-999.0	590.0	-5.619323527615812e-06	-3.6957389333089932e-09	-5.962419890896344	-0.26255657921404063	-0.0007984607889412442
-999.0	565.0	-4.7839325494194756e-06	-3.817758027568608e-09	-6.000808448438745	-0.14446654463943379	-0.002775733661431359
-999.0	540.0	-4.3257556602418294e-06	-3.7015425782310696e-09	-6.12035444431168	-0.03483129078353843	-0.005034684974477507
-999.0	515.0	-4.351877549358297e-06	-3.0677045438488057e-09	-6.293888181378999	0.04353639010317456	-0.007417249550405576
-999.0	490.0	-4.401650282037105e-06	-2.4269266840894425e-09	-6.436813187061084	0.02771225063428951	-0.009730219773435326
-999.0	465.0	-4.223430106374198e-06	-1.6379405233499085e-09	-6.518375554788893	-0.0942751915067695	-0.011783823615038337
-999.0	440.0	-4.082459800549774e-06	-9.783527475544609e-10	-6.546250493254168	-0.2135978312818133	-0.01345243019417183
-999.0	415.0	-4.187717051527787e-06	-7.109188539879112e-10	-6.481296086200924	-0.27228541515718035	-0.014695556770180253
-999.0	390.0	-4.179423659931398e-06	-7.553813704539789e-10	-6.207390910681341	-0.20267380279617672	-0.015512721747396666
-999.0	365.0	-3.577195785550258e-06	-8.653942441751312e-10	-5.676497706154577	0.01671621675693518	-0.015945000901549367
-999.0	340.0	-2.2409843136879237e-06	-5.737212841929565e-10	-4.970504223162069	0.3150374213187574	-0.01612694851869658
-999.0	315.0	-7.636006242847928e-07	-1.2878408416416966e-10	-4.169678031616345	0.6623675658678142	-0.016278884285221812
-999.0	290.0	1.6734003361888428e-07	2.855866277444697e-10	-3.443310655009577	1.0435067018793183	-0.016563962572782538
-999.0	265.0	1.0604602826077736e-06	4.991487208244567e-10	-2.840510844954356	1.4419637414753517	-0.01696988360839031
-999.0	240.0	2.536616329325343e-06	4.5426690729731366e-10	-2.234510079210186	1.8051588095172992	-0.017307565286194582
-999.0	215.0	3.309705221129977e-06	2.852903910429657e-10	-1.448162686309707	1.9996767473166002	-0.01717131358931879
-999.0	190.0	2.8047812173190284e-06	2.0712350662561257e-10	-0.30690493013849557	1.8722182153092146	-0.015926162805851168
-999.0	165.0	2.9664099066662196e-06	1.1776349952989782e-10	1.1893882832409088	1.4597106667948683	-0.012834948455105922
-999.0	140.0	4.8889782442924665e-06	1.9710988789833024e-11	2.3886961463470295	1.0637245536034587	-0.0068324648308383355
-999.0	115.0	3.3398735431486613e-06	5.529975339673424e-12	3.1771287957527625	0.8398289408643889	-0.001342172577725964
-999.0	90.0	3.891094043672543e-06	2.9033479088897688e-12	4.723008071750732	0.5783008952843426	-7.958683839434866e-07
-999.0	65.0	5.635888132404735e-07	0.0	1.645400037333646	0.2538850616065771	0.0
-999.0	40.0	-2.584014024361233e-07	0.0	-8.991116670638652	0.015465585054983135	0.0
-999.0	15.0	-3.1720434519271204e-06	0.0	-17.389586424845923	-0.02606610255892194	0.0
245.0	40	1003.7105763753253	day	levels	pres0
-999.0	990.0	-4.14930022807424e-06	8.221249470492987e-09	-2.442016209165255	-0.2952340838706328	0.000556120255931062
-999.0	965.0	-5.6383176778592645e-06	1.132680613398092e-08	-4.02054882215129	-0.7711884798999462	0.0014335846956857587
-999.0	940.0	-3.7564569150017174e-06	5.788996109284782e-09	-4.831950846645568	-1.0992542425584464	0.0021168327593416997
-999.0	915.0	-2.564277340382061e-06	-2.0773626637952633e-09	-5.4625758429368325	-1.3707641984025636	0.002745341060180648
-999.0	890.0	-1.6869641254788244e-06	-8.451602638003496e-09	-6.033366428481208	-1.5832102975497642	0.003356039244499346
-999.0	865.0	-1.4030969885672332e-06	-1.1876732869832603e-08	-6.556866440508101	-1.6865234847904906	0.00397806703163364
-999.0	840.0	-1.6201393144136223e-06	-1.2964437379577933e-08	-7.0542922019958505	-1.659637273391935	0.004608565769503736
-999.0	815.0	-2.0295875808109107e-06	-1.2206076342543518e-08	-7.526664170953961	-1.5178342010929349	0.005182143059654236
-999.0	790.0	-2.8848818167009285e-06	-1.0600486147953313e-08	-7.9202208386527175	-1.3091475367546084	0.005616852475625693
-999.0	765.0	-4.220592593889178e-06	-8.459996812953362e-09	-8.157886359426708	-1.086833468909996	0.005823027372836301
-999.0	740.0	-6.139713841099522e-06	-5.806058093353554e-09	-8.126851068602669	-0.9034968910531865	0.005725991720166932
-999.0	715.0	-8.135170023313461e-06	-3.5171083220996446e-09	-7.848430550760693	-0.7701426199119951	0.005321075332107817
-999.0	690.0	-9.123345446790118e-06	-2.314042012810126e-09	-7.445885472827488	-0.6606663351154163	0.004642834068134534
-999.0	665.0	-8.926909998271983e-06	-1.9343321720397304e-09	-6.92383633222845	-0.5755358594987128	0.0037403863653867244
-999.0	640.0	-7.87075049079305e-06	-2.1651625520237834e-09	-6.47192030813959	-0.4909329309852586	0.0026226050089213503
-999.0	615.0	-6.154991171098556e-06	-3.285973853053292e-09	-6.153732963734202	-0.4003591069744693	0.00122864045917162
-999.0	590.0	-4.785318835925907e-06	-3.7880523338156495e-09	-5.994653187692165	-0.2920181682954231	-0.0004952875129059529
-999.0	565.0	-3.9484205366152535e-06	-3.955024881123127e-09	-6.024062369846636	-0.16376953985955975	-0.0025701608387223972
-999.0	540.0	-3.4971209822321756e-06	-3.852282696715082e-09	-6.137219357821675	-0.043894232011451886	-0.004935763365866972
-999.0	515.0	-3.52117880448745e-06	-3.1806271417062148e-09	-6.307401373154589	0.043728228658437694	-0.007427488353029392
-999.0	490.0	-3.535699521128179e-06	-2.5096736903328237e-09	-6.450170091456838	0.034969808844228616	-0.009845254301373518
-999.0	465.0	-3.269605430555932e-06	-1.6959164161753394e-09	-6.534826826925079	-0.08256284540726076	-0.011994757685357222
-999.0	440.0	-3.0338690640623275e-06	-1.0101919717810773e-09	-6.566412632250124	-0.19845750451915786	-0.013750080407609722
-999.0	415.0	-3.0869495570602157e-06	-7.225755222334334e-10	-6.504018840276533	-0.2552481477873193	-0.015074231855381238
-999.0	390.0	-3.0900033267738045e-06	-7.508208071236749e-10	-6.2281510014500885	-0.18841074986590275	-0.015968391231606344
-999.0	365.0	-2.5510165251933055e-06	-8.523874140634835e-10	-5.690532304346563	0.02261851231257126	-0.016471124676632865
-999.0	340.0	-1.3028458138082726e-06	-5.566298654072997e-10	-4.978426370769738	0.3100059344950649	-0.016713672836836377
-999.0	315.0	8.089624181458847e-08	-1.1277755529141518e-10	-4.173573705885145	0.6464686840190552	-0.016913391385214936
-999.0	290.0	9.354806631260238e-07	2.9921983976821116e-10	-3.442473087873724	1.021144594583246	-0.017230955715901046
-999.0	265.0	1.7711687542032443e-06	5.090141179225835e-10	-2.832367870956659	1.4185184993677664	-0.017650240039108277
-999.0	240.0	3.2024617636731495e-06	4.6315128656715394e-10	-2.216005773180061	1.781946428947979	-0.017975449025036186
-999.0	215.0	3.944196623144959e-06	2.9201737109439284e-10	-1.4194004508770175	1.9751766721407573	-0.0177969240156134
-999.0	190.0	3.4710028342454246e-06	2.1515555140973038e-10	-0.2730005805691084	1.849462528195646	-0.016482614032693892
-999.0	165.0	3.845348104800063e-06	1.2269494717120773e-10	1.226511922147539	1.4532788015074194	-0.013294231347435796
-999.0	140.0	6.117832499849435e-06	2.064477444458978e-11	2.4365905713703895	1.086887011407978	-0.007048015531101037
-999.0	115.0	4.496759980094882e-06	5.8304992110067736e-12	3.2312853568130073	0.8772170104881906	-0.001329317865600379
-999.0	90.0	4.783762341514688e-06	3.0357941688058182e-12	4.755693611585431	0.5990991503414179	-8.748439754734663e-07
-999.0	65.0	1.2449163406006532e-06	0.0	1.6437031241754692	0.2505636115868886	0.0
-999.0	40.0	1.1641632698700499e-07	0.0	-9.02957907691598	0.01856993397490848	0.0
-999.0	15.0	-2.848217659054991e-06	0.0	-17.43836853115095	-0.01160372555669813	0.0
245.01388888888889	40	1003.8598293728301	day	levels	pres0
-999.0	990.0	-4.210617642853392e-06	7.935167325481989e-09	-2.4469452043190123	-0.31895706503664895	0.0005477161154610179
-999.0	965.0	-6.067952289998466e-06	1.0871626824661179e-08	-4.043054078109857	-0.8032536277731568	0.0013990476451452892
-999.0	940.0	-4.295505494178296e-06	5.375764103443879e-09	-4.865873887399092	-1.14167336712559	0.0020569601144516847
-999.0	915.0	-3.2623837651595308e-06	-2.103710866034021e-09	-5.499786913578901	-1.4243225925314917	0.002665148703317941
-999.0	890.0	-2.4697081844928295e-06	-8.02650077339357e-09	-6.070540249715628	-1.646212694177703	0.003270960342151573
-999.0	865.0	-2.1757507206177745e-06	-1.1075596612524198e-08	-6.595388776726212	-1.7567373695381485	0.003907742084138987
-999.0	840.0	-2.2603025947686435e-06	-1.1990655525032643e-08	-7.0950933187096465	-1.73400627628456	0.004570867045604947
-999.0	815.0	-2.5027754049225397e-06	-1.1331627179702722e-08	-7.567963027659795	-1.5940085179920638	0.005188524245127406
-999.0	790.0	-3.2221237672802395e-06	-9.857765177146903e-09	-7.959288150440067	-1.3843123957653618	0.005670717576715485
-999.0	765.0	-4.405294194191918e-06	-7.93075876358997e-09	-8.19275269317042	-1.1565902391104537	0.005923295497740127
-999.0	740.0	-6.158946490247974e-06	-5.495923164612913e-09	-8.156031485692989	-0.9636187903457338	0.005869890680335292
-999.0	715.0	-8.00091195386838e-06	-3.3319109909425975e-09	-7.871037103143761	-0.8181322479943149	0.005504040479855029
-999.0	690.0	-8.851789774311139e-06	-2.1779304583867527e-09	-7.460459080927178	-0.6962507642392153	0.004861773148938948
-999.0	665.0	-8.515484480511569e-06	-1.8038035131080942e-09	-6.928686889348386	-0.5986806780652113	0.003998205418221267
-999.0	640.0	-7.3576452055158965e-06	-2.022337714740237e-09	-6.46794504810261	-0.501694807897768	0.0029301018780907855
-999.0	615.0	-5.571427214799806e-06	-3.1278567099486664e-09	-6.143007221045295	-0.3990885222698693	0.0016055075003827428
-999.0	590.0	-4.159526547176186e-06	-3.6512423996447928e-09	-5.981378431213471	-0.28068550597921965	-2.6227198561396446e-05
-999.0	565.0	-3.328263458273984e-06	-3.854802441705433e-09	-6.013810937695282	-0.14514118343314694	-0.001992212685354845
-999.0	540.0	-2.930514372799081e-06	-3.765750071543008e-09	-6.133874828984702	-0.020080283688031716	-0.004241348631968023
-999.0	515.0	-3.0448761219613997e-06	-3.08967905081658e-09	-6.313994373804264	0.07003834675769594	-0.006618928106389706
-999.0	490.0	-3.1336851613078148e-06	-2.4404669811611405e-09	-6.463756684535827	0.06003292852348015	-0.008936251054218787
-999.0	465.0	-2.9157367153468924e-06	-1.6834505779228818e-09	-6.550107192110146	-0.06323501358473582	-0.011010494194193888
-999.0	440.0	-2.6922346935252072e-06	-1.0592322442865518e-09	-6.578665095852859	-0.18790221677079794	-0.012721949898879408
-999.0	415.0	-2.70830638383195e-06	-8.333553113740497e-10	-6.509004415875234	-0.25542731509675476	-0.014031960421995011
-999.0	390.0	-2.625998933508423e-06	-8.689172115946762e-10	-6.225517620091082	-0.19744100528596809	-0.014934175665933974
-999.0	365.0	-1.957127979924869e-06	-9.45297920833416e-10	-5.680486717054402	0.008581951093840422	-0.015455346906863216
-999.0	340.0	-6.118570537449986e-07	-6.259535478666809e-10	-4.958178133117361	0.29539969962456525	-0.015716589049625276
-999.0	315.0	7.987107212225727e-07	-1.5777692415430217e-10	-4.140202389167661	0.6352947689923145	-0.01593023558621873
-999.0	290.0	1.6417574201015368e-06	2.704322076453866e-10	-3.3972096666175897	1.0142585565220759	-0.01625131858539389
-999.0	265.0	2.447732398518874e-06	4.873348081513705e-10	-2.7783869659918614	1.416844340912928	-0.016656143675589492
-999.0	240.0	3.874012004710736e-06	4.443243982121265e-10	-2.1557677825222465	1.790973786839535	-0.016948003730392586
-999.0	215.0	4.699804766185233e-06	2.805983304844503e-10	-1.352930261580976	2.0010950425984846	-0.01674131010007861
-999.0	190.0	4.335158955356451e-06	2.0893749284901904e-10	-0.19735914487154763	1.8898369118106086	-0.015459304600069229
-999.0	165.0	4.657497216720828e-06	1.1886996895735145e-10	1.307935173312909	1.49460106283536	-0.012428037522566316
-999.0	140.0	6.9445812157607945e-06	1.9731994902018622e-11	2.4977706491855938	1.1207843157520907	-0.006569674984578574
-999.0	115.0	5.5788744878819235e-06	5.584405353592814e-12	3.2501326887696154	0.9072155952885403	-0.0012312981743868587
-999.0	90.0	5.8853319163901615e-06	2.9059518669204993e-12	4.754628130223271	0.6146299152989032	-8.108806802857399e-07
-999.0	65.0	1.9252809639374907e-06	0.0	1.6459001579931178	0.24566270991080535	0.0
-999.0	40.0	4.903055725568681e-07	0.0	-8.98621648667307	0.002739299571624984	0.0
-999.0	15.0	-2.5252548378726897e-06	0.0	-17.38217084919222	-0.024849510144166066	0.0
245.02777777777777	40	1004.0090823703342	day	levels	pres0
-999.0	990.0	-4.2719350576327685e-06	7.649085180471856e-09	-2.4518741994728273	-0.34268004620262876	0.0005393146749525077
-999.0	965.0	-6.497586902137556e-06	1.0416447515342499e-08	-4.065559334068459	-0.8353187756463307	0.0013645119391888876
-999.0	940.0	-4.834554073354623e-06	4.962532097603742e-09	-4.899796928152615	-1.1840924916926756	0.0019970849745205594
-999.0	915.0	-3.960490189936423e-06	-2.130059068272757e-09	-5.53699798422094	-1.4778809866603315	0.002584955742179421
-999.0	890.0	-3.2524522435060085e-06	-7.60139890878433e-09	-6.107714070950011	-1.709215090805527	0.003185886928721883
-999.0	865.0	-2.9484044526674383e-06	-1.0274460355217197e-08	-6.63391111294427	-1.8269512542856614	0.0038374262828565135
-999.0	840.0	-2.9004658751228405e-06	-1.1016873670489221e-08	-7.135894435423377	-1.8083752791770127	0.004533175076382157
-999.0	815.0	-2.975963229033533e-06	-1.0457178016863671e-08	-7.6092618843655355	-1.6701828348909973	0.005194903884147944
-999.0	790.0	-3.5593657178591356e-06	-9.11504420634222e-09	-7.998355462227321	-1.4594772547759098	0.005724568705048245
-999.0	765.0	-4.589995794494466e-06	-7.401520714228166e-09	-8.22761902691404	-1.2263470093107136	0.006023535406781091
-999.0	740.0	-6.178179139396544e-06	-5.18578823587351e-09	-8.185211902783228	-1.0237406896381058	0.006013749027816006
-999.0	715.0	-7.866653884423804e-06	-3.1467136597865075e-09	-7.893643655526776	-0.8661218760764908	0.005686957444017284
-999.0	690.0	-8.580234101833046e-06	-2.04181890396431e-09	-7.475032689026835	-0.7318351933629028	0.005080659550110869
-999.0	665.0	-8.104058962752406e-06	-1.6732748541776e-09	-6.93353744646833	-0.6218254966316328	0.004255968694500808
-999.0	640.0	-6.844539920240252e-06	-1.8795128774578898e-09	-6.463969788065663	-0.5124566848102338	0.003237537237567574
-999.0	615.0	-4.987863258502675e-06	-2.9697395668451345e-09	-6.132281478356434	-0.39781793756525674	0.0019823008520666596
-999.0	590.0	-3.5337342584280876e-06	-3.5144324654748773e-09	-5.96810367473482	-0.269352843663029	0.00044273839053065965
-999.0	565.0	-2.7081063799342218e-06	-3.75458000228851e-09	-6.00355950554396	-0.12651282700676408	-0.001414391830214918
-999.0	540.0	-2.3639077633673144e-06	-3.6792174463716587e-09	-6.130530300147738	0.0037336646353451006	-0.0035470989508799857
-999.0	515.0	-2.568573439436472e-06	-2.998730959927695e-09	-6.320587374453921	0.09634846485690114	-0.005810569043480693
-999.0	490.0	-2.731670801488345e-06	-2.371260271990088e-09	-6.477343277614786	0.08509604820267666	-0.008027472438989538
-999.0	465.0	-2.561868000138537e-06	-1.670984739670762e-09	-6.565387557295178	-0.04390718176225868	-0.010026458486227312
-999.0	440.0	-2.3506003229887124e-06	-1.108272516792068e-09	-6.590917559455568	-0.17734692902247062	-0.011694041306019335
-999.0	415.0	-2.3296632106044944e-06	-9.441351005144318e-10	-6.51398999147393	-0.25560648240620204	-0.012989900528049632
-999.0	390.0	-2.161994540244228e-06	-9.870136160653786e-10	-6.222884238732085	-0.2064712607060249	-0.01390015051239718
-999.0	365.0	-1.3632394346581152e-06	-1.0382084276031434e-09	-5.670441129762272	-0.00545461012486477	-0.014439728487249675
-999.0	340.0	7.913170631629686e-08	-6.952772303259152e-10	-4.9379298954650315	0.28079346475410866	-0.014719633450808714
-999.0	315.0	1.5165252006285022e-06	-2.0277629301707616e-10	-4.106831072450252	0.6241208539656331	-0.014947177640519655
-999.0	290.0	2.348034177074971e-06	2.416445755226397e-10	-3.3519462453615527	1.0073725184609739	-0.015271741778018605
-999.0	265.0	3.1242960428324675e-06	4.6565549838020467e-10	-2.7244060610271736	1.4151701824581522	-0.015662062024377716
-999.0	240.0	4.545562245746359e-06	4.254975098571284e-10	-2.095529791864555	1.8000011447311177	-0.015920542858398532
-999.0	215.0	5.4554129092235706e-06	2.6917928987452734e-10	-1.2864600722850705	2.0270134130561708	-0.01568571192446389
-999.0	190.0	5.199315076465482e-06	2.027194342883252e-10	-0.12171770917415298	1.9302112954254622	-0.014436117744245169
-999.0	165.0	5.4696463286395e-06	1.1504499074350696e-10	1.3893584244780781	1.5359233241631578	-0.011562050795661956
-999.0	140.0	7.77132993166975e-06	1.8819215359449305e-11	2.558950727000626	1.1546816200960592	-0.006091467765609854
-999.0	115.0	6.660988995666312e-06	5.33831149617908e-12	3.26898002072616	0.9372141800887508	-0.0011332928675000147
-999.0	90.0	6.986901491262908e-06	2.776109565035588e-12	4.753562648861128	0.6301606802562911	-7.46905594888972e-07
-999.0	65.0	2.605645587272783e-06	0.0	1.648097191810791	0.2407618082346923	0.0
-999.0	40.0	8.641948181259439e-07	0.0	-8.942853896430261	-0.01309133483165325	0.0
-999.0	15.0	-2.2022920166908904e-06	0.0	-17.32597316723365	-0.038095294731629495	0.0
245.04166666666666	40	1004.1583353678387	day	levels	pres0
-999.0	990.0	-4.3332524724119825e-06	7.363003035460828e-09	-2.4568031946265947	-0.3664030273686478	0.0005309159343879197
-999.0	965.0	-6.927221514276931e-06	9.961268206022653e-09	-4.088064590027042	-0.8673839235195452	0.0013299775778109575
-999.0	940.0	-5.373602652531372e-06	4.549300091762715e-09	-4.9337199689061535	-1.2265116162598244	0.0019372073396827518
-999.0	915.0	-4.658596614714069e-06	-2.156407270511558e-09	-5.57420905486302	-1.5314393807892668	0.0025047621769214946
-999.0	890.0	-4.035196302520179e-06	-7.176297044174369e-09	-6.144887892184443	-1.7722174874334742	0.00310081900418011
-999.0	865.0	-3.7210581847181253e-06	-9.473324097908656e-09	-6.67243344916239	-1.8971651390333297	0.0037671196276551455
-999.0	840.0	-3.540629155477963e-06	-1.0043091815943733e-08	-7.176695552137184	-1.8827442820696478	0.004495489861799939
-999.0	815.0	-3.4491510531452417e-06	-9.58272885402265e-09	-7.650560741071371	-1.7463571517901355	0.005201281976697262
-999.0	790.0	-3.896607668438576e-06	-8.372323235535534e-09	-8.037422774014676	-1.5346421137866706	0.005778405860169279
-999.0	765.0	-4.774697394797365e-06	-6.872282664864464e-09	-8.262485360657756	-1.2961037795111763	0.006123747098557714
-999.0	740.0	-6.197411788545136e-06	-4.875653307132579e-09	-8.214392319873552	-1.0838625889306561	0.006157566760274312
-999.0	715.0	-7.7323958149788e-06	-2.9615163286292227e-09	-7.916250207909851	-0.9141115041588096	0.0058698262219063855
-999.0	690.0	-8.308678429354095e-06	-1.9057073495407696e-09	-7.489606297126535	-0.7674196224866978	0.005299493268878606
-999.0	665.0	-7.692633444991983e-06	-1.542746195245881e-09	-6.938388003588279	-0.6449703151981248	0.004513676191578656
-999.0	640.0	-6.331434634963064e-06	-1.7366880401743073e-09	-6.459994528028697	-0.5232185617227337	0.0035449110849459084
-999.0	615.0	-4.404299302203875e-06	-2.8116224237404895e-09	-6.1215557356675365	-0.3965473528606461	0.0023590205122190604
-999.0	590.0	-2.9079419696782974e-06	-3.3776225313040065e-09	-5.954828918256134	-0.2580201813468131	0.0009116092527068219
-999.0	565.0	-2.0879493015928764e-06	-3.6543575628707895e-09	-5.993308073392617	-0.10788447058033743	-0.0008366982746275049
-999.0	540.0	-1.7973011539341469e-06	-3.5926848211995624e-09	-6.127185771310774	0.027547612958779354	-0.002853014323518968
-999.0	515.0	-2.0922707569103597e-06	-2.907782869038051e-09	-6.327180375103607	0.12265858295617187	-0.0050024111649008655
-999.0	490.0	-2.329656441667924e-06	-2.3020535628184112e-09	-6.490929870693786	0.11015916788193716	-0.007118918455953219
-999.0	465.0	-2.2079992849294436e-06	-1.6585189014183313e-09	-6.580667922480255	-0.024579349939729822	-0.009042650561413798
-999.0	440.0	-2.0089659524515527e-06	-1.1573127892975808e-09	-6.603170023058314	-0.16679164127411172	-0.010666354628790084
-999.0	415.0	-1.9510200373762256e-06	-1.0549148896550877e-09	-6.518975567072638	-0.255785649715643	-0.01194805217327747
-999.0	390.0	-1.6979901469788816e-06	-1.1051100205364072e-09	-6.22025085737308	-0.21550151612609914	-0.012866315770763243
-999.0	365.0	-7.69350889389734e-07	-1.1311189343730885e-09	-5.660395542470115	-0.019491171343606783	-0.01342426941763886
-999.0	340.0	7.701204663795318e-07	-7.646009127852959e-10	-4.917681657812655	0.2661872298835978	-0.013722806040374897
-999.0	315.0	2.2343396800364757e-06	-2.4777566187995106e-10	-4.073459755732768	0.6129469389388834	-0.013964217548231002
-999.0	290.0	3.054310934050491e-06	2.128569433998267e-10	-3.306682824105419	1.0004864803997968	-0.014292225293880956
-999.0	265.0	3.8008596871481167e-06	4.4397618860899404e-10	-2.6704251560623753	1.4134960240033092	-0.014667995085501317
-999.0	240.0	5.217112486783965e-06	4.0667062150209715e-10	-2.0352918012067382	1.8090285026226713	-0.014893066409034568
-999.0	215.0	6.211021052263888e-06	2.5776024926458207e-10	-1.219989882989028	2.052931783513896	-0.014630129488776228
-999.0	190.0	6.0634711975766e-06	1.96501375727612e-10	-0.046076273476591045	1.9705856790404215	-0.013413053465248497
-999.0	165.0	6.281795440560377e-06	1.1122001252965004e-10	1.4707816756434493	1.577245585491091	-0.010696271166725219
-999.0	140.0	8.598078647581213e-06	1.790643581687799e-11	2.6201308048158274	1.1885789244401614	-0.005613393874191054
-999.0	115.0	7.743103503453475e-06	5.092217638765053e-12	3.2878273526827684	0.9672127648890891	-0.0010353019449396178
-999.0	90.0	8.088471066138506e-06	2.646267263150263e-12	4.752497167498971	0.6456914452137676	-6.829187192823961e-07
-999.0	65.0	3.286010210609711e-06	0.0	1.6502942256284476	0.2358609065586038	0.0
-999.0	40.0	1.2380840636958492e-06	0.0	-8.899491306187347	-0.028921969234944393	0.0
-999.0	15.0	-1.8793291955085758e-06	0.0	-17.269775485274913	-0.05134107931910693	0.0
245.05555555555554	40	1004.3075883653427	day	levels	pres0
-999.0	990.0	-4.394569887191358e-06	7.076920890450695e-09	-2.4617321897804088	-0.39012600853462737	0.0005225198937494835
-999.0	965.0	-7.35685612641602e-06	9.50608889670397e-09	-4.110569845985644	-0.8994490713927193	0.0012954445610055712
-999.0	940.0	-5.912651231707697e-06	4.136068085922579e-09	-4.9676430096596755	-1.2689307408269108	0.0018773272100722183
-999.0	915.0	-5.356703039490961e-06	-2.1827554727502935e-09	-5.611420125505056	-1.5849977749181074	0.0024245680077000288
-999.0	890.0	-4.817940361533359e-06	-6.751195179565127e-09	-6.182061713418827	-1.8352198840612983	0.003015756568495453
-999.0	865.0	-4.493711916767787e-06	-8.672187840601654e-09	-6.71095578538045	-1.9673790237808428	0.003696822118403017
-999.0	840.0	-4.1807924358321595e-06	-9.069309961400308e-09	-7.2174966688509095	-1.9571132849621007	0.004457811401821883
-999.0	815.0	-3.922338877256233e-06	-8.7082796911836e-09	-7.691859597777115	-1.8225314686890686	0.005207658522755481
-999.0	790.0	-4.233849619017475e-06	-7.629602264730852e-09	-8.076490085801932	-1.6098069727972188	0.005832229041622353
-999.0	765.0	-4.9593989950999145e-06	-6.343044615502662e-09	-8.297351694401375	-1.3658605497114362	0.006223930571666738
-999.0	740.0	-6.216644437693706e-06	-4.565518378393175e-09	-8.243572736963795	-1.1439844882230281	0.006301343875373422
-999.0	715.0	-7.598137745534223e-06	-2.776318997473133e-09	-7.938856760292865	-0.9621011322409853	0.006052646810831813
-999.0	690.0	-8.037122756876e-06	-1.7695957951183263e-09	-7.504179905226195	-0.8030040516103855	0.005518274302467825
-999.0	665.0	-7.281207927232819e-06	-1.4122175363153874e-09	-6.943238560708221	-0.6681151337645463	0.0047713279068051
-999.0	640.0	-5.818329349687416e-06	-1.5938632028919592e-09	-6.456019267991747	-0.5339804386351996	0.0038522234178164747
-999.0	615.0	-3.820735345906744e-06	-2.653505280636957e-09	-6.110829992978678	-0.3952767681560336	0.0027356664788315407
-999.0	590.0	-2.2821496809301992e-06	-3.240812597134091e-09	-5.941554161777482	-0.24668751903062236	0.0013803853862989117
-999.0	565.0	-1.4677922232531142e-06	-3.554135123453867e-09	-5.983056641241295	-0.08925611415395457	-0.00025913201992301606
-999.0	540.0	-1.23069454450238e-06	-3.506152196028213e-09	-6.123841242473808	0.05136156128215612	-0.002159094750807297
-999.0	515.0	-1.61596807438543e-06	-2.816834778149166e-09	-6.333773375753266	0.14896870105537702	-0.004194454471255574
-999.0	490.0	-1.9276420818484564e-06	-2.2328468536473582e-09	-6.504516463772743	0.1352222875611337	-0.006210589105384578
-999.0	465.0	-1.8541305697210868e-06	-1.6460530631662117e-09	-6.595948287665285	-0.005251518117252656	-0.008059070419717207
-999.0	440.0	-1.6673315819150588e-06	-1.2063530618030952e-09	-6.615422486661022	-0.1562363535257845	-0.009638889866959741
-999.0	415.0	-1.5723768641487696e-06	-1.16569467879547e-09	-6.523961142671333	-0.2559648170250902	-0.010906415357418238
-999.0	390.0	-1.2339857537146894e-06	-1.2232064250071095e-09	-6.217617476014085	-0.224531771546156	-0.011832671440806405
-999.0	365.0	-1.754623441229797e-07	-1.2240294411428161e-09	-5.650349955177987	-0.033527732562311965	-0.012408969697884142
-999.0	340.0	1.4611092264408274e-06	-8.339245952445299e-10	-4.897433420160327	0.25158099501314113	-0.012726106818318714
-999.0	315.0	2.9521541594424054e-06	-2.927750307427252e-10	-4.040088439015359	0.6017730239122022	-0.012981355309472612
-999.0	290.0	3.7605876910239257e-06	1.8406931127707988e-10	-3.2614194028493815	0.9936004423386952	-0.013312769133093177
-999.0	265.0	4.477423331461711e-06	4.2229687883782834e-10	-2.616444251097689	1.411821865548533	-0.013673942858994967
-999.0	240.0	5.888662727819591e-06	3.878437331470989e-10	-1.9750538105490465	1.8180558605142538	-0.013865574382287636
-999.0	215.0	6.966629195302227e-06	2.4634120865465914e-10	-1.153519693693123	2.0788501539715822	-0.013574562793028948
-999.0	190.0	6.927627318685633e-06	1.9028331716691808e-10	0.029565162220803493	2.010960062655276	-0.01239011176311207
-999.0	165.0	7.0939445524790494e-06	1.0739503431580554e-10	1.5522049268086178	1.6185678468188895	-0.0098306986357638
-999.0	140.0	9.424827363490165e-06	1.699365627430867e-11	2.681310882630861	1.22247622878413	-0.005135453310321317
-999.0	115.0	8.825218011237861e-06	4.846123781351319e-12	3.3066746846393134	0.9972113496892996	-0.0009373254067060399
-999.0	90.0	9.190040641011249e-06	2.5164249612653513e-12	4.7514316861368275	0.6612222101711558	-6.189200534659898e-07
-999.0	65.0	3.9663748339450045e-06	0.0	1.6524912594461207	0.23096000488249074	0.0
-999.0	40.0	1.6119733092649257e-06	0.0	-8.856128715944536	-0.04475260363822264	0.0
-999.0	15.0	-1.5563663743267769e-06	0.0	-17.213577803316348	-0.06458686390657031	0.0
245.06944444444446	40	1004.4568413628474	day	levels	pres0
-999.0	990.0	-4.455887301970615e-06	6.790838745439735e-09	-2.4666611849341793	-0.4138489897006611	0.0005141265530195814
-999.0	965.0	-7.786490738555554e-06	9.050909587384196e-09	-4.133075101944234	-0.9315142192659566	0.0012609128887671156
-999.0	940.0	-6.451699810884626e-06	3.7228360800815305e-09	-5.001566050413225	-1.311349865394083	0.001817444585823366
-999.0	915.0	-6.054809464268789e-06	-2.2091036749890718e-09	-5.648631196147143	-1.638556169047063	0.0023443732346714067
-999.0	890.0	-5.600684420547715e-06	-6.326093314954992e-09	-6.219235534653267	-1.8982222806892646	0.0029306996216376877
-999.0	865.0	-5.266365648818702e-06	-7.871051583292829e-09	-6.749478121598579	-2.0375929085285263	0.0036265337549690013
-999.0	840.0	-4.820955716187548e-06	-8.095528106854477e-09	-7.258297785564728	-2.0314822878547476	0.0044201396964125405
-999.0	815.0	-4.395526701368198e-06	-7.833830528342356e-09	-7.733158454482965	-1.8987057855882166	0.005214033522304019
-999.0	790.0	-4.571091569596983e-06	-6.886881293924324e-09	-8.115557397589297	-1.684971831807987	0.005886038248952852
-999.0	765.0	-5.144100595402678e-06	-5.8138065661395556e-09	-8.332218028145094	-1.435617319911904	0.006324085824707008
-999.0	740.0	-6.2358770868420846e-06	-4.255383449653057e-09	-8.272753154054119	-1.2041063875155826	0.006445080370779126
-999.0	715.0	-7.463879676089078e-06	-2.591121666316622e-09	-7.961463312675933	-1.0100907603233116	0.006235419208105978
-999.0	690.0	-7.76556708439695e-06	-1.6334842406954644e-09	-7.518753513325885	-0.8385884807341907	0.005737002648107441
-999.0	665.0	-6.869782409472295e-06	-1.2816888773842426e-09	-6.948089117828154	-0.6912599523310515	0.005028923837533999
-999.0	640.0	-5.305224064410112e-06	-1.451038365608831e-09	-6.452044007954762	-0.5447423155477152	0.004159474233773958
-999.0	615.0	-3.2371713896078003e-06	-2.4953881375326422e-09	-6.100104250289759	-0.39400618345143873	0.003112238749900224
-999.0	590.0	-1.6563573921802528e-06	-3.104002662963494e-09	-5.928279405298774	-0.23535485671442238	0.001849066789643972
-999.0	565.0	-8.476351449116147e-07	-3.453912684036424e-09	-5.972805209089932	-0.07062775772754372	0.0003183069325741455
-999.0	540.0	-6.6408793506908e-07	-3.4196195708563827e-09	-6.120496713636828	0.07517550960557635	-0.0014653402336604992
-999.0	515.0	-1.139665391859233e-06	-2.7258866872597565e-09	-6.340366376402939	0.17527881915463733	-0.003386698963142648
-999.0	490.0	-1.5256277220279688e-06	-2.1636401444758495e-09	-6.518103056851736	0.1602854072403888	-0.005302484387550316
-999.0	465.0	-1.500261854511907e-06	-1.6335872249138575e-09	-6.611228652850352	0.014076313705275838	-0.007075718061093051
-999.0	440.0	-1.3256972113777623e-06	-1.2553933343086197e-09	-6.627674950263752	-0.14568106577742407	-0.008611647020288089
-999.0	415.0	-1.1937336909202803e-06	-1.2764744679361063e-09	-6.528946718270024	-0.256143984334531	-0.00986499008020351
-999.0	390.0	-7.699813604490118e-07	-1.341302829478127e-09	-6.21498409465506	-0.23356202696623002	-0.0107992175222932
-999.0	365.0	4.184262011458267e-07	-1.3169399479127797e-09	-5.640304367885804	-0.047564293781050225	-0.011393829327831437
-999.0	340.0	2.1520979865045265e-06	-9.032482777039455e-10	-4.87718518250792	0.23697476014264093	-0.011729535784627737
-999.0	315.0	3.669968638850826e-06	-3.3777439960563546e-10	-4.0067171222978395	0.5905991088854716	-0.011998590924357178
-999.0	290.0	4.466864447999845e-06	1.5528167915424457e-10	-3.2161559815932095	0.986714404277543	-0.012333373295760452
-999.0	265.0	5.153986975777711e-06	4.0061756906661466e-10	-2.5624633461328514	1.410147707093716	-0.012679905344886406
-999.0	240.0	6.560212968857547e-06	3.6901684479207274e-10	-1.9148158198911949	1.827083218405832	-0.012838066778137642
-999.0	215.0	7.722237338342926e-06	2.349221680447156e-10	-1.0870495043970458	2.104768524429332	-0.01251901183722841
-999.0	190.0	7.791783439797142e-06	1.8406525860620612e-10	0.1052065979183969	2.0513344462702596	-0.011367292637862087
-999.0	165.0	7.906093664400289e-06	1.0357005610194853e-10	1.6336281779740167	1.6598901081468498	-0.008965333202779717
-999.0	140.0	1.025157607940195e-05	1.6080876731737233e-11	2.7424909604460828	1.2563735331282626	-0.004657646073996587
-999.0	115.0	9.907332519025395e-06	4.6000299239372935e-12	3.325522016595926	1.0272099344896708	-0.0008393632527990138
-999.0	90.0	1.029161021588718e-05	2.3865826593800497e-12	4.750366204774671	0.6767529751286537	-5.549095974390128e-07
-999.0	65.0	4.646739457282153e-06	0.0	1.6546882932637696	0.22605910320640324	0.0
-999.0	40.0	1.9858625548350235e-06	0.0	-8.812766125701616	-0.06058323804151598	0.0
-999.0	15.0	-1.2334035531441328e-06	0.0	-17.15738012135761	-0.07783264849404672	0.0
245.08333333333334	40	1004.6060943603516	day	levels	pres0
-999.0	990.0	-4.517204716750001e-06	6.504756600429632e-09	-2.4715901800879947	-0.43757197086664057	0.000505735912180438
-999.0	965.0	-8.216125350694674e-06	8.595730278065542e-09	-4.1555803579028385	-0.9635793671391295	0.0012263825610896453
-999.0	940.0	-6.990748390060946e-06	3.309604074241385e-09	-5.035489091166747	-1.353768989961167	0.0017575594670701455
-999.0	915.0	-6.752915889045637e-06	-2.235451877227859e-09	-5.685842266789184	-1.692114563175901	0.0022641778579914986
-999.0	890.0	-6.383428479560819e-06	-5.900991450345844e-09	-6.256409355887651	-1.9612246773170856	0.0028456481635759914
-999.0	865.0	-6.039019380868289e-06	-7.069915325985917e-09	-6.788000457816639	-2.1078067932760365	0.00355625453722119
-999.0	840.0	-5.461118996541697e-06	-7.121746252311095e-09	-7.299098902278456	-2.1058512907471973	0.004382474745535447
-999.0	815.0	-4.868714525479189e-06	-6.959381365503291e-09	-7.774457311188709	-1.9748801024871465	0.005220406975322928
-999.0	790.0	-4.9083335201759174e-06	-6.144160323119601e-09	-8.154624709376554	-1.7601366908185303	0.005939833481704494
-999.0	765.0	-5.328802195705271e-06	-5.284568516777723e-09	-8.367084361888717	-1.5053740901121582	0.0064242128562753895
-999.0	740.0	-6.2551097359906905e-06	-3.9452485209136436e-09	-8.301933571144362	-1.2642282868079482	0.006588776244154973
-999.0	715.0	-7.329621606644518e-06	-2.405924335160524e-09	-7.984069865058947	-1.0580803884054806	0.006418143411038749
-999.0	690.0	-7.494011411918867e-06	-1.497372686273014e-09	-7.533327121425544	-0.8741729098578721	0.005955678303023455
-999.0	665.0	-6.45835689171313e-06	-1.1511602184537473e-09	-6.952939674948096	-0.7144047708974669	0.005286463981115868
-999.0	640.0	-4.792118779134459e-06	-1.308213528326489e-09	-6.448068747917816	-0.5555041924601755	0.004466663530409089
-999.0	615.0	-2.6536074333106676e-06	-2.3372709944291185e-09	-6.0893785076009	-0.3927355987468215	0.0034887373234164906
-999.0	590.0	-1.0305651034321578e-06	-2.9671927287935843e-09	-5.915004648820128	-0.22402219439822735	0.0023176534610733356
-999.0	565.0	-2.274780665718593e-07	-3.353690244619503e-09	-5.962553776938613	-0.05199940130115672	0.0008956185815327993
-999.0	540.0	-9.748132563732682e-08	-3.3330869456850326e-09	-6.117152184799867	0.09898945792895648	-0.0007717507730019499
-999.0	515.0	-6.633627093343262e-07	-2.634938596370872e-09	-6.346959377052602	0.2015889372538447	-0.002579144641168704
-999.0	490.0	-1.1236133622085248e-06	-2.0944334353047973e-09	-6.531689649930696	0.18534852691958614	-0.004394604302726597
-999.0	465.0	-1.1463931393035757e-06	-1.6211213866617349e-09	-6.626509018035386	0.03340414552775213	-0.0060925934855066465
-999.0	440.0	-9.840628408412984e-07	-1.3044336068141296e-09	-6.639927413866462	-0.13512577802909867	-0.007584626088544678
-999.0	415.0	-8.150905176928683e-07	-1.3872542570764824e-09	-6.533932293868717	-0.2563231516439806	-0.008823776341374346
-999.0	390.0	-3.0597696718488834e-07	-1.459399233948821e-09	-6.212350713296063	-0.24259228238629013	-0.009765954014999077
-999.0	365.0	1.012314746412497e-06	-1.4098504546824976e-09	-5.630258780593672	-0.06160085499976013	-0.010378848307335164
-999.0	340.0	2.843086746565757e-06	-9.72571960163168e-10	-4.856936944855586	0.22236852527217857	-0.0107330929392977
-999.0	315.0	4.387783118256733e-06	-3.8277376846839647e-10	-3.9733458055804274	0.5794251938587849	-0.011015924393005307
-999.0	290.0	5.173141204973289e-06	1.2649404703150737e-10	-3.170892560337171	0.9798283662164361	-0.011354037781995717
-999.0	265.0	5.83055062009132e-06	3.7893825929545516e-10	-2.508482441168167	1.4084735486389355	-0.011685882543211094
-999.0	240.0	7.231763209893176e-06	3.5018995643707997e-10	-1.8545778292335087	1.836110576297411	-0.01181054359657227
-999.0	215.0	8.477845481381226e-06	2.235031274347964e-10	-1.0205793151011504	2.1306868948870172	-0.011463476621388677
-999.0	190.0	8.655939560906122e-06	1.7784720004551282e-10	0.18084803361577972	2.0917088298851128	-0.010344596089532076
-999.0	165.0	8.718242776318976e-06	9.974507788810416e-11	1.715051429139173	1.7012123694746457	-0.008100174867781177
-999.0	140.0	1.1078324795310967e-05	1.5168097189167997e-11	2.8036710382611076	1.2902708374722294	-0.004179972165216241
-999.0	115.0	1.098944702680978e-05	4.353936066523602e-12	3.3443693485524726	1.0572085192898826	-0.0007414154832189363
-999.0	90.0	1.1393179790759918e-05	2.256740357495157e-12	4.749300723412531	0.6922837400860464	-4.908873512013811e-07
-999.0	65.0	5.3271040806174385e-06	0.0	1.656885327081445	0.22115820153029353	0.0
-999.0	40.0	2.3597518004041024e-06	0.0	-8.769403535458807	-0.07641387244479458	0.0
-999.0	15.0	-9.104407319623237e-07	0.0	-17.101182439399036	-0.09107843308151245	0.0
245.09722222222223	40	1004.755347357856	day	levels	pres0
-999.0	990.0	-4.5785221315292035e-06	6.2186744554185746e-09	-2.476519175241759	-0.4612949520326597	0.0004973479712144363
-999.0	965.0	-8.645759962834019e-06	8.140550968745666e-09	-4.178085613861416	-0.9956445150123451	0.0011918535779675563
-999.0	940.0	-7.529796969237699e-06	2.896372068400367e-09	-5.069412131920285	-1.3961881145283175	0.001697671853947007
-999.0	915.0	-7.451022313823324e-06	-2.26180007946661e-09	-5.723053337431263	-1.7456729573048377	0.002183981877816741
-999.0	890.0	-7.16617253857506e-06	-5.475889585735788e-09	-6.293583177122082	-2.0242270739450365	0.002760602194280174
-999.0	865.0	-6.811673112919055e-06	-6.268779068677287e-09	-6.8265227940347595	-2.178020678023707	0.003485984465028473
-999.0	840.0	-6.101282276896869e-06	-6.147964397765563e-09	-7.339900018992264	-2.1802202936398354	0.004344816549155166
-999.0	815.0	-5.341902349590899e-06	-6.084932202662284e-09	-7.815756167894545	-2.0510544193862876	0.005226778881793621
-999.0	790.0	-5.245575470755321e-06	-5.401439352312953e-09	-8.19369202116391	-1.835301549829296	0.005993614739422721
-999.0	765.0	-5.5135037960081235e-06	-4.7553304674140524e-09	-8.401950695632431	-1.5751308603126268	0.006524311664970939
-999.0	740.0	-6.274342385139246e-06	-3.635113592172722e-09	-8.331113988234685	-1.324350186100505	0.006732431493167186
-999.0	715.0	-7.195363537199497e-06	-2.2207270040032476e-09	-8.006676417442026	-1.1060700164878061	0.006600819416943007
-999.0	690.0	-7.222455739439906e-06	-1.3612611318494803e-09	-7.547900729525241	-0.9097573389816735	0.006174301264445252
-999.0	665.0	-6.046931373952708e-06	-1.0206315595220298e-09	-6.957790232068044	-0.7375495894639652	0.005543948334904982
-999.0	640.0	-4.2790134938572776e-06	-1.1653886910429015e-09	-6.444093487880847	-0.5662660693726811	0.004773791305316877
-999.0	615.0	-2.0700434770118688e-06	-2.1791538513244657e-09	-6.078652764912	-0.39146501404221545	0.003865162197376661
-999.0	590.0	-4.0477281468236485e-07	-2.8303827946227077e-09	-5.901729892341439	-0.2126895320820158	0.0027861453989241783
-999.0	565.0	3.92679011769493e-07	-3.2534678052017816e-09	-5.952302344787267	-0.03337104487473414	0.0014728029256286346
-999.0	540.0	4.6912528379585485e-07	-3.2465543205129367e-09	-6.113807655962899	0.1228034062523874	-7.83263697470993e-05
-999.0	515.0	-1.8706002680819233e-07	-2.543990505481226e-09	-6.353552377702282	0.22789905535311328	-0.0017717915059314985
-999.0	490.0	-7.215990023880781e-07	-2.0252267261331206e-09	-6.545276243009694	0.21041164659884598	-0.003486948851180041
-999.0	465.0	-7.925244240944572e-07	-1.6086555484093068e-09	-6.641789383220458	0.05273197735028189	-0.005109696692913443
-999.0	440.0	-6.424284703041091e-07	-1.3534738793196475e-09	-6.652179877469206	-0.12457049028073784	-0.006557827071489205
-999.0	415.0	-4.36447344464555e-07	-1.4980340462171441e-09	-6.538917869467427	-0.25650231895341913	-0.0077827741406623074
-999.0	390.0	1.5802742608052875e-07	-1.5774956384198584e-09	-6.209717331937061	-0.25162253780636107	-0.008732880918690566
-999.0	365.0	1.6062032916809621e-06	-1.502760961452452e-09	-5.620213193301517	-0.0756374162184974	-0.009364026636241272
-999.0	340.0	3.5340755066290575e-06	-1.0418956426225603e-09	-4.836688707203212	0.20776229040167324	-0.009736778282316306
-999.0	315.0	5.105597597664729e-06	-4.277731373312845e-10	-3.9399744888629455	0.5682512788320405	-0.010033355715529811
-999.0	290.0	5.8794179619488025e-06	9.770641490868463e-11	-3.1256291390810373	0.9729423281552643	-0.010374762591904325
-999.0	265.0	6.507114264406949e-06	3.572589495242381e-10	-2.4545015362033658	1.406799390184097	-0.0106918744539969
-999.0	240.0	7.903313450930778e-06	3.3136306808204346e-10	-1.794339838575687	1.845137934188968	-0.01078300483757159
-999.0	215.0	9.233453624421583e-06	2.120840868248474e-10	-0.9541091258050981	2.156605265344743	-0.010407957145516263
-999.0	190.0	9.520095682017292e-06	1.7162914148479923e-10	0.2564894693133535	2.1320832135000733	-0.009322022118148362
-999.0	165.0	9.53039188823984e-06	9.592009967424717e-11	1.7964746803045555	1.7425346308025804	-0.007235223630770257
-999.0	140.0	1.1905073511222368e-05	1.425531764659659e-11	2.8648511160763177	1.3241681418163325	-0.0037024315839762384
-999.0	115.0	1.207156153459695e-05	4.107842209109532e-12	3.3632166805090806	1.0872071040902196	-0.0006434820979655339
-999.0	90.0	1.2494749365635519e-05	2.1268980556098123e-12	4.748235242050371	0.7078145050435184	-4.268533147523496e-07
-999.0	65.0	6.007468703954374e-06	0.0	1.6590823608990988	0.21625729985420172	0.0
-999.0	40.0	2.7336410459740062e-06	0.0	-8.72604094521589	-0.09224450684808536	0.0
-999.0	15.0	-5.874779107800195e-07	0.0	-17.044984757440304	-0.1043242176689876	0.0
245.11111111111111	40	1004.9046003553605	day	levels	pres0
-999.0	990.0	-4.639839546308582e-06	5.932592310408442e-09	-2.481448170395574	-0.48501793319863995	0.0004889627301038037
-999.0	965.0	-9.075394574973105e-06	7.685371659426988e-09	-4.20059086982002	-1.027709662885519	0.00115732593939491
-999.0	940.0	-8.068845548414024e-06	2.4831400625602303e-09	-5.103335172673805	-1.4386072390954037	0.001637781746587913
-999.0	915.0	-8.14912873860022e-06	-2.288148281705345e-09	-5.7602644080733	-1.7992313514336788	0.002103785294303012
-999.0	890.0	-7.948916597588246e-06	-5.0507877211265495e-09	-6.330756998356465	-2.08722947057286	0.002675561713719387
-999.0	865.0	-7.584326844968719e-06	-5.467642811370286e-09	-6.865045130252816	-2.248234562771221	0.003415723538258937
-999.0	840.0	-6.741445557251067e-06	-5.174182543222141e-09	-7.380701135705991	-2.2545892965322887	0.004307165107235267
-999.0	815.0	-5.815090173701891e-06	-5.21048303982323e-09	-7.857055024600285	-2.1272287362852205	0.005233149241696231
-999.0	790.0	-5.582817421334219e-06	-4.658718381508272e-09	-8.232759332951167	-1.9104664088398435	0.0060473820216514085
-999.0	765.0	-5.698205396310675e-06	-4.226092418052249e-09	-8.43681702937605	-1.644887630512886	0.006624382249390915
-999.0	740.0	-6.293575034287813e-06	-3.3249786634333187e-09	-8.360294405324927	-1.384472085392877	0.0068760461154799375
-999.0	715.0	-7.061105467754921e-06	-2.0355296728471576e-09	-8.02928296982504	-1.1540596445699818	0.006783447223129308
-999.0	690.0	-6.950900066961813e-06	-1.2251495774270368e-09	-7.562474337624902	-0.9453417681053612	0.006392871529599518
-999.0	665.0	-5.635505856193545e-06	-8.901029005915358e-10	-6.962640789187987	-0.7606944080303866	0.005801376896252503
-999.0	640.0	-3.7659082085816295e-06	-1.0225638537605544e-09	-6.440118227843899	-0.5770279462851468	0.005080857556088671
-999.0	615.0	-1.4864795207147371e-06	-2.021036708220934e-09	-6.067927022223141	-0.39019442933760307	0.004241513369772735
-999.0	590.0	2.210194740657333e-07	-2.693572860452793e-09	-5.88845513586279	-0.2013568697658251	0.0032545426015285297
-999.0	565.0	1.012836090109255e-06	-3.15324536578486e-09	-5.942050912635945	-0.014742688448351181	0.00204985996353132
-999.0	540.0	1.035731893227622e-06	-3.1600216953415878e-09	-6.110463127125934	0.14661735457576405	0.0006149329751817139
-999.0	515.0	2.892426557167369e-07	-2.453042414592342e-09	-6.360145378351943	0.2542091734523186	-0.0009646395580364335
-999.0	490.0	-3.195846425686103e-07	-1.9560200169620685e-09	-6.558862836088649	0.23547476627804254	-0.002579518033185472
-999.0	465.0	-4.386557088861001e-07	-1.5961897101571877e-09	-6.657069748405492	0.072059809172759	-0.004127027683277358
-999.0	440.0	-3.007940997676144e-07	-1.4025141518251629e-09	-6.664432341071914	-0.1140152025324106	-0.00553124996888983
-999.0	415.0	-5.780417123709857e-08	-1.608813835357526e-09	-6.543903445066121	-0.25668148626286647	-0.006741983477807114
-999.0	390.0	6.220318193447217e-07	-1.6955920428905607e-09	-6.207083950578068	-0.2606527932264178	-0.007699998233141923
-999.0	365.0	2.2000918369477167e-06	-1.5956714682221794e-09	-5.610167606009388	-0.08967397743720265	-0.008349364314403111
-999.0	340.0	4.225064266690352e-06	-1.1112193250817943e-09	-4.816440469550886	0.19315605553121654	-0.008740591813678308
-999.0	315.0	5.823412077070657e-06	-4.727725061940586e-10	-3.9066031721455365	0.5570773638053594	-0.009050884892050411
-999.0	290.0	6.585694718922235e-06	6.89187827859377e-11	-3.0803657178249995	0.9660562900941624	-0.00939554772559832
-999.0	265.0	7.183677908720545e-06	3.3557963975307247e-10	-2.4005206312386793	1.405125231729321	-0.00969788107727837
-999.0	240.0	8.574863691966407e-06	3.1253617972704506e-10	-1.734101847917996	1.854165292080551	-0.009755450501122389
-999.0	215.0	9.989061767459918e-06	2.006650462149243e-10	-0.8876389365091928	2.182523635802429	-0.009352453409624324
-999.0	190.0	1.0384251803126324e-05	1.6541108292410516e-10	0.33213090501074816	2.172457597114927	-0.008299570723743668
-999.0	165.0	1.0342541000158514e-05	9.209512146040263e-11	1.8778979314697246	1.7838568921303786	-0.006370479491754604
-999.0	140.0	1.2731822227131323e-05	1.3342538104027277e-11	2.9260311938913515	1.3580654461603006	-0.003225024330275707
-999.0	115.0	1.315367604238133e-05	3.861748351695797e-12	3.3820640124656256	1.1172056888904298	-0.0005455630970391851
-999.0	90.0	1.359631894050827e-05	1.9970557537249017e-12	4.747169760688229	0.7233452700009066	-3.628074880919018e-07
-999.0	65.0	6.687833327289666e-06	0.0	1.6612793947167728	0.21135639817808874	0.0
-999.0	40.0	3.107530291543082e-06	0.0	-8.682678354973081	-0.10807514125136361	0.0
-999.0	15.0	-2.645150895982203e-07	0.0	-16.988787075481735	-0.11757000225645096	0.0
245.125	40	1005.0538533528645	day	levels	pres0
-999.0	990.0	-4.701156961087736e-06	5.646510165397446e-09	-2.4863771655493307	-0.508740914364656	0.00048058018883092636
-999.0	965.0	-9.505029187112311e-06	7.230192350107246e-09	-4.223096125778588	-1.0597748107587295	0.0011227996453661122
-999.0	940.0	-8.607894127590602e-06	2.069908056719327e-09	-5.13725821342733	-1.4810263636625474	0.0015778891451273438
-999.0	915.0	-8.847235163377685e-06	-2.3144964839441037e-09	-5.797475478715367	-1.852789745562606	0.0020235881076067956
-999.0	890.0	-8.731660656602247e-06	-4.625685856516622e-09	-6.367930819590887	-2.1502318672007985	0.0025905267218634676
-999.0	865.0	-8.356980577019266e-06	-4.66650655406188e-09	-6.903567466470931	-2.3184484475188785	0.003345471756781475
-999.0	840.0	-7.381608837606088e-06	-4.200400688676854e-09	-7.421502252419787	-2.328958299424913	0.004269520419740328
-999.0	815.0	-6.288277997813521e-06	-4.336033876982436e-09	-7.898353881306119	-2.20340305318435	0.0052395180550121635
-999.0	790.0	-5.920059371913533e-06	-3.915997410701864e-09	-8.271826644738516	-1.9856312678505983	0.0061011353279360305
-999.0	765.0	-5.882906996613415e-06	-3.6968543686888562e-09	-8.471683363119759	-1.7146444007133448	0.006724424608134587
-999.0	740.0	-6.312807683436269e-06	-3.0148437346926793e-09	-8.389474822415247	-1.4445939846854243	0.007019620108759853
-999.0	715.0	-6.926847398309842e-06	-1.850332341690111e-09	-8.051889522208109	-1.2020492726523018	0.006966026826910988
-999.0	690.0	-6.679344394482833e-06	-1.0890380230036643e-09	-7.577047945724594	-0.9809261972291601	0.00661138909571605
-999.0	665.0	-5.224080338433131e-06	-7.595742416598998e-10	-6.967491346307927	-0.7838392265968851	0.006058749662513011
-999.0	640.0	-3.2528029233044776e-06	-8.797390164770071e-10	-6.436142967806921	-0.5877898231976563	0.005387862280319635
-999.0	615.0	-9.029155644159878e-07	-1.8629195651163087e-09	-6.057201279534233	-0.3889238446330031	0.004617790838600997
-999.0	590.0	8.468117628154558e-07	-2.556762926281936e-09	-5.875180379384092	-0.19002420744962167	0.0037228450672233473
-999.0	565.0	1.6329931684505242e-06	-3.053022926367164e-09	-5.93179948048459	0.003885667978061535	0.0026267896939161494
-999.0	540.0	1.6023385026607154e-06	-3.0734890701695134e-09	-6.1071185982889595	0.17043130289918432	0.001308027260868467
-999.0	515.0	7.655453382427861e-07	-2.3620943237027084e-09	-6.366738379001617	0.28051929155157673	-0.00015768879808196934
-999.0	490.0	8.242971725175498e-08	-1.8868133077903844e-09	-6.572449429167642	0.26053788595729405	-0.001672311849010314
-999.0	465.0	-8.478699367706115e-08	-1.58372387190473e-09	-6.672350113590559	0.0913876409952839	-0.0031445864565546886
-999.0	440.0	4.0840270769506285e-08	-1.451554424330638e-09	-6.676684804674652	-0.1034599147840507	-0.004504894780507117
-999.0	415.0	3.208390019911654e-07	-1.7195936244981435e-09	-6.5488890206648245	-0.2568606535723019	-0.005701404352541145
-999.0	390.0	1.0860362126101036e-06	-1.8136884473615624e-09	-6.204450569219059	-0.2696830486464832	-0.006667305958120405
-999.0	365.0	2.7939803822161506e-06	-1.6885819749921122e-09	-5.600122018717228	-0.10371053865593344	-0.007334861341667286
-999.0	340.0	4.9160530267536254e-06	-1.180543007541176e-09	-4.796192231898506	0.17854982066071695	-0.007744533533371978
-999.0	315.0	6.541226556478643e-06	-5.177718750569455e-10	-3.8732318554280525	0.5459034487786186	-0.00806851192268043
-999.0	290.0	7.291971475897748e-06	4.0131150663113215e-11	-3.0351022965688665	0.9591702520329918	-0.00841639318318354
-999.0	265.0	7.860241553036175e-06	3.1390032998185946e-10	-2.346539726273881	1.4034510732744818	-0.008703902413083891
-999.0	240.0	9.246413933003992e-06	2.9370929137201765e-10	-1.673863857260181	1.8631926499721074	-0.00872788058720525
-999.0	215.0	1.0744669910500197e-05	1.8924600560498173e-10	-0.8211687472131516	2.2084420062601557	-0.00829696541371991
-999.0	190.0	1.1248407924237352e-05	1.5919302436339387e-10	0.4077723407083085	2.2128319807298893	-0.007277241906344847
-999.0	165.0	1.1154690112079277e-05	8.827014324654636e-11	1.9593211826350956	1.8251791534583184	-0.005505942450736721
-999.0	140.0	1.3558570943042679e-05	1.242975856145612e-11	2.9872112717065544	1.3919627505044143	-0.0027477504041108266
-999.0	115.0	1.4235790550168375e-05	3.615654494281838e-12	3.400911344422234	1.1472042736907802	-0.0004476584804396593
-999.0	90.0	1.4697888515383738e-05	1.8672134518395835e-12	4.746104279326069	0.7388760349583915	-2.9874987121926677e-07
-999.0	65.0	7.368197950626505e-06	0.0	1.6634764285344215	0.2064554965020054	0.0
-999.0	40.0	3.481419537112945e-06	0.0	-8.639315764730174	-0.12390577565464705	0.0
-999.0	15.0	5.844773158408062e-08	0.0	-16.932589393523006	-0.13081578684391895	0.0
245.13888888888889	40	1004.9197879367404	day	levels	pres0
-999.0	990.0	-5.702830767879565e-06	5.460155393068262e-09	-2.49145809064306	-0.5327919090488765	0.0004628872239575333
-999.0	965.0	-1.0921217403592896e-05	6.923801807061737e-09	-4.245724149801414	-1.0920495353179334	0.0010849869498949741
-999.0	940.0	-9.991905766326947e-06	1.7690367065926337e-09	-5.171043263173393	-1.5234472393690839	0.0015218096705624598
-999.0	915.0	-1.0303485557225269e-05	-2.1565641379619937e-09	-5.834238364625684	-1.9061282844294525	0.0019514504246518545
-999.0	890.0	-1.0215994301994127e-05	-3.924360178204504e-09	-6.404395665283569	-2.212788307924374	0.002511841188086004
-999.0	865.0	-9.777337575871548e-06	-3.5536699694869047e-09	-6.941212904306123	-2.388059109725392	0.003272508582943503
-999.0	840.0	-8.621137590494868e-06	-2.9250104532030495e-09	-7.461377865738364	-2.4026904273548957	0.0042109436380689275
-999.0	815.0	-7.334708709485416e-06	-3.2108084800534303e-09	-7.938767022556763	-2.2789829245504865	0.005195886379401901
-999.0	790.0	-6.834206830302933e-06	-3.021481145383065e-09	-8.310089207725799	-2.060234262941516	0.006063959157654262
-999.0	765.0	-6.67025473985184e-06	-3.0845346015531165e-09	-8.505925087281254	-1.783836784410479	0.006680723499489475
-999.0	740.0	-6.993831112697086e-06	-2.6258284118101557e-09	-8.418202584172505	-1.504151540727971	0.006956781304534295
-999.0	715.0	-7.521564462136627e-06	-1.5895612605644282e-09	-8.074151792644006	-1.2495221129883667	0.006873259659312516
-999.0	690.0	-7.187015197252525e-06	-8.8243667217967e-10	-7.591345366872396	-1.0160511604073825	0.006481468281309868
-999.0	665.0	-5.622417652444634e-06	-5.760051351017113e-10	-6.972085553232898	-0.8066077101631092	0.005891478317882941
-999.0	640.0	-3.570601338839075e-06	-7.034145171134364e-10	-6.431908074352462	-0.5982297036141639	0.005191942606184158
-999.0	615.0	-1.1649268131041743e-06	-1.6963720536516052e-09	-6.0461799430626195	-0.38735885182568763	0.004411931824213235
-999.0	590.0	6.223178778603539e-07	-2.416424664131187e-09	-5.861614714985989	-0.17841197416921856	0.003530068327076993
-999.0	565.0	1.4078158648733522e-06	-2.93949160744851e-09	-5.921294104169901	0.02279658343092101	0.002465342212823466
-999.0	540.0	1.3177400582508193e-06	-2.9582610356748816e-09	-6.103576137327847	0.19451969975814187	0.0011885470575721928
-999.0	515.0	3.6824361377359694e-07	-2.224978878908523e-09	-6.373219484164396	0.30708859484920753	-0.00023442575683833077
-999.0	490.0	-4.2063247160835483e-07	-1.7649600594026543e-09	-6.585996631670894	0.28582668470014044	-0.0017174087398851613
-999.0	465.0	-6.772710785881119e-07	-1.521570394052575e-09	-6.687660908050572	0.11088006262508501	-0.0031817951684486316
-999.0	440.0	-6.070521742240051e-07	-1.455093391262068e-09	-6.688994998457265	-0.09277012949968932	-0.00456529469199619
-999.0	415.0	-3.197824490084866e-07	-1.788120657679105e-09	-6.553917345671379	-0.2568990463666823	-0.005814170030892561
-999.0	390.0	5.190711923991487e-07	-1.8963492374433654e-09	-6.201838460785367	-0.27857386909517323	-0.0068526356451530275
-999.0	365.0	2.349591001948192e-06	-1.7518566467569937e-09	-5.590078380234805	-0.11761916773739493	-0.0075979414391163635
-999.0	340.0	4.5402370019114e-06	-1.2252034894717367e-09	-4.775925093364917	0.16405721976891519	-0.008077144747780533
-999.0	315.0	6.147110200341653e-06	-5.444257717393914e-10	-3.8398234298176503	0.534831117635228	-0.008453714954603538
-999.0	290.0	6.85840914698682e-06	2.307714065149201e-11	-2.989798093835475	0.9523881067188118	-0.00882785250351871
-999.0	265.0	7.397786531328985e-06	3.005224412665753e-10	-2.2925203400031204	1.4018934362935598	-0.009102668774472652
-999.0	240.0	8.80714752494926e-06	2.8453710195485773e-10	-1.613588019423596	1.8723402759175105	-0.009064322345991988
-999.0	215.0	1.0385110937821695e-05	1.865772873367382e-10	-0.7546511190356469	2.2344720438122914	-0.008527364021302301
-999.0	190.0	1.089233667814826e-05	1.5739258470254593e-10	0.4834822272238689	2.2533136710846966	-0.007385127463296493
-999.0	165.0	1.0602738912981847e-05	8.582592836265809e-11	2.0408169929812843	1.8666343572837594	-0.005505348297506708
-999.0	140.0	1.3001067132323739e-05	1.1949601303901343e-11	3.04842071593919	1.4260005646926293	-0.002718485964956753
-999.0	115.0	1.3667546875074236e-05	3.5276156769160954e-12	3.4197579650093637	1.1772270908142934	-0.000449084010695222
-999.0	90.0	1.4138831666483266e-05	1.801249082058335e-12	4.745038267638939	0.7544080354273756	-2.743623778899087e-07
-999.0	65.0	6.750497040152976e-06	0.0	1.6656734772762272	0.2015546415760157	0.0
-999.0	40.0	3.0905581190406384e-06	0.0	-8.595952148192788	-0.1397363542935542	0.0
-999.0	15.0	1.8393808406715312e-07	0.0	-16.876389443874288	-0.1440615924571079	0.0
245.15277777777777	40	1004.7857225206161	day	levels	pres0
-999.0	990.0	-6.704504574669061e-06	5.273800620739641e-09	-2.4965390157368432	-0.55684290373306	0.0004452000303226391
-999.0	965.0	-1.2337405620070696e-05	6.617411264016998e-09	-4.268352173824274	-1.1243242598771015	0.0010471757876539443
-999.0	940.0	-1.1375917405060705e-05	1.4681653564666504e-09	-5.20482831291945	-1.5658681150755616	0.0014657279555028596
-999.0	915.0	-1.1759735951070227e-05	-1.998631791979763e-09	-5.871001250535973	-1.9594668232962114	0.0018793123178502899
-999.0	890.0	-1.1700327947383283e-05	-3.2230344998929177e-09	-6.440860510976212	-2.2753447486478375	0.002433160796033798
-999.0	865.0	-1.1197694574721111e-05	-2.4408333849132542e-09	-6.978858342141268	-2.457669771931764	0.0031995549788066437
-999.0	840.0	-9.860666343380955e-06	-1.6496202177312178e-09	-7.501253479056873	-2.4764225552847066	0.0041523774974951255
-999.0	815.0	-8.381139421154807e-06	-2.085583083126348e-09	-7.979180163807322	-2.354562795916428	0.00515226436971062
-999.0	790.0	-7.748354288690056e-06	-2.126964880066074e-09	-8.348351770712991	-2.1348372580322295	0.006026792431009155
-999.0	765.0	-7.4576024830881196e-06	-2.4722148344191077e-09	-8.540166811442656	-1.853029168107417	0.006637034492251194
-999.0	740.0	-7.674854541955946e-06	-2.2368130889291487e-09	-8.44693034592969	-1.5637090967703435	0.006893960078817852
-999.0	715.0	-8.116281525961731e-06	-1.328790179440021e-09	-8.096414063079848	-1.2969949533242882	0.0067805168800557925
-999.0	690.0	-7.694686000020847e-06	-6.758353213569195e-10	-7.605642788020175	-1.051176123585494	0.00635157878059224
-999.0	665.0	-6.020754966455119e-06	-3.9243602854485425e-10	-6.976679760157876	-0.8293761937292569	0.005724243344994631
-999.0	640.0	-3.888399754372912e-06	-5.270900177511099e-10	-6.427673180898031	-0.6086695840306282	0.0049960623091561095
-999.0	615.0	-1.4269380617917214e-06	-1.5298245421878761e-09	-6.035158606591051	-0.38579385901836016	0.004206113256761637
-999.0	590.0	3.978239929058973e-07	-2.27608640198119e-09	-5.8480490505879335	-0.1667997408888284	0.0033373307030543334
-999.0	565.0	1.182638561296955e-06	-2.8259602885304755e-09	-5.910788727855245	0.04170749888375039	0.0023039304761394257
-999.0	540.0	1.0331416138418897e-06	-2.843033001180901e-09	-6.100033676366745	0.2186080966170558	0.0010690954067784466
-999.0	515.0	-2.905811069437725e-08	-2.0878634341151127e-09	-6.379700589327159	0.3336578981467852	-0.00031114350520787705
-999.0	490.0	-9.236946604669223e-07	-1.6431068110156332e-09	-6.599543834174112	0.31111548344293133	-0.0017624943744281995
-999.0	465.0	-1.2697551634972352e-06	-1.4594169162008525e-09	-6.702971702510553	0.13037248425483836	-0.003218995145349612
-999.0	440.0	-1.254944619215365e-06	-1.4586323581936283e-09	-6.701305192239854	-0.08208034421536076	-0.004625681418789217
-999.0	415.0	-9.604039000060553e-07	-1.8566476908598994e-09	-6.558945670677923	-0.25693743916107464	-0.005926912649847454
-999.0	390.0	-4.78938278100594e-08	-1.9790100275249074e-09	-6.199226352351688	-0.2874646895438549	-0.007037931076780709
-999.0	365.0	1.9052016216815022e-06	-1.8151313185216957e-09	-5.580034741752408	-0.13152779681883076	-0.007860980138668042
-999.0	340.0	4.164420977070193e-06	-1.2698639714021777e-09	-4.755657954831377	0.14956461887715664	-0.008409713144222362
-999.0	315.0	5.752993844205668e-06	-5.710796684217571e-10	-3.8064150042073206	0.5237587864918971	-0.008838879577996563
-999.0	290.0	6.4248468180769115e-06	6.023130639924859e-12	-2.944493891102178	0.945605961404701	-0.009239286418304364
-999.0	265.0	6.9353315096228404e-06	2.8714455255132383e-10	-2.238500953732471	1.4003357993126997	-0.009501429067473276
-999.0	240.0	8.367881116895664e-06	2.753649125377128e-10	-1.553312181587135	1.8814879018629396	-0.009400769027831766
-999.0	215.0	1.002555196514447e-05	1.8390856906849946e-10	-0.6881334908582781	2.260502081364384	-0.0087577591248642
-999.0	190.0	1.0536265432060595e-05	1.555921450417076e-10	0.5591921137392625	2.293795361439394	-0.007493000011983786
-999.0	165.0	1.0050787713886056e-05	8.338171347877914e-11	2.1223128033272727	1.9080895611090574	-0.005504754128144329
-999.0	140.0	1.2443563321606188e-05	1.1469444046347974e-11	3.1096301601716543	1.4600383788807	-0.0026892296050927207
-999.0	115.0	1.309930319998141e-05	3.439576859550476e-12	3.438604585596432	1.2072499079376673	-0.00045050932651933667
-999.0	90.0	1.357977481758397e-05	1.735284712277373e-12	4.743972255951827	0.7699400358962625	-2.499703883171051e-07
-999.0	65.0	6.132796129680888e-06	0.0	1.6678705260180569	0.19665378664999647	0.0
-999.0	40.0	2.699696700969041e-06	0.0	-8.552588531655495	-0.15556693293245605	0.0
-999.0	15.0	3.094284365493238e-07	0.0	-16.820189494225733	-0.1573073980702922	0.0
245.16666666666666	40	1004.6516571044917	day	levels	pres0
-999.0	990.0	-7.706178381461077e-06	5.0874458484104436e-09	-2.5016199408305817	-0.5808938984172838	0.00042751860786913735
-999.0	965.0	-1.3753593836551608e-05	6.3110207209714e-09	-4.290980197847118	-1.1565989844363092	0.0010093661586371347
-999.0	940.0	-1.2759929043797343e-05	1.1672940063398136e-09	-5.238613362665528	-1.608288990782102	0.0014096440000872185
-999.0	915.0	-1.321598634491809e-05	-1.840699445997719e-09	-5.907764136446301	-2.012805362163064	0.0018071737873548396
-999.0	890.0	-1.3184661592775423e-05	-2.521708821580769e-09	-6.4773253566689055	-2.3379011893714226	0.0023544855456812106
-999.0	865.0	-1.2618051573573634e-05	-1.3279968003381547e-09	-7.0165037799764685	-2.5272804341382877	0.003126610944225246
-999.0	840.0	-1.1100195096269923e-05	-3.7422998225724843e-10	-7.541129092375456	-2.5501546832146995	0.004093821997936095
-999.0	815.0	-9.427570132826873e-06	-9.603576861971654e-10	-8.019593305057972	-2.430142667282572	0.005108652026006957
-999.0	790.0	-8.662501747079695e-06	-1.2324486147470725e-09	-8.386614333700276	-2.2094402531231547	0.005989635148230367
-999.0	765.0	-8.244950226326825e-06	-1.859895067283177e-09	-8.574408535604153	-1.922221551804557	0.006593357586900125
-999.0	740.0	-8.35587797121704e-06	-1.847797766046446e-09	-8.47565810768695	-1.6232666528128925	0.006831156432448132
-999.0	715.0	-8.710998589788736e-06	-1.0680190983141843e-09	-8.118676333515753	-1.3444677936603529	0.006687798490305932
-999.0	690.0	-8.20235680279071e-06	-4.692339705328155e-10	-7.6199402091679875	-1.0863010867637126	0.006221720595006447
-999.0	665.0	-6.419092280466731e-06	-2.0886692198661885e-10	-6.981273967082856	-0.8521446772954737	0.005557044745389381
-999.0	640.0	-4.206198169907582e-06	-3.5076551838751647e-10	-6.423438287443579	-0.6191094644471267	0.004800221390619724
-999.0	615.0	-1.6889493104799538e-06	-1.3632770307231433e-09	-6.024137270119447	-0.38422886621103386	0.0040003351372245605
-999.0	590.0	1.733301079507766e-07	-2.135748139830403e-09	-5.834483386189841	-0.15518750760841288	0.0031446321957472627
-999.0	565.0	9.57461257719786e-07	-2.7124289696117728e-09	-5.900283351540562	0.06061841433662392	0.002142554484165092
-999.0	540.0	7.485431694319916e-07	-2.727804966686221e-09	-6.096491215405644	0.2426964934760276	0.0009496723085990051
-999.0	515.0	-4.2635983516359287e-07	-1.9507479893208914e-09	-6.386181694489947	0.3602272014444285	-0.0003878420431598084
-999.0	490.0	-1.4267568493270632e-06	-1.5212535626278881e-09	-6.613091036677374	0.3364042821857868	-0.0018075687526387207
-999.0	465.0	-1.8622392484083088e-06	-1.3972634383487076e-09	-6.718282496970576	0.1498649058846435	-0.003256186387266527
-999.0	440.0	-1.9028370642089056e-06	-1.4621713251250808e-09	-6.713615386022475	-0.07139055893100038	-0.004686054960907542
-999.0	415.0	-1.601025351005757e-06	-1.925174724040882e-09	-6.563973995684482	-0.2569758319554605	-0.006039632209443147
-999.0	390.0	-6.148588480210863e-07	-2.061670817606716e-09	-6.196614243917998	-0.2963555099925538	-0.0072231922530509585
-999.0	365.0	1.4608122414134701e-06	-1.8784059902865693e-09	-5.569991103269987	-0.1454364259003035	-0.008123977440365257
-999.0	340.0	3.7886049522279037e-06	-1.3145244533327213e-09	-4.735390816297788	0.1350720179853438	-0.008742238722703324
-999.0	315.0	5.358877488068613e-06	-5.977335651041819e-10	-3.773006578596917	0.5126864553484975	-0.009224005792817482
-999.0	290.0	5.991284489165914e-06	-1.1030879371682283e-11	-2.8991896883687853	0.9388238160905149	-0.009650694927496654
-999.0	265.0	6.4728764879155895e-06	2.737666638360415e-10	-2.1844815674617095	1.398778162331774	-0.009900183292073879
-999.0	240.0	7.928614708840908e-06	2.6619272312055014e-10	-1.4930363437505492	1.890635527808341	-0.00973722063273021
-999.0	215.0	9.665992992466006e-06	1.8123985080025497e-10	-0.6216158626807718	2.2865321189165173	-0.008988150724403704
-999.0	190.0	1.0180194185971553e-05	1.5379170538085902e-10	0.6349020002548239	2.3342770517941975	-0.007600859552403641
-999.0	165.0	9.498836514788622e-06	8.093749859489056e-11	2.2038086136734623	1.949544764934491	-0.005504159942649081
-999.0	140.0	1.188605951088718e-05	1.0989286788793069e-11	3.1708396044042866	1.4940761930689048	-0.002659981324518106
-999.0	115.0	1.2531059524887194e-05	3.3515380421846798e-12	3.457451206183564	1.2372727250611701	-0.00045193442791191155
-999.0	90.0	1.302071796868341e-05	1.6693203424961168e-12	4.742906244264703	0.785472036365238	-2.2557390250068038e-07
-999.0	65.0	5.51509521920729e-06	0.0	1.6700675747598703	0.19175293172400154	0.0
-999.0	40.0	2.3088352828966827e-06	0.0	-8.509224915118098	-0.17139751157137076	0.0
-999.0	15.0	4.3491878903239566e-07	0.0	-16.763989544577015	-0.17055320368349067	0.0
245.18055555555554	40	1004.517591688368	day	levels	pres0
-999.0	990.0	-8.707852188250576e-06	4.9010910760818216e-09	-2.5067008659243664	-0.6049448931014675	0.00040984295654011236
-999.0	965.0	-1.5169782053029412e-05	6.004630177926662e-09	-4.31360822186998	-1.188873708995476	0.0009715580628389916
-999.0	940.0	-1.4143940682531102e-05	8.664226562138294e-10	-5.272398412411586	-1.65070986648858	0.0013535578044546993
-999.0	915.0	-1.4672236738763055e-05	-1.6827671000154863e-09	-5.944527022356589	-2.066143901029824	0.0017350348333189363
-999.0	890.0	-1.4668995238164587e-05	-1.820383143269183e-09	-6.513790202361548	-2.400457630094886	0.0022758154370034916
-999.0	865.0	-1.40384085724232e-05	-2.1516021576450554e-10	-7.054149217811612	-2.5968910963446583	0.003053676479054713
-999.0	840.0	-1.2339723849156013e-05	9.011602532145828e-10	-7.581004705693963	-2.6238868111445117	0.004035277139310193
-999.0	815.0	-1.047400084449627e-05	1.648677107299187e-10	-8.060006446308535	-2.505722538648514	0.0050650493483608
-999.0	790.0	-9.576649205466815e-06	-3.379323494300765e-10	-8.424876896687472	-2.284043248213868	0.005952487309548882
-999.0	765.0	-9.032297969563105e-06	-1.2475753001491676e-09	-8.608650259765557	-1.991413935501495	0.006549692783918055
-999.0	740.0	-9.036901400475898e-06	-1.458782443165439e-09	-8.504385869444132	-1.6828242088552652	0.006768370366264237
-999.0	715.0	-9.305715653613844e-06	-8.072480171897772e-10	-8.140938603951595	-1.3919406339962743	0.0065951044912296725
-999.0	690.0	-8.710027605559028e-06	-2.626326197100646e-10	-7.6342376303157655	-1.121426049941824	0.006091893725997549
-999.0	665.0	-6.817429594477217e-06	-2.5297815429761886e-11	-6.985868174007835	-0.8749131608616215	0.005389882520610416
-999.0	640.0	-4.523996585441419e-06	-1.7444101902518917e-10	-6.419203393989151	-0.6295493448635912	0.004604419851961236
-999.0	615.0	-1.9509605591675e-06	-1.1967295192594138e-09	-6.013115933647879	-0.38266387340370633	0.003794597466582289
-999.0	590.0	-5.116377700367944e-08	-1.9954098776804058e-09	-5.820917721791783	-0.14357527432802272	0.0029519728057493524
-999.0	565.0	7.322839541433888e-07	-2.5988976506937397e-09	-5.889777975225902	0.07952932978945315	0.0019812142372028275
-999.0	540.0	4.639447250230625e-07	-2.612576932192241e-09	-6.09294875444454	0.2667848903349417	0.000830277763146524
-999.0	515.0	-8.236615596315668e-07	-1.8136325445274813e-09	-6.39266279965271	0.386796504742006	-0.00046452137066281063
-999.0	490.0	-1.9298190381856306e-06	-1.3994003142408664e-09	-6.626638239180594	0.3616930809285775	-0.0018526318745157502
-999.0	465.0	-2.4547233333174326e-06	-1.335109960496985e-09	-6.733593291430555	0.16935732751439672	-0.003293368894208055
-999.0	440.0	-2.550729509200266e-06	-1.4657102920566416e-09	-6.725925579805062	-0.06070077364667179	-0.004746415318372115
-999.0	415.0	-2.2416468020033263e-06	-1.9937017572216763e-09	-6.569002320691028	-0.2570142247498527	-0.006152328709716214
-999.0	390.0	-1.1818238682302945e-06	-2.1443316076882586e-09	-6.194002135484317	-0.3052463304412354	-0.007408419174010124
-999.0	365.0	1.0164228611467812e-06	-1.9416806620512705e-09	-5.55994746478759	-0.15934505498173937	-0.008386933344249465
-999.0	340.0	3.4127889273866963e-06	-1.3591849352631624e-09	-4.71512367776425	0.1205794170935851	-0.009074721483227648
-999.0	315.0	4.964761131932632e-06	-6.243874617865478e-10	-3.739598152986587	0.5016141242051667	-0.00960909359902259
-999.0	290.0	5.557722160256004e-06	-2.8084889383249405e-11	-2.8538854856354883	0.9320416707764043	-0.010062078031050033
-999.0	265.0	6.01042146620945e-06	2.6038877512078997e-10	-2.13046218119106	1.3972205253509145	-0.010298931448261033
-999.0	240.0	7.489348300787312e-06	2.570205337034052e-10	-1.432760505914088	1.89978315375377	-0.010073677160691847
-999.0	215.0	9.306434019788778e-06	1.7857113253201617e-10	-0.5550982345034032	2.3125621564686103	-0.009218538819918434
-999.0	190.0	9.824122939883886e-06	1.5199126572002067e-10	0.7106118867702177	2.374758742148895	-0.007708706084553258
-999.0	165.0	8.946885315692826e-06	7.849328371101163e-11	2.28530442401945	1.9909999687597884	-0.005503565741021499
-999.0	140.0	1.1328555700169632e-05	1.0509129531239701e-11	3.232049048636753	1.5281140072569748	-0.0026307411232332017
-999.0	115.0	1.1962815849794367e-05	3.263499224819061e-12	3.4762978267706304	1.2672955421845438	-0.00045335931487304655
-999.0	90.0	1.2461661119784113e-05	1.6033559727151545e-12	4.741840232577592	0.8010040368341249	-2.0117292044053816e-07
-999.0	65.0	4.897394308735201e-06	0.0	1.672264623501701	0.1868520767979822	0.0
-999.0	40.0	1.9179738648250865e-06	0.0	-8.465861298580805	-0.1872280902102727	0.0
-999.0	15.0	5.604091415145661e-07	0.0	-16.707789594928464	-0.183799009296675	0.0
245.19444444444446	40	1004.3835262722438	day	levels	pres0
-999.0	990.0	-9.70952599504273e-06	4.714736303752637e-09	-2.5117817910181066	-0.6289958877857056	0.00039217307627845203
-999.0	965.0	-1.6585970269510547e-05	5.69823963488109e-09	-4.3362362458928265	-1.2211484335547071	0.0009337515002536198
-999.0	940.0	-1.552795232126801e-05	5.65551306086989e-10	-5.306183462157672	-1.6931307421951451	0.001297469368743978
-999.0	915.0	-1.6128487132611215e-05	-1.5248347540332742e-09	-5.981289908266928	-2.1194824398966974	0.0016628954558953182
-999.0	890.0	-1.6153328883557008e-05	-1.1190574649566258e-09	-6.550255048054252	-2.4630140708184904	0.0021971504699749797
-999.0	865.0	-1.5458765571276014e-05	8.976763688111718e-10	-7.091794655646824	-2.666501758551198	0.00298075158314937
-999.0	840.0	-1.357925260204528e-05	2.1765504886892093e-09	-7.620880319012559	-2.697618939074516	0.003976742921534593
-999.0	815.0	-1.1520431556168573e-05	1.2900931076596137e-09	-8.100419587559198	-2.5813024100146675	0.005021456336840794
-999.0	790.0	-1.049079666385647e-05	5.565839158890591e-10	-8.463139459674766	-2.358646243304801	0.005915348915194353
-999.0	765.0	-9.81964571280158e-06	-6.352555330135009e-10	-8.642891983927054	-2.06060631919864	0.006506040083785314
-999.0	740.0	-9.717924829736663e-06	-1.069767120283242e-09	-8.533113631201397	-1.7423817648978195	0.006705601881103609
-999.0	715.0	-9.900432717440591e-06	-5.464769360644818e-10	-8.163200874387492	-1.4394134743323461	0.0065024348839919175
-999.0	690.0	-9.217698408328715e-06	-5.603126888646299e-11	-7.648535051463566	-1.1565510131200525	0.0059620981750085214
-999.0	665.0	-7.2157669084887145e-06	1.5827129112804354e-10	-6.9904623809328	-0.897681644427852	0.0052227566721987145
-999.0	640.0	-4.8417950009760086e-06	1.8834803380523957e-12	-6.4149685005346795	-0.6399892252801053	0.004408657694564601
-999.0	615.0	-2.212971807855666e-06	-1.0301820077949585e-09	-6.002094597176252	-0.38109888059639613	0.0035889002458129745
-999.0	590.0	-2.756576619587531e-07	-1.8550716155298652e-09	-5.807352057393669	-0.1319630410476232	0.002759352533652373
-999.0	565.0	5.071066505662427e-07	-2.4853663317752872e-09	-5.879272598911201	0.09844024524231088	0.0018199097355536449
-999.0	540.0	1.793462806131578e-07	-2.4973488976978095e-09	-6.089406293483423	0.29087328719389915	0.0007109117705327765
-999.0	515.0	-1.2209632841008296e-06	-1.6765170997334921e-09	-6.399143904815487	0.4133658080396391	-0.0005411814876860456
-999.0	490.0	-2.432881227045854e-06	-1.2775470658532904e-09	-6.640185441683847	0.38698187967142744	-0.00189768374005852
-999.0	465.0	-3.0472074182286e-06	-1.2729564826449155e-09	-6.74890408589057	0.18884974914420133	-0.0033305426661830563
-999.0	440.0	-3.1986219541938926e-06	-1.4692492589881034e-09	-6.738235773587668	-0.05001098836230984	-0.004806762491204297
-999.0	415.0	-2.8822682530030826e-06	-2.062228790402639e-09	-6.574030645697568	-0.25705261754423836	-0.006265002150704065
-999.0	390.0	-1.7487888884413355e-06	-2.2269923977700575e-09	-6.191390027050606	-0.31413715088993416	-0.0075936118397059
-999.0	365.0	5.720334808787522e-07	-2.0049553338161615e-09	-5.549903826305142	-0.17325368406320837	-0.008649847850363884
-999.0	340.0	3.0369729025444085e-06	-1.403845417193739e-09	-4.6948565392306305	0.1060868162017828	-0.009407161425801577
-999.0	315.0	4.57064477579556e-06	-6.510413584690039e-10	-3.7061897273761475	0.49054179306178636	-0.00999414299657031
-999.0	290.0	5.124159831344942e-06	-4.5138899394871735e-11	-2.8085812829020558	0.9252595254622424	-0.010473435728921102
-999.0	265.0	5.54796644450205e-06	2.4701088640551383e-10	-2.076442794920259	1.3956628883700137	-0.010697673536023284
-999.0	240.0	7.050081892732369e-06	2.47848344286253e-10	-1.372484668077466	1.908930779699194	-0.010410138611722658
-999.0	215.0	8.946875047110135e-06	1.7590241426377484e-10	-0.4885806063258632	2.338592194020767	-0.009448923411406782
-999.0	190.0	9.468051693794713e-06	1.5019082605917324e-10	0.7863217732858103	2.4152404325037247	-0.007816539608429767
-999.0	165.0	8.394934116595304e-06	7.604906882712317e-11	2.3668002343656678	2.0324551725852507	-0.005502971523261221
-999.0	140.0	1.0771051889450504e-05	1.0028972273684862e-11	3.2932584928694046	1.5621518214452097	-0.0026015090012374504
-999.0	115.0	1.1394572174699962e-05	3.175460407453318e-12	3.495144447357767	1.2973183593080786	-0.000454783987402676
-999.0	90.0	1.190260427088336e-05	1.537391602933934e-12	4.740774220890466	0.8165360373031219	-1.767674421364694e-07
-999.0	65.0	4.279693398261409e-06	0.0	1.6744616722435064	0.18195122187198837	0.0
-999.0	40.0	1.5271124467526061e-06	0.0	-8.422497682043405	-0.2030586688491896	0.0
-999.0	15.0	6.858994939975481e-07	0.0	-16.651589645279735	-0.1970448149098724	0.0
245.20833333333334	40	1004.2494608561198	day	levels	pres0
-999.0	990.0	-1.071119980183223e-05	4.528381531424071e-09	-2.516862716111895	-0.6530468824698892	0.0003745089670272345
-999.0	965.0	-1.8002158485988393e-05	5.391849091836414e-09	-4.358864269915692	-1.2534231581138735	0.0008959464708754496
-999.0	940.0	-1.6911963960001764e-05	2.6467995596100444e-10	-5.339968511903731	-1.7355516179016206	0.0012413786930942094
-999.0	915.0	-1.758473752645612e-05	-1.3669024080511138e-09	-6.018052794177217	-2.1728209787634545	0.0015907556552374098
-999.0	890.0	-1.7637662528946073e-05	-4.177317866451687e-10	-6.586719893746896	-2.5255705115419493	0.002118490644570884
-999.0	865.0	-1.6879122570125482e-05	2.01051295338469e-09	-7.129440093481969	-2.736112420757565	0.0029078362563645516
-999.0	840.0	-1.4818781354931319e-05	3.4519407241609694e-09	-7.6607559323310666	-2.771351067004325	0.003918219344527586
-999.0	815.0	-1.2566862267837979e-05	2.415318504586709e-09	-8.140832728809755	-2.656882281380605	0.004977872991516748
-999.0	790.0	-1.1404944122243653e-05	1.4511001812061018e-09	-8.501402022661962	-2.43324923839551	0.00587821996539767
-999.0	765.0	-1.0606993456037915e-05	-2.293576587946647e-11	-8.67713370808846	-2.1297987028955716	0.006462399486983552
-999.0	740.0	-1.0398948258995563e-05	-6.807517974022225e-10	-8.56184139295858	-1.8019393209401853	0.006642850977805165
-999.0	715.0	-1.0495149781265709e-05	-2.8570585494005844e-10	-8.185463144823334	-1.486886314668261	0.006409789669759216
-999.0	690.0	-9.725369211097025e-06	1.5057008193630493e-10	-7.662832472611342	-1.1916759762981572	0.00583233394348426
-999.0	665.0	-7.614104222499176e-06	3.418403976849098e-10	-6.995056587857777	-0.9204501279939935	0.005055667201697386
-999.0	640.0	-5.159593416509812e-06	1.7820797970038215e-10	-6.410733607080253	-0.6504291056965639	0.004212934919816022
-999.0	615.0	-2.4749830565431717e-06	-8.636344963312291e-10	-5.991073260704685	-0.3795338877890637	0.003383243475896935
-999.0	590.0	-5.001515469131663e-07	-1.7147333533798653e-09	-5.793786392995615	-0.12035080776722878	0.002566771380049911
-999.0	565.0	2.819293469898888e-07	-2.3718350128572496e-09	-5.868767222596547	0.11735116069514429	0.0016586409795198483
-999.0	540.0	-1.0525216379574304e-07	-2.3821208632038253e-09	-6.085863832522322	0.31496168405281677	0.000591574330870267
-999.0	515.0	-1.6182650085687968e-06	-1.5394016549400812e-09	-6.4056250099782535	0.4399351113372189	-0.0006178223941984238
-999.0	490.0	-2.93594341590442e-06	-1.1556938174662693e-09	-6.65373264418707	0.4122706784142192	-0.0019427243492662917
-999.0	465.0	-3.639691503137721e-06	-1.21080300479319e-09	-6.764214880350551	0.20834217077395414	-0.0033677077032003757
-999.0	440.0	-3.846514399185252e-06	-1.4727882259196578e-09	-6.750545967370258	-0.03932120307798309	-0.0048670964794250635
-999.0	415.0	-3.5228897040006536e-06	-2.130755823583427e-09	-6.579058970704114	-0.25709101033863313	-0.006377652532443123
-999.0	390.0	-2.3157539086505522e-06	-2.3096531878515875e-09	-6.188777918616923	-0.32302797133861905	-0.0077787702501842535
-999.0	365.0	1.2764410061205838e-07	-2.0682300055808482e-09	-5.539860187822743	-0.18716231314464887	-0.008912720958749369
-999.0	340.0	2.661156877703209e-06	-1.4485058991241619e-09	-4.674589400697089	0.09159421531001859	-0.009739558550428549
-999.0	315.0	4.176528419659595e-06	-6.776952551513519e-10	-3.672781301765817	0.4794694619184501	-0.010379153985416011
-999.0	290.0	4.6905975024350514e-06	-6.219290940642737e-11	-2.7632770801687587	0.9184773801481266	-0.010884768021063362
-999.0	265.0	5.085511422795927e-06	2.33632997690269e-10	-2.0224234086496127	1.394105251389149	-0.011096409555346319
-999.0	240.0	6.61081548467879e-06	2.3867615486911354e-10	-1.3122088302410109	1.9180784056446205	-0.010746604985826393
-999.0	215.0	8.587316074432933e-06	1.7323369599554e-10	-0.4220629781485036	2.364622231572859	-0.009679304498865756
-999.0	190.0	9.111980447707081e-06	1.4839038639833546e-10	0.8620316598011925	2.455722122858423	-0.007924360124029924
-999.0	165.0	7.84298291749956e-06	7.360485394324439e-11	2.448296044711643	2.073910376410546	-0.005502377289368461
-999.0	140.0	1.0213548078732957e-05	9.548815016131485e-12	3.3544679371018615	1.5961896356332792	-0.0025722849585309696
-999.0	115.0	1.0826328499607139e-05	3.087421590087702e-12	3.5139910679448327	1.327341176431454	-0.0004562084455008387
-999.0	90.0	1.1343547421984085e-05	1.4714272331529845e-12	4.739708209203357	0.8320680377720128	-1.5235746758843524e-07
-999.0	65.0	3.6619924877893502e-06	0.0	1.6766587209853385	0.1770503669459723	0.0
-999.0	40.0	1.1362510286810467e-06	0.0	-8.379134065506111	-0.21888924748809185	0.0
-999.0	15.0	8.113898464797254e-07	0.0	-16.595389695631187	-0.21029062052305908	0.0
245.22222222222223	40	1004.1153954399956	day	levels	pres0
-999.0	990.0	-1.1712873608624242e-05	4.342026759094819e-09	-2.5219436412056297	-0.6770978771541133	0.00035685062872934205
-999.0	965.0	-1.9418346702469264e-05	5.085458548790753e-09	-4.38149229393853	-1.2856978826730825	0.000858142974698582
-999.0	940.0	-1.8295975598738402e-05	-3.619139416583061e-11	-5.3737535616498056	-1.7779724936081642	0.0011852857776440927
-999.0	915.0	-1.9040987920304035e-05	-1.2089700620689986e-09	-6.054815680087545	-2.22615951763031	0.001518615431497978
-999.0	890.0	-1.912199617433831e-05	2.8359389166710974e-10	-6.623184739439589	-2.5881269522655383	0.002039835960765545
-999.0	865.0	-1.8299479568978098e-05	3.1233495379599203e-09	-7.16708553131717	-2.805723082964094	0.002834930498554572
-999.0	840.0	-1.6058310107820334e-05	4.727330959635013e-09	-7.70063154564965	-2.84508319493432	0.003859706408206334
-999.0	815.0	-1.3613292979510032e-05	3.5405439015158828e-09	-8.181245870060408	-2.7324621527467543	0.004934299312457287
-999.0	790.0	-1.2319091580633236e-05	2.3456164465250524e-09	-8.539664585649247	-2.50785223348644	0.0058411004603884445
-999.0	765.0	-1.1394341199276565e-05	5.893840012564371e-10	-8.711375432249953	-2.198991086592717	0.0064187709939930145
-999.0	740.0	-1.107997168825662e-05	-2.917364745195316e-10	-8.590569154715842	-1.8614968769827414	0.00658011765720623
-999.0	715.0	-1.1089866845092704e-05	-2.4934773814237065e-11	-8.20772541525924	-1.5343591550043323	0.0063171688496962775
-999.0	690.0	-1.0233040013866894e-05	3.571714327603928e-10	-7.6771298937591546	-1.2268009394763821	0.005702601032867544
-999.0	665.0	-8.012441536510811e-06	5.254095042431349e-10	-6.9996507947827595	-0.9432186115602172	0.004888614110647222
-999.0	640.0	-5.477391832044516e-06	3.5453247906397343e-10	-6.4064987136257985	-0.660868986113068	0.00401725152909931
-999.0	615.0	-2.736994305231445e-06	-6.970869848664984e-10	-5.98005192423308	-0.3779688949817423	0.003177627157812278
-999.0	590.0	-7.246454318683301e-07	-1.5743950912290805e-09	-5.780220728597521	-0.1087385744868176	0.0023742293455337447
-999.0	565.0	5.6752043412676624e-08	-2.25830369393855e-09	-5.858261846281862	0.13626207614801358	0.0014974079694024904
-999.0	540.0	-3.898506082056696e-07	-2.266892828709149e-09	-6.082321371561217	0.3390500809117849	0.00047226544427083093
-999.0	515.0	-2.015566733038019e-06	-1.4022862101458603e-09	-6.412106115141038	0.46650441463486	-0.0006944440901690344
-999.0	490.0	-3.439005604764561e-06	-1.0338405690785234e-09	-6.66727984669033	0.4375594771570739	-0.0019877537021382222
-999.0	465.0	-4.2321755880487974e-06	-1.1486495269410484e-09	-6.7795256748105714	0.22783459240376	-0.003404864005268803
-999.0	440.0	-4.494406844178794e-06	-1.4763271928511163e-09	-6.762856161152881	-0.028631417793620897	-0.004927417283055715
-999.0	415.0	-4.163511155000354e-06	-2.199282856764416e-09	-6.584087295710673	-0.25712940313301647	-0.006490279854970745
-999.0	390.0	-2.8827189288615723e-06	-2.392313977933409e-09	-6.1861658101832395	-0.3319187917873147	-0.007963894405492838
-999.0	365.0	-3.1674527965596836e-07	-2.1315046773457367e-09	-5.529816549340325	-0.201070942226117	-0.009175552669449106
-999.0	340.0	2.2853408528609136e-06	-1.4931663810547234e-09	-4.654322262163504	0.07710161441821117	-0.010071912857114802
-999.0	315.0	3.782412063522522e-06	-7.043491518337945e-10	-3.6393728761554156	0.4683971307750559	-0.010764126565518152
-999.0	290.0	4.257035173524034e-06	-7.924691941804609e-11	-2.7179728774353666	0.9116952348339458	-0.011296074907433458
-999.0	265.0	4.623056401088656e-06	2.2025510897498007e-10	-1.968404022378848	1.3925476144082278	-0.011495139506218702
-999.0	240.0	6.171549076624015e-06	2.2950396545194527e-10	-1.2519329924044194	1.927226031590024	-0.011083076283009054
-999.0	215.0	8.227757101754442e-06	1.7056497772729152e-10	-0.3555453499709882	2.3906522691249923	-0.009909682082293743
-999.0	190.0	8.755909201618009e-06	1.4658994673748633e-10	0.9377415463167654	2.4962038132132274	-0.008032167631350815
-999.0	165.0	7.291031718402077e-06	7.116063905935565e-11	2.5297918550578453	2.1153655802359816	-0.0055017830393427995
-999.0	140.0	9.65604426801394e-06	9.068657758576585e-12	3.415677381334503	1.630227449821485	-0.0025430689951131446
-999.0	115.0	1.0258084824512918e-05	2.9993827727219035e-12	3.532837688531965	1.3573639935549544	-0.0004576326891674443
-999.0	90.0	1.0784490573083504e-05	1.4054628633717159e-12	4.73864219751623	0.8476000382409838	-1.2794299679618972e-07
-999.0	65.0	3.044291577315723e-06	0.0	1.6788557697271496	0.17214951201997422	0.0
-999.0	40.0	7.453896106086508e-07	0.0	-8.335770448968717	-0.23471982612700623	0.0
-999.0	15.0	9.368801989627905e-07	0.0	-16.539189745982462	-0.22353642613625527	0.0
245.23611111111111	40	1003.9813300238712	day	levels	pres0
-999.0	990.0	-1.271454741541374e-05	4.155671986766198e-09	-2.527024566299415	-0.7011488718382967	0.00033919806132785645
-999.0	965.0	-2.083453491894707e-05	4.779068005746014e-09	-4.404120317961391	-1.3179726072322497	0.0008203410117174662
-999.0	940.0	-1.9679987237472157e-05	-3.37062744291814e-10	-5.4075386113958634	-1.820393369314642	0.0011291906225328197
-999.0	915.0	-2.0497238314149e-05	-1.0510377160867664e-09	-6.091578565997834	-2.2794980564970686	0.0014464747848304971
-999.0	890.0	-2.0606329819727474e-05	9.849195699786932e-10	-6.659649585132232	-2.650683392989002	0.001961186418534202
-999.0	865.0	-1.9719836567827675e-05	4.236186122533573e-09	-7.204730969152314	-2.8753337451704644	0.0027620343095748055
-999.0	840.0	-1.7297838860706424e-05	6.0027211951068426e-09	-7.740507158968158	-2.9188153228641305	0.003801204112489199
-999.0	815.0	-1.465972369117943e-05	4.665769298442963e-09	-8.221659011310965	-2.808042024112695	0.004890735299732324
-999.0	790.0	-1.3233239039020359e-05	3.2401327118420497e-09	-8.577927148636439	-2.582455228577153	0.005803990400397634
-999.0	765.0	-1.2181688942512843e-05	1.2017037683904463e-09	-8.745617156411358	-2.2681834702896557	0.00637515460529536
-999.0	740.0	-1.1760995117515473e-05	9.727884836147478e-11	-8.61929691647303	-1.9210544330251131	0.006517401920145597
-999.0	715.0	-1.1684583908917808e-05	2.358363073101685e-10	-8.229987685695084	-1.5818319953402538	0.006224572424969442
-999.0	690.0	-1.0740710816635218e-05	5.637727835831437e-10	-7.691427314906934	-1.2619259026544936	0.005572899444602937
-999.0	665.0	-8.410778850521299e-06	7.089786107999924e-10	-7.004245001707736	-0.9659870951263642	0.00472159740059095
-999.0	640.0	-5.795190247578352e-06	5.308569784262995e-10	-6.402263820171369	-0.6713088665295323	0.0038216075238003224
-999.0	615.0	-2.999005553918992e-06	-5.305394734027667e-10	-5.969030587761512	-0.3764039021744147	0.0029720512925390692
-999.0	590.0	-9.491393168227861e-07	-1.434056829079083e-09	-5.7666550641994645	-0.09712634120642734	0.0021817264306973334
-999.0	565.0	-1.684252601637207e-07	-2.1447723750205167e-09	-5.847756469967203	0.1551729916008431	0.0013362107055038598
-999.0	540.0	-6.744490526145986e-07	-2.151664794215169e-09	-6.078778910600115	0.3631384777706989	0.0003529851108470573
-999.0	515.0	-2.412868457505994e-06	-1.2651707653524495e-09	-6.418587220303803	0.4930737179324375	-0.0007710465755666354
-999.0	490.0	-3.942067793623129e-06	-9.119873206915017e-10	-6.680827049193545	0.46284827589986494	-0.002032771798673413
-999.0	465.0	-4.824659672957921e-06	-1.0864960490893251e-09	-6.79483646927055	0.24732701403351331	-0.003442011572397083
-999.0	440.0	-5.142299289170154e-06	-1.479866159782677e-09	-6.775166354935467	-0.01794163250929231	-0.0049877249021172574
-999.0	415.0	-4.804132605997921e-06	-2.267809889945211e-09	-6.589115620717218	-0.2571677959274088	-0.00660288411832356
-999.0	390.0	-3.44968394907078e-06	-2.4749747680149503e-09	-6.183553701749558	-0.3408096122359964	-0.008148984305678043
-999.0	365.0	-7.611346599226577e-07	-2.194779349110438e-09	-5.519772910857931	-0.21497957130755282	-0.009438342982504597
-999.0	340.0	1.909524828019705e-06	-1.5378268629851639e-09	-4.634055123629964	0.06260901352645244	-0.010404224345864575
-999.0	315.0	3.3882957073865397e-06	-7.310030485161604e-10	-3.605964450545085	0.4573247996317249	-0.01114906073683298
-999.0	290.0	3.823472844614125e-06	-9.630092942961314e-11	-2.6726686747020696	0.9049130895198346	-0.011707356387985797
-999.0	265.0	4.160601379382514e-06	2.0687722025972855e-10	-1.9143846361081986	1.390989977427368	-0.011893863388626982
-999.0	240.0	5.7322826685704195e-06	2.203317760348005e-10	-1.191657154567958	1.936373657535453	-0.011419552503275143
-999.0	215.0	7.868198129077216e-06	1.6789625945905275e-10	-0.2890277217936195	2.416682306677087	-0.01014005616168837
-999.0	190.0	8.399837955530341e-06	1.4478950707664796e-10	1.0134514328321593	2.536685503567925	-0.008139962130389687
-999.0	165.0	6.739080519306283e-06	6.871642417547669e-11	2.611287665403833	2.156820784061279	-0.0055011887731848145
-999.0	140.0	9.098540457296389e-06	8.588500501023217e-12	3.476886825566969	1.6642652640095552	-0.002513861110984325
-999.0	115.0	9.689841149420095e-06	2.911343955356284e-12	3.5516843091190324	1.3873868106783287	-0.00045905671840261756
-999.0	90.0	1.022543372418421e-05	1.3394984935907536e-12	4.737576185829119	0.8631320387098711	-1.0352402975967372e-07
-999.0	65.0	2.426590666843635e-06	0.0	1.6810528184689801	0.16724865709395487	0.0
-999.0	40.0	3.5452819253705456e-07	0.0	-8.292406832431423	-0.25055040476590806	0.0
-999.0	15.0	1.0623705514449606e-06	0.0	-16.48298979633391	-0.23678223174943955	0.0
245.25	40	1003.8472646077471	day	levels	pres0
-999.0	990.0	-1.3716221222205573e-05	3.969317214437012e-09	-2.5321054913931422	-0.7251998665225174	0.00032155126476566235
-999.0	965.0	-2.2250723135427653e-05	4.472677462700508e-09	-4.4267483419842195	-1.3502473317914538	0.0007825405819262117
-999.0	940.0	-2.106399887620851e-05	-6.379340944185072e-10	-5.441323661141925	-1.8628142450211775	0.0010730932278991195
-999.0	915.0	-2.1953488707996578e-05	-8.931053701046574e-10	-6.128341451908151	-2.332836595363915	0.001374333715387769
-999.0	890.0	-2.2090663465119348e-05	1.6862452482908134e-09	-6.696114430824915	-2.7132398337125783	0.0018825420178512026
-999.0	865.0	-2.114019356667996e-05	5.349022707108544e-09	-7.242376406987507	-2.9449444073769784	0.0026891476892795616
-999.0	840.0	-1.8537367613595207e-05	7.278111430580649e-09	-7.780382772286732	-2.992547450794114	0.0037427124572933404
-999.0	815.0	-1.5706154402851322e-05	5.7909946953719695e-09	-8.262072152561611	-2.8836218954788313	0.004847180953410462
-999.0	790.0	-1.4147386497409759e-05	4.1346489771608436e-09	-8.61618971162372	-2.657058223668072	0.005766889785654832
-999.0	765.0	-1.2969036685751266e-05	1.8140235355261853e-09	-8.779858880572847	-2.33737585398679	0.006331550321370761
-999.0	740.0	-1.2442018546776293e-05	4.862941712439965e-10	-8.648024678230286	-1.98061198906766	0.006454703767460446
-999.0	715.0	-1.2279300972744593e-05	4.966073884358519e-10	-8.252249956130981	-1.6293048356763193	0.006132000396743245
-999.0	690.0	-1.124838161940491e-05	7.703741344071382e-10	-7.705724736054739	-1.2970508658327162	0.005443229180133031
-999.0	665.0	-8.8091161645328e-06	8.925477173581816e-10	-7.008839208632708	-0.9887555786925882	0.004554617073069207
-999.0	640.0	-6.1129886631129525e-06	7.071814777898706e-10	-6.39802892671691	-0.6817487469460402	0.0036260029053027908
-999.0	615.0	-3.261016802607178e-06	-3.6399196193806535e-10	-5.958009251289896	-0.3748389093670993	0.0027665158810554094
-999.0	590.0	-1.1736332017778891e-06	-1.2937185669283353e-09	-5.75308939980136	-0.08551410792602433	0.0019892626361324777
-999.0	565.0	-3.9360256374089264e-07	-2.0312410561018624e-09	-5.837251093652514	0.17408390705370227	0.0011750491881250113
-999.0	540.0	-9.59047497024495e-07	-2.0364367597205363e-09	-6.075236449639002	0.38722687462965655	0.00023373333071073657
-999.0	515.0	-2.8101701819751818e-06	-1.1280553205582652e-09	-6.4250683254665795	0.5196430212300686	-0.0008476298503604046
-999.0	490.0	-4.4451299824832405e-06	-7.901340723037718e-10	-6.694374251696799	0.4881370746427113	-0.0020777786388711285
-999.0	465.0	-5.4171437578689715e-06	-1.02434257123717e-09	-6.810147263730565	0.26681943566331445	-0.003479150404594095
-999.0	440.0	-5.790191734163667e-06	-1.4834051267141067e-09	-6.7874765487180815	-0.007251847224930892	-0.005048019336631024
-999.0	415.0	-5.444754056997574e-06	-2.3363369231261725e-09	-6.594143945723771	-0.25720618872178924	-0.006715465322538876
-999.0	390.0	-4.016648969281735e-06	-2.5576355580967545e-09	-6.1809415933158665	-0.34970043268468637	-0.008334039950787362
-999.0	365.0	-1.2055240401906175e-06	-2.258054020875321e-09	-5.5097292723755045	-0.22888820038901433	-0.009701091897958744
-999.0	340.0	1.533708803177478e-06	-1.5824873449157256e-09	-4.6137879850963746	0.04811641263465091	-0.010736493016683717
-999.0	315.0	2.9941793512495493e-06	-7.576569451986062e-10	-3.572556024934683	0.44625246848833416	-0.01153395649931851
-999.0	290.0	3.389910515703197e-06	-1.1335493944123431e-10	-2.627364471968677	0.8981309442056553	-0.01211861246267656
-999.0	265.0	3.698146357675325e-06	1.9349933154444442e-10	-1.8603652498374383	1.389432340446446	-0.012292581202559267
-999.0	240.0	5.2930162605156915e-06	2.1115958661764044e-10	-1.1313813167313735	1.9455212834808564	-0.011756033646630287
-999.0	215.0	7.508639156398719e-06	1.6522754119080924e-10	-0.22251009361611468	2.4427123442292205	-0.010370426737047734
-999.0	190.0	8.04376670944125e-06	1.429890674158001e-10	1.0891613193477192	2.5771671939227314	-0.008247743621143437
-999.0	165.0	6.1871293202088555e-06	6.627220929158845e-11	2.692783475750022	2.19827598788672	-0.00550059449089401
-999.0	140.0	8.54103664657745e-06	8.108343243468438e-12	3.5380962697996043	1.6983030781977704	-0.002484661306143867
-999.0	115.0	9.121597474325954e-06	2.8233051379905408e-12	3.5705309297061634	1.417409627801842	-0.0004604805332062577
-999.0	90.0	9.666376875283738e-06	1.273534123809505e-12	4.736510174141989	0.878664039178855	-7.910056647869877e-08
-999.0	65.0	1.808889756370106e-06	0.0	1.6832498672107852	0.16234780216796524	0.0
-999.0	40.0	-3.633322553525185e-08	0.0	-8.249043215894035	-0.26638098340481514	0.0
-999.0	15.0	1.1878609039280333e-06	0.0	-16.426789846685196	-0.2500280373626285	0.0
245.26388888888889	40	1003.8596767849394	day	levels	pres0
-999.0	990.0	-1.3742196899506712e-05	3.981554154998878e-09	-2.530039641960174	-0.7278201213497486	0.00032810742019857576
-999.0	965.0	-2.2477748866393987e-05	4.667494704260985e-09	-4.425724957276286	-1.3545080193743912	0.0007971404359231135
-999.0	940.0	-2.1435415429103265e-05	-1.2041960807117213e-10	-5.453314296073406	-1.8734780387424126	0.001090225219131857
-999.0	915.0	-2.2236443526656257e-05	-2.2231419110017398e-10	-6.145746913589099	-2.348620457670314	0.001387031158625109
-999.0	890.0	-2.2322521406859936e-05	2.1836750367186877e-09	-6.711964066381819	-2.730354471891029	0.0018858577058358014
-999.0	865.0	-2.1417946834181397e-05	5.54727314727689e-09	-7.253523350497823	-2.9594942472047427	0.00267744668451275
-999.0	840.0	-1.8869589036746034e-05	7.207989406839401e-09	-7.78630397717157	-3.001381093245244	0.0037083543910225937
-999.0	815.0	-1.603211147122395e-05	5.636883547888029e-09	-8.262871852627493	-2.883288562619769	0.00478484002474469
-999.0	790.0	-1.4410392893542305e-05	3.9471042037990245e-09	-8.612376097543724	-2.6451417659351835	0.005675383840244764
-999.0	765.0	-1.3195741739614784e-05	1.6649957319369771e-09	-8.772549061127632	-2.3142892021087786	0.006210519850574437
-999.0	740.0	-1.2630649312304925e-05	3.320840523968508e-10	-8.638391077518444	-1.9494358913535752	0.0063037500656537475
-999.0	715.0	-1.2423560573126761e-05	2.5713840197059393e-10	-8.24165231283798	-1.593139122435664	0.0059525560048522795
-999.0	690.0	-1.142027261999124e-05	4.765061681567257e-10	-7.696274114243758	-1.2579326881220982	0.0052391162594202165
-999.0	665.0	-9.094813859520929e-06	5.634702032042612e-10	-7.003483528432269	-0.9492725591968006	0.004332063932380928
-999.0	640.0	-6.539068198047727e-06	4.338568397625221e-10	-6.399674564025087	-0.6447341847750262	0.003391569565348936
-999.0	615.0	-3.85324347057506e-06	-4.71068309113772e-10	-5.969647538514778	-0.3438428028767805	0.0025242511372926026
-999.0	590.0	-1.8711396506916977e-06	-1.2809711698327143e-09	-5.773006910159265	-0.06288464264479603	0.0017413830777348923
-999.0	565.0	-1.1033932552251654e-06	-1.9438005034161815e-09	-5.862191954880589	0.18612446748643438	0.0009240787627651452
-999.0	540.0	-1.6340031376401274e-06	-1.934948679927127e-09	-6.102160330907808	0.3890809669952904	-1.5777598656660748e-05
-999.0	515.0	-3.4158936661318706e-06	-1.062737858303876e-09	-6.450463071971408	0.5130287131501642	-0.0010873609172216139
-999.0	490.0	-4.994341161738754e-06	-7.202762215167085e-10	-6.715661544858684	0.4770911925782736	-0.0022963488627283503
-999.0	465.0	-5.920449320823932e-06	-9.412904086367085e-10	-6.8250898008729255	0.2564176096362386	-0.00366386219603226
-999.0	440.0	-6.2681500046532105e-06	-1.4001293640458393e-09	-6.796194919971408	-0.014057740477143824	-0.005186202714000907
-999.0	415.0	-5.929974528251708e-06	-2.226012174116636e-09	-6.597600483232077	-0.257637663206881	-0.006797081574417838
-999.0	390.0	-4.513379579952864e-06	-2.4386444505671307e-09	-6.180092007416178	-0.340781360772669	-0.008356865442082261
-999.0	365.0	-1.7196500336308372e-06	-2.1587422472370098e-09	-5.506067642183221	-0.20858710988160925	-0.009675447800553095
-999.0	340.0	1.0044964086509713e-06	-1.5190197281384832e-09	-4.610116033550405	0.07732700285168595	-0.010679599651838534
-999.0	315.0	2.4541206276216323e-06	-7.364320509686638e-10	-3.572672360887138	0.4791975629970237	-0.01145904849555166
-999.0	290.0	2.8430920714887017e-06	-1.158563355650341e-10	-2.6355474437644597	0.9283186686167932	-0.012030098588331053
-999.0	265.0	3.1412904267671494e-06	1.8207875741291412e-10	-1.8804424299778306	1.4105571707201296	-0.012186184950842891
-999.0	240.0	4.674232318960436e-06	2.0401588648786945e-10	-1.1647992477304332	1.9545071222991937	-0.011623291490283417
-999.0	215.0	6.807709577625571e-06	1.6398723809679933e-10	-0.2695016844405746	2.4405343793332515	-0.010210011689482747
-999.0	190.0	7.356578355704968e-06	1.3834177517994e-10	1.0258385528935963	2.5678501441085753	-0.008084499682031896
-999.0	165.0	5.601542085877816e-06	6.306794522594457e-11	2.6085310075201122	2.18466170555276	-0.005390276049999018
-999.0	140.0	7.897567423794426e-06	7.708622392091748e-12	3.4406357096668074	1.677657004721689	-0.0024401089052696473
-999.0	115.0	8.412735155908658e-06	2.6591588998551993e-12	3.487332281587494	1.389306990314727	-0.0004546692842059348
-999.0	90.0	8.890247828788125e-06	1.193465195250654e-12	4.693786265581441	0.8574590387970847	-6.755547831952935e-08
-999.0	65.0	1.1916907558250675e-06	0.0	1.6718315174917988	0.16513067253945618	0.0
-999.0	40.0	-4.266986336922151e-07	0.0	-8.25413175551279	-0.25246348557417336	0.0
-999.0	15.0	1.3137492087746616e-06	0.0	-16.438512623264113	-0.2321774162765866	0.0
245.27777777777777	40	1003.8720889621311	day	levels	pres0
-999.0	990.0	-1.37681725768076e-05	3.993791095560818e-09	-2.527973792527193	-0.7304403761769683	0.00033466172821720717
-999.0	965.0	-2.2704774597359373e-05	4.862311945821108e-09	-4.424701572568328	-1.3587687069573116	0.0008117331191692754
-999.0	940.0	-2.180683198199681e-05	3.970948782756092e-10	-5.465304931004834	-1.8841418324636217	0.0011073499914063117
-999.0	915.0	-2.2519398345314825e-05	4.484769879037709e-10	-6.163152375269991	-2.3644043199766798	0.0013997241122624276
-999.0	890.0	-2.2554379348599562e-05	2.6811048251463924e-09	-6.7278137019386905	-2.747469110069443	0.0018891723894031603
-999.0	865.0	-2.1695700101682002e-05	5.745523587445474e-09	-7.26467029400813	-2.9740440870324703	0.0026657483223087434
-999.0	840.0	-1.9201810459896214e-05	7.137867383098784e-09	-7.792225182056421	-3.0102147356963416	0.0036740031629585784
-999.0	815.0	-1.635806853959609e-05	5.482772400404656e-09	-8.2636715526934	-2.8829552297606877	0.004722510557108159
-999.0	790.0	-1.4673399289674463e-05	3.759559430437627e-09	-8.608562483463757	-2.633225308202304	0.005583894349787226
-999.0	765.0	-1.3422446793477944e-05	1.5159679283481716e-09	-8.765239241682455	-2.2912025502308113	0.00608951102622355
-999.0	740.0	-1.2819280077833246e-05	1.7787393355033227e-10	-8.628757476806644	-1.918259793639565	0.006152823237771495
-999.0	715.0	-1.2567820173508702e-05	1.766941550644749e-11	-8.231054669545024	-1.5569734091951137	0.005773142557591962
-999.0	690.0	-1.1592163620577274e-05	1.826382019077427e-10	-7.686823492432824	-1.2188145104116073	0.005035035798385163
-999.0	665.0	-9.380511554508546e-06	2.343926890519719e-10	-6.998127848231868	-0.909789539701152	0.004109541149024134
-999.0	640.0	-6.965147732981688e-06	1.605322017365418e-10	-6.401320201333295	-0.6077196226041535	0.00315716270456573
-999.0	615.0	-4.4454701385417165e-06	-5.781446562888656e-10	-5.98128582573967	-0.31284669638658985	0.0022820086341928847
-999.0	590.0	-2.568646099603985e-06	-1.2682237727369726e-09	-5.792924420517162	-0.04025517736367393	0.0014935236154059314
-999.0	565.0	-1.813183946707799e-06	-1.856359950730651e-09	-5.8871328161086485	0.19816502791909119	0.0006731294202678054
-999.0	540.0	-2.3089587782541662e-06	-1.8334606001338926e-09	-6.1290842121765845	0.3909350593608809	-0.0002652657977015702
-999.0	515.0	-4.021617150287168e-06	-9.974203960494788e-10	-6.475857818476204	0.5064144050702462	-0.0013270680261821398
-999.0	490.0	-5.543552340993083e-06	-6.504183707296634e-10	-6.736948838020543	0.466045310513844	-0.002514896007604796
-999.0	465.0	-6.423754883777865e-06	-8.582382460364078e-10	-6.84003233801527	0.24601578360918192	-0.0038485547681309236
-999.0	440.0	-6.746108275141753e-06	-1.3168536013778043e-09	-6.804913291224725	-0.020863633729330908	-0.005324373442219365
-999.0	415.0	-6.415194999504654e-06	-2.1156874251074617e-09	-6.601057020740376	-0.2580691376919453	-0.006878692342019564
-999.0	390.0	-5.010110190622598e-06	-2.319653343037881e-09	-6.179242421516483	-0.3318622888606305	-0.008379690030010174
-999.0	365.0	-2.2337760270694885e-06	-2.0594304735989615e-09	-5.50240601199093	-0.18828601937419925	-0.009649804114896693
-999.0	340.0	4.7528401412609987e-07	-1.4555521113613866e-09	-4.606444082004422	0.10653759306870392	-0.010622707005004764
-999.0	315.0	1.9140619039953285e-06	-7.152071567387745e-10	-3.572788696839576	0.5121426575056737	-0.011384142902155309
-999.0	290.0	2.2962736272758326e-06	-1.183577316888515e-10	-2.6437304155602077	0.9585063930278815	-0.011941590118701363
-999.0	265.0	2.5844344958606296e-06	1.706581832813815e-10	-1.900519610118156	1.4316820009937714	-0.012079798346815001
-999.0	240.0	4.055448377406859e-06	1.968721863581078e-10	-1.1982171787293807	1.9634929611175114	-0.011490564336265151
-999.0	215.0	6.1067799988540525e-06	1.6274693500280009e-10	-0.3164932752648772	2.438356414437294	-0.010049615499975193
-999.0	190.0	6.669390001970121e-06	1.3369448294409434e-10	0.9625157864396667	2.5585330942944635	-0.007921273244355235
-999.0	165.0	5.015954851548093e-06	5.986368116030839e-11	2.5242785392904294	2.171047423218876	-0.00527996849138576
-999.0	140.0	7.254098201013081e-06	7.308901540715627e-12	3.3431751495342543	1.6570109312457164	-0.0023955593469575424
-999.0	115.0	7.703872837493211e-06	2.4950126617202605e-12	3.4041336334690193	1.361204352827732	-0.000448857625108584
-999.0	90.0	8.11411878229448e-06	1.113396266692118e-12	4.651062357020983	0.8362540384153857	-5.6007648272786254e-08
-999.0	65.0	5.744917552814649e-07	0.0	1.6604131677728426	0.1679135429109484	0.0
-999.0	40.0	-8.170640418484719e-07	0.0	-8.259220295131524	-0.23854598774356975	0.0
-999.0	15.0	1.4396375136203847e-06	0.0	-16.45023539984299	-0.2143267951905823	0.0
245.29166666666666	40	1003.884501139323	day	levels	pres0
-999.0	990.0	-1.3794148254108717e-05	4.006028036122659e-09	-2.5259079430942237	-0.7330606310042029	0.0003412141886885412
-999.0	965.0	-2.2931800328325698e-05	5.057129187381586e-09	-4.423678187860391	-1.3630293945402536	0.0008263186316465571
-999.0	940.0	-2.217824853489159e-05	9.146093646230729e-10	-5.477295565936315	-1.8948056261848605	0.0011244675448501297
-999.0	915.0	-2.2802353163974454e-05	1.1192681669084595e-09	-6.18055783695094	-2.3801881822830815	0.0014124125763736737
-999.0	890.0	-2.27862372903401e-05	3.178534613574446e-09	-6.743663337495596	-2.764583748247898	0.0018924860685649897
-999.0	865.0	-2.197345336918345e-05	5.943774027613872e-09	-7.2758172375184476	-2.988593926860236	0.0026540526026560592
-999.0	840.0	-1.9534031883047075e-05	7.067745359357464e-09	-7.798146386941267	-3.019048378147469	0.0036396587731327497
-999.0	815.0	-1.6684025607968784e-05	5.328661252920603e-09	-8.264471252759284	-2.8826218969016204	0.004660192550657567
-999.0	790.0	-1.4936405685807051e-05	3.57201465707569e-09	-8.604748869383762	-2.62130885046941	0.0054924213145818085
-999.0	765.0	-1.3649151847341471e-05	1.3669401247588457e-09	-8.757929422237241	-2.2681158983527956	0.005968523848644018
-999.0	740.0	-1.3007910843361871e-05	2.3663814703062113e-11	-8.619123876094802	-1.8870836959254755	0.00600192328403343
-999.0	715.0	-1.2712079773890877e-05	-2.2179957095889984e-10	-8.220457026252031	-1.5208076959544568	0.005593760054979999
-999.0	690.0	-1.1764054621163647e-05	-1.1122976434270641e-10	-7.6773728706218485	-1.179696332700988	0.004830987796882319
-999.0	665.0	-9.666209249496767e-06	-9.468482510192519e-11	-6.992772168031435	-0.8703065202053634	0.0038870487227657164
-999.0	640.0	-7.391227267916575e-06	-1.1279243629078188e-10	-6.402965838641474	-0.5707050604331398	0.002922782322719922
-999.0	615.0	-5.037696806509713e-06	-6.852210034645791e-10	-5.992924112964559	-0.28185058989627104	0.0020397883715704834
-999.0	590.0	-3.2661525485178975e-06	-1.2554763756413778e-09	-5.8128419308750745	-0.017625712082445656	0.0012456842489820044
-999.0	565.0	-2.522974638192151e-06	-1.7689193980450098e-09	-5.912073677336734	0.21020558835182301	0.00042220116045732866
-999.0	540.0	-2.9839144188698587e-06	-1.7319725203405244e-09	-6.156008093445399	0.3927891517265145	-0.0005147312666086341
-999.0	515.0	-4.627340634443912e-06	-9.32102933795117e-10	-6.501252564981037	0.4998000969903419	-0.0015667511774135059
-999.0	490.0	-6.092763520248661e-06	-5.805605199426049e-10	-6.758236131182432	0.45499942844940694	-0.0027334200736375603
-999.0	465.0	-6.927060446732889e-06	-7.75186083435937e-10	-6.854974875157634	0.23561395758210765	-0.004033228120973636
-999.0	440.0	-7.224066545631345e-06	-1.2335778387095282e-09	-6.813631662478052	-0.027669526981540245	-0.005462531521334602
-999.0	415.0	-6.9004154707588005e-06	-2.005362676097912e-09	-6.604513558248683	-0.2585006121770301	-0.0069602976253691435
-999.0	390.0	-5.5068408012937015e-06	-2.2006622355082345e-09	-6.178392835616794	-0.32294321694860245	-0.008402513714575474
-999.0	365.0	-2.747902020509678e-06	-1.96011869996062e-09	-5.498744381798645	-0.16798492886678035	-0.009624160840989413
-999.0	340.0	-5.3928380400404326e-08	-1.392084494584119e-09	-4.60277213045845	0.13574818328575305	-0.010565815076181961
-999.0	315.0	1.3740031803673823e-06	-6.939822625088221e-10	-3.5729050327920326	0.5450877520143748	-0.011309239719125279
-999.0	290.0	1.7494551830612914e-06	-1.2085912781265165e-10	-2.651913387355993	0.9886941174390268	-0.011853087053778742
-999.0	265.0	2.0275785649524047e-06	1.5923760914984834e-10	-1.9205967902585532	1.4528068312674576	-0.011973421390462095
-999.0	240.0	3.436664435851534e-06	1.8972848622833697e-10	-1.2316351097284453	1.9724787999358484	-0.011357852184563142
-999.0	215.0	5.405850420080795e-06	1.6150663190879213e-10	-0.36348486608934116	2.436178449541324	-0.009889238168521594
-999.0	190.0	5.982201648233728e-06	1.2904719070823463e-10	0.8991930199855414	2.549216044480306	-0.0077580643081134855
-999.0	165.0	4.430367617216988e-06	5.66594170946642e-11	2.44002607106052	2.1574331408849168	-0.005169671815054187
-999.0	140.0	6.61062897823e-06	6.909180689338854e-12	3.2457145894014565	1.6363648577696337	-0.0023510126312076846
-999.0	115.0	6.995010519075855e-06	2.3308664235848637e-12	3.3209349853503465	1.3331017153406153	-0.00044304555591427223
-999.0	90.0	7.3379897357988076e-06	1.033327338133249e-12	4.608338448460429	0.8150490380336163	-4.445707633844151e-08
-999.0	65.0	-4.2707245263642706e-08	0.0	1.6489948180538556	0.1706964132824451	0.0
-999.0	40.0	-1.207429450005488e-06	0.0	-8.264308834750278	-0.22462848991292084	0.0
-999.0	15.0	1.5655258184670126e-06	0.0	-16.461958176421913	-0.196476174104533	0.0
245.30555555555554	40	1003.8969133165148	day	levels	pres0
-999.0	990.0	-1.3820123931409607e-05	4.018264976684599e-09	-2.523842093661242	-0.7356808858314229	0.00034776480147948437
-999.0	965.0	-2.3158826059291087e-05	5.2519464289417095e-09	-4.4226548031524295	-1.367290082123173	0.0008408969733365973
-999.0	940.0	-2.254966508778513e-05	1.4321238509698552e-09	-5.489286200867744	-1.9054694199060693	0.0011415778795906542
-999.0	915.0	-2.3085307982633032e-05	1.7900593459124044e-09	-6.197963298631837	-2.3959720445894463	0.001425096551032451
-999.0	890.0	-2.3018095232079735e-05	3.675964402002151e-09	-6.759512973052468	-2.781698386426311	0.0018957987433326589
-999.0	865.0	-2.225120663668405e-05	6.142024467782454e-09	-7.286964181028756	-3.0031437666879626	0.0026423595255429086
-999.0	840.0	-1.9866253306197245e-05	6.997623335616849e-09	-7.804067591826116	-3.0278820205985655	0.003605321221576391
-999.0	815.0	-1.7009982676340923e-05	5.174550105437228e-09	-8.265270952825192	-2.8822885640425406	0.0045978860055496135
-999.0	790.0	-1.5199412081939211e-05	3.3844698837142902e-09	-8.600935255303797	-2.609392392736531	0.005400964734928293
-999.0	765.0	-1.3875856901204635e-05	1.2179123211700312e-09	-8.750619602792062	-2.245029246474827	0.00584755831816219
-999.0	740.0	-1.3196541608890187e-05	-1.305463041434537e-10	-8.609490275383006	-1.8559075982114657	0.005851050204660008
-999.0	715.0	-1.2856339374272817e-05	-4.612685574230468e-10	-8.209859382959072	-1.4846419827139063	0.005414408497035056
-999.0	690.0	-1.1935945621749678e-05	-4.0509773059168917e-10	-7.667922248810912	-1.1405781549904972	0.004626972254767385
-999.0	665.0	-9.951906944484388e-06	-4.2376233925421347e-10	-6.987416487831038	-0.8308235007097152	0.0036645866533740207
-999.0	640.0	-7.817306802850537e-06	-3.861170743167621e-10	-6.404611475949679	-0.5336904982622673	0.002688428419579865
-999.0	615.0	-5.629923474476372e-06	-7.922973506396738e-10	-6.0045624001894495	-0.25085448340608046	0.001797590349241324
-999.0	590.0	-3.963658997430185e-06	-1.2427289785456344e-09	-5.832759441232972	0.0050037531986764465	0.0009978649783012627
-999.0	565.0	-3.2327653296747847e-06	-1.6814788453594782e-09	-5.9370145385647906	0.22224614878447993	0.0001712939831597998
-999.0	540.0	-3.6588700594838974e-06	-1.63048444054729e-09	-6.182931974714173	0.39464324409210494	-0.0007641740055607613
-999.0	515.0	-5.23306411859921e-06	-8.667854715407194e-10	-6.526647311485834	0.49318578891042403	-0.0018064103710855092
-999.0	490.0	-6.6419746995029876e-06	-5.107026691555601e-10	-6.779523424344289	0.4439535463849773	-0.0029519210609619843
-999.0	465.0	-7.4303660096868225e-06	-6.921339208356361e-10	-6.869917412299976	0.22521213155505126	-0.004217882254642217
-999.0	440.0	-7.702024816119888e-06	-1.1503020760414927e-09	-6.822350033731369	-0.034475420233727475	-0.0056006769513931515
-999.0	415.0	-7.385635942011746e-06	-1.8950379270887368e-09	-6.607970095756982	-0.25893208666209444	-0.007041897424490118
-999.0	390.0	-6.003571411963433e-06	-2.081671127978985e-09	-6.1775432497170994	-0.3140241450365641	-0.008425336495781074
-999.0	365.0	-3.2620280139483285e-06	-1.8608069263225714e-09	-5.495082751606352	-0.14768383835937027	-0.009598517978829699
-999.0	340.0	-5.831407749252754e-07	-1.3286168778070225e-09	-4.599100178912468	0.16495877350277102	-0.010508923865368216
-999.0	315.0	8.339444567410784e-07	-6.727573682789328e-10	-3.5730213687444703	0.5780328465230243	-0.011234338946456025
-999.0	290.0	1.2026367388484212e-06	-1.2336052393646898e-10	-2.6600963591517406	1.0188818418501149	-0.011764589393553383
-999.0	265.0	1.4707226340458864e-06	1.4781703501831573e-10	-1.940673970398878	1.473931661541099	-0.01186705408177007
-999.0	240.0	2.8178804942979577e-06	1.8258478609857539e-10	-1.2650530407273923	1.9814646387541663	-0.011225155035164901
-999.0	215.0	4.704920841309271e-06	1.602663288147928e-10	-0.4104764569136438	2.4340004846453667	-0.009728879695118662
-999.0	190.0	5.295013294498884e-06	1.2439989847238898e-10	0.8358702535316116	2.5398989946661956	-0.007594872873306849
-999.0	165.0	3.844780382887264e-06	5.345515302902802e-11	2.355773602830838	2.1438188585510325	-0.0050593860210041445
-999.0	140.0	5.9671597554486564e-06	6.50945983796274e-12	3.1482540292689047	1.6157187842936616	-0.0023064687580199804
-999.0	115.0	6.2861482006604115e-06	2.1667201854499245e-12	3.2377363372318717	1.3049990778536202	-0.00043723307662294674
-999.0	90.0	6.561860689305166e-06	9.532584095747127e-13	4.56561453989997	0.7938440376519175	-3.2903762516573345e-08
-999.0	65.0	-6.599062458072452e-07	0.0	1.6375764683348994	0.17347928365393728	0.0
-999.0	40.0	-1.5977948581617445e-06	0.0	-8.269397374369012	-0.21071099208231708	0.0
-999.0	15.0	1.6914141233127348e-06	0.0	-16.473680953000784	-0.17862555301852875	0.0
245.31944444444446	40	1003.9093254937065	day	levels	pres0
-999.0	990.0	-1.3846099608710683e-05	4.030501917246537e-09	-2.5217762442282683	-0.73830114065865	0.00035431356645705176
-999.0	965.0	-2.3385851790257476e-05	5.446763670502297e-09	-4.421631418444499	-1.3715507697061105	0.0008554681442212488
-999.0	940.0	-2.292108164068002e-05	1.949638337317413e-09	-5.501276835799231	-1.9161332136273095	0.0011586809957555247
-999.0	915.0	-2.3368262801292847e-05	2.460850524917213e-09	-6.2153687603128	-2.4117559068958547	0.0014377760363126757
-999.0	890.0	-2.3249953173820492e-05	4.173394190430325e-09	-6.7753626086093925	-2.798813024604775	0.0018991104137178192
-999.0	865.0	-2.2528959904185725e-05	6.340274907950965e-09	-7.298111124539092	-3.0176936065157385	0.002630669090957703
-999.0	840.0	-2.0198474729348302e-05	6.927501311875627e-09	-7.809988796710972	-3.036715663049702	0.0035709905083208173
-999.0	815.0	-1.733593974471369e-05	5.020438957953191e-09	-8.26607065289109	-2.881955231183477	0.0045355909219408136
-999.0	790.0	-1.5462418478071818e-05	3.1969251103522896e-09	-8.59712164122381	-2.597475935003634	0.00530952461112601
-999.0	765.0	-1.4102561955068191e-05	1.0688845175807664e-09	-8.74330978334685	-2.221942594596801	0.005726614435103718
-999.0	740.0	-1.3385172374418863e-05	-2.847564229904969e-10	-8.599856674671162	-1.8247315004973625	0.005700203999870683
-999.0	715.0	-1.3000598974655027e-05	-7.007375438881082e-10	-8.199261739666067	-1.4484762694732334	0.00523508788377454
-999.0	690.0	-1.2107836622336077e-05	-6.989656968418787e-10	-7.658471626999923	-1.101459977279861	0.004422989171894477
-999.0	665.0	-1.0237604639472652e-05	-7.528398534079314e-10	-6.9820608076305914	-0.7913404812139112	0.0034421549406156017
-999.0	640.0	-8.243386337785536e-06	-6.594417123439233e-10	-6.406257113257849	-0.49667593609123994	0.002454100994911953
-999.0	615.0	-6.222150142444571e-06	-8.993736978151984e-10	-6.016200687414331	-0.2198583769157525	0.001555414567019279
-999.0	590.0	-4.6611654463443635e-06	-1.2299815814498192e-09	-5.852676951590883	0.027633218479908427	0.0007500658031997452
-999.0	565.0	-3.942556021159422e-06	-1.5940382926735814e-09	-5.961955399792879	0.2342867092172092	-7.959211180083972e-05
-999.0	540.0	-4.3338257000998605e-06	-1.5289963607536638e-09	-6.209855855982993	0.3964973364577309	-0.0010135940147430063
-999.0	515.0	-5.838787602756182e-06	-8.014680092861358e-10	-6.552042057990671	0.4865714808305084	-0.002046045607370085
-999.0	490.0	-7.1911858787587515e-06	-4.408448183683529e-10	-6.800810717506184	0.4329076643205281	-0.0031703989697155644
-999.0	465.0	-7.93367157264202e-06	-6.090817582350974e-10	-6.8848599494423475	0.21481030552796607	-0.004402517169220593
-999.0	440.0	-8.179983086609678e-06	-1.0670263133731765e-09	-6.831068404984698	-0.04128131348594602	-0.005738809732443557
-999.0	415.0	-7.870856413266151e-06	-1.7847131780791727e-09	-6.611426633265284	-0.25936356114718756	-0.007123491739407865
-999.0	390.0	-6.500302022634852e-06	-1.9626800204493487e-09	-6.176693663817401	-0.305105073124542	-0.008448158373631595
-999.0	365.0	-3.776154007388829e-06	-1.7614951526842551e-09	-5.491421121414057	-0.1273827478519534	-0.009572875528417622
-999.0	340.0	-1.1123531694520524e-06	-1.2651492610297738e-09	-4.595428227366486	0.19416936371982363	-0.01045203337256321
-999.0	315.0	2.938857331128739e-07	-6.515324740489794e-10	-3.573137704696921	0.6109779410317334	-0.011159440584143471
-999.0	290.0	6.558182946336247e-07	-1.2586192006026366e-10	-2.668279330947525	1.049069566261272	-0.011676097138016655
-999.0	265.0	9.138667031374138e-07	1.3639646088677935e-10	-1.9607511505392767	1.4950564918147955	-0.011760696420725518
-999.0	240.0	2.199096552742398e-06	1.7544108596879478e-10	-1.2984709717264615	1.9904504775725098	-0.011092472888058138
-999.0	215.0	4.003991262535783e-06	1.5902602572077729e-10	-0.45746804773811467	2.4318225197494026	-0.009568540079762993
-999.0	190.0	4.607824940762193e-06	1.197526062365258e-10	0.7725474870774716	2.53058194485205	-0.00743169893993536
-999.0	165.0	3.259193148555786e-06	5.02508889633819e-11	2.271521134600899	2.1302045762170874	-0.004949111109235576
-999.0	140.0	5.323690532665266e-06	6.109738986585715e-12	3.050793469136075	1.5950727108175917	-0.0022619277273945564
-999.0	115.0	5.577285882242788e-06	2.0025739473145423e-12	3.1545376891131753	1.2768964403665133	-0.00043142018723467493
-999.0	90.0	5.785731642809208e-06	8.731894810158548e-13	4.522890631339406	0.7726390372701453	-2.1347706807178395e-08
-999.0	65.0	-1.2771052463525474e-06	0.0	1.6261581186159062	0.17626215402542628	0.0
-999.0	40.0	-1.988160266318881e-06	0.0	-8.274485913987773	-0.1967934942516756	0.0
-999.0	15.0	1.8173024281592721e-06	0.0	-16.485403729579716	-0.16077493193247727	0.0
245.33333333333334	40	1003.9217376708983	day	levels	pres0
-999.0	990.0	-1.3872075286011522e-05	4.042738857808444e-09	-2.5197103947952884	-0.7409213954858697	0.0003608604834881823
-999.0	965.0	-2.3612877521222818e-05	5.641580912062368e-09	-4.42060803373654	-1.375811457289032	0.0008700321442821578
-999.0	940.0	-2.329249819357354e-05	2.4671528236641614e-09	-5.513267470730662	-1.9267970073485208	0.0011757768934721278
-999.0	915.0	-2.3651217619951425e-05	3.131641703921182e-09	-6.2327742219936955	-2.4275397692022227	0.001450451032288039
-999.0	890.0	-2.348181111556017e-05	4.6708239788581e-09	-6.791212244166266	-2.8159276627831935	0.0019024210797319917
-999.0	865.0	-2.2806713171686374e-05	6.538525348119599e-09	-7.309258068049402	-3.032243446343468	0.002618981298888906
-999.0	840.0	-2.0530696152498496e-05	6.857379288135014e-09	-7.815910001595827	-3.0455493055008	0.0035366666333976607
-999.0	815.0	-1.7661896813085795e-05	4.866327810469795e-09	-8.266870352957	-2.881621898324397	0.004473307299988312
-999.0	790.0	-1.572542487420392e-05	3.0093803369908766e-09	-8.593308027143845	-2.5855594772707553	0.005218100943475277
-999.0	765.0	-1.4329267008931285e-05	9.19856713991949e-10	-8.73599996390168	-2.198855942718833	0.005605692199795539
-999.0	740.0	-1.3573803139947134e-05	-4.38966541837021e-10	-8.590223073959365	-1.7935554027833518	0.005549384669886567
-999.0	715.0	-1.3144858575036941e-05	-9.402065303522576e-10	-8.188664096373111	-1.4123105562326805	0.0050557982152178325
-999.0	690.0	-1.227972762292211e-05	-9.928336630908536e-10	-7.649021005188986	-1.062341799569367	0.0042190385481200325
-999.0	665.0	-1.0523302334460272e-05	-1.0819173675602002e-09	-6.976705127430188	-0.7518574617182585	0.0032197535842595614
-999.0	640.0	-8.669465872719497e-06	-9.327663503698866e-10	-6.407902750566055	-0.459661373920362	0.002219800048485323
-999.0	615.0	-6.8143768104112225e-06	-1.0064500449902793e-09	-6.027838974639219	-0.1888622704255559	0.0013132610247210883
-999.0	590.0	-5.35867189525664e-06	-1.21723418435407e-09	-5.872594461948776	0.05026268376103657	0.0005022867235164658
-999.0	565.0	-4.6523467126420336e-06	-1.506597739988046e-09	-5.986896261020934	0.24632726964987164	-0.00033045712459759357
-999.0	540.0	-5.008781340713868e-06	-1.4275082809604307e-09	-6.236779737251766	0.39835142882332647	-0.0012629912943373208
-999.0	515.0	-6.444511086911446e-06	-7.361505470317424e-10	-6.577436804495465	0.4799571727505945	-0.0022856568864360466
-999.0	490.0	-7.740397058013049e-06	-3.7098696758130365e-10	-6.822098010668038	0.42186178225610155	-0.00338885380003266
-999.0	465.0	-8.436977135595927e-06	-5.260295956347937e-10	-6.899802486584687	0.20440847950091154	-0.00458713286478961
-999.0	440.0	-8.657941357098192e-06	-9.837505507051436e-10	-6.839786776238015	-0.04808720673813175	-0.00587692986453142
-999.0	415.0	-8.356076884519055e-06	-1.6743884290700046e-09	-6.61488317077358	-0.2597950356322505	-0.007205080570145067
-999.0	390.0	-6.99703263330453e-06	-1.843688912920109e-09	-6.1758440779177075	-0.2961860012125022	-0.008470979348129124
-999.0	365.0	-4.290280000827431e-06	-1.6621833790462106e-09	-5.487759491221764	-0.10708165734454168	-0.00954723348975091
-999.0	340.0	-1.6415655639769047e-06	-1.2016816442526751e-09	-4.591756275820503	0.22337995393684343	-0.010395143597764424
-999.0	315.0	-2.461729905134478e-07	-6.303075798190845e-10	-3.573254040649361	0.643923035540385	-0.011084544632181477
-999.0	290.0	1.0899985042071679e-07	-1.2836331618407523e-10	-2.6764623027432757	1.079257290672361	-0.011587610287158134
-999.0	265.0	3.570107722308545e-07	1.2497588675525062e-10	-1.9808283306796055	1.5161813220884375	-0.011654348407313693
-999.0	240.0	1.5803126111887853e-06	1.682973858390333e-10	-1.3318889027254122	1.9994363163908273	-0.010959805743229776
-999.0	215.0	3.3030616837642196e-06	1.577857226267758e-10	-0.5044596385624193	2.4296445548534447	-0.009408219322450787
-999.0	190.0	3.920636587027295e-06	1.1510531400067897e-10	0.7092247206235441	2.521264895037941	-0.007268542507998867
-999.0	165.0	2.673605914226016e-06	4.704662489774545e-11	2.1872686663712253	2.1165902938832044	-0.004838847079748096
-999.0	140.0	4.680221309883906e-06	5.710018135209607e-12	2.9533329090035316	1.574426637341619	-0.0022173895393311984
-999.0	115.0	4.868423563827346e-06	1.8384277091795962e-12	3.071339040994705	1.2487938028795182	-0.00042560688774936694
-999.0	90.0	5.009602596315585e-06	7.931205524573064e-13	4.480166722778946	0.7514340368884481	-9.788909210252813e-09
-999.0	65.0	-1.8943042468961208e-06	0.0	1.6147397688969483	0.17904502439691972	0.0
-999.0	40.0	-2.378525674475102e-06	0.0	-8.279574453606509	-0.18287599642106955	0.0
-999.0	15.0	1.943190733005002e-06	0.0	-16.497126506158587	-0.14292431084646992	0.0
245.34722222222223	40	1003.9341498480902	day	levels	pres0
-999.0	990.0	-1.389805096331269e-05	4.054975798370316e-09	-2.517644545362319	-0.7435416503131039	0.00036740555243992867
-999.0	965.0	-2.383990325218918e-05	5.836398153622897e-09	-4.419584649028604	-1.3800721448719717	0.0008845889735011867
-999.0	940.0	-2.3663914746468334e-05	2.9846673100116587e-09	-5.525258105662141	-1.9374608010697572	0.0011928655728681234
-999.0	915.0	-2.3934172438611053e-05	3.802432882925848e-09	-6.250179683674642	-2.4433236315086226	0.0014631215390324638
-999.0	890.0	-2.3713669057300662e-05	5.168253767286082e-09	-6.807061879723171	-2.833042300961644	0.0019057307413868174
-999.0	865.0	-2.3084466439187768e-05	6.736775788287944e-09	-7.320405011559717	-3.0467932861712317	0.0026072961493249043
-999.0	840.0	-2.086291757564934e-05	6.78725726439369e-09	-7.821831206480667	-3.054382947951928	0.0035023495968381996
-999.0	815.0	-1.798785388145853e-05	4.712216662985762e-09	-8.267670053022883	-2.8812885654653293	0.004411035139848578
-999.0	790.0	-1.598843127033656e-05	2.821835563628953e-09	-8.589494413063852	-2.5736430195378612	0.005126693732275371
-999.0	765.0	-1.4555972062794875e-05	7.708289104026297e-10	-8.728690144456463	-2.1757692908408175	0.005484791612563253
-999.0	740.0	-1.3762433905475804e-05	-5.931766606842851e-10	-8.580589473247523	-1.7623793050692633	0.0053985922149270915
-999.0	715.0	-1.3289118175419143e-05	-1.179675516817602e-09	-8.178066453080113	-1.3761448429920247	0.004876539491382296
-999.0	690.0	-1.2451618623508483e-05	-1.2867016293413104e-09	-7.639570383378009	-1.023223621858751	0.004015120383298154
-999.0	665.0	-1.080900002944849e-05	-1.4109948817141175e-09	-6.971349447229758	-0.7123744422224743	0.002997382584072421
-999.0	640.0	-9.095545407654383e-06	-1.206090988397227e-09	-6.4095483878742385	-0.42264681174935353	0.0019855255800663415
-999.0	615.0	-7.406603478379224e-06	-1.1135263921660051e-09	-6.0394772618641115	-0.15786616393524316	0.0010711297221606016
-999.0	590.0	-6.056178344170565e-06	-1.2044867872584821e-09	-5.892511972306694	0.07289214904225867	0.00025452773908744646
-999.0	565.0	-5.362137404126405e-06	-1.4191571873024077e-09	-6.011837122249023	0.25836783008259806	-0.0005813010554065262
-999.0	540.0	-5.683736981329591e-06	-1.3260202011670606e-09	-6.263703618520582	0.40020552118895525	-0.0015123658445287567
-999.0	515.0	-7.050234571068223e-06	-6.708330847773766e-10	-6.6028315510003015	0.473342864670686	-0.002525244208455324
-999.0	490.0	-8.289608237268658e-06	-3.0112911679424895e-10	-6.84338530382993	0.41081590019166125	-0.003607285552050742
-999.0	465.0	-8.940282698550977e-06	-4.42977433034326e-10	-6.914745023727054	0.1940066534738353	-0.004771729341433174
-999.0	440.0	-9.135899627587814e-06	-9.00474788036865e-10	-6.848505147491341	-0.05489309999034247	-0.00601503734770525
-999.0	415.0	-8.841297355773246e-06	-1.5640636800604478e-09	-6.618339708281886	-0.2602265101173366	-0.007286663916727051
-999.0	390.0	-7.493763243975688e-06	-1.7246978053904527e-09	-6.174994492018018	-0.2872669293004755	-0.008493799419278239
-999.0	365.0	-4.8044059942676705e-06	-1.5628716054078652e-09	-5.484097861029481	-0.08678056683712455	-0.009521591862829554
-999.0	340.0	-2.1707779585034276e-06	-1.1382140274754093e-09	-4.588084324274532	0.2525905441538907	-0.010338254540971446
-999.0	315.0	-7.862317141413761e-07	-6.090826855891378e-10	-3.5733703766018157	0.6768681300490841	-0.011009651090565899
-999.0	290.0	-4.3781859379378556e-07	-1.3086471230788115e-10	-2.684645274539058	1.1094450150835056	-0.011499128840969123
-999.0	265.0	-1.9984515867732938e-07	1.1355531262371354e-10	-2.000905510819999	1.5373061523621234	-0.011548010041521143
-999.0	240.0	9.615286696334978e-07	1.6115368570926225e-10	-1.3653068337244731	2.008422155209165	-0.01082715360066749
-999.0	215.0	2.6021321049910074e-06	1.565454195327701e-10	-0.5514512293868812	2.4274665899574748	-0.009247917423178572
-999.0	190.0	3.233448233290957e-06	1.1045802176482038e-10	0.6459019541694162	2.5119478452237822	-0.007105403577497368
-999.0	165.0	2.0880186798949562e-06	4.3842360832101555e-11	2.103016198141307	2.102976011549243	-0.004728593932541629
-999.0	140.0	4.036752087100841e-06	5.310297283832823e-12	2.855872348870725	1.5537805638655369	-0.002172854193830043
-999.0	115.0	4.159561245409988e-06	1.6742814710442063e-12	2.9881403928760277	1.2206911653924013	-0.0004197931781671028
-999.0	90.0	4.233473549819892e-06	7.130516238984494e-13	4.437442814218392	0.730229036506677	1.7726302741997625e-09
-999.0	65.0	-2.5115032474412568e-06	0.0	1.6033214191779628	0.1818278947684152	0.0
-999.0	40.0	-2.768891082632155e-06	0.0	-8.28466299322526	-0.168958498590423	0.0
-999.0	15.0	2.0690790378516225e-06	0.0	-16.508849282737508	-0.12507368976042368	0.0
245.36111111111111	40	1003.9465620252822	day	levels	pres0
-999.0	990.0	-1.3924026640613575e-05	4.067212738932257e-09	-2.5155786959293374	-0.7461619051403237	0.000373948773179256
-999.0	965.0	-2.406692898315456e-05	6.031215395183019e-09	-4.418561264320644	-1.3843328324548925	0.0008991386318599655
-999.0	940.0	-2.4035331299361872e-05	3.502181796358441e-09	-5.537248740593571	-1.9481245947909658	0.0012099470340708666
-999.0	915.0	-2.4217127257269618e-05	4.4732240619297916e-09	-6.26758514535554	-2.459107493814987	0.0014757875566195652
-999.0	890.0	-2.3945526999040295e-05	5.665683555713787e-09	-6.822911515280042	-2.8501569391400574	0.0019090393986936772
-999.0	865.0	-2.3362219706688367e-05	6.9350262284565274e-09	-7.331551955070023	-3.0613431259989574	0.002595613642253933
-999.0	840.0	-2.1195138998799514e-05	6.7171352406530725e-09	-7.827752411365519	-3.0632165904030244	0.003468039398673749
-999.0	815.0	-1.831381094983066e-05	4.558105515502383e-09	-8.268469753088786	-2.88095523260625	0.004348774441678325
-999.0	790.0	-1.6251437666468728e-05	2.6342907902675524e-09	-8.585680798983882	-2.5617265618049827	0.005035302977826068
-999.0	765.0	-1.4782677116658031e-05	6.218011068138186e-10	-8.721380325011284	-2.1526826389628497	0.005363912673733203
-999.0	740.0	-1.3951064671004126e-05	-7.473867795308018e-10	-8.570955872535722	-1.731203207355253	0.0052478266352127155
-999.0	715.0	-1.3433377775801084e-05	-1.4191445032817492e-09	-8.167468809787158	-1.3399791297514756	0.004697311712286643
-999.0	690.0	-1.2623509624094516e-05	-1.5805695955902926e-09	-7.630119761567076	-0.98410544414826	0.0038112346772845498
-999.0	665.0	-1.1094697724436108e-05	-1.7400723958664053e-09	-6.965993767029358	-0.6728914227268259	0.0027750419398225312
-999.0	640.0	-9.521624942588343e-06	-1.4794156264232072e-09	-6.411194025182443	-0.38563224957848086	0.0017512775894233602
-999.0	615.0	-7.998830146345881e-06	-1.2206027393410999e-09	-6.051115549089	-0.12687005744505245	0.000829020659153741
-999.0	590.0	-6.753684793082853e-06	-1.1917393901627402e-09	-5.9124294826645905	0.09552161432338081	6.788849750833402e-06
-999.0	565.0	-6.071928095609039e-06	-1.3317166346168769e-09	-6.036777983477078	0.2704083905152547	-0.0008321239044015714
-999.0	540.0	-6.358692621943631e-06	-1.224532121373828e-09	-6.290627499789355	0.4020596135545459	-0.0017617176655002507
-999.0	515.0	-7.655958055223522e-06	-6.055156225229791e-10	-6.628226297505096	0.4667285565907683	-0.0027648075735977403
-999.0	490.0	-8.838819416522983e-06	-2.312712660072046e-10	-6.8646725969917854	0.39977001812723156	-0.00382569422590519
-999.0	465.0	-9.44358826150491e-06	-3.599252704340263e-10	-6.929687560869396	0.183604827446779	-0.00495630659923313
-999.0	440.0	-9.613857898076354e-06	-8.171990253688289e-10	-6.857223518744657	-0.06169899324252953	-0.00615313218201162
-999.0	415.0	-9.326517827026193e-06	-1.453738931051273e-09	-6.621796245790185	-0.26065798460240086	-0.007368241779177396
-999.0	390.0	-7.990493854645425e-06	-1.605706697861203e-09	-6.174144906118322	-0.2783478573884372	-0.008516618587081888
-999.0	365.0	-5.3185319877063205e-06	-1.4635598317698165e-09	-5.480436230837189	-0.06647947632971452	-0.009495950647652074
-999.0	340.0	-2.699990353028299e-06	-1.074746410698313e-09	-4.584412372728551	0.28180113437090865	-0.010281366202182469
-999.0	315.0	-1.32629043776768e-06	-5.878577913592483e-10	-3.573486712554254	0.7098132245577339	-0.010934759959291263
-999.0	290.0	-9.84637038006656e-07	-1.3336610843169856e-10	-2.6928282463348063	1.1396327394945935	-0.011410652799439884
-999.0	265.0	-7.567010895838486e-07	1.0213473849218089e-10	-2.020982690960324	1.558430982635765	-0.011441681323333832
-999.0	240.0	3.4274472807992027e-07	1.5400998557950067e-10	-1.3987247647234209	2.017407994027483	-0.01069451646035885
-999.0	215.0	1.9012025262194901e-06	1.553051164387708e-10	-0.5984428202111838	2.4252886250615164	-0.009087634381943124
-999.0	190.0	2.5462598795561143e-06	1.0581072952897478e-10	0.5825791877154867	2.5026307954096696	-0.006942282148431098
-999.0	165.0	1.5024314455652334e-06	4.063809676646538e-11	2.0187637299116252	2.089361729215361	-0.004618351667616034
-999.0	140.0	3.3932828643194977e-06	4.910576432456706e-12	2.7584117887381714	1.5331344903895645	-0.0021283216908909836
-999.0	115.0	3.4506989269945424e-06	1.510135232909267e-12	2.9049417447575525	1.1925885279054063	-0.00041397905848781754
-999.0	90.0	3.4573445033262497e-06	6.329826953399132e-13	4.3947189056579345	0.7090240361249781	1.3336911646108019e-08
-999.0	65.0	-3.128702247984861e-06	0.0	1.5919030694590064	0.18461076513990726	0.0
-999.0	40.0	-3.159256490788411e-06	0.0	-8.289751532843994	-0.15504100075981933	0.0
-999.0	15.0	2.1949673426973458e-06	0.0	-16.520572059316383	-0.10722306867441946	0.0
245.375	40	1003.9589742024739	day	levels	pres0
-999.0	990.0	-1.3950002317914715e-05	4.079449679494123e-09	-2.51351284649637	-0.7487821599675549	0.0003804901455732478
-999.0	965.0	-2.4293954714120907e-05	6.2260326367434996e-09	-4.41753787961271	-1.3885935200378297	0.0009136811193403562
-999.0	940.0	-2.440674785225664e-05	4.019696282705776e-09	-5.54923937552505	-1.9587883885122015	0.0012270212772080415
-999.0	915.0	-2.450008207592929e-05	5.144015240934273e-09	-6.284990607036484	-2.4748913561213857	0.0014884490851233096
-999.0	890.0	-2.417738494078088e-05	6.1631133441416605e-09	-6.838761150836945	-2.8672715773185096	0.0019123470516642805
-999.0	865.0	-2.3639972974189822e-05	7.133276668624871e-09	-7.34269889858034	-3.075892965826724	0.002583933777664502
-999.0	840.0	-2.1527360421950347e-05	6.6470132169118275e-09	-7.833673616250355	-3.0720502328541546	0.003433736038935756
-999.0	815.0	-1.8639768018203293e-05	4.4039943680184455e-09	-8.269269453154669	-2.880621899747186	0.004286525205634225
-999.0	790.0	-1.6514444062601267e-05	2.446746016905736e-09	-8.581867184903887	-2.549810104072095	0.004943928680426876
-999.0	765.0	-1.5009382170521549e-05	4.727733032246139e-10	-8.714070505566067	-2.1295959870848384	0.005243055383631241
-999.0	740.0	-1.4139695436532759e-05	-9.015968983779501e-10	-8.561322271823883	-1.7000271096411677	0.0050970879309631565
-999.0	715.0	-1.3577637376183252e-05	-1.658613489747006e-09	-8.156871166494158	-1.3038134165108202	0.004518114877948557
-999.0	690.0	-1.2795400624680849e-05	-1.8744375618407055e-09	-7.620669139756096	-0.944987266437642	0.0036073814299336492
-999.0	665.0	-1.1380395419424239e-05	-2.0691499100203253e-09	-6.960638086828921	-0.6334084032310378	0.0025527316512767486
-999.0	640.0	-9.947704477523122e-06	-1.7527402644505551e-09	-6.4128396624906205	-0.3486176874074672	0.001517056076323084
-999.0	615.0	-8.591056814313763e-06	-1.3276790865168061e-09	-6.062753836313883	-0.09587395095473362	0.0005869338355147043
-999.0	590.0	-7.45119124199666e-06	-1.1789919930671192e-09	-5.932346993022495	0.11815107960460919	-0.00024092994465698935
-999.0	565.0	-6.781718787093312e-06	-1.244276081931197e-09	-6.0617188447051555	0.2824489509479866	-0.0010829256717584162
-999.0	540.0	-7.033648262559263e-06	-1.1230440415804172e-09	-6.317551381058162	0.4039137059201797	-0.0020110467574364637
-999.0	515.0	-8.261681539380207e-06	-5.401981602685901e-10	-6.653621044009923	0.460114248510864	-0.0030043469820348334
-999.0	490.0	-9.3880305957785e-06	-1.614134152201409e-10	-6.885959890153672	0.38872413606279443	-0.0040440798217330955
-999.0	465.0	-9.946893824459874e-06	-2.768731078335638e-10	-6.944630098011757	0.17320300141970296	-0.005140864638273022
-999.0	440.0	-1.0091816168565898e-05	-7.339232627005626e-10	-6.865941889997983	-0.06850488649474248	-0.006291214367498726
-999.0	415.0	-9.811738298280325e-06	-1.3434141820417372e-09	-6.625252783298493	-0.26108945908749265	-0.007449814157521206
-999.0	390.0	-8.487224465316553e-06	-1.4867155903315793e-09	-6.173295320218635	-0.26942878547641963	-0.008539436851544438
-999.0	365.0	-5.832657981146541e-06	-1.3642480581315067e-09	-5.476774600644906	-0.04617838582230934	-0.009470309844218332
-999.0	340.0	-3.2292027475548056e-06	-1.0112787939210706e-09	-4.580740421182578	0.3110117245879439	-0.010224478581397002
-999.0	315.0	-1.8663491613955963e-06	-5.666328971293061e-10	-3.57360304850671	0.7427583190664234	-0.010859871238353361
-999.0	290.0	-1.5314554822211514e-06	-1.3586750455549826e-10	-2.7010112181305885	1.1698204639057321	-0.011322182162561641
-999.0	265.0	-1.3135570204920234e-06	9.071416436065063e-11	-2.0410598711007166	1.5795558129094485	-0.011335362252738212
-999.0	240.0	-2.7603921347533454e-07	1.4686628544972967e-10	-1.4321426957224805	2.026393832845819	-0.010561894322291454
-999.0	215.0	1.2002729474463398e-06	1.540648133447609e-10	-0.6454344110356437	2.423110660165548	-0.008927370198740932
-999.0	190.0	1.8590715258198297e-06	1.0116343729311475e-10	0.5192564212613636	2.493313745595515	-0.006779178220800083
-999.0	165.0	9.168442112341938e-07	3.743383270082149e-11	1.934511261681716	2.0757474468813997	-0.004508120284971266
-999.0	140.0	2.7498136415364753e-06	4.5108555810800145e-12	2.660951228605377	1.5124884169134831	-0.0020837920305141625
-999.0	115.0	2.741836608577243e-06	1.3459889947739262e-12	2.8217430966388837	1.1644858904182913	-0.0004081645287115816
-999.0	90.0	2.681215456830636e-06	5.529137667810623e-13	4.351994997097386	0.6878190357432079	2.490393490549757e-08
-999.0	65.0	-3.7459012485298973e-06	0.0	1.5804847197400194	0.18739363551139832	0.0
-999.0	40.0	-3.549621898945375e-06	0.0	-8.29484007246275	-0.14112350292917755	0.0
-999.0	15.0	2.3208556475439737e-06	0.0	-16.5322948358953	-0.08937244758837751	0.0
245.38888888888889	40	1004.1926327929086	day	levels	pres0
-999.0	990.0	-1.2383671280695337e-05	3.981988892698919e-09	-2.511002942931235	-0.7512731921347481	0.0003767882698654559
-999.0	965.0	-2.3065485885501288e-05	6.193756034842966e-09	-4.416102489272579	-1.3927693188788417	0.0008929937362569601
-999.0	940.0	-2.338337012859102e-05	4.1868113638769606e-09	-5.560817907437888	-1.9693033940469333	0.0011861203169777656
-999.0	915.0	-2.3428329856428582e-05	5.425201560345211e-09	-6.301935297839453	-2.490354981555122	0.0014200842898662658
-999.0	890.0	-2.3133986123641187e-05	6.2661910421927536e-09	-6.85415589662247	-2.8839697909921	0.0018147898459982994
-999.0	865.0	-2.2748759306553776e-05	6.958379556414507e-09	-7.353476958510315	-3.0900512882680946	0.002459542069641544
-999.0	840.0	-2.0768394940774662e-05	6.225284756529772e-09	-7.839309644551914	-3.0805430219129413	0.0032866544887658416
-999.0	815.0	-1.7927170708609964e-05	3.916032402268518e-09	-8.269811212280636	-2.879970106629686	0.00412609959232371
-999.0	790.0	-1.5787411582865032e-05	1.9591053261545593e-09	-8.577808425014386	-2.5376255317234664	0.0047855688121404
-999.0	765.0	-1.4289328288295904e-05	4.493407135340418e-11	-8.706523537635784	-2.1063589830595237	0.005104109666992587
-999.0	740.0	-1.3397798490482733e-05	-1.2983226298218688e-09	-8.551494217213273	-1.668860191939207	0.004994423012329924
-999.0	715.0	-1.2784324348619694e-05	-2.0985832960451443e-09	-8.146155580326344	-1.2678102769968984	0.0044682903259584215
-999.0	690.0	-1.2031031311144065e-05	-2.3270618333623297e-09	-7.611172657689913	-0.9061379340781439	0.0036271814570121943
-999.0	665.0	-1.0730371422563974e-05	-2.533213223421973e-09	-6.955300432480393	-0.5942477449762646	0.002658902569597305
-999.0	640.0	-9.443518312304776e-06	-2.151493815337399e-09	-6.414511838398952	-0.3119464648289022	0.0017248698391309073
-999.0	615.0	-8.255732856164862e-06	-1.550460836841924e-09	-6.074366105053521	-0.06520629614402083	0.0009082991726170063
-999.0	590.0	-7.225822593110504e-06	-1.2666284431766398e-09	-5.952191829221487	0.1404891895751623	0.00020261508949257758
-999.0	565.0	-6.580895966275519e-06	-1.2347746612458373e-09	-6.086548053372059	0.29426855342121055	-0.0005106101708995896
-999.0	540.0	-6.840297785336477e-06	-1.0713450812148823e-09	-6.344345928342264	0.40558393115616664	-0.0013033631759539778
-999.0	515.0	-8.074548132592967e-06	-4.970207254949431e-10	-6.6789006963372355	0.4533262296887417	-0.0021513012600576824
-999.0	490.0	-9.2231235004589e-06	-9.943957389994469e-11	-6.907175349577535	0.3775182022356668	-0.003034097864004996
-999.0	465.0	-9.792422543123883e-06	-2.0394651254625114e-10	-6.959577977289395	0.1626588363936205	-0.003964300100772968
-999.0	440.0	-9.933304081467086e-06	-6.668061592760015e-10	-6.874698622672488	-0.07545260523941497	-0.004941200798427319
-999.0	415.0	-9.659359084714673e-06	-1.2524663984093201e-09	-6.628741927628904	-0.2616799248922984	-0.005924993070012566
-999.0	390.0	-8.336065106766395e-06	-1.387935434411543e-09	-6.172474887360029	-0.2606843057186409	-0.006850326981722357
-999.0	365.0	-5.676104497600208e-06	-1.2830714432473957e-09	-5.473143170645213	-0.026063767871193966	-0.007645449820450322
-999.0	340.0	-3.0624663171486276e-06	-9.57510531546373e-10	-4.577096269339513	0.34003389258811717	-0.008303718898958352
-999.0	315.0	-1.6996926962087741e-06	-5.473835622895087e-10	-3.5737450614939577	0.7755207623309224	-0.008882316964292862
-999.0	290.0	-1.3958050583296364e-06	-1.3737739740791826e-10	-2.7092108618192245	1.1998387595385862	-0.0093218335682803
-999.0	265.0	-1.2447485092102647e-06	7.913061733080715e-11	-2.061140694184096	1.6005303525325814	-0.009344605650062641
-999.0	240.0	-3.4283259988917396e-07	1.3873354249998134e-10	-1.4655575003751373	2.035245296579828	-0.00862100776377657
-999.0	215.0	9.902367352051838e-07	1.5055023821128698e-10	-0.6924186349835602	2.4208125469999127	-0.007099173371948903
-999.0	190.0	1.617348383628589e-06	9.590847128973178e-11	0.45595472719925934	2.4838814734492556	-0.005173518667711013
-999.0	165.0	7.220535617021002e-07	3.443088638646581e-11	1.8503022801911877	2.0620032316518957	-0.003299859854830231
-999.0	140.0	2.5742383993290515e-06	3.954531205553845e-12	2.5634934778013783	1.4916841137440908	-0.0014648387201149835
-999.0	115.0	2.6834268085862983e-06	1.1520963519758382e-12	2.738537510833909	1.136355923517427	-0.0002714591237430523
-999.0	90.0	2.690568647845057e-06	4.372357274409409e-13	4.30927057842502	0.6666128478058652	5.4683582549430576e-08
-999.0	65.0	-3.446774404407427e-06	0.0	1.569066519423571	0.19017661299648314	0.0
-999.0	40.0	-3.117039891991617e-06	0.0	-8.299929916927669	-0.1272059043892218	0.0
-999.0	15.0	2.4568331452426565e-06	0.0	-16.54401659119278	-0.07152178447784166	0.0
245.40277777777777	40	1004.4262913833427	day	levels	pres0
-999.0	990.0	-1.0817340243479356e-05	3.884528105904103e-09	-2.5084930393660887	-0.75376422430193	0.0003730874352195441
-999.0	965.0	-2.1837017056884e-05	6.161479432942599e-09	-4.414667098932426	-1.396945117719835	0.0008723164206054675
-999.0	940.0	-2.2359992404927378e-05	4.35392644504829e-09	-5.5723964393506735	-1.9798183995816387	0.0011452364386752456
-999.0	915.0	-2.2356577636929975e-05	5.706387879756422e-09	-6.318879988642376	-2.5058186069888237	0.0013517433522925548
-999.0	890.0	-2.2090587306503655e-05	6.369268740244653e-09	-6.869550642407961	-2.900668004665653	0.0017172602303961568
-999.0	865.0	-2.1857545638919746e-05	6.783482444205414e-09	-7.364255018440285	-3.104209610709431	0.002335179434269314
-999.0	840.0	-2.0009429459600905e-05	5.803556296149351e-09	-7.8449456728534885	-3.0890358109716973	0.0031396028349190107
-999.0	815.0	-1.721457339901844e-05	3.4280704365201236e-09	-8.270352971406627	-2.8793183135121696	0.003965704016482749
-999.0	790.0	-1.5060379103130488e-05	1.4714646354046678e-09	-8.573749665124916	-2.5254409593748512	0.004627237902164854
-999.0	765.0	-1.3569274406071779e-05	-3.829051605166554e-10	-8.698976569705541	-2.0831219790342512	0.004965189116685796
-999.0	740.0	-1.2655901544434192e-05	-1.6950483612645379e-09	-8.5416661626027	-1.6376932742373211	0.004891776487012442
-999.0	715.0	-1.1991011321057746e-05	-2.5385531023416663e-09	-8.135439994158574	-1.2318071374830808	0.004418474363114608
-999.0	690.0	-1.1266661997608856e-05	-2.7796861048821068e-09	-7.601676175623771	-0.8672886017187725	0.003646978277198212
-999.0	665.0	-1.0080347425705093e-05	-2.99727653682162e-09	-6.949962778131907	-0.55508708672163	0.0027650589312287494
-999.0	640.0	-8.939332147087526e-06	-2.5502473662225185e-09	-6.416184014307314	-0.2752752422504771	0.0019326600448016378
-999.0	615.0	-7.920408898016689e-06	-1.7732425871660822e-09	-6.08597837379317	-0.03453864133343508	0.0012296348924106433
-999.0	590.0	-7.000453944224795e-06	-1.3542648932857364e-09	-5.972036665420468	0.16282729954560995	0.0006461239417888269
-999.0	565.0	-6.3800731454580394e-06	-1.2252732405603808e-09	-6.11137726203894	0.30608815589436017	6.165710390346524e-05
-999.0	540.0	-6.646947308113941e-06	-1.019646120849363e-09	-6.371140475626339	0.4072541563921108	-0.0005957442760335076
-999.0	515.0	-7.887414725805954e-06	-4.5384329072121633e-10	-6.704180348664515	0.44653821086660606	-0.001298341058898667
-999.0	490.0	-9.058216405139506e-06	-3.746573257974227e-11	-6.928390809001371	0.3663122684085478	-0.002024222751402863
-999.0	465.0	-9.637951261788118e-06	-1.3101991725908093e-10	-6.974525856567014	0.15211467136755774	-0.0027878581067225807
-999.0	440.0	-9.774791994368501e-06	-5.996890558516347e-10	-6.8834553553469835	-0.08240032398406112	-0.003591310922575436
-999.0	415.0	-9.506979871149112e-06	-1.1615186147772294e-09	-6.632231071959309	-0.26227039069707625	-0.00440027459636161
-999.0	390.0	-8.18490574821619e-06	-1.2891552784918642e-09	-6.171654454501416	-0.2519398259608408	-0.005161283494958666
-999.0	365.0	-5.519551014053766e-06	-1.2018948283635473e-09	-5.469511740645511	-0.005949149920072838	-0.0058206193626656015
-999.0	340.0	-2.8957298867424496e-06	-9.037422691718408e-10	-4.573452117496435	0.3690560605882743	-0.006382983447476809
-999.0	315.0	-1.5330362310221586e-06	-5.281342274497771e-10	-3.5738870744811893	0.8082832055953828	-0.006904826702294689
-999.0	290.0	-1.2601546344383783e-06	-1.388872902603619e-10	-2.7174105055078255	1.2298570551713917	-0.0073216080708372756
-999.0	265.0	-1.1759399979286689e-06	6.754707030096082e-11	-2.081221517267408	1.6215048921556714	-0.007354031317300133
-999.0	240.0	-4.096259863030342e-07	1.3060079955024372e-10	-1.498972305027682	2.044096760313817	-0.006680342413102069
-999.0	215.0	7.802005229641157e-07	1.470356630778262e-10	-0.7394028589313196	2.4185144338342885	-0.005271192964872587
-999.0	190.0	1.3756252414373932e-06	9.065350528636441e-11	0.3926530331373478	2.4744492013030426	-0.003568032509562491
-999.0	165.0	5.272629121699012e-07	3.142794007211763e-11	1.7660932987008886	2.048259016422468	-0.002091719050146374
-999.0	140.0	2.398663157121651e-06	3.3982068300284395e-12	2.466035726997623	1.4708798105748073	-0.0008459249981082799
-999.0	115.0	2.6250170085953372e-06	9.582037091781618e-13	2.655331925029126	1.1082259566166823	-0.00013474409259066694
-999.0	90.0	2.699921838859309e-06	3.215576881012597e-13	4.266546159752741	0.6454066598685941	8.44702885977982e-08
-999.0	65.0	-3.1476475602858523e-06	0.0	1.5576483191071528	0.19295959048156927	0.0
-999.0	40.0	-2.6844578850390252e-06	0.0	-8.305019761392568	-0.11328830584930413	0.0
-999.0	15.0	2.5928106429409293e-06	0.0	-16.55573834649022	-0.053671121367343415	0.0
245.41666666666666	40	1004.6599499737774	day	levels	pres0
-999.0	990.0	-9.25100920625975e-06	3.787067319108869e-09	-2.505983135800951	-0.7562552564691263	0.00036938764169775065
-999.0	965.0	-2.060854822826417e-05	6.1292028310420394e-09	-4.413231708592295	-1.4011209165608514	0.0008516491723332579
-999.0	940.0	-2.1336614681261586e-05	4.521041526219545e-09	-5.583974971263511	-1.9903334051163744	0.0011043696419387164
-999.0	915.0	-2.1284825417429022e-05	5.98757419916749e-09	-6.3358246794453486	-2.521282232422564	0.001283426271946704
-999.0	890.0	-2.1047188489363735e-05	6.472346438295852e-09	-6.884945388193491	-2.9173662183392466	0.0016197582044744344
-999.0	865.0	-2.0966331971283527e-05	6.608585331995038e-09	-7.375033078370266	-3.118367933150804	0.00221084587134163
-999.0	840.0	-1.9250463978425108e-05	5.381827835767169e-09	-7.850581701155054	-3.0975286000304827	0.0029925810774330997
-999.0	815.0	-1.6501976089425012e-05	2.9401084707700507e-09	-8.2708947305326	-2.878666520394666	0.003805338478396487
-999.0	790.0	-1.4333346623394124e-05	9.83823944653356e-10	-8.56969090523542	-2.5132563870262192	0.004468935950894247
-999.0	765.0	-1.2849220523845966e-05	-8.107443923880067e-10	-8.691429601775262	-2.0598849750089308	0.004826293732995598
-999.0	740.0	-1.1914004598383982e-05	-2.0917740927085995e-09	-8.531838107992089	-1.6065263565353574	0.004789148355116184
-999.0	715.0	-1.119769829349403e-05	-2.9785229086399212e-09	-8.124724407990762	-1.1958039979691562	0.004368666989410273
-999.0	690.0	-1.0502292684071954e-05	-3.232310376403801e-09	-7.592179693557586	-0.8284392693592733	0.003666771890508493
-999.0	665.0	-9.430323428844763e-06	-3.4613398502232704e-09	-6.944625123783383	-0.5159264284668562	0.0028712007362909045
-999.0	640.0	-8.435145981869154e-06	-2.9490009171093545e-09	-6.417856190215652	-0.23860401967191225	0.0021404266935542587
-999.0	615.0	-7.585084939867781e-06	-1.996024337491221e-09	-6.097590642532817	-0.0038709865227224555	0.0015509409951584775
-999.0	590.0	-6.775085295338627e-06	-1.4419013433952926e-09	-5.991881501619465	0.1851654095161631	0.0010895966125444249
-999.0	565.0	-6.179250324640221e-06	-1.2157718198750669e-09	-6.136206470705853	0.3179077583675839	0.000633876153072679
-999.0	540.0	-6.453596830891118e-06	-9.67947160483874e-10	-6.397935022910443	0.40892438162809736	0.00011180994287562888
-999.0	515.0	-7.700281319018674e-06	-4.106658559476009e-10	-6.729460000991828	0.4397501920444834	-0.00044546637790657045
-999.0	490.0	-8.893309309819881e-06	2.4508108740443043e-11	-6.949606268425237	0.3551063345814205	-0.0010144544832382703
-999.0	465.0	-9.483479980452115e-06	-5.809332197176721e-11	-6.989473735844651	0.1415705063414765	-0.0016115386555329463
-999.0	440.0	-9.61627990726966e-06	-5.325719524270719e-10	-6.892212088021487	-0.0893480427287299	-0.0022415447394251
-999.0	415.0	-9.354600657583392e-06	-1.07057083114481e-09	-6.635720216289718	-0.26286085650187496	-0.0028756587360831433
-999.0	390.0	-8.03374638966594e-06	-1.190375122571821e-09	-6.17083402164281	-0.24319534620305142	-0.0034723063909779576
-999.0	365.0	-5.362997530507337e-06	-1.1207182134794223e-09	-5.465880310645817	0.014165468031056366	-0.003995818470788404
-999.0	340.0	-2.728993456336202e-06	-8.49974006797131e-10	-4.569807965653369	0.3980782285884619	-0.004462272226900672
-999.0	315.0	-1.366379765835302e-06	-5.08884892609977e-10	-3.5740290874684377	0.8410456488598927	-0.004927400452213592
-999.0	290.0	-1.1245042105468597e-06	-1.4039718311278575e-10	-2.7256101491964646	1.2598753508042528	-0.005321505670003881
-999.0	265.0	-1.1071314866469356e-06	5.5963523271112625e-11	-2.1013023403507907	1.6424794317788063	-0.005363639254172867
-999.0	240.0	-4.7641937271695126e-07	1.2246805660049438e-10	-1.5323871096803443	2.0529482240478245	-0.004739898270069779
-999.0	215.0	5.701643107228237e-07	1.435210879443534e-10	-0.7863870828792401	2.416216320668652	-0.0034434289774604586
-999.0	190.0	1.1339020992460175e-06	8.539853928298154e-11	0.32935133907524106	2.4650169291567834	-0.0019627197463460786
-999.0	165.0	3.3247226263772206e-07	2.842499375776163e-11	1.6818843172103606	2.0345148011929637	-0.00088369787091214
-999.0	140.0	2.2230879149141755e-06	2.84188245450214e-12	2.368577976193623	1.4500755074054144	-0.00022705086449109534
-999.0	115.0	2.5666072086043826e-06	7.643110663800142e-13	2.5721263392241447	1.080095989715817	1.980564746149645e-06
-999.0	90.0	2.7092750298737268e-06	2.0587964876111985e-13	4.223821741080367	0.6242004719312524	1.1426405305044541e-07
-999.0	65.0	-2.8485207161633762e-06	0.0	1.5462301187907022	0.1957425679666598	0.0
-999.0	40.0	-2.2518758780852292e-06	0.0	-8.310109605857486	-0.09937070730934132	0.0
-999.0	15.0	2.7287881406396634e-06	0.0	-16.567460101787702	-0.03582045825680021	0.0
245.43055555555554	40	1004.8936085642115	day	levels	pres0
-999.0	990.0	-7.684678169043767e-06	3.6896065323140565e-09	-2.5034732322358053	-0.7587462886363079	0.0003656888893623833
-999.0	965.0	-1.9380079399646872e-05	6.096926229141676e-09	-4.411796318252139	-1.4052967154018459	0.000830991991388087
-999.0	940.0	-2.031323695759796e-05	4.688156607390874e-09	-5.595553503176297	-2.00084841065108	0.0010635199264071235
-999.0	915.0	-2.021307319793043e-05	6.268760518578702e-09	-6.352769370248271	-2.5367458578562654	0.0012151330483743722
-999.0	890.0	-2.0003789672226204e-05	6.5754241363477485e-09	-6.900340133978981	-2.9340644320128	0.0015222837678512693
-999.0	865.0	-2.0075118303649507e-05	6.43368821978594e-09	-7.385811138300237	-3.1325262555921394	0.0020865413806542507
-999.0	840.0	-1.849149849725135e-05	4.960099375386751e-09	-7.856217729456626	-3.1060213890892387	0.002845589216348188
-999.0	815.0	-1.578937877983349e-05	2.4521465050216578e-09	-8.271436489658592	-2.8780147272771486	0.0036450029783524672
-999.0	790.0	-1.3606314143659577e-05	4.96183253903466e-10	-8.565632145345951	-2.5010718146776036	0.004310662958724929
-999.0	765.0	-1.2129166641621843e-05	-1.2385836242580647e-09	-8.683882633845016	-2.036647970983659	0.004687423516208842
-999.0	740.0	-1.1172107652335443e-05	-2.4884998241512695e-09	-8.522010053381516	-1.5753594388334715	0.004686538616748342
-999.0	715.0	-1.0404385265932086e-05	-3.4184927149364432e-09	-8.11400882182299	-1.1598008584553392	0.00431886820483976
-999.0	690.0	-9.737923370536741e-06	-3.6849346479235792e-09	-7.582683211491445	-0.7895899369999012	0.0036865622969603144
-999.0	665.0	-8.78029943198588e-06	-3.925403163622919e-09	-6.939287469434898	-0.4767657702122217	0.002977327984903216
-999.0	640.0	-7.930959816651904e-06	-3.3477544679944725e-09	-6.4195283661240135	-0.2019327970934873	0.0023481697856063497
-999.0	615.0	-7.249760981719607e-06	-2.2188060878153786e-09	-6.1092029112724635	0.02679666828786324	0.0018722174811207708
-999.0	590.0	-6.549716646452914e-06	-1.5295377935043874e-09	-6.0117263378184465	0.2075035194866108	0.001533033102068123
-999.0	565.0	-5.97842750382274e-06	-1.206270399189612e-09	-6.161035679372731	0.32972736084073345	0.001206046977024662
-999.0	540.0	-6.260246353668578e-06	-9.162482001183542e-10	-6.424729570194516	0.4105946068640415	0.0008192994813173193
-999.0	515.0	-7.513147912231655e-06	-3.6748842117387375e-10	-6.754739653319111	0.4329621732223478	0.00040732278356152627
-999.0	490.0	-8.728402214500484e-06	8.64819500606456e-11	-6.970821727849075	0.3439004007543014	-4.7930588326020436e-06
-999.0	465.0	-9.329008699116353e-06	1.483327331540372e-11	-7.00442161512227	0.13102634131541357	-0.00043534174662649745
-999.0	440.0	-9.457767820171072e-06	-4.6545484900270615e-10	-6.9009688206959785	-0.09629576147337604	-0.0008919022484711915
-999.0	415.0	-9.202221444017838e-06	-9.796230475127183e-10	-6.6392093606201215	-0.2634513223066528	-0.0013511454887062796
-999.0	390.0	-7.882587031115734e-06	-1.0915949666521421e-09	-6.1700135887841965	-0.23445086644525126	-0.0017833956695204262
-999.0	365.0	-5.206444046960897e-06	-1.0395415985955743e-09	-5.462248880646116	0.03428008598217749	-0.0021710471447595504
-999.0	340.0	-2.562257025930023e-06	-7.962057444225986e-10	-4.566163813810291	0.427100396588619	-0.0025415852371955573
-999.0	315.0	-1.1997233006486868e-06	-4.896355577702455e-10	-3.5741711004556684	0.8738080921243527	-0.0029500382139221975
-999.0	290.0	-9.888537866556014e-07	-1.4190707596522949e-10	-2.733809792885066	1.2898936464370585	-0.0033215263655697377
-999.0	265.0	-1.03832297536534e-06	4.4379976241266333e-11	-2.121383163434102	1.6634539714018968	-0.003373429460421508
-999.0	240.0	-5.432127591308113e-07	1.1433531365075684e-10	-1.565801914332889	2.0617996877818126	-0.002799675334499637
-999.0	215.0	3.601280984817549e-07	1.4000651281089246e-10	-0.8333713068269996	2.4139182075030265	-0.0016158814096779563
-999.0	190.0	8.92178957054821e-07	8.014357327961416e-11	0.26604964501332956	2.4555846570105695	-0.0003575803780679917
-999.0	165.0	1.376816131055235e-07	2.5422047443413444e-11	1.5976753357200604	2.0207705859635365	0.00032420368286914725
-999.0	140.0	2.047512672706776e-06	2.2855580789767337e-12	2.2711202253898675	1.4292712042361317	0.00039178368073401987
-999.0	115.0	2.5081974086134216e-06	5.704184235823373e-13	2.488920753419362	1.0519660228150722	0.00013871484826678864
-999.0	90.0	2.718628220887979e-06	9.020160942143864e-14	4.18109732240809	0.6029942839939808	1.440648759073475e-07
-999.0	65.0	-2.5493938720417997e-06	0.0	1.5348119184742826	0.198525545451746	0.0
-999.0	40.0	-1.8192938711326386e-06	0.0	-8.315199450322385	-0.08545310876942362	0.0
-999.0	15.0	2.8647656383379367e-06	0.0	-16.579181857085143	-0.01796979514630195	0.0
245.44444444444446	40	1005.1272671546467	day	levels	pres0
-999.0	990.0	-6.1183471318237195e-06	3.5921457455189175e-09	-2.500963328670664	-0.7612373208034969	0.0003619911782756777
-999.0	965.0	-1.8151610571026728e-05	6.064649627241203e-09	-4.410360927912011	-1.4094725142428564	0.0008103448777173555
-999.0	940.0	-1.928985923393192e-05	4.85527168856221e-09	-5.607132035089141	-2.0113634161858176	0.001022687291718699
-999.0	915.0	-1.9141320978429334e-05	6.549946837989907e-09	-6.369714061051256	-2.5522094832900115	0.0011468636811200763
-999.0	890.0	-1.8960390855086216e-05	6.678501834399146e-09	-6.915734879764524	-2.950762645686404	0.00142483692014324
-999.0	865.0	-1.9183904636013285e-05	6.2587911075758035e-09	-7.396589198230236	-3.146684578033522	0.0019622659620009966
-999.0	840.0	-1.773253301607553e-05	4.538370915004785e-09	-7.861853757758204	-3.1145141781480317	0.0026986272517020944
-999.0	815.0	-1.507678147023992e-05	1.9641845392716738e-09	-8.27197824878457	-2.8773629341596467	0.0034846975166357846
-999.0	790.0	-1.2879281663923023e-05	8.542563152120702e-12	-8.561573385456459	-2.4888872423289685	0.0041524189260508226
-999.0	765.0	-1.1409112759395857e-05	-1.66642285612937e-09	-8.67633566591474	-2.0134109669583293	0.004548578466610192
-999.0	740.0	-1.0430210706285084e-05	-2.885225555595135e-09	-8.512181998770904	-1.5441925211314922	0.0045839472720143205
-999.0	715.0	-9.611072238368204e-06	-3.858462521234415e-09	-8.10329323565517	-1.1237977189413981	0.004269078009396192
-999.0	690.0	-8.973554056999672e-06	-4.137558919444979e-09	-7.573186729425253	-0.7507406046403856	0.0037063494965704617
-999.0	665.0	-8.130275435125393e-06	-4.389466477024361e-09	-6.933949815086362	-0.43760511195743224	0.0030834406771855522
-999.0	640.0	-7.426773651433417e-06	-3.746508018881137e-09	-6.42120054203234	-0.16526157451490908	0.0025558893211769925
-999.0	615.0	-6.914437023570657e-06	-2.4415878381403234e-09	-6.120815180012103	0.057464323098585166	0.0021934643505605186
-999.0	590.0	-6.324347997566744e-06	-1.6171742436137287e-09	-6.0315711740174445	0.2298416294571676	0.001976433410672753
-999.0	565.0	-5.777604683004915e-06	-1.1967689785040457e-09	-6.185864888039644	0.34154696331395484	0.0017781695761815493
-999.0	540.0	-6.066895876445732e-06	-8.645492397526048e-10	-6.4515241174786295	0.4122648321000205	0.001526724339842489
-999.0	515.0	-7.326014505444319e-06	-3.243109864000241e-10	-6.78001930564643	0.42617415440021406	0.0012600264261571257
-999.0	490.0	-8.563495119180775e-06	1.4845579138099689e-10	-6.9920371872729445	0.3326944669271619	0.0010047615225029153
-999.0	465.0	-9.174537417780263e-06	8.775986860279781e-11	-7.019369494399914	0.12048217628932151	0.0007407326205860848
-999.0	440.0	-9.299255733072179e-06	-3.98337745578099e-10	-6.909725553370488	-0.10324348021805432	0.0004576165508047367
-999.0	415.0	-9.049842230452116e-06	-8.886752638802768e-10	-6.642698504950529	-0.26404178811145995	0.00017326514625473573
-999.0	390.0	-7.731427672565506e-06	-9.92814810732093e-10	-6.16919315592558	-0.22570638668746784	-9.455133031003082e-05
-999.0	365.0	-5.0498905634144595e-06	-9.583649837114577e-10	-5.4586174506464085	0.05439470393330469	-0.00034630538450255776
-999.0	340.0	-2.395520595523737e-06	-7.424374820478926e-10	-4.562519661967214	0.4561225645888097	-0.0006209224783089873
-999.0	315.0	-1.0330668354617985e-06	-4.703862229304274e-10	-3.574313113442911	0.9065705353888719	-0.0009727399872744675
-999.0	290.0	-8.532033627640461e-07	-1.4341696881763489e-10	-2.742009436573703	1.3199119420699317	-0.0013216701573053949
-999.0	265.0	-9.695144640835318e-07	3.2796429211421315e-11	-2.141463986517488	1.6844285110250423	-0.0013834019357675182
-999.0	240.0	-6.100061455446102e-07	1.0620257070100104e-10	-1.599216718985555	2.0706511515158263	-0.0008596736061927681
-999.0	215.0	1.5009188624060373e-07	1.3649193767741342e-10	-0.8803555307749271	2.411620094337398	0.00021144973852709262
-999.0	190.0	6.504558148635279e-07	7.488860727622853e-11	0.20274795095120807	2.4461523848643227	0.0012473855952807832
-999.0	165.0	-5.7109036426671205e-08	2.241910112905616e-11	1.5134663542295046	2.0070263707340463	0.0015319856112054743
-999.0	140.0	1.8719374304993355e-06	1.7292337034503275e-12	2.173662474585835	1.4084669010667519	0.0010105786375702419
-999.0	115.0	2.4497876086225326e-06	3.765257807842304e-13	2.405715167614358	1.0238360559142161	0.00027545875797186964
-999.0	90.0	2.7279814119024776e-06	-2.547642991867756e-14	4.138372903735708	0.5817880960566365	1.7387275716834828e-07
-999.0	65.0	-2.250267027919153e-06	0.0	1.5233937181578283	0.20130852293682872	0.0
-999.0	40.0	-1.3867118641786965e-06	0.0	-8.320289294787312	-0.07153551022946816	0.0
-999.0	15.0	3.0007431360365598e-06	0.0	-16.590903612382633	-0.00011913203575654452	0.0
245.45833333333334	40	1005.3609257450811	day	levels	pres0
-999.0	990.0	-4.552016094607743e-06	3.494684958724088e-09	-2.498453425105518	-0.7637283529706791	0.00035829450849990174
-999.0	965.0	-1.6923141742409436e-05	6.0323730253408076e-09	-4.408925537571856	-1.4136483130838524	0.0007897078312687542
-999.0	940.0	-1.8266481510268297e-05	5.0223867697335345e-09	-5.618710567001931	-2.0218784217205252	0.0009818717375122657
-999.0	915.0	-1.806956875893076e-05	6.8311331574011815e-09	-6.38665875185418	-2.567673108723715	0.0010786181697293596
-999.0	890.0	-1.7916992037948756e-05	6.7815795324511515e-09	-6.93112962555002	-2.9674608593599596	0.001327417660968425
-999.0	865.0	-1.8292690968379322e-05	6.083893995366797e-09	-7.407367258160211	-3.1608429004748597	0.001838019615177641
-999.0	840.0	-1.6973567534901804e-05	4.116642454624402e-09	-7.86748978605978	-3.1230069672067904	0.0025516951835349868
-999.0	815.0	-1.4364184160648392e-05	1.4762225735233003e-09	-8.27252000791057	-2.876711141042131	0.0033244220935341228
-999.0	790.0	-1.2152249184188444e-05	-4.790981275977487e-10	-8.557514625566993	-2.4767026699803516	0.003994203853268459
-999.0	765.0	-1.0689058877171698e-05	-2.0942620879994068e-09	-8.668788697984498	-1.9901739629330568	0.004409758584486709
-999.0	740.0	-9.688313760236523e-06	-3.2819512870377934e-09	-8.502353944160335	-1.5130256034296066	0.004481374321021537
-999.0	715.0	-8.817759210806268e-06	-4.298432327530929e-09	-8.092577649487403	-1.0877945794275792	0.004219296403074103
-999.0	690.0	-8.209184743464491e-06	-4.590183190964744e-09	-7.563690247359109	-0.711891272281011	0.0037261334893563436
-999.0	665.0	-7.480251438266553e-06	-4.8535297904239904e-09	-6.928612160737875	-0.3984444537027932	0.0031895388132574362
-999.0	640.0	-6.9225874862162095e-06	-4.1452615697662375e-09	-6.4228727179407015	-0.12859035193647889	0.002763585300483781
-999.0	615.0	-6.579113065422524e-06	-2.664369588464476e-09	-6.1324274487517485	0.08813197790917682	0.0025146816037379554
-999.0	590.0	-6.09897934868107e-06	-1.7048106937228225e-09	-6.051416010216422	0.25217973942762156	0.0024197975386669925
-999.0	565.0	-5.576781862187463e-06	-1.1872675578185904e-09	-6.210694096706521	0.35336656578711	0.0023502439509598422
-999.0	540.0	-5.8735453992232065e-06	-8.128502793870906e-10	-6.478318664762699	0.4139350573359695	0.0022340845189948748
-999.0	515.0	-7.138881098657301e-06	-2.8113355162630247e-10	-6.805298957973709	0.41938613557808246	0.0021126445505229353
-999.0	490.0	-8.398588023861379e-06	2.1042963270120396e-10	-7.013252646696778	0.321488533100046	0.0020142092614466
-999.0	465.0	-9.020066136444506e-06	1.6068646388997026e-10	-7.034317373677531	0.1099380112632607	0.0019166844466819747
-999.0	440.0	-9.140743645973587e-06	-3.3122064215373665e-10	-6.918482286044979	-0.11019119896269908	0.0018070116589073044
-999.0	415.0	-8.897463016886538e-06	-7.977274802481933e-10	-6.646187649280931	-0.26463225391623646	0.0016975731692701894
-999.0	390.0	-7.580268314015272e-06	-8.940346548124239e-10	-6.168372723066964	-0.21696190692966624	0.0015942266269123222
-999.0	365.0	-4.893337079867991e-06	-8.771883688276127e-10	-5.454986020646705	0.07450932188442737	0.0014784068100409222
-999.0	340.0	-2.228784165117552e-06	-6.88669219673357e-10	-4.558875510124136	0.48514473258896856	0.0012997160497925232
-999.0	315.0	-8.664103702751997e-07	-4.511368880906898e-10	-3.574455126430143	0.9393329786533335	0.0010044942278560718
-999.0	290.0	-7.175529388728124e-07	-1.4492686167007216e-10	-2.7502090802623065	1.3499302377027378	0.0006780629549987048
-999.0	265.0	-9.007059528019578e-07	2.1212882181579076e-11	-2.1615448096008025	1.7054030506481332	0.000606443320047705
-999.0	240.0	-6.767995319584917e-07	9.806982775126357e-11	-1.6326315236381033	2.0795026152498144	0.0010801069150302217
-999.0	215.0	-5.994432600050429e-08	1.3297736254395049e-10	-0.9273397547226885	2.4093219811717734	0.002038564467188636
-999.0	190.0	4.087326726722919e-07	6.963364127285997e-11	0.13944625688929885	2.436720112718111	0.0028521781736934805
-999.0	165.0	-2.5189968595886014e-07	1.941615481470774e-11	1.4292573727392124	1.9932821555046192	0.0027396479140931076
-999.0	140.0	1.6963621882919863e-06	1.172909327924974e-12	2.0762047237820886	1.387662597897468	0.001629334006014831
-999.0	115.0	2.3913778086316084e-06	1.826331379865627e-13	2.3225095818095807	0.9957060890134721	0.00041221229386075747
-999.0	90.0	2.737334602916756e-06	-1.4115446925836808e-13	4.095648485063429	0.5605819081193669	2.0368769683348722e-07
-999.0	65.0	-1.951140183797575e-06	0.0	1.5119755178414076	0.20409150042191604	0.0
-999.0	40.0	-9.541298572261172e-07	0.0	-8.32537913925221	-0.05761791168954812	0.0
-999.0	15.0	3.1367206337348267e-06	0.0	-16.60262536768007	0.017731531074744795	0.0
245.47222222222223	40	1005.594584335516	day	levels	pres0
-999.0	990.0	-2.9856850573881295e-06	3.397224171928869e-09	-2.4959435215403802	-0.766219385137875	0.0003545988800972818
-999.0	965.0	-1.569467291378961e-05	6.000096423440278e-09	-4.407490147231723	-1.4178241119248662	0.0007690808519896867
-999.0	940.0	-1.7243103786602492e-05	5.189501850904794e-09	-5.630289098914766	-2.032393427255259	0.0009410732634260107
-999.0	915.0	-1.699781653942979e-05	7.112319476812187e-09	-6.403603442657151	-2.5831367341574514	0.001010396513746675
-999.0	890.0	-1.687359322080878e-05	6.884657230502245e-09	-6.946524371335545	-2.98415907303355	0.0012300259899433361
-999.0	865.0	-1.740147730074303e-05	5.908996883156327e-09	-7.418145318090187	-3.1750012229162294	0.0017138023399779416
-999.0	840.0	-1.6214602053725976e-05	3.6949139942421815e-09	-7.873125814361342	-3.131499756265573	0.0024047930118846193
-999.0	815.0	-1.3651586851054971e-05	9.882606077732059e-10	-8.273061767036534	-2.876059347924626	0.0031641767093324967
-999.0	790.0	-1.142521670445211e-05	-9.667388183490846e-10	-8.55345586567749	-2.46451809763172	0.0038360177407716755
-999.0	765.0	-9.969004994945921e-06	-2.5221013198707802e-09	-8.661241730054217	-1.9669369589077363	0.004270963870122973
-999.0	740.0	-8.946416814186336e-06	-3.678677018481864e-09	-8.492525889549722	-1.481858685727642	0.004378819763875351
-999.0	715.0	-8.02444618324254e-06	-4.7384021338291955e-09	-8.081862063319589	-1.0517914399136559	0.004169523385866566
-999.0	690.0	-7.444815429927559e-06	-5.042807462486448e-09	-7.554193765292928	-0.673041939921515	0.003745914275334712
-999.0	665.0	-6.830227441406181e-06	-5.3175931038256584e-09	-6.923274506389354	-0.35928379544802397	0.0032956223932387053
-999.0	640.0	-6.418401320997795e-06	-4.544015120653091e-09	-6.424544893849041	-0.09191912935791927	0.0029712577237457874
-999.0	615.0	-6.2437891072735745e-06	-2.88715133878962e-09	-6.144039717491396	0.1187996327198835	0.0028358692409160757
-999.0	590.0	-5.873610699794868e-06	-1.7924471438323805e-09	-6.071260846415424	0.27451784939816853	0.0028631254863637056
-999.0	565.0	-5.375959041369616e-06	-1.1777661371332754e-09	-6.235523305373435	0.36518616826032807	0.0029222701017817304
-999.0	540.0	-5.680194922000374e-06	-7.611513190215962e-10	-6.505113212046808	0.41560528257195145	0.0029413800193254782
-999.0	515.0	-6.951747691870025e-06	-2.3795611685268133e-10	-6.830578610301026	0.41259811675595554	0.0029651771573105524
-999.0	490.0	-8.233680928541756e-06	2.724034740213864e-10	-7.034468106120649	0.3102825992729158	0.0030235501586873305
-999.0	465.0	-8.8655948551085e-06	2.3361305917728184e-10	-7.049265252955169	0.0993938462371774	0.0030925137322505986
-999.0	440.0	-8.982231558874748e-06	-2.641035387291701e-10	-6.927239018719485	-0.11713891770736928	0.0031562830763550817
-999.0	415.0	-8.745083803320838e-06	-7.067796966157655e-10	-6.6496767936113415	-0.2652227197210364	0.0032217785808259765
-999.0	390.0	-7.4291089554650526e-06	-7.952544988923708e-10	-6.167552290208359	-0.2082174271718783	0.0032829382024228263
-999.0	365.0	-4.736783596321592e-06	-7.960117539434846e-10	-5.45135459064701	0.0946239398355551	0.0033030894389475345
-999.0	340.0	-2.0620477347113104e-06	-6.349009572986503e-10	-4.555231358281071	0.5141669005891544	0.003220330347161618
-999.0	315.0	-6.997539050883269e-07	-4.3188755325089595e-10	-3.5745971394173903	0.9720954219178423	0.002981664431615622
-999.0	290.0	-5.819025149812688e-07	-1.4643675452250232e-10	-2.7584087239509434	1.3799485333355979	0.002677672971572175
-999.0	265.0	-8.318974415202027e-07	9.629335151726852e-12	-2.1816256326841827	1.7263775902712672	0.0025961063073028576
-999.0	240.0	-7.435929183723877e-07	8.993708480151408e-11	-1.6660463282907618	2.088354078983822	0.0030196662293683675
-999.0	215.0	-2.6998053824175737e-07	1.2946278741047982e-10	-0.9743239786706073	2.4070238680061364	0.00386546277635901
-999.0	190.0	1.6700953048095685e-07	6.437867526947825e-11	0.07614456282718972	2.4272878405718488	0.004456797357179262
-999.0	165.0	-4.466903354910492e-07	1.6413208500351967e-11	1.3450483912486775	1.9795379402751139	0.003947190591540131
-999.0	140.0	1.5207869460844598e-06	6.165849523986218e-13	1.97874697297808	1.3668582947280756	0.002248049786070996
-999.0	115.0	2.3329680086406173e-06	-1.1259504811593625e-14	2.239303996004593	0.9675761221126059	0.0005489754559340711
-999.0	90.0	2.7466877939311467e-06	-2.5683250859849835e-13	4.052924066391055	0.5393757201820231	2.33509694902614e-07
-999.0	65.0	-1.652013339675101e-06	0.0	1.5005573175249591	0.20687447790700533	0.0
-999.0	40.0	-5.215478502723092e-07	0.0	-8.330468983717127	-0.043700313149587625	0.0
-999.0	15.0	3.2726981314335688e-06	0.0	-16.61434712297755	0.03558219418528494	0.0
245.48611111111111	40	1005.8282429259498	day	levels	pres0
-999.0	990.0	-1.4193540201721482e-06	3.2997633851340552e-09	-2.493433617975235	-0.7687104173050573	0.0003509042931300962
-999.0	965.0	-1.4466204085172314e-05	5.967819821539912e-09	-4.406054756891569	-1.4219999107658614	0.0007484639398279033
-999.0	940.0	-1.6219726062938855e-05	5.356616932076122e-09	-5.641867630827553	-2.0429084327899645	0.0009002918690988089
-999.0	915.0	-1.5926064319931183e-05	7.393505796223397e-09	-6.420548133460072	-2.598600359591154	0.0009421987127176145
-999.0	890.0	-1.5830194403671244e-05	6.987734928554141e-09	-6.961919117121036	-3.000857286707104	0.0011326619066860982
-999.0	865.0	-1.6510263633109002e-05	5.734099770947234e-09	-7.428923378020156	-3.1891595453575654	0.001589614136197698
-999.0	840.0	-1.5455636572552215e-05	3.27318553386176e-09	-7.878761842662915	-3.1399925453243283	0.0022579207367911316
-999.0	815.0	-1.2938989541463451e-05	5.002986420248129e-10	-8.273603526162525	-2.875407554807109	0.0030039613643184923
-999.0	790.0	-1.0698184224717568e-05	-1.4543795090989737e-09	-8.549397105788023	-2.4523335252831036	0.0036778605889568445
-999.0	765.0	-9.248951112721793e-06	-2.949940551740838e-09	-8.653694762123973	-1.9436999548824652	0.004132194323805884
-999.0	740.0	-8.204519868137797e-06	-4.075402749924536e-09	-8.48269783493915	-1.4506917680257574	0.0042762836006829995
-999.0	715.0	-7.231133155680595e-06	-5.178371940125714e-09	-8.071146477151819	-1.0157883003998387	0.004119758957767979
-999.0	690.0	-6.680446116392346e-06	-5.495431734006228e-09	-7.544697283226785	-0.6341926075621432	0.0037656918545228794
-999.0	665.0	-6.180203444547298e-06	-5.781656417225305e-09	-6.917936852040869	-0.32012313719338936	0.0034016914172488527
-999.0	640.0	-5.914215155780545e-06	-4.9427686715382105e-09	-6.426217069757403	-0.05524790677949422	0.003178906591180626
-999.0	615.0	-5.9084651491254e-06	-3.1099330891137783e-09	-6.1556519862310415	0.14946728753046906	0.0031570272623551807
-999.0	590.0	-5.648242050909156e-06	-1.8800835939414776e-09	-6.0911056826144065	0.2968559593686162	0.0033064172540716603
-999.0	565.0	-5.175136220552138e-06	-1.1682647164478188e-09	-6.260352514040315	0.37700577073347763	0.0034942480290638344
-999.0	540.0	-5.486844444777835e-06	-7.094523586560771e-10	-6.531907759330879	0.4172755078078958	0.0036486108413781933
-999.0	515.0	-6.764614285083008e-06	-1.9477868207895485e-10	-6.855858262628305	0.40581009793382	0.0038176242471628786
-999.0	490.0	-8.068773833222359e-06	3.343773153415878e-10	-7.055683565544482	0.2990766654457967	0.0040327842149036775
-999.0	465.0	-8.711123573772732e-06	3.0653965446445253e-10	-7.064213132232787	0.08884968121111463	0.0042682204778694615
-999.0	440.0	-8.823719471776162e-06	-1.9698643530480367e-10	-6.935995751393978	-0.12408663645201544	0.004505430803653097
-999.0	415.0	-8.59270458975528e-06	-6.158319129836749e-10	-6.653165937941747	-0.26581318552581423	0.004745881381392879
-999.0	390.0	-7.277949596914851e-06	-6.964743429726926e-10	-6.166731857349746	-0.19947294741407823	0.004971583396481152
-999.0	365.0	-4.58023011277515e-06	-7.148351390596365e-10	-5.44772316064731	0.11473855778667615	0.005127742502276296
-999.0	340.0	-1.8953113043051314e-06	-5.81132694924118e-10	-4.551587206437993	0.5431890685893113	0.005140920413832511
-999.0	315.0	-5.330974399017116e-07	-4.1263821841116447e-10	-3.5747391524046206	1.0048578651823021	0.004958770624131397
-999.0	290.0	-4.462520910900108e-07	-1.4794664737494608e-10	-2.7666083676395443	1.4099668289684033	0.004677159892625246
-999.0	265.0	-7.630889302386063e-07	-1.954211878119455e-12	-2.2017064557674937	1.747352129894358	0.004585587026257128
-999.0	240.0	-8.103863047862471e-07	8.180434185177646e-11	-1.6994611329433063	2.09720554271781	0.00495900433700157
-999.0	215.0	-4.800167504828263e-07	1.2594821227701895e-10	-1.0213082026183662	2.4047257548405114	0.005692144666072613
-999.0	190.0	-7.471361171023981e-08	5.912370926611083e-11	0.012842868765278466	2.4178555684256353	0.00606124314573177
-999.0	165.0	-6.414809850232473e-07	1.3410262186003782e-11	1.2608394097583766	1.965793725045686	0.005154613643543125
-999.0	140.0	1.3452117038770597e-06	6.02605768732162e-14	1.8812892221743243	1.3460539915587926	0.002866725977736154
-999.0	115.0	2.2745582086496567e-06	-2.0515214760927064e-13	2.1560984101998124	0.9394461552118614	0.000685748244191202
-999.0	90.0	2.756040984945398e-06	-3.7251054793817973e-13	4.010199647718777	0.5181695322447518	2.6333875137569807e-07
-999.0	65.0	-1.352886495553525e-06	0.0	1.4891391172085398	0.20965745539209144	0.0
-999.0	40.0	-8.896584331971844e-08	0.0	-8.335558828182029	-0.029782714609669983	0.0
-999.0	15.0	3.4086756291318403e-06	0.0	-16.626068878274992	0.053432857295783176	0.0
245.5	40	1006.0619015163848	day	levels	pres0
-999.0	990.0	1.4697701704722822e-07	3.202302598338851e-09	-2.4909237144100995	-0.7712014494722503	0.00034721074766054576
-999.0	965.0	-1.3237735256552698e-05	5.93554321963938e-09	-4.404619366551439	-1.4261757096068723	0.0007278570947307793
-999.0	940.0	-1.5196348339273235e-05	5.52373201324731e-09	-5.65344616274039	-2.0534234383246965	0.0008595275541687792
-999.0	915.0	-1.4854312100430464e-05	7.674692115634334e-09	-6.437492824263041	-2.614063985024889	0.000874024766186569
-999.0	890.0	-1.4786795586531544e-05	7.090812626605231e-09	-6.977313862906563	-3.0175555003806944	0.0010353254108131993
-999.0	865.0	-1.561904996547296e-05	5.559202658736871e-09	-7.439701437950136	-3.2033178677989382	0.0014654550036306928
-999.0	840.0	-1.4696671091376537e-05	2.8514570734797085e-09	-7.884397870964474	-3.1484853343831167	0.002111078358292344
-999.0	815.0	-1.2226392231870123e-05	1.23366762748868e-11	-8.274145285288492	-2.874755761689609	0.002843776058777204
-999.0	790.0	-9.971151744981333e-06	-1.94202019985015e-09	-8.545338345898521	-2.4401489529344764	0.003519732398217886
-999.0	765.0	-8.528897230496145e-06	-3.3777797836120477e-09	-8.646147794193691	-1.9204629508571487	0.003993449945820103
-999.0	740.0	-7.462622922087766e-06	-4.472128481368454e-09	-8.472869780328537	-1.4195248503237965	0.004173765831549926
-999.0	715.0	-6.437820128117038e-06	-5.618341746423853e-09	-8.060430890984005	-0.9797851608859166	0.00407000311877148
-999.0	690.0	-5.916076802855564e-06	-5.948056005527851e-09	-7.535200801160599	-0.5953432752026451	0.0037854662269376288
-999.0	665.0	-5.530179447687035e-06	-6.245719730626951e-09	-6.912599197692342	-0.2809624789386159	0.003507745885407708
-999.0	640.0	-5.410028990562199e-06	-5.341522222425053e-09	-6.427889245665735	-0.018576684200929228	0.0033865319030073116
-999.0	615.0	-5.5731411909765025e-06	-3.3327148394388955e-09	-6.167264254970683	0.18013494234118205	0.0034781556683181683
-999.0	590.0	-5.422873402022997e-06	-1.9677200440509993e-09	-6.110950518813398	0.3191940693391695	0.0037496728421035743
-999.0	565.0	-4.974313399734344e-06	-1.158763295762459e-09	-6.285181722707216	0.38882537320670146	0.0040661777332281586
-999.0	540.0	-5.293493967555049e-06	-6.577533982905428e-10	-6.5587023066149825	0.4189457330438825	0.004355776985703787
-999.0	515.0	-6.577480878295766e-06	-1.5160124730530797e-10	-6.881137914955615	0.3990220791116976	0.004669985820731225
-999.0	490.0	-7.903866737902763e-06	3.963511566617845e-10	-7.076899024968346	0.2878707316186693	0.005041911430784172
-999.0	465.0	-8.556652292436747e-06	3.7946624975176607e-10	-7.079161011510423	0.07830551618503202	0.005443804684127545
-999.0	440.0	-8.66520738467735e-06	-1.298693318802426e-10	-6.944752484068482	-0.1310343551966879	0.005854454841319381
-999.0	415.0	-8.440325376189625e-06	-5.248841293512579e-10	-6.656655082272157	-0.2664036513306201	0.006269881571456157
-999.0	390.0	-7.126790238364691e-06	-5.976941870526556e-10	-6.16591142449114	-0.1907284676562993	0.0066601622093627735
-999.0	365.0	-4.423676629228815e-06	-6.336585241755261e-10	-5.4440917306476155	0.13485317573779163	0.006952366000103045
-999.0	340.0	-1.7285748738989542e-06	-5.273644325494208e-10	-4.547943054594928	0.5722112365894848	0.007061486249856974
-999.0	315.0	-3.6644097471488986e-07	-3.933888835713668e-10	-3.5748811653918677	1.0376203084468012	0.006935812805548697
-999.0	290.0	-3.106016671984962e-07	-1.4945654022736606e-10	-2.7748080113281803	1.4399851246012583	0.006676523718386655
-999.0	265.0	-6.942804189568478e-07	-1.3537758907962923e-11	-2.221787278850873	1.7683266695174902	0.006574885477188374
-999.0	240.0	-8.771796912000869e-07	7.367159890202825e-11	-1.7328759375959635	2.106057006451819	0.006898121238128067
-999.0	215.0	-6.900529627239815e-07	1.2243363714354503e-10	-1.068292426566283	2.402427641674876	0.007518610136381032
-999.0	190.0	-3.164367539014804e-07	5.38687432627279e-11	-0.05045882529682588	2.408423296279377	0.007665515539359482
-999.0	165.0	-8.362716345553404e-07	1.0407315871648111e-11	1.17663042826785	1.952049509816182	0.006361917070109671
-999.0	140.0	1.1696364616696365e-06	-4.960637986529537e-13	1.783831471370326	1.3252496883894005	0.003485362581013273
-999.0	115.0	2.2161484086587105e-06	-3.9904479040735817e-13	2.0728928243948355	0.9113161883109976	0.0008225306586327263
-999.0	90.0	2.765394175959821e-06	-4.881885872783011e-13	3.9674752290464097	0.4969633443074097	2.9317486625258633e-07
-999.0	65.0	-1.0537596514310543e-06	0.0	1.477720916892091	0.21244043287717632	0.0
-999.0	40.0	3.4361616363403964e-07	0.0	-8.340648672646946	-0.015865116069714223	0.0
-999.0	15.0	3.5446531268305227e-06	0.0	-16.637790633572475	0.07128352040631908	0.0
245.51388888888889	40	1006.0111775339387	day	levels	pres0
-999.0	990.0	1.683604187462767e-06	2.9108953969499974e-09	-2.495144665793163	-0.7744376437816263	0.0002868545723411033
-999.0	965.0	-1.1172122261337955e-05	5.235858394552945e-09	-4.351403439854378	-1.4061608719811947	0.0005748191253071234
-999.0	940.0	-1.3348177234756681e-05	4.5881495559554746e-09	-5.566458595387676	-2.010936894948449	0.0006187657164321509
-999.0	915.0	-1.3144897801329913e-05	6.210789146284558e-09	-6.337929397821355	-2.5552003524599276	0.0005509630367347862
-999.0	890.0	-1.3211777648377568e-05	5.320275696399587e-09	-6.876548065447433	-2.948901191399743	0.0006354058799037615
-999.0	865.0	-1.4121101599694025e-05	3.760310239197847e-09	-7.3444059358701965	-3.1308553849150904	0.0009945883635745876
-999.0	840.0	-1.320952039201649e-05	1.0888964959456817e-09	-7.792663446179062	-3.076748895332337	0.0015824456869066384
-999.0	815.0	-1.0762613398291244e-05	-1.7439590874641617e-09	-8.182219014491476	-2.8087101050732355	0.0022802637719572545
-999.0	790.0	-8.54543355467181e-06	-3.6964491291723244e-09	-8.454499947435966	-2.3836214006590324	0.0029517260759503988
-999.0	765.0	-7.1326810282108194e-06	-4.960264822879331e-09	-8.560206492741806	-1.8752993101621442	0.0034571427679029663
-999.0	740.0	-6.235395135792328e-06	-5.595108416074491e-09	-8.397146376562615	-1.3847738469455975	0.003705154498919114
-999.0	715.0	-5.5451770249996034e-06	-6.097246735773755e-09	-7.998620477723413	-0.9538611832683848	0.003698717492095666
-999.0	690.0	-5.286912112342764e-06	-6.0220665207938124e-09	-7.488707965170839	-0.5782326173703931	0.0035350587715870714
-999.0	665.0	-5.051401254224765e-06	-6.175840287712042e-09	-6.8821693897982845	-0.2730488973773077	0.003395436695347994
-999.0	640.0	-5.0088940638615254e-06	-5.259535354287408e-09	-6.408806566562903	-0.021188433661506002	0.0034207347964839946
-999.0	615.0	-5.190224705815475e-06	-3.354437182151585e-09	-6.152654163539398	0.16574947510695182	0.003656365663508653
-999.0	590.0	-5.057044770403446e-06	-2.0550792971425824e-09	-6.0961620696808705	0.2958039363937948	0.00406212141201405
-999.0	565.0	-4.643102878172895e-06	-1.2683927993206858e-09	-6.265224684535702	0.36067300839462	0.0045024697397375866
-999.0	540.0	-4.99076381151951e-06	-7.786164672953693e-10	-6.530745164111779	0.3889160517740854	0.004905263038078141
-999.0	515.0	-6.292932341066702e-06	-2.932798496509084e-10	-6.843226265760074	0.37024358711720085	0.005321980063924404
-999.0	490.0	-7.634368380665675e-06	2.510091103685592e-10	-7.031551411306364	0.2631205177785201	0.00578946457612118
-999.0	465.0	-8.319585240527099e-06	2.850646098174698e-10	-7.030635314039183	0.060550988508073014	0.00628878597666744
-999.0	440.0	-8.477700895129059e-06	-1.6146300211891705e-10	-6.8965873363898575	-0.1399274389547045	0.00680623948983572
-999.0	415.0	-8.295491757446302e-06	-5.088373823046626e-10	-6.612861067102582	-0.26549117069369554	0.007339419092010062
-999.0	390.0	-7.0347811808601e-06	-5.654083404130068e-10	-6.130952003354404	-0.1821068649321742	0.007855152031196265
-999.0	365.0	-4.408889907170866e-06	-6.017637578076778e-10	-5.422218002608858	0.14715426265159628	0.00827223186057039
-999.0	340.0	-1.7728195715739747e-06	-5.012699921717205e-10	-4.540252026952322	0.5827281141170875	0.00849591821659674
-999.0	315.0	-4.0472453007056765e-07	-3.7349314415557435e-10	-3.579392644358264	1.0415112330336926	0.008464223771883923
-999.0	290.0	-3.1351312761491915e-07	-1.3142425743101902e-10	-2.784502362533487	1.4373783486504403	0.008265160486809002
-999.0	265.0	-6.649075937521482e-07	7.637605519302115e-12	-2.2283844473185415	1.7612589579995386	0.008170548420952075
-999.0	240.0	-8.060797851433825e-07	8.810461514573102e-11	-1.7324630016300115	2.094832385056585	0.008421540183831826
-999.0	215.0	-6.118007979178257e-07	1.234089133907624e-10	-1.0637803856329542	2.387827804243108	0.008871366978562067
-999.0	190.0	-2.9925781495209437e-07	5.252161362813344e-11	-0.05394831764296359	2.3966492267302417	0.008760198347839249
-999.0	165.0	-7.862807383257862e-07	1.1093637272435318e-11	1.1553339721910434	1.9468738736906699	0.0071457856411270525
-999.0	140.0	1.17341915148875e-06	-5.244679250500053e-13	1.7574589786429868	1.318539750009177	0.00384383252360113
-999.0	115.0	2.2750679169277015e-06	-4.256853366007138e-13	2.0640316755039603	0.8987751961628145	0.0008566290095960463
-999.0	90.0	2.935761729654362e-06	-5.657987608929888e-13	3.9766791630306764	0.48819384990649245	3.877367120870014e-07
-999.0	65.0	-7.436540134602417e-07	0.0	1.506884807962285	0.21210460477208548	0.0
-999.0	40.0	7.871751066216685e-07	0.0	-8.313722223089389	-0.026202307309818033	0.0
-999.0	15.0	3.691609919011339e-06	0.0	-16.605535199980626	0.050344113099510125	0.0
245.52777777777777	40	1005.9604535514924	day	levels	pres0
-999.0	990.0	3.220231357874372e-06	2.619488195561997e-09	-2.499365617176169	-0.7776738380909773	0.00022644469506749942
-999.0	965.0	-9.106509266128234e-06	4.536173569468118e-09	-4.298187513157377	-1.3861460343555232	0.0004217034622562735
-999.0	940.0	-1.1500006130244453e-05	3.6525670986651313e-09	-5.479471028035105	-1.9684503515722533	0.0003779286495193394
-999.0	915.0	-1.1435483502233063e-05	4.746886176936453e-09	-6.23836597137985	-2.496336719895055	0.00022779965834762605
-999.0	890.0	-1.163675971022664e-05	3.5497387661956163e-09	-6.775782267988506	-2.8802468824189074	0.0002353407702586622
-999.0	865.0	-1.262315323391785e-05	1.9614178196607516e-09	-7.249110433790459	-3.0583929020313834	0.0005235309074211772
-999.0	840.0	-1.1722369692659388e-05	-6.736640815855501e-10	-7.7009290213938515	-3.0050124562817118	0.0010535891151435236
-999.0	815.0	-9.298834564715446e-06	-3.5002548511996163e-09	-8.090292743694675	-2.742664448457025	0.001716507794063514
-999.0	790.0	-7.119715364365538e-06	-5.450878058490235e-09	-8.363661548973642	-2.3270938483837447	0.002383464221027133
-999.0	765.0	-5.736464825928863e-06	-6.542749862142507e-09	-8.47426519129015	-1.8301356694672755	0.00292058485632005
-999.0	740.0	-5.008167349499958e-06	-6.718088350777601e-09	-8.321422972796908	-1.350022843567507	0.003236320201841561
-999.0	715.0	-4.6525339218845e-06	-6.576151725122386e-09	-7.9368100644629935	-0.927937205650934	0.0033272577137978565
-999.0	690.0	-4.657747421831674e-06	-6.096077036059496e-09	-7.442215129181209	-0.5611219595381935	0.003284538330543608
-999.0	665.0	-4.572623060763764e-06	-6.105960844797198e-09	-6.851739581904303	-0.2651353158160238	0.0032830800094058176
-999.0	640.0	-4.6077591371618685e-06	-5.177548486149851e-09	-6.389723887460105	-0.023800183122078655	0.003454950989483021
-999.0	615.0	-4.807308220655373e-06	-3.3761595248641305e-09	-6.138044072108141	0.151364007872755	0.003834644170342989
-999.0	590.0	-4.691216138784747e-06	-2.1424385502339083e-09	-6.081373620548369	0.272413803448475	0.004374693778613171
-999.0	565.0	-4.3118923566122e-06	-1.3780223028786573e-09	-6.24526764636423	0.3325206435826042	0.00493894969567014
-999.0	540.0	-4.688033655484596e-06	-8.994795362999092e-10	-6.502788021608646	0.3588863705043589	0.005454997114678807
-999.0	515.0	-6.008383803838119e-06	-4.349584519961478e-10	-6.805314616564632	0.34146509512277334	0.005974265686937855
-999.0	490.0	-7.3648700234289415e-06	1.0566706407571459e-10	-6.986203797644508	0.23837030393843112	0.0065373374347822985
-999.0	465.0	-8.082518188617632e-06	1.9066296988343724e-10	-6.982109616568081	0.04279646083115606	0.0071341021424465535
-999.0	440.0	-8.290194405580769e-06	-1.9305667235750244e-10	-6.848422188711385	-0.1488205227127003	0.007758370023296933
-999.0	415.0	-8.150658138702895e-06	-4.927906352580915e-10	-6.569067051933154	-0.264578690056771	0.008409311525253368
-999.0	390.0	-6.942772123355373e-06	-5.331224937734118e-10	-6.095992582217795	-0.17348526220806698	0.009050500852805293
-999.0	365.0	-4.3941031851127486e-06	-5.698689914398841e-10	-5.400344274570187	0.15945534956537102	0.009592455752010268
-999.0	340.0	-1.8170642692488481e-06	-4.751755517940642e-10	-4.532560999309764	0.5932449916446559	0.009930709322920507
-999.0	315.0	-4.430080854261444e-07	-3.5359740473981744e-10	-3.5839041233246713	1.0454021576205546	0.009992997497572717
-999.0	290.0	-3.164245880312757e-07	-1.1339197463470667e-10	-2.7941967137387853	1.4347715726996046	0.009854148296866025
-999.0	265.0	-6.355347685474391e-07	2.881296994652325e-11	-2.234981615786197	1.7541912464815863	0.009766515111543986
-999.0	240.0	-7.349798790868274e-07	1.0253763138939676e-10	-1.7320500656640456	2.0836077636613695	0.009945163821931564
-999.0	215.0	-5.335486331119624e-07	1.243841896379734e-10	-1.0592683446996034	2.373227966811371	0.010224199264184566
-999.0	190.0	-2.8207887600298425e-07	5.117448399353692e-11	-0.05743780998904197	2.3848751571811304	0.009854872179642177
-999.0	165.0	-7.362898420964487e-07	1.1779958673215985e-11	1.1340375161143403	1.9416982375651646	0.007929638885939973
-999.0	140.0	1.1772018413077323e-06	-5.52872051447739e-13	1.7310864859157207	1.311829811628957	0.004202316695817403
-999.0	115.0	2.3339874251963584e-06	-4.5232588279412466e-13	2.055170526613059	0.8862342040146526	0.0008907297708001093
-999.0	90.0	3.106129283348224e-06	-6.43408934507618e-13	3.985883097014857	0.47942435550561285	4.822875714247613e-07
-999.0	65.0	-4.3354837549034504e-07	0.0	1.5360486990323652	0.21176877666701696	0.0
-999.0	40.0	1.2307340496081075e-06	0.0	-8.286795773531933	-0.0365394985498673	0.0
-999.0	15.0	3.838566711191723e-06	0.0	-16.573279766388893	0.029404705792769735	0.0
245.54166666666666	40	1005.9097295690466	day	levels	pres0
-999.0	990.0	4.756858528290124e-06	2.3280809941731665e-09	-2.5035865685592285	-0.7809100324003567	0.00016598111972738474
-999.0	965.0	-7.040896270913181e-06	3.836488744381673e-09	-4.244971586460301	-1.3661311967298448	0.000268510104787559
-999.0	940.0	-9.651835025727632e-06	2.7169846413731577e-09	-5.392483460682369	-1.9259638081960038	0.0001370163506175172
-999.0	915.0	-9.726069203132313e-06	3.282983207586285e-09	-6.138802544938143	-2.4374730873300896	-9.54653734157424e-05
-999.0	890.0	-1.0061741772072496e-05	1.779201835989418e-09	-6.6750164705293615	-2.8115925734379488	-0.00016486992535551584
-999.0	865.0	-1.112520486813874e-05	1.6252540012115227e-10	-7.15381493171051	-2.9859304191475284	5.228262622093503e-05
-999.0	840.0	-1.0235218993299172e-05	-2.436224659120105e-09	-7.609194596608429	-2.9332760172309262	0.0005245086350398034
-999.0	815.0	-7.835055731136393e-06	-5.256550614939126e-09	-7.99836647289765	-2.6766187918406463	0.0011525081186422065
-999.0	790.0	-5.693997174055847e-06	-7.205306987812779e-09	-8.272823150511078	-2.270566296108295	0.0018149468286862349
-999.0	765.0	-4.3402486236433625e-06	-8.125234901410062e-09	-8.38832388983826	-1.7849720287722692	0.0023837762082753373
-999.0	740.0	-3.7809395632043545e-06	-7.84106828548384e-09	-8.245699569030984	-1.3152718401893073	0.0027672629388538956
-999.0	715.0	-3.7598908187669296e-06	-7.055056714472439e-09	-7.874999651202397	-0.9020132280334027	0.0029556237827760025
-999.0	690.0	-4.028582731318753e-06	-6.170087551325577e-09	-7.395722293191446	-0.5440113017059436	0.0030339049033590738
-999.0	665.0	-4.093844867301367e-06	-6.036081401882393e-09	-6.821309774010248	-0.25722173425471956	0.0031706758276426493
-999.0	640.0	-4.206624210461074e-06	-5.095561618012282e-09	-6.37064120835727	-0.026411932582661765	0.0034891804819515274
-999.0	615.0	-4.424391735494252e-06	-3.3978818675768485e-09	-6.123433980676856	0.13697854063851625	0.004012991188601184
-999.0	590.0	-4.325387507165133e-06	-2.2297978033255014e-09	-6.066585171415843	0.24902367050309016	0.004687389941834904
-999.0	565.0	-3.980681835050721e-06	-1.4876518064368942e-09	-6.2253106081927125	0.30436827877051253	0.005375617601615112
-999.0	540.0	-4.385303499449041e-06	-1.0203426053047399e-09	-6.474830879105445	0.3288566892345519	0.006004979216923113
-999.0	515.0	-5.7238352666090344e-06	-5.766370543417525e-10	-6.767402967369091	0.3126866031282682	0.006626842691888614
-999.0	490.0	-7.095371666191822e-06	-3.967498221752151e-11	-6.940856183982526	0.21362009009827493	0.00728553000923359
-999.0	465.0	-7.845451136707944e-06	9.626132994913653e-11	-6.933583919096839	0.025041933154191384	0.007979753183915887
-999.0	440.0	-8.10268791603243e-06	-2.2465034259617057e-10	-6.800257041032761	-0.15771360647072122	0.008710846444286801
-999.0	415.0	-8.005824519959524e-06	-4.767438882114776e-10	-6.525273036763578	-0.2636662094198488	0.009479558874038478
-999.0	390.0	-6.850763065850744e-06	-5.008366471337458e-10	-6.061033161081056	-0.1648636594839411	0.010246208677024983
-999.0	365.0	-4.379316463054789e-06	-5.379742250720336e-10	-5.378470546531424	0.17175643647917976	0.010913037676991583
-999.0	340.0	-1.861308966923875e-06	-4.490811114163699e-10	-4.524869971667155	0.603761869172264	0.011365859570698734
-999.0	315.0	-4.812916407818161e-07	-3.337016653240316e-10	-3.588415602291062	1.0492930822074513	0.01152213398345877
-999.0	290.0	-3.1933604844767296e-07	-9.535969183836446e-11	-2.8038910649440885	1.4321647967487927	0.011443487148763727
-999.0	265.0	-6.061619433427072e-07	4.9988334373785633e-11	-2.2415787842538633	1.7471235349636431	0.011362785548890381
-999.0	240.0	-6.638799730300887e-07	1.1697064763309812e-10	-1.7316371296980893	2.072383142266146	0.011468992152340167
-999.0	215.0	-4.5529646830577096e-07	1.2535946588519086e-10	-1.0547563037662657	2.358628129379612	0.011577106993232828
-999.0	190.0	-2.648999370535875e-07	4.982735435894316e-11	-0.06092730233516722	2.373101087632	0.010949537034775162
-999.0	165.0	-6.862989458669209e-07	1.2466280074003757e-11	1.1127410600375442	1.9365226014396557	0.008713476804553257
-999.0	140.0	1.1809845311267925e-06	-5.812761778447785e-13	1.704713993188382	1.3051198732487346	0.004560815097663887
-999.0	115.0	2.392906933465325e-06	-4.789664289874797e-13	2.0463093777221766	0.8736932118664712	0.0009248329422451292
-999.0	90.0	3.276496837042748e-06	-7.210191081223114e-13	3.9950870309991178	0.4706548611046986	5.768274442665817e-07
-999.0	65.0	-1.234427375195235e-07	0.0	1.5652125901025569	0.21143294856192904	0.0
-999.0	40.0	1.6742929925957778e-06	0.0	-8.259869323974378	-0.04687668978997002	0.0
-999.0	15.0	3.985523503372595e-06	0.0	-16.541024332797054	0.008465298485959276	0.0
245.55555555555554	40	1005.8590055866006	day	levels	pres0
-999.0	990.0	6.293485698701729e-06	2.0366737927851646e-09	-2.5078075199422325	-0.7841462267097075	0.00010546385020974399
-999.0	965.0	-4.975283275703457e-06	3.136803919296848e-09	-4.191755659763301	-1.3461163591041732	0.00011523905211232937
-999.0	940.0	-7.803663921215398e-06	1.7814021840828136e-09	-5.305495893329798	-1.8834772648198077	-0.00010397118308255642
-999.0	915.0	-8.016654904035468e-06	1.8190802382381815e-09	-6.039239118496638	-2.3786094547652152	-0.0004188320629909339
-999.0	890.0	-8.486723833921564e-06	8.664905785449538e-12	-6.574250673070433	-2.7429382644571145	-0.0005652262141654186
-999.0	865.0	-9.627256502362566e-06	-1.636367019415942e-09	-7.058519429630773	-2.9134679362638223	-0.0004191564889682543
-999.0	840.0	-8.748068293942077e-06	-4.198785236651335e-09	-7.517460171823219	-2.8615395781803015	-4.7957613604205115e-06
-999.0	815.0	-6.371276897560591e-06	-7.012846378674579e-09	-7.906440202100849	-2.610573135224436	0.0005882647392466523
-999.0	790.0	-4.268278983749571e-06	-8.95973591713069e-09	-8.181984752048756	-2.2140387438330063	0.0012461738941726265
-999.0	765.0	-2.9440324213614034e-06	-9.707719940673237e-09	-8.302382588386607	-1.7398083880774005	0.0018467168209789972
-999.0	740.0	-2.5537117769119836e-06	-8.964048220186951e-09	-8.169976165265274	-1.280520836811218	0.002297982708498118
-999.0	715.0	-2.8672477156518277e-06	-7.53396170382107e-09	-7.81318923794198	-0.8760892504159522	0.0025838156979323644
-999.0	690.0	-3.3994180408076622e-06	-6.244098066591258e-09	-7.349229457201814	-0.5269006438737442	0.0027831584895883143
-999.0	665.0	-3.6150666738403643e-06	-5.966201958967545e-09	-6.790879966116263	-0.24930815269343617	0.0030582241501215398
-999.0	640.0	-3.805489283761417e-06	-5.013574749874726e-09	-6.351558529254474	-0.02902368204323435	0.003523423273836761
-999.0	615.0	-4.0414752503341485e-06	-3.419604210289394e-09	-6.108823889245596	0.12259307340431946	0.004191406718061951
-999.0	590.0	-3.9595588755464355e-06	-2.317157056416828e-09	-6.051796722283341	0.22563353755777044	0.005000209901610654
-999.0	565.0	-3.649471313490028e-06	-1.597281309994864e-09	-6.205353570021243	0.27621591395849665	0.005812473458158143
-999.0	540.0	-4.082573343414129e-06	-1.1412056743092786e-09	-6.446873736602312	0.29882700796482553	0.00655520934622363
-999.0	515.0	-5.439286729380451e-06	-7.183156566869932e-10	-6.729491318173647	0.2839081111338406	0.007279711080887946
-999.0	490.0	-6.825873308955084e-06	-1.8501702851036614e-10	-6.8955085703206676	0.18886987625818596	0.008034042301934328
-999.0	465.0	-7.6083840847984795e-06	1.859690015103435e-12	-6.8850582216257346	0.00728740547727446	0.008825739103518682
-999.0	440.0	-7.915181426484138e-06	-2.5624401283475583e-10	-6.752091893354292	-0.16660669022871702	0.009663668755380262
-999.0	415.0	-7.860990901216118e-06	-4.6069714116490724e-10	-6.481479021594152	-0.26275372878292425	0.010550161141207751
-999.0	390.0	-6.758754008346017e-06	-4.685508004941507e-10	-6.026073739944448	-0.15624205675983377	0.011442275506679233
-999.0	365.0	-4.3645297409966725e-06	-5.060794587042398e-10	-5.356596818492754	0.18405752339295434	0.01223397763807089
-999.0	340.0	-1.9055536645987486e-06	-4.229866710387135e-10	-4.517178944024597	0.6142787466998327	0.012801368961788335
-999.0	315.0	-5.19575196137392e-07	-3.1380592590827494e-10	-3.5929270812574696	1.0531840067943135	0.013051633230371248
-999.0	290.0	-3.2224750886402906e-07	-7.732740904205206e-11	-2.813585416149386	1.4295580207979586	0.013033177042692756
-999.0	265.0	-5.76789118137998e-07	7.11636988010067e-11	-2.248175952721518	1.7400558234456909	0.012959359732901845
-999.0	240.0	-5.927800669735337e-07	1.3140366387676384e-10	-1.7312241937321233	2.0611585208709293	0.012993025174955175
-999.0	215.0	-3.770443034999074e-07	1.2633474213240192e-10	-1.0502442628329152	2.3440282919478745	0.012930090165677083
-999.0	190.0	-2.4772099810447804e-07	4.848022472434663e-11	-0.06441679468124546	2.3613270180828887	0.012044192913233305
-999.0	165.0	-6.363080496375828e-07	1.3152601474784425e-11	1.091444603960841	1.9313469653141506	0.00949729939696303
-999.0	140.0	1.1847672209457747e-06	-6.096803042425129e-13	1.6783415004611166	1.2984099348685145	0.0049193277291382335
-999.0	115.0	2.45182644173398e-06	-5.056069751808907e-13	2.0374482288312747	0.8611522197183085	0.0009589385239307655
-999.0	90.0	3.4468643907366097e-06	-7.986292817369406e-13	4.004290964983299	0.46188536670381897	6.713563306127575e-07
-999.0	65.0	1.8666290045037305e-07	0.0	1.5943764811726364	0.21109712045686052	0.0
-999.0	40.0	2.117851935582217e-06	0.0	-8.232942874416917	-0.05721388103001929	0.0
-999.0	15.0	4.1324802955529796e-06	0.0	-16.50876889920532	-0.012474108820781107	0.0
245.56944444444446	40	1005.8082816041544	day	levels	pres0
-999.0	990.0	7.830112869117792e-06	1.7452665913961272e-09	-2.512028471325295	-0.7873824210190741	4.489289040334019e-05
-999.0	965.0	-2.909670280487949e-06	2.437119094209992e-09	-4.13853973306621	-1.3261015214784702	-3.810969656007271e-05
-999.0	940.0	-5.955492816698105e-06	8.458197267904967e-10	-5.218508325977041	-1.8409907214435273	-0.0003450339543930563
-999.0	915.0	-6.307240604934128e-06	3.551772688877277e-10	-5.939675692054898	-2.3197458222002174	-0.0007423004148172095
-999.0	890.0	-6.91170589576675e-06	-1.7618720244210568e-09	-6.473484875611248	-2.674283955476125	-0.0009657281034017153
-999.0	865.0	-8.129308136582762e-06	-3.4352594389557146e-09	-6.963223927550778	-2.8410054533799403	-0.0008907864470933068
-999.0	840.0	-7.260917594581281e-06	-5.961345814185832e-09	-7.425725747037747	-2.7898031391294915	-0.000534324082018836
-999.0	815.0	-4.907498063981149e-06	-8.769142142413949e-09	-7.814513931303776	-2.544527478608038	2.3777649423902854e-05
-999.0	790.0	-2.8425607934396093e-06	-1.0714164846453193e-08	-8.091146353586145	-2.157511191557546	0.0006771454127248706
-999.0	765.0	-1.5478162190756617e-06	-1.1290204979940926e-08	-8.216441286934675	-1.6946447473823867	0.0013094066916351824
-999.0	740.0	-1.326483990616187e-06	-1.0087028154893297e-08	-8.09425276149932	-1.2457698334330127	0.00182847950931098
-999.0	715.0	-1.9746046125341817e-06	-8.012866693170976e-09	-7.751378824681364	-0.8501652727984148	0.0022118334581650474
-999.0	690.0	-2.7702533502947877e-06	-6.318108581856992e-09	-7.302736621212043	-0.5097899860414863	0.0025322990887833383
-999.0	665.0	-3.1362884803781097e-06	-5.8963225160523155e-09	-6.760450158222206	-0.24139457113212137	0.002945724976904184
-999.0	640.0	-3.404354357060787e-06	-4.931587881736808e-09	-6.332475850151637	-0.03163543150380596	0.003557679365086122
-999.0	615.0	-3.6585587651731384e-06	-3.4413265530019847e-09	-6.09421379781431	0.1082076061700907	0.004369890758505593
-999.0	590.0	-3.5937302439268435e-06	-2.404516309508426e-09	-6.037008273150809	0.20224340461239254	0.0053131536578747305
-999.0	565.0	-3.318260791928483e-06	-1.7069108135531483e-09	-6.185396531849716	0.24806354914640685	0.006249517265888882
-999.0	540.0	-3.7798431873784605e-06	-1.2620687433141735e-09	-6.418916594099092	0.268797326695016	0.007105687503998013
-999.0	515.0	-5.154738192151256e-06	-8.59994259032646e-10	-6.69157966897808	0.255129619139329	0.007932870856053204
-999.0	490.0	-6.5563749517178646e-06	-3.3035907480361233e-10	-6.8501609566586605	0.1641196624180229	0.008782874315350905
-999.0	465.0	-7.371317032888679e-06	-9.254194991917413e-11	-6.8365325241544666	-0.010467122199693368	0.009672059903706324
-999.0	440.0	-7.727674936935672e-06	-2.8783768307340726e-10	-6.703926745675644	-0.1754997739867339	0.010616836959161526
-999.0	415.0	-7.716157282472608e-06	-4.4465039411829424e-10	-6.4376850064245605	-0.2618412481459886	0.011621118329614067
-999.0	390.0	-6.666744950841253e-06	-4.3626495385448203e-10	-5.991114318807703	-0.1476204540356902	0.012638701344603738
-999.0	365.0	-4.3497430189386066e-06	-4.74184692336362e-10	-5.3347230904539975	0.19635861030677731	0.013555275637817703
-999.0	340.0	-1.9497983622737205e-06	-3.9689223066098717e-10	-4.5094879163820005	0.6247956242274484	0.014237237498060443
-999.0	315.0	-5.578587514930295e-07	-2.9391018649247455e-10	-3.597438560223878	1.0570749313812091	0.014581495239154557
-999.0	290.0	-3.251589692803776e-07	-5.92951262457029e-11	-2.823279767354706	1.4269512448471384	0.014623217978859803
-999.0	265.0	-5.474162929332012e-07	9.233906322827852e-11	-2.254773121189195	1.7329881119277344	0.014556237663505257
-999.0	240.0	-5.216801609167514e-07	1.458366801204731e-10	-1.730811257766173	2.0499338994756915	0.014517262889690017
-999.0	215.0	-2.987921386937299e-07	1.273100183796198e-10	-1.0457322218995801	2.329428454516101	0.014283148781502074
-999.0	190.0	-2.3054205915508896e-07	4.713309508974961e-11	-0.06790628702737124	2.3495529485337414	0.013138839815023815
-999.0	165.0	-5.863171534078924e-07	1.3838922875570416e-11	1.0701481478840482	1.926171329188623	0.010281106663174349
-999.0	140.0	1.1885499107650617e-06	-6.380844306397339e-13	1.6519690077337805	1.2916999964882758	0.005277854590242353
-999.0	115.0	2.5107459500030874e-06	-5.322475213742706e-13	2.0285870799403884	0.8486112275701148	0.0009930465158572402
-999.0	90.0	3.617231944431272e-06	-8.762394553517039e-13	4.013494898967549	0.4531158723028991	7.658742304640345e-07
-999.0	65.0	4.967685384213668e-07	0.0	1.6235403722428328	0.2107612923517747	0.0
-999.0	40.0	2.5614108785700337e-06	0.0	-8.206016424859353	-0.06755107227013062	0.0
-999.0	15.0	4.279437087733742e-06	0.0	-16.47651346561346	-0.03341351612760789	0.0
245.58333333333334	40	1005.7575576217088	day	levels	pres0
-999.0	990.0	9.366740039529295e-06	1.453859390008149e-09	-2.5162494227083005	-0.7906186153284279	-1.5731755801716625e-05
-999.0	965.0	-8.440572852783232e-07	1.7374342691252466e-09	-4.085323806369207	-1.3060866838528027	-0.00019153614201825668
-999.0	940.0	-4.107321712185943e-06	-8.976273049975716e-11	-5.131520758624467	-1.7985041780673356	-0.0005861719661225383
-999.0	915.0	-4.5978263058373356e-06	-1.1087257004603327e-09	-5.840112265613394	-2.260882189635348	-0.0010658704333285874
-999.0	890.0	-5.336687957615851e-06	-3.532408954625021e-09	-6.372719078152319	-2.6056296464952933	-0.0013663756002882934
-999.0	865.0	-6.631359770806615e-06	-5.234151858492801e-09	-6.867928425471034	-2.768542970496236	-0.0013626072570937378
-999.0	840.0	-5.773766895224215e-06	-7.723906391717072e-09	-7.333991322252533	-2.7180667000788707	-0.0010640763348898725
-999.0	815.0	-3.4437192304053873e-06	-1.052543790614943e-08	-7.722587660506972	-2.4784818219918314	-0.0005409531572719707
-999.0	790.0	-1.4168426031333687e-06	-1.2468593775771146e-08	-8.00030795512382	-2.1009836392822603	0.00010786137958811566
-999.0	765.0	-1.516000167937323e-07	-1.2872690019204124e-08	-8.130499985483018	-1.6494811066875217	0.0007718458174539075
-999.0	740.0	-9.925620432383523e-08	-1.121000808959641e-08	-8.01852935773361	-1.211018830054926	0.0013587533398341188
-999.0	715.0	-1.0819615094190825e-06	-8.491771682519607e-09	-7.689568411420946	-0.8242412951809662	0.001839677062375821
-999.0	690.0	-2.1410886597836945e-06	-6.392119097122672e-09	-7.256243785222413	-0.49267932820928867	0.0022813267004983804
-999.0	665.0	-2.6575102869171095e-06	-5.8264430731374595e-09	-6.730020350328227	-0.2334809895708386	0.0028331783080529096
-999.0	640.0	-3.003219430361141e-06	-4.849601013599238e-09	-6.313393171048842	-0.034247180964379474	0.003591948755646052
-999.0	615.0	-3.2756422800130563e-06	-3.4630488957145104e-09	-6.079603706383057	0.09382213893589225	0.004548443309709975
-999.0	590.0	-3.2279016123081713e-06	-2.491875562599732e-09	-6.022219824018317	0.17885327166707043	0.005626221210557666
-999.0	565.0	-2.9870502703678194e-06	-1.8165403171110996e-09	-6.165439493678253	0.2199111843343883	0.006686749025392104
-999.0	540.0	-3.4771130313435825e-06	-1.3829318123186798e-09	-6.390959451595969	0.23876764542528717	0.0076564136916579765
-999.0	515.0	-4.870189654922715e-06	-1.001672861377833e-09	-6.653668019782645	0.2263511271449012	0.00858632201949478
-999.0	490.0	-6.28687659448117e-06	-4.757011210964029e-10	-6.80481334299681	0.1393694485779353	0.009532026051941712
-999.0	465.0	-7.134249980979249e-06	-1.869435898531545e-10	-6.78800682668337	-0.028221649876607448	0.010518715586921143
-999.0	440.0	-7.540168447387404e-06	-3.1943135331195054e-10	-6.655761597997176	-0.1843928577447258	0.011570351058204592
-999.0	415.0	-7.571323663729213e-06	-4.286036470716943e-10	-6.393890991255137	-0.26092876750905997	0.0126924304420988
-999.0	390.0	-6.574735893336523e-06	-4.0397910721486494e-10	-5.9561548976711	-0.1389988513115776	0.01383548619362136
-999.0	365.0	-4.334956296880493e-06	-4.4228992596855556e-10	-5.312849362415327	0.208659697220559	0.014876931678787514
-999.0	340.0	-1.994043059948598e-06	-3.707977902833268e-10	-4.501796888739443	0.6353125017550247	0.015673465181370985
-999.0	315.0	-5.96142306848596e-07	-2.740144470767204e-10	-3.6019500391902834	1.0609658559680784	0.016111720010636953
-999.0	290.0	-3.280704296967091e-07	-4.1262843449394394e-11	-2.8329741185600033	1.4243444688963105	0.016213609957454703
-999.0	265.0	-5.18043467728456e-07	1.1351442765549716e-10	-2.2613702896568526	1.7259204004097901	0.01615341934061054
-999.0	240.0	-4.505802548601441e-07	1.6026969636413913e-10	-1.73039832180021	2.038709278080484	0.016041705296441725
-999.0	215.0	-2.205399738877794e-07	1.2828529462683286e-10	-1.0412201809662287	2.3148286170843706	0.01563628284067768
-999.0	190.0	-2.1336312020585898e-07	4.5785965455155035e-11	-0.07139577937344319	2.337778878984632	0.014233477740141508
-999.0	165.0	-5.363262571784741e-07	1.4525244276352142e-11	1.0488516918073552	1.920995693063117	0.011064898603183094
-999.0	140.0	1.1923326005840837e-06	-6.664885570373266e-13	1.6255965150065206	1.284990058108058	0.005636395680973761
-999.0	115.0	2.5696654582717692e-06	-5.588880675676535e-13	2.0197259310494853	0.8360702354219569	0.0010271569180241877
-999.0	90.0	3.7875994981251496e-06	-9.538496289663193e-13	4.022698832951728	0.44434637790202147	8.603811438207366e-07
-999.0	65.0	8.068741763912647e-07	0.0	1.65270426331291	0.21042546424670724	0.0
-999.0	40.0	3.0049698215564606e-06	0.0	-8.179089975301894	-0.07788826351018284	0.0
-999.0	15.0	4.4263938799141205e-06	0.0	-16.44425803202173	-0.054352923434351844	0.0
245.59722222222223	40	1005.7068336392626	day	levels	pres0
-999.0	990.0	1.0903367209945149e-05	1.1624521886192942e-09	-2.5204703740913597	-0.7938548096378043	-7.641008451554577e-05
-999.0	965.0	1.2215557099368284e-06	1.037749444038721e-09	-4.032107879672133	-1.2860718462271206	-0.00034504028505285536
-999.0	940.0	-2.25915060766905e-06	-1.025345187791821e-09	-5.044533191271736	-1.7560176346910816	-0.0008273852210825125
-999.0	915.0	-2.88841200673653e-06	-2.5726286698105422e-09	-5.7405488391716855	-2.202018557070377	-0.0013895421229627473
-999.0	890.0	-3.7616700194616716e-06	-5.302945884831222e-09	-6.271953280693176	-2.5369753375143307	-0.0017671687120530736
-999.0	865.0	-5.133411405027479e-06	-7.033044278032409e-09	-6.772632923391088	-2.6960804876123783	-0.0018346189279138672
-999.0	840.0	-4.286616195863967e-06	-9.486466969251618e-09	-7.242256897467111	-2.6463302610280808	-0.00159405252793374
-999.0	815.0	-1.9799403968262945e-06	-1.2281733669888915e-08	-7.63066138970995	-2.412436165375448	-0.001105927687293131
-999.0	790.0	8.875587176356836e-09	-1.4223022705093648e-08	-7.909469556661258	-2.0444560870068083	-0.00046167820999873415
-999.0	765.0	1.244616185491797e-06	-1.4455175058471656e-08	-8.04455868403113	-1.6043174659925115	0.00023403419563937784
-999.0	740.0	1.1279715819717873e-06	-1.2332988024302649e-08	-7.942805953967686	-1.1762678266767228	0.0008888041986042424
-999.0	715.0	-1.8931840630150915e-07	-8.970676671869661e-09	-7.627757998160348	-0.7983173175634329	0.0014673465094627552
-999.0	690.0	-1.5119239692707764e-06	-6.466129612388756e-09	-7.2097509492326495	-0.4755686703770371	0.002030241324285414
-999.0	665.0	-2.178732093454711e-06	-5.756563630222667e-09	-6.699590542434164	-0.2255674080095334	0.0027205841436293986
-999.0	640.0	-2.602084503660337e-06	-4.767614145461685e-09	-6.2943104919460025	-0.03685893042496168	0.003626231445463976
-999.0	615.0	-2.892725794851915e-06	-3.484771238427248e-09	-6.064993614951766	0.07943667170165525	0.00472706437145545
-999.0	590.0	-2.8620729806885305e-06	-2.5792348156913464e-09	-6.007431374885782	0.15546313872168807	0.005939412559593851
-999.0	565.0	-2.6558397488063095e-06	-1.9261698206693543e-09	-6.14548245550673	0.1917588195222994	0.007124168737257556
-999.0	540.0	-3.174382875307995e-06	-1.5037948813235426e-09	-6.363002309092757	0.2087379641554824	0.008207387910621256
-999.0	515.0	-4.585641117693588e-06	-1.1433514637234905e-09	-6.615756370587096	0.1975726351503965	0.009240064573330074
-999.0	490.0	-6.017378237244011e-06	-6.210431673896936e-10	-6.75946572933482	0.11461923473777787	0.01028149751417316
-999.0	465.0	-6.897182929069524e-06	-2.8134522978750745e-10	-6.7394811292121215	-0.045976177553574964	0.011365706155614549
-999.0	440.0	-7.352661957839041e-06	-3.5102502355066055e-10	-6.607596450318549	-0.19328594150275052	0.01252421105509366
-999.0	415.0	-7.4264900449858335e-06	-4.125569000251098e-10	-6.350096976085558	-0.26001628687214207	0.013764097481514762
-999.0	390.0	-6.482726835831897e-06	-3.7169326057522076e-10	-5.921195476534356	-0.13037724858745706	0.01503263005656769
-999.0	365.0	-4.320169574822528e-06	-4.1039515960071774e-10	-5.290975634376565	0.22096078413436077	0.016198945763549823
-999.0	340.0	-2.0382877576236212e-06	-3.4470334990563647e-10	-4.494105861096833	0.645829379282625	0.01711005201359112
-999.0	315.0	-6.34425862204278e-07	-2.5411870766093184e-10	-3.606461518156674	1.0648567805549678	0.017642307545662934
-999.0	290.0	-3.309818901131312e-07	-2.323056065304832e-11	-2.8426684697653064	1.4217376929454912	0.017804352978684282
-999.0	265.0	-4.886706425237602e-07	1.3468979208276202e-10	-2.267967458124516	1.7188526888918387	0.017750904764144752
-999.0	240.0	-3.7948034880345765e-07	1.7470271260784017e-10	-1.7299853858342504	2.0274846566852514	0.017566352395123844
-999.0	215.0	-1.4228780908167492e-07	1.292605708740483e-10	-1.0367081400328915	2.3002287796526035	0.016989492343188726
-999.0	190.0	-1.9618418125658216e-07	4.4438835820559294e-11	-0.07488527171957479	2.3260048094354997	0.015328106688593723
-999.0	165.0	-4.86335360949027e-07	1.5211565677138858e-11	1.0275552357305489	1.9158200569376094	0.01184867521699443
-999.0	140.0	1.1961152904031045e-06	-6.948926834345063e-13	1.5992240222791758	1.278280119727834	0.005994951001334424
-999.0	115.0	2.6285849665407086e-06	-5.855286137610364e-13	2.0108647821586048	0.8235292432737712	0.0010612697304318503
-999.0	90.0	3.957967051819658e-06	-1.0314598025810267e-12	4.031902766935992	0.43557688350110546	9.5487707068363e-07
-999.0	65.0	1.1169798143620842e-06	0.0	1.6818681543831049	0.21008963614161816	0.0
-999.0	40.0	3.4485287645441414e-06	0.0	-8.152163525744342	-0.0882254547502826	0.0
-999.0	15.0	4.573350672094997e-06	0.0	-16.412002598429886	-0.07529233074115871	0.0
245.61111111111111	40	1005.6561096568167	day	levels	pres0
-999.0	990.0	1.2439994380356757e-05	8.710449872312933e-10	-2.524691325474365	-0.7970910039471554	-0.00013714209184690945
-999.0	965.0	3.287168705146552e-06	3.380646189538965e-10	-3.9788919529751343	-1.2660570086014495	-0.0004986221264524307
-999.0	940.0	-4.109795031568199e-07	-1.9609276450821625e-09	-4.957545623919165	-1.7135310913148853	-0.001068673722080831
-999.0	915.0	-1.1789977076396845e-06	-4.036531639158644e-09	-5.640985412730185	-2.1431549245055037	-0.0017133154881520645
-999.0	890.0	-2.1866520813107432e-06	-7.0734828150351904e-09	-6.171187483234249	-2.468321028533495	-0.0021681074459170948
-999.0	865.0	-3.635463039251311e-06	-8.831936697569502e-09	-6.677337421311351	-2.6236180047286703	-0.0023068214684904523
-999.0	840.0	-2.799465496506869e-06	-1.1249027546782846e-08	-7.150522472681903	-2.5745938219774565	-0.0021242526691031675
-999.0	815.0	-5.161615632504939e-07	-1.4038029433624365e-08	-7.53873511891315	-2.3463905087592383	-0.0016711459470844289
-999.0	790.0	1.4345937774826321e-06	-1.597745163441156e-08	-7.818631158198936	-1.9879285347315196	-0.0010314733607898093
-999.0	765.0	2.640832387773756e-06	-1.6037660097734832e-08	-7.958617382579475	-1.5591538252976427	-0.00030402817659785534
-999.0	740.0	2.355199368264158e-06	-1.3455967959005756e-08	-7.867082550201975	-1.141516823298633	0.00041863208416352424
-999.0	715.0	7.033246968135939e-07	-9.44958166121829e-09	-7.565947584899929	-0.7723933399459817	0.0010948417983282438
-999.0	690.0	-8.827592787596857e-07	-6.54014012765444e-09	-7.1632581132430175	-0.4584580125448377	0.001779042959699344
-999.0	665.0	-1.6999538999937085e-06	-5.6866841873078194e-09	-6.669160734540182	-0.21765382644824965	0.002607942483696713
-999.0	640.0	-2.2009495769606783e-06	-4.685627277324127e-09	-6.275227812843204	-0.0394706798855343	0.0036605274344871127
-999.0	615.0	-2.5098093096918115e-06	-3.5064935811397934e-09	-6.050383523520504	0.06505120446745834	0.004905753943520673
-999.0	590.0	-2.496244349069833e-06	-2.6665940687826723e-09	-5.992642925753281	0.1320730057763682	0.006252727704914603
-999.0	565.0	-2.3246292272456154e-06	-2.035799324227325e-09	-6.12552541733526	0.16360645471028368	0.007561776402070736
-999.0	540.0	-2.8716527192730805e-06	-1.624657950328082e-09	-6.335045166589625	0.1787082828857559	0.008758610162300217
-999.0	515.0	-4.301092580465007e-06	-1.2850300660687306e-09	-6.577844721391656	0.168794143155969	0.009894098519670096
-999.0	490.0	-5.747879880007278e-06	-7.663852136825385e-10	-6.714118115672962	0.08986902089768886	0.011031288704504245
-999.0	465.0	-6.660115877160057e-06	-3.757468697215403e-10	-6.6909554317410205	-0.06373070523049196	0.012213031612229508
-999.0	440.0	-7.165155468290751e-06	-3.8261869378924576e-10	-6.559431302640075	-0.2021790252607463	0.013478416952403401
-999.0	415.0	-7.281656426242427e-06	-3.9651015297853905e-10	-6.3063029609161285	-0.25910380623521734	0.014836119450704066
-999.0	390.0	-6.3907177783271686e-06	-3.394074139356261e-10	-5.88623605539775	-0.12175564586334968	0.016230132936266406
-999.0	365.0	-4.305382852764411e-06	-3.7850039323292413e-10	-5.2691019063378945	0.23326187104813548	0.017521317894660944
-999.0	340.0	-2.082532455298494e-06	-3.1860890952798014e-10	-4.486414833454275	0.6563462568101937	0.018546997996577594
-999.0	315.0	-6.727094175598547e-07	-2.3422296824517525e-10	-3.6109729971230826	1.0687477051418302	0.01917325784506154
-999.0	290.0	-3.338933505294878e-07	-5.198277856735956e-12	-2.8523628209706042	1.4191309169946562	0.01939544704273905
-999.0	265.0	-4.59297817319051e-07	1.5586515650998303e-10	-2.2745646265921704	1.7117849773738862	0.01934869393401829
-999.0	240.0	-3.083804427469027e-07	1.8913572885150597e-10	-1.729572449868285	2.016260035290035	0.019091204185633814
-999.0	215.0	-6.403564427581178e-08	1.3023584712125932e-10	-1.032196099099541	2.2856289422208667	0.018342777289005366
-999.0	190.0	-1.7900524230747273e-07	4.309170618596276e-11	-0.07837476406565316	2.3142307398863884	0.01642272666037543
-999.0	165.0	-4.363444647196895e-07	1.5897887077919528e-11	1.0062587796538462	1.9106444208121038	0.012632436504604373
-999.0	140.0	1.1998979802220868e-06	-7.232968098322402e-13	1.5728515295519103	1.2715701813476135	0.00635352055132194
-999.0	115.0	2.687504474809366e-06	-6.121691599544474e-13	2.002003633267703	0.8109882511256088	0.0010953849530798687
-999.0	90.0	4.1283346055135205e-06	-1.1090699761956559e-12	4.041106700920172	0.42680738910022537	1.0493620110529898e-06
-999.0	65.0	1.4270854523319812e-06	0.0	1.7110320454531838	0.20975380803654958	0.0
-999.0	40.0	3.892087707530581e-06	0.0	-8.12523707618688	-0.09856264599033186	0.0
-999.0	15.0	4.720307464275384e-06	0.0	-16.37974716483815	-0.09623173804789911	0.0
245.625	40	1005.6053856743706	day	levels	pres0
-999.0	990.0	1.3976621550772293e-05	5.796377858424408e-10	-2.528912276857429	-0.8003271982565314	-0.00019792777390479087
-999.0	965.0	5.352781700361288e-06	-3.616202061325393e-10	-3.9256760262780728	-1.2460421709757714	-0.0006522816670075476
-999.0	940.0	1.4371916013597342e-06	-2.896510102373999e-09	-4.87055805656645	-1.6710445479386382	-0.001310037471928279
-999.0	915.0	5.304165914608738e-07	-5.5004346085084245e-09	-5.541421986288494	-2.0842912919405423	-0.002037190533332565
-999.0	890.0	-6.116341431567698e-07	-8.844019745240838e-09	-6.070421685775121	-2.3996667195525427	-0.0025691918091054304
-999.0	865.0	-2.1375146734723713e-06	-1.0630829117108528e-08	-6.582041919231414	-2.5511555218448234	-0.0027792148877650914
-999.0	840.0	-1.31231479714682e-06	-1.3011588124316877e-08	-7.05878804789649	-2.502857382926676	-0.002654676766356732
-999.0	815.0	9.47617270328381e-07	-1.5794325197363418e-08	-7.446808848116134	-2.2803448521428638	-0.002236607943097066
-999.0	790.0	2.8603119677921506e-06	-1.773188056373373e-08	-7.727792759736379	-1.931400982456075	-0.001601524077545712
-999.0	765.0	4.037048590059082e-06	-1.7620145137002115e-08	-7.872676081127592	-1.5139901846026378	-0.0008423413020534128
-999.0	740.0	3.582427154559596e-06	-1.4578947893711795e-08	-7.791359146436053	-1.106765819920434	-5.176300495130436e-05
-999.0	715.0	1.5959677999310292e-06	-9.92848665056819e-09	-7.5041371716393375	-0.7464693623284501	0.0007221629278703033
-999.0	690.0	-2.5359458824688697e-07	-6.6141506429204e-09	-7.116765277253256	-0.4413473547125857	0.0015277316062920132
-999.0	665.0	-1.2211757065314384e-06	-5.6168047443929105e-09	-6.638730926646127	-0.2097402448869413	0.0024952533283163227
-999.0	640.0	-1.799814650260004e-06	-4.603640409186483e-09	-6.256145133740372	-0.042082429346111026	0.0036948367226626
-999.0	615.0	-2.1268928245307866e-06	-3.528215923852483e-09	-6.035773432089223	0.05066573723322818	0.005084512025685654
-999.0	590.0	-2.130415717450281e-06	-2.7539533218742567e-09	-5.9778544766207515	0.1086828728309936	0.006566166646453926
-999.0	565.0	-1.9934187056841674e-06	-2.1454288277855528e-09	-6.10556837916374	0.13545408989820212	0.007999572020420991
-999.0	540.0	-2.56892256323754e-06	-1.7455210193329105e-09	-6.307088024086422	0.1486786016159587	0.009310080448112145
-999.0	515.0	-4.016544043235941e-06	-1.4267086684143303e-09	-6.539933072196112	0.140015651161472	0.010548423860631713
-999.0	490.0	-5.47838152277019e-06	-9.117272599757629e-10	-6.668770502010982	0.06511880705753961	0.011781399625400814
-999.0	465.0	-6.423048825250408e-06	-4.701485096558355e-10	-6.6424297342697765	-0.08148523290745086	0.013060691959216829
-999.0	440.0	-6.9776489787424594e-06	-4.1421236402792045e-10	-6.511266154961452	-0.21107210901876292	0.014432968752717386
-999.0	415.0	-7.136822807499103e-06	-3.8046340593194357e-10	-6.2625089457465535	-0.2581913255982929	0.0159084963525188
-999.0	390.0	-6.298708720822577e-06	-3.071215672959769e-10	-5.851276634261011	-0.11313404313922443	0.01742799483555236
-999.0	365.0	-4.290596130706462e-06	-3.466056268650763e-10	-5.247228178299137	0.24556295796194005	0.01884404807468956
-999.0	340.0	-2.1267771529735147e-06	-2.9251446915027997e-10	-4.47872380581167	0.6668631343377959	0.019984303132200773
-999.0	315.0	-7.109929729155318e-07	-2.1432722882938252e-10	-3.6154844760894775	1.072638629728721	0.020704570909676468
-999.0	290.0	-3.3680481094590983e-07	1.2834004939611105e-11	-2.8620571721759105	1.4165241410438383	0.02098689214982509
-999.0	265.0	-4.299249921143515e-07	1.7704052093724811e-10	-2.28116179505984	1.7047172658559349	0.020946786850157523
-999.0	240.0	-2.3728053669019824e-07	2.035687450952088e-10	-1.7291595139023337	2.0050354138948023	0.020616260667884544
-999.0	215.0	1.4216520530344381e-08	1.3121112336847666e-10	-1.0276840581662126	2.2710291047890983	0.01969613767811192
-999.0	190.0	-1.6182630335808611e-07	4.1744576551368296e-11	-0.08186425641179068	2.3024566703372518	0.01751733765549357
-999.0	165.0	-3.863535684901346e-07	1.6584208478706738e-11	0.9849623235770397	1.905468784686592	0.013416182466017796
-999.0	140.0	1.2036806700411999e-06	-7.517009362292936e-13	1.5464790368245707	1.26486024296739	0.006712104330938122
-999.0	115.0	2.746423983078358e-06	-6.388097061478028e-13	1.9931424843768282	0.7984472589774263	0.0011295025859684607
-999.0	90.0	4.298702159208061e-06	-1.1866801498103434e-12	4.050310634904437	0.41803789469930885	1.1438359649295373e-06
-999.0	65.0	1.7371910903027947e-06	0.0	1.7401959365233775	0.2094179799314588	0.0
-999.0	40.0	4.335646650518209e-06	0.0	-8.098310626629328	-0.10889983723043568	0.0
-999.0	15.0	4.8672642564562e-06	0.0	-16.34749173124631	-0.11717114535470805	0.0
245.63888888888889	40	1005.1805011137029	day	levels	pres0
-999.0	990.0	1.2747283821505527e-05	5.052527519863317e-10	-2.533599728695432	-0.8037949299416911	-0.0001999654186955616
-999.0	965.0	4.625436082572363e-06	-6.925503176771975e-10	-3.872943550716192	-1.2260627673685907	-0.0006662409966912763
-999.0	940.0	7.596610966565408e-07	-3.349102794389413e-09	-4.7839620087617165	-1.6285723881151941	-0.0013353903900774524
-999.0	915.0	-1.1814190038147482e-07	-6.278026110656657e-09	-5.441997444188081	-2.025587313498026	-0.0020728452556230117
-999.0	890.0	-1.272049450890594e-06	-9.755230149558034e-09	-5.969501469606152	-2.331303998086999	-0.002618816285407346
-999.0	865.0	-2.7694522679615112e-06	-1.153727642566157e-08	-6.486460749749703	-2.47905247433847	-0.0028494776296693323
-999.0	840.0	-1.8675899175730592e-06	-1.3923063917641412e-08	-6.966642895598388	-2.4314715990747175	-0.002746758326828344
-999.0	815.0	4.450240505717308e-07	-1.6741193630529582e-08	-7.354410363568111	-2.2145888751119056	-0.0023436955563176827
-999.0	790.0	2.4152971438124917e-06	-1.8745624203107348e-08	-7.6365058466239235	-1.8750865585572434	-0.0017110149209030995
-999.0	765.0	3.646167024870199e-06	-1.8539147697685883e-08	-7.7863313938363605	-1.4689281157642748	-0.0009367962603609447
-999.0	740.0	3.1187552662695655e-06	-1.516868887765085e-08	-7.7152638347059685	-1.0719668125664263	-0.00011285509955599763
-999.0	715.0	8.935558480948105e-07	-9.993985596314818e-09	-7.441960384816222	-0.7203466362221796	0.0007088352341047243
-999.0	690.0	-1.1501380415519813e-06	-6.339729711258174e-09	-7.0699071288108275	-0.423921451662402	0.0015718146956050002
-999.0	665.0	-2.234172971778811e-06	-5.229109925077398e-09	-6.607939695548464	-0.20143005668103986	0.002600965504087639
-999.0	640.0	-2.875161304606432e-06	-4.241873986821709e-09	-6.236736993638805	-0.04430470193655812	0.003858559697595996
-999.0	615.0	-3.208424153835111e-06	-3.3251358852491105e-09	-6.020909949033337	0.036563349827352605	0.005292468904259649
-999.0	590.0	-3.1855539115352e-06	-2.649768691494752e-09	-5.962862439545573	0.0854947458733992	0.006798750672496374
-999.0	565.0	-2.98272994147712e-06	-2.093254720689292e-09	-6.0854343576931464	0.1074381995440008	0.008238493782665618
-999.0	540.0	-3.455002791861034e-06	-1.723202150697898e-09	-6.278942842542359	0.11877486079836505	0.009537979974466681
-999.0	515.0	-4.769669881851212e-06	-1.4438122480361995e-09	-6.50178927735042	0.1114105989144451	0.010747943789937799
-999.0	490.0	-6.1156549891820645e-06	-9.413005863441795e-10	-6.623171188213155	0.04055901828369094	0.01194084509211413
-999.0	465.0	-6.996988692260409e-06	-4.5276536605937704e-10	-6.593660759842997	-0.09906428272803038	0.013181400257500281
-999.0	440.0	-7.526293122759449e-06	-3.538179108097526e-10	-6.462881887768457	-0.2198124796060214	0.014527497557779517
-999.0	415.0	-7.673420364677047e-06	-3.073477066847504e-10	-6.218529949263593	-0.2571606773015025	0.015994712928120075
-999.0	390.0	-6.858233875207173e-06	-2.4259679237185685e-10	-5.816167834295295	-0.1044253202609337	0.017525189609075075
-999.0	365.0	-4.915406412999877e-06	-2.9143776657976933e-10	-5.225244422385682	0.25792422081218414	0.018968492128459028
-999.0	340.0	-2.792407039522272e-06	-2.480421655215761e-10	-4.470951688654102	0.677436916077131	0.020146378848857654
-999.0	315.0	-1.3390063392503504e-06	-1.8011067206016287e-10	-3.619931388876315	1.076601902609357	0.02090620438755222
-999.0	290.0	-8.618687563580808e-07	4.258701153896337e-11	-2.871701945447263	1.4139962305809304	0.021218357914470787
-999.0	265.0	-8.246283912755837e-07	2.0538954662019506e-10	-2.2877205957049265	1.697738155308696	0.021183379217334826
-999.0	240.0	-5.167945512013917e-07	2.2246950830206357e-10	-1.7286994279718764	1.993914267462151	0.02081551853358985
-999.0	215.0	-2.523171668332704e-07	1.3680957852087537e-10	-1.0231184498349581	2.256553590119468	0.01980727034200295
-999.0	190.0	-5.181674128184826e-07	4.418370362918398e-11	-0.08532189538153503	2.2908292396890784	0.017517353323530712
-999.0	165.0	-7.725294443224097e-07	1.8530673316397515e-11	0.9636561032614095	1.900438612901868	0.013347483810789665
-999.0	140.0	7.115890087831337e-07	-6.19082796817049e-13	1.5201026074139559	1.2582894057311393	0.006611704676768987
-999.0	115.0	2.223960967447763e-06	-5.351303922830848e-13	1.984283958504244	0.7859294116267006	0.0010534509480546604
-999.0	90.0	3.909945226490326e-06	-1.1536967203551005e-12	4.059514854241341	0.4092697650998845	1.1615756660330163e-06
-999.0	65.0	1.3998740144128518e-06	0.0	1.7693600139127015	0.2090820963839303	0.0
-999.0	40.0	3.9244261428942205e-06	0.0	-8.071382238817026	-0.11923691102041475	0.0
-999.0	15.0	4.2245816495273864e-06	0.0	-16.31523633444746	-0.1381107075140161	0.0
245.65277777777777	40	1004.7556165530361	day	levels	pres0
-999.0	990.0	1.1517946092241144e-05	4.3086771813070004e-10	-2.5382871805333753	-0.8072626616268251	-0.0002020047270324054
-999.0	965.0	3.898090464785051e-06	-1.0234804292209744e-09	-3.820211075154371	-1.2060833637614186	-0.0006802071878356836
-999.0	940.0	8.213059195510269e-08	-3.8016954864042556e-09	-4.697365960957126	-1.5861002282918009	-0.0013607510896003993
-999.0	915.0	-7.667003922220541e-07	-7.05561761280433e-09	-5.342572902087853	-1.966883335055596	-0.0021085110696682234
-999.0	890.0	-1.9324647586225273e-06	-1.066644055387477e-08	-5.868581253437389	-2.2629412766215693	-0.002668458662448439
-999.0	865.0	-3.401389862448792e-06	-1.2443723734214051e-08	-6.390879580268194	-2.4069494268322553	-0.0029197685833421308
-999.0	840.0	-2.4228650379977377e-06	-1.4834539710964711e-08	-6.87449774330049	-2.360085815222915	-0.0028388784454796336
-999.0	815.0	-5.7569169183658324e-08	-1.7688062063693836e-08	-7.262011879020309	-2.148832898081111	-0.0024508288368794745
-999.0	790.0	1.9702823198337107e-06	-1.9759367842478444e-08	-7.545218933511702	-1.8187721346585695	-0.0018205542755612497
-999.0	765.0	3.255285459681875e-06	-1.9458150258367266e-08	-7.699986706545363	-1.4238660469260476	-0.0010312947504088144
-999.0	740.0	2.6550833779802034e-06	-1.575842986158847e-08	-7.639168522976096	-1.037167805212529	-0.00017397591273132107
-999.0	715.0	1.9114389625978853e-07	-1.0059484542061302e-08	-7.379783597993288	-0.6942239101159914	0.0006955012741734831
-999.0	690.0	-2.046681494855433e-06	-6.0653087795965265e-09	-7.023048980368526	-0.4064955486122719	0.0016159173264266673
-999.0	665.0	-3.2471702370242014e-06	-4.841415105762697e-09	-6.577148464450874	-0.19311986847516435	0.0027067215882283398
-999.0	640.0	-3.950507958950657e-06	-3.880107564457683e-09	-6.217328853537275	-0.04652697452700238	0.0040223469190099215
-999.0	615.0	-4.289955483137137e-06	-3.1220558466461302e-09	-6.0060464659774775	0.02246096242150926	0.005500505153998465
-999.0	590.0	-4.2406921056177966e-06	-2.5455840611154594e-09	-5.947870402470418	0.062306618915858994	0.007031425992501147
-999.0	565.0	-3.9720411772678505e-06	-2.0410806135931445e-09	-6.065300336222596	0.07942230918986454	0.008477517366133417
-999.0	540.0	-4.341083020482487e-06	-1.7008832820629282e-09	-6.2507976609983675	0.08887111998084164	0.009765981153402763
-999.0	515.0	-5.5227957204647225e-06	-1.460915827657978e-09	-6.463645482504824	0.08280554666748742	0.010947551670793495
-999.0	490.0	-6.752928455592464e-06	-9.70873912712428e-10	-6.577571874415454	0.015999229509902048	0.012100357598256537
-999.0	465.0	-7.570928559269102e-06	-4.3538222246284835e-10	-6.544891785416358	-0.11664333254856837	0.013302155357805101
-999.0	440.0	-8.074937266775204e-06	-2.9342345759166304e-10	-6.414497620575612	-0.22855285019325944	0.01462205976224706
-999.0	415.0	-8.210017921853801e-06	-2.342320074377136e-10	-6.174550952780783	-0.2561300290047125	0.01608095725487392
-999.0	390.0	-7.4177590295905224e-06	-1.78072017447874e-10	-5.781059034329706	-0.095716597382661	0.017622412810752826
-999.0	365.0	-5.540216695291878e-06	-2.36269906294574e-10	-5.203260666472318	0.27028548366239774	0.01909296926703781
-999.0	340.0	-3.4580369260694636e-06	-2.0356986189296248e-10	-4.46317957149658	0.6880106978164319	0.020308494533274497
-999.0	315.0	-1.9670197055835343e-06	-1.4589411529101776e-10	-3.624378301663163	1.080565175489964	0.021107885127692915
-999.0	290.0	-1.3869327017687071e-06	7.234001813824648e-11	-2.8813467187186057	1.4114683201180063	0.021449874263035157
-999.0	265.0	-1.219331790435505e-06	2.337385723030697e-10	-2.294279396349999	1.6907590447614556	0.02142001627271786
-999.0	240.0	-7.963085657115866e-07	2.413702715088666e-10	-1.7282393420414057	1.9827931210295182	0.021014803047662976
-999.0	215.0	-5.188508541960685e-07	1.4240803367325727e-10	-1.0185528415036822	2.242078075449869	0.019918409192615106
-999.0	190.0	-8.745085222779732e-07	4.6622830706988305e-11	-0.0887795343512201	2.2792018090409276	0.0175173689908339
-999.0	165.0	-1.1587053201535138e-06	2.047713815407885e-11	0.9423498829458825	1.8954084411171515	0.013278786530691622
-999.0	140.0	2.194973475264255e-07	-4.864646574059092e-13	1.493726178003413	1.2517185684948915	0.006511301056505166
-999.0	115.0	1.70149795181846e-06	-4.31451078418635e-13	1.9754254326316334	0.7734115642759947	0.000977393926590811
-999.0	90.0	3.521188293773592e-06	-1.1207132909000866e-12	4.068719073578159	0.40050163550049767	1.179313295951062e-06
-999.0	65.0	1.0625569385239215e-06	0.0	1.798524091301911	0.20874621283642397	0.0
-999.0	40.0	3.513205635271516e-06	0.0	-8.044453851004821	-0.12957398481033935	0.0
-999.0	15.0	3.5818990426005727e-06	0.0	-16.282980937648716	-0.15905026967325575	0.0
245.66666666666666	40	1004.330731992368	day	levels	pres0
-999.0	990.0	1.0288608362974206e-05	3.5648268427466865e-10	-2.542974632371374	-0.8107303933119872	-0.00020404569869652262
-999.0	965.0	3.1707448469960915e-06	-1.3544105407655685e-09	-3.7674785995924767	-1.186103960154239	-0.0006941802404231739
-999.0	940.0	-5.953999127481257e-07	-4.2542881784196855e-09	-4.610769913152373	-1.5436280684683548	-0.0013861195707742292
-999.0	915.0	-1.4152588840644975e-06	-7.833209114952732e-09	-5.24314835998742	-1.9081793566130743	-0.0021441879759489485
-999.0	890.0	-2.5928800663564587e-06	-1.1577650958192206e-08	-5.7676610372684065	-2.1945785551560166	-0.0027181189411162343
-999.0	865.0	-4.033327456938024e-06	-1.3350171042767339e-08	-6.29529841078647	-2.334846379325895	-0.0029900877500999264
-999.0	840.0	-2.9781401584240384e-06	-1.5746015504289478e-08	-6.782352591002377	-2.2887000313709494	-0.0029310371236188943
-999.0	815.0	-5.601623889403637e-07	-1.863493049686019e-08	-7.169613394472275	-2.083076921050147	-0.0025580077858142437
-999.0	790.0	1.5252674958539845e-06	-2.077311148185218e-08	-7.453932020399241	-1.7624577107597357	-0.0019301421421619915
-999.0	765.0	2.8644038944929257e-06	-2.03771528190511e-08	-7.613642019254124	-1.3788039780876826	-0.0011258367724268433
-999.0	740.0	2.1914114896901078e-06	-1.6348170845527564e-08	-7.563073211246005	-1.0023687978585214	-0.00023512544451338634
-999.0	715.0	-5.112680555765107e-07	-1.0124983487807958e-08	-7.3176068111701715	-0.6681011840097216	0.0006821610480607896
-999.0	690.0	-2.9432249481606173e-06	-5.7908878479343226e-09	-6.976190831926095	-0.3890696455620904	0.0016600394987762786
-999.0	665.0	-4.2601675022716625e-06	-4.453720286447204e-09	-6.546357233353213	-0.18480968026926695	0.0028125215805511294
-999.0	640.0	-5.025854613297186e-06	-3.5183411420929086e-09	-6.197920713435708	-0.048749247117455694	0.004186198386458651
-999.0	615.0	-5.371486812441595e-06	-2.9189758080427194e-09	-5.991182982921593	0.008358575015625085	0.0057086207744267686
-999.0	590.0	-5.295830299702877e-06	-2.441399430735902e-09	-5.9328783653952355	0.03911849195825461	0.0072641926061740155
-999.0	565.0	-4.961352413060984e-06	-1.988906506496829e-09	-6.045166314752002	0.05140641883565296	0.00871664277090073
-999.0	540.0	-5.227163249106164e-06	-1.6785644134278574e-09	-6.2226524794543066	0.05896737916323833	0.009994083985313793
-999.0	515.0	-6.275921559080159e-06	-1.4780194072797883e-09	-6.425501687659133	0.0542004944204523	0.011147247503743452
-999.0	490.0	-7.390201922004489e-06	-1.0004472390807851e-09	-6.531972560617624	-0.008560559263953542	0.01225993714430285
-999.0	465.0	-8.14486842627924e-06	-4.1799907886632265e-10	-6.496122810989578	-0.13422238236915351	0.01342295726045476
-999.0	440.0	-8.623581410792324e-06	-2.330290043734319e-10	-6.366113353382615	-0.23729322078052206	0.014716655366362581
-999.0	415.0	-8.746615479031856e-06	-1.6111630819047446e-10	-6.13057195629782	-0.2550993807079245	0.016167229333005156
-999.0	390.0	-7.977284183975218e-06	-1.1354724252372517e-10	-5.7459502343639866	-0.08700787450436967	0.0177196644408175
-999.0	365.0	-6.165026977585394e-06	-1.8110204600925874e-10	-5.1812769105588625	0.28264674651264565	0.019217479490673765
-999.0	340.0	-4.123666812618307e-06	-1.5909755826426138e-10	-4.455407454339008	0.6985844795557726	0.020470650185669546
-999.0	315.0	-2.5950330719184056e-06	-1.1167755852180299e-10	-3.628825214449996	1.0845284483706052	0.0213096131302103
-999.0	290.0	-1.911996647180889e-06	1.0209302473759457e-10	-2.8909914919899546	1.4089404096551044	0.021681441195545884
-999.0	265.0	-1.6140351895967144e-06	2.6208759798601485e-10	-2.3008381969950826	1.6837799342142254	0.02165669801629353
-999.0	240.0	-1.0758225802227333e-06	2.6027103471572204e-10	-1.7277792561109444	1.9716719745968774	0.02121411421009075
-999.0	215.0	-7.85384541559634e-07	1.480064888256577e-10	-1.0139872331724182	2.2276025607802477	0.020029554229946296
-999.0	190.0	-1.2308496317383583e-06	4.906195778480516e-11	-0.09223717332095202	2.2675743783927595	0.01751738465740274
-999.0	165.0	-1.544881195985811e-06	2.242360299177018e-11	0.9210436626302622	1.8903782693324296	0.013210090625723129
-999.0	140.0	-2.7259431373170667e-07	-3.538465179936611e-13	1.4673497485927982	1.245147731258642	0.00641089347014621
-999.0	115.0	1.1790349361877677e-06	-3.277717645538732e-13	1.9665669067590426	0.7608937169252694	0.0009013315215767381
-999.0	90.0	3.132431361055796e-06	-1.087729861444826e-12	4.077923292915058	0.3917335059010767	1.1970488546836004e-06
-999.0	65.0	7.252398626339569e-07	0.0	1.8276881686912316	0.2084103292888985	0.0
-999.0	40.0	3.1019851276475004e-06	0.0	-8.017525463192522	-0.13991105860031738	0.0
-999.0	15.0	2.939216435671651e-06	0.0	-16.250725540849867	-0.17998983183256537	0.0
245.68055555555554	40	1003.905847431701	day	levels	pres0
-999.0	990.0	9.059270633709823e-06	2.820976504190368e-10	-2.547662084209317	-0.8141981249971209	-0.00020608833346899506
-999.0	965.0	2.443399229208779e-06	-1.685340652309346e-09	-3.714746124030655	-1.1661245565470668	-0.0007081601544359125
-999.0	940.0	-1.2729304174495647e-06	-4.70688087043453e-09	-4.524173865347782	-1.5011559086449608	-0.0014114958338755715
-999.0	915.0	-2.0638173759050764e-06	-8.610800617100405e-09	-5.143723817887191	-1.849475378170645	-0.002179875974945252
-999.0	890.0	-3.253295374088393e-06	-1.248886136250894e-08	-5.666740821099643	-2.1262158336905883	-0.002767797122297457
-999.0	865.0	-4.6652650514253075e-06	-1.4256618351319816e-08	-6.19971724130496	-2.2627433318196806	-0.0030604351312584154
-999.0	840.0	-3.533415278848717e-06	-1.6657491297612778e-08	-6.690207438704477	-2.217314247519146	-0.003023234362553895
-999.0	815.0	-1.0627556086957534e-06	-1.9581798930024453e-08	-7.077214909924473	-2.017320944019352	-0.002665232404153518
-999.0	790.0	1.0802526718752034e-06	-2.1786855121223284e-08	-7.362645107287021	-1.706143286861061	-0.002039778521347147
-999.0	765.0	2.473522329304602e-06	-2.1296155379732494e-08	-7.527297331963127	-1.3337419092494556	-0.0012204223266451507
-999.0	740.0	1.7277396014007444e-06	-1.693791182946519e-08	-7.486977899516133	-0.9675697905046242	-0.00029630369493897457
-999.0	715.0	-1.2136800074115326e-06	-1.0190482433554443e-08	-7.255430024347236	-0.6419784579035329	0.000668814555749713
-999.0	690.0	-3.839768401464069e-06	-5.516466916272673e-09	-6.929332683483792	-0.37164374251196036	0.0017041812126714316
-999.0	665.0	-5.273164767517055e-06	-4.066025467132503e-09	-6.515566002255624	-0.17649949206339155	0.002918365480866528
-999.0	640.0	-6.101201267641412e-06	-3.1565747197288844e-09	-6.17851257333418	-0.050971519707899926	0.004350114099493852
-999.0	615.0	-6.453018141743619e-06	-2.7158957694397403e-09	-5.976319499865732	-0.005743812390218123	0.005916815765066418
-999.0	590.0	-6.350968493785472e-06	-2.3372148003566082e-09	-5.917886328320086	0.015930365000714257	0.0074970505132180235
-999.0	565.0	-5.950663648851714e-06	-1.936732399400683e-09	-6.025032293281452	0.02339052848151678	0.008955869997041437
-999.0	540.0	-6.1132434777276185e-06	-1.656245544792888e-09	-6.194507297910312	0.02906363834571496	0.010222288470591232
-999.0	515.0	-7.02904739769367e-06	-1.4951229869015675e-09	-6.387357892813538	0.025595442173494548	0.011347031289330999
-999.0	490.0	-8.027475388414892e-06	-1.0300205654490332e-09	-6.486373246819926	-0.03312034803774232	0.012419583730727338
-999.0	465.0	-8.718808293287933e-06	-4.006159352697934e-10	-6.44735383656294	-0.1518014321896916	0.013543805965772853
-999.0	440.0	-9.172225554808073e-06	-1.726345511553428e-10	-6.31772908618977	-0.24603359136776015	0.014811284370369446
-999.0	415.0	-9.283213036208609e-06	-8.800060894343805e-11	-6.0865929598150075	-0.25406873241113465	0.016253529162739748
-999.0	390.0	-8.536809338358567e-06	-4.9022467599743e-11	-5.710841434398396	-0.07829915162609712	0.017816944499502434
-999.0	365.0	-6.789837259877397e-06	-1.2593418572406325e-10	-5.159293154645499	0.2950080093628594	0.019342022799616186
-999.0	340.0	-4.789296699165498e-06	-1.1462525463564771e-10	-4.447635337181488	0.7091582612950732	0.020632845806262182
-999.0	315.0	-3.223046438251589e-06	-7.746100175265778e-11	-3.633272127236845	1.0884917212512126	0.02151138839521681
-999.0	290.0	-2.4370605925915154e-06	1.3184603133687758e-10	-2.900636265261297	1.4064124991921798	0.02191305871203103
-999.0	265.0	-2.0087385887566356e-06	2.904366236688895e-10	-2.307396997640155	1.676800823666986	0.021893424448048787
-999.0	240.0	-1.3553365947329278e-06	2.791717979225251e-10	-1.7273191701804738	1.9605508281642443	0.02141345202086003
-999.0	215.0	-1.0519182289224325e-06	1.536049439780396e-10	-1.0094216248411425	2.213127046110648	0.020140705453994722
-999.0	190.0	-1.58719074119785e-06	5.1501084862609503e-11	-0.09569481229063721	2.2559469477446092	0.017517400323237606
-999.0	165.0	-1.931057071816916e-06	2.4370067829451513e-11	0.8997374423147347	1.8853480975477133	0.013141396095884673
-999.0	140.0	-7.646859749884151e-07	-2.2122837858252108e-13	1.440973319182256	1.2385768940223938	0.006310481917692784
-999.0	115.0	6.56571920558465e-07	-2.2409245068942286e-13	1.9577083808864326	0.7483758695745639	0.0008252637330129679
-999.0	90.0	2.7436744283390627e-06	-1.0547464319898118e-12	4.087127512251875	0.38296537630169014	1.2147823422308882e-06
-999.0	65.0	3.8792278674502693e-07	0.0	1.8568522460804417	0.20807444574139214	0.0
-999.0	40.0	2.6907646200247957e-06	0.0	-7.9905970753803155	-0.15024813239024193	0.0
-999.0	15.0	2.296533828744837e-06	0.0	-16.21847014405112	-0.20092939399180498	0.0
