z[m]	p[mb]	tp[K]	q[g/kg]	u[m/s]	v[m/s]
244.0	40	1003.9638977050785	day	levels	pres0
-999.0	990.0	300.53253158467464	15.816618783133372	-3.032900234418257	-0.4085288590618544
-999.0	965.0	301.7678861822364	15.227106230599542	-4.600784233638218	-0.7506039323551316
-999.0	940.0	302.64397348403696	14.875424589429587	-5.260322783674513	-0.92037827202252
-999.0	915.0	303.5537840629767	14.286544118608752	-5.786837816238404	-1.094547589974744
-999.0	890.0	304.4680455555795	13.503459930419922	-6.3158979075295605	-1.3013961756868022
-999.0	865.0	305.47163651813497	12.472524234226775	-6.856105004038131	-1.446762198050107
-999.0	840.0	306.48944455770607	11.325737885066445	-7.375704901559013	-1.4483136534690857
-999.0	815.0	307.49686035017714	10.165873902184623	-7.818081412996565	-1.3014014824958786
-999.0	790.0	308.5875840699885	9.010091611317227	-8.179705023765564	-1.0763091868055719
-999.0	765.0	309.8295143843715	7.868113194193161	-8.4435864176069	-0.8388289968882289
-999.0	740.0	311.1298183382334	6.871467113494873	-8.497939944267275	-0.6296054811349937
-999.0	715.0	312.42052811886737	6.078057765960695	-8.334037814821516	-0.4586109455142703
-999.0	690.0	313.6964834724117	5.390629308564323	-8.03231499876295	-0.32863910389798046
-999.0	665.0	314.9361929138754	4.82901246207101	-7.584645135062083	-0.2503300032445363
-999.0	640.0	316.24855233411097	4.338454995836533	-7.169547804764338	-0.19834265112876892
-999.0	615.0	317.6678213080128	3.931336607251849	-6.8430753265108395	-0.17103963025978633
-999.0	590.0	319.31298058543405	3.5183381864002783	-6.667277110474451	-0.14097943210176062
-999.0	565.0	321.2160762261796	3.082927473953793	-6.687865810734888	-0.1167311615177564
-999.0	540.0	323.2144954625892	2.6404103594166894	-6.850973568856718	-0.17718543644462315
-999.0	515.0	325.24624826470176	2.1713920363358095	-7.161306662218912	-0.3578258928443705
-999.0	490.0	327.2979191718177	1.745163506695203	-7.549396010381837	-0.6289967689663172
-999.0	465.0	329.33631046784313	1.3618786803313663	-7.980494652475631	-0.9492651532803266
-999.0	440.0	331.3774024713848	1.0609014396156584	-8.337667124611992	-1.1155549841267722
-999.0	415.0	333.3925742488388	0.8408094804201809	-8.531492109809605	-1.0645144815955847
-999.0	390.0	335.380762706204	0.6630624319825854	-8.435716284172878	-0.9199866599270277
-999.0	365.0	337.2824804192573	0.5230796464851925	-7.97535293017115	-0.7565032190510208
-999.0	340.0	339.02135537667914	0.41585653594561994	-7.193237875189102	-0.6932964239801681
-999.0	315.0	340.5619390860409	0.33640728012791704	-6.143950747592109	-0.7278402468987875
-999.0	290.0	342.0363892668199	0.26105317393583916	-5.010169790126384	-0.6756379199879511
-999.0	265.0	343.53722889873137	0.19400327333382203	-3.8620209523609716	-0.46725436406476156
-999.0	240.0	345.1014820990839	0.1316921695002488	-2.6319306577954977	-0.19082756127629963
-999.0	215.0	346.79045529029617	0.07987620974225658	-1.1988816942487446	0.06418838777712411
-999.0	190.0	348.9171920572451	0.04458786600402425	0.6137612887791226	0.267345582800252
-999.0	165.0	351.89761329378035	0.022632191489849778	2.75516859122685	0.3732369754995618
-999.0	140.0	356.8118386205396	0.010377566330134869	4.26179073538099	0.4064154249749014
-999.0	115.0	368.09187976594177	0.005929749625335849	4.704926139542035	0.42487298697233206
-999.0	90.0	393.4777617204831	0.0051215219344677675	5.293726960463184	0.44002578034996986
-999.0	65.0	441.32385840788163	0.003632901302937951	0.6901211077347399	0.49757625681481216
-999.0	40.0	532.0778889828018	0.013385934954775237	-10.568829111754896	0.3418988484357085
-999.0	15.0	722.79684870703	0.07140228657850199	-19.338817051478795	0.28744978989873615
244.01388888888889	40	1004.1187715076268	day	levels	pres0
-999.0	990.0	300.48140877141543	15.822078046344581	-3.0315361590612215	-0.4385242632457546
-999.0	965.0	301.76172853961225	15.235454037075954	-4.629980825242546	-0.7952472607989974
-999.0	940.0	302.65382848367074	14.877111851222933	-5.307299645174152	-0.9768080368993375
-999.0	915.0	303.55981591594775	14.283393867432139	-5.834117981176574	-1.1604252883366823
-999.0	890.0	304.46511634135084	13.498744911617727	-6.357993052119345	-1.371755232177156
-999.0	865.0	305.4577391602666	12.472505092620885	-6.895682066205991	-1.5186170651799966
-999.0	840.0	306.4655196952165	11.33220049691583	-7.416019027195325	-1.5208395170787918
-999.0	815.0	307.466519095029	10.17409818891499	-7.861153859940834	-1.3738494921062678
-999.0	790.0	308.5552051399897	9.013146453433588	-8.223152086848351	-1.143194225838588
-999.0	765.0	309.7968104473247	7.8664623025863945	-8.481099200627199	-0.8925048169932017
-999.0	740.0	311.09778070729743	6.869654471912076	-8.523057481599256	-0.6670417442829697
-999.0	715.0	312.39037592713254	6.07901454728747	-8.343202507685104	-0.48075653716097716
-999.0	690.0	313.6688638595507	5.394349794539196	-8.025561892797064	-0.33786637176362383
-999.0	665.0	314.91184782401604	4.835609896788532	-7.563221315542832	-0.24974858902750008
-999.0	640.0	316.22740135384055	4.345641019798473	-7.139221605800417	-0.18941914278362598
-999.0	615.0	317.6492272197493	3.936070628582493	-6.811643133324267	-0.1552914697972377
-999.0	590.0	319.29426609372365	3.520766467329061	-6.638557531767407	-0.11938504815572115
-999.0	565.0	321.1937287707548	3.0834076186967296	-6.665055272834638	-0.0899221523265434
-999.0	540.0	323.18759754108146	2.6391303794724594	-6.833437491503974	-0.14336277630235272
-999.0	515.0	325.21475340046715	2.168717786433203	-7.14710407443936	-0.31509376163515596
-999.0	490.0	327.26307353452324	1.7420983735531073	-7.536156777351616	-0.5799882420825991
-999.0	465.0	329.2998239312442	1.3594427709541603	-7.966525235346372	-0.8987527877860566
-999.0	440.0	331.340154281485	1.0587107137082092	-8.32646513694807	-1.068975147525072
-999.0	415.0	333.3555144516851	0.838681270915362	-8.527761405304295	-1.0274494302214845
-999.0	390.0	335.34610330108995	0.6612335347703502	-8.43978377892856	-0.8943669795102842
-999.0	365.0	337.2526099594835	0.5217080838268695	-7.984016815821316	-0.7419316632495675
-999.0	340.0	338.9972244204166	0.4150167672288788	-7.197489787661819	-0.6857551685164848
-999.0	315.0	340.54416467016506	0.3360926957416627	-6.134710429206697	-0.7229872214652304
-999.0	290.0	342.0263508408914	0.261063526754105	-4.9878425317860415	-0.6738601651131552
-999.0	265.0	343.5365558248426	0.1941830736422352	-3.8296926970046203	-0.46883487322976464
-999.0	240.0	345.10886820658277	0.13187997570882254	-2.587222000524812	-0.18977613232677587
-999.0	215.0	346.79669780326947	0.08002512384619972	-1.136416944246356	0.07360967910951062
-999.0	190.0	348.90582656762916	0.0446244100079176	0.6939451145748395	0.28472578170755153
-999.0	165.0	351.8594591894532	0.022598669036394955	2.8365352745094947	0.40257599205523054
-999.0	140.0	356.757055709298	0.010367728185854729	4.310265140874101	0.45418283508893353
-999.0	115.0	368.05461599546123	0.005934278580493176	4.703954267123391	0.473889314111372
-999.0	90.0	393.50508056585016	0.0051396300144020855	5.273911160372522	0.45403870640120747
-999.0	65.0	441.41501432766916	0.003621738213705741	0.6820274230743005	0.47322762398683554
-999.0	40.0	532.1407598527074	0.013428018317513592	-10.531845185491735	0.3156147857033697
-999.0	15.0	722.8127625479989	0.07143744672574705	-19.284878745911534	0.27315108365717683
244.02777777777777	40	1004.2736453101751	day	levels	pres0
-999.0	990.0	300.43028595815633	15.82753730955578	-3.030172083704245	-0.4685196674295705
-999.0	965.0	301.75557089698833	15.24380184355236	-4.659177416846852	-0.8398905892427527
-999.0	940.0	302.66368348330434	14.87879911301628	-5.354276506673701	-1.033237801776023
-999.0	915.0	303.5658477689188	14.2802436162555	-5.881398146114631	-1.2263029866984647
-999.0	890.0	304.46218712712226	13.494029892815488	-6.400088196709026	-1.4421142886673364
-999.0	865.0	305.4438418023983	12.472485951014928	-6.93525912837375	-1.5904719323096945
-999.0	840.0	306.44159483272705	11.338663108765132	-7.45633315283153	-1.593365380688288
-999.0	815.0	307.4361778398811	10.182322475645275	-7.904226306884989	-1.4462975017164341
-999.0	790.0	308.5228262099911	9.016201295549907	-8.266599149931025	-1.2100792648713894
-999.0	765.0	309.764106510278	7.864811410979621	-8.518611983647407	-0.9461806370979938
-999.0	740.0	311.06574307636146	6.867841830329294	-8.548175018931182	-0.7044780074308106
-999.0	715.0	312.3602237353978	6.079971328614253	-8.352367200548683	-0.5029021288075938
-999.0	690.0	313.64124424668967	5.398070280514066	-8.018808786831208	-0.34709363962921774
-999.0	665.0	314.8875027341569	4.842207331506032	-7.541797496023642	-0.24916717481044923
-999.0	640.0	316.20625037357047	4.352827043760389	-7.108895406836568	-0.18049563443849787
-999.0	615.0	317.630633131486	3.9408046499131206	-6.780210940137756	-0.13954330933472692
-999.0	590.0	319.27555160201325	3.523194748257834	-6.609837953060403	-0.09779066420973884
-999.0	565.0	321.17138131533005	3.0838877634396638	-6.6422447349344065	-0.06311314313540385
-999.0	540.0	323.16069961957373	2.6378503995282316	-6.815901414151237	-0.10954011616017542
-999.0	515.0	325.18325853623276	2.1660435365306023	-7.1329014866598115	-0.2723616304260577
-999.0	490.0	327.22822789722886	1.7390332404110185	-7.522917544321414	-0.530979715199009
-999.0	465.0	329.2633373946454	1.3570068615769593	-7.9525558182171485	-0.8482404222919101
-999.0	440.0	331.3029060915855	1.0565199878007654	-8.31526314928419	-1.0223953109234774
-999.0	415.0	333.31845465453154	0.8365530614105489	-8.524030700799026	-0.9903843788474601
-999.0	390.0	335.3114438959761	0.6594046375581203	-8.44385127368428	-0.8687472990935861
-999.0	365.0	337.22273949970975	0.5203365211685503	-7.992680701471512	-0.7273601074481344
-999.0	340.0	338.9730934641541	0.41417699851213974	-7.201741700134584	-0.6782139130528027
-999.0	315.0	340.5263902542893	0.3357781113554089	-6.125470110821355	-0.7181341960316613
-999.0	290.0	342.01631241496295	0.2610738795723707	-4.965515273445786	-0.6720824102383269
-999.0	265.0	343.53588275095393	0.19436287395064786	-3.7973644416483774	-0.4704153823947122
-999.0	240.0	345.11625431408163	0.13206778191739593	-2.5425133432542717	-0.18872470337720065
-999.0	215.0	346.8029403162429	0.0801740379501429	-1.073952194244168	0.08303097044191167
-999.0	190.0	348.8944610780133	0.04466095401181113	0.7741289403703172	0.30210598061481025
-999.0	165.0	351.8213050851261	0.022565146582940284	2.9179019577919205	0.43191500861077714
-999.0	140.0	356.70227279805636	0.010357890041574601	4.358739546367084	0.5019502452027452
-999.0	115.0	368.01735222498075	0.005938807535650474	4.702982394704742	0.5229056412501691
-999.0	90.0	393.53239941121717	0.005157738094336331	5.254095360281928	0.46805163245233283
-999.0	65.0	441.5061702474567	0.0036105751244735677	0.6739337384139056	0.4488789911588934
-999.0	40.0	532.203630722613	0.013470101680251801	-10.49486125922867	0.2893307229711047
-999.0	15.0	722.8286763889678	0.07147260687299192	-19.230940440344458	0.2588523774156548
244.04166666666666	40	1004.4285191127235	day	levels	pres0
-999.0	990.0	300.37916314489706	15.832996572766985	-3.028808008347216	-0.498515071613468
-999.0	965.0	301.74941325436424	15.25214965002878	-4.6883740084511905	-0.8845339176866173
-999.0	940.0	302.67353848293794	14.880486374809633	-5.40125336817335	-1.089667566652841
-999.0	915.0	303.5718796218899	14.27709336507889	-5.9286783110528125	-1.292180685060405
-999.0	890.0	304.45925791289363	13.489314874013283	-6.44218334129882	-1.512473345157693
-999.0	865.0	305.42994444453	12.472466809409035	-6.974836190541619	-1.6623267994395863
-999.0	840.0	306.4176699702375	11.34512572061451	-7.496647278467847	-1.6658912442979976
-999.0	815.0	307.40583658473315	10.190546762375634	-7.947298753829263	-1.5187455113268287
-999.0	790.0	308.4904472799923	9.019256137666268	-8.310046213013816	-1.2769643039044118
-999.0	765.0	309.7314025732312	7.863160519372853	-8.556124766667708	-0.9998564572029733
-999.0	740.0	311.0337054454254	6.866029188746498	-8.573292556263164	-0.741914270578793
-999.0	715.0	312.33007154366305	6.080928109941028	-8.361531893412272	-0.5250477204543073
-999.0	690.0	313.61362463382846	5.401790766488939	-8.01205568086532	-0.3563209074948675
-999.0	665.0	314.86315764429753	4.848804766223553	-7.520373676504385	-0.2485857605934191
-999.0	640.0	316.1850993933002	4.360013067722331	-7.078569207872638	-0.1715721260933606
-999.0	615.0	317.6120390432226	3.9455386712437663	-6.7487787469511735	-0.12379514887218296
-999.0	590.0	319.2568371103028	3.525623029186618	-6.581118374353351	-0.07619628026370333
-999.0	565.0	321.1490338599052	3.0843679081826014	-6.619434197034147	-0.0363041339441935
-999.0	540.0	323.13380169806595	2.6365704195840025	-6.798365336798483	-0.07571745601790596
-999.0	515.0	325.15176367199814	2.163369286627997	-7.118698898880249	-0.22962949921684214
-999.0	490.0	327.19338225993437	1.7359681072689241	-7.509678311291181	-0.48197118831528785
-999.0	465.0	329.2268508580466	1.354570952199754	-7.938586401087878	-0.7977280567976363
-999.0	440.0	331.2656579016858	1.0543292618933169	-8.304061161620256	-0.9758154743217738
-999.0	415.0	333.2813948573778	0.8344248519057303	-8.520299996293707	-0.953319327473359
-999.0	390.0	335.2767844908621	0.6575757403458853	-8.447918768439958	-0.8431276186768446
-999.0	365.0	337.19286903993583	0.5189649585102276	-8.001344587121677	-0.7127885516466865
-999.0	340.0	338.94896250789145	0.41333722979539866	-7.2059936126073065	-0.670672657589125
-999.0	315.0	340.50861583841345	0.3354635269691545	-6.116229792435948	-0.7132811705981076
-999.0	290.0	342.0062739890343	0.2610842323906365	-4.943188015105449	-0.6703046553635315
-999.0	265.0	343.53520967706527	0.19454267425906113	-3.7650361862920327	-0.4719958915597123
-999.0	240.0	345.12364042158043	0.13225558812596974	-2.4978046859835894	-0.1876732744276708
-999.0	215.0	346.8091828292163	0.08032295205408616	-1.0114874442417812	0.09245226177430692
-999.0	190.0	348.8830955883974	0.04469749801570457	0.8543127661660375	0.31948617952211894
-999.0	165.0	351.78315098079895	0.02253162412948548	2.999268641074573	0.46125402516645275
-999.0	140.0	356.6474898868147	0.010348051897294461	4.4072139518602	0.549717655316779
-999.0	115.0	367.9800884545002	0.005943336490807799	4.702010522286103	0.5719219683892026
-999.0	90.0	393.5597182565841	0.005175846174270646	5.234279560191273	0.48206455850355756
-999.0	65.0	441.5973261672443	0.0035994120352413565	0.6658400537534725	0.4245303583309073
-999.0	40.0	532.2665015925187	0.013512185042990158	-10.457877332965504	0.2630466602387631
-999.0	15.0	722.8445902299367	0.07150776702023696	-19.177002134777194	0.24455367117409818
244.05555555555554	40	1004.5833929152718	day	levels	pres0
-999.0	990.0	300.32804033163796	15.838455835978195	-3.027443932990239	-0.5285104757972839
-999.0	965.0	301.74325561174027	15.260497456505185	-4.717570600055497	-0.9291772461303726
-999.0	940.0	302.68339348257166	14.882173636602978	-5.448230229672901	-1.1460973315295264
-999.0	915.0	303.5779114748609	14.27394311390226	-5.975958475990869	-1.3580583834221875
-999.0	890.0	304.45632869866506	13.484599855211046	-6.484278485888499	-1.5828324016478728
-999.0	865.0	305.4160470866617	12.47244766780308	-7.014413252709378	-1.734181666569284
-999.0	840.0	306.393745107748	11.351588332463812	-7.536961404104053	-1.738417107907494
-999.0	815.0	307.37549532958525	10.19877104910592	-7.99037120077342	-1.5911935209369954
-999.0	790.0	308.45806834999365	9.022310979782585	-8.353493276096494	-1.3438493429372131
-999.0	765.0	309.6986986361844	7.861509627766082	-8.593637549687916	-1.0535322773077656
-999.0	740.0	311.0016678144894	6.864216547163712	-8.598410093595088	-0.7793505337266342
-999.0	715.0	312.29991935192834	6.081884891267812	-8.370696586275848	-0.5471933121009241
-999.0	690.0	313.58600502096743	5.40551125246381	-8.005302574899464	-0.3655481753604615
-999.0	665.0	314.8388125544383	4.855402200941054	-7.498949856985196	-0.24800434637636826
-999.0	640.0	316.16394841302997	4.367199091684247	-7.0482430089087895	-0.16264861774823255
-999.0	615.0	317.5934449549593	3.950272692574394	-6.717346553764662	-0.1080469884096723
-999.0	590.0	319.23812261859257	3.5280513101153916	-6.552398795646348	-0.054601896317720985
-999.0	565.0	321.1266864044805	3.084848052925536	-6.596623659133917	-0.009495124753053976
-999.0	540.0	323.1069037765582	2.6352904396397756	-6.780829259445743	-0.04189479587572862
-999.0	515.0	325.1202688077637	2.1606950367253965	-7.1044963111007	-0.18689736800774373
-999.0	490.0	327.15853662264004	1.7329029741268347	-7.49643907826098	-0.4329626614316979
-999.0	465.0	329.19036432144776	1.3521350428225525	-7.924616983958654	-0.7472156913034894
-999.0	440.0	331.22840971178624	1.0521385359858728	-8.292859173956376	-0.9292356377201788
-999.0	415.0	333.2443350602242	0.8322966424009175	-8.51656929178844	-0.9162542760993346
-999.0	390.0	335.2421250857481	0.6557468431336554	-8.451986263195678	-0.8175079382601468
-999.0	365.0	337.1629985801621	0.5175933958519081	-8.010008472771876	-0.6982169958452532
-999.0	340.0	338.92483155162887	0.4124974610786594	-7.2102455250800705	-0.6631314021254429
-999.0	315.0	340.49084142253764	0.33514894258290073	-6.106989474050604	-0.7084281451645384
-999.0	290.0	341.9962355631059	0.2610945852089022	-4.920860756765195	-0.6685269004887031
-999.0	265.0	343.53453660317655	0.19472247456747369	-3.7327079309357902	-0.47357640072465984
-999.0	240.0	345.13102652907924	0.13244339433454314	-2.45309602871305	-0.18662184547809565
-999.0	215.0	346.8154253421896	0.08047186615802933	-0.9490226942395934	0.10187355310670795
-999.0	190.0	348.87173009878154	0.04473404201959808	0.9344965919615154	0.33686637842937783
-999.0	165.0	351.74499687647193	0.022498101676030807	3.0806353243569977	0.49059304172199947
-999.0	140.0	356.5927069755731	0.010338213753014336	4.455688357353184	0.5974850654305907
-999.0	115.0	367.9428246840197	0.005947865445965098	4.701038649867455	0.6209382955279997
-999.0	90.0	393.58703710195107	0.005193954254204893	5.21446376010068	0.496077484554683
-999.0	65.0	441.68848208703156	0.0035882489460091834	0.6577463690930776	0.40018172550296544
-999.0	40.0	532.3293724624242	0.013554268405728369	-10.420893406702437	0.23676259750649792
-999.0	15.0	722.8605040709056	0.07154292716748183	-19.123063829210114	0.23025496493257627
244.06944444444446	40	1004.7382667178204	day	levels	pres0
-999.0	990.0	300.2769175183787	15.8439150991894	-3.026079857633223	-0.5585058799812058
-999.0	965.0	301.7370979691162	15.268845262981603	-4.746767191659855	-0.973820574574271
-999.0	940.0	302.6932484822053	14.883860898396328	-5.495207091172568	-1.2025270964063806
-999.0	915.0	303.5839433278319	14.270792862725642	-6.0232386409290575	-1.4239360817841633
-999.0	890.0	304.45339948443643	13.479884836408836	-6.5263736304782975	-1.6531914581382636
-999.0	865.0	305.4021497287933	12.472428526197174	-7.053990314877249	-1.8060365336992064
-999.0	840.0	306.36982024525844	11.358050944313185	-7.57727552974038	-1.8109429715172292
-999.0	815.0	307.3451540744373	10.206995335836272	-8.033443647717707	-1.663641530547411
-999.0	790.0	308.4256894199948	9.025365821898937	-8.396940339179302	-1.4107343819702536
-999.0	765.0	309.66599469913774	7.8598587361593095	-8.631150332708241	-1.1072080974127572
-999.0	740.0	310.96963018355336	6.862403905580913	-8.623527630927095	-0.8167867968746244
-999.0	715.0	312.2697671601935	6.082841672594585	-8.379861279139455	-0.5693389037476413
-999.0	690.0	313.5583854081062	5.409231738438684	-7.998549468933591	-0.37477544322611284
-999.0	665.0	314.81446746457897	4.86199963565857	-7.477526037465949	-0.24742293215933853
-999.0	640.0	316.1427974327597	4.374385115646184	-7.017916809944864	-0.15372510940309322
-999.0	615.0	317.57485086669584	3.9550067139050347	-6.685914360578083	-0.09229882794712287
-999.0	590.0	319.2194081268821	3.5304795910441698	-6.523679216939296	-0.03300751237167577
-999.0	565.0	321.1043389490556	3.0853281976684683	-6.573813121233664	0.017313884438170144
-999.0	540.0	323.08000585505044	2.634010459695541	-6.763293182093002	-0.00807213573344215
-999.0	515.0	325.0887739435291	2.158020786822785	-7.090293723321157	-0.1441652367985092
-999.0	490.0	327.12369098534555	1.7298378409847353	-7.483199845230772	-0.38395413454795546
-999.0	465.0	329.1538777848489	1.349699133445344	-7.910647566829409	-0.6967033258091914
-999.0	440.0	331.19116152188656	1.0499478100784223	-8.281657186292465	-0.8826558011184483
-999.0	415.0	333.2072752630704	0.830168432896098	-8.512838587283142	-0.8791892247252042
-999.0	390.0	335.2074656806342	0.6539179459214199	-8.456053757951372	-0.7918882578433755
-999.0	365.0	337.1331281203881	0.5162218331935853	-8.01867235842205	-0.6836454400437779
-999.0	340.0	338.90070059536623	0.41165769236191835	-7.214497437552792	-0.6555901466617425
-999.0	315.0	340.4730670066618	0.3348343581966463	-6.0977491556651815	-0.7035751197309689
-999.0	290.0	341.9861971371774	0.2611049380271682	-4.898533498424832	-0.6667491456138975
-999.0	265.0	343.53386352928777	0.19490227487588713	-3.7003796755794145	-0.47515690988965387
-999.0	240.0	345.1384126365781	0.1326312005431172	-2.408387371442342	-0.1855704165285618
-999.0	215.0	346.821667855163	0.0806207802619727	-0.8865579442371871	0.11129484443910653
-999.0	190.0	348.8603646091657	0.04477058602349151	1.0146804177572444	0.35424657733668724
-999.0	165.0	351.7068427721447	0.02246457922257598	3.1620020076396482	0.5199320582776713
-999.0	140.0	356.53792406433143	0.010328375608734189	4.504162762846294	0.6452524755446226
-999.0	115.0	367.90556091353915	0.005952394401122425	4.700066777448804	0.6699546226670435
-999.0	90.0	393.614355947318	0.0052120623341392145	5.194647960010012	0.5100904106059325
-999.0	65.0	441.77963800681925	0.003577085856776972	0.6496526844326341	0.3758330926749925
-999.0	40.0	532.3922433323297	0.013596351768466726	-10.383909480439268	0.21047853477415848
-999.0	15.0	722.8764179118746	0.07157808731472687	-19.069125523642846	0.2159562586910062
244.08333333333334	40	1004.8931405203683	day	levels	pres0
-999.0	990.0	300.2257947051195	15.849374362400601	-3.024715782276247	-0.5885012841650212
-999.0	965.0	301.7309403264922	15.277193069458006	-4.775963783264163	-1.0184639030180245
-999.0	940.0	302.703103481839	14.885548160189678	-5.542183952672117	-1.2589568612830633
-999.0	915.0	303.5899751808029	14.267642611549011	-6.070518805867116	-1.4898137801459423
-999.0	890.0	304.45047027020775	13.475169817606599	-6.568468775067976	-1.7235505146284402
-999.0	865.0	305.38825237092504	12.472409384591217	-7.093567377045011	-1.8778914008289014
-999.0	840.0	306.34589538276896	11.364513556162487	-7.617589655376586	-1.883468835126724
-999.0	815.0	307.31481281928933	10.215219622566558	-8.076516094661862	-1.7360895401575782
-999.0	790.0	308.3933104899961	9.028420664015252	-8.440387402261976	-1.4776194210030564
-999.0	765.0	309.63329076209106	7.8582078445525365	-8.66866311572845	-1.1608839175175525
-999.0	740.0	310.9375925526174	6.860591263998126	-8.648645168259021	-0.8542230600224693
-999.0	715.0	312.2396149684589	6.083798453921366	-8.389025972003033	-0.5914844953942632
-999.0	690.0	313.53076579524515	5.412952224413553	-7.991796362967735	-0.3840027110917127
-999.0	665.0	314.7901223747197	4.86859707037607	-7.456102217946761	-0.2468415179422936
-999.0	640.0	316.1216464524896	4.381571139608101	-6.987590610981015	-0.14480160105797102
-999.0	615.0	317.55625677843244	3.9597407352356613	-6.654482167391575	-0.07655066748461707
-999.0	590.0	319.2006936351717	3.5329078719729425	-6.494959638232296	-0.011413128425697363
-999.0	565.0	321.08199149363094	3.0858083424114024	-6.551002583333435	0.04412289362930694
-999.0	540.0	323.0531079335428	2.6327304797513142	-6.7457571047402665	0.025750524408733245
-999.0	515.0	325.0572790792947	2.155346536920185	-7.076091135541612	-0.10143310558941251
-999.0	490.0	327.08884534805117	1.7267727078426471	-7.469960612200573	-0.3349456076643666
-999.0	465.0	329.11739124825004	1.3472632240681433	-7.896678149700185	-0.646190960315046
-999.0	440.0	331.153913331987	1.047757084170979	-8.270455198628582	-0.8360759645168544
-999.0	415.0	333.1702154659168	0.8280402233912855	-8.509107882777869	-0.8421241733511815
-999.0	390.0	335.17280627552014	0.6520890487091904	-8.460121252707086	-0.7662685774266789
-999.0	365.0	337.1032576606144	0.5148502705352662	-8.027336244072243	-0.6690738842423464
-999.0	340.0	338.8765696391037	0.41081792364517944	-7.218749350025553	-0.6480488911980624
-999.0	315.0	340.4552925907861	0.33451977381039266	-6.088508837279836	-0.6987220942974022
-999.0	290.0	341.97615871124896	0.261115290845434	-4.876206240084573	-0.6649713907390716
-999.0	265.0	343.533190455399	0.19508207518429982	-3.6680514202231715	-0.4767374190546034
-999.0	240.0	345.1457987440769	0.13281900675169062	-2.3636787141718028	-0.1845189875789877
-999.0	215.0	346.8279103681363	0.08076969436591588	-0.8240931942350025	0.12071613577150803
-999.0	190.0	348.84899911954983	0.044807130027385046	1.0948642435527158	0.3716267762439487
-999.0	165.0	351.66868866781766	0.02243105676912131	3.2433686909220656	0.5492710748332221
-999.0	140.0	356.48314115308983	0.010318537464454068	4.552637168339272	0.693019885658438
-999.0	115.0	367.8682971430587	0.005956923356279724	4.699094905030157	0.7189709498058433
-999.0	90.0	393.641674792685	0.005230170414073459	5.17483215991942	0.5241033366570612
-999.0	65.0	441.87079392660655	0.003565922767544799	0.6415589997722402	0.3514844598470543
-999.0	40.0	532.4551142022352	0.013638435131204935	-10.346925554176208	0.1841944720418956
-999.0	15.0	722.8923317528433	0.07161324746197173	-19.01518721807577	0.20165755244948536
244.09722222222223	40	1005.0480143229172	day	levels	pres0
-999.0	990.0	300.17467189186027	15.854833625611807	-3.0233517069192164	-0.6184966883489195
-999.0	965.0	301.7247826838681	15.285540875934426	-4.805160374868498	-1.0631072314618908
-999.0	940.0	302.7129584814726	14.88723542198303	-5.589160814171769	-1.315386626159884
-999.0	915.0	303.59600703377396	14.264492360372396	-6.117798970805297	-1.5556914785078861
-999.0	890.0	304.4475410559791	13.47045479880439	-6.610563919657772	-1.7939095711188
-999.0	865.0	305.37435501305674	12.472390242985322	-7.133144439212878	-1.9497462679587967
-999.0	840.0	306.3219705202793	11.370976168011865	-7.657903781012902	-1.955994698736435
-999.0	815.0	307.28447156414137	10.22344390929692	-8.119588541606136	-1.8085375497679725
-999.0	790.0	308.3609315599973	9.031475506131615	-8.483834465344767	-1.5445044600360776
-999.0	765.0	309.6005868250442	7.85655695294577	-8.70617589874875	-1.2145597376225288
-999.0	740.0	310.90555492168136	6.858778622415332	-8.673762705591004	-0.8916593231704475
-999.0	715.0	312.20946277672414	6.084755235248143	-8.39819066486662	-0.6136300870409714
-999.0	690.0	313.503146182384	5.416672710388426	-7.985043257001847	-0.39322997895735673
-999.0	665.0	314.76577728486046	4.875194505093592	-7.434678398427502	-0.24626010372525742
-999.0	640.0	316.1004954722193	4.388757163570043	-6.957264412017084	-0.1358780927128279
-999.0	615.0	317.5376626901691	3.964474756566307	-6.62304997420499	-0.06080250702206831
-999.0	590.0	319.1819791434614	3.535336152901726	-6.466240059525238	0.01018125552034216
-999.0	565.0	321.05964403820605	3.0862884871543406	-6.528192045433175	0.07093190282051999
-999.0	540.0	323.02621001203505	2.6314504998070842	-6.7282210273875105	0.05957318455100459
-999.0	515.0	325.02578421506007	2.152672287017579	-7.061888547762044	-0.058700974380195156
-999.0	490.0	327.0539997107566	1.7237075747005515	-7.45672137917034	-0.28593708078064406
-999.0	465.0	329.0809047116512	1.3448273146909375	-7.882708732570915	-0.595678594820771
-999.0	440.0	331.11666514208736	1.0455663582635304	-8.259253210964653	-0.7894961279151498
-999.0	415.0	333.13315566876315	0.8259120138864664	-8.505377178272553	-0.8050591219770791
-999.0	390.0	335.13814687040616	0.650260151496955	-8.46418874746277	-0.740648897009936
-999.0	365.0	337.0733872008405	0.5134787078769432	-8.036000129722412	-0.6545023284408971
-999.0	340.0	338.85243868284107	0.40997815492843814	-7.223001262498279	-0.6405076357343827
-999.0	315.0	340.4375181749102	0.33420518942413824	-6.079268518894431	-0.6938690688638464
-999.0	290.0	341.9661202853204	0.2611256436636998	-4.853878981744239	-0.6631936358642738
-999.0	265.0	343.53251738151033	0.19526187549271296	-3.6357231648668265	-0.4783179282196015
-999.0	240.0	345.1531848515758	0.13300681296026437	-2.3189700569011196	-0.1834675586294567
-999.0	215.0	346.8341528811099	0.08091860846985913	-0.7616284442326123	0.1301374271039027
-999.0	190.0	348.8376336299339	0.04484367403127847	1.1750480693484424	0.3890069751512545
-999.0	165.0	351.63053456349047	0.022397534315666504	3.324735374204726	0.5786100913888935
-999.0	140.0	356.42835824184823	0.010308699320173925	4.6011115738323936	0.740787295772468
-999.0	115.0	367.83103337257813	0.00596145231143705	4.698123032611516	0.7679872769448743
-999.0	90.0	393.668993638052	0.005248278494007777	5.155016359828763	0.5381162627082827
-999.0	65.0	441.9619498463941	0.003554759678312588	0.6334653151118063	0.3271358270190644
-999.0	40.0	532.5179850721411	0.01368051849394329	-10.309941627913037	0.15791040930955177
-999.0	15.0	722.9082455938125	0.07164840760921677	-18.961248912508502	0.1873588462079276
244.11111111111111	40	1005.2028881254652	day	levels	pres0
-999.0	990.0	300.1235490786012	15.860292888823013	-3.02198763156224	-0.6484920925327354
-999.0	965.0	301.7186250412441	15.29388868241083	-4.8343569664728046	-1.107750559905646
-999.0	940.0	302.7228134811063	14.888922683776372	-5.636137675671317	-1.37181639103657
-999.0	915.0	303.602038886745	14.261342109195763	-6.165079135743355	-1.6215691768696687
-999.0	890.0	304.44461184175054	13.465739780002158	-6.652659064247452	-1.8642686276089806
-999.0	865.0	305.36045765518844	12.472371101379364	-7.17272150138064	-2.021601135088494
-999.0	840.0	306.29804565778994	11.377438779861171	-7.698217906649109	-2.028520562345931
-999.0	815.0	307.2541303089934	10.231668196027204	-8.162660988550293	-1.8809855593781388
-999.0	790.0	308.3285526299987	9.034530348247932	-8.527281528427443	-1.6113894990688786
-999.0	765.0	309.56788288799754	7.8549060613389985	-8.743688681768957	-1.2682355577273212
-999.0	740.0	310.8735172907455	6.8569659808325465	-8.698880242922929	-0.9290955863182886
-999.0	715.0	312.17931058498937	6.085712016574925	-8.407355357730196	-0.6357756786875881
-999.0	690.0	313.47552656952297	5.420393196363298	-7.978290151035991	-0.4024572468229506
-999.0	665.0	314.7414321950012	4.881791939811094	-7.413254578908313	-0.24567868950820665
-999.0	640.0	316.0793444919491	4.39594318753196	-6.926938213053237	-0.1269545843676999
-999.0	615.0	317.5190686019057	3.9692087778969345	-6.59161778101848	-0.04505434655955754
-999.0	590.0	319.1632646517509	3.5377644338305005	-6.437520480818235	0.03177563946632451
-999.0	565.0	321.0372965827813	3.0867686318972747	-6.5053815075329435	0.09774091201165955
-999.0	540.0	322.9993120905274	2.6301705198628578	-6.7106849500347705	0.09339584469318198
-999.0	515.0	324.9942893508256	2.1499980371149783	-7.047685959982495	-0.015968843171096873
-999.0	490.0	327.01915407346235	1.7206424415584627	-7.443482146140137	-0.23692855389705406
-999.0	465.0	329.0444181750524	1.3423914053137365	-7.868739315441692	-0.5451662293266245
-999.0	440.0	331.0794169521878	1.043375632356086	-8.248051223300774	-0.7429162913135546
-999.0	415.0	333.09609587160946	0.8237838043816534	-8.501646473767282	-0.7679940706030548
-999.0	390.0	335.1034874652923	0.648431254284725	-8.468256242218489	-0.715029216593238
-999.0	365.0	337.04351674106675	0.512107145218624	-8.044664015372613	-0.6399307726394637
-999.0	340.0	338.8283077265785	0.4091383862116991	-7.227253174971045	-0.6329663802707005
-999.0	315.0	340.4197437590344	0.3338906050378844	-6.070028200509088	-0.6890160434302772
-999.0	290.0	341.95608185939193	0.26113599648196545	-4.831551723403984	-0.6614158809894454
-999.0	265.0	343.5318443076216	0.19544167580112565	-3.6033949095105844	-0.47989843738454896
-999.0	240.0	345.1605709590747	0.1331946191688378	-2.27426139963058	-0.18241612967988172
-999.0	215.0	346.8403953940831	0.08106752257380227	-0.6991636942304243	0.13955871843630382
-999.0	190.0	348.826268140318	0.044880218035172004	1.25523189514392	0.40638717405851355
-999.0	165.0	351.5923804591634	0.022364011862211826	3.4061020574871503	0.6079491079444403
-999.0	140.0	356.3735753306067	0.010298861175893799	4.649585979325377	0.7885547058862798
-999.0	115.0	367.79376960209765	0.005965981266594347	4.697151160192868	0.8170036040836716
-999.0	90.0	393.6963124834189	0.005266386573942022	5.135200559738167	0.5521291887594081
-999.0	65.0	442.05310576618155	0.0035435965890804146	0.6253716304514115	0.3027871941911224
-999.0	40.0	532.5808559420466	0.013722601856681501	-10.272957701649972	0.13162634657728658
-999.0	15.0	722.9241594347811	0.07168356775646162	-18.907310606941422	0.1730601399664056
244.125	40	1005.3577619280138	day	levels	pres0
-999.0	990.0	300.07242626534185	15.865752152034219	-3.0206235562052055	-0.6784874967166354
-999.0	965.0	301.7124673986201	15.302236488887242	-4.863553558077131	-1.152393888349512
-999.0	940.0	302.73266848073996	14.890609945569722	-5.6831145371709555	-1.4282461559133874
-999.0	915.0	303.608070739716	14.258191858019151	-6.212359300681524	-1.6874468752316067
-999.0	890.0	304.44168262752186	13.461024761199955	-6.694754208837238	-1.934627684099334
-999.0	865.0	305.34656029732	12.472351959773476	-7.212298563548498	-2.093456002218383
-999.0	840.0	306.2741207953004	11.383901391710555	-7.738532032285419	-2.1010464259556363
-999.0	815.0	307.2237890538454	10.23989248275757	-8.20573343549456	-1.953433568988528
-999.0	790.0	308.2961737	9.037585190364295	-8.57072859151023	-1.6782745381018946
-999.0	765.0	309.53517895095075	7.853255169732232	-8.781201464789255	-1.3219113778322933
-999.0	740.0	310.8414796598094	6.85515333924975	-8.72399778025491	-0.9665318494662645
-999.0	715.0	312.14915839325465	6.086668797901701	-8.416520050593787	-0.6579212703342948
-999.0	690.0	313.4479069566617	5.42411368233817	-7.971537045070105	-0.4116845146885941
-999.0	665.0	314.71708710514184	4.8883893745286136	-7.3918307593890615	-0.24509727529117054
-999.0	640.0	316.05819351167884	4.403129211493902	-6.896612014089314	-0.11803107602255686
-999.0	615.0	317.50047451364236	3.9739427992275793	-6.560185587831907	-0.029306186097008836
-999.0	590.0	319.1445501600406	3.5401927147592827	-6.4088009021111905	0.05337002341236392
-999.0	565.0	321.0149491273565	3.087248776640212	-6.482570969632695	0.12454992120287248
-999.0	540.0	322.97241416901966	2.6288905399186278	-6.693148872682028	0.12721850483545238
-999.0	515.0	324.962794486591	2.1473237872123723	-7.033483372202943	0.02676328803811754
-999.0	490.0	326.98430843616785	1.7175773084163672	-7.430242913109916	-0.18792002701333588
-999.0	465.0	329.00793163845356	1.3399554959365305	-7.8547698983124326	-0.49465386383235466
-999.0	440.0	331.042168762288	1.041184906448637	-8.236849235636848	-0.6963364547118546
-999.0	415.0	333.0590360744557	0.8216555948768347	-8.497915769261974	-0.7309290192289545
-999.0	390.0	335.06882806017825	0.6466023570724898	-8.472323736974172	-0.6894095361764944
-999.0	365.0	337.0136462812929	0.5107355825603009	-8.053327901022776	-0.6253592168380108
-999.0	340.0	338.8041767703159	0.4082986174949579	-7.231505087443761	-0.6254251248070173
-999.0	315.0	340.40196934315856	0.33357602065163	-6.060787882123677	-0.6841630179967199
-999.0	290.0	341.9460434334634	0.26114634930023123	-4.80922446506364	-0.6596381261146497
-999.0	265.0	343.53117123373283	0.19562147610953884	-3.5710666541542326	-0.4814789465495519
-999.0	240.0	345.1679570665734	0.13338242537741152	-2.2295527423598935	-0.18136470073035757
-999.0	215.0	346.84663790705656	0.08121643667774542	-0.6366989442280363	0.1489800097686903
-999.0	190.0	348.81490265070215	0.04491676203906536	1.3354157209396365	0.4237673729658128
-999.0	165.0	351.55422635483626	0.022330489408757013	3.487468740769796	0.6372881245001086
-999.0	140.0	356.3187924193649	0.010289023031613657	4.698060384818485	0.8363221160003119
-999.0	115.0	367.7565058316171	0.005970510221751674	4.696179287774223	0.8660199312227114
-999.0	90.0	393.72363132878587	0.005284494653876338	5.115384759647506	0.5661421148106457
-999.0	65.0	442.1442616859691	0.0035324334998482047	0.6172779457909723	0.2784385613631457
-999.0	40.0	532.6437268119522	0.013764685219419858	-10.235973775386812	0.10534228384494783
-999.0	15.0	722.9400732757501	0.07171872790370669	-18.85337230137417	0.15876143372484613
244.13888888888889	40	1005.2160208565848	day	levels	pres0
-999.0	990.0	300.01796892785137	15.866791225615	-3.023015142433198	-0.7094847104024679
-999.0	965.0	301.70596524511575	15.306720786624489	-4.895602606591727	-1.1966401703419656
-999.0	940.0	302.74387294675336	14.88779519853138	-5.732781919458588	-1.4822565249153148
-999.0	915.0	303.61674065886086	14.248953327300066	-6.263523666631652	-1.7508884034460204
-999.0	890.0	304.44151811275447	13.450537484789672	-6.742078342135033	-2.0041522825994917
-999.0	865.0	305.33459039317245	12.468639048319046	-7.257979037269754	-2.1667068979097595
-999.0	840.0	306.2504380326643	11.3883531131442	-7.785234027438735	-2.1771043207911207
-999.0	815.0	307.192159784684	10.246526498643213	-8.254912421816917	-2.0306944979562633
-999.0	790.0	308.26225844316843	9.03956225183277	-8.61955970809578	-1.750341405471256
-999.0	765.0	309.50163648493725	7.85057722576081	-8.822461383683377	-1.3803766742201593
-999.0	740.0	310.809753240412	6.8516223865842	-8.750325959826295	-1.0082915722141745
-999.0	715.0	312.12035103197513	6.085382737810645	-8.423937027416537	-0.6842531913093519
-999.0	690.0	313.42239697337004	5.425459260032291	-7.960758074881529	-0.42517408357550673
-999.0	665.0	314.6949540177237	4.892973756033285	-7.365149422297378	-0.24915253997795483
-999.0	640.0	316.038738230697	4.4087744326818665	-6.860615636621173	-0.11453504387347446
-999.0	615.0	317.4823181788899	3.977899080231084	-6.52360913240245	-0.020272227270243057
-999.0	590.0	319.1249133906934	3.542494622487875	-6.375894030881295	0.0668720397211532
-999.0	565.0	320.9903957231868	3.088270489185577	-6.456831734804878	0.14196091500069996
-999.0	540.0	322.9421384106418	2.6285913056797443	-6.673613994840594	0.15091354080613126
-999.0	515.0	324.92687768802665	2.1458008402869795	-7.017524671933008	0.059529535590707686
-999.0	490.0	326.9439640289037	1.715531001961418	-7.414292437689641	-0.14766022279143456
-999.0	465.0	328.96501429815845	1.3381611539257874	-7.835902665342591	-0.45057354182265774
-999.0	440.0	330.9979060284464	1.0392169954757817	-8.21878985445649	-0.6537150779945546
-999.0	415.0	333.0150272344808	0.8191376376956203	-8.486285306513295	-0.6955375241204079
-999.0	390.0	335.02796729487403	0.6439210473899782	-8.468852397468341	-0.6635358777665724
-999.0	365.0	336.9791602515321	0.5080581172591153	-8.056083525930116	-0.6091798982686395
-999.0	340.0	338.77704293924427	0.40617448659170186	-7.23111167218948	-0.6158526265431968
-999.0	315.0	340.38249519496367	0.33236670130420287	-6.047488591973715	-0.6779120822274559
-999.0	290.0	341.9351919155604	0.26065410750489404	-4.784031280212894	-0.6578194450528058
-999.0	265.0	343.53030135254363	0.1956125942044081	-3.537572931439112	-0.4849278682044832
-999.0	240.0	345.17682283527427	0.13348711546628733	-2.1829888953102325	-0.18414776240078765
-999.0	215.0	346.8559708641369	0.08127050882294062	-0.5673258124835047	0.1535713935182123
-999.0	190.0	348.8055271046735	0.04489011011485535	1.4270406422161939	0.4362369411521645
-999.0	165.0	351.5141729041998	0.022283744392177354	3.57913781111212	0.6625459458502098
-999.0	140.0	356.25944398234697	0.010280456600917703	4.753870356177581	0.8846108464022508
-999.0	115.0	367.71717970220874	0.005974711092662019	4.701992625281924	0.9218162473233102
-999.0	90.0	393.75595578987446	0.005302148629053867	5.101641872099437	0.5855335767957927
-999.0	65.0	442.2439781245278	0.0035171119370571487	0.6120211172198282	0.2513402059437607
-999.0	40.0	532.7079519386408	0.013809438868765865	-10.199591224628742	0.07269343615521291
-999.0	15.0	722.946897456247	0.07173373366868697	-18.80140394445442	0.13891451978418853
244.15277777777777	40	1005.0742797851564	day	levels	pres0
-999.0	990.0	299.9635115903611	15.86783029919579	-3.025406728661249	-0.740481924088215
-999.0	965.0	301.69946309161134	15.311205084361726	-4.927651655106304	-1.2408864523343082
-999.0	940.0	302.75507741276664	14.884980451493037	-5.7824493017461345	-1.536266893917111
-999.0	915.0	303.6254105780056	14.23971479658097	-6.314688032581671	-1.8143299316602783
-999.0	890.0	304.44135359798724	13.440050208379356	-6.789402475432725	-2.073676881099476
-999.0	865.0	305.3226204890248	12.464926136864563	-7.3036595109909115	-2.239957793600945
-999.0	840.0	306.2267552700282	11.39280483457777	-7.831936022591949	-2.2531622156263955
-999.0	815.0	307.1605305155226	10.253160514528787	-8.304091408139163	-2.1079554269237772
-999.0	790.0	308.2283431863371	9.041539313301207	-8.668390824681214	-1.8224082728404034
-999.0	765.0	309.46809401892364	7.847899281789391	-8.863721302577408	-1.438841970607846
-999.0	740.0	310.77802682101475	6.848091433918671	-8.776654139397625	-1.050051294961951
-999.0	715.0	312.0915436706959	6.084096677719604	-8.431354004239276	-0.7105851122843195
-999.0	690.0	313.3968869900783	5.426804837726412	-7.9499791046929795	-0.43866365246237027
-999.0	665.0	314.67282093030565	4.89755813753794	-7.338468085205758	-0.25320780466472503
-999.0	640.0	316.0192829497153	4.4144196538698095	-6.824619259153111	-0.11103901172440742
-999.0	615.0	317.4641618441376	3.9818553612345737	-6.4870326769730555	-0.011238268443515555
-999.0	590.0	319.1052766213463	3.5447965302164595	-6.342987159651437	0.08037405602988527
-999.0	565.0	320.9658423190172	3.0892922017309408	-6.431092499977076	0.15937190879845384
-999.0	540.0	322.911862652264	2.628292071440864	-6.654079116999165	0.17460857677671707
-999.0	515.0	324.89096088946235	2.1442778933615916	-7.001565971663081	0.09229578314318161
-999.0	490.0	326.9036196216396	1.7134846955064758	-7.398341962269381	-0.10740041856966126
-999.0	465.0	328.9220969578635	1.33636681191505	-7.817035432372784	-0.4064932198130848
-999.0	440.0	330.9536432946048	1.0372490845029323	-8.20073047327618	-0.6110937012773604
-999.0	415.0	332.971018394506	0.8166196805144122	-8.474654843764656	-0.6601460290119378
-999.0	390.0	334.9871065295699	0.6412397377074721	-8.465381057962546	-0.6376622193566969
-999.0	365.0	336.9446742217713	0.505380651957933	-8.058839150837494	-0.5930005796992882
-999.0	340.0	338.74990910817286	0.404050355688448	-7.230718256935248	-0.6062801282793779
-999.0	315.0	340.3630210467687	0.3311573819567766	-6.034189301823822	-0.6716611464581799
-999.0	290.0	341.9243403976573	0.2601618657095567	-4.758838095362237	-0.6560007639909295
-999.0	265.0	343.52943147135414	0.19560371229927698	-3.5040792087240984	-0.4883767898593592
-999.0	240.0	345.18568860397505	0.13359180555516284	-2.1364250482607186	-0.18693082407116654
-999.0	215.0	346.8653038212173	0.08132458096813583	-0.49795268073917415	0.1581627772677485
-999.0	190.0	348.7961515586449	0.044863458190645494	1.5186655634925124	0.4487065093384762
-999.0	165.0	351.47411945356333	0.02223699937559784	3.6708068814542223	0.6878037672001888
-999.0	140.0	356.200095545329	0.010271890170221766	4.809680327536548	0.9328995768039694
-999.0	115.0	367.6778535728003	0.005978911963572341	4.707805962789622	0.9776125634236665
-999.0	90.0	393.7882802509628	0.005319802604231327	5.087898984551432	0.6049250387808279
-999.0	65.0	442.3436945630862	0.0035017903742661383	0.6067642886487283	0.22424185052441015
-999.0	40.0	532.7721770653292	0.013854192518111716	-10.163208673870768	0.040044588465551666
-999.0	15.0	722.9537216367438	0.07174873943366702	-18.749435587534855	0.1190676058435684
244.16666666666666	40	1004.932538713728	day	levels	pres0
-999.0	990.0	299.90905425287053	15.868869372776578	-3.027798314889246	-0.7714791377740445
-999.0	965.0	301.692960938107	15.315689382098974	-4.959700703620909	-1.2851327343267605
-999.0	940.0	302.76628187878	14.882165704454701	-5.832116684033778	-1.5902772629190396
-999.0	915.0	303.6340804971505	14.230476265861885	-6.36585239853181	-1.8777714598746944
-999.0	890.0	304.44118908321985	13.42956293196907	-6.836726608730529	-2.143201479599636
-999.0	865.0	305.3106505848772	12.461213225410127	-7.349339984712175	-2.313208689292324
-999.0	840.0	306.2030725073921	11.397256556011412	-7.878638017745272	-2.3292201104618835
-999.0	815.0	307.1289012463612	10.259794530414423	-8.353270394461523	-2.1852163558915176
-999.0	790.0	308.19442792950565	9.04351637476968	-8.71722194126677	-1.8944751402097706
-999.0	765.0	309.43455155291014	7.845221337817968	-8.904981221471536	-1.4973072669957175
-999.0	740.0	310.7463004016174	6.844560481253122	-8.802982318969011	-1.0918110177098674
-999.0	715.0	312.0627363094165	6.082810617628551	-8.438770981062026	-0.736917033259383
-999.0	690.0	313.37137700678653	5.428150415420533	-7.939200134504397	-0.45215322134928915
-999.0	665.0	314.65068784288746	4.902142519042615	-7.311786748114067	-0.2572630693515154
-999.0	640.0	315.99982766873353	4.420064875057776	-6.788622881684963	-0.10754297957533054
-999.0	615.0	317.44600550938515	3.98581164223808	-6.4504562215435906	-0.002204309616754469
-999.0	590.0	319.0856398519992	3.5470984379450523	-6.3100802884215295	0.09387607233867075
-999.0	565.0	320.9412889148476	3.090313914276307	-6.405353265149248	0.17678290259627874
-999.0	540.0	322.8815868938862	2.6279928372019814	-6.634544239157719	0.19830361274739505
-999.0	515.0	324.855044090898	2.1427549464362006	-6.985607271393134	0.12506203069577285
-999.0	490.0	326.86327521437545	1.7114383890515275	-7.382391486849093	-0.06714061434775674
-999.0	465.0	328.8791796175683	1.3345724699043084	-7.798168199402929	-0.36241289780338404
-999.0	440.0	330.909380560763	1.0352811735300782	-8.182671092095815	-0.5684723245600569
-999.0	415.0	332.9270095545311	0.8141017233331986	-8.463024381015968	-0.6247545339033903
-999.0	390.0	334.9462457642657	0.638558428024961	-8.461909718456713	-0.6117885609467772
-999.0	365.0	336.9101881920105	0.5027031866567474	-8.061594775744839	-0.5768212611299223
-999.0	340.0	338.72277527710133	0.4019262247851921	-7.230324841680969	-0.5967076300155635
-999.0	315.0	340.3435468985738	0.32994806260934934	-6.020890011673867	-0.6654102106889194
-999.0	290.0	341.91348887975425	0.25966962391421944	-4.733644910511499	-0.6541820829290861
-999.0	265.0	343.5285615901649	0.19559483039414627	-3.470585486008983	-0.491825711514288
-999.0	240.0	345.19455437267595	0.13369649564403874	-2.089861201211062	-0.18971388574159026
-999.0	215.0	346.87463677829777	0.08137865311333112	-0.4285795489946446	0.16275416101727916
-999.0	190.0	348.7867760126162	0.044836806266435554	1.6102904847690733	0.4611760775248377
-999.0	165.0	351.43406600292684	0.022190254359018204	3.762475951796554	0.7130615885502973
-999.0	140.0	356.1407471083109	0.010263323739525813	4.865490298895648	0.9811883072059098
-999.0	115.0	367.63852744339187	0.005983112834482684	4.713619300297331	1.0334088795242584
-999.0	90.0	393.8206047120513	0.005337456579408852	5.074156097003371	0.6243165007659622
-999.0	65.0	442.443411001645	0.0034864688114750815	0.6015074600775907	0.1971434951050156
-999.0	40.0	532.8364021920178	0.013898946167457725	-10.126826123112691	0.007395740775814121
-999.0	15.0	722.9605458172407	0.07176374519864728	-18.697467230615104	0.09922069190291351
244.18055555555554	40	1004.7907976422991	day	levels	pres0
-999.0	990.0	299.8545969153803	15.86990844635737	-3.0301899011172964	-0.8024763514597917
-999.0	965.0	301.6864587846026	15.320173679836216	-4.991749752135485	-1.3293790163191035
-999.0	940.0	302.7774863447934	14.87935095741636	-5.881784066321325	-1.6442876319208357
-999.0	915.0	303.6427504162952	14.221237735142791	-6.417016764481829	-1.941212988088952
-999.0	890.0	304.4410245684526	13.419075655558759	-6.8840507420282195	-2.2127260780996205
-999.0	865.0	305.2986806807295	12.457500313955638	-7.395020458433332	-2.3864595849835095
-999.0	840.0	306.1793897447561	11.401708277444982	-7.925340012898488	-2.4052780052971596
-999.0	815.0	307.09727197719997	10.266428546299998	-8.402449380783768	-2.2624772848590315
-999.0	790.0	308.1605126726743	9.045493436238118	-8.766053057852206	-1.966542007578918
-999.0	765.0	309.4010090868965	7.842543393846546	-8.946241140365567	-1.555772563383404
-999.0	740.0	310.7145739822201	6.841029528587591	-8.829310498540341	-1.1335707404576436
-999.0	715.0	312.0339289481372	6.0815245575375085	-8.446187957884764	-0.7632489542343508
-999.0	690.0	313.345867023495	5.429495993114656	-7.928421164315852	-0.4656427902361526
-999.0	665.0	314.6285547554693	4.90672690054727	-7.285105411022447	-0.26131833403828575
-999.0	640.0	315.9803723877519	4.4257100962457185	-6.7526265042169005	-0.10404694742626341
-999.0	615.0	317.4278491746329	3.989767923241569	-6.413879766114196	0.006829649209973145
-999.0	590.0	319.066003082652	3.549400345673638	-6.2771734171916735	0.10737808864740278
-999.0	565.0	320.916735510678	3.0913356268216705	-6.379614030321449	0.19419389639403256
-999.0	540.0	322.8513111355086	2.627693602963101	-6.615009361316289	0.22199864871798078
-999.0	515.0	324.8191272923337	2.1412319995108136	-6.969648571123206	0.1578282782482468
-999.0	490.0	326.8229308071115	1.7093920825965847	-7.366441011428834	-0.02688081012598357
-999.0	465.0	328.83626227727336	1.3327781278935706	-7.779300966433122	-0.3183325757938108
-999.0	440.0	330.8651178269215	1.0333132625572283	-8.164611710915501	-0.5258509478428627
-999.0	415.0	332.88300071455626	0.8115837661519906	-8.45139391826733	-0.5893630387949202
-999.0	390.0	334.90538499896167	0.6358771183424546	-8.458438378950916	-0.5859149025369014
-999.0	365.0	336.8757021622498	0.5000257213555653	-8.064350400652215	-0.560641942560571
-999.0	340.0	338.6956414460299	0.399802093881938	-7.229931426426736	-0.5871351317517446
-999.0	315.0	340.3240727503789	0.3287387432619229	-6.007590721523975	-0.6591592749196431
-999.0	290.0	341.9026373618513	0.25917738211888214	-4.708451725660841	-0.6523634018672099
-999.0	265.0	343.5276917089755	0.1955859484890151	-3.437091763293969	-0.495274633169164
-999.0	240.0	345.20342014137674	0.13380118573291427	-2.043297354161548	-0.19249694741196893
-999.0	215.0	346.8839697353781	0.08143272525852634	-0.35920641725031377	0.1673455447668155
-999.0	190.0	348.77740046658755	0.044810154342225704	1.701915406045391	0.4736456457111494
-999.0	165.0	351.3940125522904	0.022143509342438698	3.854145022138657	0.7383194099002764
-999.0	140.0	356.08139867129296	0.010254757308829878	4.9213002702546165	1.0294770376076283
-999.0	115.0	367.59920131398354	0.0059873137053930055	4.719432637805028	1.0892051956246147
-999.0	90.0	393.85292917313967	0.00535511055458631	5.0604132094553655	0.6437079627509973
-999.0	65.0	442.5431274402034	0.003471147248684072	0.5962506315064907	0.17004513968566506
-999.0	40.0	532.9006273187061	0.013943699816803578	-10.090443572354719	-0.02525310691384723
-999.0	15.0	722.9673699977376	0.07177875096362735	-18.645498873695534	0.07937377796229338
244.19444444444446	40	1004.6490565708706	day	levels	pres0
-999.0	990.0	299.8001395778897	15.870947519938154	-3.0325814873453156	-0.8334735651456471
-999.0	965.0	301.67995663109826	15.324657977573459	-5.023798800650119	-1.3736252983115886
-999.0	940.0	302.7886908108067	14.876536210378015	-5.9314514486089935	-1.6982980009227957
-999.0	915.0	303.65142033544004	14.211999204423694	-6.468181130431984	-2.0046545163034
-999.0	890.0	304.4408600536852	13.408588379148457	-6.93137487532604	-2.2822506765998143
-999.0	865.0	305.2867107765819	12.45378740250119	-7.440700932154614	-2.4597104806749237
-999.0	840.0	306.15570698211997	11.40615999887861	-7.972042008051834	-2.481335900132682
-999.0	815.0	307.0656427080386	10.273062562185634	-8.45162836710616	-2.3397382138268057
-999.0	790.0	308.1265974158429	9.047470497706584	-8.814884174437793	-2.038608874948315
-999.0	765.0	309.367466620883	7.839865449875118	-8.987501059259724	-1.6142378597712996
-999.0	740.0	310.6828475628228	6.837498575922038	-8.855638678111754	-1.1753304632055779
-999.0	715.0	312.00512158685785	6.080238497446452	-8.453604934707531	-0.7895808752094279
-999.0	690.0	313.3203570402031	5.430841570808773	-7.917642194127275	-0.4791323591230823
-999.0	665.0	314.60642166805127	4.911311282051936	-7.2584240739307555	-0.2653735987250864
-999.0	640.0	315.9609171067702	4.431355317433678	-6.716630126748746	-0.10055091527719615
-999.0	615.0	317.4096928398805	3.993724204245069	-6.377303310684722	0.015863608036725572
-999.0	590.0	319.0463663133048	3.551702253402227	-6.24426654596176	0.12088010495618103
-999.0	565.0	320.89218210650836	3.0923573393670343	-6.35387479549362	0.21160489019185194
-999.0	540.0	322.8210353771306	2.627394368724216	-6.595474483474853	0.2456936846886549
-999.0	515.0	324.7832104937694	2.139709052585418	-6.953689870853278	0.19059452580083638
-999.0	490.0	326.78258639984733	1.7073457761416342	-7.350490536008565	0.013378994095924055
-999.0	465.0	328.79334493697826	1.3309837858828273	-7.760433733463283	-0.27425225378409934
-999.0	440.0	330.82085509307984	1.0313453515843727	-8.14655232973514	-0.48322957112554066
-999.0	415.0	332.8389918745813	0.809065808970775	-8.439763455518646	-0.5539715436863472
-999.0	390.0	334.8645242336575	0.6331958086599414	-8.45496703944508	-0.5600412441269519
-999.0	365.0	336.84121613248897	0.4973482560543767	-8.067106025559553	-0.5444626239911742
-999.0	340.0	338.66850761495834	0.39767796297867947	-7.2295380111724485	-0.5775626334879032
-999.0	315.0	340.30459860218394	0.327529423914494	-5.994291431373996	-0.6529083391503636
-999.0	290.0	341.8917858439482	0.2586851403235439	-4.683258540810068	-0.6505447208053567
-999.0	265.0	343.5268218277862	0.1955770665838842	-3.4035980405788218	-0.4987235548240901
-999.0	240.0	345.21228591007764	0.1339058758217902	-1.9967335071118613	-0.19528000908239662
-999.0	215.0	346.8933026924586	0.0814867974037216	-0.2898332855057505	0.17193692851633904
-999.0	190.0	348.76802492055884	0.04478350241801562	1.7935403273219848	0.48611521389750084
-999.0	165.0	351.3539591016538	0.022096764325859008	3.9458140924810077	0.7635772312503727
-999.0	140.0	356.0220502342749	0.010246190878133922	4.977110241613725	1.077765768009568
-999.0	115.0	367.559875184575	0.00599151457630335	4.7252459753127365	1.145001511725231
-999.0	90.0	393.8852536342282	0.0053727645297638425	5.046670321907305	0.6630994247361675
-999.0	65.0	442.64284387876205	0.003455825685893012	0.5909938029353484	0.14294678426627802
-999.0	40.0	532.9648524453947	0.013988453466149587	-10.054061021596645	-0.05790195460359579
-999.0	15.0	722.9741941782344	0.07179375672860754	-18.59353051677579	0.05952686402161375
244.20833333333334	40	1004.5073154994424	day	levels	pres0
-999.0	990.0	299.7456822403994	15.871986593518944	-3.0349730735733673	-0.8644707788313934
-999.0	965.0	301.67345447759396	15.329142275310698	-5.055847849164694	-1.4178715803039295
-999.0	940.0	302.7998952768201	14.873721463339672	-5.981118830896539	-1.7523083699245892
-999.0	915.0	303.6600902545848	14.202760673704597	-6.519345496382002	-2.068096044517655
-999.0	890.0	304.44069553891785	13.398101102738142	-6.97869900862373	-2.351775275099796
-999.0	865.0	305.2747408724343	12.450074491046701	-7.486381405875772	-2.532961376366107
-999.0	840.0	306.132024219484	11.410611720312183	-8.018744003205047	-2.557393794967956
-999.0	815.0	307.0340134388772	10.279696578071208	-8.500807353428403	-2.41699914279432
-999.0	790.0	308.0926821590115	9.049447559175025	-8.86371529102323	-2.110675742317464
-999.0	765.0	309.33392415486946	7.837187505903698	-9.028760978153755	-1.6727031561589893
-999.0	740.0	310.6511211434256	6.833967623256506	-8.881966857683084	-1.2170901859533585
-999.0	715.0	311.97631422557856	6.078952437355409	-8.46102191153027	-0.8159127961844006
-999.0	690.0	313.2948470569115	5.432187148502893	-7.906863223938728	-0.49262192800995175
-999.0	665.0	314.58428858063314	4.915895663556591	-7.231742736839135	-0.2694288634118628
-999.0	640.0	315.94146182578845	4.4370005386216205	-6.680633749280681	-0.09705488312813484
-999.0	615.0	317.391536505128	3.99768048524856	-6.340726855255329	0.02489756686344819
-999.0	590.0	319.0267295439577	3.5540041611308104	-6.211359674731905	0.13438212126490917
-999.0	565.0	320.8676287023386	3.0933790519123976	-6.328135560665821	0.22901588398960313
-999.0	540.0	322.79075961875304	2.627095134485336	-6.575939605633427	0.26938872065923875
-999.0	515.0	324.74729369520503	2.1381861056600315	-6.93773117058335	0.22336077335330873
-999.0	490.0	326.7422419925833	1.7052994696866919	-7.334540060588308	0.05363879831769587
-999.0	465.0	328.75042759668327	1.3291894438720901	-7.7415665004934775	-0.2301719317745274
-999.0	440.0	330.77659235923824	1.029377440611523	-8.128492948554829	-0.44060819440834764
-999.0	415.0	332.79498303460645	0.8065478517895673	-8.428132992770001	-0.5185800485778783
-999.0	390.0	334.8236634683535	0.6305144989774354	-8.451495699939283	-0.5341675857170777
-999.0	365.0	336.8067301027282	0.4946707907531948	-8.069861650466926	-0.5282833054218247
-999.0	340.0	338.6413737838869	0.39555383207542555	-7.2291445959182115	-0.5679901352240861
-999.0	315.0	340.28512445398906	0.32632010456706767	-5.980992141224101	-0.64665740338109
-999.0	290.0	341.8809343260452	0.25819289852820665	-4.65806535595941	-0.6487260397434828
-999.0	265.0	343.52595194659676	0.19556818467875312	-3.3701043178638077	-0.5021724764789683
-999.0	240.0	345.2211516787785	0.13401056591066576	-1.9501696600623473	-0.19806307075277635
-999.0	215.0	346.90263564953887	0.08154086954891684	-0.2204601537614228	0.1765283122658761
-999.0	190.0	348.75864937453025	0.044756850493805775	1.885165248598297	0.4985847820838156
-999.0	165.0	351.31390565101736	0.02205001930927951	4.037483162823103	0.7888350526003562
-999.0	140.0	355.96270179725695	0.01023762444743799	5.032920212972688	1.1260544984112901
-999.0	115.0	367.52054905516667	0.0059957154472136745	4.7310593128204355	1.2007978278255897
-999.0	90.0	393.91757809531657	0.005390418504941302	5.032927434359305	0.6824908867212057
-999.0	65.0	442.7425603173205	0.0034405041231020026	0.5857369743642494	0.11584842884693142
-999.0	40.0	533.0290775720831	0.01403320711549544	-10.017678470838673	-0.09055080229325464
-999.0	15.0	722.9810183587311	0.07180876249358759	-18.541562159856227	0.03967995008099484
244.22222222222223	40	1004.3655744280137	day	levels	pres0
-999.0	990.0	299.69122490290886	15.873025667099729	-3.0373646598013644	-0.8954679925172238
-999.0	965.0	301.66695232408955	15.333626573047946	-5.0878968976792995	-1.4621178622963835
-999.0	940.0	302.81109974283345	14.870906716301336	-6.030786213184182	-1.8063187389265203
-999.0	915.0	303.66876017372965	14.193522142985511	-6.570509862332141	-2.1315375727320736
-999.0	890.0	304.4405310241505	13.387613826327854	-7.026023141921535	-2.4212998735999594
-999.0	865.0	305.26277096828665	12.446361579592265	-7.532061879597034	-2.6062122720574887
-999.0	840.0	306.1083414568478	11.415063441745824	-8.065445998358369	-2.6334516898034446
-999.0	815.0	307.0023841697158	10.286330593956848	-8.549986339750768	-2.49426007176206
-999.0	790.0	308.0587669021801	9.051424620643497	-8.912546407608783	-2.1827426096868296
-999.0	765.0	309.30038168885596	7.834509561932275	-9.070020897047879	-1.731168452546858
-999.0	740.0	310.61939472402815	6.83043667059096	-8.908295037254469	-1.258849908701271
-999.0	715.0	311.94750686429916	6.0776663772643555	-8.46843888835302	-0.8422447171594589
-999.0	690.0	313.2693370736197	5.433532726197015	-7.896084253750148	-0.5061114968968646
-999.0	665.0	314.56215549321496	4.920480045061265	-7.205061399747445	-0.27348412809864714
-999.0	640.0	315.92200654480666	4.442645759809587	-6.644637371812535	-0.0935588509790522
-999.0	615.0	317.37338017037575	4.001636766252066	-6.304150399825862	0.03393152569021419
-999.0	590.0	319.00709277461056	3.556306068859404	-6.178452803501996	0.14788413757369853
-999.0	565.0	320.843075298169	3.0944007644577636	-6.302396325837989	0.24642687778743066
-999.0	540.0	322.7604838603752	2.6267959002464547	-6.5564047277919775	0.29308375662991876
-999.0	515.0	324.7113768966407	2.136663158734639	-6.921772470313402	0.2561270209059017
-999.0	490.0	326.7018975853191	1.7032531632317436	-7.3185895851680165	0.09389860253960178
-999.0	465.0	328.70751025638816	1.327395101861348	-7.7226992675236215	-0.18609160976482542
-999.0	440.0	330.7323296253966	1.0274095296386685	-8.110433567374463	-0.39798681769104327
-999.0	415.0	332.75097419463157	0.8040298946083535	-8.41650253002132	-0.48318855346932943
-999.0	390.0	334.78280270304924	0.6278331892949239	-8.448024360433452	-0.5082939273071566
-999.0	365.0	336.77224407296745	0.491993325452009	-8.072617275374274	-0.5121039868524568
-999.0	340.0	338.61423995281535	0.3934297011721695	-7.228751180663938	-0.5584176369602696
-999.0	315.0	340.265650305794	0.3251107852196406	-5.9676928510741485	-0.6404064676118273
-999.0	290.0	341.87008280814206	0.2577006567328694	-4.632872171108672	-0.6469073586816368
-999.0	265.0	343.52508206540756	0.1955593027736224	-3.336610595148693	-0.5056213981338947
-999.0	240.0	345.2300174474794	0.13411525599954158	-1.9036058130126905	-0.2008461324231992
-999.0	215.0	346.91196860661927	0.0815949416941121	-0.15108702201689012	0.18111969601540626
-999.0	190.0	348.7492738285016	0.04473019856959582	1.9767901698748638	0.511054350270174
-999.0	165.0	351.27385220038093	0.02200327429269986	4.129152233165442	0.8140928739504603
-999.0	140.0	355.90335336023895	0.010229058016742032	5.088730184331793	1.1743432288132272
-999.0	115.0	367.48122292575823	0.005999916318124017	4.7368726503281415	1.2565941439261794
-999.0	90.0	393.9499025564051	0.0054080724801188265	5.019184546811238	0.7018823487063369
-999.0	65.0	442.8422767558792	0.0034251825603109445	0.5804801457931111	0.08875007342753292
-999.0	40.0	533.0933026987716	0.01407796076484145	-9.981295920080596	-0.12319964998299461
-999.0	15.0	722.9878425392279	0.07182376825856784	-18.489593802936476	0.019833036140338725
244.23611111111111	40	1004.2238333565853	day	levels	pres0
-999.0	990.0	299.6367675654185	15.874064740680517	-3.039756246029415	-0.9264652062029708
-999.0	965.0	301.66045017058514	15.338110870785187	-5.119945946193875	-1.5063641442887268
-999.0	940.0	302.8223042088468	14.868091969262988	-6.080453595471731	-1.8603291079283164
-999.0	915.0	303.67743009287443	14.184283612266414	-6.621674228282159	-2.1949791009463313
-999.0	890.0	304.44036650938324	13.37712654991754	-7.073347275219226	-2.490824472099944
-999.0	865.0	305.25080106413907	12.44264866813778	-7.577742353318193	-2.6794631677486747
-999.0	840.0	306.08465869421184	11.419515163179396	-8.112147993511586	-2.70950958463872
-999.0	815.0	306.9707549005545	10.292964609842423	-8.599165326073013	-2.5715210007295735
-999.0	790.0	308.0248516453487	9.053401682111938	-8.96137752419422	-2.2548094770559772
-999.0	765.0	309.26683922284246	7.831831617960855	-9.111280815941912	-1.7896337489345442
-999.0	740.0	310.5876683046308	6.8269057179254276	-8.934623216825798	-1.3006096314490474
-999.0	715.0	311.91869950301987	6.076380317173313	-8.47585586517576	-0.8685766381344266
-999.0	690.0	313.24382709032795	5.434878303891137	-7.885305283561598	-0.5196010657837284
-999.0	665.0	314.54002240579695	4.925064426565921	-7.178380062655825	-0.27753939278541734
-999.0	640.0	315.90255126382493	4.44829098099753	-6.608640994344469	-0.09006281882998515
-999.0	615.0	317.35522383562346	4.005593047255555	-6.267573944396468	0.04296548451694173
-999.0	590.0	318.98745600526337	3.558607976587989	-6.14554593227214	0.1613861538824306
-999.0	565.0	320.8185218939994	3.0954224770031273	-6.27665709101019	0.2638378715851846
-999.0	540.0	322.7302081019974	2.6264966660075735	-6.536869849950549	0.3167787926005043
-999.0	515.0	324.67546009807637	2.1351402118092517	-6.905813770043473	0.28889326845837554
-999.0	490.0	326.66155317805516	1.7012068567768008	-7.302639109747758	0.13415840676137494
-999.0	465.0	328.66459291609317	1.3256007598506105	-7.703832034553816	-0.14201128775525224
-999.0	440.0	330.6880668915549	1.0254416186658188	-8.092374186194151	-0.35536544097384887
-999.0	415.0	332.70696535465675	0.8015119374271454	-8.404872067272679	-0.44779705836085937
-999.0	390.0	334.7419419377452	0.6251518796124177	-8.444553020927655	-0.48242026889728085
-999.0	365.0	336.73775804320667	0.4893158601508267	-8.075372900281652	-0.4959246682831056
-999.0	340.0	338.5871061217439	0.39130557026891555	-7.228357765409704	-0.5488451386964507
-999.0	315.0	340.24617615759917	0.3239014658722141	-5.954393560924259	-0.634155531842551
-999.0	290.0	341.85923129023905	0.25720841493753205	-4.607678986258016	-0.6450886776197607
-999.0	265.0	343.5242121842181	0.19555042086849117	-3.303116872433679	-0.5090703197887709
-999.0	240.0	345.2388832161802	0.13421994608841709	-1.8570419659631754	-0.20362919409357766
-999.0	215.0	346.9213015636996	0.08164901383930734	-0.08171389027255961	0.18571107976494233
-999.0	190.0	348.739898282473	0.04470354664538597	2.068415091151182	0.5235239184564856
-999.0	165.0	351.2337987497444	0.021956529276120355	4.220821303507546	0.8393506953004397
-999.0	140.0	355.84400492322095	0.010220491586046095	5.144540155690762	1.2226319592149457
-999.0	115.0	367.44189679634974	0.0060041171890343374	4.74268598783584	1.3123904600265353
-999.0	90.0	393.98222701749347	0.005425726455296286	5.0054416592632345	0.721273810691372
-999.0	65.0	442.9419931944376	0.003409860997519934	0.5752233172220108	0.0616517180081824
-999.0	40.0	533.15752782546	0.0141227144141873	-9.944913369322622	-0.1558484976726559
-999.0	15.0	722.9946667197249	0.07183877402354791	-18.437625446016906	-1.3877800281407799e-05
244.25	40	1004.0820922851564	day	levels	pres0
-999.0	990.0	299.5823102279281	15.8751038142613	-3.0421478322574074	-0.9574624198888031
-999.0	965.0	301.65394801708084	15.342595168522429	-5.15199499470847	-1.55061042628118
-999.0	940.0	302.8335086748602	14.865277222224647	-6.130120977759361	-1.914339476930244
-999.0	915.0	303.68610001201915	14.175045081547331	-6.672838594232288	-2.258420629160745
-999.0	890.0	304.4402019946159	13.366639273507259	-7.120671408517021	-2.5603490706001013
-999.0	865.0	305.2388311599914	12.438935756683353	-7.623422827039448	-2.7527140634400507
-999.0	840.0	306.06097593157574	11.423966884613039	-8.158849988664901	-2.7855674794742042
-999.0	815.0	306.93912563139315	10.299598625728063	-8.64834431239537	-2.64878192969731
-999.0	790.0	307.9909363885173	9.055378743580413	-9.010208640779767	-2.326876344425338
-999.0	765.0	309.23329675682885	7.829153673989432	-9.152540734836032	-1.84809904532241
-999.0	740.0	310.5559418852336	6.8233747652598815	-8.960951396397183	-1.3423693541969572
-999.0	715.0	311.88989214174046	6.0750942570822595	-8.48327284199851	-0.8949085591094835
-999.0	690.0	313.21831710703617	5.436223881585257	-7.874526313373023	-0.5330906346706408
-999.0	665.0	314.5178893183787	4.929648808070592	-7.151698725564141	-0.28159465747220175
-999.0	640.0	315.88309598284326	4.4539362021854965	-6.572644616876331	-0.08656678668090277
-999.0	615.0	317.33706750087094	4.009549328259061	-6.230997488967011	0.05199944334370751
-999.0	590.0	318.9678192359162	3.5609098843165805	-6.112639061042242	0.17488817019121983
-999.0	565.0	320.7939684898297	3.0964441895484933	-6.250917856182372	0.2812488653830119
-999.0	540.0	322.6999323436196	2.62619743176869	-6.517334972109115	0.3404738285711834
-999.0	515.0	324.63954329951207	2.1336172648838594	-6.8898550697735415	0.32165951601096565
-999.0	490.0	326.621208770791	1.699160550321852	-7.286688634327482	0.17441821098327637
-999.0	465.0	328.62167557579806	1.323806417839868	-7.684964801583973	-0.09793096574555554
-999.0	440.0	330.64380415771325	1.0234737076929639	-8.074314805013795	-0.31274406425654894
-999.0	415.0	332.6629565146818	0.7989939802459309	-8.393241604524	-0.4124055632523129
-999.0	390.0	334.701081172441	0.6224705699299063	-8.441081681421828	-0.456546610487359
-999.0	365.0	336.7032720134459	0.486638394849641	-8.078128525188992	-0.47974534971373417
-999.0	340.0	338.5599722906723	0.3891814393656596	-7.227964350155424	-0.5392726404326303
-999.0	315.0	340.22670200940416	0.322692146524787	-5.941094270774297	-0.6279045960732871
-999.0	290.0	341.84837977233605	0.2567161731421948	-4.58248580140727	-0.6432699965579171
-999.0	265.0	343.5233423030288	0.19554153896336054	-3.2696231497185577	-0.5125192414437022
-999.0	240.0	345.247748984881	0.1343246361772929	-1.8104781189135148	-0.2064122557640078
-999.0	215.0	346.93063452078	0.08170308598450253	-0.012340758528028229	0.19030246351446423
-999.0	190.0	348.73052273644436	0.04467689472117595	2.160040012427739	0.5359934866428376
-999.0	165.0	351.19374529910795	0.021909784259540703	4.31249037384987	0.8646085166505407
-999.0	140.0	355.784656486203	0.010211925155350141	5.200350127049855	1.2709206896168848
-999.0	115.0	367.4025706669414	0.0060083180599446815	4.748499325343541	1.3681867761271342
-999.0	90.0	394.01455147858195	0.005443380430473812	4.991698771715164	0.740665272676519
-999.0	65.0	443.0417096329963	0.0033945394347288786	0.5699664886508669	0.03455336258879726
-999.0	40.0	533.2217529521487	0.01416746806353331	-9.908530818564552	-0.18849734536239088
-999.0	15.0	723.0014909002217	0.0718537797885282	-18.38565708909716	-0.01986079174093905
244.26388888888889	40	1004.1023564414375	day	levels	pres0
-999.0	990.0	299.55274061532504	15.908019164251948	-3.0589616421669565	-0.9607093522827624
-999.0	965.0	301.5897420038866	15.343223549070819	-5.172566885513017	-1.5583095053240266
-999.0	940.0	302.77979799006965	14.84810960103594	-6.176245077261917	-1.9357527013099343
-999.0	915.0	303.6388443691674	14.158170094565728	-6.732269781922607	-2.290804906969985
-999.0	890.0	304.3944005325049	13.35544530172196	-7.174442679163065	-2.5941105229514103
-999.0	865.0	305.19194367085623	12.434857762049118	-7.660912120153069	-2.779614091865614
-999.0	840.0	306.0152709923646	11.425633468325188	-8.1785669780913	-2.801079029128674
-999.0	815.0	306.8974667491238	10.304904672834631	-8.654511849085491	-2.648268852915079
-999.0	790.0	307.95444020623785	9.060254607881841	-9.007137985456552	-2.3079008209326672
-999.0	765.0	309.2046806158116	7.825383958362407	-9.142303109168997	-1.8130979069641229
-999.0	740.0	310.53513136233397	6.808809272826653	-8.944040209527987	-1.2971537829568363
-999.0	715.0	311.8759157679828	6.051792839216783	-8.460166656781738	-0.844107657434382
-999.0	690.0	313.20928049234897	5.4098418004928766	-7.8481979067363214	-0.4787789721573402
-999.0	665.0	314.5114054406523	4.906754580755054	-7.126815570725313	-0.2262561964609595
-999.0	640.0	315.8785509144436	4.433542271455101	-6.5558561767850465	-0.033351889087034674
-999.0	615.0	317.33358495323154	3.9905874738617277	-6.230009585145922	0.09913477287558546
-999.0	590.0	318.96232893826533	3.543207055992524	-6.126945611503404	0.21357005527098494
-999.0	565.0	320.7827300406019	3.0802178534250158	-6.277379789641004	0.30975405428383085
-999.0	540.0	322.6838801811804	2.6123650457177625	-6.549843729961516	0.3618753632855886
-999.0	515.0	324.62095120870066	2.1233569024100984	-6.92070419636987	0.34022239891310135
-999.0	490.0	326.60134881842106	1.6916573199014713	-7.31125798868757	0.19054915034581976
-999.0	465.0	328.6017920516482	1.3181257467894267	-7.700217546451672	-0.08565805905631847
-999.0	440.0	330.6251999678257	1.0189611232942972	-8.083613113869754	-0.3085466935521202
-999.0	415.0	332.6468845955595	0.7948584955126486	-8.401481055196314	-0.4196196222116325
-999.0	390.0	334.68779679991684	0.618939195951769	-8.44860646199612	-0.469335787116562
-999.0	365.0	336.69257093952325	0.4840501276037025	-8.08348163536616	-0.48927137563154455
-999.0	340.0	338.5510070141832	0.3871190451558599	-7.229607521541525	-0.541245388133187
-999.0	315.0	340.2177815311855	0.32077547396340805	-5.9391330130516415	-0.6215017847125412
-999.0	290.0	341.83652232477755	0.2552459869415499	-4.5822020277144375	-0.6328486385089883
-999.0	265.0	343.506106443516	0.1946565141043957	-3.276632368091567	-0.5044700862869252
-999.0	240.0	345.22754770412934	0.13386872727128196	-1.8252140863074529	-0.20435928328641484
-999.0	215.0	346.9126083392586	0.08143704295867923	-0.03891860681872151	0.18735933268355345
-999.0	190.0	348.7152542402992	0.04451807903214551	2.106385376481706	0.532475631891041
-999.0	165.0	351.17888508755294	0.021839082418453025	4.218556129506548	0.8609169995974124
-999.0	140.0	355.7760130583736	0.010180289228816334	5.076628363853749	1.2524748936531902
-999.0	115.0	367.41992952855804	0.006005617775141255	4.636965012266408	1.328411437216207
-999.0	90.0	394.06560471088363	0.005442824957537516	4.938090946466159	0.7061593439133925
-999.0	65.0	443.06382212490854	0.003375394256888969	0.5567195579882651	0.029223791308821752
-999.0	40.0	533.1893419237327	0.014142846533407732	-9.907338464543923	-0.17148683119620764
-999.0	15.0	722.8820556804089	0.07154759492665963	-18.397344303509552	0.00159305795321132
244.27777777777777	40	1004.1226205977185	day	levels	pres0
-999.0	990.0	299.5231710027222	15.940934514242496	-3.075775452076436	-0.9639562846767534
-999.0	965.0	301.52553599069256	15.343851929619202	-5.193138776317464	-1.5660085843669038
-999.0	940.0	302.7260873052792	14.830941979847266	-6.2223691767643174	-1.9571659256896268
-999.0	915.0	303.59158872631565	14.141295107584162	-6.791700969612761	-2.3231891847792014
-999.0	890.0	304.34859907039413	13.344251329936686	-7.228213949808975	-2.627871975302684
-999.0	865.0	305.14505618172126	12.430779767414885	-7.6984014132666045	-2.8065141202911392
-999.0	840.0	305.9695660531535	11.427300052037316	-8.198283967517664	-2.8165905787831194
-999.0	815.0	306.85580786685466	10.31021071994115	-8.660679385775609	-2.647755776132857
-999.0	790.0	307.91794402395834	9.065130472183226	-9.004067330133351	-2.288925297440053
-999.0	765.0	309.1760644747945	7.821614242735365	-9.132065483501984	-1.7780967686059377
-999.0	740.0	310.51432083943445	6.7942437803934554	-8.927129022658828	-1.2519382117168496
-999.0	715.0	311.86193939422526	6.028491421351368	-8.437060471565017	-0.7933067557594354
-999.0	690.0	313.2002438776617	5.383459719400569	-7.821869500099679	-0.42446730964420293
-999.0	665.0	314.5049215629258	4.883860353439584	-7.101932415886543	-0.17091773544987504
-999.0	640.0	315.87400584604404	4.4131483407247725	-6.5390677366938	0.019863008506691888
-999.0	615.0	317.33010240559213	3.9716256194644592	-6.229021681324832	0.14627010240734958
-999.0	590.0	318.95683864061454	3.5255042276685282	-6.141252161964533	0.25225194035066817
-999.0	565.0	320.771491591374	3.0639915173015977	-6.303841723099577	0.3382592431846014
-999.0	540.0	322.66782801874126	2.598532659666885	-6.5823524878138455	0.3832768979999688
-999.0	515.0	324.6023591178893	2.113096539936373	-6.951553322966125	0.35878528181522107
-999.0	490.0	326.5814888660514	1.684154089481115	-7.335827343047601	0.2066800897083547
-999.0	465.0	328.5819085274983	1.3124450757390003	-7.715470291319342	-0.07338515236707903
-999.0	440.0	330.6065957779382	1.014448538895639	-8.092911422725704	-0.3043493228476664
-999.0	415.0	332.6308126764373	0.7907230107793751	-8.409720505868629	-0.42683368117089704
-999.0	390.0	334.6745124273927	0.6154078219736394	-8.456131242570422	-0.48212496374570385
-999.0	365.0	336.6818698656007	0.48146186035777006	-8.088834745543343	-0.4987974015493186
-999.0	340.0	338.5420417376941	0.38505665094606534	-7.23125069292765	-0.5432181358337387
-999.0	315.0	340.2088610529669	0.318858801402034	-5.937171755329013	-0.6150989733518145
-999.0	290.0	341.8246648772191	0.2537758007409085	-4.5819182540216135	-0.6224272804600904
-999.0	265.0	343.4888705840033	0.19377148924543292	-3.283641586464545	-0.4964209311301793
-999.0	240.0	345.2073464233777	0.1334128183652722	-1.8399500537013163	-0.20230631080885064
-999.0	215.0	346.89458215773715	0.08117099993285685	-0.06549645510929387	0.18441620185261504
-999.0	190.0	348.6999857441541	0.04435926334311571	2.0527307405358526	0.5289577771392105
-999.0	165.0	351.164024875998	0.021768380577365593	4.124621885163483	0.8572254825442527
-999.0	140.0	355.7673696305443	0.01014865330228258	4.952906600657958	1.2340290976895276
-999.0	115.0	367.4372883901746	0.0060029174903378155	4.525430699189546	1.2886360983054
-999.0	90.0	394.1166579431853	0.005442269484601208	4.8844831212172615	0.6716534151503629
-999.0	65.0	443.0859346168207	0.0033562490790491153	0.5434726273256676	0.023894220028842783
-999.0	40.0	533.1569308953169	0.014118225003282248	-9.906146110523318	-0.15447631703010675
-999.0	15.0	722.7626204605966	0.07124141006479202	-18.409031517921928	0.023046907647278632
244.29166666666666	40	1004.1428847539997	day	levels	pres0
-999.0	990.0	299.4936013901193	15.973849864233145	-3.0925892619859887	-0.9672032170707198
-999.0	965.0	301.46132997749845	15.344480310167596	-5.213710667122013	-1.5737076634097575
-999.0	940.0	302.6723766204886	14.813774358658561	-6.268493276266873	-1.978579150069326
-999.0	915.0	303.5443330834637	14.124420120602556	-6.851132157303088	-2.3555734625884517
-999.0	890.0	304.30279760828313	13.33305735815139	-7.281985220455028	-2.6616334276540035
-999.0	865.0	305.0981686925862	12.426701772780653	-7.73589070638023	-2.83341414871671
-999.0	840.0	305.92386111394245	11.428966635749466	-8.218000956944065	-2.832102128437595
-999.0	815.0	306.8141489845854	10.315516767047722	-8.666846922465732	-2.647242699350629
-999.0	790.0	307.88144784167883	9.070006336484658	-9.000996674810132	-2.2699497739473835
-999.0	765.0	309.14744833377733	7.817844527108338	-9.121827857834948	-1.7430956302476501
-999.0	740.0	310.49351031653487	6.779678287960233	-8.910217835789629	-1.2067226404767268
-999.0	715.0	311.84796302046766	6.005190003485892	-8.413954286348243	-0.7425058540843317
-999.0	690.0	313.19120726297456	5.357077638308189	-7.795541093462979	-0.3701556471308995
-999.0	665.0	314.4984376851994	4.860966126124046	-7.0770492610477165	-0.11557927443862959
-999.0	640.0	315.8694607776444	4.392754409994379	-6.522279296602518	0.07307790610056346
-999.0	615.0	317.3266198579527	3.9526637650671272	-6.228033777503744	0.19340543193923126
-999.0	590.0	318.9513483429637	3.507801399344471	-6.155558712425698	0.2909338254304367
-999.0	565.0	320.76025314214615	3.04776518117812	-6.330303656558211	0.36676443208542314
-999.0	540.0	322.6517758563021	2.5847002736159577	-6.6148612456662494	0.40467843271437587
-999.0	515.0	324.5837670270779	2.1028361774626125	-6.982402449562458	0.3773481647173571
-999.0	490.0	326.56162891368155	1.6766508590607345	-7.360396697407694	0.22281102907089684
-999.0	465.0	328.5620250033485	1.3067644046885591	-7.730723036187045	-0.06111224567784514
-999.0	440.0	330.58799158805067	1.0099359544969724	-8.102209731581667	-0.30015195214324214
-999.0	415.0	332.61474075731513	0.7865875260460925	-8.417959956540944	-0.43404774013022257
-999.0	390.0	334.66122805486845	0.6118764479955016	-8.463656023144715	-0.49491414037491294
-999.0	365.0	336.6711687916781	0.47887359311183125	-8.094187855720508	-0.5083234274671334
-999.0	340.0	338.53307646120487	0.3829942567362654	-7.232893864313746	-0.5451908835342979
-999.0	315.0	340.1999405747482	0.316942128840655	-5.935210497606352	-0.6086961619910682
-999.0	290.0	341.8128074296606	0.2523056145402635	-4.581634480328779	-0.6120059224111597
-999.0	265.0	343.47163472449046	0.1928864643864682	-3.2906508048375485	-0.4883717759734005
-999.0	240.0	345.18714514262604	0.1329569094592613	-1.8546860210952492	-0.20025333833125708
-999.0	215.0	346.8765559762157	0.08090495690703361	-0.09207430339998694	0.18147307102170543
-999.0	190.0	348.684717248009	0.04420044765408528	1.9990761045898109	0.5254399223874165
-999.0	165.0	351.1491646644431	0.021697678736277915	4.030687640820148	0.8535339654911289
-999.0	140.0	355.7587262027151	0.01011701737574877	4.829184837461841	1.215583301725837
-999.0	115.0	367.45464725179136	0.0060002172055343885	4.413896386112405	1.2488607593944756
-999.0	90.0	394.1677111754869	0.005441714011664908	4.830875295968255	0.6371474863872386
-999.0	65.0	443.10804710873293	0.0033371039012092033	0.5302256966630639	0.018564648748870118
-999.0	40.0	533.124519866901	0.014093603473156668	-9.904953756502689	-0.13746580286392113
-999.0	15.0	722.643185240784	0.07093522520292343	-18.42071873233433	0.04450075734143176
244.30555555555554	40	1004.1631489102803	day	levels	pres0
-999.0	990.0	299.46403177751637	16.006765214223687	-3.1094030718954673	-0.9704501494647102
-999.0	965.0	301.3971239643045	15.345108690715977	-5.234282557926459	-1.5814067424526348
-999.0	940.0	302.6186659356982	14.796606737469892	-6.314617375769274	-1.9999923744490182
-999.0	915.0	303.4970774406119	14.107545133620993	-6.910563344993242	-2.387957740397669
-999.0	890.0	304.2569961461723	13.321863386366115	-7.335756491100936	-2.6953948800052765
-999.0	865.0	305.05128120345114	12.42262377814642	-7.773379999493767	-2.860314177142236
-999.0	840.0	305.87815617473143	11.430633219461592	-8.237717946370429	-2.8476136780920416
-999.0	815.0	306.7724901023163	10.320822814154242	-8.673014459155851	-2.646729622568407
-999.0	790.0	307.84495165939944	9.074882200786043	-8.99792601948693	-2.2509742504547696
-999.0	765.0	309.1188321927602	7.8140748114813	-9.111590232167936	-1.7080944918894647
-999.0	740.0	310.4726997936354	6.765112795527035	-8.89330664892047	-1.1615070692367404
-999.0	715.0	311.83398664671006	5.981888585620481	-8.390848101131523	-0.6917049524093849
-999.0	690.0	313.18217064828735	5.330695557215881	-7.769212686826339	-0.31584398461776236
-999.0	665.0	314.4919538074729	4.838071898808575	-7.052166106208948	-0.0602408134275451
-999.0	640.0	315.86491570924477	4.37236047926405	-6.50549085651127	0.12629280369428997
-999.0	615.0	317.32313731031326	3.9337019106698574	-6.227045873682654	0.2405407614709954
-999.0	590.0	318.9458580453129	3.490098571020476	-6.169865262886825	0.3296157105101199
-999.0	565.0	320.74901469291837	3.031538845054702	-6.356765590016784	0.3952696209861937
-999.0	540.0	322.63572369386293	2.5708678875650803	-6.647370003518579	0.4260799674287559
-999.0	515.0	324.56517493626666	2.0925758149888867	-7.013251576158712	0.39591104761947704
-999.0	490.0	326.5417689613118	1.6691476286403781	-7.384966051767726	0.23894196843343174
-999.0	465.0	328.5421414791987	1.3010837336381325	-7.745975781054715	-0.0488393389886055
-999.0	440.0	330.5693873981631	1.0054233700983142	-8.111508040437618	-0.2959545814387882
-999.0	415.0	332.59866883819296	0.7824520413128188	-8.42619940721326	-0.44126179908948704
-999.0	390.0	334.6479436823443	0.6083450740173719	-8.471180803719013	-0.5077033170040548
-999.0	365.0	336.6604677177555	0.47628532586589856	-8.09954096589769	-0.517849453384908
-999.0	340.0	338.52411118471576	0.38093186252647104	-7.23453703569987	-0.5471636312348496
-999.0	315.0	340.1910200965295	0.3150254562792808	-5.933249239883722	-0.6022933506303415
-999.0	290.0	341.80094998210217	0.25083542833962214	-4.581350706635953	-0.601584564362262
-999.0	265.0	343.45439886497775	0.1920014395275054	-3.2976600232105264	-0.48032262081665505
-999.0	240.0	345.1669438618745	0.13250100055325148	-1.8694219884891123	-0.19820036585369283
-999.0	215.0	346.8585297946943	0.08063891388121126	-0.1186521516905591	0.17852994019076668
-999.0	190.0	348.6694487518639	0.044041631965055505	1.945421468643958	0.5219220676355861
-999.0	165.0	351.1343044528882	0.021626976895190487	3.9367533964770844	0.8498424484379694
-999.0	140.0	355.75008277488575	0.010085381449215019	4.705463074266049	1.1971375057621745
-999.0	115.0	367.4720061134079	0.005997516920730948	4.302362073035543	1.2090854204836685
-999.0	90.0	394.21876440778846	0.005441158538728601	4.777267470719358	0.602641557624209
-999.0	65.0	443.13015960064513	0.0033179587233693486	0.5169787660004663	0.013235077468891073
-999.0	40.0	533.0921088384852	0.01406898194303118	-9.903761402482083	-0.12045528869782016
-999.0	15.0	722.5237500209716	0.07062904034105585	-18.432405946746705	0.06595460703549909
244.31944444444446	40	1004.1834130665613	day	levels	pres0
-999.0	990.0	299.4344621649135	16.039680564214343	-3.126216881805009	-0.9736970818586682
-999.0	965.0	301.33291795111023	15.34573707126436	-5.254854448731007	-1.5891058214954863
-999.0	940.0	302.56495525090764	14.779439116281162	-6.360741475271843	-2.021405598828721
-999.0	915.0	303.44982179776014	14.09067014663937	-6.969994532683589	-2.4203420182069264
-999.0	890.0	304.21119468406135	13.310669414580808	-7.38952776174701	-2.729156332356605
-999.0	865.0	305.004393714316	12.418545783512176	-7.810869292607413	-2.8872142055678127
-999.0	840.0	305.83245123552024	11.432299803173736	-8.257434935796846	-2.863125227746517
-999.0	815.0	306.730831220047	10.326128861260797	-8.679181995845983	-2.646216545786173
-999.0	790.0	307.80845547711994	9.07975806508746	-8.994855364163715	-2.2319987269620873
-999.0	765.0	309.09021605174297	7.810305095854256	-9.10135260650089	-1.6730933535311605
-999.0	740.0	310.4518892707358	6.75054730309379	-8.876395462051255	-1.1162914979966012
-999.0	715.0	311.8200102729524	5.958587167754985	-8.367741915914726	-0.6409040507342666
-999.0	690.0	313.1731340336001	5.304313476123484	-7.742884280189611	-0.2615323221044445
-999.0	665.0	314.4854699297465	4.815177671493027	-7.027282951370096	-0.004902352416282244
-999.0	640.0	315.8603706408451	4.35196654853365	-6.488702416419966	0.17950770128818155
-999.0	615.0	317.3196547626739	3.9147400562725214	-6.22605796986156	0.2876760910028981
-999.0	590.0	318.94036774766204	3.4723957426964143	-6.184171813347995	0.368297595589908
-999.0	565.0	320.7377762436904	3.015312508931222	-6.383227523475435	0.4237748098870302
-999.0	540.0	322.6196715314239	2.55703550151415	-6.679878761371005	0.4474815021431753
-999.0	515.0	324.54658284545513	2.0823154525151244	-7.044100702755061	0.4144739305216266
-999.0	490.0	326.5219090089419	1.6616443982199958	-7.409535406127828	0.2550729077959907
-999.0	465.0	328.5222579550488	1.2954030625876884	-7.761228525922424	-0.036566432299350894
-999.0	440.0	330.5507832082755	1.0009107856996444	-8.120806349293588	-0.29175721073434197
-999.0	415.0	332.5825969190706	0.7783165565795342	-8.434438857885587	-0.44847585804879264
-999.0	390.0	334.6346593098201	0.604813700039233	-8.478705584293326	-0.5204924936332492
-999.0	365.0	336.64976664383295	0.47369705861995937	-8.104894076074881	-0.5273754793027154
-999.0	340.0	338.5151459082266	0.3788694683166712	-7.2361802070859955	-0.549136378935406
-999.0	315.0	340.1820996183107	0.3131087837179018	-5.931287982161088	-0.5958905392695936
-999.0	290.0	341.7890925345438	0.24936524213897732	-4.581066932943139	-0.5911632063133293
-999.0	265.0	343.437163005465	0.19111641466854076	-3.3046692415835524	-0.47227346565987555
-999.0	240.0	345.14674258112274	0.13204509164724065	-1.8841579558830654	-0.19614739337610365
-999.0	215.0	346.84050361317276	0.080372870855388	-0.1452299999812593	0.17558680935984833
-999.0	190.0	348.6541802557188	0.04388281627602506	1.8917668326979173	0.5184042128837804
-999.0	165.0	351.1194442413332	0.02155627505410279	3.8428191521337407	0.84615093138483
-999.0	140.0	355.7414393470564	0.010053745522681191	4.581741311069909	1.1786917097984662
-999.0	115.0	367.48936497502456	0.005994816635927511	4.190827759958374	1.169310081572726
-999.0	90.0	394.2698176400902	0.005440603065792292	4.7236596454703275	0.5681356288610647
-999.0	65.0	443.1522720925573	0.0032988135455294374	0.5037318353378522	0.007905506188901625
-999.0	40.0	533.0596978100696	0.014044360412905589	-9.902569048461455	-0.10344477453163856
-999.0	15.0	722.4043148011588	0.07032285547918718	-18.444093161159095	0.08740845672965852
244.33333333333334	40	1004.2036772228424	day	levels	pres0
-999.0	990.0	299.40489255231057	16.072595914204886	-3.1430306917144875	-0.976944014252657
-999.0	965.0	301.26871193791624	15.346365451812742	-5.275426339535455	-1.5968049005383609
-999.0	940.0	302.51124456611717	14.762271495092492	-6.406865574774242	-2.0428188232084104
-999.0	915.0	303.40256615490836	14.073795159657806	-7.029425720373741	-2.45272629601614
-999.0	890.0	304.1653932219506	13.299475442795533	-7.44329903239292	-2.7629177847078745
-999.0	865.0	304.9575062251811	12.414467788877943	-7.848358585720949	-2.914114233993337
-999.0	840.0	305.7867462963093	11.433966386885858	-8.27715192522321	-2.8786367774009625
-999.0	815.0	306.6891723377778	10.33143490836732	-8.685349532536101	-2.645703469003951
-999.0	790.0	307.7719592948405	9.084633929388847	-8.991784708840513	-2.2130232034694735
-999.0	765.0	309.0615999107258	7.806535380227218	-9.09111498083388	-1.6380922151729758
-999.0	740.0	310.4310787478363	6.735981810660594	-8.859484275182096	-1.0710759267566152
-999.0	715.0	311.80603389919486	5.935285749889571	-8.344635730698007	-0.5901031490593209
-999.0	690.0	313.1640974189129	5.277931395031178	-7.716555873552969	-0.20722065959130875
-999.0	665.0	314.47898605202005	4.792283444177557	-7.002399796531325	0.05043610859480063
-999.0	640.0	315.8558255724455	4.331572617803322	-6.471913976328721	0.23272259888190636
-999.0	615.0	317.3161722150345	3.8957782018752534	-6.225070066040469	0.33481142053466056
-999.0	590.0	318.93487745001124	3.4546929143724197	-6.198478363809124	0.40697948066958933
-999.0	565.0	320.7265377944626	2.999086172807804	-6.409689456934008	0.45227999878779823
-999.0	540.0	322.6036193689846	2.5432031154632733	-6.712387519223335	0.4688830368575523
-999.0	515.0	324.5279907546439	2.0720550900414	-7.074949829351317	0.433036813423743
-999.0	490.0	326.5020490565721	1.65414116779964	-7.434104760487859	0.27120384715852225
-999.0	465.0	328.50237443089895	1.289722391537262	-7.776481270790093	-0.02429352561011467
-999.0	440.0	330.53217901838804	0.9963982013009871	-8.130104658149538	-0.28755984002989093
-999.0	415.0	332.56652499994846	0.7741810718462608	-8.4426783085579	-0.4556899170080594
-999.0	390.0	334.62137493729597	0.6012823260611039	-8.486230364867628	-0.5332816702623929
-999.0	365.0	336.63906556991043	0.4711087913740271	-8.110247186252064	-0.5369015052204911
-999.0	340.0	338.5061806317375	0.3768070741068769	-7.237823378472118	-0.5511091266359585
-999.0	315.0	340.1731791400922	0.31119211115652806	-5.929326724438456	-0.5894877279088669
-999.0	290.0	341.7772350869853	0.2478950559383362	-4.580783159250316	-0.580741848264431
-999.0	265.0	343.4199271459522	0.19023138980957818	-3.3116784599565317	-0.46422431050312885
-999.0	240.0	345.12654130037106	0.131589182741231	-1.8988939232769306	-0.19409442089853762
-999.0	215.0	346.82247743165135	0.0801068278295657	-0.17180784827183387	0.17264367852891296
-999.0	190.0	348.6389117595737	0.04372400058699528	1.8381121967520628	0.5148863581319546
-999.0	165.0	351.1045840297783	0.021485573213015356	3.7488849077906803	0.842459414331675
-999.0	140.0	355.73279591922716	0.010022109596147437	4.458019547874124	1.1602459138348074
-999.0	115.0	367.5067238366411	0.00599211635112407	4.079293446881522	1.1295347426619218
-999.0	90.0	394.32087087239177	0.005440047592855983	4.670051820221437	0.533629700098037
-999.0	65.0	443.1743845844696	0.003279668367689585	0.4904849046752566	0.0025759349089234944
-999.0	40.0	533.0272867816535	0.014019738882780103	-9.901376694440849	-0.08643426036553545
-999.0	15.0	722.2848795813466	0.07001667061731962	-18.455780375571468	0.10886230642372847
244.34722222222223	40	1004.2239413791234	day	levels	pres0
-999.0	990.0	299.3753229397077	16.105511264195535	-3.1598445016240397	-0.9801909466466253
-999.0	965.0	301.2045059247221	15.346993832361134	-5.2959982303399995	-1.6045039795812173
-999.0	940.0	302.45753388132664	14.745103873903785	-6.4529896742767985	-2.064232047588113
-999.0	915.0	303.35531051205646	14.0569201726762	-7.088856908064067	-2.485110573825394
-999.0	890.0	304.1195917598395	13.288281471010237	-7.497070303038972	-2.7966792370591977
-999.0	865.0	304.91061873604593	12.410389794243708	-7.885847878834577	-2.9410142624189093
-999.0	840.0	305.7410413570982	11.43563297059801	-8.296868914649611	-2.8941483270554382
-999.0	815.0	306.6475134555085	10.33674095547389	-8.691517069226222	-2.6451903922217235
-999.0	790.0	307.7354631125611	9.089509793690276	-8.988714053517294	-2.1940476799768036
-999.0	765.0	309.03298376970855	7.80276566460019	-9.08087735516684	-1.6030910768146875
-999.0	740.0	310.4102682249367	6.721416318227369	-8.8425730883129	-1.0258603555164918
-999.0	715.0	311.7920575254372	5.911984332024096	-8.321529545481232	-0.5393022473842161
-999.0	690.0	313.1550608042256	5.251549313938796	-7.690227466916271	-0.15290899707800387
-999.0	665.0	314.4725021742935	4.769389216862019	-6.977516641692499	0.1057745696060477
-999.0	640.0	315.8512805040459	4.3111786870729265	-6.455125536237437	0.2859374964757796
-999.0	615.0	317.31268966739503	3.8768163474779205	-6.224082162219381	0.3819467500665439
-999.0	590.0	318.9293871523604	3.436990086048362	-6.212784914270287	0.44566136574935983
-999.0	565.0	320.71529934523477	2.982859836684327	-6.436151390392642	0.4807851876886224
-999.0	540.0	322.58756720654543	2.529370729412346	-6.744896277075738	0.4902845715719624
-999.0	515.0	324.5093986638325	2.061794727567638	-7.105798955947649	0.4515996963258826
-999.0	490.0	326.48218910420235	1.6466379373792592	-7.458674114847953	0.28733478652106775
-999.0	465.0	328.4824909067491	1.2840417204868206	-7.791734015657796	-0.01202061892087736
-999.0	440.0	330.5135748285005	0.9918856169023195	-8.1394029670055	-0.28336246932546394
-999.0	415.0	332.55045308082623	0.7700455871129779	-8.450917759230215	-0.4629039759673826
-999.0	390.0	334.6080905647717	0.5977509520829657	-8.493755145441922	-0.5460708468916002
-999.0	365.0	336.6283644959878	0.468520524128088	-8.115600296429228	-0.5464275311383047
-999.0	340.0	338.4972153552483	0.3747446798970769	-7.239466549858216	-0.5530818743365168
-999.0	315.0	340.1642586618735	0.30927543859514867	-5.927365466715798	-0.5830849165481208
-999.0	290.0	341.76537763942684	0.24642486973769095	-4.580499385557478	-0.5703204902155007
-999.0	265.0	343.40269128643945	0.18934636495061322	-3.3186876783295336	-0.4561751553463509
-999.0	240.0	345.1063400196194	0.13113327383522	-1.9136298906708613	-0.19204144842094562
-999.0	215.0	346.80445125012994	0.07984078480374242	-0.19838569656252458	0.169700547698
-999.0	190.0	348.6236432634286	0.04356518489796485	1.7844575608060227	0.5113685033801562
-999.0	165.0	351.0897238182234	0.021414871371927678	3.6549506634473414	0.8387678972785466
-999.0	140.0	355.72415249139783	0.009990473669613628	4.334297784678	1.1418001178711132
-999.0	115.0	367.52408269825776	0.005989416066320643	3.9677591338043716	1.0897594037509946
-999.0	90.0	394.3719241046935	0.005439492119919685	4.616443994972424	0.49912377133491065
-999.0	65.0	443.1964970763817	0.0032605231898496724	0.477237974012651	-0.0027536363710500837
-999.0	40.0	532.9948757532378	0.013995117352654528	-9.900184340420223	-0.06942374619935207
-999.0	15.0	722.1654443615338	0.06971048575545101	-18.467467589983873	0.13031615611787886
244.36111111111111	40	1004.2442055354045	day	levels	pres0
-999.0	990.0	299.34575332710483	16.13842661418608	-3.1766583115335183	-0.9834378790406162
-999.0	965.0	301.140299911528	15.347622212909515	-5.316570121144446	-1.6122030586240947
-999.0	940.0	302.40382319653617	14.727936252715113	-6.499113773779198	-2.085645271967805
-999.0	915.0	303.3080548692047	14.040045185694638	-7.148288095754223	-2.51749485163461
-999.0	890.0	304.07379029772886	13.277087499224963	-7.550841573684881	-2.8304406894104703
-999.0	865.0	304.863731246911	12.406311799609476	-7.9233371719481145	-2.9679142908444347
-999.0	840.0	305.6953364178872	11.437299554310137	-8.316585904075975	-2.9096598767098842
-999.0	815.0	306.60585457323936	10.34204700258041	-8.697684605916342	-2.6446773154395014
-999.0	790.0	307.6989669302817	9.094385657991662	-8.985643398194092	-2.175072156484189
-999.0	765.0	309.00436762869157	7.79899594897315	-9.07063972949983	-1.5680899384565024
-999.0	740.0	310.38945770203725	6.706850825794172	-8.82566190144374	-0.9806447842765049
-999.0	715.0	311.7780811516796	5.8886829141586805	-8.298423360264513	-0.4885013457092693
-999.0	690.0	313.1460241895384	5.2251672328464895	-7.663899060279631	-0.09859733456486666
-999.0	665.0	314.4660182965671	4.746494989546548	-6.95263348685373	0.16111303061713214
-999.0	640.0	315.8467354356463	4.290784756342599	-6.438337096146191	0.3391523940695061
-999.0	615.0	317.3092071197556	3.857854493080653	-6.223094258398292	0.429082079598308
-999.0	590.0	318.9238968547095	3.419287257724365	-6.227091464731416	0.4843432508290431
-999.0	565.0	320.70406089600687	2.9666335005609086	-6.462613323851215	0.5092903765893929
-999.0	540.0	322.5715150441062	2.515538343361468	-6.7774050349280675	0.5116861062863425
-999.0	515.0	324.49080657302113	2.0515343650939135	-7.136648082543904	0.4701625792280022
-999.0	490.0	326.4623291518326	1.6391347069589026	-7.4832434692079834	0.30346572588360277
-999.0	465.0	328.46260738259923	1.2783610494363935	-7.806986760525466	0.0002522877683621972
-999.0	440.0	330.49497063861287	0.9873730325036616	-8.14870127586145	-0.2791650986210101
-999.0	415.0	332.534381161704	0.7659101023797042	-8.459157209902532	-0.47011803492664705
-999.0	390.0	334.5948061922476	0.5942195781048363	-8.501279926016224	-0.5588600235207419
-999.0	365.0	336.6176634220653	0.4659322568821556	-8.12095340660641	-0.5559535570560791
-999.0	340.0	338.48825007875917	0.3726822856872824	-7.241109721244339	-0.5550546220370687
-999.0	315.0	340.15533818365475	0.3073587660337746	-5.925404208993168	-0.5766821051873939
-999.0	290.0	341.7535201918684	0.24495468353704963	-4.580215611864656	-0.5598991321666028
-999.0	265.0	343.38545542692674	0.1884613400916505	-3.3256968967025116	-0.44812600018960536
-999.0	240.0	345.08613873886776	0.13067736492921017	-1.9283658580647247	-0.18998847594338147
-999.0	215.0	346.78642506860854	0.07957474177792005	-0.2249635448530964	0.16675741686706136
-999.0	190.0	348.6083747672835	0.04340636920893505	1.730802924860169	0.5078506486283253
-999.0	165.0	351.07486360666843	0.021344169530840253	3.561016419104277	0.8350763802253873
-999.0	140.0	355.7155090635685	0.009958837743079877	4.210576021482207	1.1233543219074507
-999.0	115.0	367.54144155987444	0.0059867157815172035	3.85622482072751	1.0499840648401875
-999.0	90.0	394.422977336995	0.005438936646983378	4.562836169723528	0.4646178425718811
-999.0	65.0	443.218609568294	0.0032413780120098177	0.46399104335005364	-0.0080832076510292
-999.0	40.0	532.962464724822	0.01397049582252904	-9.898991986399617	-0.052413232033251045
-999.0	15.0	722.0460091417215	0.06940430089358343	-18.47915480439625	0.15177000581194622
244.375	40	1004.2644696916856	day	levels	pres0
-999.0	990.0	299.3161837145018	16.171341964176726	-3.193472121443068	-0.9866848114345755
-999.0	965.0	301.0760938983339	15.348250593457905	-5.337142011948994	-1.6199021376669407
-999.0	940.0	302.3501125117456	14.710768631526403	-6.545237873281753	-2.107058496347496
-999.0	915.0	303.26079922635284	14.023170198713034	-7.2077192834445425	-2.549879129443851
-999.0	890.0	304.0279888356178	13.265893527439662	-7.604612844330925	-2.8642021417617802
-999.0	865.0	304.81684375777587	12.402233804975237	-7.960826465061735	-2.9948143192699983
-999.0	840.0	305.64963147867604	11.43896613802229	-8.336302893502372	-2.925171426364354
-999.0	815.0	306.56419569097005	10.347353049686978	-8.703852142606463	-2.644164238657271
-999.0	790.0	307.66247074800214	9.099261522293093	-8.982572742870875	-2.156096632991519
-999.0	765.0	308.97575148767436	7.795226233346122	-9.060402103832793	-1.5330888000982152
-999.0	740.0	310.36864717913767	6.692285333360946	-8.808750714574542	-0.9354292130363842
-999.0	715.0	311.76410477792194	5.865381496293206	-8.27531717504774	-0.43770044403416775
-999.0	690.0	313.1369875748512	5.198785151754108	-7.6375706536429275	-0.044285672051565965
-999.0	665.0	314.4595344188407	4.723600762231011	-6.927750332014904	0.2164514916283744
-999.0	640.0	315.84219036724664	4.270390825612205	-6.421548656054907	0.3923672916633743
-999.0	615.0	317.3057245721162	3.83889263868332	-6.2221063545772015	0.47621740913018595
-999.0	590.0	318.91840655705874	3.4015844294003093	-6.241398015192577	0.5230251359088082
-999.0	565.0	320.69282244677913	2.950407164437431	-6.489075257309846	0.5377955654902119
-999.0	540.0	322.5554628816671	2.5017059573105405	-6.809913792780469	0.5330876410007478
-999.0	515.0	324.4722144822099	2.041274002620152	-7.167497209140234	0.4887254621301379
-999.0	490.0	326.4424691994628	1.6316314765385227	-7.507812823568074	0.3195966652461461
-999.0	465.0	328.4427238584494	1.2726803783859526	-7.822239505393164	0.01252519445759909
-999.0	440.0	330.47636644872534	0.9828604481049951	-8.15799958471741	-0.27496772791658136
-999.0	415.0	332.5183092425819	0.761774617646422	-8.467396660574845	-0.47733209388596676
-999.0	390.0	334.5815218197233	0.5906882041266986	-8.508804706590517	-0.5716492001499449
-999.0	365.0	336.6069623481427	0.463343989636217	-8.126306516783579	-0.565479582973889
-999.0	340.0	338.47928480227	0.3706198914774828	-7.242752892630442	-0.5570273697376252
-999.0	315.0	340.1464177054361	0.3054420934723957	-5.923442951270514	-0.5702792938266482
-999.0	290.0	341.7416627443099	0.24348449733640468	-4.579931838171824	-0.5494777741176745
-999.0	265.0	343.3682195674139	0.18757631523268567	-3.332706115075521	-0.4400768450328282
-999.0	240.0	345.0659374581161	0.1302214560231992	-1.9431018254586636	-0.1879355034657887
-999.0	215.0	346.7683988870871	0.07930869875209674	-0.25154139314379	0.16381428603615084
-999.0	190.0	348.5931062711384	0.043247553519904613	1.6771482889141358	0.5043327938765289
-999.0	165.0	351.0600033951135	0.021273467689752582	3.4670821747609555	0.8313848631722588
-999.0	140.0	355.70686563573923	0.009927201816546067	4.086854258286102	1.1049085259437563
-999.0	115.0	367.55880042149107	0.005984015496713776	3.7446905076503763	1.0102087259292605
-999.0	90.0	394.4740305692967	0.005438381174047079	4.509228344474521	0.4301119138087546
-999.0	65.0	443.24072206020617	0.003222232834169908	0.4507441126874517	-0.013412778931004694
-999.0	40.0	532.930053696406	0.013945874292403463	-9.89779963237899	-0.03540271786706787
-999.0	15.0	721.9265739219087	0.06909811603171485	-18.49084201880864	0.17322385550609662
244.38888888888889	40	1004.4936935182607	day	levels	pres0
-999.0	990.0	299.28656722229687	16.201912024664544	-3.210105481956718	-0.9897719815609793
-999.0	965.0	301.0118724702353	15.345385014064732	-5.357635900319143	-1.6274387888491937
-999.0	940.0	302.29640922264224	14.692265033721906	-6.59116914442614	-2.128307244607376
-999.0	915.0	303.21352669033786	14.005315508161258	-7.2668876080286635	-2.5820008989364442
-999.0	890.0	303.98216333481946	13.253217545766672	-7.658196507938381	-2.897703803720941
-999.0	865.0	304.76993152856676	12.396012094285757	-7.998188529695819	-3.0214363790693874
-999.0	840.0	305.603843293774	11.438063258216507	-8.355858378940173	-2.9403703099205463
-999.0	815.0	306.522519861148	10.349621212671693	-8.709817224078709	-2.6433524177187926
-999.0	790.0	307.6260004734264	9.101180171209686	-8.979317827830233	-2.1367889978582655
-999.0	765.0	308.94711704387333	7.789766360842995	-9.050064571320057	-1.4977126222635582
-999.0	740.0	310.34787968209116	6.677071809768664	-8.791865411258867	-0.8898440642015696
-999.0	715.0	311.75012893729837	5.8418520461945045	-8.25237400001948	-0.3865687770265714
-999.0	690.0	313.12799512396913	5.1721063076503375	-7.611488596787507	0.010273585835216982
-999.0	665.0	314.4530516296981	4.700261204015612	-6.903122747701291	0.2718938267864369
-999.0	640.0	315.8376021015749	4.249403245865325	-6.404981739582511	0.4455991242791102
-999.0	615.0	317.30220445504	3.8191884699321648	-6.221261706380619	0.5233422777955965
-999.0	590.0	318.91287908669096	3.383099287275256	-6.255771233921975	0.5617033337790199
-999.0	565.0	320.68162020738595	2.933501183040532	-6.515524294049992	0.5663411888249763
-999.0	540.0	322.5394497109318	2.4873234894540346	-6.842369081009033	0.5545771703833723
-999.0	515.0	324.45364083564255	2.0306122293547815	-7.198285047024045	0.5074298714420685
-999.0	490.0	326.42262854935836	1.6238761101923185	-7.532337833018556	0.3358859717845944
-999.0	465.0	328.4228900709926	1.266879027798056	-7.8375058462695595	0.024940712347861
-999.0	440.0	330.4577818576683	0.9782557667247798	-8.167336356168292	-0.270679835525782
-999.0	415.0	332.50221863988855	0.7575751126758603	-8.475676254502362	-0.4845444181609023
-999.0	390.0	334.5682582087363	0.587164671115929	-8.516363984535607	-0.5844928401315648
-999.0	365.0	336.59627112654084	0.46071221117698696	-8.13168968236635	-0.5750839310506186
-999.0	340.0	338.4703300743284	0.36848319694399606	-7.244421786259082	-0.5590859951954058
-999.0	315.0	340.13750817693	0.30346831490122866	-5.9214990233618	-0.5639584496735501
-999.0	290.0	341.7298839496874	0.24198119123540066	-4.579658866194738	-0.5391346864283902
-999.0	265.0	343.3510300779665	0.18667121184250574	-3.3397271477040924	-0.43210162009510356
-999.0	240.0	345.04577259083067	0.12975374009046237	-1.9578560043777127	-0.18595535225337131
-999.0	215.0	346.750311456567	0.07904041079538165	-0.2781280685985434	0.16079369015874728
-999.0	190.0	348.5776978327555	0.04308784288901157	1.6235170830336056	0.5007229847094523
-999.0	165.0	351.0450363921892	0.021201455137795776	3.3731821049299366	0.8275814780167314
-999.0	140.0	355.6981945985528	0.009894647084856533	3.963121121246531	1.0863351206930725
-999.0	115.0	367.57615860913415	0.005979653144817037	3.633151203630348	0.9704112444988982
-999.0	90.0	394.52503609235066	0.0054344242264974954	4.455620277495567	0.3956049708501272
-999.0	65.0	443.26283587428793	0.003202839743434651	0.43749724541391655	-0.018742533223257505
-999.0	40.0	532.8977213473322	0.013922287816447837	-9.89660622581602	-0.0183921573121508
-999.0	15.0	721.8071656385928	0.06880621904773332	-18.502527753512076	0.1946777735083229
244.40277777777777	40	1004.7229173448353	day	levels	pres0
-999.0	990.0	299.25695073009194	16.232482085152267	-3.2267388424702985	-0.9928591516874151
-999.0	965.0	300.94765104213684	15.342519434671557	-5.378129788689187	-1.6349754400314789
-999.0	940.0	302.24270593353896	14.673761435917456	-6.637100415570375	-2.14955599286726
-999.0	915.0	303.16625415432287	13.987460817609529	-7.326055932612621	-2.6141226684290153
-999.0	890.0	303.9363378340211	13.240541564093705	-7.711780171545701	-2.931205465680065
-999.0	865.0	304.7230192993578	12.389790383596274	-8.035550594329818	-3.0480584388687397
-999.0	840.0	305.55805510887205	11.437160378410704	-8.375413864377938	-2.955569193476716
-999.0	815.0	306.4808440313261	10.351889375656368	-8.715782305550952	-2.642540596780323
-999.0	790.0	307.58953019885075	9.103098820126247	-8.976062912789603	-2.1174813627250697
-999.0	765.0	308.9184826000724	7.784306488339865	-9.039727038807346	-1.4623364444290043
-999.0	740.0	310.3271121850448	6.661858286176418	-8.774980107943227	-0.8442589153668909
-999.0	715.0	311.73615309667474	5.818322596095869	-8.229430824991269	-0.3354371100191306
-999.0	690.0	313.119002673087	5.145427463546644	-7.585406539932144	0.06483284372183572
-999.0	665.0	314.4465688405555	4.676921645800283	-6.8784951633877345	0.3273361619443413
-999.0	640.0	315.8330138359031	4.228415666118511	-6.38841482311015	0.4988309568947045
-999.0	615.0	317.29868433796395	3.799484301181076	-6.220417058184036	0.5704671464608934
-999.0	590.0	318.90735161632324	3.3646141451502687	-6.270144452651336	0.60038153164915
-999.0	565.0	320.6704179679926	2.916595201643694	-6.541973330790078	0.5948868121596923
-999.0	540.0	322.5234365401966	2.472941021597581	-6.874824369237523	0.5760666997659705
-999.0	515.0	324.4350671890753	2.019950456089448	-7.229072884907786	0.5261342807539822
-999.0	490.0	326.40278789925395	1.6161207438461396	-7.556862842468979	0.35217527832303347
-999.0	465.0	328.4030562835359	1.2610776772101744	-7.852772187145924	0.03735623023812502
-999.0	440.0	330.43919726661136	0.9736510853445739	-8.176673127619162	-0.2663919431349579
-999.0	415.0	332.48612803719544	0.7533756077053073	-8.483955848429883	-0.49175674243578293
-999.0	390.0	334.5549945977492	0.5836411381051668	-8.523923262480704	-0.5973364801131232
-999.0	365.0	336.5855799049389	0.4580804327177634	-8.137072847949133	-0.5846882791273124
-999.0	340.0	338.4613753463867	0.3663465024105148	-7.246090679887741	-0.5611446206531812
-999.0	315.0	340.12859864842403	0.3014945363300667	-5.919555095453112	-0.5576376055204709
-999.0	290.0	341.718105155065	0.24047788513440035	-4.579385894217661	-0.5287915987391373
-999.0	265.0	343.33384058851925	0.1857661084523279	-3.346748180332634	-0.42412639515741013
-999.0	240.0	345.02560772354536	0.12928602415772666	-1.9726101832966867	-0.18397520104098217
-999.0	215.0	346.7322240260469	0.07877212283866754	-0.30471474405317495	0.1577730942813156
-999.0	190.0	348.5622893943726	0.042928132258119166	1.5698858771532556	0.49711317554234213
-999.0	165.0	351.03006938926484	0.021129442585839202	3.279282035099176	0.8237780928611727
-999.0	140.0	355.6895235613663	0.009862092353167056	3.8393879842072742	1.0677617154424204
-999.0	115.0	367.59351679677724	0.0059752907929202905	3.5216118996105923	0.930613763068656
-999.0	90.0	394.5760416154045	0.00543046727894791	4.402012210516721	0.36109802789159673
-999.0	65.0	443.2849496883696	0.0031834466526994465	0.4242503781403854	-0.02407228751551385
-999.0	40.0	532.8653889982586	0.0138987013404923	-9.895412819253076	-0.0013815967573158757
-999.0	15.0	721.6877573552771	0.06851432206375274	-18.51421348821549	0.21613169151046624
244.41666666666666	40	1004.9521411714105	day	levels	pres0
-999.0	990.0	299.227334237887	16.263052145640092	-3.2433722029839522	-0.9959463218138255
-999.0	965.0	300.8834296140382	15.339653855278389	-5.398623677059332	-1.6425120912137396
-999.0	940.0	302.1890026444354	14.655257838112963	-6.683031686714766	-2.1708047411271485
-999.0	915.0	303.1189816183078	13.96960612705775	-7.385224257196749	-2.64624443792162
-999.0	890.0	303.8905123332227	13.227865582420709	-7.765363835153163	-2.964707127639235
-999.0	865.0	304.6761070701488	12.38356867290679	-8.072912658963908	-3.074680498668137
-999.0	840.0	305.51226692397	11.436257498604922	-8.39496934981574	-2.9707680770329143
-999.0	815.0	306.43916820150395	10.354157538641088	-8.7217473870232	-2.641728775841848
-999.0	790.0	307.553059924275	9.10501746904284	-8.97280799774896	-2.0981737275918175
-999.0	765.0	308.88984815627146	7.778846615836742	-9.029389506294608	-1.426960266594347
-999.0	740.0	310.30634468799826	6.646644762584136	-8.75809480462755	-0.7986737665320751
-999.0	715.0	311.72217725605105	5.794793145997168	-8.206487649963007	-0.284305443011532
-999.0	690.0	313.1100102222049	5.118748619442875	-7.559324483076723	0.11939210160862151
-999.0	665.0	314.44008605141295	4.653582087584884	-6.853867579074124	0.3827784971024069
-999.0	640.0	315.82842557023133	4.207428086371629	-6.371847906637756	0.5520627895104441
-999.0	615.0	317.2951642208877	3.77978013242992	-6.219572409987453	0.6175920151263076
-999.0	590.0	318.90182414595535	3.346129003025217	-6.284517671380735	0.6390597295193653
-999.0	565.0	320.6592157285994	2.899689220246795	-6.568422367530225	0.6234324354944597
-999.0	540.0	322.5074233694613	2.4585585537410757	-6.9072796574660895	0.5975562291485967
-999.0	515.0	324.41649354250796	2.009288682824078	-7.2598607227916006	0.5448386900659128
-999.0	490.0	326.38294724914954	1.6083653774999365	-7.581387851919464	0.3684645848614802
-999.0	465.0	328.3832224960791	1.2552763266222782	-7.868038528022321	0.04977174812838388
-999.0	440.0	330.42061267555425	0.9690464039643586	-8.186009899070044	-0.26210405074416326
-999.0	415.0	332.4700374345023	0.7491761027347454	-8.492235442357398	-0.49896906671072416
-999.0	390.0	334.5417309867621	0.5801176050943966	-8.531482540425792	-0.610180120094749
-999.0	365.0	336.5748886833371	0.4554486542585331	-8.1424560135319	-0.5942926272040465
-999.0	340.0	338.4524206184451	0.36420980787702795	-7.247759573516376	-0.5632032461109642
-999.0	315.0	340.119689119918	0.2995207577588996	-5.917611167544394	-0.5513167613673723
-999.0	290.0	341.70632636044263	0.23897457903339625	-4.579112922240571	-0.5184485110498515
-999.0	265.0	343.31665109907186	0.184861005062148	-3.353769212961199	-0.4161511702196837
-999.0	240.0	345.00544285625995	0.1288183082249899	-1.987364362215731	-0.18199504982856393
-999.0	215.0	346.7141365955268	0.07850383488195255	-0.3313014195079274	0.1547524984039135
-999.0	190.0	348.5468809559897	0.04276842162722612	1.5162546712727183	0.4935033663752685
-999.0	165.0	351.01510238634063	0.021057430033882392	3.1853819652681437	0.8199747077056496
-999.0	140.0	355.68085252417984	0.009829537621477518	3.715654847167691	1.04918831019174
-999.0	115.0	367.6108749844204	0.0059709284410235505	3.4100725955905564	0.8908162816382958
-999.0	90.0	394.62704713845847	0.0054265103313983236	4.348404143537766	0.32659108493297145
-999.0	65.0	443.3070635024514	0.0031640535619641887	0.4110035108668485	-0.029402041807763936
-999.0	40.0	532.8330566491845	0.013875114864536672	-9.894219412690111	0.015628963797603646
-999.0	15.0	721.5683490719608	0.06822242507977117	-18.52589922291893	0.23758560951269525
244.43055555555554	40	1005.1813649979848	day	levels	pres0
-999.0	990.0	299.1977177456821	16.29362220612781	-3.260005563497532	-0.9990334919402611
-999.0	965.0	300.8192081859397	15.33678827588521	-5.419117565429378	-1.6500487423960237
-999.0	940.0	302.13529935533217	14.63675424030851	-6.728962957858999	-2.1920534893870314
-999.0	915.0	303.0717090822929	13.951751436506017	-7.444392581780705	-2.6783662074141916
-999.0	890.0	303.8446868324245	13.215189600747742	-7.818947498760485	-2.9982087895983596
-999.0	865.0	304.6291948409398	12.377346962217306	-8.110274723597907	-3.1013025584674896
-999.0	840.0	305.46647873906807	11.435354618799119	-8.414524835253504	-2.9859669605890837
-999.0	815.0	306.39749237168206	10.356425701625762	-8.72771246849544	-2.64091695490338
-999.0	790.0	307.51658964969937	9.106936117959401	-8.969553082708332	-2.078866092458622
-999.0	765.0	308.8612137124705	7.773386743333614	-9.019051973781897	-1.3915840887597934
-999.0	740.0	310.28557719095187	6.6314312389918895	-8.741209501311909	-0.7530886176973963
-999.0	715.0	311.7082014154274	5.771263695898533	-8.183544474934797	-0.23317377600409134
-999.0	690.0	313.10101777132286	5.092069775339182	-7.53324242622136	0.17395135949524018
-999.0	665.0	314.4336032622704	4.630242529369557	-6.829239994760568	0.4382208322603112
-999.0	640.0	315.82383730455956	4.186440506624816	-6.3552809901653955	0.6052946221260384
-999.0	615.0	317.29164410381156	3.760075963678832	-6.21872776179087	0.6647168837916043
-999.0	590.0	318.89629667558756	3.3276438609002295	-6.298890890110097	0.6777379273894956
-999.0	565.0	320.6480134892062	2.882783238849957	-6.594871404270312	0.6519780588291757
-999.0	540.0	322.4914101987261	2.444176085884622	-6.93973494569458	0.6190457585311954
-999.0	515.0	324.39791989594073	1.9986269095587441	-7.29064856067534	0.5635430993778265
-999.0	490.0	326.36310659904507	1.6006100111537573	-7.6059128613698865	0.38475389139991945
-999.0	465.0	328.36338870862227	1.249474976034396	-7.8833048688986835	0.06218726601864773
-999.0	440.0	330.4020280844974	0.9644417225841527	-8.195346670520916	-0.2578161583533391
-999.0	415.0	332.45394683180916	0.7449765977641924	-8.50051503628492	-0.5061813909856048
-999.0	390.0	334.52846737577505	0.5765940720836347	-8.539041818370892	-0.6230237600763076
-999.0	365.0	336.5641974617352	0.45281687579930946	-8.147839179114683	-0.6038969752807403
-999.0	340.0	338.44346589050355	0.36207311334354675	-7.249428467145036	-0.5652618715687397
-999.0	315.0	340.1107795914119	0.2975469791877376	-5.915667239635707	-0.5449959172142929
-999.0	290.0	341.6945475658203	0.23747127293239598	-4.578839950263495	-0.5081054233605985
-999.0	265.0	343.29946160962453	0.1839559016719702	-3.3607902455897416	-0.4081759452819901
-999.0	240.0	344.9852779889746	0.1283505922922542	-2.0021185411347058	-0.180014898616175
-999.0	215.0	346.6960491650067	0.07823554692523842	-0.3578880949625594	0.15173190252648183
-999.0	190.0	348.5314725176069	0.042608710996333725	1.4626234653923673	0.4898935572081584
-999.0	165.0	351.00013538341636	0.020985417481925825	3.091481895437382	0.8161713225500908
-999.0	140.0	355.67218148699334	0.009796982889788041	3.591921710128434	1.0306149049410882
-999.0	115.0	367.6282331720636	0.0059665660891268036	3.2985332915708	0.8510188002080539
-999.0	90.0	394.67805266151225	0.005422553383848739	4.29479607655892	0.2920841419744411
-999.0	65.0	443.3291773165331	0.0031446604712289843	0.3977566435933175	-0.034731796100020335
-999.0	40.0	532.8007243001109	0.013851528388581131	-9.893026006127169	0.032639524352438574
-999.0	15.0	721.448940788645	0.0679305280957906	-18.537584957622343	0.25903952751483855
244.44444444444446	40	1005.4105888245601	day	levels	pres0
-999.0	990.0	299.1681012534772	16.324192266615636	-3.2766389240111744	-1.0021206620666634
-999.0	965.0	300.7549867578411	15.333922696492028	-5.439611453799525	-1.6575853935782818
-999.0	940.0	302.08159606622877	14.618250642503996	-6.7748942290034035	-2.213302237646925
-999.0	915.0	303.02443654627774	13.933896745954229	-7.503560906364854	-2.710487976906804
-999.0	890.0	303.79886133162603	13.202513619074738	-7.872531162367971	-3.031710451557539
-999.0	865.0	304.58228261173076	12.371125251527815	-8.147636788232017	-3.1279246182668916
-999.0	840.0	305.42069055416596	11.434451738993326	-8.434080320691322	-3.001165844145283
-999.0	815.0	306.35581654185995	10.358693864610464	-8.733677549967696	-2.6401051339648984
-999.0	790.0	307.4801193751236	9.10885476687598	-8.96629816766769	-2.0595584573253576
-999.0	765.0	308.83257926866946	7.767926870830471	-9.008714441269154	-1.3562079109251195
-999.0	740.0	310.2648096939055	6.616217715399594	-8.724324197996216	-0.7075034688625639
-999.0	715.0	311.6942255748038	5.7477342457998155	-8.160601299906512	-0.18204210899647819
-999.0	690.0	313.0920253204407	5.065390931235395	-7.50716036936591	0.22851061738204054
-999.0	665.0	314.42712047312784	4.606902971154149	-6.80461241044693	0.4936631674183943
-999.0	640.0	315.81924903888773	4.165452926877928	-6.33871407369298	0.6585264547417976
-999.0	615.0	317.2881239867354	3.740371794927672	-6.217883113594281	0.7118417524570398
-999.0	590.0	318.89076920521984	3.3091587187751736	-6.313264108839501	0.7164161252597301
-999.0	565.0	320.63681124981304	2.865877257453057	-6.621320441010475	0.6805236821639581
-999.0	540.0	322.4753970279908	2.429793618028114	-6.972190233923169	0.640535287913834
-999.0	515.0	324.37934624937344	1.9879651362933723	-7.3214363985591735	0.5822475086897712
-999.0	490.0	326.3432659489406	1.592854644807552	-7.6304378708203835	0.4010431979383834
-999.0	465.0	328.34355492116555	1.243673625446497	-7.898571209775088	0.07460278390892745
-999.0	440.0	330.38344349344027	0.9598370412039348	-8.204683441971806	-0.2535282659625222
-999.0	415.0	332.43785622911594	0.7407770927936285	-8.50879463021245	-0.513393715260526
-999.0	390.0	334.5152037647878	0.5730705390728632	-8.546601096316	-0.6358674000579188
-999.0	365.0	336.55350624013334	0.45018509734007883	-8.153222344697477	-0.6135013233574675
-999.0	340.0	338.434511162562	0.3599364188100598	-7.2510973607737	-0.5673204970265202
-999.0	315.0	340.10187006290596	0.2955732006165706	-5.913723311727012	-0.5386750730611924
-999.0	290.0	341.68276877119774	0.23596796683139193	-4.578566978286427	-0.49776233567131034
-999.0	265.0	343.28227212017725	0.18305079828179033	-3.3678112782183307	-0.4002007203442633
-999.0	240.0	344.9651131216892	0.12788287635951737	-2.0168727200537684	-0.17803474740376066
-999.0	215.0	346.6779617344866	0.07796725896852338	-0.3844747704173191	0.14871130664907073
-999.0	190.0	348.516064079224	0.042449000365440664	1.4089922595118294	0.486283748041073
-999.0	165.0	350.98516838049204	0.020913404929968984	2.9975818256063422	0.8123679373945525
-999.0	140.0	355.66351044980684	0.009764428158098486	3.468188573088828	1.0120414996903906
-999.0	115.0	367.6455913597067	0.005962203737230054	3.1869939875507365	0.8112213187776761
-999.0	90.0	394.72905818456627	0.005418596436299142	4.241188009579942	0.25757719901579584
-999.0	65.0	443.35129113061487	0.0031252673804937257	0.3845097763197703	-0.04006155039228718
-999.0	40.0	532.7683919510371	0.013827941912625496	-9.8918325995642	0.049650084907354175
-999.0	15.0	721.3295325053289	0.06763863111180896	-18.54927069232578	0.280493445517074
244.45833333333334	40	1005.6398126511349	day	levels	pres0
-999.0	990.0	299.1384847612722	16.354762327103355	-3.293272284524755	-1.0052078321930966
-999.0	965.0	300.69076532974265	15.331057117098851	-5.460105342169571	-1.665122044760564
-999.0	940.0	302.0278927771255	14.599747044699543	-6.820825500147638	-2.2345509859068042
-999.0	915.0	302.97716401026287	13.916042055402496	-7.562729230948811	-2.7426097463993715
-999.0	890.0	303.7530358308277	13.189837637401768	-7.926114825975291	-3.0652121135166603
-999.0	865.0	304.5353703825218	12.364903540838332	-8.184998852866018	-3.1545466780662434
-999.0	840.0	305.374902369264	11.433548859187527	-8.453635806129085	-3.0163647277014527
-999.0	815.0	306.31414071203807	10.36096202759514	-8.739642631439938	-2.63929331302643
-999.0	790.0	307.443649100548	9.110773415792544	-8.963043252627063	-2.0402508221921622
-999.0	765.0	308.80394482486855	7.762466998327341	-8.998376908756445	-1.3208317330905668
-999.0	740.0	310.244042196859	6.6010041918073465	-8.707438894680577	-0.6619183200278863
-999.0	715.0	311.6802497341802	5.72420479570118	-8.137658124878302	-0.13091044198903876
-999.0	690.0	313.0830328695587	5.038712087131704	-7.481078312510547	0.28306987526865773
-999.0	665.0	314.4206376839853	4.58356341293882	-6.779984826133376	0.5491055025762971
-999.0	640.0	315.81466077321596	4.144465347131114	-6.322147157220619	0.7117582873573903
-999.0	615.0	317.2846038696593	3.720667626176583	-6.217038465397697	0.7589666211223351
-999.0	590.0	318.885241734852	3.2906735766501876	-6.327637327568864	0.7550943231298586
-999.0	565.0	320.6256090104198	2.8489712760562194	-6.647769477750561	0.7090693054986715
-999.0	540.0	322.45938385725566	2.4154111501716606	-7.004645522151659	0.6620248172964296
-999.0	515.0	324.36077260280626	1.9773033630280397	-7.352224236442911	0.6009519180016816
-999.0	490.0	326.32342529883624	1.585099278461374	-7.654962880270807	0.4173325044768189
-999.0	465.0	328.3237211337088	1.2378722748586153	-7.913837550651453	0.08701830179918815
-999.0	440.0	330.3648589023832	0.9552323598237291	-8.214020213422677	-0.24924037357170103
-999.0	415.0	332.4217656264229	0.7365775878230758	-8.517074224139968	-0.520606039535409
-999.0	390.0	334.50194015380083	0.5695470060621014	-8.554160374261093	-0.648711040039479
-999.0	365.0	336.54281501853154	0.44755331888085553	-8.15860551028026	-0.6231056714341624
-999.0	340.0	338.42555643462026	0.35779972427657875	-7.252766254402359	-0.5693791224842961
-999.0	315.0	340.09296053439994	0.2935994220454089	-5.911779383818325	-0.5323542289081132
-999.0	290.0	341.67098997657536	0.23446466073039188	-4.578294006309349	-0.48741924798205694
-999.0	265.0	343.2650826307299	0.1821456948916127	-3.374832310846874	-0.39222549540656865
-999.0	240.0	344.94494825440376	0.12741516042678186	-2.031626898972745	-0.17605459619136962
-999.0	215.0	346.6598743039665	0.07769897101180932	-0.41106144587195376	0.14569071077164247
-999.0	190.0	348.5006556408411	0.04228928973454827	1.3553610536314786	0.4826739388739675
-999.0	165.0	350.97020137756766	0.020841392378012417	2.9036817557755836	0.8085645522389987
-999.0	140.0	355.65483941262045	0.009731873426409009	3.3444554360495786	0.9934680944397423
-999.0	115.0	367.66294954734974	0.005957841385333305	3.0754546835309893	0.7714238373474365
-999.0	90.0	394.7800637076201	0.005414639488749555	4.187579942601104	0.2230702560572673
-999.0	65.0	443.3734049446966	0.0031058742897585243	0.3712629090462413	-0.04539130468454263
-999.0	40.0	532.7360596019632	0.013804355436669956	-9.890639193001258	0.06666064546219116
-999.0	15.0	721.2101242220133	0.06734673412782835	-18.56095642702919	0.30194736351921997
244.47222222222223	40	1005.8690364777099	day	levels	pres0
-999.0	990.0	299.1088682690672	16.385332387591184	-3.309905645038408	-1.0082950023195094
-999.0	965.0	300.62654390164397	15.32819153770568	-5.480599230539716	-1.672658695942827
-999.0	940.0	301.97418948802203	14.581243446895046	-6.866756771292028	-2.255799734166697
-999.0	915.0	302.9298914742479	13.89818736485072	-7.6218975555329385	-2.77473151589198
-999.0	890.0	303.7072103300293	13.177161655728774	-7.979698489582753	-3.0987137754758334
-999.0	865.0	304.4884581533127	12.358681830148848	-8.222360917500106	-3.1811687378656406
-999.0	840.0	305.32911418436197	11.432645979381745	-8.47319129156689	-3.031563611257651
-999.0	815.0	306.2724648822159	10.363230190579857	-8.745607712912186	-2.6384814920879545
-999.0	790.0	307.40717882597215	9.112692064709137	-8.959788337586417	-2.02094318705891
-999.0	765.0	308.7753103810675	7.757007125824216	-8.988039376243709	-1.2854555552559084
-999.0	740.0	310.2232746998126	6.585790668215065	-8.690553591364898	-0.6163331711930691
-999.0	715.0	311.66627389355654	5.7006753456024795	-8.114714949850041	-0.07977877498143882
-999.0	690.0	313.07404041867653	5.012033243027932	-7.454996255655127	0.33762913315544496
-999.0	665.0	314.4141548948427	4.5602238547234215	-6.755357241819765	0.6045478377343642
-999.0	640.0	315.8100725075443	4.123477767384234	-6.305580240748225	0.7649901199731316
-999.0	615.0	317.2810837525831	3.7009634574254275	-6.216193817201114	0.806091489787751
-999.0	590.0	318.8797142644843	3.2721884345251344	-6.342010546298262	0.7937725210000758
-999.0	565.0	320.61440677102655	2.8320652946593197	-6.674218514490709	0.7376149288334414
-999.0	540.0	322.4433706865204	2.401028682315154	-7.037100810380226	0.6835143466790586
-999.0	515.0	324.3421989562389	1.9666415897626688	-7.383012074326726	0.6196563273136158
-999.0	490.0	326.30358464873177	1.57734391211517	-7.679487889721292	0.4336218110152692
-999.0	465.0	328.303887346252	1.232070924270719	-7.929103891527849	0.09943381968945035
-999.0	440.0	330.3462743113262	0.9506276784435136	-8.22335698487356	-0.2449524811809034
-999.0	415.0	332.40567502372966	0.7323780828525133	-8.525353818067487	-0.527818363810348
-999.0	390.0	334.4886765428137	0.5660234730513309	-8.56171965220618	-0.6615546800211031
-999.0	365.0	336.5321237969297	0.4449215404216249	-8.163988675863028	-0.6327100195108954
-999.0	340.0	338.4166017066787	0.3556630297430917	-7.254435148030994	-0.5714377479420784
-999.0	315.0	340.0840510058939	0.29162564347424147	-5.909835455909609	-0.5260333847550144
-999.0	290.0	341.65921118195286	0.23296135462938758	-4.578021034332259	-0.47707616029277167
-999.0	265.0	343.24789314128265	0.18124059150143257	-3.381853343475438	-0.38425027046884336
-999.0	240.0	344.9247833871184	0.12694744449404494	-2.0463810778917866	-0.17407444497895327
-999.0	215.0	346.6417868734464	0.07743068305509428	-0.4376481213267035	0.14267011489423687
-999.0	190.0	348.4852472024582	0.04212957910365523	1.3017298477509414	0.4790641297068891
-999.0	165.0	350.95523437464345	0.020769379826055596	2.8097816859445484	0.8047611670834709
-999.0	140.0	355.64616837543406	0.009699318694719471	3.2207222990099873	0.9748946891890583
-999.0	115.0	367.6803077349929	0.005953479033436567	2.9639153795109445	0.7316263559170738
-999.0	90.0	394.831069230674	0.005410682541199972	4.133971875622142	0.18856331309864013
-999.0	65.0	443.3955187587782	0.003086481199023264	0.3580160417727026	-0.05072105897679369
-999.0	40.0	532.7037272528894	0.01378076896071433	-9.88944578643829	0.08367120601710865
-999.0	15.0	721.090715938697	0.06705483714384679	-18.572642161732638	0.3234012815214463
244.48611111111111	40	1006.0982603042842	day	levels	pres0
-999.0	990.0	299.0792517768624	16.415902448078903	-3.3265390055519886	-1.0113821724459449
-999.0	965.0	300.5623224735455	15.325325958312506	-5.5010931189097585	-1.6801953471251116
-999.0	940.0	301.92048619891875	14.562739849090594	-6.912688042436263	-2.2770484824265798
-999.0	915.0	302.88261893823295	13.88033267429899	-7.681065880116895	-2.806853285384551
-999.0	890.0	303.661384829231	13.16448567405581	-8.033282153190074	-3.132215437434957
-999.0	865.0	304.4415459241038	12.352460119459371	-8.259722982134106	-3.207790797664994
-999.0	840.0	305.28332599946003	11.431743099575941	-8.492746777004655	-3.0467624948138208
-999.0	815.0	306.2307890523939	10.365498353564535	-8.751572794384426	-2.637669671149486
-999.0	790.0	307.37070855139655	9.114610713625696	-8.95653342254579	-2.0016355519257143
-999.0	765.0	308.7466759372666	7.751547253321087	-8.977701843730998	-1.250079377421355
-999.0	740.0	310.2025072027662	6.570577144622818	-8.673668288049258	-0.5707480223583905
-999.0	715.0	311.65229805293296	5.677145895503843	-8.091771774821833	-0.02864710797399822
-999.0	690.0	313.0650479677944	4.9853543989242395	-7.428914198799764	0.39218839104206377
-999.0	665.0	314.40767210570004	4.536884296508094	-6.7307296575062106	0.6599901728922688
-999.0	640.0	315.8054842418725	4.10249018763742	-6.2890133242758655	0.818221952588726
-999.0	615.0	317.27756363550697	3.6812592886743394	-6.215349169004532	0.8532163584530478
-999.0	590.0	318.8741867941164	3.2537032924001474	-6.3563837650276245	0.8324507188702058
-999.0	565.0	320.60320453163337	2.8151593132624826	-6.7006675512307945	0.7661605521681574
-999.0	540.0	322.42735751578516	2.386646214458701	-7.069556098608715	0.7050038760616569
-999.0	515.0	324.3236253096717	1.9559798164973354	-7.413799912210466	0.6383607366255295
-999.0	490.0	326.2837439986274	1.5695885457689913	-7.7040128991717145	0.44991111755370855
-999.0	465.0	328.28405355879516	1.2262695736828368	-7.944370232404213	0.11184933757971417
-999.0	440.0	330.32768972026923	0.9460229970633075	-8.23269375632443	-0.24066458879007935
-999.0	415.0	332.3895844210365	0.7281785778819605	-8.533633411995005	-0.5350306880852287
-999.0	390.0	334.47541293182667	0.562499940040569	-8.56927893015128	-0.6743983200026615
-999.0	365.0	336.5214325753279	0.44228976196240144	-8.16937184144581	-0.6423143675875892
-999.0	340.0	338.40764697873715	0.35352633520961046	-7.256104041659655	-0.573496373399854
-999.0	315.0	340.0751414773879	0.28965186490307954	-5.90789152800092	-0.5197125406019352
-999.0	290.0	341.6474323873305	0.23145804852838725	-4.577748062355182	-0.4667330726035186
-999.0	265.0	343.2307036518353	0.18033548811125477	-3.3888743761039795	-0.37627504553115004
-999.0	240.0	344.90461851983315	0.12647972856130923	-2.0611352568107613	-0.1720942937665644
-999.0	215.0	346.6236994429263	0.07716239509838013	-0.4642347967813355	0.13964951901680547
-999.0	190.0	348.4698387640753	0.04196986847276281	1.2480986418705913	0.4754543205397791
-999.0	165.0	350.94026737171913	0.020697367274099026	2.7158816161137866	0.8009577819279121
-999.0	140.0	355.6374973382476	0.009666763963029994	3.0969891619707304	0.9563212839384068
-999.0	115.0	367.6976659226361	0.0059491166815398185	2.852376075491188	0.6918288744868318
-999.0	90.0	394.88207475372786	0.005406725593650387	4.080363808643296	0.15405637014010978
-999.0	65.0	443.41763257286	0.0030670881082880594	0.34476917449917127	-0.05605081326905005
-999.0	40.0	532.6713949038158	0.013757182484758792	-9.888252379875349	0.10068176657194355
-999.0	15.0	720.9713076553812	0.06676294015986621	-18.58432789643605	0.3448551995235896
244.5	40	1006.3274841308597	day	levels	pres0
-999.0	990.0	299.0496352846574	16.446472508566725	-3.343172366065639	-1.0144693425723486
-999.0	965.0	300.4981010454469	15.322460378919333	-5.521587007279908	-1.6877319983073646
-999.0	940.0	301.86678290981524	14.5442362512861	-6.958619313580651	-2.2982972306864613
-999.0	915.0	302.83534640221785	13.86247798374721	-7.740234204701016	-2.8389750548771446
-999.0	890.0	303.61555932843254	13.151809692382816	-8.08686581679753	-3.165717099394118
-999.0	865.0	304.39463369489476	12.346238408769885	-8.29708504676819	-3.234412857464382
-999.0	840.0	305.23753781455804	11.43084021977016	-8.512302262442454	-3.0619613783700137
-999.0	815.0	306.18911322257185	10.36776651654925	-8.757537875856674	-2.636857850211008
-999.0	790.0	307.3342382768208	9.116529362542288	-8.953278507505146	-1.9823279167924612
-999.0	765.0	308.7180414934656	7.7460873808179596	-8.967364311218262	-1.2147031995866984
-999.0	740.0	310.18173970571974	6.555363621030537	-8.656782984733583	-0.525162873523576
-999.0	715.0	311.63832221230933	5.653616445405144	-8.068828599793573	0.022484559033598233
-999.0	690.0	313.0560555169123	4.958675554820471	-7.402832141944342	0.4467476489288467
-999.0	665.0	314.40118931655746	4.513544738292695	-6.706102073192598	0.7154325080503311
-999.0	640.0	315.80089597620076	4.081502607890539	-6.272446407803468	0.8714537852044619
-999.0	615.0	317.2740435184308	3.6615551199231833	-6.214504520807949	0.9003412271184582
-999.0	590.0	318.8686593237486	3.235218150275095	-6.37075698375702	0.8711289167404178
-999.0	565.0	320.5920022922402	2.798253331865584	-6.727116587970938	0.794706175502922
-999.0	540.0	322.4113443450499	2.372263746602195	-7.102011386837279	0.7264934054442816
-999.0	515.0	324.30505166310445	1.9453180432319646	-7.444587750094279	0.6570651459374599
-999.0	490.0	326.26390334852294	1.5618331794227875	-7.728537908622198	0.4662004240921567
-999.0	465.0	328.2642197713384	1.2204682230949404	-7.9596365732806085	0.12426485546997608
-999.0	440.0	330.30910512921224	0.9414183156830925	-8.24203052777531	-0.23637669639928005
-999.0	415.0	332.37349381834326	0.7239790729113991	-8.541913005922522	-0.5422430123601643
-999.0	390.0	334.46214932083956	0.5589764070297991	-8.576838208096369	-0.6872419599842813
-999.0	365.0	336.5107413537259	0.43965798350317153	-8.174755007028581	-0.6519187156643188
-999.0	340.0	338.39869225079553	0.35138964067612377	-7.257772935288295	-0.5755549988576346
-999.0	315.0	340.0662319488818	0.28767808633191244	-5.905947600092207	-0.5133916964488371
-999.0	290.0	341.635653592708	0.2299547424273832	-4.577475090378098	-0.4563899849142347
-999.0	265.0	343.2135141623879	0.17943038472107478	-3.3958954087325517	-0.36829982059342514
-999.0	240.0	344.88445365254773	0.12601201262857237	-2.075889435729811	-0.17011414255414695
-999.0	215.0	346.60561201240625	0.07689410714166506	-0.4908214722360885	0.1366289231394019
-999.0	190.0	348.45443032569233	0.04181015784186977	1.1944674359900613	0.47184451137270267
-999.0	165.0	350.92530036879486	0.020625354722142223	2.6219815462827682	0.7971543967723846
-999.0	140.0	355.6288263010611	0.009634209231340458	2.973256024931159	0.9377478786877225
-999.0	115.0	367.71502411027916	0.005944754329643081	2.74083677147116	0.6520313930564694
-999.0	90.0	394.9330802767817	0.005402768646100802	4.026755741664342	0.11954942718148234
-999.0	65.0	443.4397463869417	0.003047695017552802	0.3315223072256363	-0.06138056756130286
-999.0	40.0	532.6390625547417	0.013733596008803165	-9.887058973312381	0.11769232712686069
-999.0	15.0	720.8518993720651	0.06647104317588466	-18.596013631139485	0.36630911752581596
244.51388888888889	40	1006.2883901444693	day	levels	pres0
-999.0	990.0	299.2222498657129	16.39209131967449	-3.3299980128095252	-1.0118239543267737
-999.0	965.0	300.6103562945265	15.314585269443578	-5.444376734514011	-1.663380015020559
-999.0	940.0	301.9345175430789	14.57482218363932	-6.841439792087986	-2.248762656771912
-999.0	915.0	302.89122277529816	13.915026028951058	-7.614846749911113	-2.767795874012783
-999.0	890.0	303.6740454550315	13.211119689638704	-7.966909058510189	-3.0806104370525107
-999.0	865.0	304.45674213585465	12.396617563944048	-8.184533297069363	-3.1432255525436608
-999.0	840.0	305.29978471631125	11.467548264397525	-8.408176293448674	-2.971524162897875
-999.0	815.0	306.25166509929875	10.391861083015552	-8.660404697296993	-2.55483811289534
-999.0	790.0	307.39748442230416	9.12924208338296	-8.86275232405879	-1.9151561583080903
-999.0	765.0	308.7778024358174	7.751006012871127	-8.885273999637935	-1.1650424098210823
-999.0	740.0	310.23798716591256	6.554554594887611	-8.589139879695873	-0.4902665644055661
-999.0	715.0	311.692103435011	5.649245879006755	-8.020165405576128	0.04632135374209654
-999.0	690.0	313.10669793682035	4.951497982418724	-7.373403971157339	0.4614675159137648
-999.0	665.0	314.4477575741509	4.504745174021942	-6.694958250200934	0.7231371789461182
-999.0	640.0	315.84353195896034	4.071714220538966	-6.274378568880163	0.8729339401636766
-999.0	615.0	317.313829830227	3.651809983783295	-6.222316432093848	0.8964781191732069
-999.0	590.0	318.9103319107446	3.2262370974298515	-6.38004580849696	0.8635150062895772
-999.0	565.0	320.64128473253334	2.7898775386431907	-6.733499335864254	0.7849759682421457
-999.0	540.0	322.4670698441687	2.3645936454099385	-7.104210555671707	0.7132182648730435
-999.0	515.0	324.36379189628764	1.9384743277988787	-7.44196608378773	0.6383198684169844
-999.0	490.0	326.32270517585874	1.5567925752155418	-7.720942955168447	0.4431904951731053
-999.0	465.0	328.32007648912787	1.2183642120115412	-7.9466486554296845	0.09965238708349657
-999.0	440.0	330.3608938139802	0.9419074775207695	-8.221651822860702	-0.25900497535866096
-999.0	415.0	332.42074706041336	0.7266778099158546	-8.512048953582305	-0.5589779679264352
-999.0	390.0	334.50462996149207	0.5623914197323899	-8.53822044413234	-0.6964180830806846
-999.0	365.0	336.54851918920133	0.442599501342534	-8.130546514654377	-0.6538459536367985
-999.0	340.0	338.43238233381004	0.35320700302957	-7.214941255393423	-0.5747151911731612
-999.0	315.0	340.0968018620583	0.2880369637693695	-5.87137273285119	-0.514521377752463
-999.0	290.0	341.66406075640276	0.2293763576991974	-4.551235639741452	-0.45847057188965773
-999.0	265.0	343.2405397692267	0.17837688805801413	-3.3766230121254437	-0.36707185291582656
-999.0	240.0	344.90846050465956	0.12504336956356124	-2.0657531179132342	-0.16032465220620698
-999.0	215.0	346.6222465640717	0.07637458690811631	-0.4892482899483428	0.1579425926246614
-999.0	190.0	348.4627087167913	0.04167664896637648	1.1933091926197084	0.4974805930304534
-999.0	165.0	350.9306922184267	0.0206057342168476	2.6213735096925914	0.8126204136818362
-999.0	140.0	355.6415055797687	0.009632194473866465	2.978401390924377	0.9365450531717219
-999.0	115.0	367.73180897112667	0.005939441559363213	2.7623646773753046	0.6411156823474105
-999.0	90.0	394.91916893481283	0.005383605507039797	4.057973930287019	0.11406637196030445
-999.0	65.0	443.38604038992673	0.003059654559437506	0.3692083091638076	-0.05588805279322693
-999.0	40.0	532.5943681317508	0.013702771641195715	-9.85941715372931	0.10070117429961105
-999.0	15.0	720.839304750737	0.06643797353737876	-18.566679489044898	0.3324115330145917
244.52777777777777	40	1006.2492961580793	day	levels	pres0
-999.0	990.0	299.3948644467681	16.337710130782384	-3.3168236595534193	-1.009178566081184
-999.0	965.0	300.722611543606	15.306710159967821	-5.367166461748296	-1.6390280317337838
-999.0	940.0	302.00225217634244	14.605408115992459	-6.7242602705956	-2.199228082857453
-999.0	915.0	302.94709914837847	13.96757407415479	-7.489459295121504	-2.696616693148563
-999.0	890.0	303.73253158163016	13.270429686894476	-7.846952300223144	-2.9955037747110955
-999.0	865.0	304.5188505768145	12.446996719118134	-8.07198154737084	-3.052038247623177
-999.0	840.0	305.36203161806435	11.50425630902486	-8.304050324455188	-2.881086947426001
-999.0	815.0	306.31421697602553	10.415955649481873	-8.563271518737595	-2.4728183755799296
-999.0	790.0	307.4607305677875	9.141954804223682	-8.77222614061269	-1.8479843998239458
-999.0	765.0	308.8375633781691	7.755924644924346	-8.80318368805783	-1.1153816200556492
-999.0	740.0	310.2942346261052	6.553745568744723	-8.521496774658356	-0.45537025528769415
-999.0	715.0	311.74588465771234	5.644875312608389	-7.9715022113588345	0.07015814845049935
-999.0	690.0	313.1573403567282	4.944320410016987	-7.343975800370426	0.4761873828986262
-999.0	665.0	314.4943258317442	4.495945609751207	-6.683814427209284	0.7308418498418832
-999.0	640.0	315.8861679417198	4.061925833187411	-6.276310729956815	0.8744140951228982
-999.0	615.0	317.3536161420231	3.642064847643418	-6.230128343379683	0.892615011227984
-999.0	590.0	318.95200449774035	3.217256044584611	-6.389334633236834	0.8559010958387776
-999.0	565.0	320.6905671728264	2.7815017454207918	-6.739882083757526	0.7752457609814118
-999.0	540.0	322.52279534328756	2.356923544217673	-7.106409724506121	0.6999431243018556
-999.0	515.0	324.4225321294708	1.9316306123657858	-7.439344417481196	0.6195745908965745
-999.0	490.0	326.3815070031942	1.5517519710082872	-7.713348001714741	0.42018056625412536
-999.0	465.0	328.3759332069171	1.2162602009281285	-7.93366073757884	0.07503991869707899
-999.0	440.0	330.41268249874815	0.942396639358429	-8.201273117946206	-0.2816332543180023
-999.0	415.0	332.4680003024833	0.7293765469202905	-8.482184901242233	-0.5757129234926995
-999.0	390.0	334.54711060214436	0.565806432434962	-8.499602680168474	-0.7055942061771117
-999.0	365.0	336.58629702467647	0.4455410191818819	-8.086338022280328	-0.6557731916093198
-999.0	340.0	338.46607241682443	0.35502436538300697	-7.172109575498695	-0.5738753834887202
-999.0	315.0	340.1273717752347	0.2883958412068225	-5.8367978656102935	-0.5156510590560882
-999.0	290.0	341.69246792009744	0.22879797297101168	-4.524996189104913	-0.4605511588650581
-999.0	265.0	343.2675653760654	0.177323391394956	-3.3573506155184476	-0.36584388523821154
-999.0	240.0	344.9324673567714	0.12407472649855306	-2.0556168000967814	-0.15053516185828372
-999.0	215.0	346.63888111573726	0.0758550666745695	-0.48767510766075156	0.1792562621098543
-999.0	190.0	348.47098710789027	0.04154314009088377	1.1921509492491904	0.5231166746881154
-999.0	165.0	350.93608406805856	0.02058611371155296	2.6207654731022907	0.8280864305912463
-999.0	140.0	355.654184858476	0.009630179716392401	2.9835467569175163	0.9353422276557486
-999.0	115.0	367.7485938319741	0.0059341287890833545	2.7838925832793717	0.6301999716383905
-999.0	90.0	394.90525759284384	0.005364442367978878	4.089192118909611	0.10858331673911818
-999.0	65.0	443.33233439291183	0.0030716141013221554	0.40689431110188395	-0.05039553802519992
-999.0	40.0	532.5496737087601	0.013671947273588387	-9.8317753341463	0.08371002147240986
-999.0	15.0	720.8267101294088	0.06640490389887302	-18.537345346950364	0.29851394850348256
244.54166666666666	40	1006.2102021716892	day	levels	pres0
-999.0	990.0	299.56747902782365	16.283328941890144	-3.3036493062972996	-1.006533177835605
-999.0	965.0	300.8348667926856	15.298835050492064	-5.289956188982391	-1.614676048446972
-999.0	940.0	302.06998680960606	14.635994048345681	-6.6070807491029235	-2.149693508942897
-999.0	915.0	303.00297552145884	14.02012211935864	-7.3640718403315875	-2.625437512284192
-999.0	890.0	303.79101770822916	13.329739684150365	-7.7269955419357945	-2.9103971123694796
-999.0	865.0	304.5809590177744	12.4973758742923	-7.959429797672012	-2.960850942702446
-999.0	840.0	305.42427851981756	11.540964353652228	-8.199924355461409	-2.7906497319538555
-999.0	815.0	306.37676885275255	10.440050215948178	-8.466138340177924	-2.3907986382642563
-999.0	790.0	307.523976713271	9.15466752506435	-8.681699957166343	-1.7808126413395702
-999.0	765.0	308.8973243205208	7.760843276977514	-8.72109337647751	-1.0657208302900307
-999.0	740.0	310.35048208629814	6.552936542601796	-8.453853669620651	-0.4204739461696831
-999.0	715.0	311.79966588041407	5.640504746210002	-7.922839017141396	0.09399494315899776
-999.0	690.0	313.20798277663613	4.93714283761524	-7.314547629583428	0.4909072498835438
-999.0	665.0	314.54089408933766	4.487146045480452	-6.672670604217624	0.73854652073767
-999.0	640.0	315.92880392447944	4.052137445835836	-6.278242891033513	0.8758942500821134
-999.0	615.0	317.3934024538193	3.632319711503527	-6.237940254665585	0.8887519032827333
-999.0	590.0	318.9936770847363	3.208274991739364	-6.398623457976778	0.8482871853879375
-999.0	565.0	320.73984961311953	2.773125952198395	-6.746264831650843	0.7655155537206351
-999.0	540.0	322.57852084240636	2.349253443025412	-7.10860889334055	0.6866679837306159
-999.0	515.0	324.48127236265407	1.924786896932697	-7.436722751174651	0.6008293133760959
-999.0	490.0	326.44030883053	1.5467113668010397	-7.705753048260991	0.39717063733506985
-999.0	465.0	328.43178992470655	1.2141561898447277	-7.920672819727916	0.05042745031059502
-999.0	440.0	330.4644711835161	0.9428858011961052	-8.180894413031597	-0.3042615332773866
-999.0	415.0	332.51525354455345	0.7320752839247459	-8.452320848902012	-0.5924478790589717
-999.0	390.0	334.58959124279687	0.5692214451375528	-8.460984916204442	-0.7147703292735131
-999.0	365.0	336.6240748601519	0.4484825370212446	-8.04212952990612	-0.6577004295817942
-999.0	340.0	338.499762499839	0.35684172773645356	-7.1292778956038205	-0.5730355758042392
-999.0	315.0	340.1579416884112	0.28875471864427976	-5.802222998369273	-0.5167807403597061
-999.0	290.0	341.7208750837921	0.22821958824282615	-4.498756738468264	-0.4626317458404733
-999.0	265.0	343.29459098290414	0.17626989473189553	-3.338078218911343	-0.36461591756060485
-999.0	240.0	344.9564742088832	0.12310608343354203	-2.0454804822802157	-0.1407456715103352
-999.0	215.0	346.6555156674027	0.07533554644102078	-0.4861019253730255	0.20056993159512218
-999.0	190.0	348.4792654989893	0.04140963121539047	1.190992705878813	0.5487527563458704
-999.0	165.0	350.9414759176904	0.02056649320625834	2.6201574365120943	0.8435524475006957
-999.0	140.0	355.66686413718355	0.00962816495891841	2.988692122910725	0.93413940213974
-999.0	115.0	367.76537869282157	0.00592881601880349	2.805420489183516	0.6192842609293224
-999.0	90.0	394.89134625087485	0.005345279228917871	4.120410307532291	0.10310026151793586
-999.0	65.0	443.2786283958967	0.00308357364320686	0.44458031304005735	-0.0449030232571259
-999.0	40.0	532.5049792857693	0.013641122905980936	-9.804133514563233	0.06671886864516112
-999.0	15.0	720.8141155080806	0.06637183426036715	-18.50801120485578	0.264616363992258
244.55555555555554	40	1006.1711081852992	day	levels	pres0
-999.0	990.0	299.74009360887874	16.22894775299803	-3.2904749530411928	-1.0038877895900158
-999.0	965.0	300.947122041765	15.290959941016308	-5.212745916216676	-1.5903240651601969
-999.0	940.0	302.1377214428696	14.666579980698822	-6.489901227610538	-2.1001589350284378
-999.0	915.0	303.058851894539	14.072670164562373	-7.238684385541979	-2.554258331419972
-999.0	890.0	303.84950383482783	13.389049681406135	-7.607038783648752	-2.8252904500280644
-999.0	865.0	304.6430674587341	12.547755029466389	-7.846878047973488	-2.8696636377819624
-999.0	840.0	305.4865254215706	11.577672398279562	-8.095798386467925	-2.700212516481981
-999.0	815.0	306.4393207294793	10.4641447824145	-8.369005161618523	-2.3087789009488464
-999.0	790.0	307.5872228587543	9.16738024590507	-8.59117377372024	-1.7136408828554255
-999.0	765.0	308.95708526287245	7.765761909030734	-8.639003064897407	-1.0160600405245979
-999.0	740.0	310.40672954649085	6.55212751645891	-8.386210564583132	-0.3855776370518111
-999.0	715.0	311.8534471031156	5.636134179811634	-7.8741758229241015	0.11783173786740056
-999.0	690.0	313.25862519654396	4.929965265213505	-7.2851194587965145	0.5056271168684051
-999.0	665.0	314.58746234693086	4.4783464812097185	-6.661526781225973	0.7462511916334348
-999.0	640.0	315.9714399072389	4.042349058484281	-6.280175052110163	0.8773744050413351
-999.0	615.0	317.4331887656155	3.6225745753636485	-6.24575216595142	0.8848887953375104
-999.0	590.0	319.0353496717322	3.1992939388941237	-6.407912282716652	0.8406732749371376
-999.0	565.0	320.78913205341263	2.7647501589759975	-6.752647579544115	0.7557853464599015
-999.0	540.0	322.63424634152506	2.3415833418331466	-7.110808062174963	0.6733928431594282
-999.0	515.0	324.54001259583725	1.917943181499604	-7.434101084868119	0.582084035855686
-999.0	490.0	326.4991106578655	1.541670762593785	-7.698158094807288	0.37416070841609006
-999.0	465.0	328.48764664249575	1.212052178761315	-7.907684901877071	0.025814981924177534
-999.0	440.0	330.51625986828407	0.9433749630337646	-8.160515708117101	-0.32688981223672786
-999.0	415.0	332.56250678662326	0.7347740209291816	-8.422456796561942	-0.609182834625236
-999.0	390.0	334.6320718834492	0.5726364578401248	-8.422367152240573	-0.7239464523699402
-999.0	365.0	336.66185269562715	0.4514240548605926	-7.997921037532074	-0.6596276675543155
-999.0	340.0	338.5334525828534	0.35865909008989044	-7.086446215709091	-0.5721957681197983
-999.0	315.0	340.1885116015875	0.28911359608173276	-5.767648131128377	-0.5179104216633316
-999.0	290.0	341.7492822474868	0.22764120351464037	-4.472517287831726	-0.4647123328158737
-999.0	265.0	343.321616589743	0.17521639806883743	-3.318805822304346	-0.3633879498829896
-999.0	240.0	344.9804810609951	0.12213744036853387	-2.0353441644637633	-0.13095618116241178
-999.0	215.0	346.67215021906816	0.07481602620747395	-0.4845287430854345	0.22188360108031494
-999.0	190.0	348.4875438900881	0.041276122339897775	1.1898344625082946	0.5743888380035328
-999.0	165.0	350.9468677673223	0.0205468727009637	2.619549399921793	0.8590184644101055
-999.0	140.0	355.679543415891	0.009626150201444344	2.9938374889038646	0.9329365766237669
-999.0	115.0	367.7821635536691	0.005923503248523632	2.826948395087582	0.6083685502203023
-999.0	90.0	394.87743490890585	0.005326116089856952	4.151628496154883	0.09761720629674965
-999.0	65.0	443.224922398882	0.0030955331850915082	0.48226631497813327	-0.039410508489098973
-999.0	40.0	532.4602848627786	0.013610298538373604	-9.776491694980223	0.049727715817959886
-999.0	15.0	720.8015208867524	0.06633876462186142	-18.478677062761243	0.23071877948114888
244.56944444444446	40	1006.1320141989088	day	levels	pres0
-999.0	990.0	299.91270818993445	16.174566564105767	-3.277300599785076	-1.0012424013444383
-999.0	965.0	301.0593772908448	15.283084831540547	-5.1355356434507415	-1.565972081873376
-999.0	940.0	302.2054560761333	14.697165913052055	-6.37272170611782	-2.0506243611138686
-999.0	915.0	303.1147282676194	14.125218209766244	-7.113296930752012	-2.4830791505555845
-999.0	890.0	303.9079899614268	13.448359678662055	-7.487082025361347	-2.7401837876864312
-999.0	865.0	304.7051758996941	12.598134184640585	-7.734326298274596	-2.778476332861217
-999.0	840.0	305.54877232332393	11.614380442906963	-7.991672417474077	-2.6097753010098232
-999.0	815.0	306.50187260620623	10.488239348880844	-8.271871983058778	-2.226759163633161
-999.0	790.0	307.6504690042377	9.180092966745779	-8.500647590273816	-1.6464691243710425
-999.0	765.0	309.0168462052243	7.770680541083929	-8.556912753317011	-0.9663992507589758
-999.0	740.0	310.46297700668373	6.551318490315997	-8.318567459545374	-0.350681327933798
-999.0	715.0	311.9072283258173	5.631763613413247	-7.825512628706629	0.14166853257590276
-999.0	690.0	313.30926761645196	4.922787692811748	-7.255691288009495	0.5203469838533288
-999.0	665.0	314.63403060452436	4.469546916938958	-6.650382958234293	0.7539558625292295
-999.0	640.0	316.0140758899985	4.032560671132704	-6.282107213186842	0.878854560000558
-999.0	615.0	317.4729750774119	3.6128294392237548	-6.253564077237305	0.8810256873922654
-999.0	590.0	319.07702225872805	3.1903128860488748	-6.417201107456582	0.8330593644863011
-999.0	565.0	320.8384144937058	2.7563743657535955	-6.759030327437425	0.7460551391991274
-999.0	540.0	322.689971840644	2.3339132406408813	-7.113007231009388	0.6601177025881927
-999.0	515.0	324.5987528290206	1.9110994660665108	-7.43147941856157	0.5633387583352149
-999.0	490.0	326.55791248520126	1.5366301583865327	-7.69056314135354	0.3511507794970418
-999.0	465.0	328.54350336028523	1.209948167677911	-7.8946969840261545	0.0012025135376951964
-999.0	440.0	330.568048553052	0.9438641248714383	-8.140137003202504	-0.3495180911961182
-999.0	415.0	332.6097600286933	0.7374727579336354	-8.392592744221739	-0.6259177901915225
-999.0	390.0	334.6745525241017	0.5760514705427148	-8.383749388276554	-0.7331225754663617
-999.0	365.0	336.69963053110257	0.45436557269995503	-7.95371254515786	-0.661554905526812
-999.0	340.0	338.5671426658679	0.360476452443337	-7.043614535814203	-0.5713559604353361
-999.0	315.0	340.21908151476396	0.28947247351919	-5.7330732638873405	-0.5190401029669599
-999.0	290.0	341.77768941118154	0.22706281878645462	-4.446277837195063	-0.46679291979129317
-999.0	265.0	343.34864219658175	0.17416290140577662	-3.29953342569723	-0.36215998220538537
-999.0	240.0	345.0044879131069	0.12116879730352262	-2.0252078466471897	-0.12116669081446604
-999.0	215.0	346.68878477073366	0.07429650597392529	-0.4829555607977096	0.24319727056557852
-999.0	190.0	348.49582228118715	0.041142613464404586	1.1886762191379163	0.600024919661284
-999.0	165.0	350.95225961695417	0.02052725219566908	2.618941363331606	0.874484481319559
-999.0	140.0	355.69222269459834	0.009624135443970332	2.9989828548970894	0.9317337511077746
-999.0	115.0	367.7989484145166	0.0059181904782437565	2.848476300991741	0.5974528395112498
-999.0	90.0	394.8635235669369	0.005306952950795944	4.182846684777572	0.09213415107556837
-999.0	65.0	443.17121640186673	0.003107492726976213	0.5199523169163277	-0.033917993721024275
-999.0	40.0	532.4155904397877	0.013579474170766156	-9.748849875397129	0.03273656299070197
-999.0	15.0	720.7889262654245	0.06630569498335559	-18.449342920666624	0.19682119496991635
244.58333333333334	40	1006.092920212519	day	levels	pres0
-999.0	990.0	300.0853227709896	16.12018537521366	-3.2641262465289724	-0.9985970130988493
-999.0	965.0	301.1716325399241	15.27520972206479	-5.058325370685032	-1.541620098586603
-999.0	940.0	302.27319070939683	14.727751845405194	-6.255542184625438	-2.001089787199414
-999.0	915.0	303.1706046406996	14.177766254969976	-6.987909475962407	-2.411899969691371
-999.0	890.0	303.9664760880255	13.507669675917821	-7.367125267074307	-2.655077125345023
-999.0	865.0	304.7672843406538	12.648513339814667	-7.621774548576076	-2.6872890279407398
-999.0	840.0	305.611019225077	11.651088487534293	-7.8875464484805935	-2.519338085537953
-999.0	815.0	306.56442448293296	10.512333915347163	-8.174738804499377	-2.144739426317754
-999.0	790.0	307.713715149721	9.192805687586493	-8.410121406827715	-1.5792973658868983
-999.0	765.0	309.0766071475759	7.775599173137145	-8.47482244173691	-0.9167384609935428
-999.0	740.0	310.51922446687655	6.550509464173108	-8.250924354507857	-0.31578501881592536
-999.0	715.0	311.96100954851875	5.62739304701488	-7.776849434489337	0.16550532728430628
-999.0	690.0	313.3599100363598	4.915610120410013	-7.226263117222585	0.535066850838191
-999.0	665.0	314.6805988621176	4.460747352668221	-6.639239135242646	0.7616605334249951
-999.0	640.0	316.05671187275794	4.022772283781148	-6.2840393742634975	0.8803347149597803
-999.0	615.0	317.5127613892079	3.603084303083878	-6.261375988523143	0.877162579447043
-999.0	590.0	319.1186948457239	3.181331833203636	-6.426489932196458	0.8254454540355015
-999.0	565.0	320.8876969339989	2.747998572531199	-6.765413075330697	0.7363249319383938
-999.0	540.0	322.7456973397627	2.3262431394486174	-7.115206399843803	0.6468425620170052
-999.0	515.0	324.6574930622036	1.904255750633419	-7.428857752255038	0.544593480814806
-999.0	490.0	326.6167143125369	1.5315895541792792	-7.682968187899834	0.32814085057806325
-999.0	465.0	328.5993600780744	1.2078441565944986	-7.881709066175309	-0.023409954848720566
-999.0	440.0	330.61983723782	0.9443532867090983	-8.119758298288009	-0.3721463701554573
-999.0	415.0	332.6570132707633	0.7401714949380717	-8.362728691881665	-0.6426527457577837
-999.0	390.0	334.71703316475407	0.5794664832452874	-8.345131624312687	-0.7422986985627852
-999.0	365.0	336.73740836657777	0.4573070905393034	-7.909504052783815	-0.6634821434993291
-999.0	340.0	338.6008327488823	0.36229381479677436	-7.000782855919471	-0.570516152750891
-999.0	315.0	340.24965142794036	0.2898313509566435	-5.698498396646441	-0.5201697842705818
-999.0	290.0	341.8060965748762	0.22648443405826918	-4.420038386558521	-0.46887350676669093
-999.0	265.0	343.37566780342047	0.17310940474271871	-3.2802610290902297	-0.36093201452776774
-999.0	240.0	345.0284947652188	0.1202001542385146	-2.015071528830734	-0.11137720046654023
-999.0	215.0	346.70541932239905	0.0737769857403785	-0.4813823785101151	0.2645109400507735
-999.0	190.0	348.50410067228603	0.0410091045889119	1.1875179757674006	0.6256610013189464
-999.0	165.0	350.957651466586	0.020507631690374457	2.618333326741309	0.8899504982289663
-999.0	140.0	355.70490197330594	0.009622120686496274	3.004128220890233	0.9305309255917975
-999.0	115.0	367.81573327536415	0.005912877707963899	2.8700042068958087	0.5865371288022276
-999.0	90.0	394.849612224968	0.005287789811735025	4.214064873400163	0.0866510958543829
-999.0	65.0	443.11751040485194	0.0031194522688608624	0.5576383188544032	-0.028425478952995555
-999.0	40.0	532.3708960167969	0.013548649803158825	-9.72120805581412	0.01574541016350169
-999.0	15.0	720.7763316440963	0.06627262534484987	-18.420008778572093	0.16292361045880782
244.59722222222223	40	1006.0538262261288	day	levels	pres0
-999.0	990.0	300.2579373520452	16.06580418632142	-3.250951893272851	-0.9959516248532697
-999.0	965.0	301.2838877890038	15.267334612589035	-4.9811150979191225	-1.517268115299789
-999.0	940.0	302.3409253426605	14.758337777758419	-6.138362663132757	-1.951555213284854
-999.0	915.0	303.22648101377996	14.230314300173827	-6.862522021172487	-2.3407207888269927
-999.0	890.0	304.02496221462445	13.566979673173718	-7.247168508786954	-2.5699704630033997
-999.0	865.0	304.8293927816138	12.698892494988842	-7.509222798877244	-2.5961017230200034
-999.0	840.0	305.6732661268303	11.687796532161666	-7.783420479486814	-2.4289008700658035
-999.0	815.0	306.6269763596599	10.536428481813472	-8.077605625939706	-2.062719689002078
-999.0	790.0	307.77696129520456	9.205518408427167	-8.319595223381365	-1.5121256074025222
-999.0	765.0	309.13636808992766	7.780517805190316	-8.392732130156586	-0.8670776712279243
-999.0	740.0	310.57547192706943	6.549700438030183	-8.183281249470154	-0.280888709697915
-999.0	715.0	312.0147907712205	5.623022480616491	-7.728186240271896	0.18934212199280395
-999.0	690.0	313.4105524562678	4.908432548008266	-7.196834946435584	0.549786717823108
-999.0	665.0	314.72716711971094	4.451947788397469	-6.6280953122509825	0.7693652043207815
-999.0	640.0	316.09934785551764	4.012983896429573	-6.285971535340193	0.881814869918995
-999.0	615.0	317.5525477010042	3.593339166943986	-6.269187899809042	0.8732994715017919
-999.0	590.0	319.16036743271974	3.1723507803583884	-6.4357787569364	0.8178315435846613
-999.0	565.0	320.93697937429204	2.7396227793088013	-6.7717958232240125	0.7265947246776173
-999.0	540.0	322.8014228388817	2.318573038256356	-7.117405568678231	0.6335674214457652
-999.0	515.0	324.71623329538687	1.897412035200329	-7.42623608594849	0.5258482032943265
-999.0	490.0	326.67551613987257	1.5265489499720304	-7.675373234446084	0.3051309216590065
-999.0	465.0	328.6552167958639	1.2057401455110976	-7.868721148324386	-0.048022423235206335
-999.0	440.0	330.671625922588	0.944842448546774	-8.0993795933734	-0.39477464911484395
-999.0	415.0	332.70426651283327	0.7428702319425269	-8.332864639541446	-0.659387701324059
-999.0	390.0	334.7595138054065	0.5828814959478776	-8.306513860348655	-0.75147482165919
-999.0	365.0	336.77518620205313	0.46024860837866566	-7.8652955604096055	-0.6654093814718075
-999.0	340.0	338.6345228318968	0.36411117715022057	-6.957951176024599	-0.5696763450664143
-999.0	315.0	340.2802213411168	0.2901902283941003	-5.663923529405424	-0.5212994655742031
-999.0	290.0	341.8345037385709	0.2259060493300833	-4.393798935921876	-0.4709540937421088
-999.0	265.0	343.40269341025925	0.172055908079658	-3.2609886324831296	-0.3597040468501636
-999.0	240.0	345.0525016173307	0.11923151117350345	-2.0049352110141716	-0.10158771011859438
-999.0	215.0	346.72205387406467	0.07325746550682974	-0.47980919622239243	0.2858246095360392
-999.0	190.0	348.512379063385	0.04087559571341859	1.1863597323970212	0.6512970829767014
-999.0	165.0	350.9630433162178	0.020488011185079823	2.617725290151109	0.9054165151384186
-999.0	140.0	355.71758125201353	0.00962010592902228	3.009273586883438	0.9293281000757929
-999.0	115.0	367.8325181362115	0.005907564937684033	2.891532112799951	0.5756214180931619
-999.0	90.0	394.8357008829989	0.00526862667267402	4.2452830620228434	0.08116804063319982
-999.0	65.0	443.06380440783676	0.003131411810745566	0.5953243207925769	-0.022932964184923302
-999.0	40.0	532.3262015938061	0.013517825435551375	-9.693566236231051	-0.0012457426637479468
-999.0	15.0	720.7637370227679	0.06623955570634396	-18.390674636477506	0.12902602594758253
244.61111111111111	40	1006.0147322397387	day	levels	pres0
-999.0	990.0	300.4305519331002	16.011422997429307	-3.2377775400167437	-0.9933062366076805
-999.0	965.0	301.3961430380832	15.259459503113279	-4.903904825153408	-1.492916132013014
-999.0	940.0	302.408659975924	14.788923710111558	-6.02118314164037	-1.9020206393703945
-999.0	915.0	303.2823573868602	14.282862345377563	-6.7371345663828786	-2.2695416079627724
-999.0	890.0	304.0834483412232	13.626289670429488	-7.127211750499911	-2.484863800661985
-999.0	865.0	304.89150122257354	12.749271650162926	-7.396671049178721	-2.50491441809952
-999.0	840.0	305.7355130285833	11.724504576789004	-7.679294510493326	-2.3384636545939292
-999.0	815.0	306.68952823638665	10.560523048279794	-7.980472447380306	-1.9806999516866681
-999.0	790.0	307.8402074406877	9.218231129267886	-8.229069039935267	-1.4449538489183777
-999.0	765.0	309.1961290322793	7.785436437243535	-8.310641818576483	-0.8174168814624915
-999.0	740.0	310.631719387262	6.548891411887295	-8.115638144432634	-0.24599240058004312
-999.0	715.0	312.0685719939219	5.618651914218124	-7.679523046054603	0.21317891670120673
-999.0	690.0	313.46119487617557	4.90125497560653	-7.167406775648673	0.5645065848079694
-999.0	665.0	314.7737353773043	4.443148224126731	-6.616951489259334	0.7770698752165462
-999.0	640.0	316.14198383827716	4.003195509078017	-6.287903696416844	0.8832950248782168
-999.0	615.0	317.5923340128003	3.5835940308041088	-6.276999811094877	0.8694363635565691
-999.0	590.0	319.20204001971564	3.1633697275131474	-6.445067581676273	0.8102176331338614
-999.0	565.0	320.98626181458496	2.7312469860864024	-6.778178571117283	0.7168645174168833
-999.0	540.0	322.8571483380004	2.3109029370640903	-7.119604737512644	0.6202922808745774
-999.0	515.0	324.77497352857006	1.8905683197672365	-7.423614419641957	0.5071029257739165
-999.0	490.0	326.734317967208	1.5215083457647767	-7.667778280992381	0.2821209927400267
-999.0	465.0	328.7110735136532	1.2036361344276847	-7.855733230473541	-0.07263489162162386
-999.0	440.0	330.7234146073559	0.9453316103844333	-8.079000888458905	-0.4174029280741852
-999.0	415.0	332.75151975490314	0.7455689689469626	-8.303000587201375	-0.6761226568903231
-999.0	390.0	334.801994446059	0.5862965086504498	-8.26789609638479	-0.7606509447556172
-999.0	365.0	336.81296403752833	0.46319012621801364	-7.821087068035559	-0.667336619444329
-999.0	340.0	338.66821291491124	0.36592853950365745	-6.91511949612987	-0.5688365373819734
-999.0	315.0	340.31079125429324	0.2905491058315533	-5.629348662164527	-0.5224291468778285
-999.0	290.0	341.8629109022656	0.22532766460189754	-4.367559485285339	-0.4730346807175093
-999.0	265.0	343.429719017098	0.17100241141659991	-3.2417162358761336	-0.35847607917254853
-999.0	240.0	345.07650846944256	0.1182628681084953	-1.9947988931977194	-0.091798219770671
-999.0	215.0	346.73868842573006	0.0727379452732829	-0.47823601393480114	0.30713827902123186
-999.0	190.0	348.5206574544841	0.040742086837925885	1.1852014890265028	0.6769331646343635
-999.0	165.0	350.9684351658498	0.020468390679785183	2.6171172535608083	0.9208825320478284
-999.0	140.0	355.7302605307209	0.009618091171548214	3.014418952876578	0.9281252745598199
-999.0	115.0	367.849302997059	0.005902252167404177	2.9130600187040177	0.5647057073841417
-999.0	90.0	394.82178954103	0.0052494635336131	4.276501250645436	0.07568498541201356
-999.0	65.0	443.010098410822	0.003143371352630215	0.6330103227306532	-0.017440449416896323
-999.0	40.0	532.2815071708153	0.013487001067944048	-9.665924416648041	-0.018236895490949163
-999.0	15.0	720.7511424014396	0.06620648606783824	-18.36134049438297	0.09512844143647345
244.625	40	1005.9756382533487	day	levels	pres0
-999.0	990.0	300.6031665141558	15.95704180853708	-3.2246031867606306	-0.9906608483621052
-999.0	965.0	301.5083982871629	15.251584393637524	-4.8266945523875115	-1.4685641487262082
-999.0	940.0	302.47639460918765	14.819509642464777	-5.904003620147706	-1.852486065455846
-999.0	915.0	303.33823375994047	14.335410390581409	-6.611747111592975	-2.198362427098411
-999.0	890.0	304.14193446782207	13.685599667685377	-7.007254992212569	-2.3997571383203784
-999.0	865.0	304.9536096635335	12.799650805337091	-7.2841192994798964	-2.4137271131787985
-999.0	840.0	305.79775993033655	11.761212621416368	-7.575168541499548	-2.2480264391217912
-999.0	815.0	306.7520801131136	10.584617614746094	-7.883339268820627	-1.8986802143710007
-999.0	790.0	307.9034535861712	9.230943850108556	-8.13854285648891	-1.3777820904340063
-999.0	765.0	309.25588997463115	7.7903550692967025	-8.228551506996157	-0.7677560916968756
-999.0	740.0	310.687966847455	6.548082385744368	-8.047995039394925	-0.2110960914620331
-999.0	715.0	312.12235321662354	5.614281347819737	-7.63085985183716	0.23701571140970512
-999.0	690.0	313.5118372960835	4.894077403204783	-7.137978604861669	0.5792264517928873
-999.0	665.0	314.82030363489775	4.43434865985598	-6.605807666267668	0.7847745461123331
-999.0	640.0	316.1846198210367	3.9934071217264466	-6.289835857493538	0.8847751798374314
-999.0	615.0	317.6321203245966	3.5738488946642204	-6.284811722380776	0.8655732556113177
-999.0	590.0	319.2437126067115	3.154388674667904	-6.454356406416213	0.8026037226830214
-999.0	565.0	321.03554425487823	2.7228711928640092	-6.7845613190106	0.7071343101561071
-999.0	540.0	322.9128738371193	2.3032328358718335	-7.121803906347073	0.6070171403033394
-999.0	515.0	324.8337137617533	1.8837246043341502	-7.420992753335409	0.4883576482534409
-999.0	490.0	326.7931197945437	1.5164677415575305	-7.660183327538628	0.2591110638209752
-999.0	465.0	328.7669302314426	1.2015321233442855	-7.8427453126226165	-0.09724736000810354
-999.0	440.0	330.77520329212393	0.9458207722221104	-8.058622183544296	-0.4400312070335661
-999.0	415.0	332.79877299697324	0.7482677059514184	-8.273136534861157	-0.6928576124565943
-999.0	390.0	334.8444750867114	0.5897115213530404	-8.22927833242076	-0.7698270678520206
-999.0	365.0	336.8507418730037	0.4661316440573761	-7.776878575661354	-0.6692638574168086
-999.0	340.0	338.70190299792574	0.3677459018571037	-6.872287816234998	-0.5679967296975
-999.0	315.0	340.34136116746964	0.2909079832690103	-5.594773794923511	-0.5235588281814542
-999.0	290.0	341.8913180659602	0.22474927987371177	-4.3413200346486915	-0.4751152676929321
-999.0	265.0	343.45674462393674	0.16994891475353924	-3.222443839269026	-0.35724811149494984
-999.0	240.0	345.1005153215543	0.11729422504348418	-1.9846625753811429	-0.08200872942273098
-999.0	215.0	346.75532297739556	0.07221842503973416	-0.4766628316470554	0.3284519485064915
-999.0	190.0	348.5289358455829	0.040608577962432585	1.18404324565615	0.7025692462921141
-999.0	165.0	350.9738270154816	0.02044877017449056	2.616509216970632	0.93634854895728
-999.0	140.0	355.7429398094284	0.00961607641407422	3.0195643188697963	0.9269224490438192
-999.0	115.0	367.86608785790645	0.005896939397124309	2.9345879246081634	0.5537899966750828
-999.0	90.0	394.80787819906095	0.005230300394552095	4.307719439268113	0.07020193019083569
-999.0	65.0	442.956392413807	0.0031553308945149196	0.6706963246688247	-0.01194793464882032
-999.0	40.0	532.2368127478244	0.013456176700336595	-9.638282597064972	-0.03522804831819877
-999.0	15.0	720.7385477801116	0.06617341642933233	-18.332006352288385	0.06123085692524913
244.63888888888889	40	1005.5405418759298	day	levels	pres0
-999.0	990.0	300.7757886250956	15.866874906751766	-3.212001404118917	-0.9881259833004348
-999.0	965.0	301.62055003616985	15.230569824339844	-4.7499441267951354	-1.4441192834859693
-999.0	940.0	302.54406440692736	14.846969960227879	-5.78711623710288	-1.8027525927634578
-999.0	915.0	303.394069639115	14.387675966535344	-6.486580445652797	-2.1271052120459824
-999.0	890.0	304.2004133327341	13.74601327805297	-6.887307604153828	-2.3146948317685916
-999.0	865.0	305.015783993874	12.85068518017969	-7.171386126487849	-2.3226857206650133
-999.0	840.0	305.86004883679624	11.79698912302654	-7.470709664480905	-2.1577708010804555
-999.0	815.0	306.8146566408264	10.605343372102748	-7.785786494376051	-1.8168798800970662
-999.0	790.0	307.96670828119693	9.23860742932271	-8.047530711643175	-1.3109499398499695
-999.0	765.0	309.31561640316204	7.790461653754794	-8.145878803162253	-0.7185276578224047
-999.0	740.0	310.7441718097193	6.54357770889522	-7.979638131837917	-0.17655922188639334
-999.0	715.0	312.1760640656403	5.60737491789317	-7.581354954885994	0.2606740602780372
-999.0	690.0	313.5624439002228	4.884738422575445	-7.10765590364967	0.5939604509917761
-999.0	665.0	314.86681773544314	4.423341888283918	-6.593824296361866	0.7927055200488059
-999.0	640.0	316.2272464489731	3.981455119829321	-6.291029858683802	0.8865330223999288
-999.0	615.0	317.6719069146849	3.5619486617663503	-6.292031847295338	0.8618550339624864
-999.0	590.0	319.28541335485664	3.143188730118765	-6.4631615678469645	0.7950608503250666
-999.0	565.0	321.08487402456154	2.712421072853939	-6.790539525804086	0.6974642701772044
-999.0	540.0	322.96859962506556	2.293763922320477	-7.123615277546745	0.5938141944980588
-999.0	515.0	324.8925210383001	1.8755558071628495	-7.417943509798194	0.46971971600771845
-999.0	490.0	326.8520104123003	1.5104913354393088	-7.652160642639018	0.2362327825218598
-999.0	465.0	328.822876173845	1.1989284992691143	-7.829365042348668	-0.12170879128909104
-999.0	440.0	330.82709242089845	0.946196470823562	-8.037908127856584	-0.46249141343057804
-999.0	415.0	332.8460978593985	0.7512352195760662	-8.243003138473993	-0.7094172487434542
-999.0	390.0	334.8870180119751	0.5935646728390832	-8.190462858430852	-0.778838610409614
-999.0	365.0	336.88862533827836	0.4693964497437625	-7.732550807888478	-0.6710586315464215
-999.0	340.0	338.7356586797203	0.36975317436551747	-6.8293887148315005	-0.567036498397102
-999.0	315.0	340.37195298007146	0.291233586206561	-5.560168020900229	-0.5245571254737812
-999.0	290.0	341.91971315573943	0.2240733145957901	-4.315059090979234	-0.47706394323282075
-999.0	265.0	343.48379341580824	0.1688133201724468	-3.2031216820080592	-0.35589689181911555
-999.0	240.0	345.1246536262795	0.1162686918876933	-1.9744415065598286	-0.07209424875557881
-999.0	215.0	346.7721548034433	0.07168075885801001	-0.47500259724866783	0.3499027651454049
-999.0	190.0	348.5373545681888	0.04046867904622848	1.1829324713539382	0.7283559214501539
-999.0	165.0	350.97919231925124	0.020422854571647584	2.6158968271717797	0.9519552938522043
-999.0	140.0	355.75564690987267	0.0096113952505033	3.024712462924339	0.9258935309591636
-999.0	115.0	367.8829016996147	0.005890243812390259	2.956119247845275	0.5429083764079861
-999.0	90.0	394.7939967356107	0.005210922788902488	4.338937755141976	0.06472104474429609
-999.0	65.0	442.9026874745275	0.003166235015091937	0.7083825018139036	-0.006455457044949953
-999.0	40.0	532.1921180210521	0.0134266729703143	-9.610638334164522	-0.05221925613782894
-999.0	15.0	720.7260319580868	0.06614818512683816	-18.302672225331484	0.027333072017059406
244.65277777777777	40	1005.1054454985123	day	levels	pres0
-999.0	990.0	300.94841073603504	15.776708004966652	-3.199399621477207	-0.985591118238749
-999.0	965.0	301.7327017851765	15.209555255042195	-4.67319370120294	-1.4196744182457621
-999.0	940.0	302.61173420466696	14.874430277990905	-5.6702288540583305	-1.7530191200711613
-999.0	915.0	303.44990551828937	14.439941542489173	-6.361413779712913	-2.055847996993697
-999.0	890.0	304.258892197646	13.806426888420452	-6.767360216095387	-2.229632525216997
-999.0	865.0	305.0779583242145	12.90171955502221	-7.0586529534961056	-2.231644328151466
-999.0	840.0	305.9223377432558	11.832765624636687	-7.366250787462554	-2.0675151630393818
-999.0	815.0	306.8772331685391	10.626069129459438	-7.688233719931752	-1.73507954582339
-999.0	790.0	308.0299629762224	9.246271008536928	-7.956518566797692	-1.2441177892661581
-999.0	765.0	309.3753428316927	7.790568238212952	-8.063206099328577	-0.6692992239481155
-999.0	740.0	310.8003767719835	6.539073032046128	-7.9112812242811	-0.14202235231088958
-999.0	715.0	312.2297749146569	5.6004684879666335	-7.53185005793498	0.2843324091462748
-999.0	690.0	313.6130505043618	4.875399441946126	-7.077333202437764	0.6086944501906087
-999.0	665.0	314.9133318359886	4.412335116711879	-6.581840926456079	0.800636493985256
-999.0	640.0	316.2698730769092	3.9695031179322187	-6.292223859874029	0.8882908649624328
-999.0	615.0	317.7116935047731	3.5500484288684957	-6.299251972209835	0.858136812313683
-999.0	590.0	319.32711410300175	3.1319887855696344	-6.47196672927765	0.7875179779671525
-999.0	565.0	321.13420379424474	2.7019709528438667	-6.79651773259753	0.6877942301983443
-999.0	540.0	323.0243254130118	2.284295008769114	-7.125426648746407	0.5806112486928287
-999.0	515.0	324.95132831484665	1.8673870099915428	-7.414894266260998	0.4510817837620615
-999.0	490.0	326.91090103005655	1.5045149293210793	-7.644137957739457	0.2133545012228164
-999.0	465.0	328.8788221162473	1.1963248751939295	-7.815984772074799	-0.1461702225700164
-999.0	440.0	330.8789815496728	0.9465721694249949	-8.017194072168985	-0.4849516198275503
-999.0	415.0	332.89342272182375	0.7542027332006924	-8.212869742086973	-0.7259768850303078
-999.0	390.0	334.9295609372388	0.5974178243251054	-8.151647384441107	-0.7878501529672314
-999.0	365.0	336.92650880355274	0.47266125543013277	-7.68822304011576	-0.6728534056760759
-999.0	340.0	338.76941436151475	0.371760446873921	-6.786489613428142	-0.5660762670967361
-999.0	315.0	340.4025447926731	0.29155918914410744	-5.525562246877069	-0.5255554227661076
-999.0	290.0	341.9481082455184	0.2233973493178685	-4.288798147309884	-0.4790126187726874
-999.0	265.0	343.5108422076796	0.1676777255913571	-3.183799524747204	-0.3545456721432656
-999.0	240.0	345.14879193100455	0.11524315873190559	-1.9642204377386392	-0.06217976808844329
-999.0	215.0	346.788986629491	0.07114309267628782	-0.47334236285043535	0.37135358178425154
-999.0	190.0	348.5457732907946	0.040328780130025	1.1818216970515616	0.7541425966081048
-999.0	165.0	350.984557623021	0.020396938968804616	2.6152844373728046	0.9675620387470871
-999.0	140.0	355.76835401031707	0.009606714086932318	3.0298606069788034	0.9248646128745353
-999.0	115.0	367.89971554132296	0.005883548227656223	2.977650571082308	0.5320267561409279
-999.0	90.0	394.78011527216063	0.005191545183252968	4.370156071015753	0.05924015929774819
-999.0	65.0	442.84898253524824	0.0031771391356689065	0.746068678958887	-0.0009629794411285394
-999.0	40.0	532.1474232942803	0.013397169240292117	-9.58299407126413	-0.06921046395741075
-999.0	15.0	720.7135161360623	0.06612295382434415	-18.27333809837464	-0.006564712891015142
244.66666666666666	40	1004.6703491210938	day	levels	pres0
-999.0	990.0	301.1210328469749	15.68654110318134	-3.1867978388354867	-0.9830562531770741
-999.0	965.0	301.8448535341834	15.188540685744512	-4.596443275610556	-1.3952295530055179
-999.0	940.0	302.6794040024068	14.90189059575401	-5.553341471013492	-1.7032856473787652
-999.0	915.0	303.5057413974638	14.492207118443112	-6.236247113772722	-1.9845907819412578
-999.0	890.0	304.317371062558	13.866840498788049	-6.647412828036637	-2.144570218665201
-999.0	865.0	305.14013265455503	12.952753929864814	-6.945919780504056	-2.140602935637672
-999.0	840.0	305.9846266497155	11.868542126246863	-7.2617919104439155	-1.9772595249980387
-999.0	815.0	306.939809696252	10.646794886816096	-7.590680945487184	-1.6532792115494495
-999.0	790.0	308.0932176712481	9.25393458775108	-7.865506421951964	-1.1772856386821167
-999.0	765.0	309.4350692602236	7.7906748226710425	-7.980533395494683	-0.6200707900736421
-999.0	740.0	310.85658173424787	6.534568355196979	-7.842924316724095	-0.10748548273524869
-999.0	715.0	312.2834857636737	5.593562058040065	-7.48234516098382	0.3079907580146068
-999.0	690.0	313.663657108501	4.8660604613167875	-7.047010501225766	0.6234284493894969
-999.0	665.0	314.95984593653395	4.401328345139817	-6.569857556550279	0.8085674679217288
-999.0	640.0	316.31249970484555	3.957551116035093	-6.293417861064296	0.8900487075249308
-999.0	615.0	317.75148009486156	3.538148195970622	-6.3064720971243995	0.8544185906648524
-999.0	590.0	319.3688148511468	3.1207888410204925	-6.480771890708405	0.7799751056091981
-999.0	565.0	321.18353356392805	2.6915208328337923	-6.802495939391019	0.6781241902194415
-999.0	540.0	323.0800512009581	2.2748260952177546	-7.127238019946082	0.5674083028875465
-999.0	515.0	325.01013559139335	1.8592182128202388	-7.411845022723783	0.43244385151633596
-999.0	490.0	326.969791647813	1.4985385232028556	-7.636115272839849	0.190476219923697
-999.0	465.0	328.93476805864964	1.193721251118757	-7.802604501800849	-0.17063165385100815
-999.0	440.0	330.93087067844726	0.9469478680264455	-7.996480016481268	-0.5074118262245655
-999.0	415.0	332.9407475842491	0.7571702468253396	-8.182736345699801	-0.7425365213171687
-999.0	390.0	334.9721038625026	0.6012709758111481	-8.112831910451197	-0.7968616955248227
-999.0	365.0	336.9643922688272	0.4759260611165193	-7.643895272342881	-0.6746481798056834
-999.0	340.0	338.8031700433093	0.373767719382335	-6.74359051202464	-0.5651160357963303
-999.0	315.0	340.4331366052749	0.2918847920816584	-5.490956472853785	-0.5265537200584265
-999.0	290.0	341.9765033352975	0.22272138403994715	-4.2625372036404245	-0.4809612943125683
-999.0	265.0	343.53789099955117	0.1665421310102648	-3.1644773674862403	-0.35319445246742354
-999.0	240.0	345.1729302357296	0.11421762557611487	-1.9539993689173352	-0.05226528742128268
-999.0	215.0	346.8058184555386	0.07060542649456365	-0.47168212845206736	0.3928043984231733
-999.0	190.0	348.5541920134005	0.04018888121382087	1.1807109227493253	0.7799292717661488
-999.0	165.0	350.9899229267906	0.02037102336596166	2.6146720475739342	0.9831687836420093
-999.0	140.0	355.7810611107613	0.009602032923361406	3.0350087510333394	0.923835694789872
-999.0	115.0	367.9165293830312	0.005876852642922174	2.9991818943194204	0.521145135873822
-999.0	90.0	394.76623380871047	0.00517216757760336	4.40137438688962	0.05375927385120405
-999.0	65.0	442.7952775959688	0.003188043256245925	0.7837548561039673	0.004529498162739843
-999.0	40.0	532.1027285675082	0.01336766551026982	-9.555349808363678	-0.08620167177704001
-999.0	15.0	720.7010003140376	0.06609772252184998	-18.24400397141774	-0.040462497799205265
244.68055555555554	40	1004.2352527436761	day	levels	pres0
-999.0	990.0	301.29365495791427	15.596374201396225	-3.174196056193778	-0.9805213881153884
-999.0	965.0	301.9570052831901	15.167526116446858	-4.519692850018361	-1.3707846877653107
-999.0	940.0	302.74707380014644	14.92935091351704	-5.436454087968942	-1.653552174686468
-999.0	915.0	303.5615772766382	14.544472694396939	-6.111080447832836	-1.9133335668889722
-999.0	890.0	304.3758499274699	13.927254109155529	-6.527465439978195	-2.0595079121136064
-999.0	865.0	305.2023069848954	13.003788304707331	-6.833186607512313	-2.0495615431241254
-999.0	840.0	306.04691555617495	11.90431862785701	-7.157333033425564	-1.8870038869569663
-999.0	815.0	307.00238622396466	10.66752064417278	-7.493128171042884	-1.5714788772757737
-999.0	790.0	308.15647236627365	9.261598166965303	-7.774494277106481	-1.110453488098306
-999.0	765.0	309.4947956887543	7.7907814071292005	-7.897860691661008	-0.570842356199353
-999.0	740.0	310.9127866965121	6.530063678347882	-7.774567409167282	-0.07294861315974509
-999.0	715.0	312.3371966126902	5.586655628113527	-7.432840264032806	0.3316491068828445
-999.0	690.0	313.71426371264	4.856721480687468	-7.016687800013859	0.6381624485883296
-999.0	665.0	315.0063600370793	4.390321573567777	-6.55787418664449	0.8164984418581791
-999.0	640.0	316.3551263327818	3.94559911413799	-6.29461186225452	0.8918065500874347
-999.0	615.0	317.7912666849498	3.5262479630727674	-6.313692222038898	0.8507003690160493
-999.0	590.0	319.41051559929195	3.1095888964713625	-6.489577052139093	0.772432233251284
-999.0	565.0	321.23286333361136	2.68107071282372	-6.808474146184461	0.6684541502405812
-999.0	540.0	323.13577698890424	2.2653571816663916	-7.129049391145743	0.5542053570823164
-999.0	515.0	325.06894286793994	1.8510494156489317	-7.408795779186587	0.4138059192706792
-999.0	490.0	327.02868226556933	1.4925621170846262	-7.628092587940288	0.16759793862465344
-999.0	465.0	328.99071400105197	1.191117627043572	-7.789224231526982	-0.19509308513193355
-999.0	440.0	330.9827598072218	0.9473235666278784	-7.975765960793669	-0.5298720326215378
-999.0	415.0	332.98807244667444	0.7601377604499657	-8.152602949312783	-0.7590961576040223
-999.0	390.0	335.0146467877663	0.6051241272971701	-8.074016436461454	-0.8058732380824402
-999.0	365.0	337.00227573410166	0.4791908668028896	-7.599567504570164	-0.6764429539353378
-999.0	340.0	338.83692572510387	0.37577499189073843	-6.7006914106212845	-0.5641558044959644
-999.0	315.0	340.4637284178766	0.29221039501920487	-5.456350698830626	-0.5275520173507532
-999.0	290.0	342.00489842507653	0.22204541876202552	-4.236276259971075	-0.48290996985243484
-999.0	265.0	343.56493979142266	0.16540653642917513	-3.1451552102253846	-0.3518432327915734
-999.0	240.0	345.1970685404548	0.11319209242032717	-1.943778300096146	-0.04235080675414694
-999.0	215.0	346.8226502815863	0.07006776031284147	-0.47002189405383465	0.4142552150620199
-999.0	190.0	348.5626107360063	0.04004898229761738	1.1796001484469483	0.8057159469240993
-999.0	165.0	350.9952882305602	0.02034510776311869	2.614059657774958	0.9987755285368922
-999.0	140.0	355.79376821120565	0.009597351759790424	3.0401568950878044	0.9228067767052439
-999.0	115.0	367.9333432247394	0.005870157058188138	3.020713217556454	0.5102635156067639
-999.0	90.0	394.75235234526025	0.0051527899719538426	4.432592702763397	0.04827838840465611
-999.0	65.0	442.7415726566895	0.0031989473768228942	0.8214410332489508	0.01002197576656125
-999.0	40.0	532.0580338407361	0.013338161780247638	-9.527705545463286	-0.10319287959662184
-999.0	15.0	720.6884844920128	0.06607249121935596	-18.214669844460893	-0.07436028270727976
244.69444444444446	40	1003.8001563662575	day	levels	pres0
-999.0	990.0	301.4662770688542	15.506207299610857	-3.161594273552061	-0.9779865230537153
-999.0	965.0	302.0691570321971	15.146511547149162	-4.442942424425949	-1.3463398225250567
-999.0	940.0	302.8147435978862	14.956811231280156	-5.3195667049240605	-1.60381870199406
-999.0	915.0	303.61741315581276	14.596738270350906	-5.985913781892595	-1.8420763518365189
-999.0	890.0	304.434328792382	13.987667719523156	-6.407518051919391	-1.9744456055617936
-999.0	865.0	305.26448131523597	13.054822679549964	-6.720453434520204	-1.958520150610316
-999.0	840.0	306.1092044626347	11.940095129467217	-7.052874156406854	-1.7967482489156095
-999.0	815.0	307.0649627516775	10.688246401529474	-7.39557539659824	-1.4896785430018222
-999.0	790.0	308.2197270612994	9.269261746179492	-7.683482132260673	-1.0436213375142567
-999.0	765.0	309.5545221172853	7.7908879915873195	-7.81518798782704	-0.5216139223248758
-999.0	740.0	310.96899165877636	6.525559001498747	-7.706210501610221	-0.03841174358410165
-999.0	715.0	312.39090746170706	5.57974919818696	-7.383335367081611	0.3553074557511809
-999.0	690.0	313.7648703167792	4.847382500058121	-6.986365098801843	0.6528964477872244
-999.0	665.0	315.0528741376247	4.379314801995709	-6.545890816738672	0.82442941579466
-999.0	640.0	316.39775296071826	3.9336471122408607	-6.295805863444771	0.8935643926499407
-999.0	615.0	317.83105327503813	3.5143477301748915	-6.320912346953447	0.8469821473672244
-999.0	590.0	319.452216347437	3.0983889519222156	-6.498382213569834	0.7648893608933334
-999.0	565.0	321.28219310329473	2.670620592813641	-6.814452352977941	0.6587841102616808
-999.0	540.0	323.19150277685065	2.2558882681150267	-7.1308607623454145	0.5410024112770383
-999.0	515.0	325.12775014448664	1.8428806184776232	-7.405746535649372	0.3951679870249612
-999.0	490.0	327.0875728833258	1.4865857109663971	-7.620069903040681	0.1447196573255414
-999.0	465.0	329.0466599434545	1.1885140029683956	-7.775843961253039	-0.2195545164129236
-999.0	440.0	331.0346489359963	0.9476992652293263	-7.955051905105965	-0.5523322390185588
-999.0	415.0	333.0353973090997	0.7631052740746117	-8.12246955292563	-0.7756557938908976
-999.0	390.0	335.0571897130299	0.6089772787832122	-8.035200962471553	-0.8148847806400518
-999.0	365.0	337.04015919937626	0.4824556724892758	-7.555239736797281	-0.6782377280649673
-999.0	340.0	338.8706814068983	0.3777822643991525	-6.6577923092177675	-0.5631955731955772
-999.0	315.0	340.4943202304784	0.2925359979567556	-5.421744924807325	-0.5285503146430826
-999.0	290.0	342.0332935148557	0.22136945348410378	-4.2100153163016	-0.48485864539232004
-999.0	265.0	343.5919885832941	0.16427094184808247	-3.125833052964409	-0.35049201311573336
-999.0	240.0	345.2212068451799	0.11216655926453613	-1.933557231274835	-0.03243632608698877
-999.0	215.0	346.8394821076339	0.06953009413111738	-0.4683616596554681	0.4357060317009371
-999.0	190.0	348.5710294586121	0.03990908338141338	1.1784893741447116	0.8315026220821395
-999.0	165.0	351.00065353432984	0.020319192160275727	2.613447267976098	1.014382273431819
-999.0	140.0	355.80647531164993	0.009592670596219488	3.045305039142354	0.9217778586205967
-999.0	115.0	367.9501570664477	0.00586346147345408	3.042244540793579	0.49938189533967364
-999.0	90.0	394.7384708818101	0.005133412366304231	4.463811018637274	0.042797502958113104
-999.0	65.0	442.68786771741014	0.003209851497399914	0.8591272103940527	0.01551445337043027
-999.0	40.0	532.013339113964	0.013308658050225347	-9.500061282562806	-0.12018408741626041
-999.0	15.0	720.6759686699882	0.06604725991686185	-18.18533571750396	-0.10825806761547774
244.70833333333334	40	1003.3650599888398	day	levels	pres0
-999.0	990.0	301.63889917979355	15.41604039782575	-3.148992490910354	-0.97545165799203
-999.0	965.0	302.1813087812038	15.125496977851514	-4.366191998833757	-1.3218949572848513
-999.0	940.0	302.8824133956258	14.984271549043184	-5.202679321879516	-1.5540852293017673
-999.0	915.0	303.6732490349872	14.649003846304728	-5.860747115952712	-1.7708191367842394
-999.0	890.0	304.4928076572939	14.048081329890628	-6.287570663860952	-1.8893832990102069
-999.0	865.0	305.32665564557635	13.105857054392475	-6.6077202615284625	-1.8674787580967758
-999.0	840.0	306.17149336909415	11.97587163107736	-6.948415279388506	-1.706492610874541
-999.0	815.0	307.1275392793902	10.70897215888616	-7.298022622153942	-1.4078782087281483
-999.0	790.0	308.28298175632483	9.27692532539371	-7.5924699874151935	-0.9767891869304461
-999.0	765.0	309.61424854581594	7.7909945760454775	-7.732515283993365	-0.47238548845058614
-999.0	740.0	311.02519662104066	6.521054324649652	-7.637853594053405	-0.003874874008597277
-999.0	715.0	312.4446183107236	5.572842768260422	-7.333830470130599	0.3789658046194193
-999.0	690.0	313.81547692091823	4.838043519428801	-6.956042397589938	0.6676304469860578
-999.0	665.0	315.09938823817004	4.36830803042367	-6.533907446832886	0.8323603897311109
-999.0	640.0	316.4403795886545	3.9216951103437596	-6.296999864634999	0.8953222352124452
-999.0	615.0	317.8708398651264	3.5024474972770396	-6.328132471867948	0.8432639257184216
-999.0	590.0	319.49391709558205	3.0871890073730865	-6.507187375000524	0.7573464885354192
-999.0	565.0	321.33152287297787	2.66017047280357	-6.8204305597713875	0.6491140702828208
-999.0	540.0	323.24722856479684	2.2464193545636655	-7.1326721335450785	0.5277994654718084
-999.0	515.0	325.18655742103317	1.8347118213063172	-7.402697292112175	0.37653005477930523
-999.0	490.0	327.14646350108205	1.4806093048481686	-7.612047218141121	0.12184137602649917
-999.0	465.0	329.1026058858567	1.1859103788932115	-7.762463690979169	-0.2440159476938472
-999.0	440.0	331.0865380647707	0.94807496383076	-7.934337849418364	-0.5747924454155289
-999.0	415.0	333.0827221715249	0.7660727876992379	-8.09233615653861	-0.792215430177748
-999.0	390.0	335.09973263829363	0.6128304302692346	-7.996385488481809	-0.8238963231976656
-999.0	365.0	337.0780426646507	0.4857204781756465	-7.510911969024563	-0.6800325021946177
-999.0	340.0	338.9044370886928	0.37978953690755635	-6.61489320781441	-0.5622353418952072
-999.0	315.0	340.52491204308006	0.29286160089430263	-5.387139150784162	-0.5295486119354056
-999.0	290.0	342.06168860463475	0.2206934882061826	-4.183754372632247	-0.486807320932184
-999.0	265.0	343.6190373751656	0.16313534726699297	-3.106510895703549	-0.34914079343988086
-999.0	240.0	345.24534514990495	0.11114102610874856	-1.9233361624536414	-0.022521845419850976
-999.0	215.0	346.8563139336816	0.06899242794939522	-0.46670142525723196	0.45715684833978587
-999.0	190.0	348.579448181218	0.03976918446520991	1.1773785998423363	0.8572892972400905
-999.0	165.0	351.0060188380995	0.020293276557432773	2.612834878177125	1.0299890183266989
-999.0	140.0	355.8191824120943	0.009587989432648512	3.050453183196823	0.9207489405359646
-999.0	115.0	367.9669709081559	0.005856765888720045	3.0637758640306143	0.48850027507261357
-999.0	90.0	394.7245894183598	0.005114034760654709	4.495029334511051	0.037316617511565946
-999.0	65.0	442.6341627781308	0.003220755617976884	0.8968133875390352	0.021006930974253397
-999.0	40.0	531.9686443871921	0.013279154320203166	-9.472417019662414	-0.13717529523584135
-999.0	15.0	720.6634528479635	0.06602202861436786	-18.156001590547117	-0.1421558525235516
244.72222222222223	40	1002.9299636114212	day	levels	pres0
-999.0	990.0	301.8115212907334	15.32587349604043	-3.1363907082686318	-0.9729167929303547
-999.0	965.0	302.2934605302107	15.104482408553826	-4.28944157324137	-1.2974500920446055
-999.0	940.0	302.9500831933656	15.011731866806288	-5.085791938834673	-1.5043517566093672
-999.0	915.0	303.7290849141616	14.701269422258672	-5.735580450012518	-1.6995619217317948
-999.0	890.0	304.551286522206	14.108494940258232	-6.1676232758022	-1.8043209924584027
-999.0	865.0	305.3888299759169	13.156891429235086	-6.494987088536412	-1.7764373655829757
-999.0	840.0	306.23378227555384	12.01164813268754	-6.843956402369865	-1.6162369728331933
-999.0	815.0	307.190115807103	10.729697916242817	-7.200469847709373	-1.3260778744542063
-999.0	790.0	308.3462364513506	9.284588904607865	-7.501457842569464	-0.9099570363464041
-999.0	765.0	309.6739749743469	7.791101160503568	-7.64984258015947	-0.42315705457611325
-999.0	740.0	311.081401583305	6.516549647800504	-7.569496686496402	0.030661995567043014
-999.0	715.0	312.4983291597404	5.565936338333854	-7.284325573179436	0.4026241534877506
-999.0	690.0	313.86608352505743	4.828704538799465	-6.925719696377939	0.6823644461849454
-999.0	665.0	315.14590233871553	4.357301258851607	-6.5219240769270845	0.8402913636675831
-999.0	640.0	316.4830062165908	3.9097431084466323	-6.298193865825263	0.8970800777749426
-999.0	615.0	317.9106264552148	3.490547264379164	-6.33535259678251	0.8395457040695906
-999.0	590.0	319.5356178437272	3.0759890628239432	-6.515992536431274	0.7498036161774647
-999.0	565.0	321.38085264266124	2.6497203527934934	-6.826408766564875	0.6394440303039177
-999.0	540.0	323.30295435274314	2.2369504410123042	-7.134483504744753	0.5145965196665261
-999.0	515.0	325.24536469758	1.826543024135012	-7.399648048574964	0.35789212253357877
-999.0	490.0	327.20535411883856	1.474632898729944	-7.60402453324151	0.09896309472737855
-999.0	465.0	329.15855182825914	1.1833067548180383	-7.7490834207052215	-0.26847737897484064
-999.0	440.0	331.1384271935452	0.94845066243221	-7.91362379373065	-0.5972526518125462
-999.0	415.0	333.1300470339503	0.7690403013238851	-8.06220276015144	-0.808775066464612
-999.0	390.0	335.1422755635574	0.6166835817552772	-7.957570014491898	-0.8329078657552607
-999.0	365.0	337.11592612992524	0.48898528386203266	-7.466584201251684	-0.6818272763242292
-999.0	340.0	338.9381927704874	0.3817968094159701	-6.571994106410909	-0.5612751105948056
-999.0	315.0	340.55550385568193	0.29318720383185315	-5.352533376760881	-0.530546909227728
-999.0	290.0	342.0900836944138	0.2200175229282608	-4.157493428962792	-0.48875599647206747
-999.0	265.0	343.6460861670371	0.16199975268590047	-3.08718873844259	-0.3477895737640411
-999.0	240.0	345.2694834546302	0.11011549295295767	-1.913115093632342	-0.012607364752692533
-999.0	215.0	346.87314575972925	0.06845476176767103	-0.4650411908588674	0.47860766497870555
-999.0	190.0	348.5878669038238	0.03962928554900577	1.176267825540098	0.8830759723981343
-999.0	165.0	351.01138414186914	0.020267360954589794	2.612222488378251	1.0455957632216242
-999.0	140.0	355.8318895125385	0.009583308269077594	3.0556013272513542	0.9197200224513057
-999.0	115.0	367.9837847498641	0.005850070303985996	3.0853071872677247	0.47761865480550947
-999.0	90.0	394.71070795490965	0.005094657155005104	4.526247650384917	0.03183573206502117
-999.0	65.0	442.58045783885143	0.0032316597385539016	0.9344995646841163	0.026499408578120033
-999.0	40.0	531.92394966042	0.013249650590180866	-9.444772756761962	-0.15416650305547144
-999.0	15.0	720.6509370259388	0.06599679731187366	-18.126667463590216	-0.17605363743174238
244.73611111111111	40	1002.4948672340039	day	levels	pres0
-999.0	990.0	301.98414340167284	15.23570659425532	-3.123788925626922	-0.9703819278686687
-999.0	965.0	302.4056122792174	15.083467839256178	-4.212691147649173	-1.2730052268043979
-999.0	940.0	303.01775299110517	15.039192184569318	-4.968904555790123	-1.45461828391707
-999.0	915.0	303.78492079333597	14.753534998212501	-5.610413784072633	-1.628304706679509
-999.0	890.0	304.6097653871179	14.168908550625709	-6.047675887743758	-1.719258685906809
-999.0	865.0	305.4510043062573	13.207925804077604	-6.382253915544669	-1.6853959730694292
-999.0	840.0	306.2960711820134	12.047424634297684	-6.7394975253515135	-1.5259813347921205
-999.0	815.0	307.2526923348156	10.750423673599506	-7.102917073265074	-1.2442775401805297
-999.0	790.0	308.4094911463762	9.292252483822086	-7.410445697723981	-0.8431248857625928
-999.0	765.0	309.7337014028776	7.791207744961729	-7.567169876325796	-0.3739286207018237
-999.0	740.0	311.13760654556916	6.51204497095141	-7.501139778939587	0.06519886514254666
-999.0	715.0	312.552040008757	5.559029908407315	-7.234820676228422	0.42628250235598825
-999.0	690.0	313.91669012919647	4.819365558170144	-6.895396995166033	0.6970984453837781
-999.0	665.0	315.19241643926085	4.346294487279568	-6.509940707021296	0.8482223376040332
-999.0	640.0	316.52563284452697	3.8977911065495294	-6.299387867015488	0.8988379203374463
-999.0	615.0	317.95041304530304	3.4786470314813105	-6.342572721697007	0.8358274824207872
-999.0	590.0	319.57731859187226	3.0647891182748133	-6.5247976978619615	0.7422607438195504
-999.0	565.0	321.4301824123444	2.639270232783422	-6.832386973358319	0.6297739903250573
-999.0	540.0	323.35868014068933	2.227481527460942	-7.136294875944413	0.501393573861296
-999.0	515.0	325.3041719741266	1.818374226963705	-7.3965988050377645	0.33925419028792186
-999.0	490.0	327.26424473659483	1.468656492611714	-7.596001848341951	0.07608481342833506
-999.0	465.0	329.21449777066147	1.1807031307428528	-7.735703150431353	-0.2929388102557659
-999.0	440.0	331.19031632231963	0.9488263610336427	-7.89290973804305	-0.6197128582095186
-999.0	415.0	333.1773718963756	0.7720078149485112	-8.032069363764421	-0.8253347027514654
-999.0	390.0	335.18481848882095	0.620536733241299	-7.918754540502152	-0.841919408312878
-999.0	365.0	337.1538095951996	0.49225008954840294	-7.422256433478967	-0.6836220504538836
-999.0	340.0	338.97194845228194	0.3838040819243735	-6.5290950050075525	-0.5603148792944398
-999.0	315.0	340.5860956682836	0.29351280676939956	-5.317927602737719	-0.5315452065200544
-999.0	290.0	342.11847878419286	0.21934155765033916	-4.1312324852934434	-0.49070467201193424
-999.0	265.0	343.6731349589085	0.16086415810481078	-3.0678665811817347	-0.34643835408819096
-999.0	240.0	345.2936217593552	0.10908995979716998	-1.9028940248111519	-0.002692884085557013
-999.0	215.0	346.8899775857769	0.06791709558594884	-0.46338095646063454	0.500058481617552
-999.0	190.0	348.5962856264297	0.039489386632802284	1.175157051237721	0.9088626475560849
-999.0	165.0	351.0167494456388	0.02024144535174683	2.6116100985792756	1.0612025081165068
-999.0	140.0	355.8445966129829	0.009578627105506611	3.0607494713058196	0.9186911043666773
-999.0	115.0	368.0005985915723	0.005843374719251959	3.1068385105047582	0.4667370345384515
-999.0	90.0	394.6968264914595	0.005075279549355583	4.557465966258696	0.026354846618473187
-999.0	65.0	442.52675289957205	0.003242563859130871	0.9721857418290993	0.03199188618194144
-999.0	40.0	531.879254933648	0.013220146860158686	-9.417128493861572	-0.17115771087505333
-999.0	15.0	720.6384212039142	0.06597156600937966	-18.097333336633373	-0.2099514223398169
244.75	40	1002.0597708565849	day	levels	pres0
-999.0	990.0	302.1567655126126	15.145539692470008	-3.111187142985208	-0.9678470628069983
-999.0	965.0	302.5177640282243	15.062453269958498	-4.135940722056797	-1.2485603615641598
-999.0	940.0	303.0854227888449	15.066652502332415	-4.852017172745297	-1.4048848112246821
-999.0	915.0	303.8407566725105	14.805800574166435	-5.485247118132455	-1.5570474916270807
-999.0	890.0	304.66824425202987	14.229322160993307	-5.927728499685015	-1.6341963793550223
-999.0	865.0	305.5131786365979	13.258960178920203	-6.269520742552622	-1.5943545805556436
-999.0	840.0	306.35836008847303	12.083201135907856	-6.635038648332869	-1.4357256967507839
-999.0	815.0	307.31526886252846	10.771149430956163	-7.0053642988204965	-1.1624772059065955
-999.0	790.0	308.47274584140183	9.299916063036239	-7.319433552878245	-0.776292735178556
-999.0	765.0	309.79342783140856	7.791314329419819	-7.484497172491893	-0.32470018682735313
-999.0	740.0	311.1938115078336	6.507540294102261	-7.432782871382578	0.0997357347181865
-999.0	715.0	312.60575085777384	5.552123478480748	-7.185315779277259	0.44994085122432037
-999.0	690.0	313.9672967333356	4.810026577540807	-6.8650742939540335	0.7118324445826668
-999.0	665.0	315.23893053980635	4.335287715707507	-6.497957337115494	0.8561533115405059
-999.0	640.0	316.56825947246335	3.8858391046524052	-6.300581868205753	0.9005957628999439
-999.0	615.0	317.9901996353914	3.466746798583441	-6.34979284661157	0.8321092607719559
-999.0	590.0	319.6190193400174	3.0535891737256744	-6.533602859292713	0.7347178714615961
-999.0	565.0	321.4795121820277	2.6288201127733504	-6.838365180151805	0.6201039503461548
-999.0	540.0	323.41440592863563	2.2180126139095857	-7.138106247144088	0.4881906280560153
-999.0	515.0	325.3629792506733	1.8102054297924044	-7.39354956150055	0.3206162580421994
-999.0	490.0	327.32313535435134	1.462680086493492	-7.58797916344234	0.053206532129219664
-999.0	465.0	329.27044371306386	1.1780995066676823	-7.722322880157404	-0.31740024153675356
-999.0	440.0	331.24220545109415	0.9492020596350943	-7.872195682355337	-0.6421730646065305
-999.0	415.0	333.2246967588008	0.7749753285731589	-8.001935967377255	-0.8418943390383254
-999.0	390.0	335.2273614140848	0.6243898847273419	-7.879939066512245	-0.8509309508704714
-999.0	365.0	337.1916930604742	0.49551489523478925	-7.37792866570609	-0.6854168245834964
-999.0	340.0	339.0057041340765	0.3858113544327873	-6.486195903604053	-0.5593546479940416
-999.0	315.0	340.61668748088533	0.2938384097069502	-5.283321828714439	-0.5325435038123814
-999.0	290.0	342.14687387397197	0.21866559237241753	-4.104971541623985	-0.4926533475518228
-999.0	265.0	343.70018375078	0.1597285635237183	-3.0485444239207684	-0.34508713441235683
-999.0	240.0	345.3177600640803	0.10806442664137911	-1.892672955989838	0.0072215965815952705
-999.0	215.0	346.90680941182455	0.06737942940422469	-0.4617207220622473	0.5215092982564654
-999.0	190.0	348.60470434903544	0.03934948771659818	1.1740462769355093	0.9346493227141246
-999.0	165.0	351.0221147494085	0.020215529748903855	2.6109977087804253	1.076809253011431
-999.0	140.0	355.8573037134272	0.009573945941935693	3.065897615360363	0.9176621862820219
-999.0	115.0	368.01741243328064	0.005836679134517909	3.12836983374187	0.45585541427135484
-999.0	90.0	394.6829450280093	0.005055901943705978	4.588684282132557	0.0208739611719336
-999.0	65.0	442.47304796029266	0.0032534679797078885	1.0098719189741785	0.037484363785811804
-999.0	40.0	531.8345602068758	0.01319064313013639	-9.389484230961118	-0.18814891869468353
-999.0	15.0	720.6259053818894	0.06594633470688549	-18.067999209676472	-0.24384920724800657
244.76388888888889	40	1001.9482756115145	day	levels	pres0
-999.0	990.0	302.11003577957234	15.185135326688286	-3.0831332003313037	-0.9284182614276776
-999.0	965.0	302.51887120985333	15.071849384005112	-4.144556916895372	-1.2255304894513224
-999.0	940.0	303.09398600845856	15.060035735841776	-4.870454311370865	-1.3950751432114
-999.0	915.0	303.8447541414625	14.78811177753265	-5.50632624209875	-1.5537694335308954
-999.0	890.0	304.66482249511125	14.208751224336144	-5.956708987553948	-1.635227297979684
-999.0	865.0	305.5065026033766	13.24276211905099	-6.308621845548163	-1.599892584932231
-999.0	840.0	306.3533465085426	12.069435899219805	-6.683316650844812	-1.4440466190082242
-999.0	815.0	307.3116590337804	10.757190144251256	-7.063692073973462	-1.1721176292510764
-999.0	790.0	308.4685529386261	9.287066777547198	-7.388354344973556	-0.7914307959496129
-999.0	765.0	309.7893149344182	7.778532380149474	-7.5638317796919825	-0.34913356844633664
-999.0	740.0	311.189815382741	6.495305969601577	-7.516100650742013	0.06482004356522655
-999.0	715.0	312.6009110675363	5.541593903586965	-7.265318087169171	0.40531630994422135
-999.0	690.0	313.9606253058462	4.801155857623555	-6.9382327889639805	0.6594078254013227
-999.0	665.0	315.2294421705752	4.3278910896134635	-6.5606413672841155	0.7988555311623903
-999.0	640.0	316.5577919755086	3.8792612562103788	-6.352335198058043	0.8429542805939806
-999.0	615.0	317.98160903581646	3.460190435250591	-6.390831115995612	0.7800229078246923
-999.0	590.0	319.61283712293033	3.0477310286627786	-6.565371290322324	0.6920043621507479
-999.0	565.0	321.4762327685001	2.6244267674665513	-6.8629825432149	0.5902262505380085
-999.0	540.0	323.41549451924385	2.21429743984388	-7.157603619590617	0.4697596096077286
-999.0	515.0	325.3701063408033	1.8061433268917833	-7.410561571282036	0.3104798353853499
-999.0	490.0	327.3358240696958	1.458527237176885	-7.605707640626599	0.04784784708466259
-999.0	465.0	329.28730475344776	1.1741038882543082	-7.744055990928002	-0.3205579067210947
-999.0	440.0	331.26201405036454	0.9458531756249614	-7.898150126375888	-0.6384695161074849
-999.0	415.0	333.2456855710109	0.772811993601772	-8.029334576830086	-0.8257104135302936
-999.0	390.0	335.24673256213254	0.6231305179378316	-7.89916481385161	-0.8251474720854175
-999.0	365.0	337.2067869773301	0.4947302866549697	-7.379523028457018	-0.6568618001460245
-999.0	340.0	339.01782309664026	0.3856256195595325	-6.473964551197662	-0.5354022339340871
-999.0	315.0	340.6288423357668	0.29432883557109535	-5.265469690991797	-0.5177909003954871
-999.0	290.0	342.1615009052885	0.21915823241902682	-4.084385300676045	-0.48127194931581563
-999.0	265.0	343.7189855734186	0.1598010823012339	-3.024933698868003	-0.3283133878121069
-999.0	240.0	345.34105157364723	0.10789916939323818	-1.865711298726853	0.029951644203998935
-999.0	215.0	346.9356464173694	0.06718447189482424	-0.43630348831888077	0.5407888160811832
-999.0	190.0	348.6419628506998	0.03931875342118855	1.188291505156526	0.9409451910427797
-999.0	165.0	351.06515572406505	0.020275531336665327	2.6135980046930856	1.0778423585589012
-999.0	140.0	355.88508594764176	0.009605734405802641	3.0765399649030067	0.9327557701913225
-999.0	115.0	367.9969618305348	0.005847786878427823	3.1581475173848084	0.48541976535132736
-999.0	90.0	394.60597892741464	0.005068174350844151	4.615927406246736	0.043572099908965524
-999.0	65.0	442.40209822840404	0.0032689332581376674	1.016643714810183	0.03436222033841046
-999.0	40.0	531.8337439466749	0.01319021289606416	-9.422380726015803	-0.18722240431675555
-999.0	15.0	720.7126167787056	0.066151539780318	-18.114704860581355	-0.23768462731484857
244.77777777777777	40	1001.8367803664439	day	levels	pres0
-999.0	990.0	302.06330604653215	15.224730960906484	-3.0550792576774852	-0.8889894600484752
-999.0	965.0	302.51997839148214	15.081245498051718	-4.153173111733934	-1.2025006173385624
-999.0	940.0	303.10254922807223	15.053418969351155	-4.888891449996397	-1.3852654751981601
-999.0	915.0	303.84875161041464	14.77042298089891	-5.527405366065002	-1.5504913754347343
-999.0	890.0	304.6614007381926	14.18818028767905	-5.985689475422803	-1.6362582166043564
-999.0	865.0	305.49982657015545	13.22656405918183	-6.347722948543594	-1.6054305893088152
-999.0	840.0	306.3483329286121	12.055670662531785	-6.731594653356623	-1.4523675412656587
-999.0	815.0	307.3080492050324	10.743230857546376	-7.122019849126278	-1.18175805259555
-999.0	790.0	308.4643600358504	9.274217492058172	-7.457275137068704	-0.8065688567206465
-999.0	765.0	309.78520203742806	7.765750430879146	-7.643166386891893	-0.3735669500652688
-999.0	740.0	311.1858192576483	6.48307164510092	-7.59941843010127	0.02990435241234813
-999.0	715.0	312.59607127729873	5.531064328693215	-7.3453203950609165	0.3606917686642302
-999.0	690.0	313.9539538783568	4.792285137706337	-7.011391283973788	0.6069832062201065
-999.0	665.0	315.21995380134393	4.320494463519449	-6.623325397452644	0.7415577507844124
-999.0	640.0	316.5473244785539	3.8726834077683745	-6.404088527910277	0.7853127982881537
-999.0	615.0	317.9730184362415	3.453634071917765	-6.4318693853796365	0.7279365548775498
-999.0	590.0	319.60665490584336	3.0418728835999067	-6.597139721351948	0.6492908528400003
-999.0	565.0	321.4729533549725	2.6200334221597728	-6.887599906278031	0.5603485507299374
-999.0	540.0	323.4165831098521	2.210582265778196	-7.177100992037188	0.45132859115949575
-999.0	515.0	325.3772334309335	1.8020812239911848	-7.427573581063557	0.3003434127285401
-999.0	490.0	327.34851278504027	1.4543743878603006	-7.62343611781086	0.04248916204013719
-999.0	465.0	329.30416579383177	1.1701082698409544	-7.765789101698564	-0.32371557190541067
-999.0	440.0	331.2818226496349	0.9425042916148446	-7.924104570396356	-0.6347659676084453
-999.0	415.0	333.2666743832208	0.7706486586303951	-8.0567331862828	-0.8095264880223232
-999.0	390.0	335.26610371018035	0.6218711511483276	-7.918390561190855	-0.7993639933004605
-999.0	365.0	337.221880894186	0.49394567807515516	-7.3811173912078605	-0.6283067757086498
-999.0	340.0	339.0299420592041	0.3854398846862811	-6.461733198791215	-0.511449819874205
-999.0	315.0	340.6409971906482	0.2948192614352419	-5.247617553269111	-0.5030382969786303
-999.0	290.0	342.1761279366049	0.21965087246563694	-4.063799059728078	-0.46989055107983735
-999.0	265.0	343.7377873960572	0.15987360107875062	-3.001322973815228	-0.31153964121190997
-999.0	240.0	345.3643430832142	0.10773391214509813	-1.8387496414638766	0.05268169182632716
-999.0	215.0	346.96448342291416	0.06698951438542404	-0.41088625457552336	0.5600683339058355
-999.0	190.0	348.67922135236415	0.03928801912577853	1.2025367333775452	0.9472410593714053
-999.0	165.0	351.1081966987214	0.020335532924426424	2.6161983006057263	1.0788754641063685
-999.0	140.0	355.91286818185625	0.009637522869669481	3.087182314445566	0.9478493541006042
-999.0	115.0	367.9765112277891	0.00585889462233772	3.1879252010276233	0.514984116431257
-999.0	90.0	394.52901282682006	0.005080446757982285	4.6431705303608295	0.0662702386459572
-999.0	65.0	442.33114849651565	0.0032843985365674086	1.0234155106461678	0.03124007689101354
-999.0	40.0	531.8329276864741	0.013189782661991934	-9.455277221070384	-0.18629588993887372
-999.0	15.0	720.7993281755217	0.06635674485375004	-18.161410511486093	-0.23152004738176163
244.79166666666666	40	1001.7252851213728	day	levels	pres0
-999.0	990.0	302.01657631349184	15.264326595124768	-3.0270253150235753	-0.8495606586691495
-999.0	965.0	302.5210855731112	15.090641612098338	-4.161789306572505	-1.1794707452257212
-999.0	940.0	303.1111124476859	15.046802202860514	-4.907328588621963	-1.3754558071848748
-999.0	915.0	303.8527490793667	14.752734184265128	-5.548484490031297	-1.547213317338547
-999.0	890.0	304.65797898127397	14.167609351021886	-6.014669963291733	-1.6372891352290178
-999.0	865.0	305.49315053693425	13.210365999312616	-6.386824051539136	-1.610968593685403
-999.0	840.0	306.3433193486815	12.041905425843728	-6.779872655868568	-1.4606884635231012
-999.0	815.0	307.30443937628434	10.729271570841469	-7.180347624279243	-1.1913984759400311
-999.0	790.0	308.46016713307466	9.261368206569127	-7.526195929164021	-0.8217069174917022
-999.0	765.0	309.78108914043776	7.752968481608797	-7.722500994091988	-0.3980003316842495
-999.0	740.0	311.1818231325557	6.470837320600231	-7.682736209460715	-0.005011338740608052
-999.0	715.0	312.5912314870613	5.520534753799428	-7.425322702952839	0.3160672273841353
-999.0	690.0	313.9472824508675	4.783414417789086	-7.084549778983743	0.5545585870387661
-999.0	665.0	315.21046543211276	4.313097837425406	-6.686009427621277	0.6842599704062997
-999.0	640.0	316.5368569815991	3.8661055593263467	-6.455841857762578	0.7276713159821927
-999.0	615.0	317.9644278366664	3.447077708584917	-6.47290765476369	0.6758502019302884
-999.0	590.0	319.6004726887563	3.036014738537011	-6.628908152381572	0.6065773435291543
-999.0	565.0	321.46967394144485	2.6156400768529737	-6.912217269341138	0.5304708509217927
-999.0	540.0	323.41767170046035	2.206867091712491	-7.196598364483729	0.43289757271121077
-999.0	515.0	325.38436052106357	1.7980191210905638	-7.444585590845054	0.2902069900716925
-999.0	490.0	327.3612015003848	1.4502215385436936	-7.641164594995128	0.03713047699558202
-999.0	465.0	329.3210268342157	1.1661126514275801	-7.78752221246917	-0.3268732370897502
-999.0	440.0	331.3016312489054	0.9391554076047118	-7.95005901441691	-0.6310624191093988
-999.0	415.0	333.2876631954309	0.7684853236590082	-8.084131795735633	-0.793342562514292
-999.0	390.0	335.28547485822816	0.6206117843588175	-7.937616308530221	-0.7735805145154085
-999.0	365.0	337.2369748110418	0.4931610694953359	-7.382711753958787	-0.5997517512711824
-999.0	340.0	339.04206102176784	0.3852541498130265	-6.449501846384821	-0.4874974058142575
-999.0	315.0	340.6531520455296	0.2953096872993873	-5.2297654155464635	-0.48828569356174467
-999.0	290.0	342.19075496792146	0.2201435125122464	-4.043212818780135	-0.4585091528438394
-999.0	265.0	343.75658921869564	0.15994611985626642	-2.9777122487624608	-0.2947658946116682
-999.0	240.0	345.387634592781	0.10756865489695724	-1.8117879842008928	0.07541173944872355
-999.0	215.0	346.99332042845907	0.06679455687602356	-0.3854690208321593	0.5793478517305466
-999.0	190.0	348.71647985402865	0.03925728483036886	1.2167819615985587	0.9535369277000547
-999.0	165.0	351.15123767337786	0.020395534512187903	2.6187985965183844	1.0799085696538324
-999.0	140.0	355.9406504160707	0.00966931133353643	3.0978246639882077	0.9629429380099017
-999.0	115.0	367.95606062504316	0.005870002366247635	3.21770288467056	0.5445484675112316
-999.0	90.0	394.4520467262254	0.005092719165120462	4.670413654475009	0.08896837738299332
-999.0	65.0	442.26019876462703	0.0032998638149971888	1.030187306482175	0.02811793344361386
-999.0	40.0	531.8321114262732	0.013189352427919705	-9.488173716125063	-0.18536937556094635
-999.0	15.0	720.886039572338	0.06656194992718258	-18.20811616239098	-0.22535546744860493
244.80555555555554	40	1001.6137898763025	day	levels	pres0
-999.0	990.0	301.9698465804517	15.303922229342966	-2.9989713723697564	-0.8101318572899476
-999.0	965.0	302.5221927547401	15.10003772614494	-4.170405501411067	-1.1564408731129618
-999.0	940.0	303.1196756672995	15.040185436369887	-4.925765727247496	-1.365646139171635
-999.0	915.0	303.85674654831877	14.735045387631388	-5.569563613997548	-1.5439352592423858
-999.0	890.0	304.65455722435536	14.14703841436479	-6.043650451160589	-1.6383200538536906
-999.0	865.0	305.486474503713	13.194167939443453	-6.425925154534565	-1.6165065980619873
-999.0	840.0	306.33830576875107	12.028140189155714	-6.828150658380379	-1.4690093857805349
-999.0	815.0	307.3008295475363	10.715312284136587	-7.238675399432058	-1.2010388992845045
-999.0	790.0	308.4559742302991	9.2485189210801	-7.595116721259169	-0.8368449782627361
-999.0	765.0	309.7769762434475	7.74018653233847	-7.801835601291899	-0.4224337133031817
-999.0	740.0	311.1778270074631	6.458602996099575	-7.76605398881997	-0.039927029893486364
-999.0	715.0	312.5863916968238	5.510005178905679	-7.505325010844585	0.2714426861041442
-999.0	690.0	313.9406110233781	4.774543697871869	-7.157708273993553	0.5021339678575497
-999.0	665.0	315.2009770628816	4.3057012113313915	-6.748693457789805	0.6269621900283218
-999.0	640.0	316.5263894846444	3.8595277108843447	-6.507595187614812	0.670029833676366
-999.0	615.0	317.9558372370915	3.44052134525209	-6.5139459241477145	0.6237638489831461
-999.0	590.0	319.59429047166935	3.0301565934741372	-6.660676583411197	0.5638638342184066
-999.0	565.0	321.4663945279172	2.6112467315461956	-6.93683463240427	0.5005931511137216
-999.0	540.0	323.41876029106857	2.203151917646807	-7.216095736930301	0.4144665542629779
-999.0	515.0	325.3914876111936	1.793957018189966	-7.4615976006265745	0.2800705674148828
-999.0	490.0	327.37389021572926	1.4460686892271093	-7.658893072179389	0.03177179195105681
-999.0	465.0	329.3378878745996	1.1621170330142263	-7.80925532323973	-0.33003090227406623
-999.0	440.0	331.3214398481758	0.9358065235945952	-7.976013458437378	-0.6273588706103589
-999.0	415.0	333.3086520076409	0.7663219886876316	-8.111530405188345	-0.7771586370063214
-999.0	390.0	335.3048460062759	0.6193524175693135	-7.956842055869465	-0.7477970357304515
-999.0	365.0	337.2520687278977	0.49237646091552123	-7.384306116709631	-0.5711967268338077
-999.0	340.0	339.05417998433165	0.3850684149397751	-6.4372704939783745	-0.46354499175437536
-999.0	315.0	340.66530690041105	0.29580011316353383	-5.211913277823781	-0.4735330901448879
-999.0	290.0	342.2053819992379	0.2206361525588565	-4.022626577832168	-0.44712775460786125
-999.0	265.0	343.77539104133433	0.1600186386337831	-2.954101523709687	-0.2779921480114715
-999.0	240.0	345.4109261023479	0.10740339764881723	-1.7848263269379174	0.09814178707105195
-999.0	215.0	347.0221574340039	0.06659959936662337	-0.3600517870888014	0.598627369555199
-999.0	190.0	348.75373835569286	0.03922655053495886	1.2310271898195775	0.9598327960286808
-999.0	165.0	351.1942786480342	0.020455536099948993	2.6213988924310243	1.0809416752012997
-999.0	140.0	355.9684326502852	0.009701099797403271	3.108467013530767	0.9780365219191831
-999.0	115.0	367.9356100222974	0.005881110110157531	3.247480568313375	0.574112818591161
-999.0	90.0	394.3750806256308	0.005104991572258595	4.697656778589104	0.1116665161199849
-999.0	65.0	442.1892490327386	0.003315329093426929	1.0369591023181597	0.024995789996216898
-999.0	40.0	531.8312951660723	0.01318892219384748	-9.521070211179644	-0.18444286118306444
-999.0	15.0	720.972750969154	0.06676715500061459	-18.254821813295724	-0.219190887515518
244.81944444444446	40	1001.5022946312314	day	levels	pres0
-999.0	990.0	301.9231168474114	15.343517863561267	-2.970917429715848	-0.7707030559106187
-999.0	965.0	302.523299936369	15.109433840191558	-4.179021696249652	-1.1334110010001213
-999.0	940.0	303.12823888691315	15.033568669879243	-4.94420286587308	-1.3558364711583515
-999.0	915.0	303.86074401727086	14.717356590997593	-5.590642737963861	-1.5406572011461983
-999.0	890.0	304.65113546743675	14.126467477707621	-6.072630939029537	-1.639350972478348
-999.0	865.0	305.4797984704918	13.17796987957424	-6.465026257530126	-1.62204460243857
-999.0	840.0	306.33329218882056	12.014374952467653	-6.876428660892348	-1.477330308037973
-999.0	815.0	307.2972197187882	10.701352997431671	-7.297003174585059	-1.2106793226289867
-999.0	790.0	308.45178132752335	9.235669635591046	-7.6640375133545255	-0.8519830390338001
-999.0	765.0	309.77286334645726	7.727404583068113	-7.881170208492038	-0.44686709492217774
-999.0	740.0	311.1738308823705	6.446368671598881	-7.849371768179455	-0.07484272104646182
-999.0	715.0	312.5815519065862	5.499475604011891	-7.5853273187365415	0.2268181448240283
-999.0	690.0	313.9339395958887	4.765672977954615	-7.230866769003538	0.4497093486761863
-999.0	665.0	315.19148869365046	4.298304585237345	-6.8113774879584605	0.569664409650182
-999.0	640.0	316.51592198768975	3.8529498624423124	-6.559348517467129	0.6123883513703751
-999.0	615.0	317.94724663751657	3.433964981919237	-6.554984193531783	0.571677496035854
-999.0	590.0	319.5881082545822	3.0242984484112405	-6.69244501444083	0.5211503249075347
-999.0	565.0	321.4631151143895	2.606853386239395	-6.961451995467383	0.47071545130556136
-999.0	540.0	323.4198488816768	2.1994367435811015	-7.235593109376843	0.3960355358146866
-999.0	515.0	325.3986147013237	1.7898949152893444	-7.478609610408067	0.2699341447580343
-999.0	490.0	327.3865789310738	1.4419158399105025	-7.676621549363646	0.02641310690650269
-999.0	465.0	329.3547489149836	1.1581214146008523	-7.830988434010325	-0.33318856745840575
-999.0	440.0	331.3412484474462	0.932457639584462	-8.001967902457919	-0.6236553221113147
-999.0	415.0	333.32964081985085	0.7641586537162441	-8.138929014641162	-0.7609747114982924
-999.0	390.0	335.3242171543237	0.6180930507798029	-7.976067803208808	-0.7220135569453963
-999.0	365.0	337.2671626447537	0.4915918523357018	-7.385900479460525	-0.5426417023963249
-999.0	340.0	339.0662989468955	0.3848826800665207	-6.425039141571945	-0.43959257769440246
-999.0	315.0	340.67746175529254	0.2962905390276795	-5.194061140101102	-0.4587804867279719
-999.0	290.0	342.2200090305544	0.22112879260546642	-4.002040336884196	-0.4357463563718321
-999.0	265.0	343.79419286397285	0.16009115741129892	-2.930490798656893	-0.26121840141120145
-999.0	240.0	345.43421761191496	0.10723814040067636	-1.7578646696749047	0.12087183469347176
-999.0	215.0	347.05099443954873	0.06640464185722282	-0.3346345533454091	0.6179068873799209
-999.0	190.0	348.7909968573573	0.039195816239549104	1.2452724180406134	0.9661286643573237
-999.0	165.0	351.2373196226906	0.020515537687710417	2.6239991883436917	1.0819747807487567
-999.0	140.0	355.99621488449975	0.009732888261270218	3.1191093630734175	0.9931301058284889
-999.0	115.0	367.9151594195517	0.005892217854067457	3.2772582519563307	0.6036771696711519
-999.0	90.0	394.2981145250361	0.005117263979396784	4.724899902703294	0.13436465485702856
-999.0	65.0	442.11829930084997	0.003330794371856714	1.043730898154165	0.021873646548814508
-999.0	40.0	531.8304789058712	0.013188491959775256	-9.553966706234341	-0.18351634680514664
-999.0	15.0	721.0594623659706	0.06697236007404725	-18.30152746420062	-0.21302630758237132
244.83333333333334	40	1001.3907993861608	day	levels	pres0
-999.0	990.0	301.87638711437125	15.38311349777946	-2.9428634870620303	-0.7312742545314169
-999.0	965.0	302.52440711799795	15.11882995423816	-4.1876378910882135	-1.1103811288873615
-999.0	940.0	303.1368021065268	15.026951903388621	-4.962640004498612	-1.3460268031451095
-999.0	915.0	303.86474148622295	14.699667794363856	-5.611721861930113	-1.537379143050035
-999.0	890.0	304.6477137105181	14.105896541050527	-6.101611426898393	-1.6403818911030177
-999.0	865.0	305.4731224372706	13.161771819705073	-6.504127360525555	-1.6275826068151513
-999.0	840.0	306.32827860889006	12.000609715779635	-6.924706663404159	-1.4856512302954037
-999.0	815.0	307.29360989004016	10.68739371072679	-7.3553309497378745	-1.2203197459734572
-999.0	790.0	308.44758842474766	9.22282035010202	-7.732958305449673	-0.8671210998048307
-999.0	765.0	309.76875044946706	7.714622633797788	-7.960504815691949	-0.4713004765411061
-999.0	740.0	311.16983475727795	6.434134347098222	-7.932689547538711	-0.1097584121993352
-999.0	715.0	312.5767121163488	5.488946029118141	-7.665329626628285	0.18219360354404338
-999.0	690.0	313.92726816839934	4.756802258037397	-7.304025264013341	0.39728472949497673
-999.0	665.0	315.1820003244192	4.29090795914333	-6.874061518126982	0.5123666292722108
-999.0	640.0	316.50545449073496	3.8463720140003095	-6.611101847319358	0.5547468690645543
-999.0	615.0	317.93865603794154	3.4274086185864103	-6.596022462915801	0.5195911430887166
-999.0	590.0	319.5819260374953	3.018440303348366	-6.72421344547045	0.47843681559679074
-999.0	565.0	321.45983570086196	2.602460040932616	-6.986069358530509	0.44083775149749305
-999.0	540.0	323.42093747228495	2.195721569515417	-7.255090481823409	0.3776045173664559
-999.0	515.0	325.40574179145386	1.785832812388746	-7.495621620189582	0.2597977221012257
-999.0	490.0	327.39926764641825	1.4377629905939173	-7.694350026547905	0.021054421861977913
-999.0	465.0	329.37160995536755	1.1541257961874982	-7.8527215447808825	-0.33634623264272195
-999.0	440.0	331.3610570467166	0.9291087555743454	-8.027922346478382	-0.6199517736122757
-999.0	415.0	333.3506296320609	0.7619953187448669	-8.166327624093874	-0.7447907859903231
-999.0	390.0	335.34358830237153	0.6168336839902986	-7.995293550548052	-0.696230078160441
-999.0	365.0	337.28225656160953	0.49080724375588713	-7.387494842211368	-0.5140866779589521
-999.0	340.0	339.0784179094592	0.3846969451932691	-6.412807789165499	-0.41564016363452216
-999.0	315.0	340.6896166101738	0.296780964891826	-5.17620900237842	-0.44402788331111664
-999.0	290.0	342.2346360618709	0.2216214326520764	-3.981454095936233	-0.4243649581358552
-999.0	265.0	343.8129946866114	0.16016367618881558	-2.906880073604123	-0.24444465481100555
-999.0	240.0	345.4575091214818	0.10707288315253631	-1.7309030124119344	0.14360188231579848
-999.0	215.0	347.07983144509353	0.06620968434782264	-0.3092173196020574	0.6371864052045697
-999.0	190.0	348.82825535902157	0.03916508194413909	1.2595176462616287	0.9724245326859444
-999.0	165.0	351.28036059734706	0.02057553927547152	2.6265994842563343	1.0830078862962182
-999.0	140.0	356.02399711871425	0.009764676725137054	3.1297517126159815	1.0082236897377654
-999.0	115.0	367.8947088168058	0.005903325597977355	3.3070359355991483	0.6332415207510776
-999.0	90.0	394.2211484244416	0.005129536386534918	4.752143026817391	0.1570627935940188
-999.0	65.0	442.0473495689616	0.003346259650286453	1.05050269399015	0.018751503101418935
-999.0	40.0	531.8296626456705	0.01318806172570303	-9.586863201288923	-0.18258983242726257
-999.0	15.0	721.1461737627864	0.06717756514747926	-18.348233115105366	-0.20686172764928243
244.84722222222223	40	1001.2793041410903	day	levels	pres0
-999.0	990.0	301.82965738133095	15.422709131997747	-2.91480954440812	-0.6918454531520907
-999.0	965.0	302.52551429962693	15.12822606828478	-4.196254085926785	-1.0873512567745203
-999.0	940.0	303.14536532614034	15.020335136897979	-4.981077143124179	-1.3362171351318262
-999.0	915.0	303.86873895517516	14.681978997730068	-5.632800985896407	-1.53410108495385
-999.0	890.0	304.64429195359935	14.085325604393365	-6.130591914767325	-1.6414128097276817
-999.0	865.0	305.46644640404935	13.145573759835862	-6.543228463521098	-1.6331206111917422
-999.0	840.0	306.3232650289595	11.986844479091582	-6.972984665916103	-1.4939721525528493
-999.0	815.0	307.2900000612921	10.673434424021883	-7.4136587248908405	-1.2299601693179416
-999.0	790.0	308.44339552197204	9.209971064612972	-7.80187909754499	-0.8822591605758896
-999.0	765.0	309.76463755247676	7.701840684527437	-8.039839422892047	-0.4957338581600905
-999.0	740.0	311.1658386321853	6.421900022597535	-8.016007326898158	-0.14467410335229636
-999.0	715.0	312.5718723261112	5.478416454224355	-7.745331934520212	0.13756906226394214
-999.0	690.0	313.92059674090996	4.747931538120144	-7.377183759023303	0.34486011031362945
-999.0	665.0	315.17251195518804	4.283511333049287	-6.936745548295621	0.4550688488940915
-999.0	640.0	316.49498699378023	3.839794165558283	-6.662855177171667	0.4971053867585874
-999.0	615.0	317.93006543836657	3.4208522552535614	-6.63706073229986	0.46750479014145024
-999.0	590.0	319.5757438204083	3.012582158285472	-6.755981876500078	0.435723306285941
-999.0	565.0	321.4565562873343	2.5980666956258176	-7.010686721593622	0.41096005168934563
-999.0	540.0	323.42202606289317	2.192006395449712	-7.274587854269956	0.3591734989181686
-999.0	515.0	325.4128688815839	1.7817707094881252	-7.512633629971084	0.24966129944437693
-999.0	490.0	327.41195636176275	1.4336101412773112	-7.712078503732175	0.015695736817422267
-999.0	465.0	329.38847099575145	1.1501301777741246	-7.874454655551493	-0.33950389782706125
-999.0	440.0	331.380865645987	0.9257598715642127	-8.05387679049894	-0.6162482251132284
-999.0	415.0	333.37161844427084	0.7598319837734803	-8.193726233546709	-0.7286068604822907
-999.0	390.0	335.3629594504192	0.6155743172007888	-8.01451929788742	-0.6704465993753874
-999.0	365.0	337.29735047846543	0.49002263517606787	-7.3890892049622945	-0.48553165352148275
-999.0	340.0	339.090536872023	0.3845112103200147	-6.400576436759103	-0.39168774957457275
-999.0	315.0	340.70177146505534	0.29727139075597137	-5.158356864655771	-0.42927527989422953
-999.0	290.0	342.24926309318744	0.22211407269868608	-3.9608678549882868	-0.4129835598998559
-999.0	265.0	343.83179650925	0.16023619496633137	-2.8832693485513516	-0.22767090821076308
-999.0	240.0	345.48080063104874	0.10690762590439543	-1.7039413551489446	0.16633192993819634
-999.0	215.0	347.1086684506384	0.06601472683842215	-0.28380008585868727	0.6564659230292845
-999.0	190.0	348.86551386068595	0.03913434764872941	1.273762874482646	0.9787204010145985
-999.0	165.0	351.3234015720035	0.02063554086323299	2.6291997801689897	1.0840409918436877
-999.0	140.0	356.05177935292875	0.009796465189004008	3.140394062158618	1.0233172736470681
-999.0	115.0	367.87425821406003	0.005914433341887268	3.3368136192420823	0.6628058718310561
-999.0	90.0	394.14418232384685	0.005141808793673093	4.779386150931568	0.17976093233105633
-999.0	65.0	441.976399837073	0.0033617249287162345	1.0572744898261568	0.015629359654017867
-999.0	40.0	531.8288463854697	0.0131876314916308	-9.619759696343605	-0.18166331804933747
-999.0	15.0	721.2328851596028	0.06738277022091181	-18.39493876601025	-0.2006971477161277
244.86111111111111	40	1001.1678088960198	day	levels	pres0
-999.0	990.0	301.78292764829075	15.462304766215944	-2.886755601754302	-0.6524166517728884
-999.0	965.0	302.52662148125586	15.13762218233139	-4.204870280765348	-1.0643213846617614
-999.0	940.0	303.153928545754	15.013718370407357	-4.999514281749713	-1.3264074671185861
-999.0	915.0	303.8727364241272	14.66429020109633	-5.653880109862659	-1.5308230268576895
-999.0	890.0	304.6408701966808	14.064754667736267	-6.15957240263618	-1.642443728352354
-999.0	865.0	305.45977037082815	13.1293756999667	-6.582329566516528	-1.638658615568326
-999.0	840.0	306.31825144902905	11.973079242403566	-7.021262668427914	-1.5022930748102836
-999.0	815.0	307.2863902325441	10.659475137317004	-7.471986500043658	-1.2396005926624147
-999.0	790.0	308.43920261919635	9.197121779123949	-7.870799889640138	-0.8973972213469231
-999.0	765.0	309.7605246554866	7.689058735257109	-8.119174030091957	-0.5201672397790229
-999.0	740.0	311.16184250709273	6.409665698096879	-8.099325106257414	-0.1795897945051749
-999.0	715.0	312.5670325358737	5.467886879330604	-7.825334242411957	0.09294452098395105
-999.0	690.0	313.9139253134206	4.739060818202928	-7.45034225403311	0.29243549113241313
-999.0	665.0	315.1630235859569	4.276114706955271	-6.999429578464148	0.39777106851611366
-999.0	640.0	316.4845194968255	3.833216317116279	-6.7146085070239	0.4394639044527606
-999.0	615.0	317.92147483879154	3.414295891920736	-6.678099001683886	0.4154184371943078
-999.0	590.0	319.56956160332123	3.006724013222598	-6.787750307529704	0.3930097969751934
-999.0	565.0	321.45327687380666	2.5936733503190386	-7.035304084656754	0.3810823518812744
-999.0	540.0	323.4231146535014	2.188291221384028	-7.294085226716527	0.3407424804699359
-999.0	515.0	325.41999597171406	1.777708606587527	-7.529645639752605	0.2395248767875671
-999.0	490.0	327.42464507710724	1.4294572919607265	-7.729806980916438	0.010337051772896887
-999.0	465.0	329.40533203613535	1.1461345593607706	-7.896187766322054	-0.34266156301137735
-999.0	440.0	331.40067424525745	0.922410987554096	-8.079831234519407	-0.6125446766141887
-999.0	415.0	333.39260725648086	0.7576686488021034	-8.221124842999421	-0.7124229349743201
-999.0	390.0	335.38233059846704	0.6143149504112846	-8.033745045226663	-0.6446631205904305
-999.0	365.0	337.3124443953213	0.4892380265962533	-7.390683567713137	-0.45697662908410797
-999.0	340.0	339.10265583458676	0.38432547544676327	-6.3883450843526575	-0.36773533551469073
-999.0	315.0	340.7139263199367	0.297761816620118	-5.140504726933085	-0.41452267647737273
-999.0	290.0	342.26389012450386	0.22260671274529617	-3.940281614040319	-0.40160216166387785
-999.0	265.0	343.8505983318886	0.16030871374384806	-2.8596586234985764	-0.21089716161056607
-999.0	240.0	345.5040921406156	0.10674236865625537	-1.6769796978859692	0.1890619775605247
-999.0	215.0	347.1375054561832	0.06581976932902193	-0.2583828521153298	0.6757454408539366
-999.0	190.0	348.9027723623503	0.039103613353319404	1.288008102703665	0.9850162693432246
-999.0	165.0	351.3664425466599	0.020695542450994087	2.6318000760816305	1.085074097391155
-999.0	140.0	356.07956158714325	0.009828253652870846	3.151036411701177	1.03841085755635
-999.0	115.0	367.85380761131427	0.005925541085797166	3.3665913028848973	0.6923702229109855
-999.0	90.0	394.06721622325233	0.005154081200811228	4.806629275045663	0.20245907106804792
-999.0	65.0	441.90545010518457	0.0033771902071459744	1.0640462856621415	0.01250721620662092
-999.0	40.0	531.8280301252687	0.013187201257558574	-9.652656191398185	-0.1807368036714556
-999.0	15.0	721.319596556419	0.06758797529434381	-18.44164441691499	-0.19453256778304068
244.875	40	1001.0563136509489	day	levels	pres0
-999.0	990.0	301.7361979152505	15.501900400434225	-2.8587016591003964	-0.6129878503935676
-999.0	965.0	302.5277286628848	15.147018296378002	-4.213486475603921	-1.0412915125489237
-999.0	940.0	303.16249176536763	15.007101603916714	-5.0179514203752795	-1.316597799105304
-999.0	915.0	303.87673389307935	14.646601404462546	-5.674959233828954	-1.5275449687615041
-999.0	890.0	304.6374484397621	14.044183731079105	-6.188552890505111	-1.6434746469770163
-999.0	865.0	305.45309433760696	13.113177640097483	-6.621430669512068	-1.6441966199449134
-999.0	840.0	306.3132378690986	11.95931400571551	-7.0695406709398565	-1.5106139970677244
-999.0	815.0	307.2827804037959	10.645515850612096	-7.530314275196621	-1.2492410160068954
-999.0	790.0	308.43500971642067	9.184272493634905	-7.939720681735448	-0.91253528211798
-999.0	765.0	309.7564117584963	7.676276785986766	-8.198508637292045	-0.5446006213980062
-999.0	740.0	311.1578463820002	6.397431373596192	-8.182642885616847	-0.2145054856581347
-999.0	715.0	312.5621927456362	5.457357304436821	-7.905336550303868	0.04831997970385216
-999.0	690.0	313.90725388593114	4.730190098285675	-7.523500749043058	0.24001087195106915
-999.0	665.0	315.15353521672574	4.268718080861229	-7.06211360863277	0.340473288137998
-999.0	640.0	316.47405199987077	3.8266384686742514	-6.7663618368761895	0.3818224221467972
-999.0	615.0	317.9128842392166	3.4077395285878875	-6.719137271067928	0.36333208424704416
-999.0	590.0	319.56337938623415	3.000865868159704	-6.8195187385593155	0.35029628766434534
-999.0	565.0	321.44999746027906	2.58928000501224	-7.059921447719848	0.35120465207312795
-999.0	540.0	323.4242032441096	2.1845760473183224	-7.313582599163057	0.32231146202164895
-999.0	515.0	325.4271230618441	1.7736465036869054	-7.546657649534089	0.2293884541307177
-999.0	490.0	327.43733379245174	1.4253044426441193	-7.747535458100695	0.004978366728339846
-999.0	465.0	329.42219307651925	1.1421389409473965	-7.917920877092652	-0.3458192281957185
-999.0	440.0	331.42048284452784	0.9190621035439631	-8.105785678539958	-0.6088411281151432
-999.0	415.0	333.4135960686908	0.7555053138307165	-8.248523452452252	-0.6962390094662885
-999.0	390.0	335.40170174651485	0.6130555836217745	-8.052970792566027	-0.6188796418053764
-999.0	365.0	337.3275383121771	0.4884534180164339	-7.392277930464065	-0.428421604646636
-999.0	340.0	339.1147747971505	0.3841397405735084	-6.376113731946265	-0.3437829214547362
-999.0	315.0	340.72608117481815	0.298252242484263	-5.122652589210442	-0.39977007306047857
-999.0	290.0	342.2785171558204	0.22309935279190543	-3.9196953730923796	-0.3902207634278707
-999.0	265.0	343.86940015452706	0.16038123252136371	-2.8360478984458104	-0.1941234150103161
-999.0	240.0	345.52738365018257	0.10657711140811446	-1.6500180406229839	0.21179202518292847
-999.0	215.0	347.1663424617281	0.0656248118196215	-0.2329656183719636	0.6950249586786542
-999.0	190.0	348.9400308640147	0.039072879057909765	1.3022533309246815	0.9913121376718794
-999.0	165.0	351.40948352131636	0.020755544038755555	2.634400371994291	1.086107202938625
-999.0	140.0	356.10734382135774	0.00986004211673779	3.1616787612438206	1.0535044414656507
-999.0	115.0	367.8333570085685	0.005936648829707079	3.3963689865278353	0.7219345739909581
-999.0	90.0	393.9902501226576	0.005166353607949402	4.833872399159842	0.22515720980507986
-999.0	65.0	441.8345003732959	0.0033926554855757537	1.0708180814981465	0.0093850727592196
-999.0	40.0	531.8272138650678	0.013186771023486345	-9.685552686452867	-0.1798102892935276
-999.0	15.0	721.4063079532351	0.06779318036777635	-18.488350067819873	-0.18836798784988273
244.88888888888889	40	1001.3595367916053	day	levels	pres0
-999.0	990.0	301.68935742004174	15.536621812790193	-2.8307033337297525	-0.5735208758019468
-999.0	965.0	302.52879473810185	15.154373615507104	-4.222697022415349	-1.0183843684692844
-999.0	940.0	303.17107865118027	14.999039710514124	-5.037279829146384	-1.307459809152126
-999.0	915.0	303.88078005408994	14.628014246622703	-5.697142413684318	-1.525213972325354
-999.0	890.0	304.63405122233695	14.022753707946267	-6.218532732554877	-1.6453277796861638
-999.0	865.0	305.4465349361629	13.096147242046516	-6.6611361579290005	-1.6504486378518854
-999.0	840.0	306.30835819508064	11.944576944623662	-7.118211152061641	-1.519655520776207
-999.0	815.0	307.27928843757434	10.630333287375308	-7.588974907284754	-1.2596522079751165
-999.0	790.0	308.4309764051	9.170036501354636	-8.008906402285206	-0.9283764414371111
-999.0	765.0	309.7524536507634	7.662126957424097	-8.27804211586248	-0.5695278769625314
-999.0	740.0	311.1539627048426	6.384079743945399	-8.266024071072847	-0.2497265435873879
-999.0	715.0	312.5575195597663	5.446160641927554	-7.985218199472647	0.0034668493483270774
-999.0	690.0	313.9007066018208	4.7208702989986815	-7.596464314158057	0.18734949534487225
-999.0	665.0	315.14410046025057	4.261025921692912	-7.124666775975946	0.2828382077434108
-999.0	640.0	316.4636929088092	3.8198184437221863	-6.818033769017195	0.3237665239425291
-999.0	615.0	317.9043768489867	3.4008815132436214	-6.760128916729068	0.31078632956454233
-999.0	590.0	319.5573069976291	2.9946140457713333	-6.851241175144429	0.3071312509358447
-999.0	565.0	321.4467562524037	2.584486876688298	-7.084447604323172	0.3209467530250222
-999.0	540.0	323.42539639024983	2.1805223110649234	-7.332966831941432	0.3035784837944811
-999.0	515.0	325.4343956565665	1.7693368156277844	-7.563568215521539	0.21903111750169424
-999.0	490.0	327.45013980617824	1.4209449620000798	-7.765205006277746	-0.0005649083131517436
-999.0	465.0	329.4391427386473	1.1379537263086772	-7.939663251004539	-0.34916935086488077
-999.0	440.0	331.44036065216864	0.9157282333998384	-8.131809606202104	-0.6053484697190523
-999.0	415.0	333.4346166429715	0.7535442855386468	-8.276050403241182	-0.6802857241755641
-999.0	390.0	335.4209890559892	0.6118207195448473	-8.072352572566043	-0.5933823720329852
-999.0	365.0	337.34257973716035	0.4876797859157813	-7.394026717023288	-0.4002250681911716
-999.0	340.0	339.12679750421796	0.3839338857030096	-6.364017588751688	-0.3202280814330418
-999.0	315.0	340.73812619565877	0.298718869242639	-5.104906031536701	-0.38541985411261914
-999.0	290.0	342.2930432836992	0.22351449618618588	-3.899196969611322	-0.3792197626261366
-999.0	265.0	343.8880508319906	0.16037406748722408	-2.8125234913258397	-0.17768924742461728
-999.0	240.0	345.550543525069	0.10635933549039847	-1.6231459745812027	0.2342324895518495
-999.0	215.0	347.19504400553046	0.06540802407950626	-0.20763120090677484	0.7140756817091378
-999.0	190.0	348.97706086472334	0.0390395245529595	1.3164176219512522	0.9973774628033871
-999.0	165.0	351.452233099409	0.02081736606649245	2.6369149325386023	1.0868042518222185
-999.0	140.0	356.1349714431722	0.009891020913889294	3.172260491620965	1.0682018882639435
-999.0	115.0	367.8128479947855	0.005945477590319661	3.4261373756897417	0.7514305029587531
-999.0	90.0	393.9133307674874	0.005174845970782744	4.8611149068863035	0.2478520608255944
-999.0	65.0	441.76365615053504	0.003405798112027479	1.0775898830994812	0.006262977681460462
-999.0	40.0	531.826437703991	0.013187083511775924	-9.7184500717928	-0.1788837762756263
-999.0	15.0	721.4930189480143	0.06801161743582264	-18.535057906120606	-0.18220342811016332
244.90277777777777	40	1001.6627599322607	day	levels	pres0
-999.0	990.0	301.64251692483305	15.571343225146087	-2.802705008359195	-0.5340539012104447
-999.0	965.0	302.52986081331886	15.161728934636193	-4.231907569226762	-0.9954772243897234
-999.0	940.0	303.1796655369927	14.99097781711155	-5.056608237917454	-1.2983218191989894
-999.0	915.0	303.88482621510053	14.609427088782914	-5.719325593539638	-1.5228829758892255
-999.0	890.0	304.6306540049118	14.0013236848135	-6.248512574604569	-1.6471809123953205
-999.0	865.0	305.4399755347189	13.079116843995605	-6.700841646345818	-1.6567006557588546
-999.0	840.0	306.30347852106286	11.929839883531855	-7.166881633183294	-1.5286970444846826
-999.0	815.0	307.2757964713525	10.61515072413854	-7.647635539372737	-1.2700633999433293
-999.0	790.0	308.4269430937795	9.155800509074385	-8.078092122834798	-0.9442176007562175
-999.0	765.0	309.7484955430305	7.6479771288614495	-8.357575594432735	-0.5944551325270035
-999.0	740.0	311.150079027685	6.370728114294637	-8.34940525652867	-0.2849476015165575
-999.0	715.0	312.55284637389633	5.434963979418322	-8.065099848641257	-0.04138628100708839
-999.0	690.0	313.89415931771055	4.711550499711724	-7.669427879272917	0.13468811873880468
-999.0	665.0	315.1346657037755	4.253333762524624	-7.187219943319027	0.22520312734896292
-999.0	640.0	316.4533338177477	3.8129984187701442	-6.869705701158145	0.26571062573839893
-999.0	615.0	317.89586945875675	3.3940234978993775	-6.801120562390191	0.25824057488216307
-999.0	590.0	319.55123460902405	2.988362223382984	-6.882963611729553	0.2639662142074456
-999.0	565.0	321.44351504452834	2.5796937483643756	-7.108973760926531	0.29068885397699296
-999.0	540.0	323.4265895363901	2.176468574811545	-7.35235106471985	0.28484550556736826
-999.0	515.0	325.44166825128883	1.7650271275686866	-7.5804787815090195	0.20867378087271177
-999.0	490.0	327.4629458199046	1.4165854813560632	-7.782874554454804	-0.006108183354610318
-999.0	465.0	329.45609240077516	1.1337685116699787	-7.961405624916387	-0.35251947353401647
-999.0	440.0	331.4602384598094	0.9123943632557301	-8.157833533864165	-0.601855811322966
-999.0	415.0	333.45563721725205	0.7515832572465865	-8.303577354029994	-0.6643324388849002
-999.0	390.0	335.44027636546355	0.6105858554679259	-8.09173435256594	-0.5678851022606906
-999.0	365.0	337.3576211621436	0.4869061538151338	-7.395775503582424	-0.3720285317358035
-999.0	340.0	339.13882021128535	0.38372803083251417	-6.351921445557054	-0.29667324141141865
-999.0	315.0	340.7501712164993	0.2991854960010165	-5.0871594738629184	-0.3710696351647959
-999.0	290.0	342.3075694115781	0.22392963958046733	-3.878698566130235	-0.36821876182443
-999.0	265.0	343.906701509454	0.1603669024530858	-2.7889990842058614	-0.1612550798389711
-999.0	240.0	345.57370339995526	0.10614155957268358	-1.5962739085394306	0.2566729539206966
-999.0	215.0	347.22374554933293	0.06519123633939132	-0.18229678344159458	0.7331264047395566
-999.0	190.0	349.014090865432	0.03900617004800883	1.3305819129778254	1.003442787934866
-999.0	165.0	351.49498267750147	0.020879188094228944	2.6394294930828917	1.0875013007058092
-999.0	140.0	356.16259906498664	0.009921999711040692	3.182842221998024	1.0828993350622182
-999.0	115.0	367.7923389810025	0.005954306350932232	3.455905764851525	0.7809264319265048
-999.0	90.0	393.83641141231743	0.005183338333616058	4.888357414612682	0.2705469118460687
-999.0	65.0	441.69281192777424	0.003418940738479173	1.084361684700796	0.003140882603705903
-999.0	40.0	531.8256615429143	0.013187396000065504	-9.751347457132631	-0.17795726325777103
-999.0	15.0	721.5797299427928	0.06823005450386839	-18.5817657444212	-0.17603886837051502
244.91666666666666	40	1001.9659830729169	day	levels	pres0
-999.0	990.0	301.59567642962423	15.606064637502053	-2.774706682988547	-0.4945869266188186
-999.0	965.0	302.530926888536	15.169084253765293	-4.2411181160381854	-0.9725700803100801
-999.0	940.0	303.1882524228052	14.982915923708958	-5.075936646688559	-1.2891838292458087
-999.0	915.0	303.8888723761113	14.590839930943071	-5.741508773395004	-1.5205519794530744
-999.0	890.0	304.62725678748654	13.979893661680658	-6.278492416654335	-1.649034045104468
-999.0	865.0	305.4334161332748	13.062086445944635	-6.7405471347627515	-1.6629526736658273
-999.0	840.0	306.2985988470449	11.915102822440003	-7.215552114305081	-1.537738568193167
-999.0	815.0	307.2723045051308	10.59996816090175	-7.706296171460872	-1.2804745919115517
-999.0	790.0	308.422909782459	9.141564516794114	-8.14727784338456	-0.9600587600753476
-999.0	765.0	309.7445374352977	7.633827300298779	-8.437109073003178	-0.6193823880915258
-999.0	740.0	311.1461953505275	6.357376484643838	-8.432786441984678	-0.32016865944580675
-999.0	715.0	312.5481731880265	5.423767316909053	-8.144981497810045	-0.08623941136260951
-999.0	690.0	313.8876120336002	4.702230700424728	-7.74239144438793	0.08202674213261142
-999.0	665.0	315.1252309473002	4.245641603356308	-7.249773110662215	0.1675680469543788
-999.0	640.0	316.4429747266861	3.806178393818077	-6.921377633299161	0.2076547275341334
-999.0	615.0	317.88736206852684	3.3871654825551114	-6.842112208051343	0.20569482019966345
-999.0	590.0	319.54516222041894	2.9821104009946136	-6.91468604831468	0.2208011774789468
-999.0	565.0	321.44027383665303	2.574900620040433	-7.133499917529867	0.2604309549288887
-999.0	540.0	323.42778268253034	2.1724148385581454	-7.371735297498236	0.2661125273402018
-999.0	515.0	325.4489408460112	1.7607174395095662	-7.597389347496479	0.19831644424369024
-999.0	490.0	327.475751833631	1.4122260007120238	-7.800544102631867	-0.011651458396099936
-999.0	465.0	329.4730420629031	1.1295832970312596	-7.983147998828283	-0.355869596203177
-999.0	440.0	331.48011626745017	0.9090604931116051	-8.183857461526314	-0.5983631529268744
-999.0	415.0	333.4766577915327	0.749622228954517	-8.331104304818927	-0.6483791535941765
-999.0	390.0	335.4595636749379	0.6093509913909986	-8.111116132565956	-0.5423878324883016
-999.0	365.0	337.37266258712674	0.48613252171448146	-7.397524290141646	-0.3438319952803438
-999.0	340.0	339.1508429183528	0.3835221759620157	-6.339825302362473	-0.27311840138973115
-999.0	315.0	340.7622162373399	0.2996521227593927	-5.069412916189172	-0.35671941621694514
-999.0	290.0	342.3220955394569	0.22434478297474794	-3.8582001626491746	-0.35721776102270514
-999.0	265.0	343.92535218691745	0.1603597374189463	-2.76547467708589	-0.1448209122532808
-999.0	240.0	345.59686327484167	0.10592378365496762	-1.5694018424976506	0.2791134182896105
-999.0	215.0	347.25244709313534	0.06497444859927602	-0.15696236597640836	0.7521771277700335
-999.0	190.0	349.0511208661406	0.038972815543058544	1.344746204004393	1.0095081130663675
-999.0	165.0	351.53773225559416	0.02094101012196585	2.6419440536271996	1.0881983495893963
-999.0	140.0	356.19022668680094	0.009952978508192194	3.1934239523751655	1.0975967818605081
-999.0	115.0	367.77182996721956	0.005963135111544814	3.4856741540134313	0.8104223608943018
-999.0	90.0	393.7594920571473	0.0051918306964494005	4.915599922339145	0.2932417628665875
-999.0	65.0	441.6219677050133	0.003432083364930901	1.091133486302134	1.8787525948402165e-05
-999.0	40.0	531.8248853818376	0.013187708488355078	-9.784244842472559	-0.17703075023987028
-999.0	15.0	721.666440937572	0.06844849157191472	-18.628473582721938	-0.16987430863079708
244.93055555555554	40	1002.2692062135726	day	levels	pres0
-999.0	990.0	301.54883593441554	15.640786049857947	-2.74670835761799	-0.4551199520273164
-999.0	965.0	302.53199296375305	15.176439572894385	-4.2503286628496	-0.9496629362305189
-999.0	940.0	303.19683930861754	14.974854030306386	-5.095265055459628	-1.2800458392926717
-999.0	915.0	303.8929185371219	14.572252773103278	-5.763691953250323	-1.5182209830169462
-999.0	890.0	304.62385957006137	13.958463638547888	-6.308472258704025	-1.650887177813625
-999.0	865.0	305.4268567318308	13.045056047893725	-6.780252623179568	-1.6692046915727965
-999.0	840.0	306.29371917302706	11.900365761348194	-7.26422259542673	-1.5467800919016423
-999.0	815.0	307.2688125389091	10.584785597664984	-7.764956803548857	-1.290885783879764
-999.0	790.0	308.41887647113845	9.127328524513862	-8.216463563934152	-0.9758999193944543
-999.0	765.0	309.74057932756483	7.619677471736133	-8.516642551573435	-0.6443096436559981
-999.0	740.0	311.1423116733701	6.344024854993076	-8.516167627440499	-0.35538971737497643
-999.0	715.0	312.5435000021566	5.412570654399822	-8.224863146978658	-0.13109254171802495
-999.0	690.0	313.8810647494899	4.69291090113777	-7.815355009502789	0.02936536552654375
-999.0	665.0	315.1157961908251	4.23794944418802	-7.312326278005295	0.10993296655993087
-999.0	640.0	316.43261563562453	3.799358368866035	-6.973049565440109	0.14959882933000324
-999.0	615.0	317.878854678297	3.3803074672108684	-6.883103853712467	0.1531490655172841
-999.0	590.0	319.53908983181384	2.9758585786062635	-6.946408484899804	0.1776361407505477
-999.0	565.0	321.4370326287777	2.570107491716511	-7.158026074133225	0.23017305588085937
-999.0	540.0	323.4289758286706	2.1683611023047664	-7.3911195302766535	0.24737954911308918
-999.0	515.0	325.4562134407336	1.7564077514504686	-7.61429991348396	0.1879591076147076
-999.0	490.0	327.48855784735736	1.4078665200680076	-7.818213650808925	-0.017194733437558524
-999.0	465.0	329.4899917250311	1.1253980823925611	-8.004890372740132	-0.35921971887231297
-999.0	440.0	331.4999940750909	0.9057266229674966	-8.209881389188377	-0.5948704945307881
-999.0	415.0	333.49767836581333	0.7476612006624564	-8.358631255607738	-0.6324258683035126
-999.0	390.0	335.4788509844122	0.6081161273140772	-8.130497912565852	-0.5168905627160068
-999.0	365.0	337.3877040121099	0.485358889613834	-7.399273076700783	-0.3156354588249758
-999.0	340.0	339.1628656254202	0.38331632109152025	-6.3277291591678395	-0.2495635613681081
-999.0	315.0	340.7742612581805	0.3001187495177702	-5.051666358515391	-0.34236919726912207
-999.0	290.0	342.3366216673356	0.22475992636902947	-3.837701759168088	-0.3462167602209986
-999.0	265.0	343.9440028643808	0.16035257238480805	-2.741950269965909	-0.1283867446676348
-999.0	240.0	345.6200231497279	0.10570600773725272	-1.5425297764558785	0.3015538826584572
-999.0	215.0	347.2811486369378	0.06475766085916106	-0.1316279485112282	0.7712278508004521
-999.0	190.0	349.08815086684916	0.038939461038107887	1.3589104950309665	1.015573438197846
-999.0	165.0	351.5804818336867	0.021002832149702343	2.64445861417149	1.0888953984729877
-999.0	140.0	356.2178543086154	0.009983957305343594	3.204005682752225	1.1122942286587834
-999.0	115.0	367.7513209534367	0.0059719638721573865	3.5154425431752148	0.8399182898620534
-999.0	90.0	393.68257270197734	0.005200323059282715	4.942842430065525	0.31593661388706173
-999.0	65.0	441.5511234822524	0.0034452259913825946	1.0979052879034485	-0.0031033075518061707
-999.0	40.0	531.8241092207608	0.01318802097664466	-9.81714222781239	-0.17610423722201507
-999.0	15.0	721.7531519323508	0.0686669286399605	-18.67518142102253	-0.16370974889114878
244.94444444444446	40	1002.572429354229	day	levels	pres0
-999.0	990.0	301.5019954392067	15.67550746221394	-2.7187100322473414	-0.4156529774356871
-999.0	965.0	302.5330590389702	15.183794892023487	-4.259539209661039	-0.9267557921508767
-999.0	940.0	303.2054261944301	14.966792136903788	-5.114593464230751	-1.270907849339493
-999.0	915.0	303.8969646981326	14.553665615263427	-5.785875133105705	-1.5158899865807944
-999.0	890.0	304.6204623526362	13.937033615415045	-6.33845210075381	-1.6527403105227687
-999.0	865.0	305.4202973303868	13.028025649842752	-6.819958111596522	-1.6754567094797648
-999.0	840.0	306.2888394990092	11.885628700256337	-7.312893076548544	-1.5558216156101226
-999.0	815.0	307.2653205726874	10.569603034428178	-7.823617435637024	-1.3012969758479866
-999.0	790.0	308.41484315981785	9.113092532233578	-8.28564928448395	-0.9917410787135926
-999.0	765.0	309.7366212198319	7.605527643173451	-8.596176030143921	-0.6692368992205354
-999.0	740.0	311.13842799621256	6.330673225342272	-8.599548812896549	-0.39061077530424493
-999.0	715.0	312.53882681628664	5.40137399189055	-8.304744796147478	-0.17594567207356684
-999.0	690.0	313.87451746537954	4.683591101850774	-7.888318574617827	-0.023296011079672805
-999.0	665.0	315.10636143434994	4.230257285019701	-7.374879445348504	0.05229788616531948
-999.0	640.0	316.42225654456297	3.792538343913965	-7.024721497581144	0.0915429311257074
-999.0	615.0	317.87034728806697	3.373449451866598	-6.924095499373632	0.10060331083475361
-999.0	590.0	319.5330174432088	2.96960675621789	-6.978130921484938	0.13447110402202275
-999.0	565.0	321.43379142090237	2.565314363392568	-7.182552230736566	0.19991515683273986
-999.0	540.0	323.4301689748109	2.1643073660513665	-7.410503763055041	0.2286465708859166
-999.0	515.0	325.46348603545607	1.752098063391348	-7.631210479471414	0.1776017709856855
-999.0	490.0	327.5013638610838	1.4035070394239682	-7.835883198985977	-0.022738008479046865
-999.0	465.0	329.5069413871591	1.121212867753842	-8.02663274665201	-0.3625698415414736
-999.0	440.0	331.51987188273165	0.9023927528233722	-8.235905316850511	-0.5913778361346982
-999.0	415.0	333.51869894009394	0.7457001723703863	-8.386158206396654	-0.6164725830127912
-999.0	390.0	335.49813829388654	0.6068812632371493	-8.149879692565845	-0.49139329294361456
-999.0	365.0	337.4027454370932	0.4845852575131813	-7.401021863259972	-0.2874389223695008
-999.0	340.0	339.17488833248757	0.3831104662210217	-6.315633015973225	-0.22600872134639519
-999.0	315.0	340.7863062790211	0.3005853762761468	-5.0339198008416135	-0.328018978321241
-999.0	290.0	342.3511477952145	0.2251750697633104	-3.817203355686998	-0.3352157594192427
-999.0	265.0	343.96265354184436	0.16034540735066866	-2.71842586284591	-0.11195257708191605
-999.0	240.0	345.64318302461436	0.10548823181953675	-1.5156577104140707	0.3239943470273944
-999.0	215.0	347.30985018074017	0.0645408731190457	-0.10629353104601366	0.7902785738309397
-999.0	190.0	349.1251808675579	0.038906106533157486	1.3730747860575565	1.0216387633293411
-999.0	165.0	351.62323141177933	0.021064654177439184	2.646973174715807	1.0895924473565675
-999.0	140.0	356.2454819304297	0.010014936102495096	3.2145874131293755	1.1269916754570812
-999.0	115.0	367.7308119396536	0.005980792632769979	3.5452109323371386	0.8694142188298661
-999.0	90.0	393.6056533468072	0.005208815422116064	4.970084937792	0.338631464907588
-999.0	65.0	441.4802792594915	0.0034583686178343274	1.1046770895047842	-0.00622540262956635
-999.0	40.0	531.823333059684	0.013188333464934246	-9.850039613152338	-0.17517772420412384
-999.0	15.0	721.8398629271298	0.06888536570800695	-18.72188925932328	-0.15754518915144083
244.95833333333334	40	1002.8756524948845	day	levels	pres0
-999.0	990.0	301.455154943998	15.710228874569829	-2.690711706876785	-0.37618600284418563
-999.0	965.0	302.5341251141872	15.191150211152575	-4.2687497564724515	-0.9038486480713148
-999.0	940.0	303.2140130802425	14.958730243501218	-5.133921873001819	-1.2617698593863547
-999.0	915.0	303.9010108591433	14.535078457423635	-5.808058312961025	-1.513558990144664
-999.0	890.0	304.61706513521096	13.915603592282276	-6.3684319428034994	-1.6545934432319225
-999.0	865.0	305.4137379289429	13.010995251791838	-6.859663600013339	-1.6817087273867304
-999.0	840.0	306.28395982499137	11.87089163916453	-7.361563557670195	-1.5648631393185952
-999.0	815.0	307.26182860646577	10.554420471191413	-7.882278067725007	-1.3117081678161961
-999.0	790.0	308.4108098484973	9.098856539953326	-8.354835005033541	-1.007582238032696
-999.0	765.0	309.732663112099	7.591377814610804	-8.675709508714176	-0.6941641547850037
-999.0	740.0	311.134544319055	6.317321595691508	-8.682929998352368	-0.42583183323340956
-999.0	715.0	312.53415363041677	5.390177329381318	-8.384626445316085	-0.2207988024289762
-999.0	690.0	313.8679701812692	4.674271302563815	-7.961282139732683	-0.07595738768573365
-999.0	665.0	315.0969266778749	4.222565125851414	-7.437432612691579	-0.00533719422912167
-999.0	640.0	316.4118974535015	3.7857183189619223	-7.076393429722088	0.033487032921583275
-999.0	615.0	317.86183989783706	3.3665914365223535	-6.965087145034749	0.04805755615237926
-999.0	590.0	319.5269450546037	2.96335493382954	-7.009853358070059	0.09130606729362757
-999.0	565.0	321.430550213027	2.560521235068646	-7.207078387339919	0.1696572577847135
-999.0	540.0	323.4313621209511	2.1602536297979875	-7.429887995833452	0.20991359265880577
-999.0	515.0	325.4707586301784	1.7477883753322494	-7.64812104545889	0.1672444343567042
-999.0	490.0	327.51416987481025	1.3991475587799511	-7.85355274716303	-0.02828128352050511
-999.0	465.0	329.5238910492869	1.117027653115143	-8.048375120563856	-0.36591996421060974
-999.0	440.0	331.53974969037245	0.8990588826792631	-8.261929244512569	-0.5878851777386128
-999.0	415.0	333.5397195143746	0.7437391440783258	-8.413685157185466	-0.6005192977221283
-999.0	390.0	335.51742560336083	0.6056463991602278	-8.16926147256574	-0.4658960231713214
-999.0	365.0	337.41778686207635	0.4838116254125338	-7.402770649819111	-0.2592423859141348
-999.0	340.0	339.18691103955496	0.3829046113505261	-6.3035368727785945	-0.20245388132477388
-999.0	315.0	340.7983512998617	0.3010520030345241	-5.016173243167834	-0.31366875937341937
-999.0	290.0	342.3656739230933	0.22559021315759178	-3.796704952205916	-0.32421475861753757
-999.0	265.0	343.98130421930784	0.16033824231653032	-2.6949014557259354	-0.09551840949627105
-999.0	240.0	345.6663428995006	0.10527045590182182	-1.488785644372304	0.3464348113962395
-999.0	215.0	347.3385517245425	0.06432408537893079	-0.08095911358083925	0.8093292968613547
-999.0	190.0	349.1622108682664	0.038872752028206836	1.3872390770841256	1.0277040884608148
-999.0	165.0	351.66598098987185	0.021126476205175694	2.649487735260099	1.090289496240153
-999.0	140.0	356.27310955224414	0.01004591489964649	3.22516914350644	1.1416891222553511
-999.0	115.0	367.71030292587074	0.005989621393382552	3.574979321498925	0.8989101477976142
-999.0	90.0	393.5287339916372	0.00521730778494938	4.997327445518381	0.3613263159280609
-999.0	65.0	441.4094350367308	0.0034715112442860194	1.1114488911060991	-0.009347497707319534
-999.0	40.0	531.8225568986072	0.013188645953223827	-9.882936998492168	-0.1742512111862665
-999.0	15.0	721.9265739219087	0.0691038027760527	-18.76859709762388	-0.15138062941179053
244.97222222222223	40	1003.1788756355411	day	levels	pres0
-999.0	990.0	301.4083144487892	15.7449502869258	-2.6627133815061357	-0.3367190282525586
-999.0	965.0	302.5351911894043	15.198505530281675	-4.277960303283876	-0.8809415039916725
-999.0	940.0	303.22259996605504	14.950668350098624	-5.153250281772924	-1.2526318694331762
-999.0	915.0	303.90505702015395	14.516491299583793	-5.830241492816389	-1.5112279937085145
-999.0	890.0	304.6136679177858	13.894173569149435	-6.398411784853268	-1.6564465759410725
-999.0	865.0	305.4071785274989	12.993964853740872	-6.899369088430271	-1.6879607452937064
-999.0	840.0	306.27908015097347	11.856154578072683	-7.410234038791982	-1.5739046630270828
-999.0	815.0	307.25833664024407	10.539237907954622	-7.940938699813143	-1.3221193597844214
-999.0	790.0	308.4067765371767	9.084620547673053	-8.424020725583304	-1.0234233973518294
-999.0	765.0	309.7287050043661	7.577227986048133	-8.75524298728462	-0.71909141034953
-999.0	740.0	311.1306606418975	6.303969966040713	-8.766311183808378	-0.4610528911626638
-999.0	715.0	312.5294804445469	5.3789806668720495	-8.464508094484877	-0.26565193278450344
-999.0	690.0	313.86142289715883	4.66495150327682	-8.034245704847697	-0.12861876429193364
-999.0	665.0	315.0874919213997	4.214872966683096	-7.499985780034771	-0.06297227462371256
-999.0	640.0	316.4015383624399	3.7788982940098568	-7.1280653618631105	-0.024568865282688347
-999.0	615.0	317.8533325076072	3.3597334211780883	-7.006078790695907	-0.004488198530125304
-999.0	590.0	319.52087266599864	2.957103111441171	-7.041575794655189	0.04814103056512503
-999.0	565.0	321.42730900515164	2.5557281067447035	-7.231604543943259	0.13939935873660633
-999.0	540.0	323.43255526709135	2.1561998935445885	-7.449272228611845	0.19118061443163725
-999.0	515.0	325.4780312249008	1.7434786872731292	-7.665031611446355	0.15688709772768133
-999.0	490.0	327.5269758885366	1.3947880781359123	-7.871222295340098	-0.03382455856199513
-999.0	465.0	329.54084071141494	1.1128424384764244	-8.070117494475754	-0.36927008687976987
-999.0	440.0	331.55962749801324	0.895725012535139	-8.28795317217472	-0.5843925193425203
-999.0	415.0	333.5607400886551	0.7417781157862564	-8.441212107974398	-0.5845660124314034
-999.0	390.0	335.5367129128352	0.6044115350833008	-8.188643252565758	-0.4403987533989308
-999.0	365.0	337.4328282870595	0.4830379933118817	-7.40451943637833	-0.2310458494586731
-999.0	340.0	339.1989337466224	0.3826987564800276	-6.291440729584011	-0.17889904130308454
-999.0	315.0	340.8103963207023	0.30151862979290045	-4.998426685494086	-0.29931854042556694
-999.0	290.0	342.3802000509722	0.22600535655187245	-3.776206548724852	-0.31321375781581146
-999.0	265.0	343.9999548967712	0.16033107728239088	-2.671377048605959	-0.0790842419105799
-999.0	240.0	345.68950277438705	0.10505267998410589	-1.4619135783305175	0.3688752757651553
-999.0	215.0	347.367253268345	0.06410729763881547	-0.0556246961156472	0.8283800198918354
-999.0	190.0	349.19924086897515	0.03883939752325653	1.4014033681106977	1.033769413592321
-999.0	165.0	351.70873056796444	0.021188298232912586	2.652002295804405	1.090986545123746
-999.0	140.0	356.3007371740585	0.010076893696797998	3.235750873883576	1.1563865690536461
-999.0	115.0	367.68979391208774	0.005998450153995133	3.6047477106608268	0.9284060767654148
-999.0	90.0	393.4518146364671	0.005225800147782722	5.024569953244843	0.38402116694858107
-999.0	65.0	441.33859081396986	0.0034846538707377483	1.1182206927074365	-0.01246959278507841
-999.0	40.0	531.8217807375304	0.013188958441513403	-9.915834383832099	-0.17332469816836785
-999.0	15.0	722.0132849166877	0.06932223984409903	-18.815304935924615	-0.14521606967207462
244.98611111111111	40	1003.4820987761967	day	levels	pres0
-999.0	990.0	301.3614739535805	15.779671699281694	-2.6347150561355783	-0.29725205366105656
-999.0	965.0	302.5362572646213	15.205860849410767	-4.287170850095291	-0.8580343599121114
-999.0	940.0	303.2311868518675	14.942606456696057	-5.172578690543994	-1.243493879480039
-999.0	915.0	303.90910318116465	14.497904141744005	-5.8524246726717095	-1.5088969972723865
-999.0	890.0	304.6102707003607	13.872743546016666	-6.428391626902959	-1.6582997086502294
-999.0	865.0	305.40061912605483	12.976934455689959	-6.939074576847089	-1.694212763200675
-999.0	840.0	306.2742004769556	11.841417516980872	-7.458904519913634	-1.5829461867355583
-999.0	815.0	307.2548446740223	10.524055344717857	-7.999599331901128	-1.3325305517526342
-999.0	790.0	308.40274322585617	9.070384555392803	-8.493206446132897	-1.0392645566709358
-999.0	765.0	309.72474689663323	7.563078157485488	-8.834776465854878	-0.7440186659140019
-999.0	740.0	311.12677696474003	6.290618336389948	-8.849692369264199	-0.49627394909183353
-999.0	715.0	312.5248072586771	5.367784004362819	-8.54438974365349	-0.3105050631399188
-999.0	690.0	313.85487561304853	4.6556317039898625	-8.10720926996256	-0.1812801408980014
-999.0	665.0	315.0780571649246	4.207180807514809	-7.562538947377849	-0.12060735501816042
-999.0	640.0	316.3911792713784	3.772078269057815	-7.1797372940040605	-0.08262476348681856
-999.0	615.0	317.8448251173773	3.352875405833845	-7.047070436357031	-0.057033953212504596
-999.0	590.0	319.5148002773935	2.9508512890528213	-7.073298231240315	0.004975993836725882
-999.0	565.0	321.4240677972763	2.550934978420782	-7.25613070054662	0.10914145968857716
-999.0	540.0	323.43374841323157	2.1521461572912104	-7.468656461390263	0.17244763620452444
-999.0	515.0	325.48530381962325	1.739168999214032	-7.681942177433834	0.14652976109869872
-999.0	490.0	327.5397819022631	1.3904285974918955	-7.888891843517154	-0.039367833603453785
-999.0	465.0	329.55779037354284	1.1086572238377257	-8.091859868387605	-0.3726202095489058
-999.0	440.0	331.5795053056538	0.8923911423910305	-8.313977099836782	-0.5808998609464339
-999.0	415.0	333.5817606629357	0.7398170874941957	-8.468739058763209	-0.5686127271407394
-999.0	390.0	335.55600022230954	0.6031766710063793	-8.208025032565653	-0.41490148362663604
-999.0	365.0	337.44786971204275	0.4822643612112341	-7.406268222937467	-0.20284931300330508
-999.0	340.0	339.2109564536898	0.38249290160953225	-6.279344586389378	-0.15534420128146145
-999.0	315.0	340.82244134154286	0.30198525655127795	-4.980680127820302	-0.28496832147774404
-999.0	290.0	342.39472617885104	0.22642049994615396	-3.7557081452437653	-0.30221275701410505
-999.0	265.0	344.0186055742347	0.1603239122482526	-2.647852641485979	-0.06265007432493368
-999.0	240.0	345.71266264927334	0.10483490406639098	-1.4350415122887459	0.39131574013400194
-999.0	215.0	347.3959548121474	0.06389050989870053	-0.030290278650466802	0.8474307429222536
-999.0	190.0	349.23627086968366	0.03880604301830586	1.4155676591372703	1.0398347387238
-999.0	165.0	351.751480146057	0.02125012026064908	2.6545168563486956	1.091683594007337
-999.0	140.0	356.3283647958729	0.010107872493949392	3.246332604260635	1.171084015851921
-999.0	115.0	367.6692848983048	0.006007278914607705	3.6345160998226103	0.9579020057331665
-999.0	90.0	393.37489528129703	0.005234292510616035	5.051812460971223	0.40671601796905527
-999.0	65.0	441.26774659120906	0.0034977964971894425	1.1249924943087513	-0.015591687862832996
-999.0	40.0	531.8210045764537	0.013189270929802984	-9.94873176917193	-0.1723981851505126
-999.0	15.0	722.0999959114666	0.0695406769121448	-18.862012774225207	-0.1390515099324263
245.0	40	1003.7853219168529	day	levels	pres0
-999.0	990.0	301.3146334583717	15.81439311163766	-2.6067167307649344	-0.25778507906943565
-999.0	965.0	302.5373233398384	15.213216168539866	-4.296381396906717	-0.835127215832472
-999.0	940.0	303.2397737376801	14.93454456329346	-5.191907099315098	-1.2343558895268616
-999.0	915.0	303.91314934217525	14.47931698390416	-5.874607852527074	-1.5065660008362367
-999.0	890.0	304.6068734829355	13.851313522883824	-6.458371468952726	-1.6601528413593774
-999.0	865.0	305.3940597246108	12.959904057638989	-6.978780065264021	-1.700464781107647
-999.0	840.0	306.26932080293767	11.826680455889026	-7.507575001035419	-1.591987710444041
-999.0	815.0	307.2513527078006	10.508872781481063	-8.05825996398926	-1.3429417437208555
-999.0	790.0	308.3987099145356	9.056148563112533	-8.562392166682653	-1.0551057159900665
-999.0	765.0	309.7207887889004	7.548928328922819	-8.914309944425312	-0.7689459214785273
-999.0	740.0	311.12289328758254	6.277266706739155	-8.933073554720197	-0.5314950070210867
-999.0	715.0	312.520134072807	5.356587341853551	-8.624271392822266	-0.3553581934954439
-999.0	690.0	313.8483283289381	4.646311904702867	-8.18017283507756	-0.23394151750419823
-999.0	665.0	315.06862240844936	4.1994886483464935	-7.625092114721027	-0.1782424354127476
-999.0	640.0	316.3808201803168	3.765258244105749	-7.231409226145065	-0.14068066169108667
-999.0	615.0	317.83631772714733	3.3460173904895787	-7.088062082018172	-0.10957970789500646
-999.0	590.0	319.50872788878837	2.944599466664451	-7.1050206678254275	-0.038189042891774876
-999.0	565.0	321.420826589401	2.5461418500968387	-7.280656857149943	0.07888356064047129
-999.0	540.0	323.43494155937185	2.148092421037811	-7.488040694168638	0.15371465797735642
-999.0	515.0	325.4925764143456	1.734859311154911	-7.698852743421283	0.13617242446967537
-999.0	490.0	327.5525879159894	1.3860691168478556	-7.906561391694206	-0.04491110864494521
-999.0	465.0	329.5747400356708	1.1044720091990063	-8.11360224229949	-0.3759703322180682
-999.0	440.0	331.5993831132947	0.8890572722469058	-8.340001027498927	-0.5774072025503432
-999.0	415.0	333.6027812372164	0.7378560592021262	-8.49626600955214	-0.5526594418500153
-999.0	390.0	335.5752875317839	0.6019418069294521	-8.227406812565668	-0.38940421385424484
-999.0	365.0	337.4629111370259	0.48149072911058166	-7.408017009496691	-0.17465277654784067
-999.0	340.0	339.22297916075723	0.3822870467390334	-6.267248443194799	-0.13178936125976698
-999.0	315.0	340.83448636238336	0.3024518833096539	-4.962933570146561	-0.27061810252988444
-999.0	290.0	342.40925230672985	0.2268356433404344	-3.7352097417627075	-0.2912117562123708
-999.0	265.0	344.0372562516982	0.16031674721411301	-2.624328234366008	-0.046215906739234876
-999.0	240.0	345.7358225241597	0.10461712814867498	-1.408169446246965	0.4137562045029232
-999.0	215.0	347.4246563559498	0.06367372215858529	-0.004955861185278133	0.8664814659527371
-999.0	190.0	349.27330087039235	0.0387726885133556	1.429731950163842	1.0459000638553075
-999.0	165.0	351.79422972414966	0.021311942288385975	2.657031416893006	1.0923806428909302
-999.0	140.0	356.35599241768733	0.010138851291100894	3.2569143346377785	1.1857814626502141
-999.0	115.0	367.64877588452174	0.0060161076752202865	3.664284488984517	0.9873979347009613
-999.0	90.0	393.2979759261269	0.005242784873449377	5.079054968697685	0.42941086898956987
-999.0	65.0	441.1969023684481	0.0035109391236411683	1.131764295910086	-0.018713782940592085
-999.0	40.0	531.820228415377	0.01318958341809256	-9.981629154511861	-0.17147167213261127
-999.0	15.0	722.1867069062456	0.0697591139801911	-18.908720612525943	-0.13288695019270694
245.01388888888889	40	1003.9526696583586	day	levels	pres0
-999.0	990.0	301.2516673516636	15.801262295435322	-2.6250312446601995	-0.2931253409811726
-999.0	965.0	302.5256251401304	15.194217621333983	-4.329611475505561	-0.8829362489106051
-999.0	940.0	303.247424082978	14.916014527517627	-5.227956226893871	-1.2932217678144375
-999.0	915.0	303.9244642835023	14.461831827012302	-5.906932463721654	-1.5785072197517478
-999.0	890.0	304.6121166712354	13.833829932742637	-6.488444324523709	-1.7451606203640235
-999.0	865.0	305.38841823040036	12.945621520753885	-7.010730614737879	-1.7953526909863329
-999.0	840.0	306.25159405310023	11.822024527050205	-7.542475004044814	-1.6931804607767664
-999.0	815.0	307.22196205629643	10.519407363165012	-8.094198934615628	-1.4481438360518262
-999.0	790.0	308.3576464631612	9.082048870268357	-8.59777088770793	-1.1588939141542507
-999.0	765.0	309.6700929539009	7.586873686502899	-8.949421700977169	-0.8648070390263456
-999.0	740.0	311.0685743358727	6.317972327035621	-8.968123886320353	-0.6143516418598971
-999.0	715.0	312.4680924662704	5.391450193193267	-8.658707281899856	-0.422882704773904
-999.0	690.0	313.7994074895558	4.675140502907018	-8.210293868231412	-0.2867628813736564
-999.0	665.0	315.02296366268644	4.221890956636492	-7.645891168760879	-0.2174352057396783
-999.0	640.0	316.3367776723645	3.781095747909874	-7.2412186066309525	-0.16614525351261492
-999.0	615.0	317.7915338453888	3.3549343446890645	-7.086141062161261	-0.12114550814861104
-999.0	590.0	319.4618685813302	2.948890261706857	-7.095160679211666	-0.036978119659039806
-999.0	565.0	321.37072158711624	2.5485334883606643	-7.268775693953956	0.09101226712977913
-999.0	540.0	323.38223430696456	2.1499300672421406	-7.479989349842047	0.17443656405466318
-999.0	515.0	325.43886296959204	1.7376248254662525	-7.700080057931306	0.16244711786038998
-999.0	490.0	327.5001885016011	1.3887244746798624	-7.914369729776219	-0.016217110175896696
-999.0	465.0	329.52618225294754	1.1057540029287378	-8.122704448207974	-0.34876096780807314
-999.0	440.0	331.554871106827	0.8895487198753984	-8.34723975000874	-0.555980014141676
-999.0	415.0	333.56216004004716	0.7384025706421783	-8.499794591986955	-0.5412607566704585
-999.0	390.0	335.5399322189647	0.6028555476712826	-8.229301288014382	-0.3889666156222289
-999.0	365.0	337.4342893377681	0.4829695034949585	-7.409155112883421	-0.18410876329751624
-999.0	340.0	339.20049048149093	0.38413276659354656	-6.258880884460525	-0.14749257914013625
-999.0	315.0	340.81689927082266	0.30447012242225696	-4.9354962491031085	-0.2877116404688374
-999.0	290.0	342.3972016765215	0.2286810166838171	-3.6912945985409342	-0.30557663196198065
-999.0	265.0	344.03190900441973	0.16183492390527765	-2.5712376630731413	-0.05295834583897639
-999.0	240.0	345.73559530413013	0.1057465593995804	-1.3501323258414817	0.4238701230949876
-999.0	215.0	347.4205558670061	0.06439973746559531	0.05500151429866641	0.9063091027358716
-999.0	190.0	349.2504427948027	0.03909646879349471	1.4894103611273548	1.1186306126534973
-999.0	165.0	351.74618130826303	0.02138276310962821	2.711296339829877	1.178623635144585
-999.0	140.0	356.2928304913061	0.01014421769373471	3.290779774506028	1.2558796767678697
-999.0	115.0	367.60460658150026	0.006021242348536382	3.6738013927899047	1.0286925760216798
-999.0	90.0	393.33142155453754	0.005271767216202454	5.086147754911384	0.44226512979231036
-999.0	65.0	441.3121640829157	0.0035001980011454712	1.1450444229006125	-0.026026475745892515
-999.0	40.0	531.912365266486	0.013252441283492906	-9.935757480147767	-0.18366572438252557
-999.0	15.0	722.2299705381206	0.06986369381821368	-18.853694539221426	-0.14396746249663414
245.02777777777777	40	1004.1200173998639	day	levels	pres0
-999.0	990.0	301.18870124495555	15.788131479233042	-2.64334575855542	-0.32846560289283455
-999.0	965.0	302.5139269404221	15.175219074128174	-4.362841554104322	-0.930745281988646
-999.0	940.0	303.2550744282759	14.897484491741858	-5.264005354472556	-1.3520876461018883
-999.0	915.0	303.93577922482916	14.444346670120494	-5.93925707491616	-1.6504484386670877
-999.0	890.0	304.61735985953544	13.816346342601484	-6.5185171800946335	-1.8301683993684548
-999.0	865.0	305.38277673619	12.931338983868805	-7.042681164211687	-1.8902406008647674
-999.0	840.0	306.2338673032627	11.817368598211385	-7.577375007054151	-1.7943732111092145
-999.0	815.0	307.1925714047924	10.52994194484892	-8.13013790524194	-1.5533459283825046
-999.0	790.0	308.3165830117868	9.107949177424102	-8.633149608733149	-1.2626821123181453
-999.0	765.0	309.6193971189016	7.624819044082868	-8.984533457528965	-0.9606681565738993
-999.0	740.0	311.01425538416316	6.358677947331971	-9.003174217920442	-0.6972082766984851
-999.0	715.0	312.41605085973373	5.426313044532883	-8.693143170977384	-0.4904072160521923
-999.0	690.0	313.7504866501734	4.703969101111083	-8.240414901385224	-0.3395842452429902
-999.0	665.0	314.97730491692363	4.2442932649264185	-7.666690222800718	-0.2566279760665258
-999.0	640.0	316.29273516441225	3.796933251713944	-7.251027987116861	-0.19160984533409695
-999.0	615.0	317.7467499636303	3.3638512988885214	-7.084220042304392	-0.13271130840220105
-999.0	590.0	319.4150092738721	2.9531810567492527	-7.0853006905979665	-0.035767196426319973
-999.0	565.0	321.32061658483155	2.5509251266244846	-7.256894530758035	0.10314097361904456
-999.0	540.0	323.32952705455733	2.151767713446465	-7.471938005515516	0.19515847013190452
-999.0	515.0	325.38514952483865	1.7403903397775822	-7.701307372441371	0.18872181125102236
-999.0	490.0	327.4477890872129	1.3913798325118556	-7.922178067858257	0.012476888293062264
-999.0	465.0	329.47762447022427	1.1070359966584609	-8.131806654116465	-0.3215516033981644
-999.0	440.0	331.5103591003596	0.8900401675038865	-8.354478472518544	-0.5345528257330817
-999.0	415.0	333.52153884287804	0.7389490820822259	-8.503323174421753	-0.5298620714909529
-999.0	390.0	335.5045769061456	0.603769288413108	-8.231195763463072	-0.3885290173902374
-999.0	365.0	337.4056675385105	0.4844482778793285	-7.410293216270119	-0.19356475004718643
-999.0	340.0	339.1780018022247	0.38597848644805277	-6.250513325726237	-0.163195797020471
-999.0	315.0	340.7993121792619	0.3064883615348542	-4.9080589280596945	-0.30480517840773247
-999.0	290.0	342.38515104631324	0.23052639002719516	-3.647379455319258	-0.31994150771152546
-999.0	265.0	344.0265617571412	0.16335310059643884	-2.518147091780413	-0.059700784938671606
-999.0	240.0	345.7353680841006	0.10687599065048317	-1.2920952054361743	0.4339840416870391
-999.0	215.0	347.4164553780623	0.06512575277260345	0.11495888978240307	0.9461367395188915
-999.0	190.0	349.2275847192132	0.039420249073633	1.5490887720906266	1.1913611614514612
-999.0	165.0	351.6981328923764	0.021453583930870344	2.7655612627664925	1.264866627397955
-999.0	140.0	356.229668564925	0.010149584096368581	3.324645214374085	1.3259778908852708
-999.0	115.0	367.5604372784789	0.006026377021852466	3.6833182965952176	1.0699872173422313
-999.0	90.0	393.3648671829483	0.005300749558955417	5.0932405411250965	0.45511939059498546
-999.0	65.0	441.4274257973828	0.0034894568786498154	1.158324549891167	-0.0333391685511851
-999.0	40.0	532.0045021175948	0.013315299148893046	-9.889885805783784	-0.19585977663241283
-999.0	15.0	722.2732341699954	0.06996827365623577	-18.7986684659171	-0.1550479748005383
245.04166666666666	40	1004.2873651413694	day	levels	pres0
-999.0	990.0	301.1257351382474	15.775000663030697	-2.6616602724506886	-0.3638058648045811
-999.0	965.0	302.5022287407141	15.156220526922295	-4.39607163270317	-0.9785543150667904
-999.0	940.0	303.262724773574	14.878954455966024	-5.300054482051331	-1.410953524389474
-999.0	915.0	303.94709416615615	14.426861513228637	-5.971581686110745	-1.7223896575826072
-999.0	890.0	304.62260304783547	13.798862752460295	-6.548590035665617	-1.9151761783731076
-999.0	865.0	305.37713524197954	12.917056446983707	-7.074631713685546	-1.9851285107434586
-999.0	840.0	306.21614055342513	11.81271266937257	-7.612275010063547	-1.8955659614419453
-999.0	815.0	307.16318075328815	10.540476526532878	-8.166076875868313	-1.6585480207134817
-999.0	790.0	308.2755195604125	9.133849484579939	-8.668528329758432	-1.3664703104823366
-999.0	765.0	309.56870128390204	7.662764401662957	-9.019645214080827	-1.0565292741217256
-999.0	740.0	310.9599364324535	6.399383567628444	-9.038224549520601	-0.780064911537302
-999.0	715.0	312.3640092531971	5.461175895872602	-8.72757906005498	-0.5579317273306551
-999.0	690.0	313.701565810791	4.732797699315235	-8.270535934539083	-0.39240560911244815
-999.0	665.0	314.93164617116076	4.266695573216419	-7.687489276840581	-0.29582074639345335
-999.0	640.0	316.2486926564599	3.812770755518071	-7.260837367602756	-0.21707443715562025
-999.0	615.0	317.7019660818717	3.372768253088009	-7.082299022447488	-0.14427710865580004
-999.0	590.0	319.3681499664138	2.95747185179166	-7.0754407019842125	-0.03455627319357867
-999.0	565.0	321.2705115825469	2.553316764888313	-7.245013367562055	0.11526968010835938
-999.0	540.0	323.27681980215004	2.153605359650797	-7.463886661188928	0.2158803762092186
-999.0	515.0	325.3314360800852	1.7431558540889247	-7.702534686951399	0.21499650464174436
-999.0	490.0	327.39538967282454	1.3940351903438624	-7.929986405940275	0.04117088676211771
-999.0	465.0	329.429066687501	1.1083179903881926	-8.140908860024952	-0.29434223898816453
-999.0	440.0	331.465847093892	0.8905316151323799	-8.36171719502836	-0.5131256373244116
-999.0	415.0	333.4809176457088	0.7394955935222784	-8.506851756856571	-0.5184633863113979
-999.0	390.0	335.4692215933264	0.604683029154939	-8.233090238911787	-0.38809141915822687
-999.0	365.0	337.3770457392528	0.4859270522637056	-7.411431319656854	-0.203020736796871
-999.0	340.0	339.1555131229584	0.38782420630256614	-6.2421457669919675	-0.17889901490085125
-999.0	315.0	340.7817250877011	0.3085066006474573	-4.880621607016247	-0.3218987163466967
-999.0	290.0	342.3731004161048	0.23237176337057786	-3.603464312097489	-0.33430638346114544
-999.0	265.0	344.0212145098629	0.16487127728760348	-2.46505652048755	-0.06644322403842078
-999.0	240.0	345.735140864071	0.10800542190138859	-1.2340580850306948	0.44409796027909876
-999.0	215.0	347.4123548891186	0.06585176807961345	0.17491626526634352	0.9859643763020238
-999.0	190.0	349.2047266436236	0.03974402935377211	1.6087671830541348	1.2640917102496503
-999.0	165.0	351.6500844764898	0.021524404752112564	2.819826185703358	1.351109619651609
-999.0	140.0	356.16650663854375	0.010154950499002393	3.358510654242329	1.3960761050029231
-999.0	115.0	367.5162679754574	0.006031511695168558	3.692835200400607	1.111281858662944
-999.0	90.0	393.3983128113589	0.005329731901708491	5.100333327338801	0.4679736513977205
-999.0	65.0	441.5426875118502	0.0034787157561541222	1.171604676881704	-0.04065186135648953
-999.0	40.0	532.096638968704	0.013378157014293393	-9.844014131419685	-0.2080538288823305
-999.0	15.0	722.3164978018705	0.07007285349425835	-18.74364239261258	-0.16612848710446976
245.05555555555554	40	1004.4547128828748	day	levels	pres0
-999.0	990.0	301.0627690315395	15.761869846828414	-2.6799747863459085	-0.39914612671624294
-999.0	965.0	302.4905305410059	15.137221979716488	-4.429301711301932	-1.0263633481448309
-999.0	940.0	303.27037511887187	14.860424420190258	-5.3361036096300145	-1.469819402676925
-999.0	915.0	303.958409107483	14.409376356336827	-6.003906297305253	-1.7943308764979473
-999.0	890.0	304.6278462361354	13.781379162319144	-6.5786628912365455	-2.0001839573775393
-999.0	865.0	305.3714937477691	12.902773910098626	-7.106582263159355	-2.080016420621893
-999.0	840.0	306.1984138035875	11.808056740533749	-7.647175013072883	-1.9967587117743937
-999.0	815.0	307.13379010178414	10.551011108216784	-8.20201584649462	-1.7637501130441595
-999.0	790.0	308.2344561090381	9.159749791735681	-8.703907050783648	-1.4702585086462312
-999.0	765.0	309.5180054489027	7.700709759242926	-9.054756970632623	-1.1523903916692793
-999.0	740.0	310.90561748074396	6.440089187924797	-9.07327488112069	-0.8629215463758901
-999.0	715.0	312.3119676466605	5.496038747212218	-8.762014949132508	-0.6254562386089434
-999.0	690.0	313.6526449714087	4.7616262975192996	-8.300656967692893	-0.4452269729817818
-999.0	665.0	314.885987425398	4.289097881506344	-7.7082883308804195	-0.33501351672030094
-999.0	640.0	316.20465014850765	3.8286082593221407	-7.270646748088664	-0.24253902897710222
-999.0	615.0	317.65718220011325	3.381685207287467	-7.0803780025906216	-0.15584290890939004
-999.0	590.0	319.3212906589558	2.961762646834056	-7.0655807133705135	-0.03334534996085887
-999.0	565.0	321.2204065802622	2.555708403152134	-7.233132204366132	0.12739838659762467
-999.0	540.0	323.22411254974287	2.1554430058551217	-7.4558353168624	0.23660228228645977
-999.0	515.0	325.2777226353317	1.7459213684002546	-7.703762001461464	0.24127119803237673
-999.0	490.0	327.3429902584364	1.3966905481758558	-7.937794744022314	0.06986488523107644
-999.0	465.0	329.38050890477786	1.109599984117916	-8.150011065933445	-0.2671328745782558
-999.0	440.0	331.4213350874246	0.8910230627608677	-8.368955917538164	-0.4916984489158175
-999.0	415.0	333.4402964485397	0.7400421049623263	-8.510380339291371	-0.5070647011318925
-999.0	390.0	335.4338662805074	0.6055967698967644	-8.234984714360476	-0.38765382092623524
-999.0	365.0	337.3484239399951	0.48740582664807564	-7.412569423043552	-0.21247672354654115
-999.0	340.0	339.13302444369214	0.3896699261570723	-6.233778208257681	-0.19460223278118605
-999.0	315.0	340.76413799614033	0.3105248397600544	-4.8531842859728345	-0.33899225428559193
-999.0	290.0	342.36104978589657	0.23421713671395594	-3.559549168875812	-0.34867125921069037
-999.0	265.0	344.0158672625843	0.16638945397876467	-2.4119659491948218	-0.07318566313811599
-999.0	240.0	345.73491364404146	0.10913485315229138	-1.1760209646253876	0.4542118788711498
-999.0	215.0	347.40825440017494	0.06657778338662161	0.23487364075008024	1.0257920130850435
-999.0	190.0	349.181868568034	0.040067809633910385	1.6684455940174068	1.3368222590476146
-999.0	165.0	351.60203606060315	0.021595225573354707	2.874091108639973	1.4373526119049795
-999.0	140.0	356.10334471216254	0.010160316901636261	3.3923760941103858	1.4661743191203247
-999.0	115.0	367.4720986724361	0.006036646368484643	3.7023521042059193	1.1525764999834953
-999.0	90.0	393.43175843976957	0.005358714244461457	5.107426113552515	0.48082791220039567
-999.0	65.0	441.6579492263173	0.003467974633658466	1.1848848038722575	-0.047964554161782066
-999.0	40.0	532.1887758198129	0.013441014879693538	-9.7981424570557	-0.22024788113221766
-999.0	15.0	722.3597614337453	0.07017743333228045	-18.688616319308252	-0.1772089994083738
245.06944444444446	40	1004.6220606243804	day	levels	pres0
-999.0	990.0	300.99980292483133	15.748739030626073	-2.6982893002411807	-0.434486388627994
-999.0	965.0	302.4788323412978	15.118223432510604	-4.46253178990079	-1.0741723812229875
-999.0	940.0	303.2780254641699	14.841894384414415	-5.372152737208802	-1.5286852809645264
-999.0	915.0	303.9697240488101	14.391891199444952	-6.036230908499848	-1.8662720954134835
-999.0	890.0	304.63308942443547	13.763895572177931	-6.608735746807542	-2.0851917363822094
-999.0	865.0	305.3658522535587	12.8884913732135	-7.138532812633233	-2.1749043305006
-999.0	840.0	306.1806870537499	11.803400811694914	-7.682075016082305	-2.0979514621071367
-999.0	815.0	307.10439945028	10.56154568990072	-8.237954817121018	-1.8689522053751442
-999.0	790.0	308.1933926576636	9.1856500988915	-8.739285771808952	-1.5740467068104254
-999.0	765.0	309.46730961390324	7.738655116823013	-9.089868727184502	-1.2482515092171036
-999.0	740.0	310.85129852903424	6.480794808221274	-9.108325212720864	-0.9457781812147055
-999.0	715.0	312.25992604012373	5.530901598551943	-8.796450838210111	-0.6929807498874114
-999.0	690.0	313.6037241320263	4.790454895723457	-8.330778000846756	-0.49804833685125105
-999.0	665.0	314.8403286796351	4.3115001897963445	-7.729087384920276	-0.37420628704724396
-999.0	640.0	316.1606076405553	3.8444457631262643	-7.280456128574548	-0.2680036207986413
-999.0	615.0	317.6123983183546	3.390602161486949	-7.078456982733695	-0.16740870916300052
-999.0	590.0	319.27443135149747	2.9660534418764577	-7.0557207247567355	-0.0321344267281257
-999.0	565.0	321.1703015779774	2.5581000414159565	-7.221251041170129	0.13952709308693265
-999.0	540.0	323.1714052973356	2.157280652059449	-7.447783972535797	0.2573241883637672
-999.0	515.0	325.2240091905782	1.7486868827115938	-7.704989315971488	0.26754589142309176
-999.0	490.0	327.290590844048	1.3993459060078597	-7.945603082104331	0.09855888370012508
-999.0	465.0	329.3319511220545	1.110881977847645	-8.159113271841925	-0.23992351016826172
-999.0	440.0	331.3768230809569	0.8915145103893586	-8.376194640047961	-0.47027126050715407
-999.0	415.0	333.39967525137035	0.7405886164023765	-8.51390892172616	-0.49566601595234516
-999.0	390.0	335.39851096768814	0.6065105106385932	-8.236879189809153	-0.38721622269423206
-999.0	365.0	337.3198021407374	0.488884601032451	-7.413707526430241	-0.22193271029622866
-999.0	340.0	339.1105357644259	0.3915156460115847	-6.225410649523359	-0.21030545066155995
-999.0	315.0	340.74655090457964	0.31254307887265736	-4.825746964929326	-0.3560857922245373
-999.0	290.0	342.3489991556882	0.23606251005733886	-3.5156340256539864	-0.3630361349602837
-999.0	265.0	344.0105200153059	0.16790763066992967	-2.3588753779019136	-0.07992810223783876
-999.0	240.0	345.73468642401195	0.1102642844031972	-1.1179838442198775	0.4643257974632313
-999.0	215.0	347.4041539112313	0.06730379869363194	0.2948310162340447	1.0656196498681973
-999.0	190.0	349.15901049244434	0.0403915899140497	1.7281240049809368	1.409552807845827
-999.0	165.0	351.5539876447164	0.02166604639459704	2.9283560315768553	1.5235956041586565
-999.0	140.0	356.0401827857814	0.010165683304270116	3.4262415339786343	1.5362725332380003
-999.0	115.0	367.42792936941447	0.006041781041800748	3.7118690080113037	1.1938711413042358
-999.0	90.0	393.4652040681803	0.005387696587214543	5.11451889976623	0.4936821730031563
-999.0	65.0	441.77321094078485	0.0034572335111627624	1.198164930862806	-0.0552772469670737
-999.0	40.0	532.280912670922	0.013503872745093902	-9.752270782691587	-0.23244193338212982
-999.0	15.0	722.4030250656202	0.07028201317030294	-18.633590246003727	-0.1882895117123032
245.08333333333334	40	1004.7894083658855	day	levels	pres0
-999.0	990.0	300.93683681812325	15.735608214423793	-2.7166038141364006	-0.4698266505396552
-999.0	965.0	302.46713414158967	15.099224885304794	-4.49576186849955	-1.1219814143010267
-999.0	940.0	303.2856758094678	14.823364348638647	-5.408201864787483	-1.5875511592519742
-999.0	915.0	303.981038990137	14.37440604255314	-6.0685555196943515	-1.9382133143288192
-999.0	890.0	304.6383326127354	13.746411982036783	-6.638808602378469	-2.1701995153866345
-999.0	865.0	305.3602107593483	12.87420883632842	-7.170483362107037	-2.269792240379026
-999.0	840.0	306.16296030391237	11.79874488285609	-7.716975019091639	-2.1991442124395757
-999.0	815.0	307.0750087987759	10.572080271584628	-8.273893787747324	-1.9741542977058126
-999.0	790.0	308.1523292062892	9.211550406047243	-8.774664492834168	-1.6778349049743102
-999.0	765.0	309.41661377890387	7.77660047440298	-9.124980483736294	-1.344112626764648
-999.0	740.0	310.79697957732463	6.521500428517624	-9.143375544320953	-1.0286348160532843
-999.0	715.0	312.20788443358714	5.565764449891558	-8.830886727287636	-0.7605052611656913
-999.0	690.0	313.55480329264395	4.819283493927519	-8.360899034000562	-0.550869700720577
-999.0	665.0	314.7946699338723	4.333902498086268	-7.749886438960112	-0.41339905737408433
-999.0	640.0	316.11656513260306	3.8602832669303333	-7.29026550906045	-0.2934682126201171
-999.0	615.0	317.56761443659616	3.3995191156864055	-7.076535962876824	-0.1789745094165857
-999.0	590.0	319.2275720440394	2.9703442369188537	-7.045860736143031	-0.030923503495402245
-999.0	565.0	321.1201965756928	2.5604916796797768	-7.209369877974207	0.15165579957620015
-999.0	540.0	323.11869804492835	2.159118298263774	-7.4397326282092635	0.2780460944410098
-999.0	515.0	325.17029574582483	1.7514523970229237	-7.706216630481551	0.2938205848137246
-999.0	490.0	327.2381914296598	1.402001263839853	-7.953411420186368	0.12725288216908381
-999.0	465.0	329.28339333933127	1.1121639715773686	-8.168215477750412	-0.21271414575835382
-999.0	440.0	331.3323110744895	0.8920059580178465	-8.383433362557764	-0.44884407209856125
-999.0	415.0	333.3590540542013	0.7411351278424245	-8.517437504160952	-0.484267330772842
-999.0	390.0	335.3631556548691	0.6074242513804187	-8.238773665257836	-0.3867786244622432
-999.0	365.0	337.2911803414797	0.49036337541682085	-7.414845629816935	-0.23138869704590187
-999.0	340.0	339.08804708515964	0.3933613658660906	-6.217043090789066	-0.22600866854189738
-999.0	315.0	340.7289638130189	0.3145613179852543	-4.798309643885911	-0.3731793301634344
-999.0	290.0	342.3369485254799	0.23790788340071664	-3.471718882432309	-0.3774010107098301
-999.0	265.0	344.0051727680274	0.1694258073610906	-2.305784806609187	-0.08667054133753542
-999.0	240.0	345.7344592039824	0.11139371565409985	-1.0599467238145723	0.47443971605528146
-999.0	215.0	347.4000534222875	0.06802981400064005	0.3547883917177798	1.1054472866512146
-999.0	190.0	349.1361524168548	0.04071537019418797	1.787802415944209	1.4822833566437885
-999.0	165.0	351.50593922882996	0.02173686721583918	2.9826209545134734	1.609838596412024
-999.0	140.0	355.9770208594002	0.010171049706903986	3.4601069738466963	1.6063707473554012
-999.0	115.0	367.3837600663933	0.006046915715116832	3.721385911816621	1.235165782624789
-999.0	90.0	393.4986496965911	0.005416678929967508	5.1216116859799445	0.506536433805835
-999.0	65.0	441.888472655252	0.0034464923886671057	1.2114450578533598	-0.06258993977236367
-999.0	40.0	532.3730495220308	0.013566730610494045	-9.706399108327604	-0.2446359856320156
-999.0	15.0	722.4462886974952	0.07038659300832506	-18.5785641726994	-0.1993700240162072
245.09722222222223	40	1004.9567561073912	day	levels	pres0
-999.0	990.0	300.8738707114152	15.72247739822145	-2.7349183280316693	-0.5051669124514021
-999.0	965.0	302.45543594188155	15.080226338098914	-4.5289919470983975	-1.1697904473791725
-999.0	940.0	303.2933261547658	14.804834312862814	-5.444250992366261	-1.6464170375395635
-999.0	915.0	303.9923539314639	14.356920885661284	-6.100880130888938	-2.0101545332443433
-999.0	890.0	304.6435758010354	13.728928391895595	-6.668881457949454	-2.2552072943912944
-999.0	865.0	305.35456926513785	12.85992629944332	-7.2024339115809015	-2.3646801502577253
-999.0	840.0	306.1452335540749	11.794088954017278	-7.751875022101039	-2.3003369627723154
-999.0	815.0	307.0456181472718	10.582614853268586	-8.3098327583737	-2.0793563900367995
-999.0	790.0	308.11126575491477	9.23745071320308	-8.810043213859451	-1.781623103138511
-999.0	765.0	309.3659179439044	7.81454583198307	-9.160092240288161	-1.4399737443124834
-999.0	740.0	310.74266062561486	6.5622060488140965	-9.178425875921114	-1.11149145089211
-999.0	715.0	312.1558428270503	5.600627301231278	-8.865322616365235	-0.8280297724441625
-999.0	690.0	313.5058824532616	4.8481120921316725	-8.391020067154427	-0.6036910645900426
-999.0	665.0	314.7490111881093	4.3563048063762695	-7.770685492999976	-0.45259182770101913
-999.0	640.0	316.0725226246508	3.876120770734461	-7.300074889546351	-0.3189328044416467
-999.0	615.0	317.5228305548376	3.408436069885894	-7.074614943019925	-0.19054030967018962
-999.0	590.0	319.18071273658114	2.9746350319612613	-7.036000747529281	-0.02971258026266451
-999.0	565.0	321.07009157340804	2.5628833179436046	-7.197488714778227	0.16378450606551279
-999.0	540.0	323.0659907925211	2.160955944468106	-7.431681283882682	0.29876800051832264
-999.0	515.0	325.1165823010713	1.7542179113342662	-7.7074439449915815	0.320095278204446
-999.0	490.0	327.18579201527143	1.4046566216718597	-7.961219758268389	0.1559468806381394
-999.0	465.0	329.23483555660795	1.1134459653071007	-8.177317683658904	-0.18550478134835305
-999.0	440.0	331.28779906802197	0.89249740564634	-8.390672085067582	-0.42741688368989017
-999.0	415.0	333.318432857032	0.7416816392824769	-8.520966086595775	-0.47286864559328445
-999.0	390.0	335.32780034204995	0.6083379921222495	-8.240668140706559	-0.3863410262302301
-999.0	365.0	337.26255854222194	0.49184214980119817	-7.4159837332036735	-0.24084468379558338
-999.0	340.0	339.06555840589334	0.3952070857206042	-6.2086755320548015	-0.2417118864222751
-999.0	315.0	340.71137672145807	0.31657955709785757	-4.7708723228424645	-0.39027286810239664
-999.0	290.0	342.3248978952716	0.23975325674409967	-3.4278037392105416	-0.3917658864594486
-999.0	265.0	343.999825520749	0.17094398405225553	-2.2526942353163224	-0.09341298043728315
-999.0	240.0	345.7342319839529	0.1125231469050054	-1.0019096034090904	0.48455363464734236
-999.0	215.0	347.3959529333438	0.0687558293076501	0.41474576720172196	1.1452749234343493
-999.0	190.0	349.1132943412652	0.041039150474327095	1.8474808269077156	1.5550139054419807
-999.0	165.0	351.4578908129433	0.021807688037081403	3.0368858774503362	1.6960815886656808
-999.0	140.0	355.91385893301896	0.010176416109537798	3.4939724137149346	1.676468961473054
-999.0	115.0	367.33959076337163	0.006052050388432925	3.7309028156220054	1.2764604239455
-999.0	90.0	393.53209532500165	0.005445661272720582	5.1287044721936486	0.5193906946085666
-999.0	65.0	442.00373436971955	0.0034357512661714125	1.224725184843897	-0.06990263257767065
-999.0	40.0	532.46518637314	0.01362958847589439	-9.660527433963505	-0.25683003788193476
-999.0	15.0	722.4895523293702	0.0704911728463476	-18.523538099394884	-0.2104505363201388
245.11111111111111	40	1005.1241038488965	day	levels	pres0
-999.0	990.0	300.81090460470716	15.70934658201917	-2.753232841926889	-0.540507174363064
-999.0	965.0	302.4437377421734	15.061227790893112	-4.56222202569716	-1.2175994804572132
-999.0	940.0	303.3009765000637	14.786304277087046	-5.480300119944944	-1.7052829158270137
-999.0	915.0	304.0036688727909	14.339435728769477	-6.133204742083445	-2.0820957521596832
-999.0	890.0	304.6488189893354	13.71144480175444	-6.69895431352038	-2.3402150733957248
-999.0	865.0	305.34892777092745	12.84564376255824	-7.234384461054709	-2.4595680601361596
-999.0	840.0	306.1275068042373	11.789433025178461	-7.786775025110375	-2.4015297131047633
-999.0	815.0	307.01622749576774	10.593149434952492	-8.345771729000008	-2.184558482367477
-999.0	790.0	308.0702023035405	9.263351020358826	-8.84542193488467	-1.8854113013024059
-999.0	765.0	309.31522210890506	7.8524911895630405	-9.195203996839954	-1.5358348618600375
-999.0	740.0	310.68834167390537	6.602911669110449	-9.213476207521204	-1.1943480857306978
-999.0	715.0	312.10380122051384	5.635490152570896	-8.899758505442763	-0.895554283722451
-999.0	690.0	313.4569616138792	4.8769406903357355	-8.421141100308237	-0.6565124284593765
-999.0	665.0	314.70335244234656	4.378707114666195	-7.791484547039818	-0.4917845980278669
-999.0	640.0	316.0284801166985	3.891958274538531	-7.309884270032258	-0.34439739626312865
-999.0	615.0	317.4780466730791	3.4173530240853505	-7.072693923163056	-0.20210610992377956
-999.0	590.0	319.133853429123	2.978925827003657	-7.026140758915581	-0.028501657029944623
-999.0	565.0	321.01998657112347	2.565274956207425	-7.185607551582307	0.17591321255477813
-999.0	540.0	323.01328354011395	2.162793590672431	-7.423629939556149	0.3194899065955638
-999.0	515.0	325.06286885631795	1.7569834256455965	-7.708671259501647	0.34636997159507854
-999.0	490.0	327.1333926008831	1.4073119795038527	-7.969028096350429	0.18464087910709814
-999.0	465.0	329.18627777388485	1.1147279590368238	-8.186419889567395	-0.15829541693844423
-999.0	440.0	331.2432870615545	0.8929888532748279	-8.397910807577388	-0.4059896952812959
-999.0	415.0	333.2778116598629	0.7422281507225247	-8.524494669030576	-0.4614699604137793
-999.0	390.0	335.29244502923086	0.609251732864075	-8.242562616155249	-0.38590342799823846
-999.0	365.0	337.23393674296426	0.4933209241855681	-7.417121836590371	-0.2503006705452536
-999.0	340.0	339.0430697266271	0.39705280557511036	-6.200307973320514	-0.2574151043026098
-999.0	315.0	340.6937896298973	0.3185977962104548	-4.743435001799051	-0.4073664060412918
-999.0	290.0	342.3128472650633	0.24159863008747767	-3.383888595988864	-0.40613076220899347
-999.0	265.0	343.9944782734705	0.17246216074341672	-2.1996036640235936	-0.10015541953697832
-999.0	240.0	345.7340047639233	0.11365257815590818	-0.9438724830037832	0.4946675532393934
-999.0	215.0	347.3918524444	0.06948184461465826	0.47470314268545866	1.1851025602173688
-999.0	190.0	349.09043626567563	0.041362930754465385	1.9071592378709878	1.6277444542399446
-999.0	165.0	351.40984239705665	0.02187850885832354	3.0911508003869517	1.7823245809190515
-999.0	140.0	355.85069700663786	0.010181782512171665	3.5278378535829926	1.7465671755904553
-999.0	115.0	367.2954214603504	0.006057185061749008	3.7404197194273183	1.3177550652660515
-999.0	90.0	393.56554095341227	0.005474643615473546	5.135797258407361	0.5322449554112418
-999.0	65.0	442.1189960841866	0.0034250101436757562	1.2380053118344505	-0.07721532538296323
-999.0	40.0	532.557323224249	0.013692446341294531	-9.614655759599518	-0.2690240901318221
-999.0	15.0	722.5328159612449	0.0705957526843697	-18.468512026090554	-0.22153104862404288
245.125	40	1005.2914515904021	day	levels	pres0
-999.0	990.0	300.747938497999	15.696215765816826	-2.7715473558221544	-0.5758474362748008
-999.0	965.0	302.43203954246525	15.042229243687222	-4.595452104296004	-1.2654085135353468
-999.0	940.0	303.3086268453618	14.767774241311209	-5.516349247523717	-1.7641487941145901
-999.0	915.0	304.01498381411784	14.321950571877618	-6.165529353278026	-2.154036971075194
-999.0	890.0	304.6540621776354	13.69396121161325	-6.729027169091361	-2.425222852400371
-999.0	865.0	305.34328627671704	12.831361225673135	-7.266335010528568	-2.5544559700148453
-999.0	840.0	306.10978005439983	11.784777096339637	-7.8216750281197704	-2.5027224634374896
-999.0	815.0	306.9868368442635	10.603684016636441	-8.38171069962638	-2.289760574698448
-999.0	790.0	308.029138852166	9.28925132751465	-8.880800655909947	-1.9891994994665896
-999.0	765.0	309.2645262739055	7.8904365471431195	-9.230315753391812	-1.6316959794078558
-999.0	740.0	310.63402272219565	6.643617289406913	-9.248526539121356	-1.2772047205695085
-999.0	715.0	312.051759613977	5.670353003910611	-8.934194394520354	-0.963078795000911
-999.0	690.0	313.4080407744968	4.905769288539888	-8.451262133462091	-0.7093337923288345
-999.0	665.0	314.6576936965837	4.4011094229561945	-7.8122836010796695	-0.5309773683547975
-999.0	640.0	315.98443760874613	3.9077957783426562	-7.319693650518145	-0.3698619880846569
-999.0	615.0	317.43326279132054	3.4262699782848367	-7.0707729033061435	-0.21367191017738413
-999.0	590.0	319.0869941216648	2.983216622046063	-7.01628077030182	-0.027290733797209595
-999.0	565.0	320.9698815688387	2.56766659447125	-7.173726388386319	0.18804191904408596
-999.0	540.0	322.96057628770666	2.1646312368767604	-7.415578595229559	0.3402118126728705
-999.0	515.0	325.0091554115644	1.759748939956938	-7.709898574011668	0.372644664985793
-999.0	490.0	327.08099318649477	1.4099673373358592	-7.97683643443244	0.2133348775761469
-999.0	465.0	329.1377199911615	1.116009952766555	-8.19552209547588	-0.13108605252844946
-999.0	440.0	331.1987750550869	0.8934803009033206	-8.4051495300872	-0.38456250687262844
-999.0	415.0	333.23719046269366	0.7427746621625767	-8.52802325146539	-0.45007127523422263
-999.0	390.0	335.25708971641166	0.6101654736059055	-8.24445709160396	-0.38546582976622246
-999.0	365.0	337.20531494370647	0.49479969856994505	-7.4182599399771005	-0.25975665729492914
-999.0	340.0	339.02058104736085	0.39889852542962356	-6.19194041458624	-0.2731183221829789
-999.0	315.0	340.6762025383365	0.32061603532305794	-4.715997680755599	-0.4244599439802447
-999.0	290.0	342.30079663485486	0.24344400343086042	-3.339973452767092	-0.4204956379586033
-999.0	265.0	343.989131026192	0.17398033743458138	-2.1465130927307268	-0.10689785863671988
-999.0	240.0	345.7337775438937	0.11478200940681357	-0.8858353625983002	0.5047814718314582
-999.0	215.0	347.3877519554563	0.07020785992166825	0.5346605181694031	1.2249301970005035
-999.0	190.0	349.06757819008607	0.041686711034604494	1.9668376488345012	1.7004750030381341
-999.0	165.0	351.36179398117	0.021949329679565775	3.1454157233238216	1.8685675731727058
-999.0	140.0	355.7875350802567	0.010187148914805481	3.561703293451242	1.8166653897081106
-999.0	115.0	367.2512521573288	0.006062319735065105	3.749936623232706	1.35904970658677
-999.0	90.0	393.59898658182294	0.005503625958226623	5.14289004462106	0.545099216213982
-999.0	65.0	442.23425779865414	0.0034142690211800605	1.251285438824978	-0.08452801818826369
-999.0	40.0	532.6494600753581	0.013755304206694878	-9.568784085235427	-0.28121814238173626
-999.0	15.0	722.5760795931201	0.07070033252239229	-18.41348595278604	-0.23261156092797003
245.13888888888889	40	1005.1673002697175	day	levels	pres0
-999.0	990.0	300.6849794353762	15.679793668171692	-2.789745355409308	-0.6113029244163979
-999.0	965.0	302.4203496619119	15.0209481602623	-4.628618142907616	-1.3133656881631728
-999.0	940.0	303.31623577481173	14.747617555043027	-5.552249488376474	-1.823071943862149
-999.0	915.0	304.0262500633862	14.303019705272835	-6.1976636288658336	-2.225834006621086
-999.0	890.0	304.6593053659354	13.675144589136504	-6.75887749308634	-2.509858883562634
-999.0	865.0	305.33765235599867	12.81605417009383	-7.298040249991059	-2.6488526851412932
-999.0	840.0	306.09211974837064	11.77909188043504	-7.856238039713078	-2.6033964715307927
-999.0	815.0	306.9574456791972	10.612205747574114	-8.41722092552793	-2.394478549086986
-999.0	790.0	307.98808369125686	9.311631815774133	-8.915687644292461	-2.0925370055059904
-999.0	765.0	309.2138816867008	7.923638510325642	-9.26493979257253	-1.7270737134276133
-999.0	740.0	310.5797639538878	6.6797490044246075	-9.283167078381517	-1.3595687184069858
-999.0	715.0	311.99971667460534	5.701812501937662	-8.968345884292868	-1.030197816442714
-999.0	690.0	313.35912855244214	4.931984017765746	-8.481217766565008	-0.7618391280403045
-999.0	665.0	314.6120444759297	4.421472182349583	-7.8330325739724325	-0.5699513686141212
-999.0	640.0	315.94041326015656	3.921977490659766	-7.329520471512316	-0.39513089484167596
-999.0	615.0	317.3885245494703	3.4338167943651827	-7.068874877596641	-0.22498360962149366
-999.0	590.0	319.04015368217654	2.9862673713101313	-7.006444490145097	-0.025793674091492115
-999.0	565.0	320.9197665874656	2.5689409649561323	-7.161862659075876	0.2004663880382443
-999.0	540.0	322.9078791442595	2.1655009597066854	-7.407542565512253	0.36120722170862835
-999.0	515.0	324.9554428451082	1.7616934407325064	-7.711153505340435	0.39912939559494426
-999.0	490.0	327.02861188654015	1.412006180910842	-7.984676359191763	0.2421699942104787
-999.0	465.0	329.0891628113071	1.116947685442277	-8.204671069743137	-0.10381153781731992
-999.0	440.0	331.1542814225229	0.893841055650562	-8.412438247885028	-0.36311315084316503
-999.0	415.0	333.19661971116597	0.7432404147490643	-8.53159719268009	-0.4386521472580609
-999.0	390.0	335.2217548481596	0.6110374921016299	-8.246390779813147	-0.38499948642555293
-999.0	365.0	337.17671462573816	0.4962184455186634	-7.419432213500398	-0.2691624019117574
-999.0	340.0	338.998070282073	0.40068676446875257	-6.183597956857995	-0.2887628418467472
-999.0	315.0	340.65864930665646	0.32256395224895995	-4.688575034340209	-0.44149636553181526
-999.0	290.0	342.28879257546396	0.24525374611692027	-3.2960571692812644	-0.43479891085911393
-999.0	265.0	343.9838188219402	0.17546949430649866	-2.093402144336454	-0.11358026675290733
-999.0	240.0	345.7334560129866	0.11589453356074551	-0.827776868310164	0.5149429511456315
-999.0	215.0	347.38361426620054	0.07092034152989904	0.5946225081645274	1.2647979999818997
-999.0	190.0	349.04470746325103	0.04199790972329356	2.0265228869838032	1.7732636758260347
-999.0	165.0	351.3136799098684	0.022010564744945584	3.1997201605922845	1.9549024439758076
-999.0	140.0	355.7243869585541	0.010187232197957115	3.5955885942020975	1.8868545075022212
-999.0	115.0	367.207097007751	0.006065224888660606	3.7594505085477143	1.4003589441852697
-999.0	90.0	393.632401126936	0.005530646664001803	5.14998250253616	0.557954356547414
-999.0	65.0	442.34950153161617	0.0034018437681157666	1.2645656344672827	-0.09184076799641884
-999.0	40.0	532.7416370255913	0.013821930905419779	-9.522912797473683	-0.29341232143934964
-999.0	15.0	722.619342822958	0.07081038528491602	-18.358456515130467	-0.24369198391362756
245.15277777777777	40	1005.043148949033	day	levels	pres0
-999.0	990.0	300.6220203727535	15.663371570526618	-2.8079433549964166	-0.6467584125579193
-999.0	965.0	302.40865978135866	14.999667076837463	-4.661784181519147	-1.3613228627909066
-999.0	940.0	303.32384470426166	14.727460868774912	-5.588149729229141	-1.8819950936095815
-999.0	915.0	304.03751631265453	14.28408883866811	-6.229797904453569	-2.2976310421668074
-999.0	890.0	304.6645485542354	13.6563279666598	-6.788727817081259	-2.5944949147246814
-999.0	865.0	305.33201843528025	12.800747114514559	-7.329745489453503	-2.743249400267491
-999.0	840.0	306.0744594423413	11.773406664530441	-7.890801051306335	-2.704070479623819
-999.0	815.0	306.9280545141309	10.620727478511748	-8.45273115142942	-2.499196523475231
-999.0	790.0	307.94702853034767	9.334012304033543	-8.950574632674915	-2.195874511545102
-999.0	765.0	309.16323709949603	7.9568404735080644	-9.299563831753192	-1.8224514474471072
-999.0	740.0	310.5255051855801	6.715880719442201	-9.317807617641622	-1.4419327162442415
-999.0	715.0	311.9476737352338	5.733271999964626	-9.002497374065328	-1.0973168378843456
-999.0	690.0	313.31021633038773	4.958198746991527	-8.511173399667882	-0.8143444637516503
-999.0	665.0	314.56639525527584	4.441834941742904	-7.853781546865187	-0.6089253688733625
-999.0	640.0	315.8963889115673	3.9361592029768278	-7.339347292506505	-0.42039980159864976
-999.0	615.0	317.3437863076202	3.441363610445505	-7.06697685188718	-0.23629530906558957
-999.0	590.0	318.9933132426885	2.989318120574194	-6.996608209988436	-0.024296614385790706
-999.0	565.0	320.8696516060927	2.5702153354410147	-7.149998929765498	0.21289085703235913
-999.0	540.0	322.8551820008127	2.1663706825366096	-7.399506535795007	0.3822026307443197
-999.0	515.0	324.9017302786521	1.7636379415080654	-7.712408436669247	0.42561412620401273
-999.0	490.0	326.97623058658564	1.4140450244858145	-7.992516283951109	0.2710051108447204
-999.0	465.0	329.040605631453	1.1178854181179922	-8.213820044010406	-0.07653702310627643
-999.0	440.0	331.10978778995917	0.8942018103977989	-8.41972696568285	-0.34166379481377485
-999.0	415.0	333.1560489596384	0.743706167335548	-8.535171133894774	-0.42723301928195045
-999.0	390.0	335.18641997990755	0.6119095105973498	-8.248324468022307	-0.3845331430849079
-999.0	365.0	337.14811430777	0.49763719246737503	-7.420604487023661	-0.27856814652858025
-999.0	340.0	338.97555951678544	0.40247500350787474	-6.175255499129738	-0.30440736151048087
-999.0	315.0	340.6410960749764	0.3245118691748564	-4.661152387924862	-0.45853278708332806
-999.0	290.0	342.27678851607305	0.24706348880297557	-3.252140885795532	-0.44910218375955924
-999.0	265.0	343.9785066176883	0.17695865117841256	-2.0402911959423187	-0.12026267486904843
-999.0	240.0	345.73313448207944	0.1170070577146748	-0.7697183740222033	0.5251044304597915
-999.0	215.0	347.37947657694474	0.07163282313812792	0.6545844981594434	1.3046658029631806
-999.0	190.0	349.02183673641605	0.04230910841198183	2.0862081251328624	1.8460523486137095
-999.0	165.0	351.2655658385669	0.02207179981032532	3.254024597860491	2.041237314778625
-999.0	140.0	355.66123883685157	0.010187315481108808	3.6294738949527634	1.9570436252960772
-999.0	115.0	367.16294185817327	0.006068130042256107	3.768964393862648	1.4416681817836026
-999.0	90.0	393.6658156720488	0.00555766736977688	5.157074960451273	0.5708094968807803
-999.0	65.0	442.4647452645778	0.003389418515051529	1.2778458301096145	-0.09915351780456619
-999.0	40.0	532.8338139758242	0.013888557604144465	-9.477041509712047	-0.30560650049693605
-999.0	15.0	722.6626060527954	0.0709204380474393	-18.303427077475074	-0.25477240689926184
245.16666666666666	40	1004.9189976283483	day	levels	pres0
-999.0	990.0	300.5590613101306	15.64694947288148	-2.8261413545835725	-0.6822139006995256
-999.0	965.0	302.3969699008053	14.97838599341254	-4.694950220130763	-1.4092800374187446
-999.0	940.0	303.33145363371176	14.707304182506727	-5.624049970081901	-1.940918243357151
-999.0	915.0	304.04878256192296	14.26515797206333	-6.261932180041382	-2.369428077712707
-999.0	890.0	304.6697917425354	13.637511344183055	-6.818578141076239	-2.6791309458869503
-999.0	865.0	305.3263845145618	12.785440058935258	-7.361450728915999	-2.837646115393945
-999.0	840.0	306.0567991363121	11.767721448625847	-7.925364062899647	-2.804744487717127
-999.0	815.0	306.8986633490645	10.629249209449428	-8.488241377330976	-2.6039144978637743
-999.0	790.0	307.90597336943836	9.356392792293033	-8.985461621057432	-2.299212017584511
-999.0	765.0	309.1125925122913	7.990042436690595	-9.334187870933912	-1.9178291814668729
-999.0	740.0	310.4712464172723	6.752012434459903	-9.352448156901785	-1.5242967140817256
-999.0	715.0	311.89563079586213	5.76473149799168	-9.03664886383785	-1.1644358593261512
-999.0	690.0	313.2613041083331	4.9844134762173855	-8.54112903277081	-0.8668497994631197
-999.0	665.0	314.52074603462194	4.4621977011362945	-7.874530519757958	-0.647899369132683
-999.0	640.0	315.85236456297764	3.950340915293939	-7.349174113500687	-0.44566870835566375
-999.0	615.0	317.2990480657699	3.448910426525853	-7.065078826177681	-0.24760700850969342
-999.0	590.0	318.94647280320015	2.992368869838265	-6.986771929831723	-0.02279955468006684
-999.0	565.0	320.8195366247196	2.5714897059258983	-7.138135200455062	0.2253153260265246
-999.0	540.0	322.80248485736564	2.167240405366537	-7.391470506077708	0.40319803978008495
-999.0	515.0	324.8480177121959	1.7655824422836355	-7.71366336799802	0.45209885681317136
-999.0	490.0	326.92384928663085	1.4160838680607983	-8.000356208710437	0.29984022747905875
-999.0	465.0	328.9920484515987	1.118823150793715	-8.222969018277668	-0.04926250839514158
-999.0	440.0	331.06529415739504	0.8945625651450411	-8.42701568348068	-0.32021443878430905
-999.0	415.0	333.1154782081107	0.7441719199220362	-8.538745075109476	-0.4158138913057904
-999.0	390.0	335.1510851116554	0.6127815290930749	-8.250258156231492	-0.3840667997442436
-999.0	365.0	337.1195139898017	0.4990559394160935	-7.421776760546962	-0.28797389114541755
-999.0	340.0	338.9530487514977	0.40426324254700385	-6.166913041401499	-0.32005188117426014
-999.0	315.0	340.6235428432963	0.32645978610075854	-4.6337297415094785	-0.47556920863490976
-999.0	290.0	342.2647844566821	0.24887323148903545	-3.2082246023097096	-0.46340545666008
-999.0	265.0	343.97319441343643	0.17844780805032986	-1.9871802475480498	-0.12694508298524368
-999.0	240.0	345.73281295117226	0.11811958186860672	-0.7116598797340703	0.5352659097739599
-999.0	215.0	347.37533888768894	0.0723453047463587	0.7145464881545632	1.344533605944574
-999.0	190.0	348.99896600958095	0.04262030710067089	2.145893363282158	1.918841021401609
-999.0	165.0	351.2174517672653	0.02213303487570512	3.3083290351289456	2.1275721855817262
-999.0	140.0	355.5980907151488	0.010187398764260436	3.663359195703615	2.027232743090184
-999.0	115.0	367.11878670859534	0.00607103519585161	3.7784782791776594	1.4829774193820968
-999.0	90.0	393.6992302171617	0.005584688075552063	5.164167418366381	0.5836646372142071
-999.0	65.0	442.5799889975399	0.0033769932619872383	1.2911260257519301	-0.10646626761272529
-999.0	40.0	532.9259909260575	0.013955184302869364	-9.431170221950298	-0.3178006795545528
-999.0	15.0	722.705869282633	0.07103049080996304	-18.248397639819498	-0.26585282988492354
245.18055555555554	40	1004.794846307664	day	levels	pres0
-999.0	990.0	300.4961022475079	15.630527375236406	-2.844339354170681	-0.7176693888410469
-999.0	965.0	302.3852800202519	14.9571049099877	-4.728116258742294	-1.4572372120464787
-999.0	940.0	303.3390625631617	14.687147496238609	-5.659950210934567	-1.999841393104584
-999.0	915.0	304.0600488111912	14.246227105458603	-6.294066455629117	-2.4412251132584277
-999.0	890.0	304.67503493083535	13.618694721706353	-6.848428465071161	-2.7637669770489977
-999.0	865.0	305.32075059384346	12.770133003355985	-7.393155968378442	-2.932042830520142
-999.0	840.0	306.03913883028304	11.762036232721252	-7.959927074492902	-2.9054184958101534
-999.0	815.0	306.8692721839982	10.637770940387059	-8.523751603232466	-2.7086324722520185
-999.0	790.0	307.8649182085293	9.378773280552444	-9.020348609439887	-2.402549523623622
-999.0	765.0	309.0619479250866	8.023244399873017	-9.368811910114568	-2.0132069154863665
-999.0	740.0	310.41698764896466	6.788144149477496	-9.387088696161886	-1.606660711918981
-999.0	715.0	311.8435878564906	5.796190996018644	-9.07080035361031	-1.2315548807677832
-999.0	690.0	313.2123918862786	5.010628205443166	-8.571084665873686	-0.9193551351744654
-999.0	665.0	314.4750968139681	4.4825604605296165	-7.895279492650713	-0.6868733693919246
-999.0	640.0	315.8083402143883	3.964522627611	-7.359000934494875	-0.4709376151126375
-999.0	615.0	317.25430982391975	3.4564572426061746	-7.06318080046822	-0.25891870795378935
-999.0	590.0	318.89963236371204	2.995419619102328	-6.97693564967506	-0.021302494974365527
-999.0	565.0	320.76942164334673	2.5727640764107798	-7.126271471144684	0.23773979502063947
-999.0	540.0	322.7497877139188	2.1681101281964605	-7.383434476360462	0.4241934488157763
-999.0	515.0	324.7943051457399	1.767526943059194	-7.714918299326833	0.4785835874222397
-999.0	490.0	326.8714679866763	1.41812271163577	-8.008196133469784	0.3286753441133003
-999.0	465.0	328.9434912717445	1.11976088346943	-8.232117992544936	-0.021987993684098043
-999.0	440.0	331.0208005248313	0.894923319892278	-8.434304401278503	-0.2987650827549186
-999.0	415.0	333.07490745658316	0.7446376725085201	-8.542319016324159	-0.4043947633296801
-999.0	390.0	335.11575024340334	0.6136535475887948	-8.252191844440654	-0.38360045640359847
-999.0	365.0	337.09091367183345	0.5004746863648053	-7.422949034070226	-0.2973796357622404
-999.0	340.0	338.9305379862101	0.4060514815861261	-6.158570583673245	-0.33569640083799396
-999.0	315.0	340.6059896116163	0.328407703026655	-4.606307095094131	-0.4926056301864226
-999.0	290.0	342.2527803972911	0.2506829741750908	-3.164308318823977	-0.4777087295605254
-999.0	265.0	343.96788220918444	0.17993696492224373	-1.934069299153915	-0.13362749110138505
-999.0	240.0	345.7324914202649	0.11923210602253605	-0.6536013854461101	0.5454273890881199
-999.0	215.0	347.37120119843314	0.07305778635458758	0.7745084781494798	1.3844014089258547
-999.0	190.0	348.976095282746	0.04293150578935914	2.2055786014312173	1.9916296941892835
-999.0	165.0	351.1693376959638	0.02219426994108486	3.3626334723971523	2.2139070563845435
-999.0	140.0	355.5349425934463	0.01018748204741213	3.69724449645428	2.0974218608840407
-999.0	115.0	367.0746315590175	0.006073940349447109	3.787992164492593	1.5242866569804296
-999.0	90.0	393.73264476227456	0.005611708781327138	5.171259876281494	0.5965197775475737
-999.0	65.0	442.6952327305014	0.003364568008923002	1.3044062213942622	-0.11377901742087256
-999.0	40.0	533.0181678762905	0.01402181100159405	-9.385298934188661	-0.3299948586121391
-999.0	15.0	722.7491325124706	0.07114054357248632	-18.193368202164105	-0.276933252870558
245.19444444444446	40	1004.6706949869794	day	levels	pres0
-999.0	990.0	300.433143184885	15.614105277591268	-2.862537353757841	-0.7531248769826578
-999.0	965.0	302.3735901396986	14.935823826562778	-4.7612822973539215	-1.505194386674328
-999.0	940.0	303.3466714926117	14.666990809970414	-5.695850451787338	-2.0587645428521677
-999.0	915.0	304.07131506045965	14.227296238853803	-6.326200731216939	-2.513022148804344
-999.0	890.0	304.6802781191354	13.599878099229587	-6.878278789066154	-2.8484030082112843
-999.0	865.0	305.3151166731251	12.75482594777666	-7.424861207840957	-3.0264395456466118
-999.0	840.0	306.0214785242538	11.756351016816634	-7.994490086086237	-3.006092503903474
-999.0	815.0	306.8398810189319	10.646292671324717	-8.559261829134044	-2.8133504466405697
-999.0	790.0	307.8238630476201	9.401153768811922	-9.055235597822428	-2.505887029663033
-999.0	765.0	309.01130333788177	8.05644636305554	-9.403435949295309	-2.10858464950613
-999.0	740.0	310.3627288806568	6.8242758644952	-9.421729235422067	-1.6890247097564632
-999.0	715.0	311.79154491711887	5.827650494045706	-9.104951843382839	-1.2986739022095937
-999.0	690.0	313.163479664224	5.036842934669031	-8.601040298976608	-0.9718604708859457
-999.0	665.0	314.4294475933141	4.502923219923005	-7.916028465543479	-0.7258473696512603
-999.0	640.0	315.7643158657987	3.978704339928108	-7.368827755489042	-0.4962065218696673
-999.0	615.0	317.2095715820695	3.464004058686518	-7.061282774758701	-0.2702304073979047
-999.0	590.0	318.85279192422377	2.998470368366393	-6.967099369518321	-0.01980543526864977
-999.0	565.0	320.71930666197363	2.574038446895659	-7.114407741834227	0.25016426401479813
-999.0	540.0	322.6970905704718	2.1689798510263834	-7.375398446643147	0.44518885785153484
-999.0	515.0	324.7405925792837	1.76947144383476	-7.716173230655601	0.5050683180313914
-999.0	490.0	326.8190866867216	1.420161555210751	-8.01603605822911	0.3575104607476321
-999.0	465.0	328.8949340918902	1.12069861614515	-8.24126696681219	0.005286521027030645
-999.0	440.0	330.97630689226736	0.8952840746395175	-8.441593119076314	-0.27731572672545907
-999.0	415.0	333.0343367050555	0.7451034250950059	-8.545892957538832	-0.3929756353535276
-999.0	390.0	335.08041537515123	0.6145255660845178	-8.254125532649802	-0.38313411306294154
-999.0	365.0	337.0623133538652	0.501893433313522	-7.424121307593479	-0.3067853803790806
-999.0	340.0	338.90802722092224	0.40783972062525414	-6.150228125944952	-0.35134092050176674
-999.0	315.0	340.5884363799361	0.33035561995255686	-4.578884448678687	-0.5096420517379856
-999.0	290.0	342.2407763379002	0.2524927168611507	-3.120392035338096	-0.4920120024610194
-999.0	265.0	343.9625700049326	0.1814261217941613	-1.880958350759601	-0.14030989921755369
-999.0	240.0	345.7321698893578	0.12034463017646832	-0.5955428911579462	0.5555888684023106
-999.0	215.0	347.36706350917734	0.07377026796281867	0.8344704681446237	1.4242692119072697
-999.0	190.0	348.953224555911	0.04324270447804841	2.265263839580536	2.064418366977208
-999.0	165.0	351.1212236246622	0.022255505006464768	3.4169379096656245	2.3002419271876677
-999.0	140.0	355.4717944717436	0.010187565330563796	3.7311297972051363	2.1676109786781717
-999.0	115.0	367.03047640943964	0.006076845503042621	3.7975060498075983	1.5655958945789514
-999.0	90.0	393.7660593073875	0.00563872948710233	5.178352334196609	0.6093749178810258
-999.0	65.0	442.8104764634636	0.003352142755858705	1.3176864170365887	-0.121091767229019
-999.0	40.0	533.1103448265238	0.014088437700318972	-9.339427646426895	-0.3421890376697505
-999.0	15.0	722.7923957423086	0.07125059633501003	-18.138338764508525	-0.2880136758562175
245.20833333333334	40	1004.5465436662951	day	levels	pres0
-999.0	990.0	300.3701841222623	15.597683179946197	-2.880735353344949	-0.7885803651241792
-999.0	965.0	302.3619002591453	14.914542743137936	-4.794448335965449	-1.5531515613020601
-999.0	940.0	303.3542804220617	14.646834123702302	-5.731750692640005	-2.1176876925995978
-999.0	915.0	304.08258130972797	14.208365372249077	-6.358335006804672	-2.58481918435006
-999.0	890.0	304.6855213074353	13.581061476752884	-6.908129113061071	-2.933039039373326
-999.0	865.0	305.30948275240667	12.739518892197387	-7.456566447303397	-3.1208362607728013
-999.0	840.0	306.00381821822464	11.750665800912035	-8.029053097679489	-3.10676651199649
-999.0	815.0	306.81048985386553	10.654814402262351	-8.594772055035532	-2.9180684210288046
-999.0	790.0	307.7828078867108	9.423534257071331	-9.090122586204878	-2.6092245357021353
-999.0	765.0	308.9606587506771	8.089648326237963	-9.438059988475967	-2.2039623835256146
-999.0	740.0	310.3084701123491	6.86040757951279	-9.456369774682162	-1.77138870759371
-999.0	715.0	311.73950197774735	5.859109992072668	-9.139103333155298	-1.3657929236512172
-999.0	690.0	313.1145674421695	5.06305766389481	-8.630995932079482	-1.0243658065972838
-999.0	665.0	314.38379837266024	4.523285979316325	-7.936777438436228	-0.7648213699104947
-999.0	640.0	315.7202915172093	3.9928860522451677	-7.3786545764832265	-0.5214754286266347
-999.0	615.0	317.16483334021933	3.47155087476684	-7.0593847490492365	-0.2815421068419958
-999.0	590.0	318.80595148473566	3.0015211176304555	-6.957263089361655	-0.018308375562944932
-999.0	565.0	320.66919168060076	2.5753128173805404	-7.102544012523847	0.2625887330089152
-999.0	540.0	322.6443934270248	2.169849573856307	-7.367362416925898	0.4661842668872274
-999.0	515.0	324.68688001282766	1.771415944610319	-7.717428161984411	0.5315530486404603
-999.0	490.0	326.7667053867671	1.4222003987857226	-8.023875982988455	0.38634557738187364
-999.0	465.0	328.84637691203596	1.1216363488208652	-8.250415941079456	0.0325610357380735
-999.0	440.0	330.9318132597035	0.8956448293867545	-8.448881836874131	-0.25586637069607016
-999.0	415.0	332.993765953528	0.7455691776814897	-8.549466898753511	-0.3815565073774194
-999.0	390.0	335.04508050689924	0.6153975845802375	-8.256059220858958	-0.38266776972229916
-999.0	365.0	337.0337130358969	0.5033121802622335	-7.425293581116738	-0.3161911249959065
-999.0	340.0	338.8855164556346	0.40962795966437604	-6.141885668216693	-0.36698544016550316
-999.0	315.0	340.57088314825614	0.33230353687845304	-4.551461802263338	-0.5266784732895003
-999.0	290.0	342.2287722785092	0.25430245954720576	-3.0764757518523633	-0.5063152753614664
-999.0	265.0	343.9572578006807	0.18291527866607496	-1.8278474023654676	-0.14699230733369634
-999.0	240.0	345.73184835845063	0.12145715433039748	-0.5374843968699883	0.5657503477164693
-999.0	215.0	347.3629258199216	0.07448274957104753	0.8944324581395384	1.4641370148885486
-999.0	190.0	348.93035382907595	0.04355390316673668	2.3249490777295954	2.137207039764879
-999.0	165.0	351.07310955336067	0.022316740071844504	3.4712423469338343	2.3865767979904824
-999.0	140.0	355.40864635004107	0.01018764861371549	3.7650150979558052	2.2378000964720277
-999.0	115.0	366.98632125986194	0.006079750656638121	3.807019935122536	1.606905132177286
-999.0	90.0	393.79947385250034	0.0056657501928774065	5.185444792111725	0.622230058214396
-999.0	65.0	442.92572019642523	0.0033397175027944674	1.3309666126789212	-0.1284045170371636
-999.0	40.0	533.2025217767567	0.014155064399043656	-9.29355635866526	-0.35438321672733525
-999.0	15.0	722.835658972146	0.07136064909753329	-18.083309326853136	-0.2990940988418517
245.22222222222223	40	1004.4223923456103	day	levels	pres0
-999.0	990.0	300.30722505963945	15.58126108230106	-2.898933352932105	-0.8240358532657857
-999.0	965.0	302.3502103785919	14.893261659713012	-4.827614374577067	-1.6011087359298999
-999.0	940.0	303.3618893515117	14.626677437434115	-5.7676509334927655	-2.1766108423471695
-999.0	915.0	304.09384755899634	14.189434505644291	-6.390469282392486	-2.656616219895965
-999.0	890.0	304.6907644957354	13.562244854276141	-6.937979437056053	-3.017675070535602
-999.0	865.0	305.3038488316883	12.724211836618087	-7.488271686765897	-3.2152329758992626
-999.0	840.0	305.98615791219544	11.744980585007443	-8.063616109272806	-3.207440520089808
-999.0	815.0	306.78109868879926	10.663336133200032	-8.63028228093709	-3.0227863954173584
-999.0	790.0	307.7417527258016	9.445914745330823	-9.125009574587397	-2.7125620417415526
-999.0	765.0	308.91001416347234	8.122850289420493	-9.47268402765669	-2.29934011754539
-999.0	740.0	310.2542113440413	6.896539294530493	-9.491010313942335	-1.8537527054312024
-999.0	715.0	311.68745903837566	5.890569490099726	-9.173254822927822	-1.432911945093031
-999.0	690.0	313.06565522011493	5.0892723931206705	-8.660951565182408	-1.0768711423087614
-999.0	665.0	314.3381491520063	4.543648738709716	-7.957526411329003	-0.8037953701698224
-999.0	640.0	315.67626716861975	4.00706776456228	-7.388481397477409	-0.5467443353836551
-999.0	615.0	317.12009509836906	3.479097690847189	-7.057486723339745	-0.2928538062861045
-999.0	590.0	318.75911104524744	3.0045718668945263	-6.947426809204943	-0.016811315857224705
-999.0	565.0	320.61907669922766	2.576587187865424	-7.090680283213411	0.27501320200307827
-999.0	540.0	322.5916962835778	2.170719296686234	-7.359326387208601	0.48717967592299144
-999.0	515.0	324.6331674463714	1.7733604453858889	-7.718683093313187	0.5580377792496183
-999.0	490.0	326.7143240868124	1.4242392423607066	-8.031715907747785	0.41518069401621227
-999.0	465.0	328.79781973218167	1.1225740814965877	-8.259564915346722	0.059835550449208935
-999.0	440.0	330.88731962713956	0.8960055841339962	-8.456170554671969	-0.23441701466660297
-999.0	415.0	332.9531952020002	0.7460349302679778	-8.553040839968217	-0.370137379401257
-999.0	390.0	335.0097456386472	0.6162696030759627	-8.257992909068149	-0.38220142638163224
-999.0	365.0	337.00511271792857	0.5047309272109523	-7.426465854640042	-0.3255968696127408
-999.0	340.0	338.86300569034694	0.41141619870350543	-6.133543210488456	-0.38262995982927994
-999.0	315.0	340.553329916576	0.33425145380435545	-4.524039155847955	-0.5437148948410802
-999.0	290.0	342.2167682191183	0.2561122022332659	-3.0325594683665416	-0.5206185482619854
-999.0	265.0	343.95194559642874	0.18440443553799252	-1.7747364539711967	-0.15367471544989011
-999.0	240.0	345.73152682754346	0.12256967848432956	-0.47942590258185325	0.575911827030639
-999.0	215.0	347.3587881306658	0.07519523117927832	0.9543944481346601	1.5040048178699446
-999.0	190.0	348.907483102241	0.043865101855425755	2.3846343158788907	2.2099957125527823
-999.0	165.0	351.02499548205907	0.0223779751372243	3.5255467842022865	2.472911668793586
-999.0	140.0	355.3454982283384	0.010187731896867119	3.798900398706653	2.3079892142661347
-999.0	115.0	366.9421661102841	0.006082655810233623	3.816533820437542	1.6482143697757783
-999.0	90.0	393.8328883976133	0.005692770898652586	5.19253725002683	0.635085198547819
-999.0	65.0	443.0409639293872	0.003327292249730177	1.3442468083212364	-0.13571726684532545
-999.0	40.0	533.2946987269901	0.014221691097768559	-9.24768507090351	-0.3665773957849535
-999.0	15.0	722.8789222019838	0.07147070186005704	-18.028279889197552	-0.31017452182751354
245.23611111111111	40	1004.298241024926	day	levels	pres0
-999.0	990.0	300.24426599701667	15.564838984655989	-2.9171313525192133	-0.8594913414073071
-999.0	965.0	302.3385204980385	14.871980576288173	-4.860780413188598	-1.6490659105576333
-999.0	940.0	303.36949828096164	14.606520751166	-5.803551174345434	-2.2355339920946027
-999.0	915.0	304.1051138082647	14.170503639039564	-6.422603557980222	-2.7284132554416853
-999.0	890.0	304.6960076840353	13.543428231799433	-6.967829761050976	-3.1023111016976497
-999.0	865.0	305.2982149109699	12.708904781038813	-7.519976926228339	-3.3096296910254606
-999.0	840.0	305.9684976061663	11.739295369102845	-8.09817912086606	-3.3081145281828337
-999.0	815.0	306.75170752373293	10.671857864137662	-8.66579250683858	-3.1275043698056035
-999.0	790.0	307.70069756489244	9.468295233590231	-9.159896562969854	-2.8158995477806643
-999.0	765.0	308.8593695762676	8.156052252602917	-9.507308066837348	-2.3947178515648826
-999.0	740.0	310.1999525757335	6.932671009548086	-9.525650853202434	-1.9361167032684587
-999.0	715.0	311.63541609900415	5.922028988126688	-9.20740631270028	-1.5000309665346636
-999.0	690.0	313.0167429980604	5.115487122346452	-8.690907198285284	-1.1293764780201072
-999.0	665.0	314.2924999313524	4.564011498103039	-7.978275384221758	-0.8427693704290639
-999.0	640.0	315.6322428200304	4.0212494768793405	-7.398308218471598	-0.5720132421406289
-999.0	615.0	317.07535685651897	3.4866445069275107	-7.055588697630282	-0.30416550573020046
-999.0	590.0	318.71227060575933	3.00762261615859	-6.937590529048282	-0.015314256151523212
-999.0	565.0	320.5689617178548	2.5778615583503055	-7.078816553903035	0.28743767099719314
-999.0	540.0	322.53899914013095	2.1715890195161576	-7.351290357491356	0.5081750849586826
-999.0	515.0	324.57945487991543	1.775304946161448	-7.7199380246419995	0.5845225098586867
-999.0	490.0	326.6619427868579	1.4262780859356787	-8.039555832507133	0.44401581065045403
-999.0	465.0	328.7492625523276	1.1235118141723024	-8.26871388961399	0.08711006516025253
-999.0	440.0	330.8428259945757	0.8963663388812333	-8.463459272469791	-0.21296765863721254
-999.0	415.0	332.9126244504727	0.7465006828544616	-8.556614781182903	-0.3587182514251467
-999.0	390.0	334.9744107703952	0.6171416215716824	-8.25992659727731	-0.3817350830409871
-999.0	365.0	336.9765123999604	0.5061496741596638	-7.427638128163307	-0.33500261422956373
-999.0	340.0	338.84049492505915	0.41320443774262766	-6.125200752760202	-0.39827447949301353
-999.0	315.0	340.535776684896	0.33619937073025197	-4.4966165094326085	-0.5607513163925929
-999.0	290.0	342.20476415972735	0.25792194491932113	-2.9886431848808077	-0.5349218211624308
-999.0	265.0	343.94663339217686	0.18589359240990638	-1.7216255055770622	-0.1603571235660314
-999.0	240.0	345.7312052966361	0.12368220263825885	-0.42136740829389274	0.5860733063447995
-999.0	215.0	347.35465044140994	0.07590771278750724	1.0143564381295762	1.5438726208512252
-999.0	190.0	348.88461237540594	0.044176300544114006	2.44431955402795	2.282784385340457
-999.0	165.0	350.9768814107576	0.022439210202604042	3.5798512214704927	2.559246539596404
-999.0	140.0	355.2823501066358	0.010187815180018813	3.832785699457318	2.3781783320599907
-999.0	115.0	366.8980109607063	0.006085560963829123	3.8260477057524764	1.689523607374111
-999.0	90.0	393.8663029427261	0.005719791604427664	5.199629707941942	0.6479403388811854
-999.0	65.0	443.156207662349	0.0033148669966659404	1.3575270039635685	-0.14303001665347265
-999.0	40.0	533.3868756772231	0.014288317796493243	-9.201813783141874	-0.37877157484254004
-999.0	15.0	722.9221854318214	0.0715807546225803	-17.973250451542167	-0.32125494481314787
245.25	40	1004.1740897042412	day	levels	pres0
-999.0	990.0	300.1813069343938	15.548416887010847	-2.9353293521063675	-0.8949468295489041
-999.0	965.0	302.32683061748526	14.85069949286325	-4.89394645180021	-1.69702308518546
-999.0	940.0	303.37710721041174	14.586364064897811	-5.839451415198192	-2.2944571418421615
-999.0	915.0	304.1163800575331	14.151572772434784	-6.4547378335680285	-2.800210290987577
-999.0	890.0	304.7012508723354	13.524611609322687	-6.997680085045952	-3.186947132859912
-999.0	865.0	305.2925809902515	12.693597725459513	-7.551682165690832	-3.4040264061519085
-999.0	840.0	305.9508373001371	11.733610153198244	-8.132742132459368	-3.4087885362761363
-999.0	815.0	306.7223163586666	10.680379595075337	-8.70130273274013	-3.2322223441941413
-999.0	790.0	307.6596424039832	9.490675721849716	-9.194783551352367	-2.919237053820065
-999.0	765.0	308.8087249890628	8.189254215785438	-9.541932106018066	-2.490095585584641
-999.0	740.0	310.14569380742574	6.96880272456578	-9.560291392462595	-2.018480701105936
-999.0	715.0	311.5833731596324	5.9534884861537405	-9.241557802472796	-1.567149987976466
-999.0	690.0	312.9678307760059	5.14170185157231	-8.720862831388201	-1.181881813731577
-999.0	665.0	314.2468507106985	4.584374257496426	-7.9990243571145205	-0.8817433706883875
-999.0	640.0	315.5882184714409	4.035431189196451	-7.40813503946577	-0.5972821488976479
-999.0	615.0	317.0306186146686	3.4941913230078563	-7.053690671920779	-0.3154772051743098
-999.0	590.0	318.66543016627105	3.010673365422659	-6.927754248891559	-0.013817196445805788
-999.0	565.0	320.5188467364817	2.579135928835188	-7.066952824592591	0.29986213999135164
-999.0	540.0	322.48630199668384	2.1724587423460826	-7.3432543277740505	0.5291704939944405
-999.0	515.0	324.5257423134592	1.7772494469370168	-7.721192955970766	0.611007240467838
-999.0	490.0	326.60956148690315	1.4283169295106617	-8.047395757266454	0.4728509272847857
-999.0	465.0	328.7007053724733	1.124449546848025	-8.277862863881246	0.11438457987138202
-999.0	440.0	330.79833236201176	0.8967270936284748	-8.470747990267618	-0.1915183026077492
-999.0	415.0	332.872053698945	0.7469664354409493	-8.560188722397601	-0.347299123448985
-999.0	390.0	334.93907590214303	0.6180136400674072	-8.261860285486495	-0.38126873970031755
-999.0	365.0	336.94791208199206	0.5075684211083821	-7.428810401686601	-0.3444083588463921
-999.0	340.0	338.81798415977147	0.4149926767817566	-6.116858295031959	-0.41391899915678165
-999.0	315.0	340.51822345321585	0.338147287656154	-4.469193863017219	-0.5777877379441635
-999.0	290.0	342.1927601003364	0.25973168760538107	-2.9447269013949806	-0.5492250940629415
-999.0	265.0	343.9413211879249	0.1873827492818237	-1.6685145571827893	-0.16703953168221877
-999.0	240.0	345.73088376572906	0.12479472679219078	-0.3633089140057564	0.5962347856589726
-999.0	215.0	347.3505127521542	0.076620194395738	1.0743184281247002	1.5837404238326214
-999.0	190.0	348.86174164857096	0.04448749923280307	2.5040047921772515	2.3555730581283574
-999.0	165.0	350.928767339456	0.022500445267983844	3.6341556587389543	2.645581410399505
-999.0	140.0	355.21920198493325	0.010187898463170445	3.866671000208174	2.4483674498541017
-999.0	115.0	366.8538558111285	0.006088466117424625	3.835561591067485	1.730832844972611
-999.0	90.0	393.89971748783904	0.0057468123102028465	5.206722165857044	0.6607954792146173
-999.0	65.0	443.271451395311	0.003302441743601646	1.3708071996058737	-0.1503427664616279
-999.0	40.0	533.4790526274563	0.014354944495218144	-9.155942495380131	-0.39096575390015337
-999.0	15.0	722.9654486616591	0.07169080738510404	-17.91822101388659	-0.3323353677988053
245.26388888888889	40	1004.2131168426033	day	levels	pres0
-999.0	990.0	300.1302006383	15.581393832252186	-2.9208139372723205	-0.8970217270155983
-999.0	965.0	302.25156869226817	14.848477030557312	-4.88996057756362	-1.7040157150625383
-999.0	940.0	303.31361375719854	14.569152128128774	-5.85562387912993	-2.308646302019838
-999.0	915.0	304.06076428633764	14.131034994882238	-6.48146046343305	-2.8189407646183455
-999.0	890.0	304.65358666234897	13.504133216918454	-7.025268891501055	-3.2071410985220528
-999.0	865.0	305.252733819304	12.67570279136536	-7.574696132114951	-3.4226225198261777
-999.0	840.0	305.91688629608245	11.72001471595159	-8.148046807637273	-3.4225211607085733
-999.0	815.0	306.6920005248478	10.672119564480267	-8.708067746389455	-3.237811846392527
-999.0	790.0	307.6299887053424	9.487922793342975	-9.194942606819973	-2.9156564866739774
-999.0	765.0	308.7788579835063	8.189014851100884	-9.53572194538416	-2.479096523826083
-999.0	740.0	310.1163726124054	6.967474752002309	-9.54604393338397	-2.004209286755023
-999.0	715.0	311.55670606470125	5.947853796065804	-9.219319248956312	-1.552973743705491
-999.0	690.0	312.94607929410546	5.133190470082413	-8.695026246328167	-1.168686715619863
-999.0	665.0	314.23260876781575	4.574200278709796	-7.976062846562183	-0.8705156577957557
-999.0	640.0	315.5813393746355	4.024228719018743	-7.393795346456832	-0.5903190051515482
-999.0	615.0	317.02994347797585	3.482260575370172	-7.054145529156626	-0.3160449711694289
-999.0	590.0	318.6674149640676	2.9987212944598323	-6.942094341156976	-0.025118434594719928
-999.0	565.0	320.51865086123445	2.568181571742836	-7.092121389177125	0.2748688585346654
-999.0	540.0	322.4814560499541	2.1631532335092074	-7.375062810050138	0.49335663546880576
-999.0	515.0	324.51435489570946	1.7706954195385833	-7.7543139041416485	0.5700962033773007
-999.0	490.0	326.59247482463144	1.4238027244333196	-8.077351861529902	0.4350582351168719
-999.0	465.0	328.6801204102338	1.1213014707678794	-8.299981602600658	0.08808584038225709
-999.0	440.0	330.77686796779267	0.894110417082191	-8.48225233195321	-0.20731388990369465
-999.0	415.0	332.85257545344615	0.7438517358331387	-8.559413740086184	-0.3558541377932568
-999.0	390.0	334.92292501113485	0.6151337598760861	-8.250444210710985	-0.3815788087982137
-999.0	365.0	336.9351785227591	0.5055106807322689	-7.410467665346842	-0.33383757307652073
-999.0	340.0	338.8059616175252	0.4136432258500918	-6.097026160548599	-0.3904521484223359
-999.0	315.0	340.50348513997506	0.33745232392989427	-4.454506889695201	-0.5423659616859019
-999.0	290.0	342.1740857200206	0.25938749954932316	-2.9416878748507647	-0.5109284950626587
-999.0	265.0	343.91823986840785	0.1872151802693101	-1.682587231435479	-0.13715713033594942
-999.0	240.0	345.70340397927134	0.12490699354500122	-0.3973152389424967	0.612841628137129
-999.0	215.0	347.32172591066654	0.0769175456334207	1.0185683123648501	1.5899752949675163
-999.0	190.0	348.83634495461206	0.04460242006277295	2.4240079231204548	2.3570450334144484
-999.0	165.0	350.9093649485002	0.0224789417984466	3.5285606994514205	2.6364129547561563
-999.0	140.0	355.2171975456032	0.010174656612059388	3.7558560182176572	2.4159189789067423
-999.0	115.0	366.89540448050144	0.006083154629561157	3.758077249847383	1.685375347023843
-999.0	90.0	393.9804268367361	0.0057286752169833375	5.176677483414814	0.6345992190079254
-999.0	65.0	443.3000631437133	0.0032822028382695867	1.3665082326957063	-0.14746817307812313
-999.0	40.0	533.4362492427052	0.0143231761065267	-9.15930820410215	-0.3779215458484745
-999.0	15.0	722.8217203402486	0.07132790146011168	-17.925046701279914	-0.322365660338643
245.27777777777777	40	1004.2521439809651	day	levels	pres0
-999.0	990.0	300.0790943422064	15.61437077749342	-2.90629852243833	-0.8990966244822426
-999.0	965.0	302.1763067670513	14.846254568251354	-4.8859747033270615	-1.7110083449395344
-999.0	940.0	303.25012030398545	14.551940191359757	-5.871796343061652	-2.322835462197415
-999.0	915.0	304.0051485151424	14.110497217329733	-6.508183093298038	-2.837671238249008
-999.0	890.0	304.6059224523627	13.483654824514254	-7.052857697956134	-3.2273350641840857
-999.0	865.0	305.21288664835686	12.657807857271239	-7.597710098539071	-3.4412186335003456
-999.0	840.0	305.88293529202787	11.70641927870494	-8.163351482815209	-3.4362537851409236
-999.0	815.0	306.66168469102917	10.663859533885173	-8.714832760038828	-3.243401348590848
-999.0	790.0	307.6003350067017	9.485169864836196	-9.195101662287637	-2.912075919527859
-999.0	765.0	308.7489909779501	8.188775486416288	-9.529511784750321	-2.468097462067535
-999.0	740.0	310.0870514173852	6.966146779438805	-9.531796474305418	-1.9899378724041528
-999.0	715.0	311.53003896977015	5.942219105977864	-9.197080695439912	-1.5387974994345888
-999.0	690.0	312.92432781220515	5.124679088592535	-8.669189661268218	-1.1554916175082426
-999.0	665.0	314.218366824933	4.56402629992319	-7.953101336009931	-0.8592879449032227
-999.0	640.0	315.57446027783016	4.013026248841064	-7.3794556534479625	-0.5833558614055399
-999.0	615.0	317.02926834128317	3.470329827732516	-7.054600386392504	-0.316612737164616
-999.0	590.0	318.66939976186427	2.986769223497033	-6.956434433422389	-0.03641967274366884
-999.0	565.0	320.5184549859873	2.5572272146505077	-7.117289953761622	0.24987557707798536
-999.0	540.0	322.4766101032242	2.1538477246723526	-7.4068712923261755	0.4575427769432108
-999.0	515.0	324.5029674779597	1.7641413921401652	-7.787434852312471	0.5291851662868219
-999.0	490.0	326.5753881623598	1.419288519355988	-8.107307965793296	0.39726554294901684
-999.0	465.0	328.6595354479945	1.1181533946877453	-8.322100341320029	0.06178710089317393
-999.0	440.0	330.7554035735736	0.8914937405359195	-8.493756673638778	-0.22310947719960855
-999.0	415.0	332.8330972079472	0.7407370362253434	-8.558638757774755	-0.3644091521374971
-999.0	390.0	334.90677412012667	0.6122538796847788	-8.23902813593547	-0.3818888778960896
-999.0	365.0	336.9224449635261	0.5034529403561645	-7.392124929007093	-0.32326678730666136
-999.0	340.0	338.79393907527884	0.41229377491843167	-6.077194026065261	-0.3669852976879529
-999.0	315.0	340.4887468267343	0.3367573602036351	-4.4398199163732155	-0.5069441854277601
-999.0	290.0	342.1554113397048	0.2590433114932643	-2.9386488483065665	-0.4726318960625193
-999.0	265.0	343.8951585488906	0.18704761125679534	-1.6966599056881515	-0.10727472898980311
-999.0	240.0	345.6759241928138	0.12501926029781024	-0.4313215638791617	0.6294484706151984
-999.0	215.0	347.2929390691789	0.07721489687110215	0.9628181966051446	1.5962101661023622
-999.0	190.0	348.8109482606531	0.04471734089274253	2.3440110540638677	2.358517008700542
-999.0	165.0	350.8899625575444	0.022457438328909517	3.4229657401641624	2.6272444991128836
-999.0	140.0	355.2151931062732	0.010161414760948421	3.645041036227437	2.3834705079595375
-999.0	115.0	366.93695314987417	0.006077843141697705	3.6805929086274896	1.6399178490752433
-999.0	90.0	394.0611361856331	0.005710538123763871	5.1466328009726645	0.6084029588013189
-999.0	65.0	443.3286748921156	0.003261963932937582	1.3622092657855618	-0.14459357969463346
-999.0	40.0	533.3934458579544	0.014291407717835351	-9.162673912824145	-0.3648773377968276
-999.0	15.0	722.6779920188386	0.07096499553512031	-17.931872388673202	-0.3123959528784943
245.29166666666666	40	1004.2911711193268	day	levels	pres0
-999.0	990.0	300.02798804611257	15.647347722734757	-2.891783107604288	-0.9011715219489385
-999.0	965.0	302.1010448418344	14.84403210594542	-4.881988829090478	-1.7180009748166147
-999.0	940.0	303.18662685077214	14.534728254590716	-5.887968806993402	-2.3370246223750955
-999.0	915.0	303.949532743947	14.08995943977719	-6.534905723163071	-2.856401711879779
-999.0	890.0	304.5582582423763	13.46317643211001	-7.080446504411249	-3.2475290298462283
-999.0	865.0	305.1730394774093	12.639912923177084	-7.6207240649632	-3.459814747174616
-999.0	840.0	305.84898428797317	11.692823841458285	-8.178656157993121	-3.4499864095733597
-999.0	815.0	306.63136885721025	10.655599503290105	-8.721597773688158	-3.248990850789233
-999.0	790.0	307.57068130806084	9.482416936329455	-9.195260717755248	-2.9084953523817685
-999.0	765.0	308.7191239723938	8.188536121731739	-9.523301624116419	-2.4570984003089777
-999.0	740.0	310.0577302223648	6.964818806875339	-9.517549015226795	-1.9756664580532415
-999.0	715.0	311.50337187483876	5.93658441588993	-9.17484214192343	-1.5246212551636171
-999.0	690.0	312.9025763303047	5.11616770710264	-8.643353076208182	-1.1422965193965338
-999.0	665.0	314.20412488205034	4.553852321136562	-7.930139825457598	-0.8480602320105959
-999.0	640.0	315.5675811810248	4.001823778663357	-7.36511596043903	-0.5763927176594449
-999.0	615.0	317.0285932045904	3.4583990800948308	-7.055055243628358	-0.3171805031597397
-999.0	590.0	318.67138455966085	2.974817152534206	-6.970774525687809	-0.047720910892587634
-999.0	565.0	320.51825911074	2.5462728575581544	-7.1424585183461575	0.22488229562129436
-999.0	540.0	322.4717641564944	2.1445422158354766	-7.438679774602268	0.42172891841757165
-999.0	515.0	324.49158006020997	1.7575873647417315	-7.820555800483354	0.4882741291962803
-999.0	490.0	326.55830150008813	1.414774314278646	-8.137264070056743	0.35947285078110014
-999.0	465.0	328.6389504857552	1.1150053186075999	-8.344219080039437	0.03548836140404787
-999.0	440.0	330.7339391793544	0.8888770639896358	-8.505261015324365	-0.23890506449555293
-999.0	415.0	332.81361896244846	0.7376223366175335	-8.557863775463334	-0.3729641664817654
-999.0	390.0	334.8906232291186	0.6093739994934588	-8.227612061159952	-0.38219894699398055
-999.0	365.0	336.90971140429303	0.5013951999800523	-7.373782192667323	-0.31269600153678406
-999.0	340.0	338.7819165330324	0.4109443239867678	-6.057361891581889	-0.34351844695350137
-999.0	315.0	340.4740085134935	0.3360623964773759	-4.425132943051188	-0.47152240916949395
-999.0	290.0	342.13673695938894	0.2586991234372066	-2.935609821762345	-0.43433529706223317
-999.0	265.0	343.8720772293734	0.18688004224428173	-1.7107325799408413	-0.07739232764353145
-999.0	240.0	345.648444406356	0.1251315270506207	-0.46532788881590753	0.646055313093356
-999.0	215.0	347.2641522276912	0.07751224810878485	0.9070680808452857	1.6024450372372578
-999.0	190.0	348.78555156669415	0.04483226172271242	2.2640141850070616	2.3599889839866353
-999.0	165.0	350.8705601665886	0.022435934859372276	3.31737078087662	2.618076043469539
-999.0	140.0	355.2131886669432	0.010148172909837366	3.5342260542369166	2.3510220370121826
-999.0	115.0	366.9785018192472	0.0060725316538342376	3.6031085674073875	1.5944603511264763
-999.0	90.0	394.14184553453	0.005692401030544361	5.116588118530435	0.582206698594628
-999.0	65.0	443.35728664051805	0.003241725027605519	1.3579102988753946	-0.14171898631112403
-999.0	40.0	533.3506424732035	0.01425963932914391	-9.166039621546165	-0.3518331297451435
-999.0	15.0	722.5342636974278	0.07060208961012789	-17.93869807606653	-0.3024262454183273
245.30555555555554	40	1004.3301982576886	day	levels	pres0
-999.0	990.0	299.976881750019	15.680324667975993	-2.8772676927702965	-0.9032464194155825
-999.0	965.0	302.0257829166175	14.841809643639461	-4.878002954853918	-1.72499360469361
-999.0	940.0	303.12313339755923	14.517516317821697	-5.904141270925124	-2.351213782552672
-999.0	915.0	303.89391697275175	14.069421662224684	-6.56162835302806	-2.8751321855104415
-999.0	890.0	304.51059403239003	13.442698039705807	-7.1080353108663274	-3.267722995508262
-999.0	865.0	305.133192306462	12.62201798908296	-7.64373803138732	-3.478410860848784
-999.0	840.0	305.81503328391864	11.679228404211631	-8.193960833171055	-3.4637190340057096
-999.0	815.0	306.6010530233916	10.64733947269501	-8.728362787337533	-3.254580352987555
-999.0	790.0	307.5410276094202	9.479664007822679	-9.195419773222916	-2.9049147852356496
-999.0	765.0	308.6892569668374	8.18829675704714	-9.51709146348258	-2.4460993385504284
-999.0	740.0	310.02840902734465	6.963490834311838	-9.503301556148244	-1.9613950437023722
-999.0	715.0	311.4767047799077	5.93094972580199	-9.152603588407027	-1.5104450108927157
-999.0	690.0	312.8808248484044	5.1076563256127585	-8.617516491148235	-1.1291014212849133
-999.0	665.0	314.18988293916766	4.543678342349955	-7.907178314905345	-0.836832519118063
-999.0	640.0	315.5607020842195	3.990621308485678	-7.35077626743016	-0.5694295739134366
-999.0	615.0	317.0279180678976	3.4464683324571745	-7.055510100864237	-0.31774826915492677
-999.0	590.0	318.67336935745755	2.962865081571407	-6.985114617953221	-0.059022149041536645
-999.0	565.0	320.51806323549283	2.5353185004658263	-7.1676270829306565	0.19988901416461455
-999.0	540.0	322.4669182097646	2.135236706998622	-7.470488256878303	0.3859150598919766
-999.0	515.0	324.48019264246017	1.751033337343313	-7.853676748654175	0.4473630921058018
-999.0	490.0	326.5412148378164	1.4102601092013147	-8.167220174320137	0.32168015861324495
-999.0	465.0	328.6183655235159	1.1118572425274658	-8.366337818758808	0.009189621914964656
-999.0	440.0	330.7124747851354	0.8862603874433642	-8.516765357009936	-0.25470065179146706
-999.0	415.0	332.7941407169495	0.7345076370097381	-8.557088793151904	-0.3815191808260058
-999.0	390.0	334.8744723381104	0.6064941193021514	-8.21619598638444	-0.38250901609185645
-999.0	365.0	336.89697784506006	0.499337459603948	-7.355439456327573	-0.30212521576692475
-999.0	340.0	338.7698939907861	0.40959487305510767	-6.037529757098554	-0.3200515962191184
-999.0	315.0	340.4592702002528	0.3353674327511168	-4.410445969729199	-0.4361006329113521
-999.0	290.0	342.1180625790731	0.25835493538114773	-2.932570795218147	-0.3960386980620939
-999.0	265.0	343.8489959098564	0.18671247323176693	-1.7248052541935142	-0.04750992629738525
-999.0	240.0	345.62096461989853	0.12524379380342968	-0.4993342137525725	0.6626621555714254
-999.0	215.0	347.23536538620357	0.07780959934646631	0.8513179650855807	1.6086799083721037
-999.0	190.0	348.7601548727352	0.04494718255268199	2.1840173159504745	2.361460959272729
-999.0	165.0	350.85115777563277	0.022414431389835197	3.211775821589362	2.6089075878262658
-999.0	140.0	355.2111842276132	0.010134931058726397	3.4234110722466973	2.3185735660649773
-999.0	115.0	367.0200504886198	0.006067220165970788	3.5256242261874937	1.5490028531778766
-999.0	90.0	394.222554883427	0.005674263937324896	5.086543436088287	0.5560104383880216
-999.0	65.0	443.3858983889204	0.0032214861222735133	1.3536113319652505	-0.13884439292763437
-999.0	40.0	533.3078390884526	0.014227870940452563	-9.169405330268159	-0.3387889216934965
-999.0	15.0	722.3905353760179	0.07023918368513653	-17.945523763459818	-0.29245653795817866
245.31944444444446	40	1004.3692253960508	day	levels	pres0
-999.0	990.0	299.9257754539251	15.713301613217341	-2.862752277936235	-0.9053213168822635
-999.0	965.0	301.95052099140037	14.839587181333513	-4.8740170806173175	-1.7319862345706725
-999.0	940.0	303.05963994434603	14.500304381052645	-5.920313734856866	-2.3654029427303382
-999.0	915.0	303.83830120155625	14.04888388467212	-6.588350982893095	-2.8938626591412073
-999.0	890.0	304.4629298224037	13.422219647301556	-7.135624117321453	-3.2879169611704024
-999.0	865.0	305.09334513551454	12.604123054988788	-7.666751997811466	-3.497006974523052
-999.0	840.0	305.78108227986394	11.665632966964955	-8.209265508348984	-3.477451658438139
-999.0	815.0	306.5707371895728	10.639079442099911	-8.73512780098688	-3.260169855185926
-999.0	790.0	307.51137391077935	9.47691107931591	-9.19557882869054	-2.901334218089541
-999.0	765.0	308.65938996128097	8.188057392362563	-9.510881302848684	-2.435100276791848
-999.0	740.0	309.99908783232434	6.962162861748346	-9.489054097069618	-1.947123629351438
-999.0	715.0	311.4500376849765	5.925315035714037	-9.13036503489053	-1.4962687666217258
-999.0	690.0	312.85907336650394	5.09914494412285	-8.591679906088183	-1.1159063231731916
-999.0	665.0	314.1756409962849	4.533504363563316	-7.884216804352994	-0.8256048062254271
-999.0	640.0	315.55382298741415	3.9794188383079625	-7.336436574421213	-0.5624664301673358
-999.0	615.0	317.0272429312049	3.434537584819482	-7.055964958100086	-0.31831603515004786
-999.0	590.0	318.6753541552541	2.9509130106085735	-6.999454710218647	-0.07032338719045798
-999.0	565.0	320.5178673602457	2.5243641433734654	-7.192795647515208	0.17489573270791287
-999.0	540.0	322.46207226303466	2.125931198161738	-7.502296739154415	0.3501012013663191
-999.0	515.0	324.4688052247104	1.7444793099448743	-7.886797696825084	0.40645205501523624
-999.0	490.0	326.5241281755447	1.405745904123968	-8.197176278583614	0.28388746644530394
-999.0	465.0	328.5977805612765	1.1087091664473183	-8.388456557478248	-0.017109117574179756
-999.0	440.0	330.6910103909163	0.8836437108970792	-8.528269698695548	-0.2704962390874234
-999.0	415.0	332.7746624714506	0.7313929374019269	-8.556313810840493	-0.3900741951702817
-999.0	390.0	334.85832144710224	0.6036142391108298	-8.204779911608924	-0.3828190851897525
-999.0	365.0	336.8842442858271	0.497279719227834	-7.337096719987805	-0.29155442999705156
-999.0	340.0	338.75787144853973	0.40824542212344217	-6.01769762261519	-0.296584745484671
-999.0	315.0	340.44453188701186	0.3346724690248565	-4.3957589964071895	-0.40067885665309144
-999.0	290.0	342.09938819875725	0.2580107473250892	-2.929531768673946	-0.3577420990618153
-999.0	265.0	343.82591459033915	0.1865449042192528	-1.7388779284462217	-0.017627524951124327
-999.0	240.0	345.59348483344075	0.12535606055623968	-0.5333405386893276	0.6792689980495673
-999.0	215.0	347.20657854471585	0.07810695058414882	0.7955678493257194	1.6149147795069825
-999.0	190.0	348.73475817877625	0.04506210338265182	2.1040204468936627	2.362932934558814
-999.0	165.0	350.83175538467697	0.02239292792029793	3.106180862301799	2.599739132182925
-999.0	140.0	355.2091797882831	0.010121689207615341	3.312596090256138	2.2861250951176304
-999.0	115.0	367.0615991579929	0.006061908678107313	3.448139884967353	1.5035453552291174
-999.0	90.0	394.3032642323241	0.005656126844105366	5.056498753646037	0.529814178181339
-999.0	65.0	443.4145101373227	0.0032012472169414513	1.3493123650550765	-0.13596979954412533
-999.0	40.0	533.2650357037016	0.0141961025517611	-9.172771038990179	-0.32574471364181273
-999.0	15.0	722.2468070546072	0.06987627776014399	-17.952349450853145	-0.2824868304980148
245.33333333333334	40	1004.4082525344124	day	levels	pres0
-999.0	990.0	299.87466915783153	15.746278558458574	-2.8482368631022426	-0.9073962143489099
-999.0	965.0	301.8752590661837	14.83736471902756	-4.870031206380757	-1.7389788644476714
-999.0	940.0	302.9961464911329	14.483092444283626	-5.9364861987885895	-2.379592102907919
-999.0	915.0	303.78268543036114	14.028346107119617	-6.615073612758083	-2.9125931327718724
-999.0	890.0	304.41526561241744	13.401741254897349	-7.163212923776531	-3.3081109268324393
-999.0	865.0	305.05349796456727	12.586228120894662	-7.689765964235584	-3.515603088197223
-999.0	840.0	305.74713127580935	11.652037529718301	-8.22457018352692	-3.491184282870491
-999.0	815.0	306.5404213557541	10.630819411504822	-8.741892814636254	-3.2657593573842485
-999.0	790.0	307.48172021213867	9.474158150809131	-9.195737884158206	-2.8977536509434216
-999.0	765.0	308.62952295572484	8.187818027677965	-9.504671142214844	-2.424101215033298
-999.0	740.0	309.9697666373041	6.960834889184844	-9.474806637991067	-1.932852215000566
-999.0	715.0	311.42337059004535	5.919680345626101	-9.108126481374129	-1.4820925223508208
-999.0	690.0	312.8373218846037	5.090633562632971	-8.565843321028233	-1.1027112250615676
-999.0	665.0	314.1613990534022	4.5233303847767115	-7.861255293800741	-0.8143770933328895
-999.0	640.0	315.5469438906088	3.9682163681302822	-7.322096881412343	-0.5555032864213225
-999.0	615.0	317.02656779451206	3.422606837181826	-7.056419815335964	-0.3188838011452295
-999.0	590.0	318.67733895305076	2.938960939645775	-7.013794802484057	-0.08162462533940165
-999.0	565.0	320.51767148499846	2.5134097862811378	-7.2179642120997025	0.14990245125123805
-999.0	540.0	322.4572263163048	2.1166256893248834	-7.5341052214304485	0.31428734284072884
-999.0	515.0	324.4574178069606	1.737925282546455	-7.919918644995905	0.3655410179247614
-999.0	490.0	326.50704151327307	1.401231699046637	-8.227132382847007	0.2460947742774522
-999.0	465.0	328.5771955990372	1.105561090367184	-8.410575296197619	-0.043407857063260426
-999.0	440.0	330.66954599669725	0.8810270343508075	-8.539774040381115	-0.28629182638333556
-999.0	415.0	332.75518422595184	0.7282782377941315	-8.555538828529064	-0.39862920951452124
-999.0	390.0	334.84217055609406	0.6007343589195224	-8.193363836833411	-0.3831291542876282
-999.0	365.0	336.8715107265941	0.4952219788517298	-7.3187539836480555	-0.2809836442271927
-999.0	340.0	338.7458489062934	0.40689597119178234	-5.997865488131852	-0.2731178947502891
-999.0	315.0	340.4297935737711	0.33397750529859765	-4.381072023085202	-0.3652570803949504
-999.0	290.0	342.0807138184415	0.25766655926903054	-2.926492742129748	-0.3194455000616769
-999.0	265.0	343.802833270822	0.18637733520673808	-1.7529506026988937	0.012254876395021128
-999.0	240.0	345.56600504698315	0.1254683273090487	-0.5673468636259912	0.6958758405276361
-999.0	215.0	347.1777917032283	0.0784043018218302	0.7398177335660171	1.6211496506418277
-999.0	190.0	348.70936148481735	0.04517702421262137	2.0240235778370814	2.3644049098449065
-999.0	165.0	350.8123529937212	0.02237142445076084	3.000585903014548	2.5905706765396523
-999.0	140.0	355.2071753489531	0.01010844735650437	3.2017811082659247	2.253676624170428
-999.0	115.0	367.1031478273656	0.006056597190243864	3.370655543747463	1.4580878572805218
-999.0	90.0	394.3839735812209	0.005637989750885902	5.026454071203887	0.5036179179747374
-999.0	65.0	443.443121885725	0.003181008311609447	1.3450133981449302	-0.13309520616063228
-999.0	40.0	533.2222323189505	0.014164334163069755	-9.176136747712173	-0.3127005055901647
-999.0	15.0	722.103078733197	0.06951337183515263	-17.95917513824644	-0.27251712303786674
245.34722222222223	40	1004.4472796727744	day	levels	pres0
-999.0	990.0	299.82356286173774	15.779255503699915	-2.833721448268202	-0.9094711118156037
-999.0	965.0	301.79999714096664	14.835142256721621	-4.866045332144176	-1.7459714943247489
-999.0	940.0	302.93265303791975	14.465880507514587	-5.95265866272034	-2.393781263085595
-999.0	915.0	303.72706965916564	14.007808329567071	-6.641796242623115	-2.931323606402641
-999.0	890.0	304.36760140243103	13.381262862493115	-7.190801730231648	-3.328304892494579
-999.0	865.0	305.01365079361983	12.568333186800512	-7.712779930659715	-3.534199201871491
-999.0	840.0	305.7131802717547	11.638442092471648	-8.239874858704832	-3.5049169073029254
-999.0	815.0	306.5101055219352	10.622559380909749	-8.748657828285584	-3.271348859582632
-999.0	790.0	307.45206651349787	9.471405222302392	-9.195896939625817	-2.8941730837973316
-999.0	765.0	308.5996559501683	8.187578662993419	-9.498460981580942	-2.413102153274742
-999.0	740.0	309.9404454422837	6.959506916621376	-9.460559178912446	-1.9185808006496567
-999.0	715.0	311.39670349511414	5.914045655538163	-9.085887927857646	-1.4679162780798523
-999.0	690.0	312.8155704027032	5.082122181143077	-8.5400067359682	-1.0895161269498626
-999.0	665.0	314.1471571105194	4.513156405990083	-7.838293783248408	-0.8031493804402672
-999.0	640.0	315.5400647938035	3.957013897952575	-7.307757188403411	-0.5485401426752325
-999.0	615.0	317.0258926578193	3.4106760895441406	-7.056874672571817	-0.3194515671403586
-999.0	590.0	318.67932375084735	2.9270088686829467	-7.028134894749481	-0.09292586348832574
-999.0	565.0	320.5174756097512	2.5024554291887835	-7.243132776684242	0.12490916979454195
-999.0	540.0	322.452380369575	2.1073201804880073	-7.565913703706544	0.27847348431508484
-999.0	515.0	324.4460303892109	1.731371255148022	-7.95303959316679	0.32462998083421624
-999.0	490.0	326.48995485100136	1.3967174939692941	-8.257088487110455	0.20830208210953208
-999.0	465.0	328.55661063679787	1.102413014287039	-8.432694034917025	-0.06970659655238898
-999.0	440.0	330.64808160247816	0.8784103578045241	-8.551278382066702	-0.30208741367928166
-999.0	415.0	332.7357059804529	0.7251635381863218	-8.554763846217641	-0.4071842238587904
-999.0	390.0	334.82601966508594	0.5978544787282024	-8.181947762057892	-0.38343922338551945
-999.0	365.0	336.85877716736115	0.49316423847561724	-7.300411247308286	-0.27041285845731494
-999.0	340.0	338.733826364047	0.40554652026011817	-5.97803335364848	-0.24965104401583674
-999.0	315.0	340.41505526053044	0.3332825415723381	-4.366385049763174	-0.3298353041366833
-999.0	290.0	342.0620394381256	0.25732237121297263	-2.923453715585526	-0.28114890106138973
-999.0	265.0	343.77975195130483	0.18620976619422444	-1.7670232769515841	0.04213727774129367
-999.0	240.0	345.5385252605255	0.12558059406185917	-0.6013531885627387	0.712482683005794
-999.0	215.0	347.1490048617406	0.07870165305951296	0.684067617806155	1.6273845217767244
-999.0	190.0	348.68396479085834	0.04529194504259128	1.9440267087802696	2.3658768851310015
-999.0	165.0	350.79295060276536	0.0223499209812236	2.8949909437269983	2.5814022208963077
-999.0	140.0	355.2051709096232	0.010095205505393319	3.090966126275398	2.2212281532230707
-999.0	115.0	367.1446964967386	0.006051285702380394	3.293171202527358	1.4126303593317504
-999.0	90.0	394.46468293011793	0.005619852657666392	4.99640938876166	0.47742165776804174
-999.0	65.0	443.47173363412736	0.003160769406277383	1.3407144312347645	-0.13022061277712618
-999.0	40.0	533.1794289341997	0.01413256577437831	-9.179502456434195	-0.2996562975384817
-999.0	15.0	721.9593504117864	0.0691504659101602	-17.96600082563976	-0.2625474155776991
245.36111111111111	40	1004.4863068111362	day	levels	pres0
-999.0	990.0	299.77245656564406	15.812232448941144	-2.819206033434211	-0.9115460092822479
-999.0	965.0	301.72473521574983	14.832919794415666	-4.862059457907616	-1.7529641242017449
-999.0	940.0	302.8691595847068	14.448668570745568	-5.968831126652062	-2.4079704232631722
-999.0	915.0	303.6714538879704	13.987270552014563	-6.668518872488103	-2.9500540800333033
-999.0	890.0	304.3199371924448	13.360784470088909	-7.218390536686727	-3.3484988581566117
-999.0	865.0	304.97380362267256	12.550438252706385	-7.735793897083834	-3.5527953155456586
-999.0	840.0	305.6792292677002	11.624846655224998	-8.255179533882766	-3.5186495317352753
-999.0	815.0	306.47978968811657	10.614299350314658	-8.755422841934958	-3.276938361780954
-999.0	790.0	307.4224128148572	9.468652293795614	-9.19605599509348	-2.890592516651213
-999.0	765.0	308.5697889446121	8.187339298308821	-9.492250820947103	-2.4021030915161927
-999.0	740.0	309.91112424726356	6.958178944057875	-9.446311719833892	-1.9043093862987877
-999.0	715.0	311.370036400183	5.908410965450226	-9.063649374341246	-1.4537400338089501
-999.0	690.0	312.79381892080283	5.073610799653197	-8.514170150908253	-1.076321028838242
-999.0	665.0	314.1329151676368	4.502982427203477	-7.815332272696155	-0.7919216675477342
-999.0	640.0	315.5331856969982	3.945811427774896	-7.29341749539454	-0.5415769989292243
-999.0	615.0	317.0252175211265	3.3987453419064844	-7.0573295298076975	-0.3200193331355454
-999.0	590.0	318.681308548644	2.9150567977201485	-7.042474987014892	-0.10422710163727474
-999.0	565.0	320.51727973450403	2.4915010720964563	-7.268301341268741	0.09991588833786202
-999.0	540.0	322.44753442284514	2.098014671651152	-7.59772218598258	0.24265962578948988
-999.0	515.0	324.4346429714611	1.7248172277496032	-7.986160541337612	0.2837189437437373
-999.0	490.0	326.47286818872965	1.3922032888919635	-8.287044591373846	0.17050938994167705
-999.0	465.0	328.53602567455846	1.0992649382069046	-8.454812773636396	-0.0960053360414723
-999.0	440.0	330.626617208259	0.8757936812582526	-8.562782723752273	-0.3178830009751957
-999.0	415.0	332.71622773495415	0.7220488385785262	-8.553988863906211	-0.4157392382030306
-999.0	390.0	334.80986877407776	0.5949745985368952	-8.170531687282379	-0.38374929248339545
-999.0	365.0	336.8460436081282	0.49110649809951296	-7.282068510968537	-0.2598420726874555
-999.0	340.0	338.72180382180073	0.40419706932845795	-5.958201219165143	-0.2261841932814537
-999.0	315.0	340.40031694728964	0.33258757784607895	-4.351698076441187	-0.2944135278785415
-999.0	290.0	342.04336505780986	0.25697818315691373	-2.920414689041328	-0.24285230206125044
-999.0	265.0	343.75667063178776	0.18604219718170964	-1.7810959512042561	0.0720196790874399
-999.0	240.0	345.5110454740679	0.12569286081466813	-0.6353595134994033	0.7290895254838637
-999.0	215.0	347.120218020253	0.0789990042971944	0.6283175020464496	1.6336193929115699
-999.0	190.0	348.65856809689944	0.04540686587256084	1.864029839723683	2.367348860417095
-999.0	165.0	350.77354821180955	0.022328417511686523	2.7893959844397407	2.5722337652530354
-999.0	140.0	355.20316647029307	0.010081963654282352	2.980151144285177	2.188779682275866
-999.0	115.0	367.1862451661114	0.006045974214516944	3.2156868613074643	1.3671728613831509
-999.0	90.0	394.545392279015	0.005601715564446928	4.966364706319511	0.4512253975614352
-999.0	65.0	443.50034538252976	0.0031405305009453775	1.3364154643246204	-0.1273460193936366
-999.0	40.0	533.1366255494488	0.014100797385686963	-9.182868165156187	-0.28661208948683475
-999.0	15.0	721.8156220903763	0.06878755998516885	-17.972826513033052	-0.2525777081175505
245.375	40	1004.5253339494978	day	levels	pres0
-999.0	990.0	299.7213502695503	15.845209394182481	-2.804690618600164	-0.913620906748942
-999.0	965.0	301.6494732905328	14.830697332109725	-4.858073583671025	-1.7599567540788228
-999.0	940.0	302.8056661314935	14.431456633976529	-5.985003590583803	-2.422159583440849
-999.0	915.0	303.615838116775	13.966732774462022	-6.695241502353125	-2.968784553664072
-999.0	890.0	304.2722729824584	13.340306077684676	-7.245979343141829	-3.3686928238187526
-999.0	865.0	304.93395645172507	12.53254331861224	-7.758807863507954	-3.571391429219928
-999.0	840.0	305.6452782636455	11.611251217978346	-8.27048420906067	-3.5323821561677122
-999.0	815.0	306.44947385429776	10.606039319719589	-8.762187855584282	-3.28252786397934
-999.0	790.0	307.39275911621627	9.46589936528887	-9.196215050561088	-2.8870119495051254
-999.0	765.0	308.53992193905566	8.187099933624268	-9.486040660313199	-2.3911040297576367
-999.0	740.0	309.88180305224324	6.956850971494404	-9.432064260755267	-1.8900379719478746
-999.0	715.0	311.3433693052517	5.902776275362289	-9.04141082082476	-1.4395637895379747
-999.0	690.0	312.7720674389025	5.0650994181633	-8.488333565848215	-1.0631259307265284
-999.0	665.0	314.11867322475405	4.492808448416847	-7.792370762143818	-0.7806939546551026
-999.0	640.0	315.52630660019275	3.934608957597188	-7.279077802385603	-0.5346138551831248
-999.0	615.0	317.02454238443374	3.3868145942687997	-7.057784387043545	-0.3205870991306646
-999.0	590.0	318.6832933464407	2.903104726757322	-7.056815079280309	-0.11552833978618897
-999.0	565.0	320.51708385925684	2.480546715004104	-7.293469905853272	0.07492260688117573
-999.0	540.0	322.4426884761153	2.0887091628142764	-7.629530668258668	0.2068457672638553
-999.0	515.0	324.4232555537114	1.7182632003511706	-8.019281489508495	0.24280790665319996
-999.0	490.0	326.455781526458	1.387689083814621	-8.317000695637295	0.13271669777376308
-999.0	465.0	328.5154407123193	1.0961168621267594	-8.476931512355804	-0.12230407553059713
-999.0	440.0	330.6051528140399	0.8731770047119687	-8.574287065437861	-0.33367858827114116
-999.0	415.0	332.69674948945516	0.7189341389707158	-8.553213881594797	-0.4242942525473025
-999.0	390.0	334.7937178830696	0.592094718345574	-8.159115612506868	-0.38405936158129156
-999.0	365.0	336.8333100488951	0.4890487577233995	-7.263725774628777	-0.24927128691758432
-999.0	340.0	338.70978127955425	0.4028476183967932	-5.938369084681784	-0.20271734254700796
-999.0	315.0	340.3855786340488	0.3318926141198193	-4.33701110311917	-0.25899175162028
-999.0	290.0	342.0246906774941	0.2566339951008559	-2.917375662497112	-0.2045557030609676
-999.0	265.0	343.7335893122705	0.18587462816919603	-1.7951686254569466	0.10190208043370935
-999.0	240.0	345.4835656876102	0.1258051275674786	-0.6693658384361437	0.7456963679620198
-999.0	215.0	347.0914311787652	0.07929635553487711	0.5725673862865995	1.6398542640464648
-999.0	190.0	348.6331714029405	0.04552178670253073	1.7840329706668854	2.3688208357031857
-999.0	165.0	350.75414582085375	0.022306914042149278	2.683801025152207	2.5630653096096854
-999.0	140.0	355.2011620309632	0.010068721803171296	2.869336162294661	2.156331211328507
-999.0	115.0	367.2277938354843	0.006040662726653475	3.1382025200873622	1.321715363434383
-999.0	90.0	394.62610162791196	0.005583578471227417	4.936320023877281	0.42502913735474335
-999.0	65.0	443.52895713093216	0.003120291595613319	1.3321164974144533	-0.12447142601013189
-999.0	40.0	533.0938221646977	0.014069028996995522	-9.186233873878209	-0.27356788143515587
-999.0	15.0	721.6718937689658	0.06842465406017648	-17.979652200426376	-0.24260800065738816
245.38888888888889	40	1004.7536751883375	day	levels	pres0
-999.0	990.0	299.67016405952353	15.873892610035286	-2.790151198231961	-0.9157310189487325
-999.0	965.0	301.57416316315425	14.824729026310035	-4.854005093612354	-1.7669615276039978
-999.0	940.0	302.74211548496646	14.412424246470124	-6.000985100155791	-2.436290527028743
-999.0	915.0	303.5601890561109	13.944909867786215	-6.72168332432945	-2.987367174691671
-999.0	890.0	304.22459249627735	13.3185996101016	-7.273250924216382	-3.3887333396881827
-999.0	865.0	304.8940759574128	12.513309902615012	-7.781556046198281	-3.589878025036055
-999.0	840.0	305.6113099485603	11.59610308541192	-8.285595655441268	-3.546002529916349
-999.0	815.0	306.4191485195782	10.595944828457315	-8.76878761109849	-3.2880182852821056
-999.0	790.0	307.3631232938911	9.461324759892072	-9.19621869495934	-2.883406900224248
-999.0	765.0	308.51010618129396	8.185272235719005	-9.479700750774777	-2.3801485197766428
-999.0	740.0	309.8525156443958	6.954421667825622	-9.417719822081276	-1.8758811915795786
-999.0	715.0	311.31676272102675	5.896610524919301	-9.019102959405775	-1.4255723290972921
-999.0	690.0	312.75035931293274	5.056248441575058	-8.46243800814186	-1.0501347470377707
-999.0	665.0	314.10442338963816	4.482353503268852	-7.769325123892854	-0.7696229052389456
-999.0	640.0	315.5194552927154	3.9231090540923663	-7.264631229733635	-0.5277598954381987
-999.0	615.0	317.0238945203692	3.374531912425196	-7.058113351700784	-0.32122206291742467
-999.0	590.0	318.68526772461206	2.8907935572048857	-7.071008158108544	-0.12686417405565767
-999.0	565.0	320.5169247640777	2.469362188426265	-7.31846904943861	0.049922221709811226
-999.0	540.0	322.4378526383457	2.0792994622200176	-7.6611613886697185	0.17101798218392658
-999.0	515.0	324.41185876745664	1.7116683835074966	-8.052240928014145	0.201842171568697
-999.0	490.0	326.4387138694937	1.383169653160227	-8.346842930430482	0.09483400271050135
-999.0	465.0	328.4948563529488	1.0929744763979792	-8.4990165886425	-0.14871780899547155
-999.0	440.0	330.5836688209903	0.8705653465456384	-8.585809423336917	-0.3496036011548403
-999.0	415.0	332.6772295173146	0.7158488903253734	-8.55248195879044	-0.43298285898000055
-999.0	390.0	334.7775460720394	0.5892199875698143	-8.147752377722004	-0.3845011041987615
-999.0	365.0	336.82054434848476	0.4869578443467577	-7.245438541684831	-0.23882450405803582
-999.0	340.0	338.69779153669793	0.40144601026697563	-5.91857000351661	-0.17935890881785524
-999.0	315.0	340.3708290341811	0.33115605241249446	-4.322321636336181	-0.2236646193980886
-999.0	290.0	342.0059709337524	0.2562680126182621	-2.914318591829322	-0.16634726855483611
-999.0	265.0	343.7104490567542	0.18568593346410386	-1.8092235435569155	0.13170708455742186
-999.0	240.0	345.4560511262922	0.12589673990649908	-0.7033605013220391	0.7622414271510234
-999.0	215.0	347.06260638544404	0.07957461074231217	0.5168275809476633	1.6460398629544508
-999.0	190.0	348.6077750982506	0.045627401727769246	1.7040540036700125	2.370241850851073
-999.0	165.0	350.7347434298979	0.022283172083368066	2.578219343745402	2.5538346814730457
-999.0	140.0	355.19908835586045	0.010054399680701001	2.758511098367701	2.123798595179571
-999.0	115.0	367.26932812675574	0.0060341436238515855	3.0607140968951985	1.2762418219020633
-999.0	90.0	394.7067950737265	0.005561523921122488	4.906275097339839	0.3988320419919243
-999.0	65.0	443.55755195556463	0.003100646445379825	1.327817625647017	-0.1215965446262082
-999.0	40.0	533.0509783770414	0.014038486494904436	-9.189599926509567	-0.26052355115847625
-999.0	15.0	721.5281919820146	0.06808097305751942	-17.986477584119847	-0.2326382654349434
245.40277777777777	40	1004.9820164271764	day	levels	pres0
-999.0	990.0	299.618977849497	15.902575825888002	-2.775611777863814	-0.9178411311484727
-999.0	965.0	301.4988530357759	14.818760720510335	-4.849936603553715	-1.77396630112909
-999.0	940.0	302.67856483843957	14.39339185896375	-6.016966609727764	-2.4504214706165355
-999.0	915.0	303.50453999544715	13.923086961110446	-6.748125146305739	-3.0059497957191654
-999.0	890.0	304.17691201009643	13.296893142518554	-7.300522505290912	-3.408773855557506
-999.0	865.0	304.85419546310055	12.494076486617812	-7.804304228888608	-3.608364620852081
-999.0	840.0	305.57734163347527	11.58095495284551	-8.300707101821896	-3.5596229036648994
-999.0	815.0	306.3888231848586	10.585850337195028	-8.775387366612751	-3.2935087065848068
-999.0	790.0	307.333487471566	9.456750154495245	-9.196222339357652	-2.879801850943341
-999.0	765.0	308.4802904235324	8.183444537813703	-9.47336084123642	-2.3691930097956573
-999.0	740.0	309.8232282365486	6.951992364156816	-9.40337538340736	-1.861724411211326
-999.0	715.0	311.29015613680195	5.890444774476313	-8.996795097986867	-1.4115808686566829
-999.0	690.0	312.72865118696296	5.047397464986835	-8.43654245043559	-1.0371435633491055
-999.0	665.0	314.0901735545223	4.471898558120884	-7.746279485641975	-0.7585518558228869
-999.0	640.0	315.51260398523806	3.911609150587571	-7.250184657081735	-0.5209059356933631
-999.0	615.0	317.0232466563046	3.362249230581622	-7.058442316358056	-0.32185702670425204
-999.0	590.0	318.6872421027835	2.8784823876524785	-7.085201236936778	-0.1382000083251607
-999.0	565.0	320.5167656688988	2.458177661848452	-7.343468193023915	0.024921836538453555
-999.0	540.0	322.4330168005762	2.069889761625779	-7.692792109080711	0.135190197104038
-999.0	515.0	324.40046198120194	1.7050735666638366	-8.085200366519734	0.1608764364842531
-999.0	490.0	326.4216462125295	1.3786502225058441	-8.376685165223611	0.05695130764729892
-999.0	465.0	328.4742719935786	1.0898320906692103	-8.521101664929153	-0.17513154246030346
-999.0	440.0	330.5621848279407	0.8679536883793196	-8.597331781235948	-0.36552861403850734
-999.0	415.0	332.6577095451739	0.7127636416800455	-8.55175003598607	-0.44167146541266644
-999.0	390.0	334.7613742610091	0.5863452567940679	-8.136389142937135	-0.3849428468162107
-999.0	365.0	336.80777864807425	0.4848669309701247	-7.227151308740897	-0.22837772119849883
-999.0	340.0	338.6858017938417	0.4000444021371625	-5.898770922351461	-0.1560004750887651
-999.0	315.0	340.3560794343134	0.3304194907051704	-4.3076321695532185	-0.18833748717601662
-999.0	290.0	341.9872511900108	0.25590203013566754	-2.9112615211615505	-0.1281388340488477
-999.0	265.0	343.6873088012378	0.18549723875901059	-1.823278461656868	0.16151208868101144
-999.0	240.0	345.4285365649743	0.12598835224551813	-0.737355164207859	0.7787864863399407
-999.0	215.0	347.033781592123	0.07985286594974608	0.46108777560887243	1.6522254618623884
-999.0	190.0	348.5823787935608	0.04573301675300747	1.62407503667335	2.3716628659989634
-999.0	165.0	350.71534103894214	0.022259430124587035	2.472637662338873	2.5446040533364815
-999.0	140.0	355.1970146807579	0.010040077558230796	2.6476860344410382	2.0912659790307893
-999.0	115.0	367.3108624180271	0.00602762452104972	2.983225673703242	1.2307682803699114
-999.0	90.0	394.7874885195408	0.0055394693710176125	4.8762301708024784	0.3726349466291903
-999.0	65.0	443.58614678019717	0.0030810012951463777	1.3235187538796038	-0.11872166324229935
-999.0	40.0	533.0081345893851	0.014007943992813443	-9.1929659791409	-0.24747922088182858
-999.0	15.0	721.3844901950639	0.06773729205486337	-17.99330296781328	-0.22266853021251223
245.41666666666666	40	1005.2103576660161	day	levels	pres0
-999.0	990.0	299.56779163947016	15.931259041740809	-2.7610723574956144	-0.9199512433482641
-999.0	965.0	301.4235429083972	14.812792414710641	-4.845868113495051	-1.780971074654267
-999.0	940.0	302.6150141919125	14.374359471457343	-6.032948119299763	-2.464552414204432
-999.0	915.0	303.44889093478304	13.901264054434638	-6.774566968282077	-3.024532416746768
-999.0	890.0	304.1292315239155	13.275186674935473	-7.327794086365478	-3.4288143714269377
-999.0	865.0	304.8143149687882	12.474843070620583	-7.827052411578947	-3.626851216668209
-999.0	840.0	305.54337331839	11.56580682027908	-8.315818548202499	-3.573243277413536
-999.0	815.0	306.35849785013903	10.57575584593275	-8.781987122126969	-3.29899912788757
-999.0	790.0	307.30385164924076	9.452175549098444	-9.196225983755907	-2.876196801662461
-999.0	765.0	308.4504746657707	8.181616839908441	-9.467020931698004	-2.3582374998146634
-999.0	740.0	309.79394082870124	6.949563060488039	-9.38903094473337	-1.847567630843031
-999.0	715.0	311.263549552577	5.8842790240333285	-8.974487236567883	-1.3975894082160039
-999.0	690.0	312.7069430609932	5.038546488398596	-8.410646892729238	-1.0241523796603529
-999.0	665.0	314.07592371940655	4.461443612972891	-7.7232338473910165	-0.7474808064067352
-999.0	640.0	315.5057526777607	3.90010924708275	-7.235738084429769	-0.5140519759484419
-999.0	615.0	317.02259879223993	3.3499665487380184	-7.0587712810152965	-0.32249199049101673
-999.0	590.0	318.6892164809549	2.866171218100041	-7.099394315765018	-0.14953584259463407
-999.0	565.0	320.5166065737199	2.446993135270612	-7.368467336609258	-7.854863291562043e-05
-999.0	540.0	322.42818096280666	2.060480061031519	-7.724422829491765	0.09936241202410476
-999.0	515.0	324.38906519494725	1.6984787498201614	-8.118159805025387	0.1199107013997461
-999.0	490.0	326.4045785555653	1.3741307918514498	-8.406527400016795	0.019068612584034226
-999.0	465.0	328.4536876342082	1.0866897049404298	-8.543186741215848	-0.20154527592517893
-999.0	440.0	330.540700834891	0.8653420302129894	-8.608854139135	-0.3814536269222054
-999.0	415.0	332.63818957303334	0.7096783930347037	-8.551018113181707	-0.4503600718453608
-999.0	390.0	334.7452024499788	0.5834705260183091	-8.125025908152264	-0.3853845894336754
-999.0	365.0	336.7950129476638	0.4827760175934837	-7.208864075796942	-0.21793093833894442
-999.0	340.0	338.67381205098536	0.39864279400734587	-5.878971841186275	-0.1326420413596067
-999.0	315.0	340.3413298344457	0.3296829289978461	-4.292942702770218	-0.15301035495382076
-999.0	290.0	341.96853144626914	0.25553604765307397	-2.9082044504937543	-0.08993039954271291
-999.0	265.0	343.66416854572145	0.18530854405391847	-1.837333379756837	0.19131709280472636
-999.0	240.0	345.4010220036564	0.12607996458453855	-0.7713498270937601	0.7953315455289458
-999.0	215.0	347.0049567988018	0.08013112115718116	0.4053479702699275	1.6584110607703753
-999.0	190.0	348.556982488871	0.04583863177824601	1.5440960696764678	2.373083881146853
-999.0	165.0	350.69593864798634	0.022235688165805827	2.36705598093206	2.5353734251998454
-999.0	140.0	355.1949410056553	0.010025755435760507	2.5368609705140757	2.0587333628818563
-999.0	115.0	367.3523967092986	0.006021105418247832	2.9057372505110797	1.1852947388375923
-999.0	90.0	394.86818196535535	0.005517414820912683	4.846185244265038	0.3464378512663723
-999.0	65.0	443.6147416048297	0.00306135614491288	1.3192198821121688	-0.11584678185837095
-999.0	40.0	532.9652908017288	0.01397740149072236	-9.196332031772261	-0.23443489060514394
-999.0	15.0	721.2407884081125	0.06739361105220631	-18.000128351506746	-0.21269879499006283
245.43055555555554	40	1005.4386989048552	day	levels	pres0
-999.0	990.0	299.5166054294435	15.959942257593527	-2.746532937127466	-0.9220613555480043
-999.0	965.0	301.348232781019	14.806824108910945	-4.841799623436411	-1.7879758481793588
-999.0	940.0	302.5514635453856	14.35532708395097	-6.048929628871734	-2.478683357792225
-999.0	915.0	303.3932418741191	13.879441147758868	-6.801008790258367	-3.0431150377742626
-999.0	890.0	304.0815510377346	13.253480207352432	-7.35506566744001	-3.4488548872962603
-999.0	865.0	304.7744344744759	12.455609654623386	-7.849800594269275	-3.6453378124842355
-999.0	840.0	305.509405003305	11.55065868771267	-8.330929994583126	-3.586863651162086
-999.0	815.0	306.3281725154195	10.56566135467046	-8.788586877641228	-3.3044895491902726
-999.0	790.0	307.2742158269156	9.447600943701616	-9.196229628154216	-2.8725917523815547
-999.0	765.0	308.420658908009	8.17978914200314	-9.46068102215965	-2.347281989833678
-999.0	740.0	309.7646534208539	6.94713375681923	-9.374686506059453	-1.8334108504747784
-999.0	715.0	311.2369429683522	5.87811327359034	-8.952179375148978	-1.3835979477753944
-999.0	690.0	312.6852349350235	5.029695511810372	-8.384751335022969	-1.0111611959716877
-999.0	665.0	314.06167388429066	4.450988667824922	-7.700188209140138	-0.7364097569906768
-999.0	640.0	315.4989013702833	3.8886093435779565	-7.221291511777869	-0.5071980162036065
-999.0	615.0	317.02195092817533	3.3376838668944453	-7.059100245672568	-0.32312695427784427
-999.0	590.0	318.6911908591263	2.853860048547634	-7.113587394593251	-0.16087167686413698
-999.0	565.0	320.5164474785409	2.435808608692799	-7.393466480194563	-0.025078933804273416
-999.0	540.0	322.4233451250371	2.05107036043728	-7.756053549902759	0.06353462694421606
-999.0	515.0	324.3776684086926	1.6918839329765016	-8.151119243530975	0.07894496631530212
-999.0	490.0	326.3875108986011	1.369611361197067	-8.436369634809925	-0.018814082479168156
-999.0	465.0	328.43310327483795	1.0835473192116607	-8.565271817502502	-0.2279590093900108
-999.0	440.0	330.5192168418414	0.8627303720466708	-8.620376497034028	-0.39737863980587246
-999.0	415.0	332.61866960089264	0.7065931443893757	-8.550286190377337	-0.45904867827802665
-999.0	390.0	334.72903063894853	0.5805957952425628	-8.113662673367397	-0.38582633205112465
-999.0	365.0	336.78224724725345	0.4806851042168506	-7.190576842853009	-0.2074841554794073
-999.0	340.0	338.661822308129	0.3972411858775329	-5.859172760021124	-0.10928360763051653
-999.0	315.0	340.32658023457805	0.32894636729052196	-4.278253235987258	-0.11768322273174885
-999.0	290.0	341.9498117025274	0.2551700651704794	-2.905147379825983	-0.05172196503672455
-999.0	265.0	343.6410282902051	0.1851198493488252	-1.8513882978567884	0.22112209692831591
-999.0	240.0	345.37350744233845	0.12617157692355763	-0.8053444899795796	0.8118766047178629
-999.0	215.0	346.9761320054806	0.08040937636461505	0.3496081649311366	1.6645966596783124
-999.0	190.0	348.5315861841811	0.04594424680348424	1.4641171026798048	2.374504896294743
-999.0	165.0	350.67653625703053	0.022211946207024793	2.2614742995255317	2.5261427970632813
-999.0	140.0	355.19286733055276	0.010011433313290298	2.426035906587413	2.0262007467330743
-999.0	115.0	367.3939310005698	0.006014586315445965	2.8282488273191246	1.1398211973054408
-999.0	90.0	394.94887541116964	0.005495360270807808	4.816140317727678	0.32024075590363826
-999.0	65.0	443.6433364294622	0.003041710994679434	1.3149210103447553	-0.11297190047446222
-999.0	40.0	532.9224470140725	0.013946858988631367	-9.199698084403595	-0.2213905603284961
-999.0	15.0	721.0970866211618	0.06704993004955023	-18.00695373520018	-0.20272905976763161
245.44444444444446	40	1005.6670401436946	day	levels	pres0
-999.0	990.0	299.46541921941673	15.988625473446344	-2.731993516759247	-0.9241714677477811
-999.0	965.0	301.2729226536404	14.80085580311124	-4.837731133377729	-1.7949806217045183
-999.0	940.0	302.48791289885855	14.336294696444543	-6.064911138443726	-2.4928143013801067
-999.0	915.0	303.33759281345505	13.85761824108304	-6.8274506122347045	-3.0616976588018576
-999.0	890.0	304.0338705515535	13.23177373976933	-7.382337248514585	-3.4688954031656904
-999.0	865.0	304.73455398016364	12.436376238626135	-7.8725487769596265	-3.6638244083003615
-999.0	840.0	305.4754366882197	11.53551055514622	-8.346041440963749	-3.600484024910717
-999.0	815.0	306.2978471806998	10.555566863408158	-8.79518663315546	-3.3099799704930226
-999.0	790.0	307.24458000459043	9.443026338304787	-9.196233272552487	-2.868986703100656
-999.0	765.0	308.39084315024735	8.17796144409785	-9.454341112621236	-2.3363264798526604
-999.0	740.0	309.7353660130066	6.944704453150429	-9.360342067385462	-1.819254070106461
-999.0	715.0	311.21033638412734	5.871947523147335	-8.92987151372998	-1.3696064873346983
-999.0	690.0	312.66352680905374	5.02084453522212	-8.358855777316597	-0.9981700122829221
-999.0	665.0	314.0474240491748	4.440533722676919	-7.677142570889161	-0.7253387075745155
-999.0	640.0	315.49205006280596	3.8771094400731254	-7.20684493912589	-0.5003440564586792
-999.0	615.0	317.0213030641107	3.325401185050833	-7.059429210329806	-0.32376191806460614
-999.0	590.0	318.69316523729776	2.8415488789951895	-7.127780473421495	-0.17220751113361285
-999.0	565.0	320.51628838336194	2.424624082114952	-7.418465623779919	-0.05007931897565311
-999.0	540.0	322.41850928726745	2.041660659843014	-7.787684270313833	0.02770684186426465
-999.0	515.0	324.3662716224378	1.6852891161328216	-8.184078682036654	0.03797923123077126
-999.0	490.0	326.37044324163674	1.3650919305426694	-8.466211869603137	-0.05669677754245706
-999.0	465.0	328.41251891546756	1.0804049334828782	-8.587356893789224	-0.2543727428549045
-999.0	440.0	330.49773284879177	0.8601187138803391	-8.631898854933105	-0.4133036526895828
-999.0	415.0	332.599149628752	0.7035078957440324	-8.549554267572985	-0.46773728471072906
-999.0	390.0	334.7128588279183	0.5777210644668024	-8.102299438582525	-0.3862680746685944
-999.0	365.0	336.76948154684294	0.4785941908402078	-7.172289609909054	-0.1970373726198571
-999.0	340.0	338.6498325652727	0.39583957774771444	-5.8393736788559485	-0.0859251739013624
-999.0	315.0	340.3118306347104	0.3282098055831965	-4.263563769204274	-0.08235609050955835
-999.0	290.0	341.9310919587859	0.254804082687885	-2.9020903091582078	-0.013513530530597204
-999.0	265.0	343.61788803468886	0.18493115464373244	-1.865443215956776	0.25092710105201993
-999.0	240.0	345.34599288102044	0.12626318926257757	-0.8393391528654894	0.828421663906852
-999.0	215.0	346.94730721215933	0.08068763157204996	0.29386835959218977	1.670782258586282
-999.0	190.0	348.5061898794912	0.0460498618287227	1.3841381356829165	2.375925911442625
-999.0	165.0	350.6571338660748	0.02218820424824357	2.1558926181186977	2.516912168926649
-999.0	140.0	355.19079365545014	0.009997111190820005	2.315210842660411	1.9936681305841506
-999.0	115.0	367.4354652918413	0.006008067212644072	2.7507604041269214	1.094347655773129
-999.0	90.0	395.02956885698404	0.005473305720702857	4.786095391190215	0.29404366054082837
-999.0	65.0	443.6719312540946	0.0030220658444459368	1.3106221385773134	-0.11009701909053428
-999.0	40.0	532.8796032264162	0.013916316486540271	-9.203064137034952	-0.20834623005181158
-999.0	15.0	720.9533848342106	0.0667062490468931	-18.01377911889365	-0.19275932454518546
245.45833333333334	40	1005.8953813825335	day	levels	pres0
-999.0	990.0	299.4142330093901	16.017308689299064	-2.7174540963910987	-0.9262815799475234
-999.0	965.0	301.19761252626205	14.794887497311546	-4.833662643319088	-1.801985395229613
-999.0	940.0	302.42436225233166	14.31726230893817	-6.080892648015695	-2.506945244967903
-999.0	915.0	303.2819437527912	13.835795334407273	-6.853892434210994	-3.0802802798293554
-999.0	890.0	303.9861900653727	13.21006727218629	-7.409608829589114	-3.488935919035017
-999.0	865.0	304.69467348585147	12.41714282262893	-7.895296959649956	-3.6823110041163907
-999.0	840.0	305.4414683731347	11.520362422579806	-8.361152887344376	-3.614104398659269
-999.0	815.0	306.26752184598035	10.545472372145863	-8.801786388669717	-3.3154703917957247
-999.0	790.0	307.2149441822653	9.438451732907959	-9.196236916950797	-2.865381653819748
-999.0	765.0	308.3610273924857	8.176133746192548	-9.44800120308288	-2.3253709698716736
-999.0	740.0	309.70607860515946	6.942275149481622	-9.345997628711544	-1.8050972897382058
-999.0	715.0	311.18372979990255	5.865781772704347	-8.907563652311076	-1.3556150268940852
-999.0	690.0	312.64181868308407	5.011993558633898	-8.33296021961033	-0.9851788285942533
-999.0	665.0	314.0331742140591	4.4300787775289505	-7.65409693263828	-0.7142676581584524
-999.0	640.0	315.4851987553285	3.865609536568331	-7.192398366473989	-0.49349009671383864
-999.0	615.0	317.0206552000462	3.3131185032072605	-7.059758174987075	-0.32439688185142823
-999.0	590.0	318.69513961546915	2.829237709442782	-7.141973552249725	-0.18354334540311054
-999.0	565.0	320.516129288183	2.4134395555371397	-7.443464767365221	-0.07507970414700572
-999.0	540.0	322.4136734494979	2.032250959248775	-7.819314990724825	-0.00812094321561928
-999.0	515.0	324.35487483618317	1.6786942992891618	-8.217038120542242	-0.002986503853668659
-999.0	490.0	326.35337558467256	1.3605724998882864	-8.496054104396267	-0.09457947260565612
-999.0	465.0	328.3919345560972	1.0772625477541091	-8.609441970075878	-0.28078647631973397
-999.0	440.0	330.4762488557421	0.8575070557140202	-8.643421212832134	-0.42922866557324807
-999.0	415.0	332.5796296566113	0.7004226470987046	-8.548822344768615	-0.47642589114339395
-999.0	390.0	334.69668701688806	0.5748463336910561	-8.09093620379766	-0.38670981728604326
-999.0	365.0	336.7567158464326	0.476503277463575	-7.15400237696512	-0.18659058976032056
-999.0	340.0	338.63784282241636	0.39443796961790173	-5.8195745976907975	-0.06256674017227307
-999.0	315.0	340.2970810348427	0.3274732438758727	-4.2488743024213145	-0.047028958287487474
-999.0	290.0	341.9123722150443	0.2544381002052905	-2.899033238490436	0.02469490397539035
-999.0	265.0	343.59474777917245	0.18474245993863925	-1.879498134056727	0.2807321051756088
-999.0	240.0	345.31847831970254	0.12635480160159668	-0.8733338157513082	0.8449667230957685
-999.0	215.0	346.91848241883827	0.08096588677948381	0.23812855425340196	1.6769678574942182
-999.0	190.0	348.4807935748014	0.0461554768539609	1.304159168686259	2.3773469265905143
-999.0	165.0	350.6377314751189	0.022164462289462533	2.050310936712176	2.5076815407900854
-999.0	140.0	355.1887199803475	0.009982789068349797	2.204385778733755	1.9611355144353704
-999.0	115.0	367.4769995831127	0.006001548109842205	2.67327198093497	1.0488741142409819
-999.0	90.0	395.1102623027984	0.005451251170597982	4.756050464652854	0.2678465651780994
-999.0	65.0	443.70052607872714	0.0030024206942124913	1.3063232668098987	-0.10722213770662213
-999.0	40.0	532.8367594387599	0.013885773984449278	-9.206430189666287	-0.19530189977516293
-999.0	15.0	720.8096830472597	0.06636256804423704	-18.020604502587084	-0.1827895893227548
245.47222222222223	40	1006.1237226213732	day	levels	pres0
-999.0	990.0	299.3630467993633	16.045991905151865	-2.7029146760229006	-0.9283916921473128
-999.0	965.0	301.12230239888356	14.78891919151185	-4.829594153260425	-1.8089901687547871
-999.0	940.0	302.36081160580454	14.298229921431762	-6.096874157587695	-2.521076188555796
-999.0	915.0	303.2262946921272	13.813972427731459	-6.880334256187332	-3.0988629008569544
-999.0	890.0	303.9385095791916	13.188360804603207	-7.436880410663679	-3.508976434904445
-999.0	865.0	304.65479299153907	12.397909406631708	-7.918045142340293	-3.7007975999325162
-999.0	840.0	305.4075000580495	11.505214290013381	-8.376264333724984	-3.627724772407903
-999.0	815.0	306.2371965112607	10.535377880883594	-8.808386144183933	-3.3209608130984876
-999.0	790.0	307.18530835994005	9.43387712751116	-9.196240561349052	-2.8617766045388704
-999.0	765.0	308.33121163472396	8.174306048287287	-9.441661293544465	-2.314415459890681
-999.0	740.0	309.67679119731207	6.939845845812845	-9.331653190037555	-1.7909405093699136
-999.0	715.0	311.15712321567753	5.859616022261362	-8.885255790892094	-1.3416235664534095
-999.0	690.0	312.6201105571143	5.003142582045657	-8.307064661903977	-0.9721876449055047
-999.0	665.0	314.01892437894327	4.419623832380958	-7.6310512943873245	-0.7031966087423052
-999.0	640.0	315.47834744785115	3.8541096330635094	-7.177951793822025	-0.4866361369689224
-999.0	615.0	317.0200073359816	3.3008358213636564	-7.060087139644319	-0.32503184563819826
-999.0	590.0	318.6971139936405	2.816926539890344	-7.156166631077968	-0.19487917967258908
-999.0	565.0	320.515970193004	2.4022550289592997	-7.468463910950565	-0.10008008931838003
-999.0	540.0	322.40883761172836	2.022841258654515	-7.8509457111358785	-0.043948728295557314
-999.0	515.0	324.3434780499284	1.6720994824454871	-8.249997559047895	-0.04395223893817971
-999.0	490.0	326.33630792770833	1.3560530692338923	-8.525896339189453	-0.13246216766892416
-999.0	465.0	328.3713501967269	1.074120162025329	-8.631527046362569	-0.3072002097846118
-999.0	440.0	330.45476486269257	0.8548953975476903	-8.654943570731186	-0.4451536784569478
-999.0	415.0	332.56010968447066	0.6973373984533628	-8.548090421964252	-0.4851144975760893
-999.0	390.0	334.6805152058578	0.5719716029152973	-8.079572969012785	-0.3871515599035082
-999.0	365.0	336.7439501460222	0.4744123640869338	-7.135715144021164	-0.17614380690076567
-999.0	340.0	338.62585307956004	0.39303636148808474	-5.799775516525613	-0.03920830644311382
-999.0	315.0	340.28233143497505	0.32673668216854806	-4.234184835638313	-0.011701826065290596
-999.0	290.0	341.8936524713026	0.25407211772269683	-2.8959761678226403	0.06290333848152609
-999.0	265.0	343.57160752365604	0.18455376523354702	-1.8935530521566974	0.31053710929932443
-999.0	240.0	345.2909637583846	0.1264464139406171	-0.9073284786372101	0.861511782284774
-999.0	215.0	346.889657625517	0.08124414198691896	0.18238874891445392	1.683153456402206
-999.0	190.0	348.45539727011146	0.04626109187919946	1.2241802016893715	2.378767941738405
-999.0	165.0	350.6183290841632	0.02214072033068134	1.9447292553053557	2.4984509126534493
-999.0	140.0	355.18664630524495	0.009968466945879509	2.0935607148067854	1.9286028982864356
-999.0	115.0	367.5185338743841	0.005995029007040317	2.5957835577428026	1.0034005727086583
-999.0	90.0	395.1909557486129	0.005429196620493053	4.726005538115413	0.2416494698152764
-999.0	65.0	443.72912090335967	0.0029827755439789925	1.3020243950424648	-0.10434725632269709
-999.0	40.0	532.7939156511036	0.013855231482358196	-9.209796242297646	-0.18225756949847907
-999.0	15.0	720.6659812603084	0.06601888704157996	-18.027429886280547	-0.1728198541003049
245.48611111111111	40	1006.3520638602121	day	levels	pres0
-999.0	990.0	299.31186058933673	16.07467512100459	-2.6883752556547527	-0.9305018043470528
-999.0	965.0	301.04699227150513	14.782950885712156	-4.825525663201787	-1.815994942279879
-999.0	940.0	302.2972609592776	14.27919753392539	-6.112855667159667	-2.5352071321435887
-999.0	915.0	303.17064563146334	13.792149521055693	-6.906776078163623	-3.1174455218844477
-999.0	890.0	303.8908290930108	13.166654337020164	-7.464151991738208	-3.5290169507737676
-999.0	865.0	304.61491249722684	12.378675990634504	-7.940793325030621	-3.719284195748543
-999.0	840.0	305.37353174296436	11.490066157446966	-8.39137578010561	-3.641345146156454
-999.0	815.0	306.20687117654126	10.5252833896213	-8.814985899698192	-3.3264512344011887
-999.0	790.0	307.155672537615	9.429302522114332	-9.196244205747362	-2.8581715552579627
-999.0	765.0	308.3013958769623	8.172478350381985	-9.435321384006109	-2.303459949909696
-999.0	740.0	309.64750378946485	6.937416542144034	-9.317308751363637	-1.7767837290016606
-999.0	715.0	311.13051663145274	5.853450271818373	-8.862947929473188	-1.3276321060128
-999.0	690.0	312.5984024311446	4.994291605457435	-8.281169104197708	-0.9591964612168395
-999.0	665.0	314.0046745438275	4.409168887232989	-7.608005656136446	-0.6921255593262468
-999.0	640.0	315.4714961403738	3.842609729558716	-7.163505221170123	-0.47978217722408706
-999.0	615.0	317.0193594719169	3.288553139520083	-7.0604161043015905	-0.32566680942502574
-999.0	590.0	318.6990883718119	2.8046153703379377	-7.170359709906202	-0.20621501394209218
-999.0	565.0	320.51581109782506	2.391070502381487	-7.493463054535869	-0.12508047448973794
-999.0	540.0	322.40400177395884	2.0134315580602764	-7.882576431546872	-0.07977651337544597
-999.0	515.0	324.3320812636738	1.6655046656018273	-8.282956997553486	-0.08491797402262354
-999.0	490.0	326.31924027074416	1.3515336385795094	-8.555738573982582	-0.17034486273212657
-999.0	465.0	328.35076583735656	1.0709777762965602	-8.653612122649225	-0.3336139432494439
-999.0	440.0	330.4332808696429	0.8522837393813716	-8.666465928630215	-0.4610786913406149
-999.0	415.0	332.54058971233	0.6942521498080351	-8.547358499159884	-0.4938031040087554
-999.0	390.0	334.6643433948276	0.569096872139551	-8.06820973422792	-0.38759330252095736
-999.0	365.0	336.73118444561175	0.47232145071030074	-7.117427911077229	-0.16569702404122863
-999.0	340.0	338.6138633367037	0.39163475335827175	-5.779976435360463	-0.015849872714023657
-999.0	315.0	340.26758183510736	0.326000120461224	-4.219495368855351	0.023625306156781392
-999.0	290.0	341.874932727561	0.2537061352401022	-2.892919097154868	0.10111177298751414
-999.0	265.0	343.54846726813975	0.18436507052845374	-1.9076079702566484	0.34034211342291404
-999.0	240.0	345.2634491970666	0.12653802627963617	-0.9413231415230299	0.8780568414736913
-999.0	215.0	346.8608328321959	0.08152239719435284	0.12664894357566317	1.689339055310143
-999.0	190.0	348.4300009654217	0.046366706904437685	1.1442012346927088	2.3801889568862946
-999.0	165.0	350.59892669320726	0.022116978371900305	1.8391475738988268	2.4892202845168856
-999.0	140.0	355.18457263014227	0.009954144823409302	1.9827356508801228	1.8960702821376538
-999.0	115.0	367.5600681656555	0.005988509904238451	2.5182951345508475	0.9579270311765069
-999.0	90.0	395.27164919442725	0.005407142070388178	4.695960611578053	0.21545237445254248
-999.0	65.0	443.7577157279921	0.002963130393745546	1.297725523275052	-0.10147237493878837
-999.0	40.0	532.7510718634474	0.0138246889802672	-9.21316229492898	-0.1692132392218314
-999.0	15.0	720.5222794733576	0.06567520603892389	-18.034255269973986	-0.16285011887787368
245.5	40	1006.5804050990517	day	levels	pres0
-999.0	990.0	299.26067437930993	16.10335833685739	-2.6738358352865492	-0.932611916546843
-999.0	965.0	300.97168214412665	14.776982579912461	-4.8214571731431155	-1.8229997158050546
-999.0	940.0	302.2337103127506	14.260165146418984	-6.128837176731655	-2.5493380757314816
-999.0	915.0	303.1149965707993	13.770326614379885	-6.933217900139947	-3.136028142912048
-999.0	890.0	303.8431486068297	13.144947869437084	-7.491423572812763	-3.5490574666431973
-999.0	865.0	304.5750320029145	12.359442574637278	-7.963541507720949	-3.73777079156467
-999.0	840.0	305.33956342787917	11.474918024880548	-8.406487226486208	-3.6549655199050908
-999.0	815.0	306.1765458418216	10.515188898359026	-8.821585655212404	-3.3319416557039547
-999.0	790.0	307.1260367152898	9.424727916717533	-9.196247850145614	-2.854566505977086
-999.0	765.0	308.2715801192006	8.17065065247672	-9.428981474467689	-2.2925044399287025
-999.0	740.0	309.6182163816175	6.934987238475256	-9.302964312689646	-1.7626269486333648
-999.0	715.0	311.1039100472278	5.847284521375385	-8.840640068054201	-1.3136406455721175
-999.0	690.0	312.57669430517484	4.985440628869195	-8.25527354649135	-0.9462052775280816
-999.0	665.0	313.99042470871154	4.398713942084995	-7.584960017885481	-0.6810545099100896
-999.0	640.0	315.4646448328964	3.831109826053892	-7.149058648518155	-0.472928217479161
-999.0	615.0	317.0187116078523	3.2762704576764796	-7.060745068958829	-0.32630177321178566
-999.0	590.0	318.70106274998335	2.7923042007855012	-7.184552788734437	-0.21755084821156095
-999.0	565.0	320.51565200264605	2.379885975803648	-7.5184621981212105	-0.15008085966110232
-999.0	540.0	322.3991659361892	2.004021857466017	-7.914207151957921	-0.11560429845537462
-999.0	515.0	324.3206844774191	1.658909848758153	-8.315916436059135	-0.12588370910712654
-999.0	490.0	326.3021726137798	1.3470142079251155	-8.585580808775767	-0.2082275577953884
-999.0	465.0	328.3301814779863	1.0678353905677798	-8.675697198935918	-0.3600276767143182
-999.0	440.0	330.4117968765933	0.8496720812150413	-8.677988286529269	-0.477003704224314
-999.0	415.0	332.5210697401894	0.6911669011626926	-8.546626576355525	-0.5024917104414531
-999.0	390.0	334.64817158379725	0.5662221413637911	-8.056846499443056	-0.3880350451384273
-999.0	365.0	336.7184187452013	0.4702305373336588	-7.099140678133284	-0.1552502411816801
-999.0	340.0	338.60187359384736	0.3902331452284541	-5.76017735419529	0.007508561015129091
-999.0	315.0	340.2528322352396	0.32526355875389923	-4.204805902072362	0.058952438378972606
-999.0	290.0	341.8562129838193	0.2533401527575085	-2.889862026487078	0.13932020749364585
-999.0	265.0	343.5253270126234	0.18417637582336155	-1.9216628883566178	0.3701471175466267
-999.0	240.0	345.2359346357488	0.1266296386186566	-0.975317804408925	0.8946019006626948
-999.0	215.0	346.8320080388746	0.08180065240178791	0.07090913823672708	1.6955246542181288
-999.0	190.0	348.4046046607318	0.04647232192967621	1.0642222676958355	2.381609972034182
-999.0	165.0	350.5795243022515	0.0220932364131191	1.733565892492022	2.479989656380245
-999.0	140.0	355.1824989550398	0.009939822700939013	1.8719105869531634	1.8635376659887182
-999.0	115.0	367.60160245692697	0.0059819908014365625	2.4408067113586833	0.9124534896441869
-999.0	90.0	395.3523426402417	0.005385087520283248	4.665915685040611	0.1892552790897234
-999.0	65.0	443.7863105526247	0.0029434852435120526	1.2934266515076158	-0.09859749355486465
-999.0	40.0	532.7082280757909	0.013794146478176117	-9.21652834756034	-0.1561689089451517
-999.0	15.0	720.3785776864064	0.06533152503626688	-18.041080653667454	-0.15288038365542897
245.51388888888889	40	1006.5355447436137	day	levels	pres0
-999.0	990.0	299.403432969261	16.060186734275163	-2.675824575717477	-0.922772902049232
-999.0	965.0	301.0404176924179	14.786293287125865	-4.751611687834207	-1.7730205308586307
-999.0	940.0	302.2727198506491	14.288847681075852	-6.0232820946071435	-2.471449459947213
-999.0	915.0	303.15464904807544	13.809367232852567	-6.8152768668672845	-3.0411069394930963
-999.0	890.0	303.8914776367663	13.18999509205899	-7.367611434724451	-3.4458353930994527
-999.0	865.0	304.63109301049144	12.399068877810556	-7.839928237218565	-3.6326128260955755
-999.0	840.0	305.39906627671934	11.505276452927372	-8.283851740852102	-3.553036478540139
-999.0	815.0	306.2399468936566	10.535594251420754	-8.698995416126419	-3.2391125947708934
-999.0	790.0	307.19640540668956	9.43394889150346	-9.075803079302212	-2.7765863719912676
-999.0	765.0	308.34565671464287	8.174591079590817	-9.315967979885146	-2.233606737313918
-999.0	740.0	309.6919357696792	6.937270302621162	-9.208863746552119	-1.723462511504398
-999.0	715.0	311.17428639777904	5.849843712080113	-8.774396953128543	-1.2930635620677002
-999.0	690.0	312.6428936947309	4.986330617987938	-8.217383070597517	-0.9430740705380815
-999.0	665.0	314.05173293631213	4.3947690195507505	-7.5735038272918045	-0.6939738576729345
-999.0	640.0	315.51989276827425	3.826150195466146	-7.153277368772602	-0.5012236068409981
-999.0	615.0	317.0672805407891	3.275067886189817	-7.066360059238617	-0.36883391788796654
-999.0	590.0	318.747820395693	2.7941797039811695	-7.186493273765314	-0.2708600393186674
-999.0	565.0	320.56705599710887	2.383404412912958	-7.5129091645043795	-0.2090604872931315
-999.0	540.0	322.4550138981412	2.0081325121342317	-7.899854128322872	-0.17461493493079552
-999.0	515.0	324.3788585015853	1.6623260719435649	-8.292267956430909	-0.1783323512073264
-999.0	490.0	326.36061452810566	1.3505204599055107	-8.554175318233504	-0.2500194315873087
-999.0	465.0	328.3866905000412	1.0722976889875289	-8.638661089397555	-0.38825335801539645
-999.0	440.0	330.46572244635325	0.8546905169884453	-8.636027294137104	-0.49374953834787705
-999.0	415.0	332.57195600263026	0.696325693575171	-8.501430530396634	-0.5112341099552136
-999.0	390.0	334.6948278291657	0.571181848290428	-8.014904106420099	-0.389599535097807
-999.0	365.0	336.759710467391	0.4746914655561543	-7.068207678340664	-0.14965688409137903
-999.0	340.0	338.6382644346763	0.39354947759282405	-5.743188425425454	0.01978682974974069
-999.0	315.0	340.28511283044793	0.3269964657014341	-4.200077905541353	0.07635361999866215
-999.0	290.0	341.883738406705	0.2541350078369896	-2.887935980681379	0.15781539276481282
-999.0	265.0	343.5461004479678	0.1844876800619425	-1.9140498898332006	0.38538180173391634
-999.0	240.0	345.2462793373822	0.12670629465627312	-0.9675514310125317	0.9060630107682992
-999.0	215.0	346.83016117489683	0.0817354849229256	0.06524953660036027	1.7074749403529859
-999.0	190.0	348.3967597207644	0.0463426727505902	1.0350698891376209	2.399683556149912
-999.0	165.0	350.57923209512705	0.02203569541286139	1.6866253874899586	2.4988117251131774
-999.0	140.0	355.20472639897287	0.00992280891579059	1.8378365977652027	1.8672363846637003
-999.0	115.0	367.6331983348811	0.005958563954909397	2.4406766867827066	0.9023037174982629
-999.0	90.0	395.33149803617727	0.0053480315181086285	4.679145947335315	0.18120641462384493
-999.0	65.0	443.7110809580013	0.0029568760692777864	1.3271031729463787	-0.09566172981812503
-999.0	40.0	532.67707166391	0.013773094278774994	-9.184685555242293	-0.16743020904770153
-999.0	15.0	720.4380989011098	0.065477347356223	-17.9927510666468	-0.17481554092635437
245.52777777777777	40	1006.4906843881759	day	levels	pres0
-999.0	990.0	299.5461915592119	16.01701513169306	-2.6778133161484226	-0.9129338875516468
-999.0	965.0	301.1091532407092	14.795603994339231	-4.681766202525517	-1.7230413459123333
-999.0	940.0	302.3117293885476	14.317530215732624	-5.917727012482946	-2.3935608441631304
-999.0	915.0	303.1943015253514	13.848407851325126	-6.697335833594967	-2.946185736074371
-999.0	890.0	303.93980666670274	13.23504231468078	-7.243799296636489	-3.3426133195559586
-999.0	865.0	304.6871540180681	12.438695180983755	-7.716314966716524	-3.527454860626744
-999.0	840.0	305.4585691255593	11.535634880974166	-8.161216255218324	-3.4511074371754553
-999.0	815.0	306.3033479454915	10.555999604482492	-8.576405177040765	-3.1462835338380932
-999.0	790.0	307.26677409808906	9.443169866289407	-8.955358308459141	-2.698606238005681
-999.0	765.0	308.41973331008484	8.178531506704907	-9.20295448530293	-2.1747090346993163
-999.0	740.0	309.7656551577405	6.939553366767036	-9.114763180414878	-1.6842980743755551
-999.0	715.0	311.24466274833003	5.8524029027848	-8.708153838203096	-1.2724864785633443
-999.0	690.0	312.7090930842868	4.9872206071066465	-8.179492594703811	-0.939942863548085
-999.0	665.0	314.1130411639125	4.390824097016503	-7.562047636698166	-0.7068932054357326
-999.0	640.0	315.57514070365204	3.8211905648784064	-7.157496089027038	-0.5295189962027432
-999.0	615.0	317.1158494737257	3.2738653147031402	-7.071975049518401	-0.4113660625640172
-999.0	590.0	318.7945780414024	2.7960552071768134	-7.188433758796207	-0.3241692304256178
-999.0	565.0	320.61845999157157	2.3869228500222395	-7.507356130887597	-0.26804011492499463
-999.0	540.0	322.51086186009303	2.01224316680242	-7.885501104687896	-0.23362557140604961
-999.0	515.0	324.43703252575136	1.6657422951289576	-8.268619476802778	-0.2307809933073689
-999.0	490.0	326.4190564424315	1.3540267118858897	-8.522769827691354	-0.2918113053790902
-999.0	465.0	328.44319952209577	1.0767599874072586	-8.601624979859325	-0.41647903931636165
-999.0	440.0	330.5196480161132	0.8597089527618297	-8.594066301745103	-0.5104953724713464
-999.0	415.0	332.622842265071	0.7014844859876307	-8.456234484437935	-0.5199765094688918
-999.0	390.0	334.74148407453396	0.5761415552170482	-7.972961713397334	-0.3911640250571223
-999.0	365.0	336.80100218958063	0.4791523937786364	-7.037274678548193	-0.14406352700104313
-999.0	340.0	338.6746552755049	0.3968658099571851	-5.7261994966557195	0.03206509848434857
-999.0	315.0	340.31739342565606	0.328729372648965	-4.195349909010392	0.09375480161830854
-999.0	290.0	341.9112638295906	0.2549298629164693	-2.8860099348757027	0.17631057803591857
-999.0	265.0	343.5668738833122	0.18479898430052244	-1.9064368913098044	0.4006164859211545
-999.0	240.0	345.25662403901566	0.12678295069388923	-0.9597850576161466	0.9175241208738688
-999.0	215.0	346.8283143109189	0.08167031744406339	0.05958993496402455	1.7194252264878054
-999.0	190.0	348.38891478079705	0.04621302357150455	1.0059175105795075	2.4177571402655613
-999.0	165.0	350.5789398880024	0.02197815441260383	1.6396848824880568	2.517633793845997
-999.0	140.0	355.2269538429058	0.009905795130642167	1.803762608577347	1.8709351033386166
-999.0	115.0	367.6647942128353	0.005935137108382263	2.4405466622066885	0.8921539453523472
-999.0	90.0	395.310653432113	0.005310975515934108	4.692376209629902	0.17315755015800957
-999.0	65.0	443.63585136337826	0.0029702668950434665	1.3607796943849835	-0.09272596608137765
-999.0	40.0	532.6459152520295	0.013752042079373968	-9.152842762924394	-0.1786915091501947
-999.0	15.0	720.4976201158134	0.06562316967617893	-17.944421479626335	-0.19675069819720373
245.54166666666666	40	1006.4458240327385	day	levels	pres0
-999.0	990.0	299.68895014916296	15.973843529110836	-2.679802056579352	-0.9030948730540327
-999.0	965.0	301.1778887890006	14.804914701552638	-4.611920717216607	-1.6730621609659035
-999.0	940.0	302.3507389264462	14.346212750389494	-5.812171930358426	-2.3156722283788533
-999.0	915.0	303.2339540026276	13.887448469797807	-6.579394800322295	-2.8512645326554114
-999.0	890.0	303.9881356966392	13.280089537302686	-7.119987158548165	-3.2393912460122083
-999.0	865.0	304.74321502564504	12.47832148415703	-7.592701696214132	-3.4222968951576482
-999.0	840.0	305.5180719743994	11.565993309020987	-8.038580769584213	-3.3491783958105037
-999.0	815.0	306.36674899732657	10.576404957544215	-8.453814937954776	-3.0534544729050355
-999.0	790.0	307.3371427894888	9.452390841075335	-8.83491353761574	-2.6206261040198653
-999.0	765.0	308.4938099055272	8.182471933818997	-9.089940990720391	-2.1158113320845353
-999.0	740.0	309.83937454580223	6.941836430912938	-9.02066261427735	-1.6451336372465928
-999.0	715.0	311.3150390988813	5.854962093489526	-8.641910723277439	-1.2519093950589333
-999.0	690.0	312.7752924738429	4.988110596225388	-8.14160211880998	-0.9368116565580918
-999.0	665.0	314.1743493915131	4.386879174482256	-7.55059144610449	-0.7198125531985872
-999.0	640.0	315.63038863903	3.8162309342906573	-7.161714809281484	-0.557814385564592
-999.0	615.0	317.16441840666255	3.272662743216475	-7.077590039798188	-0.4538982072402109
-999.0	590.0	318.84133568711195	2.79793071037248	-7.190374243827083	-0.37747842153273825
-999.0	565.0	320.66986398603433	2.390441287131547	-7.501803097270763	-0.327019742557038
-999.0	540.0	322.566709822045	2.016353821470633	-7.871148081052844	-0.29263620788148503
-999.0	515.0	324.4952065499175	1.6691585183143685	-8.244970997174551	-0.2832296354075832
-999.0	490.0	326.4774983567573	1.357532963866285	-8.49136433714909	-0.33360317917102417
-999.0	465.0	328.4997085441507	1.0812222858270077	-8.564588870320966	-0.44470472061745153
-999.0	440.0	330.5735735858732	0.8647273885352346	-8.552105309352942	-0.527241206594918
-999.0	415.0	332.67372852751186	0.7066432784001104	-8.411038438479048	-0.5287189089826564
-999.0	390.0	334.7881403199024	0.5811012621436861	-7.931019320374381	-0.3927285150165014
-999.0	365.0	336.8422939117703	0.4836133220011328	-7.006341678755572	-0.13847016991073724
-999.0	340.0	338.7110461163337	0.40018214232155563	-5.709210567885885	0.04434336721896786
-999.0	315.0	340.3496740208643	0.33046227959650043	-4.190621912479378	0.11115598323800648
-999.0	290.0	341.9387892524763	0.25572471799595076	-2.8840838890699967	0.19480576330709343
-999.0	265.0	343.5876473186566	0.18511028853910355	-1.898823892786377	0.41585117010845096
-999.0	240.0	345.2669687406492	0.1268596067315059	-0.9520186842197396	0.928985230979479
-999.0	215.0	346.826467446941	0.08160514996520113	0.05393033332767079	1.7313755126226673
-999.0	190.0	348.3810698408295	0.04608337439241857	0.9767651320213018	2.4358307243812947
-999.0	165.0	350.57864768087796	0.021920613412346135	1.5927443774859973	2.536455862578927
-999.0	140.0	355.2491812868389	0.009888781345493746	1.7696886193893882	1.874633822013596
-999.0	115.0	367.6963900907894	0.005911710261855096	2.440416637630714	0.8820041732064268
-999.0	90.0	395.2898088280486	0.005273919513759485	4.705606471924605	0.16510868569214068
-999.0	65.0	443.56062176875497	0.0029836577208091995	1.3944562158237412	-0.08979020234463381
-999.0	40.0	532.6147588401484	0.013730989879972844	-9.120999970606352	-0.18995280925274421
-999.0	15.0	720.5571413305166	0.06576899199613502	-17.896091892605682	-0.21868585546813152
245.55555555555554	40	1006.4009636773006	day	levels	pres0
-999.0	990.0	299.83170873911365	15.930671926528737	-2.6817907970102985	-0.8932558585564476
-999.0	965.0	301.24662433729173	14.814225408766003	-4.542075231907916	-1.6230829760196062
-999.0	940.0	302.3897484643446	14.374895285046268	-5.706616848234232	-2.237783612594772
-999.0	915.0	303.2736064799038	13.926489088270369	-6.461453767049976	-2.7563433292366866
-999.0	890.0	304.0364647265757	13.325136759924472	-6.996175020460204	-3.136169172468714
-999.0	865.0	304.79927603322176	12.517947787330233	-7.46908842571209	-3.317138929688817
-999.0	840.0	305.5775748232394	11.596351737067783	-7.915945283950434	-3.247249354445819
-999.0	815.0	306.4301500491614	10.596810310605953	-8.331224698869121	-2.9606254119722344
-999.0	790.0	307.40751148088833	9.461611815861284	-8.714468766772669	-2.5426459700342785
-999.0	765.0	308.5678865009692	8.186412360933087	-8.976927496138176	-2.056913629469934
-999.0	740.0	309.9130939338636	6.944119495058812	-8.926562048140111	-1.60596920011775
-999.0	715.0	311.38541544943234	5.857521284194213	-8.575667608351992	-1.2313323115545776
-999.0	690.0	312.84149186339874	4.989000585344098	-8.10371164291627	-0.9336804495680957
-999.0	665.0	314.2356576191135	4.38293425194801	-7.5391352555108515	-0.732731900961385
-999.0	640.0	315.68563657440785	3.8112713037029167	-7.16593352953592	-0.5861097749263373
-999.0	615.0	317.2129873395992	3.2714601717297978	-7.083205030077972	-0.49643035191626145
-999.0	590.0	318.8880933328214	2.7998062135681234	-7.192314728857975	-0.4307876126396886
-999.0	565.0	320.7212679804971	2.3939597242408275	-7.496250063653982	-0.3859993701889011
-999.0	540.0	322.62255778399674	2.0204644761388213	-7.856795057417869	-0.3516468443567391
-999.0	515.0	324.5533805740836	1.6725747414997612	-8.22132251754642	-0.3356782775076256
-999.0	490.0	326.53594027108306	1.3610392158466642	-8.45995884660694	-0.3753950529628057
-999.0	465.0	328.5562175662053	1.0856845842467377	-8.527552760782736	-0.4729304019184168
-999.0	440.0	330.62749915563313	0.8697458243086189	-8.51014431696094	-0.5439870407183873
-999.0	415.0	332.72461478995257	0.71180207081257	-8.365842392520346	-0.5374613084963346
-999.0	390.0	334.8347965652707	0.5860609690703066	-7.889076927351616	-0.3942930049758168
-999.0	365.0	336.88358563395997	0.48807425022361484	-6.9754086789631025	-0.1328768128204013
-999.0	340.0	338.7474369571624	0.4034984746859167	-5.692221639116147	0.05662163595357566
-999.0	315.0	340.38195461607245	0.33219518654403135	-4.185893915948416	0.12855716485765273
-999.0	290.0	341.9663146753618	0.25651957307543033	-2.882157843264319	0.2133009485781993
-999.0	265.0	343.60842075400103	0.18542159277768347	-1.8912108942629806	0.431085854295689
-999.0	240.0	345.2773134422828	0.12693626276912195	-0.9442523108233546	0.9404463410850488
-999.0	215.0	346.8246205829632	0.08153998248633895	0.048270731691335236	1.7433257987574866
-999.0	190.0	348.3732249008621	0.045953725213332935	0.9476127534631886	2.4539043084969445
-999.0	165.0	350.57835547375345	0.021863072412088572	1.5458038724840952	2.555277931311747
-999.0	140.0	355.27140873077184	0.009871767560345326	1.7356146302015327	1.878332540688512
-999.0	115.0	367.72798596874355	0.0058882834153279615	2.440286613054696	0.8718544010605107
-999.0	90.0	395.2689642239842	0.005236863511584963	4.718836734219192	0.15705982122630532
-999.0	65.0	443.48539217413196	0.0029970485465748795	1.4281327372623456	-0.08685443860788654
-999.0	40.0	532.5836024282678	0.013709937680571818	-9.089157178288453	-0.20121410935523737
-999.0	15.0	720.6166625452204	0.06591481431609097	-17.847762305585217	-0.2406210127389809
245.56944444444446	40	1006.356103321863	day	levels	pres0
-999.0	990.0	299.97446732906496	15.887500323946469	-2.6837795374412403	-0.8834168440588349
-999.0	965.0	301.3153598855832	14.823536115979397	-4.472229746598992	-1.5731037910731671
-999.0	940.0	302.4287580022433	14.403577819703141	-5.601061766109686	-2.1598949968104733
-999.0	915.0	303.3132589571798	13.965529706743066	-6.3435127337772705	-2.6614221258176993
-999.0	890.0	304.08479375651217	13.370183982546413	-6.87236288237183	-3.0329470989249283
-999.0	865.0	304.8553370407987	12.55757409050355	-7.345475155209631	-3.211980964219684
-999.0	840.0	305.63707767207944	11.626710165114662	-7.79330979831624	-3.1453203130808363
-999.0	815.0	306.4935511009965	10.617215663667732	-8.208634459783049	-2.8677963510391526
-999.0	790.0	307.47788017228805	9.470832790647245	-8.594023995929186	-2.464665836048448
-999.0	765.0	308.6419630964114	8.190352788047194	-8.86391400155557	-1.9980159268551452
-999.0	740.0	309.9868133219253	6.946402559204716	-8.83246148200254	-1.5668047629887807
-999.0	715.0	311.45579179998356	5.860080474898937	-8.509424493426312	-1.2107552280501543
-999.0	690.0	312.90769125295486	4.989890574462836	-8.065821167022433	-0.9305492425780866
-999.0	665.0	314.29696584671404	4.378989329413763	-7.527679064917181	-0.7456512487242192
-999.0	640.0	315.7408845097857	3.80631167311517	-7.170152249790384	-0.614405164288165
-999.0	615.0	317.2615562725359	3.2702576002431316	-7.088820020357778	-0.5389624965924374
-999.0	590.0	318.934850978531	2.801681716763789	-7.19425521388887	-0.48409680374679664
-999.0	565.0	320.7726719749599	2.3974781613501355	-7.4906970300371665	-0.44497899782093875
-999.0	540.0	322.6784057459488	2.0245751308070346	-7.842442033782826	-0.4106574808321703
-999.0	515.0	324.6115545982498	1.6759909646851718	-8.19767403791819	-0.38812691960782986
-999.0	490.0	326.5943821854089	1.3645454678270585	-8.42855335606466	-0.41718692675472163
-999.0	465.0	328.61272658826016	1.0901468826664857	-8.490516651244354	-0.5011560832194802
-999.0	440.0	330.68142472539324	0.8747642600820216	-8.468183324568761	-0.5607328748419265
-999.0	415.0	332.77550105239345	0.7169608632250473	-8.320646346561448	-0.546203708010065
-999.0	390.0	334.88145281063913	0.5910206759969427	-7.847134534328664	-0.3958574949351645
-999.0	365.0	336.9248773561497	0.49253517844611056	-6.94447567917049	-0.12728345573007135
-999.0	340.0	338.78382779799125	0.40681480705028716	-5.675232710346328	0.0688999046882089
-999.0	315.0	340.4142352112807	0.3339280934915667	-4.181165919417425	0.14595834647735392
-999.0	290.0	341.99384009824746	0.2573144281549118	-2.880231797458637	0.23179613384937067
-999.0	265.0	343.62919418934547	0.18573289701626436	-1.8835978957395707	0.44632053848298026
-999.0	240.0	345.28765814391636	0.12701291880673837	-0.9364859374269598	0.9519074511906527
-999.0	215.0	346.8227737189854	0.08147481500747651	0.04261113005497603	1.75527608489234
-999.0	190.0	348.3653799608947	0.04582407603424681	0.9184603749049852	2.4719778926126694
-999.0	165.0	350.578063266629	0.021805531411830812	1.4988633674820424	2.5741000000446843
-999.0	140.0	355.293636174705	0.009854753775196878	1.7015406410135663	1.8820312593635098
-999.0	115.0	367.75958184669776	0.005864856568800773	2.44015658847869	0.8617046289145973
-999.0	90.0	395.24811961991986	0.0051998075094103315	4.732066996513864	0.14901095676042556
-999.0	65.0	443.41016257950866	0.003010439372340615	1.461809258701109	-0.08391867487115297
-999.0	40.0	532.5524460163871	0.013688885481170704	-9.057314385970395	-0.21247540945780655
-999.0	15.0	720.6761837599237	0.06606063663604726	-17.799432718564546	-0.2625561700099329
245.58333333333334	40	1006.3112429664251	day	levels	pres0
-999.0	990.0	300.1172259190157	15.844328721364372	-2.6857682778721887	-0.8735778295612499
-999.0	965.0	301.38409543387434	14.832846823192762	-4.402384261290304	-1.523124606126872
-999.0	940.0	302.4677675401417	14.432260354359917	-5.495506683985491	-2.0820063810263973
-999.0	915.0	303.35291143445596	14.004570325215628	-6.225571700504951	-2.5665009223989803
-999.0	890.0	304.13312278644867	13.4152312051682	-6.748550744283868	-2.92972502538144
-999.0	865.0	304.9113980483755	12.597200393676752	-7.221861884707586	-3.1068229987508627
-999.0	840.0	305.6965805209195	11.657068593161457	-7.6706743126824595	-3.043391271716162
-999.0	815.0	306.55695215283134	10.637621016729469	-8.086044220697394	-2.774967290106363
-999.0	790.0	307.5482488636876	9.480053765433196	-8.473579225086114	-2.3866857020628696
-999.0	765.0	308.71603969185344	8.194293215161284	-8.750900506973355	-1.9391182242405502
-999.0	740.0	310.0605327099868	6.94868562335059	-8.7383609158653	-1.5276403258599434
-999.0	715.0	311.5261681505346	5.862639665603625	-8.443181378500869	-1.1901781445458026
-999.0	690.0	312.9738906425108	4.990780563581547	-8.02793069112873	-0.9274180355880927
-999.0	665.0	314.35827407431447	4.375044406879516	-7.516222874323547	-0.7585705964870183
-999.0	640.0	315.7961324451635	3.8013520425274288	-7.174370970044822	-0.6427005536499102
-999.0	615.0	317.3101252054726	3.2690550287564557	-7.094435010637563	-0.5814946412684877
-999.0	590.0	318.98160862424044	2.803557219959432	-7.196195698919763	-0.5374059948537465
-999.0	565.0	320.82407596942255	2.400996598459416	-7.4851439964203825	-0.5039586254528017
-999.0	540.0	322.73425370790056	2.028685785475223	-7.82808901014785	-0.46966811730742475
-999.0	515.0	324.66972862241585	1.679407187870565	-8.174025558290056	-0.4405755617078732
-999.0	490.0	326.6528240997346	1.3680517198074376	-8.397147865522507	-0.45897880054650453
-999.0	465.0	328.6692356103149	1.0946091810862153	-8.453480541706124	-0.529381764520447
-999.0	440.0	330.73535029515307	0.8797826958554058	-8.426222332176756	-0.577478708965397
-999.0	415.0	332.8263873148342	0.722119655637507	-8.275450300602747	-0.5549461075237435
-999.0	390.0	334.92810905600743	0.5959803829235628	-7.805192141305898	-0.3974219848944789
-999.0	365.0	336.96616907833925	0.49699610666859245	-6.913542679378018	-0.12169009863973333
-999.0	340.0	338.82021863881994	0.4101311394146481	-5.658243781576591	0.08117817342281983
-999.0	315.0	340.4465158064889	0.3356610004390976	-4.176437922886463	0.16335952809700363
-999.0	290.0	342.021365521133	0.25810928323439136	-2.878305751652959	0.2502913191204793
-999.0	265.0	343.64996762468985	0.18604420125484433	-1.8759848972161726	0.46155522267022037
-999.0	240.0	345.2980028455499	0.1270895748443545	-0.9287195640305713	0.963368561296224
-999.0	215.0	346.82092685500754	0.08140964752861432	0.03695152841864686	1.7672263710271596
-999.0	190.0	348.3575350209274	0.04569442685516116	0.8893079963468804	2.4900514767283206
-999.0	165.0	350.57777105950436	0.02174799041157326	1.451922862480148	2.592922068777508
-999.0	140.0	355.315863618638	0.00983773999004846	1.6674666518257144	1.8857299780384338
-999.0	115.0	367.79117772465196	0.005841429722273641	2.4400265639026717	0.851554856768689
-999.0	90.0	395.2272750158555	0.005162751507235811	4.745297258808448	0.14096209229459297
-999.0	65.0	443.3349329848855	0.0030238301981062943	1.495485780139714	-0.08098291113440731
-999.0	40.0	532.5212896045061	0.01366783328176968	-9.025471593652496	-0.223736709560305
-999.0	15.0	720.7357049746272	0.06620645895600319	-17.751103131544077	-0.2844913272807878
245.59722222222223	40	1006.2663826109874	day	levels	pres0
-999.0	990.0	300.25998450896674	15.801157118782147	-2.6877570183031168	-0.8637388150636359
-999.0	965.0	301.4528309821658	14.842157530406173	-4.332538775981391	-1.47314542118044
-999.0	940.0	302.50677707804033	14.460942889016788	-5.389951601860972	-2.004117765242115
-999.0	915.0	303.39256391173205	14.043610943688309	-6.1076306672322795	-2.4715797189800153
-999.0	890.0	304.18145181638516	13.460278427790103	-6.624738606195543	-2.8265029518376825
-999.0	865.0	304.9674590559523	12.636826696850026	-7.098248614205197	-3.001665033281758
-999.0	840.0	305.7560833697596	11.687427021208281	-7.548038827048349	-2.9414622303511995
-999.0	815.0	306.62035320466634	10.658026369791195	-7.9634539816114085	-2.682138229173295
-999.0	790.0	307.6186175550874	9.489274740219122	-8.353134454242714	-2.308705568077045
-999.0	765.0	308.7901162872958	8.198233642275376	-8.637887012390815	-1.8802205216257621
-999.0	740.0	310.1342520980484	6.950968687496491	-8.644260349727773	-1.488475888730975
-999.0	715.0	311.5965445010858	5.865198856308349	-8.376938263575209	-1.1696010610413874
-999.0	690.0	313.0400900320668	4.9916705527002865	-7.990040215234895	-0.9242868285980974
-999.0	665.0	314.41958230191506	4.37109948434527	-7.5047666837298665	-0.7714899442498718
-999.0	640.0	315.8513803805414	3.7963924119396806	-7.178589690299268	-0.6709959430117588
-999.0	615.0	317.35869413840936	3.2678524572697905	-7.100050000917349	-0.6240267859446815
-999.0	590.0	319.02836626995	2.8054327231550986	-7.198136183950639	-0.5907151859608674
-999.0	565.0	320.87547996388537	2.404515035568724	-7.47959096280355	-0.5629382530848452
-999.0	540.0	322.7901016698526	2.032796440143436	-7.813735986512798	-0.5286787537828597
-999.0	515.0	324.7279026465821	1.6828234110559759	-8.150377078661831	-0.4930242038080865
-999.0	490.0	326.71126601406047	1.3715579717878328	-8.365742374980245	-0.500770674338437
-999.0	465.0	328.7257446323697	1.099071479505965	-8.416444432167763	-0.5576074458215353
-999.0	440.0	330.7892758649132	0.8848011316288109	-8.384261339784596	-0.5942245430889674
-999.0	415.0	332.877273577275	0.7272784480499868	-8.230254254643858	-0.5636885070375077
-999.0	390.0	334.97476530137584	0.600940089850201	-7.763249748282945	-0.3989864748538589
-999.0	365.0	337.00746080052903	0.501457034891089	-6.882609679585399	-0.11609674154942956
-999.0	340.0	338.8566094796488	0.4134474717790188	-5.641254852806757	0.09345644215743597
-999.0	315.0	340.478796401697	0.337393907386633	-4.171709926355451	0.18076070971669814
-999.0	290.0	342.0488909440188	0.2589041383138728	-2.8763797058472536	0.26878650439165136
-999.0	265.0	343.67074106003435	0.18635550549342544	-1.8683718986927467	0.4767899068575149
-999.0	240.0	345.3083475471834	0.1271662308819711	-0.9209531906341681	0.9748296714018325
-999.0	215.0	346.8190799910297	0.08134448004975205	0.031291926782286546	1.7791766571620216
-999.0	190.0	348.3496900809599	0.04556477767607518	0.860155617788666	2.5081250608440526
-999.0	165.0	350.5774788523798	0.02169044941131555	1.4049823574780806	2.611744137510434
-999.0	140.0	355.33809106257104	0.009820726204900036	1.6333926626377515	1.8894286967134053
-999.0	115.0	367.8227736026061	0.005818002875746471	2.4398965393266976	0.8414050846227611
-999.0	90.0	395.2064304117911	0.005125695505061188	4.7585275211031535	0.1329132278287213
-999.0	65.0	443.25970339026213	0.0030372210238720277	1.5291623015784717	-0.07804714739766172
-999.0	40.0	532.4901331926255	0.013646781082368553	-8.993628801334458	-0.2349980096628492
-999.0	15.0	720.7952261893306	0.06635228127595931	-17.702773544523428	-0.30642648455171007
245.61111111111111	40	1006.2215222555496	day	levels	pres0
-999.0	990.0	300.4027430989176	15.757985516200042	-2.689745758734063	-0.8538998005660506
-999.0	965.0	301.52156653045694	14.851468237619539	-4.2626932906727	-1.4231662362341426
-999.0	940.0	302.5457866159387	14.48962542367356	-5.284396519736775	-1.9262291494580333
-999.0	915.0	303.4322163890081	14.08265156216087	-5.989689633959961	-2.37665851556129
-999.0	890.0	304.2297808463216	13.50532565041189	-6.500926468107584	-2.7232808782941875
-999.0	865.0	305.02352006352913	12.676453000023226	-6.974635343703155	-2.8965070678129257
-999.0	840.0	305.81558621859955	11.717785449255077	-7.425403341414574	-2.839533188986516
-999.0	815.0	306.6837542565012	10.678431722852931	-7.840863742525752	-2.589309168240495
-999.0	790.0	307.688986246487	9.49849571500507	-8.232689683399643	-2.2307254340914584
-999.0	765.0	308.8641928827379	8.202174069389462	-8.524873517808599	-1.8213228190111608
-999.0	740.0	310.2079714861098	6.953251751642365	-8.550159783590532	-1.4493114516021324
-999.0	715.0	311.66692085163686	5.867758047013036	-8.310695148649764	-1.1490239775370321
-999.0	690.0	313.10628942162276	4.992560541818997	-7.952149739341188	-0.9211556216081009
-999.0	665.0	314.48089052951536	4.367154561811023	-7.493310493136229	-0.7844092920126698
-999.0	640.0	315.90662831591914	3.79143278135194	-7.1828084105537044	-0.6992913323735039
-999.0	615.0	317.407263071346	3.266649885783114	-7.105664991197133	-0.6665589306207321
-999.0	590.0	319.07512391565945	2.807308226350742	-7.2000766689815325	-0.6440243770678178
-999.0	565.0	320.92688395834807	2.408033472678005	-7.474037929186769	-0.6219178807167084
-999.0	540.0	322.84594963180444	2.0369070948116237	-7.7993829628778215	-0.587689390258114
-999.0	515.0	324.7860766707482	1.6862396342413681	-8.126728599033699	-0.5454728459081291
-999.0	490.0	326.7697079283862	1.3750642237682118	-8.334336884438095	-0.5425625481302183
-999.0	465.0	328.78225365442444	1.103533777925695	-8.379408322629534	-0.5858331271225004
-999.0	440.0	330.8432014346732	0.8898195674021951	-8.342300347392591	-0.6109703772124369
-999.0	415.0	332.9281598397157	0.7324372404624464	-8.185058208685158	-0.5724309065511861
-999.0	390.0	335.02142154674414	0.605899796776821	-7.721307355260179	-0.40055096481317437
-999.0	365.0	337.0487525227186	0.5059179631135711	-6.851676679792927	-0.11050338445909351
-999.0	340.0	338.89300032047754	0.41676380414337977	-5.6242659240370205	0.105734710892044
-999.0	315.0	340.5110769969052	0.339126814334164	-4.166981929824488	0.19816189133634454
-999.0	290.0	342.0764163669043	0.2596989933933525	-2.874453660041577	0.28728168966275713
-999.0	265.0	343.69151449537867	0.18666680973200533	-1.8607589001693503	0.4920245910447528
-999.0	240.0	345.31869224881683	0.12724288691958718	-0.913186817237783	0.9862907815074025
-999.0	215.0	346.8172331270518	0.08127931257088983	0.02563232514595088	1.7911269432968409
-999.0	190.0	348.34184514099246	0.04543512849698952	0.8310032392305531	2.526198644959702
-999.0	165.0	350.5771866452555	0.021632908411057993	1.3580418524761788	2.630566206243254
-999.0	140.0	355.36031850650403	0.009803712419751618	1.599318673449896	1.8931274153883213
-999.0	115.0	367.8543694805603	0.005794576029219336	2.4397665147506795	0.8312553124768451
-999.0	90.0	395.1855858077267	0.005088639502886665	4.77175778339774	0.1248643633628859
-999.0	65.0	443.1844737956392	0.003050611849637708	1.5628388230170758	-0.07511138366091454
-999.0	40.0	532.4589767807447	0.013625728882967526	-8.961786009016558	-0.24625930976534238
-999.0	15.0	720.8547474040341	0.06649810359591525	-17.654443957502963	-0.32836164182255956
245.625	40	1006.1766619001119	day	levels	pres0
-999.0	990.0	300.5455016888687	15.71481391361782	-2.6917344991649905	-0.8440607860684398
-999.0	965.0	301.59030207874827	14.86077894483294	-4.192847805363792	-1.3731870512877196
-999.0	940.0	302.5847961538373	14.518307958330432	-5.178841437612261	-1.8483405336737635
-999.0	915.0	303.4718688662843	14.121692180633548	-5.8717486006873	-2.281737312142338
-999.0	890.0	304.2781098762581	13.5503728730338	-6.377114330019269	-2.6200588047504425
-999.0	865.0	305.079581071106	12.7160793031965	-6.851022073200772	-2.7913491023438324
-999.0	840.0	305.8750890674397	11.748143877301905	-7.302767855780466	-2.7376041476215636
-999.0	815.0	306.7471553083363	10.698837075914655	-7.718273503439768	-2.4964801073074345
-999.0	790.0	307.7593549378867	9.507716689791	-8.11224491255624	-2.1527453001056402
-999.0	765.0	308.9382694781801	8.20611449650356	-8.41186002322606	-1.7624251163963762
-999.0	740.0	310.2816908741715	6.95553481578827	-8.456059217453003	-1.4101470144731663
-999.0	715.0	311.73729720218796	5.870317237717766	-8.244452033724105	-1.1284468940326149
-999.0	690.0	313.1724888111788	4.993450530937741	-7.914259263447354	-0.9180244146181008
-999.0	665.0	314.54219875711595	4.363209639276777	-7.481854302542551	-0.7973286397755149
-999.0	640.0	315.96187625129716	3.786473150764194	-7.18702713080815	-0.7275867217353413
-999.0	615.0	317.4558320042828	3.265447314296451	-7.1112799814769225	-0.7090910752969131
-999.0	590.0	319.12188156136904	2.8091837295464113	-7.20201715401241	-0.6973335681749241
-999.0	565.0	320.97828795281094	2.411551909787314	-7.468484895569939	-0.6808975083487375
-999.0	540.0	322.9017975937564	2.041017749479839	-7.785029939242774	-0.6467000267335347
-999.0	515.0	324.8442506949143	1.68965585742678	-8.103080119405476	-0.597921488008329
-999.0	490.0	326.82814984271204	1.3785704757486075	-8.30293139389583	-0.5843544219221387
-999.0	465.0	328.8387626764793	1.1079960763454437	-8.342372213091169	-0.6140588084235787
-999.0	440.0	330.8971270044331	0.8948380031755994	-8.300339355000428	-0.6277162113359998
-999.0	415.0	332.97904610215664	0.737596032874925	-8.139862162726267	-0.5811733060649463
-999.0	390.0	335.06807779211255	0.610859503703458	-7.679364962237223	-0.40211545477255384
-999.0	365.0	337.09004424490826	0.5103788913360665	-6.820743680000307	-0.10491002736879246
-999.0	340.0	338.9293911613063	0.42008013650774956	-5.6072769952671875	0.11801297962665559
-999.0	315.0	340.54335759211347	0.34085972128169884	-4.162253933293479	0.21556307295603422
-999.0	290.0	342.10394178979	0.26049384847283363	-2.872527614235878	0.3057768749339241
-999.0	265.0	343.7122879307231	0.1869781139705863	-1.8531459016459333	0.5072592752320427
-999.0	240.0	345.3290369504504	0.12731954295720374	-0.9054204438413895	0.9977518916130067
-999.0	215.0	346.81538626307395	0.08121414509202753	0.019972723509584237	1.8030772294316977
-999.0	190.0	348.334000201025	0.04530547931790352	0.8018508606723376	2.5442722290754323
-999.0	165.0	350.57689443813086	0.02157536741080029	1.3111013474741153	2.649388274976186
-999.0	140.0	355.38254595043713	0.009786698634603196	1.5652446842619354	1.8968261340633037
-999.0	115.0	367.8859653585145	0.005771149182692171	2.4396364901747023	0.8211055403309211
-999.0	90.0	395.16474120366235	0.005051583500712047	4.784988045692444	0.11681549889700751
-999.0	65.0	443.1092442010159	0.003064002675403443	1.5965153444558384	-0.07217561992417489
-999.0	40.0	532.4278203688639	0.013604676683566401	-8.929943216698511	-0.25752060986789216
-999.0	15.0	720.9142686187374	0.06664392591587136	-17.606114370482313	-0.35029679909348493
245.63888888888889	40	1005.7535526336184	day	levels	pres0
-999.0	990.0	300.6882442474533	15.646485517895343	-2.693833210165528	-0.8343507640418447
-999.0	965.0	301.6589982333949	14.86392473796059	-4.123318764898419	-1.3231919261197667
-999.0	940.0	302.6237319813874	14.544116398644867	-5.073753261376808	-1.7702378472164666
-999.0	915.0	303.51151314540766	14.159486649528436	-5.7541597873444115	-2.186560370560108
-999.0	890.0	304.3264058529994	13.595746570163357	-6.25339321673848	-2.516616609893516
-999.0	865.0	305.1356504095241	12.756556745559484	-6.727378665454665	-2.6860985630560323
-999.0	840.0	305.93460031722117	11.778484730493464	-7.179995394888244	-2.6357173802596034
-999.0	815.0	306.8105905120581	10.717112737988657	-7.595426048551153	-2.4037219172431175
-999.0	790.0	307.8297404692939	9.512680326189297	-7.991524522266554	-2.074852320882908
-999.0	765.0	309.0123732663297	8.204967211163233	-8.29868391203488	-1.7036332145095954
-999.0	740.0	310.3553846578911	6.9537873041062275	-8.361847548257614	-1.3710517597103324
-999.0	715.0	311.8076391655977	5.870652908370628	-8.178012119399085	-1.1078645255904187
-999.0	690.0	313.2386965487713	4.992772499720273	-7.8761068033793045	-0.9148421466705318
-999.0	665.0	314.6035445408604	4.357554765920791	-7.470095093288101	-0.8101720754353021
-999.0	640.0	316.0172246134543	3.779913385709123	-7.190936904104933	-0.7558393310164567
-999.0	615.0	317.5044727365875	3.263177236867336	-7.1166158536123865	-0.7516746476278381
-999.0	590.0	319.16871298928953	2.810205312002285	-7.2036745340105	-0.7507661479038095
-999.0	565.0	321.02973813619667	2.414466065073784	-7.462615775683548	-0.7400512692947935
-999.0	540.0	322.9577319151119	2.0448410799579153	-7.770329223738742	-0.7058596288165156
-999.0	515.0	324.9024630713977	1.6930874392153827	-8.07906583188068	-0.6504185013473697
-999.0	490.0	326.88664164597	1.3822140620341457	-8.271154888092479	-0.6261292795340813
-999.0	465.0	328.8953600188436	1.1126345301431415	-8.304978879671191	-0.6422482667461769
-999.0	440.0	330.95110279619644	0.9000607961936699	-8.258026950652567	-0.6444197826915742
-999.0	415.0	333.0299526051326	0.743035300856554	-8.094298826323532	-0.5898760341936075
-999.0	390.0	335.114744339007	0.6161573615575673	-7.637092986750139	-0.4036741578463965
-999.0	365.0	337.13137860664995	0.5151591541038683	-6.789562240479418	-0.09937092271591069
-999.0	340.0	338.9657928803248	0.42362275790600973	-5.590112905653652	0.13023180313526392
-999.0	315.0	340.5755836072156	0.3426599323986085	-4.157411121186735	0.23294708091353328
-999.0	290.0	342.13143288825853	0.2612906957547823	-2.8705290482630708	0.3242975552640514
-999.0	265.0	343.73305056998356	0.18729251989769605	-1.845477597935798	0.5225579284486532
-999.0	240.0	345.3393940326625	0.12740022514665905	-0.8975806638361911	1.0093081993834512
-999.0	215.0	346.8135393990961	0.08115150338955339	0.01439506270817498	1.8151523802015679
-999.0	190.0	348.3261305424704	0.04518125308234053	0.7727477432982071	2.562491728436415
-999.0	165.0	350.5765756851441	0.021519090522021472	1.26417947099315	2.668335327080368
-999.0	140.0	355.40476022683055	0.009768752939259958	1.5311910847851928	1.900642607065449
-999.0	115.0	367.9175464090515	0.005744086951756512	2.4395099750587135	0.8109758709749478
-999.0	90.0	395.1438334691793	0.00501389324014618	4.798217696329961	0.10876789860543537
-999.0	65.0	443.0340323234641	0.0030803650078023936	1.6301918394036479	-0.06923982778948824
-999.0	40.0	532.3967031447634	0.013584741095583549	-8.898099040228159	-0.2687817768652282
-999.0	15.0	720.9738670245955	0.06679953330211232	-17.557786105171008	-0.3722322008439776
245.65277777777777	40	1005.3304433671259	day	levels	pres0
-999.0	990.0	300.8309868060375	15.57815712217304	-2.6959319211660855	-0.8246407420152758
-999.0	965.0	301.72769438804147	14.867070531088212	-4.053789724433262	-1.2731968009519403
-999.0	940.0	302.66266780893733	14.569924838959215	-4.968665085141667	-1.6921351607593589
-999.0	915.0	303.551157424531	14.197281118423204	-5.636570974001863	-2.0913834289781055
-999.0	890.0	304.3747018297406	13.641120267292793	-6.12967210345804	-2.413174415036839
-999.0	865.0	305.19171974794205	12.797034187922389	-6.603735257708898	-2.5808480237684943
-999.0	840.0	305.9941115670024	11.808825583685003	-7.05722293399635	-2.53383061289791
-999.0	815.0	306.87402571577974	10.735388400062677	-7.472578593662865	-2.310963727179061
-999.0	790.0	307.9001260007009	9.517643962587627	-7.8708041319771995	-1.9969593416604057
-999.0	765.0	309.08647705447913	8.203819925822911	-8.185507800844032	-1.6448413126229968
-999.0	740.0	310.42907844161044	6.952039792424158	-8.267635879062514	-1.3319565049476216
-999.0	715.0	311.8779811290073	5.870988579023452	-8.111572205074278	-1.087282157148285
-999.0	690.0	313.30490428636347	4.9920944685027715	-7.837954343311387	-0.9116598787229677
-999.0	665.0	314.6648903246046	4.3518998925648065	-7.458335884033691	-0.8230155110950441
-999.0	640.0	316.0725729756113	3.773353620654064	-7.194846677401705	-0.784091940297481
-999.0	615.0	317.5531134688922	3.2609071594382106	-7.121951725747846	-0.7942582199586338
-999.0	590.0	319.21554441720997	2.811226894458135	-7.205331914008609	-0.8041987276325384
-999.0	565.0	321.08118831958217	2.417380220360225	-7.456746655797206	-0.7992050302406833
-999.0	540.0	323.01366623646726	2.048664410435963	-7.755628508234791	-0.7650192308993297
-999.0	515.0	324.9606754478808	1.6965190210039642	-8.055051544355981	-0.702915514686253
-999.0	490.0	326.9451334492278	1.3858576483196667	-8.239378382289237	-0.667904137145885
-999.0	465.0	328.9519573612078	1.1172729839408189	-8.267585546251347	-0.6704377250686618
-999.0	440.0	331.00507858795964	0.905283589211719	-8.215714546304868	-0.6611233540470551
-999.0	415.0	333.0808591081086	0.7484745688381625	-8.048735489920986	-0.5985787623221871
-999.0	390.0	335.16141088590143	0.6214552194116587	-7.594821011263246	-0.40523286092017496
-999.0	365.0	337.1727129683916	0.5199394168716556	-6.75838080095868	-0.09383181806299419
-999.0	340.0	339.00219459934317	0.42716537930426013	-5.572948816040214	0.14245062664386868
-999.0	315.0	340.6078096223175	0.34446014351551424	-4.152568309080037	0.25033108887098926
-999.0	290.0	342.1589239867268	0.2620875430367292	-2.8685304822902857	0.34281823559411756
-999.0	265.0	343.75381320924413	0.18760692582480482	-1.8378092942256832	0.5378565816652116
-999.0	240.0	345.34975111487455	0.1274809073361139	-0.8897408838310011	1.0208645071538607
-999.0	215.0	346.8116925351183	0.08108886168707934	0.008817401906796586	1.8272275309714006
-999.0	190.0	348.3182608839158	0.045057026846777884	0.7436446259241777	2.5807112277973174
-999.0	165.0	350.5762569321575	0.021462813633242796	1.2172575945123463	2.6872823791844382
-999.0	140.0	355.4269745032241	0.009750807243916733	1.4971374853085555	1.9044590800675278
-999.0	115.0	367.9491274595885	0.005717024720820889	2.439383459942682	0.8008462016189825
-999.0	90.0	395.1229257346962	0.0049762029795804115	4.81144734696736	0.1007202983139062
-999.0	65.0	442.95882044591264	0.003096727340201294	1.6638683343512992	-0.06630403565479384
-999.0	40.0	532.3655859206631	0.01356480550760079	-8.866254863757954	-0.28004294386250767
-999.0	15.0	721.0334654304534	0.06695514068835307	-17.509457839859884	-0.3941676025943943
245.66666666666666	40	1004.9073341006323	day	levels	pres0
-999.0	990.0	300.9737293646221	15.509828726450568	-2.698030632166625	-0.8149307199886776
-999.0	965.0	301.796390542688	14.87021632421586	-3.984260683967887	-1.2232016757839816
-999.0	940.0	302.7016036364875	14.595733279273654	-4.863576908906206	-1.6140324743020542
-999.0	915.0	303.5908017036544	14.235075587318093	-5.518982160658963	-1.9962064873958678
-999.0	890.0	304.4229978064818	13.686493964422345	-6.0059509901772365	-2.309732220179906
-999.0	865.0	305.2477890863601	12.837511630285368	-6.48009184996278	-2.475597484480692
-999.0	840.0	306.05362281678384	11.83916643687656	-6.934450473104124	-2.4319438455359492
-999.0	815.0	306.93746091950146	10.753664062136671	-7.3497311387742466	-2.2182055371147453
-999.0	790.0	307.97051153210816	9.522607598985923	-7.75008374168751	-1.9190663624376765
-999.0	765.0	309.16058084262875	8.202672640482579	-8.072331689652856	-1.586049410736219
-999.0	740.0	310.50277222533015	6.950292280742111	-8.173424209867123	-1.2928612501847925
-999.0	715.0	311.94832309241707	5.871324249676311	-8.04513229074926	-1.0666997887060947
-999.0	690.0	313.37111202395585	4.991416437285299	-7.799801883243337	-0.9084776107754066
-999.0	665.0	314.7262361083489	4.346245019208817	-7.446576674779241	-0.835858946754841
-999.0	640.0	316.12792133776844	3.766793855598993	-7.198756450698488	-0.8123445495786078
-999.0	615.0	317.6017542011969	3.258637082009093	-7.127287597883312	-0.8368417922895719
-999.0	590.0	319.26237584513035	2.812248476914006	-7.2069892940067	-0.8576313073614374
-999.0	565.0	321.13263850296795	2.420294375646692	-7.450877535910814	-0.8583587911867535
-999.0	540.0	323.06960055782275	2.0524877409140365	-7.740927792730759	-0.8241788329823249
-999.0	515.0	325.01888782436407	1.699950602792566	-8.031037256831185	-0.7554125280253084
-999.0	490.0	327.0036252524857	1.3895012346052056	-8.207601876485883	-0.7096789947578408
-999.0	465.0	329.00855470357214	1.1219114377385169	-8.23019221283137	-0.6986271833912714
-999.0	440.0	331.05905437972285	0.9105063822297903	-8.173402141957009	-0.6778269254026378
-999.0	415.0	333.1317656110847	0.7539138368197927	-8.003172153518252	-0.6072814904508523
-999.0	390.0	335.2080774327958	0.6267530772657689	-7.552549035776167	-0.40679156399401706
-999.0	365.0	337.2140473301332	0.5247196796394581	-6.72719936143779	-0.08829271341010769
-999.0	340.0	339.0385963183616	0.4307080007025208	-5.555784726426678	0.15466945015248454
-999.0	315.0	340.6400356374195	0.34626035463242444	-4.147725496973289	0.26771509682849676
-999.0	290.0	342.18641508519516	0.26288439031867816	-2.8665319163174714	0.3613389159242529
-999.0	265.0	343.7745758485046	0.18792133175191472	-1.8301409905155372	0.553155234881829
-999.0	240.0	345.36010819708656	0.12756158952556934	-0.8819011038257896	1.0324208149243106
-999.0	215.0	346.80984567114035	0.08102621998460523	0.0032397411054006517	1.8393026817412759
-999.0	190.0	348.31039122536123	0.04493280061121489	0.7145415085500558	2.598930727158304
-999.0	165.0	350.57593817917075	0.021406536744463984	1.1703357180313845	2.7062294312886186
-999.0	140.0	355.44918877961754	0.009732861548573498	1.4630838858318145	1.9082755530696702
-999.0	115.0	367.9807085101257	0.005689962489885228	2.439256944826696	0.7907165322630132
-999.0	90.0	395.102018000213	0.004938512719014541	4.8246769976048745	0.09267269802234351
-999.0	65.0	442.8836085683608	0.0031130896726002445	1.6975448292991036	-0.06336824352010294
-999.0	40.0	532.3344686965626	0.01354486991961794	-8.834410687287608	-0.29130411085984353
-999.0	15.0	721.0930638363113	0.06711074807459401	-17.461129574548583	-0.4161030043448894
245.68055555555554	40	1004.4842248341399	day	levels	pres0
-999.0	990.0	301.11647192320635	15.441500330728267	-2.700129343167182	-0.8052206979621086
-999.0	965.0	301.8650866973347	14.87336211734348	-3.91473164350273	-1.173206550616155
-999.0	940.0	302.7405394640375	14.621541719588002	-4.758488732671065	-1.5359297878449463
-999.0	915.0	303.63044598277776	14.272870056212865	-5.4013933473164135	-1.901029545813865
-999.0	890.0	304.471293783223	13.731867661551785	-5.882229876896795	-2.20629002532323
-999.0	865.0	305.3038584247781	12.87798907264827	-6.3564484422170136	-2.370346945193154
-999.0	840.0	306.11313406656507	11.869507290068103	-6.811678012212231	-2.330057078174256
-999.0	815.0	307.000896123223	10.771939724210691	-7.22688368388596	-2.125447347050689
-999.0	790.0	308.0408970635151	9.527571235384253	-7.629363351398156	-1.8411733832151744
-999.0	765.0	309.2346846307782	8.201525355142255	-7.959155578462007	-1.5272575088496205
-999.0	740.0	310.5764660090495	6.948544769060041	-8.079212540672025	-1.253765995422082
-999.0	715.0	312.01866505582655	5.871659920329136	-7.978692376424454	-1.04611742026396
-999.0	690.0	313.43731976154817	4.990738406067799	-7.7616494231754185	-0.9052953428278426
-999.0	665.0	314.78758189209316	4.340590145852833	-7.434817465524831	-0.8487023824145831
-999.0	640.0	316.18326969992546	3.760234090543933	-7.202666223995262	-0.8405971588596319
-999.0	615.0	317.65039493350156	3.2563670045799675	-7.132623470018772	-0.8794253646203671
-999.0	590.0	319.3092072730508	2.8132700593698554	-7.208646674004809	-0.9110638870901668
-999.0	565.0	321.18408868635356	2.4232085309331324	-7.4450084160244705	-0.9175125521326432
-999.0	540.0	323.1255348791781	2.0563110713920847	-7.726227077226807	-0.8833384350651388
-999.0	515.0	325.0771002008472	1.7033821845811474	-8.007022969306487	-0.8079095413641918
-999.0	490.0	327.0621170557435	1.3931448208907258	-8.175825370682643	-0.7514538523696448
-999.0	465.0	329.06515204593643	1.1265498915361944	-8.192798879411525	-0.7268166417137562
-999.0	440.0	331.11303017148606	0.9157291752478398	-8.131089737609308	-0.6945304967581188
-999.0	415.0	333.18267211406055	0.7593531048014014	-7.957608817115709	-0.615984218579432
-999.0	390.0	335.25474397969015	0.63205093511986	-7.510277060289274	-0.40835026706779554
-999.0	365.0	337.25538169187473	0.5294999424072453	-6.696017921917053	-0.08275360875719116
-999.0	340.0	339.07499803738	0.43425062210077114	-5.538620636813239	0.16688827366108924
-999.0	315.0	340.6722616525215	0.3480605657493301	-4.142882684866589	0.28509910478595274
-999.0	290.0	342.2139061836634	0.2636812376006252	-2.864533350344685	0.37985959625431914
-999.0	265.0	343.79533848776504	0.18823573767902343	-1.8224726868054224	0.5684538880983873
-999.0	240.0	345.3704652792986	0.12764227171502412	-0.8740613238205999	1.0439771226947199
-999.0	215.0	346.8079988071625	0.0809635782821312	-0.0023379196959779085	1.851377832511109
-999.0	190.0	348.3025215668065	0.04480857437565227	0.6854383911760265	2.6171502265192057
-999.0	165.0	350.5756194261839	0.02135025985568531	1.1234138415505808	2.7251764833926884
-999.0	140.0	355.4714030560109	0.009714915853230269	1.4290302863551776	1.9120920260717493
-999.0	115.0	368.0122895606626	0.005662900258949609	2.439130429710665	0.7805868629070479
-999.0	90.0	395.08111026572993	0.004900822458448775	4.837906648242272	0.08462509773081432
-999.0	65.0	442.8083966908094	0.0031294520049991448	1.7312213242467553	-0.06043245138540847
-999.0	40.0	532.3033514724623	0.013524934331635177	-8.802566510817401	-0.302565277857123
-999.0	15.0	721.1526622421691	0.06726635546083476	-17.412801309237455	-0.43803840609530614
