z[m]	p[mb]	tp[K]	q[g/kg]	u[m/s]	v[m/s]
244.0	40	1004.1269378662108	day	levels	pres0
-999.0	990.0	300.07067265245666	16.460550149281822	-1.5326224354406195	-0.21988024314244597
-999.0	965.0	301.1755064522203	15.768509626388548	-2.884294753273328	-0.731748414536317
-999.0	940.0	302.0545878796326	15.312865495681761	-3.8442058761914564	-1.1097921912247937
-999.0	915.0	303.04100265285075	14.697562615076698	-4.74327332774798	-1.4015562484661737
-999.0	890.0	304.050810188924	13.944225788116453	-5.581336736679076	-1.5800858164827032
-999.0	865.0	305.0920269692274	13.007200717926022	-6.310158312320709	-1.6113065034151077
-999.0	840.0	306.1513712054069	11.901121775309246	-6.883124967416127	-1.5105417699839259
-999.0	815.0	307.28376490254533	10.691011269887289	-7.284770766894022	-1.2714457024509707
-999.0	790.0	308.54905050588576	9.446351925532024	-7.5138366023699446	-0.9206666598717371
-999.0	765.0	309.9192683600195	8.29695471127828	-7.530730028947194	-0.57269749045372
-999.0	740.0	311.26521277907335	7.417081236839294	-7.280044198036193	-0.3343847667177518
-999.0	715.0	312.5512388416741	6.7959946393966675	-6.831250737110773	-0.21240650614102682
-999.0	690.0	313.81641082382185	6.2199005881945295	-6.360869844754536	-0.15369331417605278
-999.0	665.0	315.04223227770115	5.697332640488941	-5.90221570432186	-0.16582490255435306
-999.0	640.0	316.3249694091218	5.169036865234375	-5.546463509400685	-0.21104483492672438
-999.0	615.0	317.6974923968327	4.641104817390442	-5.341785207390785	-0.2808467994133631
-999.0	590.0	319.31463984034565	4.170076449712117	-5.277641060451667	-0.30973251163959503
-999.0	565.0	321.2263459910516	3.749450246493021	-5.379023438940446	-0.2757725864648819
-999.0	540.0	323.27940928453205	3.324709782997768	-5.586069085945685	-0.20288787658015894
-999.0	515.0	325.4156441547883	2.8718666831652326	-5.881604361037414	-0.10862884173790618
-999.0	490.0	327.5595184686133	2.419349320232868	-6.145561831692854	-0.08603368202845252
-999.0	465.0	329.6484154512614	1.9612756893038745	-6.327194792528946	-0.1595872969677051
-999.0	440.0	331.66979926156137	1.5764107157786689	-6.399436471362908	-0.25059524426857627
-999.0	415.0	333.58338395385823	1.271959674855073	-6.337191210128366	-0.3078586248060067
-999.0	390.0	335.4351794873497	1.0316656306385992	-6.151723297933738	-0.23811816920836765
-999.0	365.0	337.2140662272073	0.8504668300350507	-5.853903315961361	0.00511217614014936
-999.0	340.0	338.95372542434075	0.6851943247020246	-5.516321359823148	0.3980327174067496
-999.0	315.0	340.63781832060573	0.536998209853967	-5.148478326698144	0.9066328652940379
-999.0	290.0	342.25549176752736	0.39339702576398844	-4.695358107487361	1.4263540804386137
-999.0	265.0	343.8293786289105	0.2652960692842801	-4.154727692405383	1.8997363286713755
-999.0	240.0	345.4024549645878	0.16144909771780178	-3.63005581498146	2.303993577758471
-999.0	215.0	346.9837901030562	0.08537791607280573	-3.166510790586471	2.5906299948692326
-999.0	190.0	348.7947921336658	0.04274650989100336	-2.463013341029485	2.5821733077367144
-999.0	165.0	351.3052622372245	0.02143593722333511	-1.1209324995676675	1.9636100182930627
-999.0	140.0	355.86789073381084	0.01023057495088627	0.18271595736344648	1.0007096628348031
-999.0	115.0	367.2381962795602	0.005632459690483907	1.2400093007211883	0.48356393352150906
-999.0	90.0	392.9948302815937	0.0044977423385716975	3.664466484139363	0.4440653417259455
-999.0	65.0	441.22557506886517	0.003553885229242345	1.6048239854474862	0.3676506364718079
-999.0	40.0	531.7596322594213	0.013227883803968627	-9.102127569417158	0.07964726102848847
-999.0	15.0	722.1644583651469	0.06989082073171933	-17.917359153429665	-0.08592884646107754
244.01388888888889	40	1004.2600945366753	day	levels	pres0
-999.0	990.0	300.0272244105918	16.452198372946828	-1.557540015903879	-0.24303342940082956
-999.0	965.0	301.1824562904364	15.757067124048843	-2.9255528739756884	-0.7696577661015834
-999.0	940.0	302.07683825634456	15.30190547307331	-3.8923299991422184	-1.161087318013164
-999.0	915.0	303.05974069022733	14.684144073062466	-4.792101914683985	-1.4644164040133396
-999.0	890.0	304.05965492349264	13.925595786836407	-5.629498579987794	-1.6538148356809257
-999.0	865.0	305.0915831205197	12.986204518212212	-6.359472486707933	-1.6962271051275248
-999.0	840.0	306.141083913369	11.884135608319893	-6.93559487881488	-1.6035657519523034
-999.0	815.0	307.26410210355607	10.679821570714328	-7.338478644688969	-1.368583505352447
-999.0	790.0	308.522843352255	9.439040448930536	-7.562204475756087	-1.0185349934770027
-999.0	765.0	309.8895708731036	8.290661908962104	-7.567008731541843	-0.6667968862587645
-999.0	740.0	311.23482799200343	7.411707348293715	-7.300661972275503	-0.4198823689863518
-999.0	715.0	312.52206317367273	6.792668969542877	-6.83594983043494	-0.2859889673828808
-999.0	690.0	313.7890582583596	6.218497086454307	-6.351783991411865	-0.21437825883435185
-999.0	665.0	315.0172310892668	5.69731578120478	-5.882666729459584	-0.21249622306619687
-999.0	640.0	316.3020703150385	5.170125605883414	-5.520484498805442	-0.24147663175787976
-999.0	615.0	317.67574637197316	4.642889890405862	-5.3142078996256314	-0.29261354560517805
-999.0	590.0	319.29010364119347	4.172044797076117	-5.2497655743801825	-0.30473856641739133
-999.0	565.0	321.19376692888756	3.7515941968670607	-5.351905228915021	-0.25793621585599863
-999.0	540.0	323.2375383080259	3.326780396479151	-5.5619311222323535	-0.17873030500828938
-999.0	515.0	325.36485348839767	2.874005586460791	-5.863216125302841	-0.08638308976807851
-999.0	490.0	327.5045491803082	2.421380013503417	-6.13431600564057	-0.07115243789218534
-999.0	465.0	329.5955226887052	1.962549543491121	-6.322678797774867	-0.15686233065742877
-999.0	440.0	331.62164886490496	1.5771666122255537	-6.39467150193676	-0.2612075505571
-999.0	415.0	333.54106410869696	1.2723929879290115	-6.323556077425146	-0.3308879495770798
-999.0	390.0	335.39791860352665	1.0320446008333484	-6.127235343058912	-0.268983524154745
-999.0	365.0	337.18074799355975	0.8510675343374452	-5.81793310300067	-0.027044974957370793
-999.0	340.0	338.925623022337	0.6852404244796029	-5.464874002254648	0.3708605644879309
-999.0	315.0	340.6169525762365	0.5360337105338239	-5.078898884631923	0.8899871643106464
-999.0	290.0	342.2426600124735	0.3924432850822263	-4.614141197116225	1.4224320708049585
-999.0	265.0	343.82406087912915	0.26487020623904756	-4.07365678761286	1.9116001167783054
-999.0	240.0	345.40099335839614	0.1613016171311896	-3.5603891467606004	2.3425675321508543
-999.0	215.0	346.9789345229297	0.08540321876191477	-3.1094540313437626	2.66527489048468
-999.0	190.0	348.7822769702321	0.0427241355560169	-2.4033456842104024	2.674719691552561
-999.0	165.0	351.2856938164231	0.021305470343644568	-1.0483405995699357	2.0318057090044555
-999.0	140.0	355.8402213085979	0.010154196104310646	0.24885701512303365	1.0251846477665465
-999.0	115.0	367.2218781453655	0.005627626781696782	1.2810352646090597	0.4867718846157737
-999.0	90.0	393.037885307497	0.004531743742215154	3.6890628658304014	0.44431041595009424
-999.0	65.0	441.320337999319	0.003540151812895013	1.611135162137161	0.3550928777290695
-999.0	40.0	531.8234362440462	0.013270115238372985	-9.066062908481637	0.07244801817945541
-999.0	15.0	722.1679321011089	0.06988403701257939	-17.87383784629676	-0.09216658306805041
244.02777777777777	40	1004.3932512071394	day	levels	pres0
-999.0	990.0	299.983776168727	16.443846596611877	-1.5824575963671488	-0.2661866156591174
-999.0	965.0	301.18940612865237	15.74562462170919	-2.966810994678062	-0.8075671176667382
-999.0	940.0	302.0990886330564	15.29094545046489	-3.9404541220929756	-1.2123824448014076
-999.0	915.0	303.0784787276038	14.67072553104825	-4.840930501619962	-1.5272765595603617
-999.0	890.0	304.0684996580613	13.906965785556375	-5.677660423296456	-1.7275438548789788
-999.0	865.0	305.091139271812	12.965208318498407	-6.408786661095074	-1.7811477068397397
-999.0	840.0	306.13079662133106	11.867149441330525	-6.988064790213534	-1.6965897339204483
-999.0	815.0	307.2444393045668	10.668631871541344	-7.392186522483808	-1.4657213082536682
-999.0	790.0	308.4966361986243	9.431728972329035	-7.610572349142128	-1.116403327082006
-999.0	765.0	309.85987338618776	8.284369106645938	-7.603287434136412	-0.7608962820635568
-999.0	740.0	311.2044432049335	7.406333459748165	-7.321279746514772	-0.5053799712547266
-999.0	715.0	312.4928875056714	6.7893432996891185	-6.840648923759106	-0.35957142862454555
-999.0	690.0	313.7617056928974	6.217093584714114	-6.3426981380692276	-0.27506320349249513
-999.0	665.0	314.9922299008325	5.697298921920635	-5.863117754597361	-0.2591675435779149
-999.0	640.0	316.27917122095533	5.171214346532469	-5.4945054882102635	-0.2719084285889443
-999.0	615.0	317.6540003471137	4.644674963421291	-5.286630591860531	-0.30438029179694437
-999.0	590.0	319.26556744204123	4.174013144440122	-5.221890088308746	-0.2997446211951806
-999.0	565.0	321.1611878667236	3.7537381472410978	-5.324787018889635	-0.24009984524714678
-999.0	540.0	323.19566733151976	3.3288510099605273	-5.537793158519051	-0.15457273343648287
-999.0	515.0	325.3140628220071	2.876144489756336	-5.844827889568276	-0.06413733779833419
-999.0	490.0	327.4495798920031	2.423410706773951	-6.123070179588264	-0.05627119375600689
-999.0	465.0	329.54262992614906	1.9638233976783572	-6.318162803020738	-0.15413736434722786
-999.0	440.0	331.5734984682487	1.5779225086724313	-6.38990653251056	-0.2718198568456678
-999.0	415.0	333.4987442635359	1.2728263010029437	-6.309920944721888	-0.3539172743481527
-999.0	390.0	335.36065771970385	1.0324235710280913	-6.102747388184076	-0.29984887910108615
-999.0	365.0	337.14742975991226	0.8516682386398315	-5.78196289004	-0.059202126054836934
-999.0	340.0	338.89752062033324	0.6852865242571744	-5.4134266446862105	0.34368841156916663
-999.0	315.0	340.5960868318671	0.5350692112136776	-5.009319442565815	0.873341463327294
-999.0	290.0	342.22982825741957	0.39148954440046274	-4.532924286745237	1.4185100611713204
-999.0	265.0	343.8187431293478	0.26444434319381366	-3.992585882820489	1.9234639048852247
-999.0	240.0	345.39953175220455	0.1611541365445763	-3.4907224785398756	2.381141486543182
-999.0	215.0	346.97407894280315	0.08542852145102275	-3.052397272101171	2.7399197861000086
-999.0	190.0	348.76976180679856	0.042701761221030185	-2.3436780273914497	2.7672660753682488
-999.0	165.0	351.26612539562166	0.021175003463954317	-0.9757486995723711	2.1000013997157154
-999.0	140.0	355.812551883385	0.010077817257735213	0.3149980728824761	1.0496596326982415
-999.0	115.0	367.20556001117086	0.0056227938729096925	1.3220612284968762	0.4899798357100357
-999.0	90.0	393.08094033340024	0.004565745145858561	3.7136592475214427	0.44455549017422424
-999.0	65.0	441.4151009297725	0.0035264183965477195	1.6174463388268567	0.3425351189863386
-999.0	40.0	531.8872402286709	0.013312346672777205	-9.029998247546194	0.0652487753304081
-999.0	15.0	722.171405837071	0.0698772532934392	-17.83031653916396	-0.09840431967502095
244.04166666666666	40	1004.5264078776044	day	levels	pres0
-999.0	990.0	299.9403279268621	16.435494820276887	-1.6073751768304216	-0.2893398019175054
-999.0	965.0	301.19635596686857	15.734182119369489	-3.008069115380445	-0.8454764692320104
-999.0	940.0	302.1213390097684	15.279985427856433	-3.988578245043758	-1.2636775715897846
-999.0	915.0	303.09721676498026	14.657306989034005	-4.889759088555984	-1.5901367151075347
-999.0	890.0	304.07734439262987	13.88833578427632	-5.725822266605184	-1.80127287407721
-999.0	865.0	305.09069542310425	12.944212118784582	-6.4581008354823055	-1.8660683085521657
-999.0	840.0	306.12050932929316	11.850163274341163	-7.040534701612293	-1.7896137158888332
-999.0	815.0	307.2247765055775	10.657442172368373	-7.445894400278764	-1.5628591111551489
-999.0	790.0	308.4704290449934	9.424417495727539	-7.658940222528281	-1.214271660687273
-999.0	765.0	309.8301758992719	8.27807630432976	-7.63956613673107	-0.8549956778685995
-999.0	740.0	311.17405841786353	7.400959571202583	-7.341897520754088	-0.5908775735233225
-999.0	715.0	312.46371183766996	6.786017629835327	-6.8453480170832774	-0.4331538898663941
-999.0	690.0	313.73435312743516	6.215690082973891	-6.333612284726558	-0.33574814815078735
-999.0	665.0	314.967228712398	5.6972820626364715	-5.843568779735086	-0.3058388640897508
-999.0	640.0	316.2562721268721	5.1723030871815086	-5.46852647761502	-0.30234022542009104
-999.0	615.0	317.6322543222542	4.646460036436713	-5.259053284095376	-0.3161470379887501
-999.0	590.0	319.24103124288894	4.175981491804121	-5.194014602237262	-0.29475067597296695
-999.0	565.0	321.1286088045595	3.755882097615137	-5.297668808864208	-0.2222634746382529
-999.0	540.0	323.1537963550135	3.3309216234419114	-5.513655194805719	-0.13041516186460364
-999.0	515.0	325.26327215561645	2.8782833930518947	-5.826439653833706	-0.04189158582849958
-999.0	490.0	327.3946106036979	2.4254414000445	-6.111824353535981	-0.04138994961973619
-999.0	465.0	329.48973716359285	1.9650972518656038	-6.313646808266662	-0.1514123980369512
-999.0	440.0	331.5253480715922	1.578678405119317	-6.385141563084417	-0.2824321631341925
-999.0	415.0	333.45642441837464	1.2732596140768824	-6.2962858120186675	-0.37694659911922657
-999.0	390.0	335.3233968358809	1.03280254122284	-6.078259433309251	-0.3307142340474653
-999.0	365.0	337.1141115262647	0.8522689429422258	-5.74599267707931	-0.09135927715236203
-999.0	340.0	338.86941821832943	0.6853326240347524	-5.361979287117706	0.3165162586503409
-999.0	315.0	340.57522108749777	0.5341047118935337	-4.93974000049959	0.8566957623438957
-999.0	290.0	342.21699650236565	0.39053580371870034	-4.451707376374099	1.4145880515376599
-999.0	265.0	343.8134253795664	0.2640184801485809	-3.9115149780279634	1.935327692992152
-999.0	240.0	345.3980701460129	0.16100665595796412	-3.4210558103190163	2.4197154409355672
-999.0	215.0	346.9692233626766	0.0854538241401319	-2.995340512858469	2.814564681715464
-999.0	190.0	348.7572466433649	0.042679386886043835	-2.284010370572378	2.859812459184104
-999.0	165.0	351.24655697482035	0.0210445365842638	-0.9031567995746523	2.168197090427108
-999.0	140.0	355.78488245817226	0.010001438411159594	0.38113913064205285	1.0741346176299804
-999.0	115.0	367.18924187697615	0.005617960964122564	1.3630871923847443	0.49318778680430125
-999.0	90.0	393.1239953593035	0.004599746549502019	3.7382556292124858	0.4448005643983777
-999.0	65.0	441.50986386022635	0.0035126849802003864	1.6237575155165374	0.32997736024360286
-999.0	40.0	531.9510442132957	0.013354578107181563	-8.993933586610666	0.05804953248137084
-999.0	15.0	722.1748795730332	0.06987046957429922	-17.786795232031047	-0.10464205628199905
244.05555555555554	40	1004.6595645480685	day	levels	pres0
-999.0	990.0	299.8968796849974	16.42714304394193	-1.6322927572936914	-0.3124929881757932
-999.0	965.0	301.20330580508454	15.722739617029836	-3.0493272360828176	-0.8833858207971651
-999.0	940.0	302.1435893864803	15.269025405248012	-4.036702367994515	-1.3149726983780283
-999.0	915.0	303.11595480235684	14.643888447019796	-4.938587675491958	-1.6529968706545566
-999.0	890.0	304.0861891271985	13.869705782996286	-5.7739841099138465	-1.8750018932752626
-999.0	865.0	305.0902515743966	12.923215919070776	-6.507415009869451	-1.9509889102643805
-999.0	840.0	306.11022203725526	11.833177107351798	-7.093004613010947	-1.8826376978569783
-999.0	815.0	307.2051137065882	10.64625247319539	-7.499602278073601	-1.6599969140563702
-999.0	790.0	308.4442218913627	9.417106019126042	-7.707308095914322	-1.312139994292276
-999.0	765.0	309.8004784123562	8.271783502013593	-7.675844839325639	-0.9490950736733916
-999.0	740.0	311.1436736307936	7.395585682657031	-7.362515294993356	-0.6763751757916973
-999.0	715.0	312.43453616966866	6.782691959981567	-6.850047110407444	-0.5067363511080588
-999.0	690.0	313.70700056197296	6.214286581233695	-6.324526431383921	-0.39643309280893074
-999.0	665.0	314.9422275239637	5.697265203352328	-5.824019804872864	-0.3525101846014689
-999.0	640.0	316.23337303278885	5.173391827830562	-5.442547467019839	-0.33277202225115565
-999.0	615.0	317.6105082973947	4.648245109452143	-5.231475976330277	-0.3279137841805164
-999.0	590.0	319.21649504373687	4.177949839168124	-5.166139116165826	-0.2897567307507562
-999.0	565.0	321.0960297423955	3.7580260479891736	-5.270550598838824	-0.20442710402940106
-999.0	540.0	323.1119253785074	3.3329922369232876	-5.489517231092416	-0.106257590292797
-999.0	515.0	325.21248148922587	2.8804222963474393	-5.808051418099143	-0.019645833858755263
-999.0	490.0	327.3396413153929	2.4274720933150347	-6.100578527483676	-0.02650870548355788
-999.0	465.0	329.43684440103675	1.9663711060528395	-6.309130813512534	-0.14868743172675014
-999.0	440.0	331.47719767493595	1.5794343015661947	-6.380376593658215	-0.2930444694227604
-999.0	415.0	333.4141045732135	1.273692927150815	-6.28265067931541	-0.39997592389029957
-999.0	390.0	335.2861359520581	1.0331815114175833	-6.053771478434414	-0.36157958899380627
-999.0	365.0	337.0807932926172	0.8528696472446119	-5.710022464118639	-0.12351642824982825
-999.0	340.0	338.84131581632573	0.6853787238123239	-5.310531929549271	0.28934410573157665
-999.0	315.0	340.5543553431285	0.5331402125733874	-4.870160558433481	0.8400500613605435
-999.0	290.0	342.2041647473118	0.38958206303693665	-4.37049046600311	1.4106660419040213
-999.0	265.0	343.80810762978507	0.263592617103347	-3.830444073235593	1.94719148109907
-999.0	240.0	345.3966085398213	0.16085917537135086	-3.351389142098293	2.4582893953278946
-999.0	215.0	346.9643677825501	0.08547912682923987	-2.9382837536158766	2.889209577330793
-999.0	190.0	348.7447314799314	0.04265701255105712	-2.2243427137534257	2.9523588429997893
-999.0	165.0	351.2269885540189	0.020914069704573556	-0.8305648995770873	2.2363927811383677
-999.0	140.0	355.7572130329593	0.009925059564584159	0.4472801884014953	1.098609602561675
-999.0	115.0	367.17292374278145	0.005613128055335473	1.4041131562725608	0.49639573789856306
-999.0	90.0	393.1670503852066	0.004633747953145426	3.762852010903527	0.44504563862250773
-999.0	65.0	441.6046267906799	0.0034989515638530924	1.6300686922062322	0.31741960150087206
-999.0	40.0	532.0148481979204	0.013396809541585784	-8.957868925675221	0.050850289632323555
-999.0	15.0	722.178353308995	0.06986368585515904	-17.743273924898244	-0.11087979288896968
244.06944444444446	40	1004.7927212185328	day	levels	pres0
-999.0	990.0	299.8534314431325	16.418791267606938	-1.6572103377569614	-0.3356461744341812
-999.0	965.0	301.2102556433006	15.711297114690131	-3.090585356785192	-0.9212951723624466
-999.0	940.0	302.1658397631922	15.25806538263956	-4.084826490945291	-1.366267825166422
-999.0	915.0	303.13469283973325	14.630469905005556	-4.987416262427976	-1.7158570262017516
-999.0	890.0	304.0950338617671	13.851075781716235	-5.822145953222572	-1.9487309124735175
-999.0	865.0	305.0898077256889	12.902219719356957	-6.556729184256678	-2.035909511976831
-999.0	840.0	306.09993474521724	11.816190940362436	-7.145474524409705	-1.9756616798253877
-999.0	815.0	307.1854509075989	10.635062774022423	-7.553310155868555	-1.7571347169578773
-999.0	790.0	308.41801473773194	9.409794542524553	-7.755675969300469	-1.4100083278975715
-999.0	765.0	309.7707809254403	8.265490699697423	-7.71212354192029	-1.0431944694784636
-999.0	740.0	311.1132888437237	7.390211794111462	-7.383133069232665	-0.7618727780603204
-999.0	715.0	312.40536050166725	6.779366290127787	-6.8547462037316045	-0.5803188123499309
-999.0	690.0	313.6796479965107	6.212883079493486	-6.315440578041241	-0.4571180374672426
-999.0	665.0	314.9172263355292	5.697248344068173	-5.804470830010579	-0.3991815051133204
-999.0	640.0	316.2104739387056	5.174480568479608	-5.4165684564245895	-0.36320381908231303
-999.0	615.0	317.58876227253506	4.6500301824675665	-5.203898668565117	-0.33968053037232715
-999.0	590.0	319.1919588445845	4.179918186532127	-5.138263630094339	-0.2847627855285437
-999.0	565.0	321.0634506802314	3.7601699983632124	-5.243432388813398	-0.1865907334205072
-999.0	540.0	323.0700544020012	3.335062850404669	-5.465379267379083	-0.08210001872091935
-999.0	515.0	325.1616908228352	2.8825611996429954	-5.789663182364566	0.002599918111072963
-999.0	490.0	327.28467202708777	2.42950278658558	-6.08933270143138	-0.011627461347299778
-999.0	465.0	329.3839516384805	1.967644960240082	-6.304614818758438	-0.14596246541649446
-999.0	440.0	331.42904727827954	1.5801901980130761	-6.3756116242320475	-0.303656775711315
-999.0	415.0	333.37178472805215	1.2741262402247495	-6.269015546612161	-0.42300524866141187
-999.0	390.0	335.2488750682351	1.033560481612329	-6.0292835235595605	-0.39244494394022345
-999.0	365.0	337.04747505896967	0.8534703515470032	-5.674052251157919	-0.15567357934737983
-999.0	340.0	338.8132134143219	0.685424823589899	-5.2590845719807415	0.2621719528127413
-999.0	315.0	340.53348959875916	0.5321757132532414	-4.800581116367231	0.8234043603771535
-999.0	290.0	342.1913329922578	0.3886283223551728	-4.2892735556319455	1.4067440322703828
-999.0	265.0	343.8027898800037	0.26316675405811374	-3.749373168443042	1.9590552692060257
-999.0	240.0	345.3951469336296	0.1607116947847386	-3.281722473877405	2.4968633497203108
-999.0	215.0	346.9595122024236	0.08550442951834882	-2.8812269943731414	2.9638544729462817
-999.0	190.0	348.7322163164977	0.04263463821607055	-2.164675056934313	3.044905226815686
-999.0	165.0	351.20742013321745	0.02078360282488296	-0.757972999579324	2.3045884718498115
-999.0	140.0	355.7295436077465	0.009848680718008516	0.5134212461611081	1.1230845874934565
-999.0	115.0	367.1566056085867	0.005608295146548358	1.44513912016045	0.4996036889928432
-999.0	90.0	393.21010541111	0.004667749356788922	3.787448392594586	0.44529071284665134
-999.0	65.0	441.6993897211337	0.003485218147505753	1.636379868895919	0.30486184275811584
-999.0	40.0	532.0786521825454	0.013439040975990153	-8.921804264739686	0.043651046783285165
-999.0	15.0	722.1818270449571	0.069856902136019	-17.699752617765327	-0.11711752949593869
244.08333333333334	40	1004.9258778889973	day	levels	pres0
-999.0	990.0	299.8099832012677	16.410439491271987	-1.6821279182202407	-0.35879936069247664
-999.0	965.0	301.2172054815166	15.699854612350482	-3.13184347748758	-0.9592045239276085
-999.0	940.0	302.1880901399041	15.24710536003114	-4.13295061389606	-1.4175629519546717
-999.0	915.0	303.15343087710977	14.617051362991337	-5.036244849363959	-1.7787171817487781
-999.0	890.0	304.1038785963357	13.832445780436197	-5.870307796531235	-2.022459931671575
-999.0	865.0	305.0893638769812	12.88122351964314	-6.606043358643824	-2.120830113689048
-999.0	840.0	306.08964745317934	11.799204773373061	-7.19794443580836	-2.068685661793534
-999.0	815.0	307.16578810860955	10.623873074849433	-7.607018033663397	-1.8542725198590961
-999.0	790.0	308.3918075841013	9.402483065923048	-7.804043842686514	-1.5078766615025674
-999.0	765.0	309.7410834385246	8.259197897381258	-7.748402244514864	-1.1372938652832447
-999.0	740.0	311.0829040566538	7.3848379055659095	-7.403750843471938	-0.8473703803286806
-999.0	715.0	312.376184833666	6.776040620274026	-6.8594452970557755	-0.6539012735915792
-999.0	690.0	313.6522954310485	6.21147957775329	-6.3063547246986085	-0.5178029821253687
-999.0	665.0	314.8922251470948	5.697231484784029	-5.78492185514836	-0.44585282562502176
-999.0	640.0	316.1875748446224	5.175569309128661	-5.390589445829414	-0.39363561591336194
-999.0	615.0	317.5670162476756	4.651815255482994	-5.176321360800022	-0.3514472765640793
-999.0	590.0	319.1674226454324	4.181886533896129	-5.110388144022907	-0.27976884030631977
-999.0	565.0	321.03087161806747	3.7623139487372472	-5.216314178788019	-0.16875436281164233
-999.0	540.0	323.028183425495	3.337133463886044	-5.4412413036657865	-0.05794244714910088
-999.0	515.0	325.11090015644476	2.88470010293854	-5.77127494663001	0.024845670080826665
-999.0	490.0	327.2297027387828	2.4315334798561143	-6.078086875379083	0.003253782788884857
-999.0	465.0	329.3310588759244	1.9689188144273186	-6.300098824004319	-0.14323749910629038
-999.0	440.0	331.3808968816232	1.5809460944599543	-6.370846654805853	-0.3142690819998817
-999.0	415.0	333.3294648828911	1.2745595532986822	-6.255380413908911	-0.446034573432484
-999.0	390.0	335.2116141844123	1.0339394518070717	-6.004795568684729	-0.423310298886566
-999.0	365.0	337.0141568253223	0.8540710558493889	-5.638082038197254	-0.1878307304448512
-999.0	340.0	338.7851110123182	0.68547092336747	-5.207637214412309	0.2349997998939699
-999.0	315.0	340.5126238543899	0.5312112139330948	-4.731001674301131	0.8067586593937953
-999.0	290.0	342.178501237204	0.38767458167340896	-4.2080566452609665	1.4028220226367398
-999.0	265.0	343.79747213022245	0.26274089101287995	-3.668302263650682	1.9709190573129416
-999.0	240.0	345.3936853274379	0.16056421419812544	-3.2120558056566937	2.535437304112636
-999.0	215.0	346.9546566222971	0.08552973220745702	-2.8241702351305666	3.0384993685616086
-999.0	190.0	348.71970115306414	0.04261226388108401	-2.1050074001153827	3.137451610631371
-999.0	165.0	351.1878517124162	0.020653135945192764	-0.6853810995817854	2.372784162561066
-999.0	140.0	355.7018741825337	0.009772301871433093	0.579562303920528	1.1475595724251475
-999.0	115.0	367.1402874743921	0.005603462237761266	1.4861650840482534	0.5028116400871088
-999.0	90.0	393.25316043701315	0.0047017507604323275	3.8120447742856265	0.445535787070789
-999.0	65.0	441.7941526515873	0.003471484731158457	1.6426910455856192	0.29230408401539
-999.0	40.0	532.14245616717	0.013481272410394372	-8.885739603804232	0.036451803934235485
-999.0	15.0	722.1853007809191	0.06985011841687878	-17.65623131063252	-0.12335526610291325
244.09722222222223	40	1005.0590345594619	day	levels	pres0
-999.0	990.0	299.76653495940275	16.402087714936993	-1.7070454986835037	-0.38195254695085706
-999.0	965.0	301.2241553197327	15.688412110010777	-3.1731015981899477	-0.9971138754928737
-999.0	940.0	302.2103405166161	15.236145337422684	-4.18107473684683	-1.468858078743043
-999.0	915.0	303.1721689144863	14.603632820977102	-5.085073436299972	-1.8415773372959465
-999.0	890.0	304.1127233309044	13.81381577915615	-5.918469639839962	-2.096188950869802
-999.0	865.0	305.08892002827355	12.860227319929328	-6.6553575330310535	-2.205750715401471
-999.0	840.0	306.07936016114144	11.782218606383708	-7.250414347207119	-2.1617096437619177
-999.0	815.0	307.14612530962023	10.61268337567647	-7.660725911458351	-1.9514103227605792
-999.0	790.0	308.3656004304704	9.395171589321558	-7.852411716072663	-1.6057449951078413
-999.0	765.0	309.71138595160863	8.25290509506508	-7.784680947109517	-1.2313932610882985
-999.0	740.0	311.0525192695838	7.379464017020329	-7.424368617711251	-0.932867982597291
-999.0	715.0	312.3470091656646	6.772714950420236	-6.864144390379941	-0.7274837348334442
-999.0	690.0	313.62494286558626	6.210076076013069	-6.297268871355936	-0.5784879267836782
-999.0	665.0	314.86722395866036	5.697214625499867	-5.7653728802860815	-0.4925241461368744
-999.0	640.0	316.1646757505391	5.176658049777703	-5.364610435234167	-0.4240674127445244
-999.0	615.0	317.54527022281604	4.653600328498416	-5.1487440530348625	-0.3632140227558992
-999.0	590.0	319.14288644628016	4.18385488126013	-5.082512657951419	-0.27477489508411945
-999.0	565.0	320.9982925559034	3.7644578991112887	-5.1891959687625855	-0.15091799220276153
-999.0	540.0	322.98631244898877	3.33920407736743	-5.417103339952447	-0.033784875577233586
-999.0	515.0	325.06010949005395	2.8868390062340987	-5.75288671089543	0.04709142205065192
-999.0	490.0	327.1747334504777	2.4335641731266633	-6.066841049326793	0.018135026925149428
-999.0	465.0	329.27816611336806	1.9701926686145643	-6.295582829250233	-0.14051253279601694
-999.0	440.0	331.3327464849668	1.581701990906839	-6.366081685379702	-0.3248813882884076
-999.0	415.0	333.28714503772983	1.2749928663726207	-6.2417452812056835	-0.46906389820355854
-999.0	390.0	335.17435330058936	1.034318422001821	-5.980307613809897	-0.45417565383294384
-999.0	365.0	336.98083859167474	0.8546717601517836	-5.602111825236557	-0.2199878815423709
-999.0	340.0	338.7570086103144	0.6855170231450486	-5.156189856843801	0.20782764697515133
-999.0	315.0	340.49175811002056	0.5302467146129516	-4.661422232234898	0.7901129584104031
-999.0	290.0	342.16566948215	0.3867208409916468	-4.126839734889819	1.3989000130030838
-999.0	265.0	343.79215438044105	0.26231502796764716	-3.5872313588581464	1.9827828454198715
-999.0	240.0	345.39222372124624	0.16041673361151315	-3.1423891374358224	2.5740112585050228
-999.0	215.0	346.9498010421705	0.08555503489656595	-2.767113475887847	3.1131442641770652
-999.0	190.0	348.7071859896305	0.04258988954609748	-2.0453397432962888	3.229997994447228
-999.0	165.0	351.1682832916147	0.020522669065502198	-0.6127891995840403	2.440979853272464
-999.0	140.0	355.6742047573207	0.00969592302485746	0.6457033616801277	1.1720345573568904
-999.0	115.0	367.12396934019733	0.005598629328974141	1.5271910479361344	0.5060195911813706
-999.0	90.0	393.2962154629166	0.004735752164075786	3.83664115597667	0.4457808612949348
-999.0	65.0	441.8889155820411	0.0034577513148111257	1.6490022222752947	0.2797463252726493
-999.0	40.0	532.2062601517948	0.01352350384479873	-8.849674942868711	0.029252561085200593
-999.0	15.0	722.1887745168812	0.06984333469773883	-17.61271000349962	-0.12959300270988736
244.11111111111111	40	1005.1921912299259	day	levels	pres0
-999.0	990.0	299.723086717538	16.39373593860204	-1.7319630791467735	-0.4051057332091451
-999.0	965.0	301.2311051579487	15.67696960767112	-3.2143597188923207	-1.0350232270580286
-999.0	940.0	302.23259089332794	15.22518531481426	-4.229198859797588	-1.5201532055312867
-999.0	915.0	303.1909069518628	14.590214278962884	-5.133902023235949	-1.9044374928429684
-999.0	890.0	304.12156806547296	13.795185777876116	-5.966631483148623	-2.1699179700678544
-999.0	865.0	305.0884761795658	12.839231120215517	-6.704671707418197	-2.2906713171136857
-999.0	840.0	306.06907286910354	11.76523243939434	-7.302884258605772	-2.2547336257300628
-999.0	815.0	307.126462510631	10.601493676503484	-7.714433789253188	-2.048548125661801
-999.0	790.0	308.3393932768397	9.387860112720059	-7.900779589458703	-1.7036133287128448
-999.0	765.0	309.6816884646928	8.246612292748916	-7.820959649704086	-1.325492656893091
-999.0	740.0	311.0221344825138	7.374090128474778	-7.44498639195052	-1.0183655848656659
-999.0	715.0	312.3178334976632	6.769389280566476	-6.868843483704108	-0.8010661960751089
-999.0	690.0	313.5975903001241	6.2086725742728746	-6.288183018013298	-0.6391728714418216
-999.0	665.0	314.842222770226	5.697197766215724	-5.745823905423858	-0.5391954666485925
-999.0	640.0	316.1417766564559	5.177746790426757	-5.338631424638987	-0.454499209575589
-999.0	615.0	317.52352419795653	4.655385401513845	-5.121166745269763	-0.3749807689476655
-999.0	590.0	319.11835024712803	4.185823228624134	-5.054637171879983	-0.2697809498619087
-999.0	565.0	320.9657134937394	3.7666018494853244	-5.162077758737202	-0.13308162159390957
-999.0	540.0	322.94444147248265	3.341274690848805	-5.392965376239145	-0.009627304005426857
-999.0	515.0	325.00931882366353	2.8889779095296437	-5.734498475160867	0.06933717402039624
-999.0	490.0	327.1197641621726	2.4355948663971976	-6.055595223274486	0.03301627106132762
-999.0	465.0	329.225273350812	1.971466522801801	-6.291066834496104	-0.13778756648581597
-999.0	440.0	331.2845960883105	1.582457887353717	-6.3613167159535005	-0.33549369457697553
-999.0	415.0	333.24482519256867	1.2754261794465531	-6.2281101485024255	-0.4920932229746316
-999.0	390.0	335.13709241676656	1.034697392196564	-5.955819658935061	-0.48504100877928497
-999.0	365.0	336.9475203580273	0.8552724644541698	-5.566141612275888	-0.25214503263983723
-999.0	340.0	338.7289062083108	0.6855631229226199	-5.104742499275363	0.180655494056387
-999.0	315.0	340.4708923656512	0.5292822152928053	-4.591842790168791	0.7734672574270505
-999.0	290.0	342.15283772709614	0.3857671003098832	-4.04562282451883	1.3949780033694452
-999.0	265.0	343.78683663065965	0.2618891649224134	-3.5061604540657756	1.99464663352679
-999.0	240.0	345.39076211505466	0.1602692530248999	-3.0727224692150967	2.612585212897351
-999.0	215.0	346.944945462044	0.08558033758567392	-2.710056716645256	3.187789159792395
-999.0	190.0	348.6946708261969	0.04256751521111077	-1.9856720864773367	3.322544378262915
-999.0	165.0	351.14871487081336	0.020392202185811947	-0.5401972995864757	2.509175543983724
-999.0	140.0	355.6465353321079	0.009619544178282029	0.7118444194395699	1.1965095422885852
-999.0	115.0	367.10765120600274	0.005593796420187052	1.5682170118239513	0.5092275422756325
-999.0	90.0	393.3392704888197	0.004769753567719193	3.861237537667711	0.44602593551906483
-999.0	65.0	441.9836785124946	0.0034440178984638313	1.6553133989649904	0.26718856652991846
-999.0	40.0	532.2700641364196	0.013565735279202955	-8.813610281933267	0.022053318236153294
-999.0	15.0	722.1922482528432	0.06983655097859867	-17.569188696366812	-0.13583073931685793
244.125	40	1005.3253479003906	day	levels	pres0
-999.0	990.0	299.67963847567313	16.38538416226705	-1.756880659610033	-0.4282589194675286
-999.0	965.0	301.23805499616486	15.665527105331423	-3.255617839594682	-1.0729325786232946
-999.0	940.0	302.2548412700399	15.21422529220581	-4.27732298274835	-1.5714483323196569
-999.0	915.0	303.2096449892393	14.576795736948648	-5.182730610171952	-1.967297648390134
-999.0	890.0	304.1304128000416	13.776555776596068	-6.014793326457341	-2.2436469892660775
-999.0	865.0	305.0880323308581	12.818234920501707	-6.753985881805419	-2.3755919188261028
-999.0	840.0	306.0587855770655	11.748246272404987	-7.355354170004526	-2.3477576076984406
-999.0	815.0	307.1067997116416	10.590303977330526	-7.768141667048137	-2.145685928563277
-999.0	790.0	308.31318612320894	9.380548636118572	-7.949147462844848	-1.8014816623181105
-999.0	765.0	309.65199097777696	8.240319490432737	-7.857238352298737	-1.4195920526981352
-999.0	740.0	310.9917496954438	7.368716239929199	-7.465604166189829	-1.103863187134266
-999.0	715.0	312.2886578296619	6.766063610712687	-6.8735425770282745	-0.8746486573169628
-999.0	690.0	313.5702377346619	6.207269072532654	-6.279097164670626	-0.6998578161001204
-999.0	665.0	314.8172215817916	5.6971809069315595	-5.726274930561581	-0.5858667871604363
-999.0	640.0	316.11887756237263	5.178835531075796	-5.312652414043744	-0.48493100640674425
-999.0	615.0	317.501778173097	4.657170474529266	-5.09358943750461	-0.38674751513948047
-999.0	590.0	319.09381404797574	4.187791575988133	-5.026761685808499	-0.264787004639705
-999.0	565.0	320.9331344315753	3.768745799859364	-5.134959548711777	-0.11524525098502633
-999.0	540.0	322.90257049597636	3.3433453043301897	-5.368827412525811	0.01453026756644249
-999.0	515.0	324.9585281572729	2.891116812825203	-5.716110239426294	0.09158292599022388
-999.0	490.0	327.06479487386747	2.437625559667746	-6.044349397222201	0.047897515197594914
-999.0	465.0	329.1723805882557	1.972740376989047	-6.286550839742024	-0.13506260017553962
-999.0	440.0	331.236445691654	1.5832137838006022	-6.356551746527353	-0.3461060008654992
-999.0	415.0	333.2025053474074	1.2758594925204914	-6.214475015799205	-0.5151225477457047
-999.0	390.0	335.0998315329436	1.0350763623913128	-5.931331704060237	-0.5159063637256622
-999.0	365.0	336.91420212437976	0.8558731687565645	-5.530171399315198	-0.2843021837373574
-999.0	340.0	338.70080380630696	0.6856092227001984	-5.053295141706864	0.1534833411375681
-999.0	315.0	340.45002662128195	0.528317715972662	-4.5222633481025705	0.7568215564436589
-999.0	290.0	342.14000597204216	0.3848133596281211	-3.964405914147695	1.3910559937357903
-999.0	265.0	343.7815188808783	0.2614633018771807	-3.4250895492732525	2.00651042163372
-999.0	240.0	345.38930050886296	0.16012177243828773	-3.003055800994237	2.6511591672897343
-999.0	215.0	346.94008988191746	0.08560564027478297	-2.652999957402547	3.2624340554078413
-999.0	190.0	348.6821556627632	0.04254514087612431	-1.926004429658254	3.4150907620787616
-999.0	165.0	351.12914645001183	0.020261735306121405	-0.46760539958874386	2.577371234695116
-999.0	140.0	355.618865906895	0.009543165331706406	0.777985477199157	1.2209845272203286
-999.0	115.0	367.09133307180804	0.005588963511399925	1.6092429757118223	0.5124354933698971
-999.0	90.0	393.382325514723	0.004803754971362651	3.8858339193587494	0.44627100974321365
-999.0	65.0	442.0784414429484	0.0034302844821165004	1.6616245756546655	0.25463080778717995
-999.0	40.0	532.3338681210442	0.01360796671360731	-8.777545620997746	0.014854075387120233
-999.0	15.0	722.1957219888052	0.06982976725945869	-17.525667389233906	-0.14206847592383087
244.13888888888889	40	1005.1666926631219	day	levels	pres0
-999.0	990.0	299.6362075201555	16.37463709160132	-1.7820289620646639	-0.4511895397747411
-999.0	965.0	301.2448926481319	15.652511455394578	-3.297390763406389	-1.1104012502495793
-999.0	940.0	302.2769044126058	15.201889841644839	-4.325837155183152	-1.6223685252998126
-999.0	915.0	303.2281836210426	14.56212548856381	-5.231483464094783	-2.029947373050289
-999.0	890.0	304.13913396073247	13.756650474336405	-6.062326741439346	-2.317285656377191
-999.0	865.0	305.08753046078647	12.796331017105667	-6.8024083000642594	-2.4605361488131203
-999.0	840.0	306.0484798708432	11.730585045284705	-7.40685009735606	-2.440970277344837
-999.0	815.0	307.0871959295092	10.578429531168066	-7.820814159181429	-2.2431425308740787
-999.0	790.0	308.2871174030753	9.372361765967481	-7.996528016196399	-1.8995591542788155
-999.0	765.0	309.6224435736884	8.233037030255346	-7.892820296464175	-1.5135681041413978
-999.0	740.0	310.9615672354683	7.362316979302286	-7.4857810205883615	-1.1888972378716298
-999.0	715.0	312.2596348601168	6.761815296279044	-6.877891730379174	-0.9475853204107116
-999.0	690.0	313.5430076968297	6.205113728841133	-6.269728775377612	-0.7597894147729012
-999.0	665.0	314.79233532967174	5.696648549150527	-5.706466456392272	-0.6317922932751759
-999.0	640.0	316.09610462083253	5.179510500695963	-5.286436987143947	-0.5146510856985353
-999.0	615.0	317.4801175375376	4.658522645632422	-5.065801808265602	-0.3978793733253343
-999.0	590.0	319.0693120176846	4.189289683545075	-4.998720660253786	-0.2591836860153397
-999.0	565.0	320.9005873024937	3.770417068843489	-5.107738302813618	-0.09677971182045023
-999.0	540.0	322.8606671707972	3.3449170650155486	-5.344659285412882	0.03925578572134483
-999.0	515.0	324.9077491039247	2.8926697765235603	-5.697787411786888	0.11426859293826452
-999.0	490.0	327.00981553848567	2.4390094109155576	-6.033242869156387	0.06311532855037869
-999.0	465.0	329.1195212346903	1.9735144892776493	-6.282232787874031	-0.13209142066810692
-999.0	440.0	331.1882477780413	1.583646024818777	-6.351962575206077	-0.3564821713500316
-999.0	415.0	333.1602327301617	1.2761564254760767	-6.200896779696166	-0.5378492395910903
-999.0	390.0	335.06263018665834	1.035387509950888	-5.906817823648461	-0.5464358710580512
-999.0	365.0	336.8809705696194	0.8563776402561792	-5.494126685377619	-0.3161380255112135
-999.0	340.0	338.6727769747571	0.6855561894675128	-5.001732060202822	0.126575581453444
-999.0	315.0	340.4291874089086	0.5272503474520329	-4.452546313542963	0.7403700937521137
-999.0	290.0	342.1271345742986	0.38375051016057055	-3.883066121074827	1.387278838497061
-999.0	265.0	343.77610573619137	0.2609712986482521	-3.3439318626014627	2.018511550432005
-999.0	240.0	345.38767173451663	0.15994614638664156	-2.9333433961426194	2.689892220828289
-999.0	215.0	346.93510541586124	0.08561752139832181	-2.595931653623177	3.337262536088672
-999.0	190.0	348.66964027225595	0.0425085011800683	-1.8663368595211574	3.507822618440409
-999.0	165.0	351.10951585245175	0.02012189057724606	-0.39501450514344505	2.645748957439759
-999.0	140.0	355.5912284448225	0.009465278954141591	0.8441544533880306	1.2456599961000645
-999.0	115.0	367.0749462672017	0.005580986673184822	1.650277735458503	0.5156820565462105
-999.0	90.0	393.4253437145487	0.004835066323047863	3.9104305709953615	0.4465181111461665
-999.0	65.0	442.17322442630666	0.003417828767042999	1.6679356393438687	0.24207334375629613
-999.0	40.0	532.3977192423922	0.013653027911291143	-8.741477750517673	0.007654844162372651
-999.0	15.0	722.1992257435496	0.06983355767335064	-17.48214526088145	-0.14830623909667234
244.15277777777777	40	1005.0080374258536	day	levels	pres0
-999.0	990.0	299.59277656463786	16.363890020935624	-1.8071772645193045	-0.4741201600818587
-999.0	965.0	301.2517303000989	15.639495805457788	-3.3391636872181065	-1.1478699218757547
-999.0	940.0	302.29896755517166	15.189554391083895	-4.3743513276179495	-1.6732887182798426
-999.0	915.0	303.24672225284576	14.547455240178996	-5.280236318017584	-2.0925970977103012
-999.0	890.0	304.14785512142333	13.736745172076759	-6.109860156421296	-2.390924323488135
-999.0	865.0	305.0870285907149	12.77442711370963	-6.850830718323023	-2.545480378799934
-999.0	840.0	306.03817416462084	11.712923818164404	-7.4583460247074935	-2.5341829469910007
-999.0	815.0	307.06759214737673	10.566555085005588	-7.873486651314613	-2.340599133184625
-999.0	790.0	308.2610486829416	9.364174895816383	-8.043908569547849	-1.9976366462392574
-999.0	765.0	309.5928961695999	8.225754570077969	-7.928402240629536	-1.6075441555844079
-999.0	740.0	310.931384775493	7.3559177186754034	-7.505957874986854	-1.2739312886087701
-999.0	715.0	312.230611890572	6.757566981845433	-6.8822408837300735	-1.020521983504273
-999.0	690.0	313.5157776589976	6.202958385149638	-6.260360386084631	-0.8197210134455284
-999.0	665.0	314.7674490775518	5.696116191369515	-5.686657982223019	-0.6777177993897918
-999.0	640.0	316.0733316792926	5.180185470316146	-5.260221560244216	-0.5443711649902376
-999.0	615.0	317.4584569019781	4.659874816735586	-5.038014179026646	-0.40901123151114127
-999.0	590.0	319.0448099873935	4.1907877911020215	-4.970679634699121	-0.253580367390969
-999.0	565.0	320.8680401734123	3.772088337827612	-5.080517056915501	-0.07831417265590669
-999.0	540.0	322.8187638456183	3.3464888257009004	-5.320491158299979	0.06398130387618367
-999.0	515.0	324.8569700505768	2.8942227402219056	-5.67946458414749	0.13695425988622117
-999.0	490.0	326.95483620310404	2.4403932621633566	-6.022136341090554	0.07833314190307292
-999.0	465.0	329.0666618811249	1.9742886015662433	-6.27791473600599	-0.12912024116075008
-999.0	440.0	331.1400498644287	1.584078265836945	-6.347373403884744	-0.36685834183460897
-999.0	415.0	333.1179601129159	1.276453358431657	-6.187318543593089	-0.5605759314364769
-999.0	390.0	335.0254288403732	1.0356986575104574	-5.882303943236675	-0.5769653783904046
-999.0	365.0	336.8477390148591	0.8568821117557861	-5.458081971440059	-0.3479738672850158
-999.0	340.0	338.6447501432074	0.6855031562348208	-4.9501689786988425	0.0996678217693737
-999.0	315.0	340.4083481965354	0.5261829789314011	-4.382829278983472	0.7239186310606077
-999.0	290.0	342.11426317655514	0.382687660693019	-3.801726328002106	1.3835016832583487
-999.0	265.0	343.7706925915043	0.26047929541932224	-3.2627741759298265	2.0305126792302786
-999.0	240.0	345.38604296017024	0.15977052033499428	-2.863630991291137	2.728625274366789
-999.0	215.0	346.930120949805	0.08562940252185958	-2.538863349843924	3.4120910167693834
-999.0	190.0	348.65712488174876	0.04247186148401207	-1.8066692893841916	3.6005544748018967
-999.0	165.0	351.0898852548917	0.019982045848371016	-0.32242361069831355	2.7141266801842674
-999.0	140.0	355.56359098275004	0.00938739257657696	0.910323429576759	1.2703354649797514
-999.0	115.0	367.0585594625954	0.005573009834969765	1.6913124952051284	0.5189286197225211
-999.0	90.0	393.4683619143743	0.004866377674733034	3.9350272226319754	0.44676521254910057
-999.0	65.0	442.2680074096645	0.0034053730519695473	1.6742467030330912	0.22951587972542004
-999.0	40.0	532.4615703637397	0.013698089108974826	-8.705409880037676	0.0004556129376108442
-999.0	15.0	722.2027294982938	0.06983734808724236	-17.4386231325291	-0.15454400226951148
244.16666666666666	40	1004.8493821885847	day	levels	pres0
-999.0	990.0	299.5493456091202	16.3531429502699	-1.8323255669739487	-0.4970507803890757
-999.0	965.0	301.25856795206596	15.626480155520955	-3.380936611029835	-1.185338593502045
-999.0	940.0	302.3210306977376	15.177218940522922	-4.422865500052773	-1.7242089112600048
-999.0	915.0	303.2652608846491	14.532784991794154	-5.328989171940432	-2.1552468223704633
-999.0	890.0	304.1565762821142	13.716839869817091	-6.15739357140331	-2.4645629905992563
-999.0	865.0	305.0865267206433	12.752523210313583	-6.899253136581871	-2.63042460878696
-999.0	840.0	306.0278684583985	11.695262591044115	-7.509841952059038	-2.627395616637405
-999.0	815.0	307.04798836524424	10.55468063884312	-7.9261591434479115	-2.438055735495431
-999.0	790.0	308.23497996280787	9.355988025665285	-8.091289122899408	-2.0957141381999635
-999.0	765.0	309.5633487655112	8.218472109900572	-7.963984184794981	-1.7015202070276683
-999.0	740.0	310.90120231551754	7.349518458048489	-7.52613472938539	-1.3589653393461298
-999.0	715.0	312.201588921027	6.753318667411788	-6.886590037080979	-1.093458646598016
-999.0	690.0	313.4885476211654	6.200803041458117	-6.25099199679162	-0.8796526121183018
-999.0	665.0	314.74256282543195	5.695583833588483	-5.666849508053711	-0.7236433055045235
-999.0	640.0	316.0505587377525	5.180860439936312	-5.234006133344419	-0.5740912442820199
-999.0	615.0	317.4367962664185	4.661226987838741	-5.010226549787637	-0.42014308969698577
-999.0	590.0	319.0203079571022	4.1922858986589615	-4.942638609144407	-0.24797704876659368
-999.0	565.0	320.8354930443307	3.7737596068117356	-5.053295811017341	-0.05984863349131961
-999.0	540.0	322.7768605204392	3.34806058638626	-5.296323031187049	0.08870682203109603
-999.0	515.0	324.8061909972287	2.895775703920263	-5.661141756508085	0.15963992683426922
-999.0	490.0	326.89985686772235	2.4417771134111668	-6.011029813024743	0.09355095525586041
-999.0	465.0	329.01380252755945	1.9750627138548473	-6.2735966841380035	-0.12614906165331688
-999.0	440.0	331.09185195081596	1.5845105068551204	-6.34278423256347	-0.3772345123191423
-999.0	415.0	333.0756874956702	1.276750291387243	-6.173740307490053	-0.5833026232818633
-999.0	390.0	334.9882274940878	1.0360098050700324	-5.857790062824899	-0.6074948857227953
-999.0	365.0	336.8145074600988	0.8573865832554008	-5.42203725750248	-0.37980970905887645
-999.0	340.0	338.61672331165744	0.685450123002135	-4.8986058971947966	0.07276006208524305
-999.0	315.0	340.3875089841621	0.5251156104107715	-4.313112244423864	0.7074671683690562
-999.0	290.0	342.10139177881166	0.3816248112254681	-3.7203865349292347	1.379724528019614
-999.0	265.0	343.76527944681743	0.25998729219039335	-3.181616489258035	2.0425138080285596
-999.0	240.0	345.3844141858238	0.15959489428334805	-2.7939185864395206	2.7673583279053453
-999.0	215.0	346.9251364837487	0.08564128364539848	-2.481795046064561	3.486919497450221
-999.0	190.0	348.6446094912415	0.04243522178795617	-1.7470017192471063	3.6932863311635518
-999.0	165.0	351.0702546573316	0.01984220111949569	-0.24983271625302794	2.782504402928909
-999.0	140.0	355.53595352067765	0.009309506199012146	0.9764924057656228	1.2950109338594828
-999.0	115.0	367.042172657989	0.005565032996754662	1.7323472549518057	0.5221751828988354
-999.0	90.0	393.51138011420005	0.004897689026418245	3.9596238742685914	0.4470123139520582
-999.0	65.0	442.3627903930227	0.003392917336896044	1.6805577667222997	0.21695841569453897
-999.0	40.0	532.5254214850876	0.013743150306658654	-8.669342009557596	-0.0067436182871409706
-999.0	15.0	722.2062332530381	0.06984113850113428	-17.395101004176635	-0.16078176544235828
244.18055555555554	40	1004.6907269513166	day	levels	pres0
-999.0	990.0	299.5059146536027	16.342395879604208	-1.8574738694285895	-0.5199814006961934
-999.0	965.0	301.26540560403294	15.613464505584165	-3.422709534841553	-1.22280726512822
-999.0	940.0	302.3430938403034	15.164883489961985	-4.47137967248757	-1.7751291042400352
-999.0	915.0	303.28379951645235	14.518114743409338	-5.377742025863231	-2.2178965470304757
-999.0	890.0	304.1652974428051	13.696934567557447	-6.204926986385261	-2.538201657710201
-999.0	865.0	305.0860248505717	12.730619306917546	-6.947675554840633	-2.715368838773774
-999.0	840.0	306.01756275217616	11.677601363923813	-7.561337879410473	-2.720608286283569
-999.0	815.0	307.0283845831119	10.542806192680638	-7.978831635581096	-2.535512337805978
-999.0	790.0	308.2089112426742	9.347801155514183	-8.138669676250856	-2.1937916301604057
-999.0	765.0	309.53380136142266	8.211189649723194	-7.999566128960345	-1.7954962584706784
-999.0	740.0	310.87101985554204	7.343119197421607	-7.546311583783883	-1.4439993900832697
-999.0	715.0	312.17256595148206	6.749070352978177	-6.89093919043188	-1.1663953096915773
-999.0	690.0	313.4613175833333	6.198647697766622	-6.241623607498639	-0.939584210790929
-999.0	665.0	314.7176765733121	5.695051475807472	-5.647041033884456	-0.7695688116191395
-999.0	640.0	316.0277857962125	5.181535409556496	-5.207790706444687	-0.6038113235737221
-999.0	615.0	317.41513563085914	4.662579158941905	-4.982438920548683	-0.43127494788279275
-999.0	590.0	318.9958059268111	4.193784006215908	-4.9145975835897415	-0.24237373014222285
-999.0	565.0	320.80294591524927	3.775430875795858	-5.026074565119222	-0.0413830943267762
-999.0	540.0	322.73495719526017	3.3496323470716116	-5.272154904074145	0.11343234018593462
-999.0	515.0	324.7554119438808	2.897328667618609	-5.642818928868685	0.18232559378222574
-999.0	490.0	326.84487753234066	2.443160964658966	-5.99992328495891	0.10876876860855464
-999.0	465.0	328.96094317399417	1.975836826143441	-6.2692786322699625	-0.1231778821459599
-999.0	440.0	331.0436540372033	1.584942747873289	-6.3381950612421365	-0.3876106828037198
-999.0	415.0	333.0334148784244	1.2770472243428235	-6.160162071386976	-0.6060293151272496
-999.0	390.0	334.9510261478027	1.0363209526296016	-5.833276182413112	-0.6380243930551487
-999.0	365.0	336.78127590533853	0.8578910547550075	-5.385992543564919	-0.411645550832679
-999.0	340.0	338.5886964801077	0.6853970897694427	-4.847042815690818	0.04585230240117277
-999.0	315.0	340.36666977178896	0.5240482418901395	-4.243395209864372	0.6910157056775498
-999.0	290.0	342.0885203810682	0.3805619617579165	-3.6390467418565144	1.3759473727809013
-999.0	265.0	343.75986630213043	0.2594952889614635	-3.100458802586399	2.0545149368268327
-999.0	240.0	345.38278541147736	0.15941926823170083	-2.7242061815880385	2.806091381443845
-999.0	215.0	346.9201520176926	0.08565316476893631	-2.4247267422853076	3.5617479781309322
-999.0	190.0	348.63209410073426	0.04239858209189994	-1.68733414911014	3.7860181875250385
-999.0	165.0	351.05062405977145	0.019702356390620637	-0.17724182180789647	2.8508821256734183
-999.0	140.0	355.50831605860526	0.009231619821447514	1.0426613819543515	1.3196864027391697
-999.0	115.0	367.0257858533827	0.005557056158539604	1.7733820146984318	0.525421746075146
-999.0	90.0	393.5543983140256	0.004929000378103418	3.9842205259052053	0.44725941535499225
-999.0	65.0	442.45757337638065	0.003380461621822593	1.6868688304115225	0.20440095166366296
-999.0	40.0	532.5892726064352	0.013788211504342342	-8.633274139077598	-0.013942849511902777
-999.0	15.0	722.2097370077825	0.06984492891502599	-17.351578875824284	-0.16701952861519753
244.19444444444446	40	1004.5320717140479	day	levels	pres0
-999.0	990.0	299.46248369808484	16.331648808938475	-1.8826221718832312	-0.5429120210034101
-999.0	965.0	301.272243256	15.60044885564732	-3.4644824586532748	-1.2602759367545195
-999.0	940.0	302.36515698286934	15.15254803940101	-4.5198938449223895	-1.8260492972202145
-999.0	915.0	303.30233814825556	14.5034444950245	-5.426494879786072	-2.28054627169066
-999.0	890.0	304.17401860349594	13.67702926529778	-6.252460401367272	-2.611840324821347
-999.0	865.0	305.08552298050006	12.708715403521497	-6.996097973099479	-2.800313068760825
-999.0	840.0	306.00725704595374	11.659940136803522	-7.612833806762013	-2.813820955929998
-999.0	815.0	307.0087808009794	10.530931746518174	-8.031504127714395	-2.632968940116811
-999.0	790.0	308.18284252254057	9.339614285363094	-8.186050229602412	-2.291869122121141
-999.0	765.0	309.504253957334	8.203907189545808	-8.035148073125784	-1.8894723099139685
-999.0	740.0	310.84083739556655	7.336719936794701	-7.566488438182414	-1.5290334408206574
-999.0	715.0	312.14354298193706	6.744822038544548	-6.8952883437827746	-1.2393319727853442
-999.0	690.0	313.4340875455012	6.196492354075112	-6.2322552182056175	-0.9995158094637226
-999.0	665.0	314.6927903211921	5.6945191180264505	-5.627232559715139	-0.8154943177338869
-999.0	640.0	316.0050128546725	5.182210379176669	-5.181575279544884	-0.6335314028655155
-999.0	615.0	317.39347499529964	4.663931330045064	-4.95465129130967	-0.44240680606864247
-999.0	590.0	318.9713038965199	4.19528211377285	-4.886556558035026	-0.236770411517849
-999.0	565.0	320.7703987861677	3.777102144779983	-4.9988533192210625	-0.022917555162189407
-999.0	540.0	322.69305387008103	3.351204107756969	-5.247986776961214	0.1381578583408452
-999.0	515.0	324.70463289053265	2.8988816313169634	-5.624496101229276	0.20501126073026704
-999.0	490.0	326.7898981969589	2.444544815906773	-5.988816756893088	0.12398658196132914
-999.0	465.0	328.90808382042866	1.9766109384320405	-6.2649605804019535	-0.12020670263854782
-999.0	440.0	330.9954561235905	1.58537498889146	-6.333605889920836	-0.39798685328828337
-999.0	415.0	332.9911422611786	1.2773441572984057	-6.14658383528391	-0.6287560069726745
-999.0	390.0	334.91382480151736	1.0366321001891736	-5.808762302001306	-0.6685539003875773
-999.0	365.0	336.74804435057814	0.8583955262546188	-5.34994782962731	-0.44348139260656616
-999.0	340.0	338.5606696485578	0.685344056536754	-4.795479734186747	0.018944542717031998
-999.0	315.0	340.3458305594157	0.5229808733695077	-4.173678175304738	0.6745642429860064
-999.0	290.0	342.0756489833246	0.37949911229036426	-3.5577069487836175	1.3721702175421888
-999.0	265.0	343.75445315744344	0.25900328573253417	-3.0193011159145806	2.066516065625143
-999.0	240.0	345.38115663713097	0.1592436421800544	-2.6544937767363934	2.844824434982432
-999.0	215.0	346.9151675516364	0.08566504589247499	-2.3676584385059107	3.636576458811804
-999.0	190.0	348.61957871022696	0.042361942395843837	-1.6276665789730134	3.878750043886736
-999.0	165.0	351.03099346221137	0.01956251166174524	-0.10465092736256595	2.9192598484181107
-999.0	140.0	355.48067859653264	0.00915373344388268	1.1088303581432508	1.3443618716189436
-999.0	115.0	367.00939904877646	0.005549079320324509	1.8144167744451303	0.5286683092514748
-999.0	90.0	393.59741651385133	0.004960311729788669	4.008817177541838	0.44750651675793984
-999.0	65.0	442.5523563597389	0.003368005906749092	1.6931798941007365	0.19184348763276152
-999.0	40.0	532.6531237277829	0.013833272702026186	-8.597206268597509	-0.021142080736655758
-999.0	15.0	722.2132407625268	0.06984871932891785	-17.308056747471817	-0.1732572917880352
244.20833333333334	40	1004.3734164767794	day	levels	pres0
-999.0	990.0	299.41905274256743	16.320901738272788	-1.9077704743378818	-0.5658426413105354
-999.0	965.0	301.279080907967	15.587433205710537	-3.506255382465008	-1.2977446083807018
-999.0	940.0	302.38722012543525	15.14021258884007	-4.568408017357198	-1.8769694902002512
-999.0	915.0	303.3208767800588	14.488774246639682	-5.475247733708879	-2.3431959963506768
-999.0	890.0	304.18273976418686	13.65712396303813	-6.2999938163492235	-2.685478991932295
-999.0	865.0	305.0850211104284	12.686811500125456	-7.044520391358245	-2.885257298747643
-999.0	840.0	305.99695133973137	11.642278909683215	-7.6643297341134495	-2.9070336255761635
-999.0	815.0	306.98917701884704	10.519057300355684	-8.084176619847582	-2.7304255424273545
-999.0	790.0	308.15677380240686	9.331427415211987	-8.233430782953867	-2.389946614081576
-999.0	765.0	309.4747065532455	8.196624729368427	-8.070730017291151	-1.9834483613569673
-999.0	740.0	310.8106549355912	7.330320676167816	-7.586665292580911	-1.6140674915577824
-999.0	715.0	312.1145200123922	6.740573724110934	-6.8996374971336785	-1.312268635878889
-999.0	690.0	313.40685750766914	6.194337010383617	-6.222886828912641	-1.0594474081363319
-999.0	665.0	314.6679040690722	5.693986760245438	-5.60742408554589	-0.8614198238484859
-999.0	640.0	315.98223991313256	5.18288534879685	-5.155359852645154	-0.6632514821572016
-999.0	615.0	317.3718143597401	4.665283501148227	-4.926863662070719	-0.4535386642544352
-999.0	590.0	318.94680186622884	4.196780221329795	-4.858515532480365	-0.23116709289346477
-999.0	565.0	320.7378516570862	3.7787734137641036	-4.971632073322951	-0.0044520159976326745
-999.0	540.0	322.651150544902	3.35277586844232	-5.223818649848318	0.16288337649569606
-999.0	515.0	324.65385383718467	2.9004345950153083	-5.606173273589885	0.22769692767823319
-999.0	490.0	326.7349188615773	2.445928667154572	-5.977710228827262	0.13920439531402995
-999.0	465.0	328.85522446686343	1.977385050720635	-6.260642528533923	-0.11723552313118751
-999.0	440.0	330.94725820997786	1.5858072299096289	-6.329016718599513	-0.40836302377285927
-999.0	415.0	332.948869643933	1.277641090253986	-6.133005599180842	-0.65148269881806
-999.0	390.0	334.8766234552323	1.0369432477487426	-5.784248421589525	-0.6990834077199322
-999.0	365.0	336.7148127958179	0.8588999977542252	-5.313903115689755	-0.4753172343803739
-999.0	340.0	338.53264281700797	0.6852910233040612	-4.743916652682771	-0.007963216967045106
-999.0	315.0	340.3249913470424	0.5219135048488754	-4.103961140745253	0.6581127802944945
-999.0	290.0	342.06277758558105	0.3784362628228123	-3.4763671557109057	1.3683930623034721
-999.0	265.0	343.74904001275655	0.2585112825036043	-2.9381434292429547	2.0785171944234127
-999.0	240.0	345.3795278627846	0.15906801612840726	-2.5847813718849246	2.8835574885209296
-999.0	215.0	346.91018308558006	0.08567692701601298	-2.310590134726675	3.7114049394925135
-999.0	190.0	348.60706331971977	0.04232530269978776	-1.5679990088360696	3.9714819002482207
-999.0	165.0	351.01136286465135	0.019422666932870244	-0.032060032917460485	2.9876375711626157
-999.0	140.0	355.4530411344602	0.00907584706631806	1.1749993343319567	1.369037340498627
-999.0	115.0	366.99301224417013	0.0055411024821094505	1.855451534191743	0.531914872427789
-999.0	90.0	393.64043471367694	0.0049916230814738395	4.033413829178451	0.4477536181608816
-999.0	65.0	442.6471393430968	0.003355550191675638	1.6994909577899646	0.1792860236018903
-999.0	40.0	532.7169748491306	0.013878333899709865	-8.561138398117505	-0.028341311961419924
-999.0	15.0	722.216744517271	0.0698525097428095	-17.26453461911946	-0.17949505496087848
244.22222222222223	40	1004.2147612395108	day	levels	pres0
-999.0	990.0	299.37562178704974	16.31015466760706	-1.932918776792516	-0.5887732616177447
-999.0	965.0	301.28591855993403	15.574417555773696	-3.548028306276722	-1.3352132800069851
-999.0	940.0	302.4092832680011	15.127877138279098	-4.61692218979201	-1.9278896831804075
-999.0	915.0	303.3394154118621	14.474103998254842	-5.524000587631719	-2.405845721010835
-999.0	890.0	304.19146092487773	13.637218660778462	-6.347527231331237	-2.759117659043412
-999.0	865.0	305.0845192403568	12.664907596729414	-7.0929428096170914	-2.9702015287346644
-999.0	840.0	305.986645633509	11.62461768256293	-7.715825661464988	-3.0002462952225657
-999.0	815.0	306.96957323671455	10.507182854193227	-8.13684911198088	-2.827882144738164
-999.0	790.0	308.13070508227315	9.3232405450609	-8.28081133630542	-2.488024106042289
-999.0	765.0	309.4451591491569	8.189342269191032	-8.106311961456592	-2.0774244128002395
-999.0	740.0	310.7804724756157	7.323921415540903	-7.606842146979444	-1.699101542295157
-999.0	715.0	312.0854970428472	6.736325409677292	-6.90398665048458	-1.3852052989726487
-999.0	690.0	313.3796274698369	6.192181666692097	-6.213518439619625	-1.1193790068091234
-999.0	665.0	314.64301781695235	5.693454402464406	-5.587615611376579	-0.9073453299632346
-999.0	640.0	315.95946697159246	5.183560318417019	-5.129144425745356	-0.692971561449
-999.0	615.0	317.35015372418064	4.666635672251383	-4.899076032831705	-0.46467052244029405
-999.0	590.0	318.9222998359375	4.198278328886738	-4.830474506925647	-0.22556377426910293
-999.0	565.0	320.70530452800455	3.780444682748229	-4.944410827424785	0.014013523166941072
-999.0	540.0	322.60924721972293	3.3543476291276786	-5.1996505227353795	0.18760889465059638
-999.0	515.0	324.60307478383663	2.901987558713666	-5.587850445950471	0.25038259462627166
-999.0	490.0	326.67993952619554	2.447312518402383	-5.966603700761443	0.154422208666811
-999.0	465.0	328.8023651132979	1.9781591630092374	-6.256324476665925	-0.11426434362375762
-999.0	440.0	330.89906029636506	1.5862394709278038	-6.324427547278231	-0.4187391942573941
-999.0	415.0	332.90659702668717	1.2779380232095718	-6.119427363077799	-0.6742093906634474
-999.0	390.0	334.83942210894696	1.0372543953083178	-5.759734541177744	-0.7296129150523214
-999.0	365.0	336.6815812410576	0.8594044692538404	-5.27785840175217	-0.5071530761542291
-999.0	340.0	338.5046159854581	0.685237990071376	-4.692353571178721	-0.03487097665116895
-999.0	315.0	340.3041521346692	0.5208461363282464	-4.034244106185636	0.6416613176029486
-999.0	290.0	342.0499061878376	0.37737341335526176	-3.395027362638025	1.3646159070647417
-999.0	265.0	343.74362686806955	0.2580192792746755	-2.856985742571153	2.0905183232216977
-999.0	240.0	345.37789908843814	0.15889239007676093	-2.515068967033295	2.922290542059488
-999.0	215.0	346.90519861952396	0.08568880813955168	-2.253521830947295	3.7862334201733527
-999.0	190.0	348.59454792921247	0.0422886630037317	-1.5083314386989621	4.064213756609878
-999.0	165.0	350.99173226709127	0.019282822203994868	0.040530861527851514	3.0560152939072625
-999.0	140.0	355.42540367238774	0.008997960688753234	1.2411683105208429	1.393712809378362
-999.0	115.0	366.97662543956375	0.005533125643894347	1.8964862939384335	0.5351614356040996
-999.0	90.0	393.68345291350266	0.005022934433159052	4.058010480815068	0.4480007195638316
-999.0	65.0	442.741922326455	0.0033430944766021375	1.7058020214791676	0.16672855957100435
-999.0	40.0	532.7808259704783	0.013923395097393699	-8.525070527637434	-0.03554054318616938
-999.0	15.0	722.2202482720154	0.06985630015670148	-17.221012490767006	-0.1857328181337212
244.23611111111111	40	1004.0561060022426	day	levels	pres0
-999.0	990.0	299.3321908315321	16.299407596941368	-1.9580670792471573	-0.6117038819248621
-999.0	965.0	301.292756211901	15.561401905836904	-3.58980123008844	-1.3726819516331608
-999.0	940.0	302.431346410567	15.11554168771816	-4.665436362226808	-1.9788098761604378
-999.0	915.0	303.3579540436653	14.459433749870028	-5.57275344155452	-2.4684954456708468
-999.0	890.0	304.2001820855686	13.617313358518816	-6.395060646313186	-2.8327563261543567
-999.0	865.0	305.0840173702852	12.643003693333375	-7.141365227875853	-3.055145758721479
-999.0	840.0	305.9763399272867	11.606956455442631	-7.767321588816425	-3.0934589648687294
-999.0	815.0	306.9499694545822	10.495308408030745	-8.189521604114063	-2.9253387470487104
-999.0	790.0	308.10463636213944	9.315053674909798	-8.328191889656871	-2.586101598002731
-999.0	765.0	309.41561174506836	8.182059809013655	-8.141893905621954	-2.17140046424325
-999.0	740.0	310.75029001564025	7.317522154914022	-7.627019001377937	-1.7841355930322975
-999.0	715.0	312.0564740733022	6.73207709524368	-6.908335803835482	-1.4581419620662097
-999.0	690.0	313.3523974320048	6.1900263230006045	-6.204150050326645	-1.1793106054817506
-999.0	665.0	314.6181315648324	5.692922044683395	-5.567807137207326	-0.9532708360778505
-999.0	640.0	315.9366940300524	5.1842352880372005	-5.102928998845623	-0.7226916407407022
-999.0	615.0	317.3284930886212	4.667987843354547	-4.871288403592751	-0.47580238062610103
-999.0	590.0	318.89779780564646	4.199776436443684	-4.802433481370981	-0.2199604556447321
-999.0	565.0	320.6727573989232	3.782115951732352	-4.917189581526668	0.03247906233148448
-999.0	540.0	322.56734389454385	3.3559193898130313	-5.175482395622478	0.21233441280543489
-999.0	515.0	324.55229573048865	2.9035405224120128	-5.569527618311072	0.27306826157422814
-999.0	490.0	326.62496019081397	2.448696369650181	-5.955497172695609	0.16964002201950534
-999.0	465.0	328.74950575973264	1.978933275297832	-6.252006424797884	-0.11129316411640072
-999.0	440.0	330.85086238275255	1.5866717119459723	-6.319838375956898	-0.42911536474197143
-999.0	415.0	332.8643244094415	1.2782349561651518	-6.105849126974722	-0.6969360825088335
-999.0	390.0	334.80222076266176	1.037565542867887	-5.7352206607659575	-0.7601424223846748
-999.0	365.0	336.64834968629737	0.8599089407534469	-5.241813687814611	-0.5389889179280318
-999.0	340.0	338.4765891539083	0.685184956838684	-4.640790489674742	-0.06177873633523934
-999.0	315.0	340.2833129222959	0.5197787678076145	-3.964527071626144	0.6252098549114424
-999.0	290.0	342.037034790094	0.3763105638877101	-3.313687569565305	1.3608387518260292
-999.0	265.0	343.73821372338267	0.2575272760457457	-2.7758280558995163	2.102519452019971
-999.0	240.0	345.37627031409176	0.1587167640251137	-2.445356562181813	2.961023595597988
-999.0	215.0	346.90021415346774	0.08570068926308949	-2.1964535271680417	3.861061900854064
-999.0	190.0	348.5820325387054	0.04225202330767547	-1.4486638685619955	4.1569456129713656
-999.0	165.0	350.9721016695311	0.019142977475119814	0.11312175597298275	3.124393016651771
-999.0	140.0	355.39776621031535	0.008920074311188606	1.3073372867095716	1.418388278258049
-999.0	115.0	366.9602386349574	0.00552514880567929	1.9375210536850591	0.5384079987804101
-999.0	90.0	393.7264711133282	0.005054245784844224	4.082607132451682	0.44824782096676563
-999.0	65.0	442.83670530981294	0.003330638761528686	1.7121130851683906	0.15417109554012823
-999.0	40.0	532.8446770918258	0.013968456295077383	-8.489002657157434	-0.04273977441093113
-999.0	15.0	722.2237520267597	0.0698600905705932	-17.17749036241465	-0.19197058130656025
244.25	40	1003.8974507649738	day	levels	pres0
-999.0	990.0	299.28875987601447	16.28866052627564	-1.9832153817017872	-0.6346345022320746
-999.0	965.0	301.2995938638681	15.548386255900066	-3.6315741539001465	-1.4101506232594452
-999.0	940.0	302.4534095531329	15.103206237157185	-4.713950534661611	-2.029730069140593
-999.0	915.0	303.3764926754686	14.44476350148519	-5.621506295477349	-2.531145170331001
-999.0	890.0	304.20890324625947	13.597408056259155	-6.442594061295192	-2.9063949932654696
-999.0	865.0	305.08351550021354	12.621099789937338	-7.189787646134694	-3.140089988708496
-999.0	840.0	305.96603422106426	11.589295228322346	-7.818817516167958	-3.186671634515126
-999.0	815.0	306.93036567244974	10.483433961868284	-8.242194096247355	-3.0227953493595123
-999.0	790.0	308.0785676420058	9.306866804758707	-8.375572443008423	-2.6841790899634357
-999.0	765.0	309.38606434097966	8.174777348836264	-8.177475849787394	-2.265376515686512
-999.0	740.0	310.7201075556648	7.311122894287109	-7.647195855776469	-1.8691696437696617
-999.0	715.0	312.0274511037572	6.727828780810038	-6.912684957186381	-1.5310786251599586
-999.0	690.0	313.3251673941727	6.187870979309081	-6.1947816610336295	-1.2392422041545312
-999.0	665.0	314.5932453127125	5.692389686902364	-5.547998663038015	-0.9991963421925901
-999.0	640.0	315.9139210885123	5.18491025765737	-5.076713571945826	-0.7524117200324933
-999.0	615.0	317.30683245306176	4.669340014457703	-4.843500774353742	-0.4869342388119548
-999.0	590.0	318.8732957753552	4.201274544000626	-4.774392455816269	-0.21435713702036685
-999.0	565.0	320.6402102698416	3.7837872207164756	-4.889968335628509	0.05094460149606064
-999.0	540.0	322.5254405693648	3.3574911504983906	-5.151314268509546	0.23705993096033734
-999.0	515.0	324.50151667714056	2.9050934861103697	-5.551204790671666	0.2957539285222689
-999.0	490.0	326.56998085543216	2.4500802208979926	-5.944390644629796	0.18485783537228906
-999.0	465.0	328.69664640616725	1.9797073875864342	-6.2476883729298915	-0.10832198460896814
-999.0	440.0	330.80266446913976	1.587103952964147	-6.315249204635619	-0.43949153522650397
-999.0	415.0	332.8220517921957	1.2785318891207376	-6.092270890871683	-0.7196627743542193
-999.0	390.0	334.7650194163765	1.0378766904274623	-5.710706780354181	-0.7906719297170637
-999.0	365.0	336.615118131537	0.860413412253062	-5.205768973877032	-0.5708247597018878
-999.0	340.0	338.44856232235844	0.6851319236059984	-4.5892274081707	-0.08868649601936335
-999.0	315.0	340.2624737099227	0.5187113992869854	-3.894810037066539	0.6087583922198974
-999.0	290.0	342.02416339235054	0.3752477144201597	-3.2323477764924364	1.3570615965873003
-999.0	265.0	343.7328005786957	0.25703527281681693	-2.694670369227727	2.1145205808182554
-999.0	240.0	345.37464153974537	0.1585411379734675	-2.375644157330195	2.999756649136543
-999.0	215.0	346.8952296874115	0.0857125703866283	-2.139385223388672	3.935890381534894
-999.0	190.0	348.5695171481981	0.04221538361161947	-1.3889962984248996	4.249677469333013
-999.0	165.0	350.952471071971	0.019003132746244468	0.1857126504182816	3.1927707393964133
-999.0	140.0	355.37012874824285	0.00884218793362379	1.373506262898445	1.443063747137785
-999.0	115.0	366.94385183035104	0.005517171967464188	1.9785558134317396	0.5416545619567236
-999.0	90.0	393.76948931315394	0.005085557136529435	4.107203784088293	0.44849492236971855
-999.0	65.0	442.93148829317107	0.0033181830464551845	1.7184241488575929	0.14161363150924441
-999.0	40.0	532.9085282131738	0.014013517492761212	-8.45293478667736	-0.04993900563567877
-999.0	15.0	722.227255781504	0.06986388098448516	-17.133968234062195	-0.19820834447940192
244.26388888888889	40	1003.9014090078848	day	levels	pres0
-999.0	990.0	299.2570210090117	16.316062785961044	-1.9836170251170824	-0.6296743259385668
-999.0	965.0	301.2382787977404	15.558157735400746	-3.6332548062006755	-1.3986731903730791
-999.0	940.0	302.4017726190158	15.098749496318678	-4.730409216549687	-2.0241909418944712
-999.0	915.0	303.32987118871296	14.437141082904958	-5.642943744858132	-2.533678043495699
-999.0	890.0	304.16647621490125	13.59131408620764	-6.460733700681633	-2.913696905115114
-999.0	865.0	305.0428652025117	12.618777875547066	-7.200448925848361	-3.1488756195262484
-999.0	840.0	305.9259854489341	11.593672752380387	-7.82151770150218	-3.195631268951626
-999.0	815.0	306.8875655693643	10.497561772664422	-8.236711789060486	-3.0324238323503185
-999.0	790.0	308.02932309911915	9.328843761373497	-8.362936523225526	-2.694030033045089
-999.0	765.0	309.3325976388238	8.195610509978444	-8.162171571342986	-2.2722614203338454
-999.0	740.0	310.6694401702731	7.320678785995225	-7.631058635535022	-1.8703669321343952
-999.0	715.0	311.9858427958547	6.721616405027881	-6.895044964772647	-1.5248597267049302
-999.0	690.0	313.2932326095188	6.172579025780694	-6.174359246536505	-1.224707917620722
-999.0	665.0	314.5708254288001	5.67581965305185	-5.52404831432631	-0.975546226146843
-999.0	640.0	315.90036370260316	5.167873779932637	-5.055583737514617	-0.7211250283375554
-999.0	615.0	317.3011509802047	4.652451264637468	-4.833529887927901	-0.45069526646420227
-999.0	590.0	318.87369364545845	4.184607119471919	-4.775749587350437	-0.17751611144864618
-999.0	565.0	320.64439583210515	3.767469210757134	-4.900578246072515	0.08270313468316165
-999.0	540.0	322.53202116554047	3.341009632856743	-5.167244903467355	0.25953485409696353
-999.0	515.0	324.5088704655724	2.888031568240223	-5.567301317911491	0.3052665489139408
-999.0	490.0	326.57671274320165	2.4335418768502928	-5.9565953855161595	0.18292946589212966
-999.0	465.0	328.70134828202987	1.9651400176463187	-6.252717916612294	-0.11769412568323528
-999.0	440.0	330.8053332786418	1.5741342300618029	-6.314907076182205	-0.45023117904311694
-999.0	415.0	332.82319543433294	1.2665967361794468	-6.090447176385825	-0.7249216801590548
-999.0	390.0	334.76524961586216	1.0277196856008544	-5.711196117930963	-0.7872320670220718
-999.0	365.0	336.61452551175375	0.8525495218733885	-5.2121194700400295	-0.5566071387794378
-999.0	340.0	338.4450714673448	0.6794804068351199	-4.602720327399429	-0.06196912905822291
-999.0	315.0	340.2533541715431	0.5151441250410334	-3.917020049498079	0.6475431453178035
-999.0	290.0	342.00857516236124	0.37281776488655094	-3.268273069350862	1.401364892169301
-999.0	265.0	343.7114744487481	0.2551272280376258	-2.7510184336592385	2.156093390761996
-999.0	240.0	345.3513801016326	0.15739221705330686	-2.4548301699537793	3.0334884976899303
-999.0	215.0	346.87748902141647	0.08522152693735212	-2.2293116770409904	3.952963859946644
-999.0	190.0	348.56229961268616	0.042009546162767364	-1.4687639692868326	4.235709691489172
-999.0	165.0	350.9510301314986	0.018946517370986026	0.11820836365212975	3.1497507390600314
-999.0	140.0	355.37399331491685	0.008843883557279603	1.311309347549984	1.389914916621263
-999.0	115.0	366.9643266212571	0.005521514487487305	1.93154646621804	0.4932128787040231
-999.0	90.0	393.8033321973549	0.005075976987697045	4.078888686442782	0.4176544475334457
-999.0	65.0	442.9326815952347	0.0033059750028230383	1.7007475379440216	0.13251574599632665
-999.0	40.0	532.8664865092602	0.013980901929446345	-8.470465147108985	-0.0442905876164566
-999.0	15.0	722.1284911735398	0.06961552767703888	-17.14951026108534	-0.19011165360334104
244.27777777777777	40	1003.9053672507958	day	levels	pres0
-999.0	990.0	299.22528214200895	16.34346504564637	-1.9840186685323737	-0.6247141496450835
-999.0	965.0	301.176963731613	15.567929214901389	-3.6349354585011793	-1.3871957574867564
-999.0	940.0	302.35013568489865	15.094292755480167	-4.746867898437704	-2.0186518146483987
-999.0	915.0	303.2832497019576	14.429518664324728	-5.664381194238851	-2.536210916660448
-999.0	890.0	304.1240491835431	13.585220116156123	-6.478873340068032	-2.9209988169647993
-999.0	865.0	305.00221490480993	12.616455961156776	-7.211110205562019	-3.1576612503440242
-999.0	840.0	305.8859366768041	11.598050276438393	-7.824217886836437	-3.204590903388124
-999.0	815.0	306.8447654662791	10.511689583460484	-8.23122948187369	-3.042052315341095
-999.0	790.0	307.9800785562325	9.350820717988181	-8.350300603442724	-2.7038809761266944
-999.0	765.0	309.2791309366679	8.216443671120528	-8.146867292898678	-2.2791463249811357
-999.0	740.0	310.6187727848816	7.330234677703287	-7.614921415293664	-1.8715642204991059
-999.0	715.0	311.9442344879521	6.715404029245733	-6.877404972358994	-1.518640828249907
-999.0	690.0	313.26129782486487	6.157287072252351	-6.153936832039453	-1.2101736310869502
-999.0	665.0	314.54840554488766	5.6592496192013835	-5.500097965614674	-0.9518961101011645
-999.0	640.0	315.88680631669394	5.150837302207954	-5.034453903083458	-0.6898383366427078
-999.0	615.0	317.29546950734766	4.635562514817281	-4.823559001502068	-0.4144562941165464
-999.0	590.0	318.8740915155616	4.167939694943258	-4.777106718884573	-0.14067508587701658
-999.0	565.0	320.6485813943686	3.751151200797829	-4.911188156516459	0.11446166787019124
-999.0	540.0	322.53860176171605	3.3245281152151303	-5.183175538425084	0.2820097772335458
-999.0	515.0	324.51622425400427	2.8709696503701103	-5.583397845151239	0.31477916930560174
-999.0	490.0	326.58344463097114	2.417003532802623	-5.96880012640246	0.18100109641198697
-999.0	465.0	328.70605015789255	1.9505726477062315	-6.257747460294651	-0.12706626675746796
-999.0	440.0	330.8080020881439	1.5611645071594853	-6.314564947728758	-0.46097082285969027
-999.0	415.0	332.82433907647015	1.2546615832381824	-6.088623461899935	-0.7301805859638577
-999.0	390.0	334.7654798153479	1.0175626807742686	-5.711685455507702	-0.7837922043270573
-999.0	365.0	336.61393289197065	0.8446856314937302	-5.218469966202972	-0.542389517856978
-999.0	340.0	338.44158061233117	0.6738288900642502	-4.616213246628085	-0.03525176209709546
-999.0	315.0	340.2442346331634	0.5115768507950845	-3.9392300619295275	0.6863278984156655
-999.0	290.0	341.99298693237205	0.3703878153529438	-3.3041983622091675	1.445668187751243
-999.0	265.0	343.6901483188006	0.25321918325843673	-2.8073664980905857	2.1976662007056857
-999.0	240.0	345.32811866352006	0.15624329613314755	-2.534016182577144	3.067220346243283
-999.0	215.0	346.8597483554216	0.08473048348807632	-2.3192381306930527	3.9700373383583787
-999.0	190.0	348.55508207717423	0.041803708713915665	-1.548531640148521	4.221741913645355
-999.0	165.0	350.9495891910261	0.018889901995727886	0.05070407688620371	3.106730738723725
-999.0	140.0	355.3778578815908	0.00884557918093547	1.2491124322017306	1.3367660861048543
-999.0	115.0	366.98480141216316	0.0055258570075104076	1.8845371190044844	0.4447711954514322
-999.0	90.0	393.8371750815558	0.0050663968388646625	4.050573588797356	0.3868139726972223
-999.0	65.0	442.93387489729844	0.0032937669591909242	1.6830709270305215	0.12341786048340687
-999.0	40.0	532.8244448053468	0.013948286366131588	-8.487995507540516	-0.03864216959725189
-999.0	15.0	722.0297265655761	0.06936717436959355	-17.16505228810839	-0.18201496272727577
244.29166666666666	40	1003.9093254937065	day	levels	pres0
-999.0	990.0	299.19354327500616	16.370867305331785	-1.9844203119476653	-0.6197539733515743
-999.0	965.0	301.1156486654853	15.577700694402074	-3.636616110801704	-1.375718324600391
-999.0	940.0	302.2984987507814	15.08983601464166	-4.76332658032578	-2.0131126874022804
-999.0	915.0	303.2366282152019	14.421896245744495	-5.685818643619634	-2.538743789825153
-999.0	890.0	304.0816221521849	13.579126146104604	-6.497012979454473	-2.9283007288144507
-999.0	865.0	304.96156460710813	12.6141340467665	-7.22177148527569	-3.166446881161783
-999.0	840.0	305.84588790467393	11.602427800496434	-7.826918072170665	-3.2135505378246267
-999.0	815.0	306.80196536319374	10.52581739425662	-8.225747174686825	-3.0516807983319025
-999.0	790.0	307.9308340133459	9.372797674602973	-8.337664683659831	-2.713731919208347
-999.0	765.0	309.22566423451195	8.237276832262712	-8.131563014454276	-2.2860312296284677
-999.0	740.0	310.56810539949	7.339790569411405	-7.598784195052222	-1.8727615088638367
-999.0	715.0	311.9026261800496	6.709191653463575	-6.859764979945264	-1.5124219297948733
-999.0	690.0	313.229363040211	6.141995118723963	-6.13351441754233	-1.195639344553134
-999.0	665.0	314.5259856609752	5.64267958535087	-5.4761476169029715	-0.9282459940554079
-999.0	640.0	315.87324893078477	5.13380082448322	-5.013324068652251	-0.6585516449477593
-999.0	615.0	317.28978803449064	4.6186737649970455	-4.8135881150762305	-0.3782173217687821
-999.0	590.0	318.8744893856647	4.151272270414552	-4.7784638504187456	-0.10383406030528428
-999.0	565.0	320.65276695663204	3.7348331908384855	-4.921798066960469	0.14622020105730227
-999.0	540.0	322.5451823578917	3.3080465975734827	-5.199106173382898	0.3044847003701805
-999.0	515.0	324.523578042436	2.853907732499961	-5.59949437239107	0.32429178969728023
-999.0	490.0	326.5901765187405	2.4004651887549215	-5.9810048672888305	0.17907272693183196
-999.0	465.0	328.7107520337552	1.9360052777661139	-6.262777003977057	-0.1364384078317323
-999.0	440.0	330.810670897646	1.5481947842571393	-6.3142228192753445	-0.4717104666763006
-999.0	415.0	332.82548271860736	1.2427264302968906	-6.086799747414077	-0.7354394917686891
-999.0	390.0	334.7657100148336	1.0074056759476602	-5.712174793084483	-0.780352341632059
-999.0	365.0	336.6133402721874	0.8368217411140567	-5.22482046236597	-0.5281718969345202
-999.0	340.0	338.43808975731736	0.6681773732933719	-4.629706165856816	-0.008534395135946227
-999.0	315.0	340.2351150947838	0.5080095765491325	-3.961440074361069	0.7251126515135804
-999.0	290.0	341.9773987023827	0.367957865819335	-3.340123655067595	1.4899714833332502
-999.0	265.0	343.6688221888531	0.2513111384792456	-2.863714562522101	2.2392390106494298
-999.0	240.0	345.3048572254073	0.155094375212987	-2.613202195200735	3.100952194796674
-999.0	215.0	346.84200768942645	0.08423944003880021	-2.4091645843453775	3.987110816770131
-999.0	190.0	348.54786454166236	0.04159787126506357	-1.6282993110104556	4.207774135801514
-999.0	165.0	350.94814825055374	0.01883328662046945	-0.01680020987994385	3.0637107383873423
-999.0	140.0	355.3817224482647	0.008847274804591283	1.1869155168532706	1.2836172555883325
-999.0	115.0	367.00527620306923	0.0055301995275335225	1.837527771790778	0.3963295121987318
-999.0	90.0	393.87101796575666	0.005056816690032275	4.022258491151835	0.3559734978609497
-999.0	65.0	442.9350681993621	0.003281558915558779	1.6653943161169444	0.11431997497049073
-999.0	40.0	532.7824031014335	0.013915670802816717	-8.50552586797214	-0.0329937515780256
-999.0	15.0	721.9309619576121	0.06911882106214733	-17.180594315131536	-0.1739182718512099
244.30555555555554	40	1003.9132837366174	day	levels	pres0
-999.0	990.0	299.16180440800355	16.398269565017113	-1.9848219553629567	-0.614793797058091
-999.0	965.0	301.0543335993579	15.587472173902713	-3.6382967631022076	-1.3642408917140683
-999.0	940.0	302.24686181666436	15.085379273803147	-4.779785262213796	-2.007573560156208
-999.0	915.0	303.1900067284465	14.414273827164266	-5.707256093000353	-2.5412766629899015
-999.0	890.0	304.0391951208267	13.573032176053086	-6.515152618840872	-2.9356026406641362
-999.0	865.0	304.9209143094064	12.611812132376214	-7.232432764989348	-3.1752325119795586
-999.0	840.0	305.8058391325438	11.606805324554442	-7.829618257504919	-3.2225101722611247
-999.0	815.0	306.7591652601085	10.539945205052685	-8.22026486750003	-3.0613092813226794
-999.0	790.0	307.88158947045946	9.394774631217656	-8.325028763877034	-2.7235828622899523
-999.0	765.0	309.1721975323562	8.258109993404798	-8.116258736009966	-2.292916134275758
-999.0	740.0	310.51743801409856	7.349346461119469	-7.582646974810864	-1.8739587972285467
-999.0	715.0	311.8610178721471	6.702979277681428	-6.8421249875316095	-1.5062030313398505
-999.0	690.0	313.19742825555704	6.12670316519562	-6.1130920030452796	-1.1811050580193623
-999.0	665.0	314.50356577706276	5.626109551500405	-5.452197268191334	-0.9045958780097295
-999.0	640.0	315.8596915448755	5.116764346758539	-4.992194234221091	-0.6272649532529115
-999.0	615.0	317.2841065616336	4.601785015176858	-4.803617228650396	-0.3419783494211263
-999.0	590.0	318.8748872557678	4.13460484588589	-4.779820981952882	-0.06699303473365467
-999.0	565.0	320.65695251889554	3.718515180879181	-4.932407977404412	0.1779787342443318
-999.0	540.0	322.5517629540673	3.291565079931871	-5.215036808340628	0.3269596235067626
-999.0	515.0	324.5309318308679	2.8368458146298483	-5.615590899630818	0.3338044100889412
-999.0	490.0	326.59690840651	2.3839268447072515	-5.993209608175129	0.17714435745168944
-999.0	465.0	328.71545390961796	1.9214379078260264	-6.267806547659412	-0.14581054890596507
-999.0	440.0	330.81333970714803	1.535225061354822	-6.313880690821897	-0.4824501104928738
-999.0	415.0	332.8266263607447	1.230791277355626	-6.084976032928187	-0.740698397573492
-999.0	390.0	334.7659402143193	0.9972486711210746	-5.712664130661223	-0.7769124789370441
-999.0	365.0	336.61274765240427	0.8289578507343982	-5.231170958528912	-0.5139542760120606
-999.0	340.0	338.43459890230366	0.6625258565225021	-4.64319908508547	0.018182971825181082
-999.0	315.0	340.2259955564042	0.5044423023031837	-3.9836500867925166	0.7638974046114426
-999.0	290.0	341.9618104723935	0.3655279162857278	-3.3760489479259004	1.534274778915192
-999.0	265.0	343.64749605890574	0.24940309370005653	-2.9200626269534484	2.2808118205931196
-999.0	240.0	345.28159578729463	0.15394545429282766	-2.6923882078241	3.1346840433500267
-999.0	215.0	346.82426702343156	0.08374839658952443	-2.4990910379974403	4.004184295181865
-999.0	190.0	348.5406470061505	0.041392033816211864	-1.708066981872143	4.193806357957698
-999.0	165.0	350.9467073100812	0.018776671245211308	-0.08430449664587009	3.0206907380510355
-999.0	140.0	355.38558701493866	0.00884897042824715	1.124718601505018	1.2304684250719236
-999.0	115.0	367.0257509939753	0.005534542047556628	1.7905184245772228	0.34788782894614084
-999.0	90.0	393.9048608499575	0.0050472365411998905	3.993943393506408	0.32513302302472635
-999.0	65.0	442.9362615014258	0.003269350871926665	1.647717705203444	0.105222089457571
-999.0	40.0	532.7403613975199	0.01388305523950196	-8.52305622840367	-0.027345333558820906
-999.0	15.0	721.8321973496484	0.06887046775470197	-17.196136342154585	-0.16582158097514466
244.31944444444446	40	1003.9172419795284	day	levels	pres0
-999.0	990.0	299.13006554100065	16.42567182470253	-1.985223598778247	-0.6098336207645878
-999.0	965.0	300.99301853323016	15.597243653403396	-3.6399774154027362	-1.352763458827712
-999.0	940.0	302.1952248825471	15.080922532964633	-4.79624394410188	-2.0020344329101025
-999.0	915.0	303.1433852416908	14.406651408584027	-5.728693542381145	-2.543809536154621
-999.0	890.0	303.99676808946845	13.56693820600156	-6.533292258227329	-2.9429045525138013
-999.0	865.0	304.8802640117044	12.609490217985925	-7.243094044703034	-3.1840181427973313
-999.0	840.0	305.76579036041375	11.611182848612469	-7.832318442839165	-3.231469806697641
-999.0	815.0	306.7163651570232	10.554073015848807	-8.214782560313182	-3.0709377643134976
-999.0	790.0	307.83234492757265	9.416751587832431	-8.312392844094155	-2.7334338053716145
-999.0	765.0	309.1187308302002	8.278943154546964	-8.100954457565573	-2.2998010389231007
-999.0	740.0	310.4667706287069	7.358902352827573	-7.5665097545694255	-1.875156085593291
-999.0	715.0	311.8194095642445	6.69676690189926	-6.824484995117874	-1.4999841328848338
-999.0	690.0	313.16549347090324	6.1114112116672255	-6.092669588548144	-1.1665707714855647
-999.0	665.0	314.48114589315037	5.609539517649884	-5.42824691947961	-0.8809457619639902
-999.0	640.0	315.84613415896627	5.0997278690338	-4.971064399789859	-0.5959782615579764
-999.0	615.0	317.27842508877666	4.5848962653566145	-4.793646342224533	-0.30573937707336973
-999.0	590.0	318.87528512587096	4.117937421357178	-4.781178113487029	-0.030152009161925272
-999.0	565.0	320.6611380811591	3.7021971709198302	-4.9430178878484	0.2097372674314429
-999.0	540.0	322.5583435502429	3.2750835622902152	-5.23096744329842	0.3494345466433982
-999.0	515.0	324.5382856192997	2.8197838967596938	-5.63168742687063	0.34331703048061846
-999.0	490.0	326.60364029427956	2.367388500659544	-6.005414349061478	0.175215987971532
-999.0	465.0	328.7201557854807	1.906870537885904	-6.272836091341798	-0.15518268998023235
-999.0	440.0	330.81600851665013	1.5222553384524722	-6.313538562368461	-0.4931897543094865
-999.0	415.0	332.8277700028819	1.2188561244143299	-6.0831523184423055	-0.7459573033783226
-999.0	390.0	334.766170413805	0.9870916662944619	-5.71315346823798	-0.7734726162420364
-999.0	365.0	336.6121550326211	0.8210939603547199	-5.2375214546918905	-0.4997366550895795
-999.0	340.0	338.43110804729	0.6568743397516196	-4.656692004314185	0.044900338786364846
-999.0	315.0	340.2168760180246	0.5008750280572289	-4.005860099224043	0.802682157709397
-999.0	290.0	341.94622224240413	0.3630979667521175	-3.4119742407843128	1.5785780744972373
-999.0	265.0	343.6261699289582	0.24749504892086457	-2.976410691384946	2.3223846305368934
-999.0	240.0	345.25833434918195	0.1527965333726666	-2.7715742204476705	3.1684158919034346
-999.0	215.0	346.8065263574365	0.083257353140248	-2.589017491649751	4.0212577735936295
-999.0	190.0	348.5334294706386	0.04118619636735971	-1.7878346527340787	4.17983858011387
-999.0	165.0	350.9452663696088	0.018720055869952894	-0.15180878341203702	2.977670737714669
-999.0	140.0	355.3894515816126	0.008850666051902973	1.0625216861565345	1.1773195945554091
-999.0	115.0	367.0462257848813	0.005538884567579738	1.7435090773635042	0.2994461456934339
-999.0	90.0	393.9387037341585	0.005037656392367473	3.9656282958608857	0.2942925481884396
-999.0	65.0	442.93745480348946	0.0032571428282945156	1.6300410942898682	0.09612420394464385
-999.0	40.0	532.6983196936065	0.013850439676187067	-8.540586588835296	-0.02169691553959925
-999.0	15.0	721.733432741684	0.06862211444725572	-17.21167836917773	-0.15772489009907892
244.33333333333334	40	1003.921200222439	day	levels	pres0
-999.0	990.0	299.098326673998	16.45307408438786	-1.9856252421935316	-0.6048734444711031
-999.0	965.0	300.9317034671028	15.607015132904037	-3.641658067703235	-1.3412860259413921
-999.0	940.0	302.14358794843	15.07646579212612	-4.812702625989895	-1.9964953056640364
-999.0	915.0	303.09676375493535	14.399028990003794	-5.750130991761868	-2.5463424093193767
-999.0	890.0	303.95434105811034	13.56084423595004	-6.55143189761373	-2.9502064643634958
-999.0	865.0	304.8396137140028	12.607168303595639	-7.253755324416698	-3.1928037736151147
-999.0	840.0	305.72574158828365	11.615560372670473	-7.835018628173428	-3.240429441134143
-999.0	815.0	306.6735650539379	10.568200826644867	-8.209300253126392	-3.0805662473042776
-999.0	790.0	307.7831003846862	9.43872854444712	-8.299756924311364	-2.743284748453223
-999.0	765.0	309.0652641280444	8.29977631568905	-8.085650179121272	-2.306685943570392
-999.0	740.0	310.4161032433153	7.368458244535637	-7.550372534328072	-1.8763533739580012
-999.0	715.0	311.77780125634195	6.690554526117112	-6.806845002704225	-1.4937652344298082
-999.0	690.0	313.13355868624933	6.096119258138881	-6.072247174051094	-1.1520364849517875
-999.0	665.0	314.45872600923786	5.592969483799418	-5.404296570767977	-0.8572956459183034
-999.0	640.0	315.8325767730571	5.082691391309118	-4.949934565358702	-0.5646915698631182
-999.0	615.0	317.27274361591964	4.568007515536428	-4.783675455798702	-0.2695004047257019
-999.0	590.0	318.8756829959741	4.101269996828516	-4.782535245021168	0.006689016409716322
-999.0	565.0	320.66532364342254	3.6858791609605257	-4.953627798292349	0.24149580061848294
-999.0	540.0	322.56492414641866	3.258602044648604	-5.246898078256156	0.3719094697799892
-999.0	515.0	324.5456394077315	2.802721978889579	-5.647783954110383	0.3528296508722869
-999.0	490.0	326.610372182049	2.3508501566118736	-6.017619089947782	0.17328761849139526
-999.0	465.0	328.7248576613433	1.8923031679458162	-6.277865635024158	-0.16455483105446062
-999.0	440.0	330.81867732615217	1.5092856155501546	-6.313196433915015	-0.5039293981260554
-999.0	415.0	332.82891364501916	1.2069209714730655	-6.0813286039564165	-0.7512162091831194
-999.0	390.0	334.7664006132907	0.9769346614678767	-5.713642805814722	-0.7700327535470137
-999.0	365.0	336.611562412838	0.8132300699750624	-5.243871950854833	-0.48551903416710884
-999.0	340.0	338.42761719227633	0.6512228229807505	-4.67018492354284	0.07161770574750431
-999.0	315.0	340.207756479645	0.4973077538112808	-4.02807011165549	0.8414669108072693
-999.0	290.0	341.93063401241494	0.36066801721851083	-3.4478995336426146	1.622881370079185
-999.0	265.0	343.6048437990107	0.2455870041416759	-3.032758755816289	2.3639574404805823
-999.0	240.0	345.2350729110693	0.15164761245250763	-2.85076023307103	3.202147740456783
-999.0	215.0	346.7887856914416	0.08276630969097243	-2.678943945301808	4.038331252005364
-999.0	190.0	348.52621193512675	0.04098035891850806	-1.867602323595759	4.165870802270061
-999.0	165.0	350.9438254291363	0.018663440494694754	-0.21931307017795482	2.934650737378377
-999.0	140.0	355.3933161482865	0.008852361675558838	1.0003247708082843	1.1241707640390133
-999.0	115.0	367.06670057578737	0.0055432270876028394	1.6964997301499407	0.25100446244085134
-999.0	90.0	393.9725466183593	0.005028076243535092	3.9373131982154463	0.2634520733522221
-999.0	65.0	442.93864810555317	0.0032449347846624037	1.6123644833763604	0.08702631843172867
-999.0	40.0	532.6562779896932	0.013817824112872313	-8.558116949266827	-0.016048497520389365
-999.0	15.0	721.6346681337203	0.0683737611398104	-17.227220396200785	-0.14962819922300963
244.34722222222223	40	1003.92515846535	day	levels	pres0
-999.0	990.0	299.0665878069952	16.48047634407327	-1.9860268856088292	-0.5999132681775952
-999.0	965.0	300.8703884009752	15.616786612404722	-3.643338720003765	-1.3298085930550239
-999.0	940.0	302.0919510143129	15.072009051287614	-4.829161307877971	-1.9909561784179117
-999.0	915.0	303.0501422681797	14.391406571423563	-5.771568441142648	-2.548875282484074
-999.0	890.0	303.9119140267521	13.554750265898523	-6.56957153700017	-2.957508376213139
-999.0	865.0	304.79896341630086	12.604846389205365	-7.264416604130362	-3.201589404432866
-999.0	840.0	305.6856928161535	11.619937896728516	-7.8377188135076485	-3.249389075570641
-999.0	815.0	306.6307649508525	10.582328637441007	-8.203817945939523	-3.0901947302950816
-999.0	790.0	307.73385584179954	9.46070550106191	-8.287121004528466	-2.753135691534873
-999.0	765.0	309.01179742588846	8.32060947683123	-8.070345900676863	-2.313570848217723
-999.0	740.0	310.3654358579238	7.378014136243753	-7.534235314086625	-1.8775506623227318
-999.0	715.0	311.73619294843945	6.684342150334955	-6.789205010290491	-1.4875463359747767
-999.0	690.0	313.10162390159536	6.080827304610492	-6.051824759553972	-1.1375021984179765
-999.0	665.0	314.4363061253254	5.5763994499489025	-5.380346222056271	-0.8336455298725554
-999.0	640.0	315.81901938714793	5.065654913584383	-4.928804730927492	-0.5334048781681802
-999.0	615.0	317.2670621430627	4.551118765716192	-4.77370456937286	-0.23326143237794977
-999.0	590.0	318.87608086607725	4.084602572299809	-4.783892376555338	0.04353004198143659
-999.0	565.0	320.669509205686	3.669561151001182	-4.964237708736355	0.27325433380558345
-999.0	540.0	322.5715047425943	3.2421205270069553	-5.262828713213963	0.394384392916615
-999.0	515.0	324.5529931961634	2.7856600610194318	-5.663880481350208	0.36234227126395796
-999.0	490.0	326.61710406981854	2.3343118125641724	-6.029823830834147	0.1713592490112345
-999.0	465.0	328.72955953720594	1.877735798005699	-6.282895178706561	-0.17392697212872946
-999.0	440.0	330.82134613565427	1.4963158926478093	-6.312854305461601	-0.5146690419426703
-999.0	415.0	332.8300572871563	1.1949858185317737	-6.079504889470558	-0.7564751149879566
-999.0	390.0	334.76663081277644	0.9667776566412677	-5.714132143391503	-0.7665928908520236
-999.0	365.0	336.6109697930548	0.8053661795953881	-5.250222447017831	-0.4713014132446619
-999.0	340.0	338.4241263372627	0.6455713062098715	-4.68367784277157	0.09833507270864167
-999.0	315.0	340.19863694126536	0.49374047956532796	-4.050280124087032	0.8802516639051741
-999.0	290.0	341.9150457824257	0.3582380676849015	-3.4838248265010456	1.6671846656611866
-999.0	265.0	343.58351766906316	0.24367895936248435	-3.0891068202478085	2.405530250424327
-999.0	240.0	345.2118114729566	0.15049869153234668	-2.9299462456946257	3.2358795890101777
-999.0	215.0	346.77104502544654	0.08227526624169608	-2.7688703989541383	4.055404730417116
-999.0	190.0	348.5189943996149	0.040774521469655906	-1.9473699944577012	4.151903024426213
-999.0	165.0	350.94238448866395	0.018606825119436315	-0.28681735694411065	2.8916307370419805
-999.0	140.0	355.3971807149604	0.008854057299214653	0.9381278554598218	1.0710219335224782
-999.0	115.0	367.0871753666935	0.005547569607625957	1.6494903829362424	0.20256277918814256
-999.0	90.0	394.0063895025602	0.005018496094702704	3.9089981005699377	0.2326115985159436
-999.0	65.0	442.9398414076169	0.003232726741030257	1.5946878724627918	0.07792843291880794
-999.0	40.0	532.6142362857796	0.013785208549557443	-8.57564730969845	-0.010400079501168225
-999.0	15.0	721.5359035257562	0.06812540783236413	-17.242762423223926	-0.14153150834694778
244.36111111111111	40	1003.9291167082608	day	levels	pres0
-999.0	990.0	299.03484893999246	16.5078786037586	-1.9864285290241213	-0.5949530918841119
-999.0	965.0	300.80907333484765	15.626558091905364	-3.645019372304268	-1.3183311601687009
-999.0	940.0	302.0403140801958	15.0675523104491	-4.84561998976599	-1.9854170511718399
-999.0	915.0	303.0035207814243	14.38378415284333	-5.793005890523368	-2.5514081556488226
-999.0	890.0	303.8694869953939	13.548656295847005	-6.587711176386569	-2.9648102880628247
-999.0	865.0	304.7583131185991	12.602524474815079	-7.27507788384402	-3.210375035250643
-999.0	840.0	305.6456440440234	11.624315420786523	-7.840418998841903	-3.2583487100071395
-999.0	815.0	306.58796484776724	10.596456448237069	-8.198335638752726	-3.099823213285858
-999.0	790.0	307.68461129891296	9.482682457676594	-8.274485084745667	-2.762986634616478
-999.0	765.0	308.9583307237326	8.341442637973316	-8.055041622232554	-2.3204557528650134
-999.0	740.0	310.31476847253225	7.387570027951816	-7.518098093845267	-1.8787479506874427
-999.0	715.0	311.6945846405369	6.678129774552807	-6.7715650178768385	-1.4813274375197538
-999.0	690.0	313.0696891169416	6.06553535108215	-6.031402345056919	-1.1229679118842046
-999.0	665.0	314.4138862414129	5.55982941609844	-5.356395873344636	-0.809995413826877
-999.0	640.0	315.8054620012387	5.048618435859702	-4.907674896496333	-0.5021181864733325
-999.0	615.0	317.2613806702056	4.534230015896005	-4.763733682947028	-0.19702246003029386
-999.0	590.0	318.8764787361804	4.067935147771148	-4.785249508089474	0.08037106755306628
-999.0	565.0	320.6736947679495	3.653243141041878	-4.974847619180297	0.305012866992613
-999.0	540.0	322.57808533876994	3.2256390093653433	-5.278759348171694	0.4168593160531973
-999.0	515.0	324.5603469845952	2.7685981431493185	-5.679977008589957	0.3718548916556189
-999.0	490.0	326.62383595758797	2.317773468516503	-6.042028571720445	0.16943087953109193
-999.0	465.0	328.73426141306874	1.8631684280656116	-6.287924722388916	-0.18329911320296213
-999.0	440.0	330.82401494515636	1.4833461697454917	-6.312512177008152	-0.5254086857592435
-999.0	415.0	332.8312009292936	1.183050665590509	-6.077681174984668	-0.7617340207927598
-999.0	390.0	334.76686101226215	0.9566206518146819	-5.714621480968243	-0.7631530281570094
-999.0	365.0	336.61037717327156	0.7975022892157295	-5.256572943180772	-0.4570837923222021
-999.0	340.0	338.42063548224894	0.6399197894390016	-4.697170762000226	0.12505243966976892
-999.0	315.0	340.18951740288577	0.49017320531937925	-4.07249013651848	0.9190364170030361
-999.0	290.0	341.8994575524364	0.3558081181512944	-3.51975011935935	1.711487961243128
-999.0	265.0	343.5621915391157	0.24177091458329528	-3.1454548846791557	2.4471030603680166
-999.0	240.0	345.1885500348439	0.14934977061218735	-3.009132258317991	3.2696114375635292
-999.0	215.0	346.7533043594516	0.08178422279242029	-2.8587968526061998	4.0724782088288505
-999.0	190.0	348.51177686410296	0.04056868402080421	-2.027137665319389	4.137935246582398
-999.0	165.0	350.94094354819157	0.018550209744178175	-0.3543216437100369	2.8486107367056737
-999.0	140.0	355.40104528163425	0.00885575292287052	0.8759309401115687	1.0178731030060695
-999.0	115.0	367.1076501575995	0.005551912127649061	1.6024810357226875	0.15412109593555165
-999.0	90.0	394.04023238676103	0.0050089159458703205	3.880683002924512	0.2017711236797202
-999.0	65.0	442.94103470968054	0.003220518697398143	1.577011261549291	0.06883054740588818
-999.0	40.0	532.5721945818664	0.013752592986242687	-8.59317767012998	-0.004751661481963557
-999.0	15.0	721.4371389177925	0.0678770545249188	-17.258304450246982	-0.13343481747088248
244.375	40	1003.9330749511719	day	levels	pres0
-999.0	990.0	299.0031100729897	16.53528086344401	-1.986830172439416	-0.5899929155906042
-999.0	965.0	300.7477582687201	15.636329571406044	-3.6467000246047974	-1.3068537272823353
-999.0	940.0	301.98867714607866	15.063095569610597	-4.862078671654065	-1.9798779239257176
-999.0	915.0	302.95689929466863	14.376161734263103	-5.81444333990415	-2.553941028813521
-999.0	890.0	303.8270599640357	13.542562325795489	-6.60585081577301	-2.9721121999124684
-999.0	865.0	304.71766282089726	12.600202560424805	-7.285739163557688	-3.2191606660683947
-999.0	840.0	305.6055952718933	11.628692944844563	-7.8431191841761265	-3.2673083444436393
-999.0	815.0	306.54516474468187	10.610584259033201	-8.192853331565855	-3.1094516962766647
-999.0	790.0	307.6353667560264	9.504659414291384	-8.261849164962769	-2.772837577698131
-999.0	765.0	308.9048640215767	8.362275799115498	-8.039737343788147	-2.3273406575123468
-999.0	740.0	310.26410108714066	7.39712591965993	-7.501960873603821	-1.8799452390521765
-999.0	715.0	311.65297633263435	6.671917398770652	-6.753925025463104	-1.4751085390647252
-999.0	690.0	313.0377543322876	6.050243397553761	-6.0109799305597935	-1.108433625350396
-999.0	665.0	314.39146635750046	5.543259382247924	-5.33244552463293	-0.7863452977811296
-999.0	640.0	315.7919046153295	5.031581958134969	-4.8865450620651245	-0.47083149477839464
-999.0	615.0	317.2556991973486	4.51734126607577	-4.753762796521187	-0.16078348768254114
-999.0	590.0	318.87687660628353	4.051267723242442	-4.786606639623641	0.11721209312478714
-999.0	565.0	320.677880330213	3.6369251310825352	-4.985457529624303	0.33677140017971396
-999.0	540.0	322.58466593494563	3.209157491723697	-5.294689983129501	0.4393342391898235
-999.0	515.0	324.56770077302696	2.751536225279173	-5.696073535829782	0.38136751204729075
-999.0	490.0	326.63056784535746	2.3012351244688034	-6.0542333126068115	0.16750251005093253
-999.0	465.0	328.7389632889314	1.8486010581254957	-6.292954266071319	-0.19267125427722923
-999.0	440.0	330.8266837546584	1.4703764468431475	-6.312170048554738	-0.5361483295758565
-999.0	415.0	332.8323445714309	1.1711155126492183	-6.07585746049881	-0.7669929265975951
-999.0	390.0	334.76709121174787	0.9464636469880738	-5.715110818545024	-0.7597131654620171
-999.0	365.0	336.6097845534884	0.7896383988360564	-5.262923439343769	-0.4428661713997523
-999.0	340.0	338.41714462723525	0.6342682726681234	-4.710663681228955	0.15176980663090944
-999.0	315.0	340.1803978645062	0.48660593107342714	-4.09470014895002	0.9578211701009421
-999.0	290.0	341.8838693224471	0.3533781686176857	-3.5556754122177754	1.755791256825129
-999.0	265.0	343.5408654091682	0.23986286980410418	-3.201802949110667	2.488675870311756
-999.0	240.0	345.1652885967312	0.14820084969202676	-3.088318270941575	3.303343286116918
-999.0	215.0	346.7355636934566	0.0812931793431441	-2.9487233062585188	4.089551687240601
-999.0	190.0	348.50455932859103	0.040362846571952105	-2.1069053361813226	4.123967468738557
-999.0	165.0	350.939502607719	0.01849359436891973	-0.4218259304761886	2.805590736369292
-999.0	140.0	355.4049098483083	0.008857448546526335	0.8137340247631073	0.9647242724895476
-999.0	115.0	367.12812494850556	0.005556254647672176	1.5554716885089874	0.10567941268285116
-999.0	90.0	394.074075270962	0.00499933579703793	3.8523679052790003	0.17093064884344733
-999.0	65.0	442.9422280117442	0.0032083106537659964	1.5593346506357193	0.0597326618929704
-999.0	40.0	532.5301528779528	0.013719977422927816	-8.610708030561605	0.000896756537258625
-999.0	15.0	721.3383743098283	0.06762870121747255	-17.273846477270123	-0.12533812659482163
244.38888888888889	40	1004.1667344835071	day	levels	pres0
-999.0	990.0	298.9711946585392	16.559360274562163	-1.9869101494550732	-0.5850814220547152
-999.0	965.0	300.6862562255107	15.642067962222644	-3.648049559858122	-1.2954919243024257
-999.0	940.0	301.9369096369963	15.056366381821809	-4.878071696118097	-1.9744742736220116
-999.0	915.0	302.9101911476422	14.366824026460998	-5.835203722671252	-2.5565659290662257
-999.0	890.0	303.78461540446784	13.53476678883588	-6.62316978971165	-2.9794299453496706
-999.0	865.0	304.6770419756644	12.595960202040498	-7.295519707379517	-3.227872640446366
-999.0	840.0	305.5656159984593	11.63094819033589	-7.844988081190301	-3.2760746942626087
-999.0	815.0	306.5024721900819	10.622026770203231	-8.186654249827031	-3.118687847146292
-999.0	790.0	307.58618205993537	9.522969210589416	-8.248564163843742	-2.7821378754796995
-999.0	765.0	308.85146595486003	8.379374786659563	-8.023764310059676	-2.333658112971889
-999.0	740.0	310.21349406112574	7.4043130698027655	-7.485226710637368	-1.880765510998952
-999.0	715.0	311.61141809489766	6.664945575926035	-6.735882436787604	-1.4688286847538392
-999.0	690.0	313.00590311776097	6.034798118803217	-5.990330310883312	-1.0940756003061773
-999.0	665.0	314.36907695393654	5.526680851424159	-5.308408979464431	-0.7630074052139827
-999.0	640.0	315.7784830119286	5.014567408296775	-4.865417049162898	-0.4399225416558386
-999.0	615.0	317.2500920748707	4.500370718814687	-4.74382452059675	-0.1249021164796577
-999.0	590.0	318.87736154127305	4.034386437248281	-4.788031071148552	0.15372909881454136
-999.0	565.0	320.6821314218229	3.6203135086430276	-4.996176578932367	0.3682549132586355
-999.0	540.0	322.5912691077991	3.192293052872007	-5.310732439712278	0.4615942786137424
-999.0	515.0	324.57508769278616	2.7340242724727566	-5.712231051866689	0.39075531424195925
-999.0	490.0	326.63727721381736	2.2842997980338433	-6.06645906302667	0.16546134374758895
-999.0	465.0	328.74367641834885	1.8337924278996491	-6.297974164839165	-0.20221962310651376
-999.0	440.0	330.82936471135235	1.4572540855517984	-6.31179532408716	-0.5471237285269819
-999.0	415.0	332.83346278315213	1.1591276898980032	-6.073987657273274	-0.7725476840580114
-999.0	390.0	334.76727315254624	0.9362586968474824	-5.7155480451054235	-0.7565708787491057
-999.0	365.0	336.6091917452729	0.7816643421020711	-5.269229224434633	-0.4288955711656246
-999.0	340.0	338.4135782017676	0.628504289935029	-4.724115884966356	0.17829589904458304
-999.0	315.0	340.1712535629303	0.48297157580101807	-4.116880776981555	0.996462187540074
-999.0	290.0	341.86818892823527	0.3509129909453562	-3.591594825740268	1.7999720601020226
-999.0	265.0	343.5194979827248	0.23794574504373167	-3.2581684986751016	2.5301398725973416
-999.0	240.0	345.14197171911604	0.14704474986151359	-3.167540586105197	3.3369761650209195
-999.0	215.0	346.71780834147984	0.08079558928255665	-3.038684016024738	4.106542050838475
-999.0	190.0	348.4973563257918	0.0401515308422621	-2.1866664022760243	4.1099350590396675
-999.0	165.0	350.93807774336676	0.018433526335111503	-0.4893021887100295	2.7624972426090726
-999.0	140.0	355.4087905204406	0.008858208475565444	0.751527516930101	0.9114593684120903
-999.0	115.0	367.1485827028591	0.005559693508850485	1.5084558548750089	0.05721550379633522
-999.0	90.0	394.10793727098957	0.00498713910389967	3.8240523866066987	0.14008908366989364
-999.0	65.0	442.9435012169192	0.003198766069814414	1.5416583343650154	0.050635116933674035
-999.0	40.0	532.4881363372522	0.01368899598579711	-8.628238979865046	0.006545173383704209
-999.0	15.0	721.2396392516031	0.06739692051929416	-17.289386864061754	-0.11724134608650845
244.40277777777777	40	1004.4003940158422	day	levels	pres0
-999.0	990.0	298.9392792440888	16.583439685680236	-1.9869901264707277	-0.5801699285188505
-999.0	965.0	300.6247541823015	15.64780635303921	-3.6493990951114226	-1.284130121322558
-999.0	940.0	301.8851421279141	15.049637194033023	-4.894064720582072	-1.9690706233183546
-999.0	915.0	302.8634830006157	14.357486318658903	-5.855964105438293	-2.5591908293189802
-999.0	890.0	303.74217084490004	13.52697125187627	-6.640488763650249	-2.9867476907869137
-999.0	865.0	304.63642113043164	12.59171784365619	-7.3053002512013405	-3.236584614824361
-999.0	840.0	305.5256367250253	11.633203435827182	-7.846856978204513	-3.2848410440815767
-999.0	815.0	306.459779635482	10.633469281373195	-8.18045516808828	-3.1279239980158917
-999.0	790.0	307.5369973638445	9.541279006887356	-8.235279162724817	-2.7914381732612226
-999.0	765.0	308.7980678881435	8.39647377420354	-8.007791276331305	-2.339975568431389
-999.0	740.0	310.162887035111	7.411500219945552	-7.468492547671006	-1.8815857829457048
-999.0	715.0	311.56985985716113	6.657973753081431	-6.717839848112185	-1.4625488304429588
-999.0	690.0	312.9740519032342	6.019352840052717	-5.969680691206905	-1.0797175752619947
-999.0	665.0	314.34668755037274	5.5101023206004465	-5.284372434296001	-0.7396695126469034
-999.0	640.0	315.7650614085277	4.997552858458632	-4.8442890362607205	-0.4090135885333713
-999.0	615.0	317.24448495239284	4.4834001715536544	-4.733886244672321	-0.08902074527686946
-999.0	590.0	318.87784647626256	4.0175051512541655	-4.789455502673431	0.19024610450420626
-999.0	565.0	320.68638251343276	3.60370188620356	-5.006895628240368	0.3997384263374868
-999.0	540.0	322.5978722806528	3.1754286140203547	-5.326774896294975	0.4838543180376187
-999.0	515.0	324.5824746125454	2.716512319666375	-5.72838856790352	0.4001431164366175
-999.0	490.0	326.6439865822772	2.267364471598914	-6.078684813446464	0.16342017744426326
-999.0	465.0	328.7483895477663	1.8189837976738312	-6.302994063606966	-0.21176799193576248
-999.0	440.0	330.83204566804625	1.4441317242604765	-6.311420599619547	-0.5580991274780664
-999.0	415.0	332.83458099487336	1.1471398671468143	-6.072117854047705	-0.7781024415183941
-999.0	390.0	334.7674550933445	0.9260537467069133	-5.715985271665785	-0.7534285920361714
-999.0	365.0	336.60859893705737	0.7736902853681011	-5.275535009525438	-0.4149249709314864
-999.0	340.0	338.41001177630005	0.6227403072019437	-4.73756808870368	0.20482199145824426
-999.0	315.0	340.1621092613543	0.47933722052861255	-4.139061405012997	1.0351032049791622
-999.0	290.0	341.8525085340234	0.34844781327302854	-3.62751423926264	1.8441528633788589
-999.0	265.0	343.49813055628135	0.23602862028336127	-3.314534048239372	2.571603874882875
-999.0	240.0	345.11865484150104	0.14588865003100174	-3.246762901268599	3.3706090439248872
-999.0	215.0	346.70005298950304	0.08029799922196959	-3.1286447257907013	4.123532414436334
-999.0	190.0	348.4901533229927	0.03994021511257252	-2.266427468370481	4.095902649340805
-999.0	165.0	350.9366528790144	0.01837345830130359	-0.5567784469436449	2.719403748848929
-999.0	140.0	355.4126711925728	0.008858968404604609	0.6893210090973032	0.8581944643347461
-999.0	115.0	367.1690404572127	0.005563132370028784	1.4614400212411758	0.008751594909928787
-999.0	90.0	394.1417992710169	0.004974942410761428	3.7957368679344814	0.1092475184963893
-999.0	65.0	442.9447744220942	0.003189221485862856	1.5239820180943826	0.04153757197437577
-999.0	40.0	532.4461197965518	0.013658014548666513	-8.64576992916839	0.012193590230132362
-999.0	15.0	721.140904193378	0.06716513982111665	-17.304927250853282	-0.10914456557819069
244.41666666666666	40	1004.6340535481772	day	levels	pres0
-999.0	990.0	298.9073638296383	16.60751909679839	-1.9870701034863805	-0.5752584349829603
-999.0	965.0	300.56325213909207	15.653544743855806	-3.6507486303647427	-1.2727683183426488
-999.0	940.0	301.83337461883167	15.042908006244238	-4.910057745046101	-1.9636669730146517
-999.0	915.0	302.81677485358915	14.348148610856796	-5.8767244882053955	-2.561815729571692
-999.0	890.0	303.69972628533225	13.519175714916654	-6.657807737588892	-2.994065436224124
-999.0	865.0	304.5958002851987	12.587475485271884	-7.315080795023172	-3.2452965892023378
-999.0	840.0	305.48565745159124	11.635458681318507	-7.84872587521869	-3.2936073939005484
-999.0	815.0	306.417087080882	10.644911792543226	-8.174256086349455	-3.137160148885521
-999.0	790.0	307.48781266775353	9.559588803185394	-8.221994161605798	-2.800738471042791
-999.0	765.0	308.74466982142684	8.413572761747606	-7.991818242602841	-2.34629302389093
-999.0	740.0	310.1122800090962	7.418687370088385	-7.451758384704558	-1.8824060548924766
-999.0	715.0	311.5283016194245	6.651001930236816	-6.699797259436689	-1.4562689761320673
-999.0	690.0	312.94220068870743	6.003907561302173	-5.9490310715304275	-1.065359550217769
-999.0	665.0	314.32429814680887	5.493523789776681	-5.260335889127504	-0.7163316200797474
-999.0	640.0	315.75163980512684	4.980538308620438	-4.823161023358496	-0.37810463541080463
-999.0	615.0	317.23887782991494	4.466429624292571	-4.723947968747887	-0.05313937407397435
-999.0	590.0	318.878331411252	4.000623865260004	-4.790879934198346	0.22676311019397216
-999.0	565.0	320.69063360504265	3.5870902637640527	-5.017614677548437	0.43122193941641873
-999.0	540.0	322.6044754535064	3.1585641751686633	-5.342817352877756	0.5061143574615461
-999.0	515.0	324.5898615323046	2.6990003668599565	-5.744546083940432	0.4095309186312923
-999.0	490.0	326.6506959507371	2.250429145163951	-6.090910563866325	0.16137901114092415
-999.0	465.0	328.75310267718385	1.8041751674479825	-6.308013962374816	-0.22131636076504413
-999.0	440.0	330.83472662474026	1.4310093629691258	-6.311045875151971	-0.5690745264291891
-999.0	415.0	332.8356992065946	1.1351520443955982	-6.070248050822171	-0.7836571989788064
-999.0	390.0	334.76763703414287	0.9158487965663215	-5.716422498226187	-0.7502863053232541
-999.0	365.0	336.60800612884174	0.7657162286341157	-5.281840794616301	-0.40095437069735085
-999.0	340.0	338.40644535083237	0.6169763244688495	-4.751020292441081	0.2313480838719269
-999.0	315.0	340.15296495977833	0.4757028652562032	-4.161242033044533	1.0737442224183027
-999.0	290.0	341.83682813981164	0.34598263560069925	-3.663433652785134	1.8883336666557593
-999.0	265.0	343.4767631298379	0.2341114955229887	-3.3708995978038123	2.613067877168463
-999.0	240.0	345.0953379638859	0.14473255020048853	-3.3259852164322274	3.4042419228288914
-999.0	215.0	346.68229763752623	0.07980040916138222	-3.218605435556926	4.140522778034212
-999.0	190.0	348.48295032019354	0.03972889938288252	-2.3461885344651825	4.081870239641918
-999.0	165.0	350.9352280146621	0.018313390267495372	-0.6242547051774818	2.6763102550887083
-999.0	140.0	355.4165518647051	0.008859728333643721	0.6271145012642985	0.8049295602572883
-999.0	115.0	367.1894982115662	0.005566571231207091	1.414424187607191	-0.039712313976587005
-999.0	90.0	394.1756612710444	0.004962745717623173	3.76742134926217	0.07840595332283584
-999.0	65.0	442.9460476272691	0.0031796769019112737	1.5063057018236734	0.03244002701508103
-999.0	40.0	532.4041032558513	0.013627033111535812	-8.663300878471828	0.017842007076582053
-999.0	15.0	721.0421691351528	0.0669333591229383	-17.320467637644906	-0.10104778506987254
244.43055555555554	40	1004.8677130805119	day	levels	pres0
-999.0	990.0	298.87544841518786	16.631598507916465	-1.9871500805020343	-0.5703469414470957
-999.0	965.0	300.5017500958829	15.659283134672373	-3.6520981656180433	-1.261406515362781
-999.0	940.0	301.78160710974953	15.036178818455452	-4.926050769510077	-1.9582633227109947
-999.0	915.0	302.7700667065628	14.3388109030547	-5.8974848709724395	-2.564440629824446
-999.0	890.0	303.6572817257645	13.511380177957045	-6.675126711527491	-3.001383181661368
-999.0	865.0	304.5551794399661	12.583233126887572	-7.324861338844995	-3.254008563580333
-999.0	840.0	305.44567817815727	11.637713926809806	-7.850594772232902	-3.3023737437195173
-999.0	815.0	306.3743945262822	10.65635430371319	-8.168057004610704	-3.1463962997551196
-999.0	790.0	307.43862797166264	9.577898599483335	-8.20870916048687	-2.810038768824313
-999.0	765.0	308.69127175471033	8.430671749291584	-7.97584520887447	-2.3526104793504294
-999.0	740.0	310.0616729830814	7.425874520231172	-7.435024221738196	-1.8832263268392293
-999.0	715.0	311.486743381688	6.6440301073922114	-6.6817546707612685	-1.449989121821187
-999.0	690.0	312.91034947418075	5.988462282551674	-5.928381451854021	-1.0510015251735867
-999.0	665.0	314.30190874324506	5.476945258952967	-5.2362993439590735	-0.6929937275126682
-999.0	640.0	315.73821820172594	4.963523758782295	-4.802033010456319	-0.34719568228833725
-999.0	615.0	317.2332707074371	4.449459077031538	-4.714009692823457	-0.01725800287118629
-999.0	590.0	318.8788163462415	3.98374257926589	-4.792304365723224	0.263280115883637
-999.0	565.0	320.6948846966526	3.5704786413245855	-5.028333726856438	0.4627054524952702
-999.0	540.0	322.61107862636	3.1416997363170105	-5.358859809460453	0.5283743968854222
-999.0	515.0	324.5972484520637	2.6814884140535744	-5.760703599977262	0.41891872082595066
-999.0	490.0	326.6574053191969	2.2334938187290216	-6.103136314286119	0.15933784483759847
-999.0	465.0	328.75781580660134	1.789366537222165	-6.313033861142616	-0.23086472959429297
-999.0	440.0	330.8374075814341	1.417887001677804	-6.310671150684359	-0.5800499253802736
-999.0	415.0	332.8368174183158	1.1231642216444098	-6.068378247596603	-0.7892119564391892
-999.0	390.0	334.76781897494124	0.9056438464257522	-5.716859724786548	-0.7471440186103196
-999.0	365.0	336.6074133206263	0.7577421719001456	-5.2881465797071066	-0.38698377046321225
-999.0	340.0	338.4028789253648	0.6112123417357643	-4.7644724961784055	0.257874176285588
-999.0	315.0	340.14382065820246	0.47206850998379757	-4.183422661075975	1.1123852398573915
-999.0	290.0	341.82114774559983	0.34351745792837163	-3.6993530663075065	1.9325144699325945
-999.0	265.0	343.4553957033946	0.23219437076261834	-3.4272651473680824	2.654531879453997
-999.0	240.0	345.07202108627087	0.14357645036997668	-3.4052075315956296	3.437874801732859
-999.0	215.0	346.66454228554954	0.07930281910079515	-3.3085661453228883	4.15751314163207
-999.0	190.0	348.47574731739434	0.03951758365319294	-2.4259496005596386	4.0678378299430555
-999.0	165.0	350.9338031503098	0.018253322233687457	-0.6917309634110971	2.633216761328565
-999.0	140.0	355.42043253683744	0.008860488262682884	0.5649079934315006	0.7516646561799446
-999.0	115.0	367.20995596591973	0.005570010092385389	1.367408353973358	-0.08817622286299351
-999.0	90.0	394.20952327107176	0.00495054902448493	3.7391058305899527	0.04756438814933159
-999.0	65.0	442.94732083244406	0.0031701323179597154	1.4886293855530413	0.02334248205578278
-999.0	40.0	532.362086715151	0.013596051674405214	-8.680831827775174	0.023490423923010192
-999.0	15.0	720.9434340769279	0.06670157842476078	-17.336008024436435	-0.09295100456155483
244.44444444444446	40	1005.1013726128474	day	levels	pres0
-999.0	990.0	298.8435330007374	16.655677919034623	-1.987230057517686	-0.5654354479112111
-999.0	965.0	300.4402480526736	15.665021525488962	-3.6534477008713675	-1.2500447123828808
-999.0	940.0	301.72983960066716	15.029449630666658	-4.942043793974115	-1.9528596724073048
-999.0	915.0	302.7233585595363	14.32947319525259	-5.918245253739553	-2.5670655300771723
-999.0	890.0	303.61483716619665	13.50358464099742	-6.692445685466145	-3.0087009270985923
-999.0	865.0	304.51455859473316	12.578990768503255	-7.334641882666846	-3.262720537958325
-999.0	840.0	305.40569890472324	11.639969172301116	-7.852463669247099	-3.311140093538503
-999.0	815.0	306.33170197168215	10.667796814883204	-8.161857922871901	-3.1556324506247604
-999.0	790.0	307.38944327557164	9.596208395781353	-8.195424159367866	-2.8193390666058913
-999.0	765.0	308.6378736879937	8.447770736835633	-7.959872175146016	-2.358927934809981
-999.0	740.0	310.01106595706653	7.4330616703739905	-7.41829005877175	-1.8840465987860149
-999.0	715.0	311.4451851439513	6.637058284547586	-6.663712082085768	-1.4437092675103125
-999.0	690.0	312.878498259654	5.97301700380112	-5.90773183217753	-1.0366435001293797
-999.0	665.0	314.27951933968114	5.460366728129197	-5.212262798790554	-0.6696558349455292
-999.0	640.0	315.7247965983251	4.946509208944095	-4.780904997554069	-0.31628672916578393
-999.0	615.0	317.2276635849592	4.432488529770448	-4.704071416898998	0.018623368331701237
-999.0	590.0	318.879301281231	3.966861293271723	-4.793728797248113	0.2997971215734
-999.0	565.0	320.6991357882624	3.5538670188850703	-5.0390527761644845	0.49418896557420167
-999.0	540.0	322.6176817992136	3.1248352974653133	-5.374902266043213	0.5506344363093502
-999.0	515.0	324.60463537182295	2.663976461247151	-5.776861116014155	0.4283065230206247
-999.0	490.0	326.6641146876569	2.216558492294054	-6.115362064705962	0.15729667853425694
-999.0	465.0	328.76252893601884	1.7745579069963113	-6.318053759910444	-0.24041309842357764
-999.0	440.0	330.84008853812804	1.4047646403864493	-6.310296426216759	-0.5910253243313988
-999.0	415.0	332.837935630037	1.1111763988931893	-6.066508444371043	-0.7947667138996002
-999.0	390.0	334.76800091573955	0.8954388962851559	-5.717296951346926	-0.7440017318973928
-999.0	365.0	336.60682051241076	0.749768115166155	-5.294452364797949	-0.37301317022905356
-999.0	340.0	338.3993124998972	0.6054483590026656	-4.777924699915789	0.2844002686993049
-999.0	315.0	340.13467635662647	0.4684341547113858	-4.205603289107495	1.1510262572965715
-999.0	290.0	341.80546735138796	0.34105228025604073	-3.7352724798299852	1.976695273209533
-999.0	265.0	343.4340282769511	0.230277246002245	-3.4836306969325044	2.695995881739615
-999.0	240.0	345.0487042086557	0.14242035053946306	-3.4844298467592383	3.471507680636882
-999.0	215.0	346.6467869335727	0.0788052290402075	-3.398526855089099	4.174503505229959
-999.0	190.0	348.46854431459514	0.039306267923502905	-2.505710666654342	4.053805420244183
-999.0	165.0	350.9323782859575	0.01819325419987925	-0.7592072216449534	2.5901232675683623
-999.0	140.0	355.42431320896964	0.008861248191722007	0.5027014855984728	0.6983997521024944
-999.0	115.0	367.23041372027325	0.005573448953563692	1.320392520339361	-0.1366401317495158
-999.0	90.0	394.24338527109927	0.004938352331346644	3.7107903119176395	0.01672282297576405
-999.0	65.0	442.9485940376191	0.0031605877340081336	1.4709530692823334	0.014244937096477062
-999.0	40.0	532.3200701744504	0.013565070237274492	-8.698362777078614	0.029138840769455263
-999.0	15.0	720.8446990187026	0.0664697977265824	-17.35154841122806	-0.08485422405323678
244.45833333333334	40	1005.3350321451819	day	levels	pres0
-999.0	990.0	298.811617586287	16.679757330152704	-1.9873100345333334	-0.5605239543753453
-999.0	965.0	300.37874600946446	15.670759916305531	-3.6547972361246623	-1.2386829094030163
-999.0	940.0	301.678072091585	15.02272044287787	-4.958036818438089	-1.947456022103654
-999.0	915.0	302.6766504125099	14.320135487450491	-5.939005636506594	-2.569690430329934
-999.0	890.0	303.5723926066289	13.495789104037812	-6.7097646594047475	-3.016018672535844
-999.0	865.0	304.4739377495004	12.57474841011894	-7.344422426488672	-3.271432512336326
-999.0	840.0	305.3657196312893	11.642224417792411	-7.854332566261315	-3.3199064433574765
-999.0	815.0	306.2890094170823	10.67923932605317	-8.155658841133155	-3.1648686014943626
-999.0	790.0	307.34025857948086	9.614518192079299	-8.182139158248946	-2.8286393643874166
-999.0	765.0	308.58447562127714	8.464869724379612	-7.943899141417652	-2.3652453902694823
-999.0	740.0	309.96045893105185	7.440248820516779	-7.401555895805394	-1.8848668707327674
-999.0	715.0	311.4036269062147	6.630086461702982	-6.6456694934103515	-1.4374294131994296
-999.0	690.0	312.8466470451274	5.957571725050619	-5.8870822125011255	-1.022285475085192
-999.0	665.0	314.25712993611734	5.443788197305482	-5.188226253622126	-0.6463179423784413
-999.0	640.0	315.71137499492426	4.929494659105952	-4.759776984651893	-0.28537777604330594
-999.0	615.0	317.2220564624813	4.4155179825094155	-4.694133140974571	0.054504739534501356
-999.0	590.0	318.8797862162204	3.949980007277608	-4.795153228772996	0.3363141272630767
-999.0	565.0	320.70338687987237	3.5372553964456035	-5.04977182547249	0.5256724786530638
-999.0	540.0	322.62428497206713	3.10797085861366	-5.390944722625916	0.5728944757332353
-999.0	515.0	324.61202229158204	2.6464645084407676	-5.793018632050988	0.43769432521529017
-999.0	490.0	326.6708240561167	2.1996231658591237	-6.127587815125759	0.15525551223093687
-999.0	465.0	328.7672420654363	1.7597492767704934	-6.323073658678246	-0.24996146725282203
-999.0	440.0	330.842769494822	1.391642279095128	-6.309921701749149	-0.602000723282479
-999.0	415.0	332.83905384175824	1.0991885761420008	-6.064638641145476	-0.8003214713599773
-999.0	390.0	334.76818285653786	0.8852339461445872	-5.717734177907285	-0.7408594451844499
-999.0	365.0	336.60622770419513	0.7417940584321858	-5.300758149888755	-0.359042569994904
-999.0	340.0	338.39574607442967	0.5996843762695812	-4.791376903653115	0.3109263611129783
-999.0	315.0	340.1255320550506	0.4647997994389807	-4.227783917138936	1.1896672747356702
-999.0	290.0	341.7897869571762	0.3385871025837135	-3.7711918933523547	2.0208760764863745
-999.0	265.0	343.4126608505077	0.22836012124187505	-3.539996246496771	2.737459884025149
-999.0	240.0	345.0253873310407	0.14126425070895152	-3.5636521619226356	3.5051405595408456
-999.0	215.0	346.629031581596	0.07830763897962066	-3.4884875648550553	4.191493868827817
-999.0	190.0	348.46134131179593	0.03909495219381336	-2.58547173274879	4.039773010545327
-999.0	165.0	350.9309534216051	0.018133186166071343	-0.8266834798785605	2.547029773808233
-999.0	140.0	355.428193881102	0.00886200812076117	0.4404949777656775	0.6451348480251636
-999.0	115.0	367.2508714746268	0.005576887814741988	1.2733766867055194	-0.1851040406359139
-999.0	90.0	394.2772472711266	0.004926155638208402	3.6824747932454094	-0.014118742197734374
-999.0	65.0	442.949867242794	0.0031510431500565775	1.4532767530116935	0.005147392137183376
-999.0	40.0	532.27805363375	0.013534088800143892	-8.715893726381962	0.034787257615888564
-999.0	15.0	720.7459639604778	0.06623801702840491	-17.36708879801959	-0.07675744354491498
244.47222222222223	40	1005.5686916775176	day	levels	pres0
-999.0	990.0	298.7797021718365	16.703836741270855	-1.9873900115489929	-0.5556124608394565
-999.0	965.0	300.31724396625503	15.67649830712213	-3.6561467713779883	-1.2273211064231038
-999.0	940.0	301.62630458250266	15.015991255089085	-4.9740298429021195	-1.9420523717999452
-999.0	915.0	302.6299422654833	14.310797779648388	-5.9597660192736965	-2.5723153305826383
-999.0	890.0	303.52994804706105	13.487993567078199	-6.727083633343387	-3.0233364179730446
-999.0	865.0	304.43331690426754	12.570506051734641	-7.3542029703104985	-3.2801444867142964
-999.0	840.0	305.3257403578552	11.644479663283736	-7.856201463275488	-3.3286727931764437
-999.0	815.0	306.2463168624823	10.690681837223199	-8.149459759394327	-3.174104752363988
-999.0	790.0	307.2910738833898	9.632827988377333	-8.16885415712992	-2.8379396621689823
-999.0	765.0	308.53107755456045	8.481968711923678	-7.92792610768918	-2.371562845729022
-999.0	740.0	309.90985190503693	7.447435970659612	-7.384821732838942	-1.88568714267954
-999.0	715.0	311.3620686684781	6.623114638858367	-6.62762690473485	-1.4311495588885408
-999.0	690.0	312.8147958306006	5.942126446300076	-5.866432592824643	-1.0079274500409714
-999.0	665.0	314.2347405325536	5.427209666481716	-5.164189708453625	-0.6229800498112937
-999.0	640.0	315.6979533915233	4.912480109267757	-4.738648971749667	-0.2544688229207499
-999.0	615.0	317.2164493400034	4.398547435248331	-4.684194865050135	0.0903861107373845
-999.0	590.0	318.8802711512099	3.9330987212834456	-4.796577660297906	0.37283113295283077
-999.0	565.0	320.70763797148226	3.5206437740060954	-5.060490874780554	0.557155991731985
-999.0	540.0	322.63088814492073	3.0911064197619686	-5.406987179208692	0.5951545151571537
-999.0	515.0	324.6194092113413	2.6289525556343505	-5.809176148087897	0.4470821274099578
-999.0	490.0	326.6775334245766	2.1826878394241622	-6.139813565545618	0.15321434592759212
-999.0	465.0	328.7719551948538	1.7449406465446453	-6.328093557446095	-0.2595098360821081
-999.0	440.0	330.8454504515159	1.3785199178037773	-6.30954697728157	-0.612976122233606
-999.0	415.0	332.8401720534795	1.0872007533907844	-6.062768837919941	-0.8058762288203953
-999.0	390.0	334.76836479733623	0.8750289960039949	-5.718171404467688	-0.7377171584715411
-999.0	365.0	336.6056348959796	0.7338200016981997	-5.307063934979618	-0.34507196976077936
-999.0	340.0	338.39217964896204	0.5939203935364863	-4.804829107390515	0.3374524535266489
-999.0	315.0	340.11638775347467	0.46116544416657096	-4.2499645451704735	1.2283082921748
-999.0	290.0	341.77410656296433	0.3361219249113836	-3.807111306874851	2.065056879763269
-999.0	265.0	343.3912934240642	0.226442996481502	-3.5963617960612155	2.778923886310738
-999.0	240.0	345.0020704534255	0.140108150878438	-3.642874477086268	3.5387734384448533
-999.0	215.0	346.6112762296192	0.07781004891903306	-3.578448274621286	4.208484232425694
-999.0	190.0	348.45413830899673	0.03888363646412332	-2.6652327988434994	4.025740600846432
-999.0	165.0	350.9295285572528	0.01807311813226312	-0.8941597381124056	2.503936280047999
-999.0	140.0	355.4320745532342	0.008862768049800282	0.3782884699326702	0.5918699439476928
-999.0	115.0	367.2713292289804	0.0055803266759203	1.2263608530715429	-0.23356794952243823
-999.0	90.0	394.3111092711541	0.004913958945070145	3.654159274573111	-0.04496030737129364
-999.0	65.0	442.951140447969	0.0031414985661049936	1.4356004367409922	-0.0039501528221159155
-999.0	40.0	532.2360370930496	0.01350310736301319	-8.733424675685399	0.04043567446233312
-999.0	15.0	720.6472289022524	0.06600623633022651	-17.382629184811215	-0.0686606630366009
244.48611111111111	40	1005.802351209852	day	levels	pres0
-999.0	990.0	298.74778675738617	16.72791615238893	-1.9874699885646476	-0.5507009673035917
-999.0	965.0	300.2557419230459	15.682236697938691	-3.657496306631288	-1.2159593034432363
-999.0	940.0	301.57453707342046	15.0092620673003	-4.990022867366095	-1.9366487214962886
-999.0	915.0	302.5832341184569	14.30146007184629	-5.980526402040738	-2.574940230835393
-999.0	890.0	303.48750348749326	13.480198030118588	-6.7444026072819865	-3.0306541634102895
-999.0	865.0	304.39269605903473	12.566263693350328	-7.363983514132322	-3.288856461092292
-999.0	840.0	305.28576108442127	11.64673490877503	-7.858070360289698	-3.337439142995412
-999.0	815.0	306.2036243078824	10.702124348393165	-8.143260677655572	-3.1833409032335873
-999.0	790.0	307.24188918729897	9.651137784675273	-8.155569156010992	-2.847239959950505
-999.0	765.0	308.47767948784394	8.499067699467656	-7.91195307396081	-2.3778803011885215
-999.0	740.0	309.8592448790221	7.454623120802398	-7.36808756987258	-1.8865074146262928
-999.0	715.0	311.32051043074154	6.616142816013764	-6.609584316059431	-1.4248697045776606
-999.0	690.0	312.7829446160739	5.926681167549575	-5.8457829731482365	-0.9935694249967892
-999.0	665.0	314.2123511289896	5.410631135658003	-5.140153163285197	-0.5996421572442145
-999.0	640.0	315.68453178812246	4.895465559429614	-4.717520958847489	-0.22355986979828255
-999.0	615.0	317.2108422175255	4.3815768879873	-4.674256589125704	0.12626748194017273
-999.0	590.0	318.8807560861993	3.9162174352893313	-4.798002091822784	0.40934813864249553
-999.0	565.0	320.71188906309214	3.504032151566628	-5.071209924088554	0.5886395048108362
-999.0	540.0	322.6374913177743	3.0742419809103163	-5.42302963579139	0.6174145545810301
-999.0	515.0	324.6267961311005	2.6114406028279684	-5.825333664124726	0.45646992960461613
-999.0	490.0	326.6842427930364	2.165752512989233	-6.1520393159654105	0.15117317962426643
-999.0	465.0	328.7766683242712	1.7301320163188272	-6.333113456213893	-0.2690582049113569
-999.0	440.0	330.8481314082098	1.3653975565124554	-6.3091722528139575	-0.6239515211846904
-999.0	415.0	332.8412902652007	1.0752129306395959	-6.060899034694373	-0.8114309862807781
-999.0	390.0	334.76854673813455	0.8648240458634257	-5.718608631028049	-0.7345748717586065
-999.0	365.0	336.6050420877641	0.7258459449642296	-5.313369720070423	-0.331101369526641
-999.0	340.0	338.3886132234944	0.5881564108034011	-4.818281311127841	0.3639785459403101
-999.0	315.0	340.1072434518987	0.4575310888941653	-4.272145173201917	1.2669493096138884
-999.0	290.0	341.7584261687526	0.3336567472390561	-3.8430307203972234	2.1092376830401047
-999.0	265.0	343.36992599762084	0.2245258717211317	-3.6527273456254856	2.8203878885962723
-999.0	240.0	344.9787535758105	0.13895205104792613	-3.722096792249671	3.572406317348821
-999.0	215.0	346.5935208776424	0.07731245885844598	-3.6684089843872476	4.225474596023554
-999.0	190.0	348.4469353061975	0.03867232073443373	-2.744993864937956	4.011708191147569
-999.0	165.0	350.9281036929004	0.018013050098455205	-0.9616359963460208	2.4608427862878552
-999.0	140.0	355.43595522536646	0.008863527978839447	0.3160819620998723	0.5386050398703486
-999.0	115.0	367.2917869833339	0.005583765537098597	1.1793450194377093	-0.2820318584088446
-999.0	90.0	394.3449712711816	0.004901762251931903	3.625843755900894	-0.07580187254479798
-999.0	65.0	442.95241365314394	0.003131953982153435	1.4179241204703594	-0.013047697781414208
-999.0	40.0	532.1940205523491	0.01347212592588259	-8.750955624988741	0.046084091308761274
-999.0	15.0	720.5484938440273	0.06577445563204903	-17.39816957160274	-0.060563882528283236
244.5	40	1006.0360107421874	day	levels	pres0
-999.0	990.0	298.71587134293566	16.75199556350708	-1.9875499655803044	-0.5457894737677027
-999.0	965.0	300.1942398798365	15.687975088755287	-3.6588458418846126	-1.2045975004633271
-999.0	940.0	301.5227695643381	15.002532879511518	-5.006015891830126	-1.9312450711925822
-999.0	915.0	302.5365259714305	14.292122364044188	-6.00128678480784	-2.5775651310880976
-999.0	890.0	303.44505892792534	13.472402493158976	-6.761721581220626	-3.0379719088474904
-999.0	865.0	304.3520752138019	12.56202133496602	-7.373764057954152	-3.2975684354702626
-999.0	840.0	305.24578181098724	11.648990154266356	-7.859939257303874	-3.346205492814381
-999.0	815.0	306.1609317532824	10.71356685956319	-8.137061595916748	-3.1925770541032157
-999.0	790.0	307.19270449120796	9.669447580973308	-8.142284154891968	-2.8565402577320733
-999.0	765.0	308.42428142112726	8.516166687011719	-7.89598004023234	-2.3841977566480637
-999.0	740.0	309.80863785300727	7.4618102709452305	-7.351353406906127	-1.8873276865730686
-999.0	715.0	311.27895219300495	6.6091709931691485	-6.59154172738393	-1.4185898502667744
-999.0	690.0	312.75109340154717	5.911235888799031	-5.825133353471755	-0.9792113999525707
-999.0	665.0	314.1899617254258	5.394052604834238	-5.1161166181166955	-0.5763042646770676
-999.0	640.0	315.6711101847216	4.87845100959142	-4.696392945945263	-0.19265091667572662
-999.0	615.0	317.2052350950476	4.3646063407262154	-4.664318313201268	0.16214885314305624
-999.0	590.0	318.88124102118877	3.8993361492951717	-4.799426523347695	0.44586514433224994
-999.0	565.0	320.71614015470203	3.4874205291271214	-5.081928973396619	0.620123017889758
-999.0	540.0	322.64409449062794	3.057377542058626	-5.439072092374166	0.6396745940049487
-999.0	515.0	324.6341830508597	2.5939286500215526	-5.841491180161634	0.46585773179928464
-999.0	490.0	326.6909521614962	2.148817186554273	-6.164265066385269	0.14913201332092285
-999.0	465.0	328.7813814536888	1.7153233860929804	-6.338133354981741	-0.27860657374064124
-999.0	440.0	330.85081236490373	1.3522751952211063	-6.30879752834638	-0.6349269201358159
-999.0	415.0	332.84240847692195	1.0632251078883805	-6.059029231468837	-0.8169857437411945
-999.0	390.0	334.7687286789329	0.8546190957228343	-5.71904585758845	-0.7314325850456953
-999.0	365.0	336.6044492795486	0.7178718882302443	-5.319675505161285	-0.31713076929251344
-999.0	340.0	338.3850467980268	0.5823924280703068	-4.831733514865239	0.3905046383539834
-999.0	315.0	340.0980991503228	0.45389673362175625	-4.29432580123345	1.3055903270530202
-999.0	290.0	341.74274577454077	0.33119156956672663	-3.8789501339197154	2.1534184863169985
-999.0	265.0	343.34855857117736	0.22260874696075916	-3.7090928951899214	2.8618518908818564
-999.0	240.0	344.9554366981954	0.13779595121741295	-3.8013191074132915	3.6060391962528224
-999.0	215.0	346.5757655256656	0.07681486879785854	-3.7583696941534677	4.242464959621429
-999.0	190.0	348.4397323033984	0.038461005004743726	-2.8247549310326576	3.9976757814486823
-999.0	165.0	350.92667882854823	0.017952982064646978	-1.029112254579862	2.417749292527636
-999.0	140.0	355.4398358974988	0.008864287907878557	0.253875454266866	0.485340135792891
-999.0	115.0	367.3122447376875	0.005587204398276905	1.1323291858037312	-0.33049576729536045
-999.0	90.0	394.37883327120903	0.004889565558793644	3.5975282372285915	-0.10664343771835172
-999.0	65.0	442.95368685831903	0.0031224093982018535	1.4002478041996558	-0.02214524274071053
-999.0	40.0	532.1520040116487	0.01344114448875189	-8.768486574292181	0.05173250815520684
-999.0	15.0	720.449758785802	0.06554267493387063	-17.413709958394364	-0.05246710201996999
244.51388888888889	40	1005.9852238407839	day	levels	pres0
-999.0	990.0	298.8402372594586	16.71031113907138	-1.999045451206231	-0.569125337112301
-999.0	965.0	300.26291641922114	15.69291001779062	-3.623338838418324	-1.2063200013125703
-999.0	940.0	301.56164495268945	15.043314439279094	-4.93127199234782	-1.9114546290150325
-999.0	915.0	302.57948164177566	14.355252804579605	-5.902683996491891	-2.54076839817893
-999.0	890.0	303.50096310751513	13.545121272405039	-6.646590019817606	-2.98909475599171
-999.0	865.0	304.4156848891813	12.632196770774037	-7.248862217973661	-3.2410396091225575
-999.0	840.0	305.31262203346165	11.708363003200981	-7.727729616341636	-3.2882880259442535
-999.0	815.0	306.2268116414967	10.761342357706154	-8.000479473007909	-3.139373945969042
-999.0	790.0	307.2557162151519	9.712852266099738	-8.007096838067934	-2.812154960853002
-999.0	765.0	308.4846659654702	8.560018133234133	-7.76962159739586	-2.351739635242565
-999.0	740.0	309.8688013697318	7.501473360591513	-7.2445683015716185	-1.865390475770341
-999.0	715.0	311.34137040826295	6.637378803005966	-6.5121049638146875	-1.4041881631645592
-999.0	690.0	312.81598120687835	5.928355152960208	-5.772527516991956	-0.9698500406962698
-999.0	665.0	314.2571708940858	5.399972935517646	-5.0873431602009855	-0.5695279753180496
-999.0	640.0	315.7397532181678	4.877894545042964	-4.681525980432827	-0.19163580611348183
-999.0	615.0	317.2747608163803	4.362899031904018	-4.650658899021362	0.15296021290122724
-999.0	590.0	318.9546965158644	3.8966338568263663	-4.784240448778412	0.42696717522898836
-999.0	565.0	320.7969730982738	3.483307080136413	-5.064319049870509	0.5939924043637483
-999.0	540.0	322.72822092109635	3.05264212246295	-5.41931371556386	0.6122179972352472
-999.0	515.0	324.71495756850385	2.589475845297182	-5.81983475552663	0.4448157744826715
-999.0	490.0	326.7642095543605	2.1445343207429985	-6.139110345531373	0.13978517772971505
-999.0	465.0	328.84376975477664	1.7115329630948903	-6.308293448554118	-0.27198442733951744
-999.0	440.0	330.902674443209	1.3492250414910165	-6.278451497907962	-0.6133275130004776
-999.0	415.0	332.88602672646647	1.0609317725455345	-6.033917083508408	-0.7831749921940355
-999.0	390.0	334.8079896172433	0.852619259445757	-5.701232918986539	-0.6872789473445005
-999.0	365.0	336.6433984375143	0.7156350489843766	-5.3108990617372145	-0.265492346965563
-999.0	340.0	338.42398731070244	0.580385039663975	-4.8363880448871095	0.4432456007710708
-999.0	315.0	340.13545069784504	0.45234456851526283	-4.317301487343191	1.35235671578326
-999.0	290.0	341.7772584586363	0.33005646078122775	-3.921972187029033	2.191253491022036
-999.0	265.0	343.3782210182765	0.22187977553241683	-3.7686423846969626	2.8877208682674667
-999.0	240.0	344.9771946849748	0.1373381753348636	-3.8642573439413623	3.6094772484568045
-999.0	215.0	346.5856053526546	0.07655488513410032	-3.8126042595617173	4.2115147820225864
-999.0	190.0	348.4334228353559	0.038416186640797705	-2.873868323862664	3.940983574975445
-999.0	165.0	350.90718771497154	0.01800070383965418	-1.0762394476269093	2.357877003925846
-999.0	140.0	355.4299954624501	0.00887732028409288	0.22376501546407507	0.436027098998996
-999.0	115.0	367.3223623530713	0.0055713631316191515	1.1285533579411449	-0.36151626209419374
-999.0	90.0	394.3647581194575	0.0048575548463742155	3.6149471115183447	-0.1218656727837556
-999.0	65.0	442.8905859213492	0.003133604322404937	1.442257150835255	-0.026625374470065938
-999.0	40.0	532.1180237505899	0.013418397219437652	-8.723957229405586	0.039079746102067714
-999.0	15.0	720.47305852033	0.06560101939572233	-17.36442782205557	-0.06862702313811898
244.52777777777777	40	1005.9344369393806	day	levels	pres0
-999.0	990.0	298.9646031759813	16.668626714635796	-2.01054093683207	-0.5924612004568518
-999.0	965.0	300.3315929586057	15.697844946825947	-3.587831834952051	-1.2080425021618069
-999.0	940.0	301.60052034104064	15.084095999046596	-4.856528092865622	-1.891664186837506
-999.0	915.0	302.622437312121	14.418383245114903	-5.8040812081761235	-2.5039716652698143
-999.0	890.0	303.5568672871046	13.617840051650973	-6.53145845841483	-2.9402176031360123
-999.0	865.0	304.47929456456046	12.702372206581938	-7.123960377993457	-3.1845107827749763
-999.0	840.0	305.3794622559359	11.767735852135532	-7.595519975379715	-3.2303705590742866
-999.0	815.0	306.29269152971074	10.809117855849072	-7.863897350099409	-3.0861708378350556
-999.0	790.0	307.3187279390958	9.756256951226113	-7.8719095212442465	-2.767769663974114
-999.0	765.0	308.54505050981305	8.603869579456454	-7.643263154559719	-2.3192815138372187
-999.0	740.0	309.92896488645613	7.5411364502376825	-7.137783196237395	-1.8434532649677227
-999.0	715.0	311.4037886235208	6.665586612842688	-6.43266820024564	-1.3897864760624112
-999.0	690.0	312.88086901220936	5.945474417121315	-5.719921680512269	-0.9604886814400039
-999.0	665.0	314.3243800627457	5.4058932662010175	-5.058569702285313	-0.5627516859590471
-999.0	640.0	315.8083962516139	4.877338080494492	-4.666659014920391	-0.19062069555123534
-999.0	615.0	317.3442865377129	4.3611917230818005	-4.636999484841467	0.1437715726594179
-999.0	590.0	319.02815201053966	3.893931564357546	-4.769054374209155	0.40806920612576636
-999.0	565.0	320.8778060418453	3.479193631145691	-5.046709126344432	0.567861790837799
-999.0	540.0	322.8123473515644	3.047906702867263	-5.399555338753594	0.5847614004656216
-999.0	515.0	324.7957320861479	2.5850230405728043	-5.7981783308916635	0.42377381716614015
-999.0	490.0	326.8374669472246	2.1402514549317204	-6.113955624677518	0.13043834213857342
-999.0	465.0	328.9061580558644	1.707742540096796	-6.278453542126553	-0.26536228093836745
-999.0	440.0	330.95453652151417	1.346174887760922	-6.248105467469609	-0.5917281058651567
-999.0	415.0	332.9296449760109	1.0586384372026834	-6.008804935548044	-0.7493642406469334
-999.0	390.0	334.84725055555367	0.8506194231686769	-5.683419980384688	-0.6431253096433933
-999.0	365.0	336.6823475954798	0.7133982097385109	-5.302122618313191	-0.21385392463872094
-999.0	340.0	338.462927823378	0.5783776512576476	-4.841042574908998	0.49598656318803314
-999.0	315.0	340.17280224536705	0.4507924034087749	-4.340277173452903	1.3991231045133592
-999.0	290.0	341.8117711427317	0.32892135199573336	-3.9649942401382545	2.229088495726918
-999.0	265.0	343.40788346537556	0.22115080410407675	-3.828191874203838	2.913589845652914
-999.0	240.0	344.9989526717542	0.13688039945231567	-3.927195580469211	3.612915300660647
-999.0	215.0	346.5954451796436	0.07629490147034347	-3.8668388249697254	4.180564604423659
-999.0	190.0	348.42711336731315	0.03837136827685222	-2.922981716692423	3.884291368502163
-999.0	165.0	350.88769660139474	0.01804842561466136	-1.1233666406737202	2.2980047153240095
-999.0	140.0	355.4201550274013	0.008890352660307174	0.19365457666142502	0.3867140622050788
-999.0	115.0	367.3324799684552	0.005555521864961425	1.1247775300785339	-0.3925367568929853
-999.0	90.0	394.3506829677062	0.004825544133954868	3.632365985807985	-0.13708790784907396
-999.0	65.0	442.8274849843793	0.0031447992466079617	1.4842664974706945	-0.031105506199373828
-999.0	40.0	532.0840434895315	0.013395649950123507	-8.679427884519118	0.02642698404897053
-999.0	15.0	720.496358254858	0.06565936385757389	-17.315145685716928	-0.08478694425623631
244.54166666666666	40	1005.8836500379774	day	levels	pres0
-999.0	990.0	299.08896909250427	16.626942290200084	-2.0220364224579868	-0.6157970638014573
-999.0	965.0	300.40026949799034	15.702779875861276	-3.552324831485743	-1.209765003011054
-999.0	940.0	301.639395729392	15.124877558814177	-4.781784193383292	-1.871873744659956
-999.0	915.0	302.6653929824664	14.48151368565033	-5.705478419860153	-2.4671749323606433
-999.0	890.0	303.61277146669437	13.69055883089705	-6.416326897011794	-2.891340450280225
-999.0	865.0	304.54290423993984	12.772547642389963	-6.999058538012951	-3.1279819564272637
-999.0	840.0	305.4463024784104	11.827108701070168	-7.463310334417463	-3.1724530922041536
-999.0	815.0	306.3585714179251	10.85689335399205	-7.727315227190557	-3.0329677297008804
-999.0	790.0	307.38173966303964	9.799661636352559	-7.736722204420201	-2.7233843670950444
-999.0	765.0	308.60543505415603	8.64772102567888	-7.516904711723227	-2.2868233924317236
-999.0	740.0	309.9891284031806	7.580799539883972	-7.03099809090288	-1.8215160541649993
-999.0	715.0	311.4662068387789	6.6937944226795105	-6.353231436676393	-1.3753847889601973
-999.0	690.0	312.9457568175406	5.962593681282494	-5.667315844032468	-0.9511273221837031
-999.0	665.0	314.39158923140576	5.411813596884421	-5.029796244369604	-0.5559753966000283
-999.0	640.0	315.87703928506005	4.876781615946035	-4.6517920494079625	-0.18960558498899072
-999.0	615.0	317.4138122590455	4.359484414259599	-4.623340070661572	0.13458293241758557
-999.0	590.0	319.1016075052151	3.8912292718887387	-4.753868299639887	0.3891712370224995
-999.0	565.0	320.95863898541705	3.4750801821549784	-5.02909920281834	0.5417311773117841
-999.0	540.0	322.89647378203284	3.043171283271581	-5.37979696194331	0.5573048036959175
-999.0	515.0	324.8765066037921	2.5805702358484295	-5.776521906256677	0.4027318598495304
-999.0	490.0	326.91072434008885	2.1359685891204436	-6.08880090382364	0.12109150654737413
-999.0	465.0	328.9685463569524	1.703952117098704	-6.248613635698945	-0.25874013453723177
-999.0	440.0	331.0063985998194	1.3431247340308317	-6.217759437031202	-0.5701286987298066
-999.0	415.0	332.9732632255554	1.0563451018598367	-5.983692787587627	-0.7155534890997653
-999.0	390.0	334.8865114938641	0.8486195868915997	-5.665607041782787	-0.5989716719421903
-999.0	365.0	336.7212967534456	0.7111613704926435	-5.293346174889127	-0.16221550231176018
-999.0	340.0	338.50186833605363	0.5763702628513162	-4.845697104930873	0.5487275256051305
-999.0	315.0	340.2101537928892	0.4492402383022818	-4.363252859562648	1.445889493243605
-999.0	290.0	341.8462838268272	0.3277862432102345	-4.008016293247579	2.2669235004319606
-999.0	265.0	343.4375459124747	0.22042183267573418	-3.887741363710891	2.9394588230385303
-999.0	240.0	345.0207106585335	0.13642262356976606	-3.9901338169972913	3.616353352864638
-999.0	215.0	346.6052850066326	0.07603491780658513	-3.9210733903779755	4.14961442682482
-999.0	190.0	348.4208038992706	0.038326549912906176	-2.9720951095224195	3.827599162028925
-999.0	165.0	350.868205487818	0.018096147389668575	-1.170493833720754	2.238132426722219
-999.0	140.0	355.41031459235256	0.008903385036521503	0.16354413785863833	0.33740102541118927
-999.0	115.0	367.34259758383905	0.0055396805983036704	1.1210017022159398	-0.4235572516918098
-999.0	90.0	394.33660781595455	0.004793533421535438	3.64978486009773	-0.15231014291447234
-999.0	65.0	442.7643840474095	0.0031559941708110455	1.5262758441062914	-0.03558563792872588
-999.0	40.0	532.0500632284729	0.013372902680809273	-8.634898539632516	0.01377422199583013
-999.0	15.0	720.519657989386	0.06571770831942562	-17.265863549378132	-0.10094686537438774
244.55555555555554	40	1005.832863136574	day	levels	pres0
-999.0	990.0	299.213335009027	16.585257865764508	-2.0335319080838254	-0.6391329271460076
-999.0	965.0	300.4689460373748	15.707714804896602	-3.5168178280194704	-1.211487503860291
-999.0	940.0	301.6782711177433	15.165659118581678	-4.707040293901095	-1.8520833024824297
-999.0	915.0	302.70834865281165	14.544644126185629	-5.606875631544384	-2.430378199451528
-999.0	890.0	303.6686756462839	13.763277610142987	-6.301195335609019	-2.8424632974245276
-999.0	865.0	304.60651391531906	12.842723078197869	-6.874156698032751	-3.0714531300796826
-999.0	840.0	305.5131427008846	11.886481550004723	-7.331100693455544	-3.114535625334187
-999.0	815.0	306.4244513061392	10.904668852134972	-7.590733104282056	-2.9797646215668943
-999.0	790.0	307.44475138698357	9.843066321478934	-7.6015348875965145	-2.6789990702161566
-999.0	765.0	308.665819598499	8.6915724719012	-7.390546268887086	-2.254365271026377
-999.0	740.0	310.0492919199049	7.62046262953014	-6.924212985568658	-1.7995788433623812
-999.0	715.0	311.5286250540368	6.722002232516235	-6.2737946731073455	-1.360983101858049
-999.0	690.0	313.0106446228716	5.979712945443601	-5.614710007552781	-0.9417659629274371
-999.0	665.0	314.4587984000657	5.417733927567794	-5.00102278645393	-0.5491991072410258
-999.0	640.0	315.9456823185061	4.876225151397562	-4.636925083895527	-0.1885904744267443
-999.0	615.0	317.48333798037817	4.357777105437383	-4.609680656481678	0.12539429217577625
-999.0	590.0	319.1750629998904	3.888526979419918	-4.738682225070629	0.3702732679192775
-999.0	565.0	321.03947192898863	3.4709667331642557	-5.011489279292265	0.515600563785835
-999.0	540.0	322.98060021250103	3.038435863675894	-5.360038585133042	0.5298482069262919
-999.0	515.0	324.95728112143604	2.5761174311240524	-5.75486548162171	0.38168990253299917
-999.0	490.0	326.98398173295294	2.131685723309164	-6.063646182969785	0.11174467095623256
-999.0	465.0	329.03093465804017	1.7001616941006104	-6.218773729271379	-0.2521179881360816
-999.0	440.0	331.0582606781246	1.3400745803007372	-6.187413406592848	-0.5485292915944857
-999.0	415.0	333.01688147509975	1.0540517665169853	-5.958580639627262	-0.6817427375526631
-999.0	390.0	334.92577243217437	0.8466197506145194	-5.647794103180933	-0.5548180342410833
-999.0	365.0	336.7602459114112	0.7089245312467776	-5.284569731465103	-0.11057707998491806
-999.0	340.0	338.5408088487291	0.5743628744449889	-4.850351634952762	0.6014684880220926
-999.0	315.0	340.2475053404113	0.44768807319579396	-4.38622854567236	1.4926558819737037
-999.0	290.0	341.88079651092255	0.3266511344247401	-4.051038346356799	2.304758505136842
-999.0	265.0	343.4672083595737	0.2196928612473941	-3.947290853217766	2.9653278004239794
-999.0	240.0	345.04246864531285	0.13596484768721817	-4.053072053525141	3.619791405068481
-999.0	215.0	346.61512483362156	0.07577493414282825	-3.975307955785983	4.118664249225893
-999.0	190.0	348.414494431228	0.038281731548960675	-3.0212085023521786	3.7709069555556427
-999.0	165.0	350.8487143742413	0.018143869164675752	-1.2176210267675651	2.178260138120383
-999.0	140.0	355.40047415730385	0.008916417412735796	0.1334336990559886	0.28808798861727214
-999.0	115.0	367.35271519922287	0.005523839331645943	1.1172258743533292	-0.45457774649060106
-999.0	90.0	394.32253266420327	0.004761522709116091	3.667203734387371	-0.16753237797979054
-999.0	65.0	442.7012831104399	0.003167189095014072	1.56828519074173	-0.040065769658033795
-999.0	40.0	532.0160829674145	0.013350155411495122	-8.59036919474605	0.0011214599427329663
-999.0	15.0	720.5429577239139	0.06577605278127716	-17.216581413039492	-0.11710678649250504
244.56944444444446	40	1005.7820762351707	day	levels	pres0
-999.0	990.0	299.33770092555005	16.543573441328792	-2.04502739370975	-0.6624687904906021
-999.0	965.0	300.53762257675953	15.712649733931928	-3.481310824553161	-1.2132100047095158
-999.0	940.0	301.71714650609454	15.206440678349269	-4.632296394418748	-1.8322928603048487
-999.0	915.0	302.751304323157	14.607774566721067	-5.5082728432283865	-2.393581466542322
-999.0	890.0	303.72457982587355	13.835996389389077	-6.186063774205942	-2.793586144568708
-999.0	865.0	304.67012359069844	12.912898514005908	-6.7492548580522005	-3.0149243037319424
-999.0	840.0	305.579982923359	11.94585439893937	-7.198891052493248	-3.056618158464031
-999.0	815.0	306.49033119435353	10.95244435027795	-7.4541509813731555	-2.926561513432699
-999.0	790.0	307.50776311092756	9.886471006605374	-7.466347570772421	-2.6346137733370685
-999.0	765.0	308.72620414284194	8.73542391812362	-7.264187826050556	-2.221907149620866
-999.0	740.0	310.10945543662945	7.660125719176423	-6.8174278802341055	-1.7776416325596474
-999.0	715.0	311.5910432692948	6.750210042353048	-6.194357909538071	-1.3465814147558317
-999.0	690.0	313.0755324282029	5.996832209604769	-5.562104171072962	-0.9324046036711372
-999.0	665.0	314.52600756872573	5.4236542582511955	-4.972249328538211	-0.5424228178820101
-999.0	640.0	316.0143253519523	4.8756686868491	-4.622058118383088	-0.1875753638645033
-999.0	615.0	317.5528637017109	4.356069796615179	-4.5960212423017675	0.11620565193394175
-999.0	590.0	319.248518494566	3.8858246869511093	-4.723496150501336	0.35137529881601
-999.0	565.0	321.1203048725604	3.466853284173543	-4.993879355766138	0.4894699502598209
-999.0	540.0	323.0647266429694	3.0337004440802118	-5.340280208322717	0.5023916101565902
-999.0	515.0	325.0380556390803	2.571664626399675	-5.733209056986682	0.360647945216393
-999.0	490.0	327.0572391258172	2.127402857497885	-6.038491462115867	0.10239783536503877
-999.0	465.0	329.0933229591282	1.6963712711025163	-6.188933822843742	-0.24549584173493708
-999.0	440.0	331.1101227564299	1.3370244265706452	-6.15706737615442	-0.5269298844591178
-999.0	415.0	333.0604997246443	1.0517584311741375	-5.9334684916668285	-0.6479319860054646
-999.0	390.0	334.96503337048466	0.8446199143374409	-5.629981164579024	-0.5106643965398441
-999.0	365.0	336.79919506937694	0.7066876920009094	-5.275793288041034	-0.05893865765792636
-999.0	340.0	338.5797493614048	0.5723554860386574	-4.855006164974632	0.6542094504392113
-999.0	315.0	340.2848568879335	0.4461359080893013	-4.409204231782096	1.539422270703961
-999.0	290.0	341.9153091950181	0.32551602563924203	-4.094060399466106	2.342593509841884
-999.0	265.0	343.496870806673	0.2189638898190522	-4.006840342724794	2.991196777809581
-999.0	240.0	345.0642266320923	0.13550707180466895	-4.1160102900531985	3.623229457272446
-999.0	215.0	346.62496466061066	0.07551495047907006	-4.029542521194226	4.087714071627021
-999.0	190.0	348.4081849631855	0.038236913185014654	-3.0703218951821913	3.7142147490823616
-999.0	165.0	350.8292232606646	0.018191590939682943	-1.2647482198146252	2.1183878495185273
-999.0	140.0	355.390633722255	0.008929449788950109	0.1033232602531923	0.23877495182330308
-999.0	115.0	367.3628328146067	0.005507998064988177	1.1134500464907486	-0.485598241289493
-999.0	90.0	394.3084575124517	0.0047295119966966415	3.6846226086771354	-0.18275461304522017
-999.0	65.0	442.6381821734699	0.003178384019217157	1.610294537377345	-0.04454590138738873
-999.0	40.0	531.9821027063557	0.013327408142180886	-8.545839849859444	-0.011531302110403527
-999.0	15.0	720.5662574584418	0.06583439724312895	-17.16729927670069	-0.13326670761065781
244.58333333333334	40	1005.7312893337673	day	levels	pres0
-999.0	990.0	299.4620668420728	16.50188901689321	-2.0565228793355774	-0.685804653835157
-999.0	965.0	300.60629911614404	15.71758466296725	-3.4458038210868693	-1.2149325055587543
-999.0	940.0	301.7560218944457	15.247222238116768	-4.55755249493653	-1.8125024181273213
-999.0	915.0	302.79425999350224	14.67090500725637	-5.409670054912602	-2.3567847336332037
-999.0	890.0	303.78048400546305	13.908715168635014	-6.0709322128031555	-2.744708991713006
-999.0	865.0	304.7337332660777	12.983073949813818	-6.624353018071989	-2.9583954773843546
-999.0	840.0	305.6468231458333	12.00522724787393	-7.066681411531317	-2.998700691594059
-999.0	815.0	306.55621108256764	11.000219848420882	-7.317568858464646	-2.8733584052987093
-999.0	790.0	307.5707748348714	9.92987569173176	-7.3311602539487275	-2.59022847645818
-999.0	765.0	308.7865886871848	8.77927536434595	-7.137829383214408	-2.1894490282155212
-999.0	740.0	310.16961895335385	7.699788808822598	-6.710642774899881	-1.7557044217570308
-999.0	715.0	311.65346148455285	6.778417852189776	-6.114921145969025	-1.3321797276536844
-999.0	690.0	313.14042023353386	6.013951473765881	-5.50949833459328	-0.9230432444148716
-999.0	665.0	314.5932167373858	5.429574588934568	-4.9434758706225495	-0.5356465285230081
-999.0	640.0	316.0829683853984	4.875112222300627	-4.6071911528706675	-0.1865602533022584
-999.0	615.0	317.62238942304344	4.35436248779296	-4.582361828121893	0.10701701169212874
-999.0	590.0	319.3219739892413	3.8831223944822857	-4.708310075932104	0.33247732971278326
-999.0	565.0	321.20113781613196	3.4627398351828163	-4.976269432240089	0.4633393367338682
-999.0	540.0	323.1488530734376	3.02896502448452	-5.320521831512479	0.47493501338696453
-999.0	515.0	325.1188301567243	2.567211821675295	-5.711552632351743	0.3396059878998684
-999.0	490.0	327.13049651868135	2.1231199916866044	-6.013336741262039	0.09305099977390932
-999.0	465.0	329.155711260216	1.6925808481044207	-6.159093916416198	-0.2388736953337713
-999.0	440.0	331.16198483473516	1.3339742728405506	-6.126721345716086	-0.5053304773237811
-999.0	415.0	333.1041179741886	1.0494650958312863	-5.908356343706483	-0.6141212344583495
-999.0	390.0	335.00429430879507	0.8426200780603617	-5.612168225977187	-0.4665107588387252
-999.0	365.0	336.8381442273425	0.7044508527550447	-5.267016844617018	-0.007300235331071742
-999.0	340.0	338.6186898740803	0.5703480976323311	-4.859660694996522	0.7069504128561848
-999.0	315.0	340.32220843545554	0.44458374298281406	-4.432179917891804	1.5861886594340677
-999.0	290.0	341.94982187911336	0.32438091685374776	-4.137082452575327	2.3804285145467743
-999.0	265.0	343.526533253772	0.21823491839071188	-4.066389832231673	3.0170657551950435
-999.0	240.0	345.0859846188717	0.13504929592212078	-4.178948526581053	3.6266675094763117
-999.0	215.0	346.6348044875996	0.07525496681531299	-4.083777086602235	4.056763894028119
-999.0	190.0	348.4018754951429	0.03819209482106908	-3.1194352880119425	3.657522542609098
-999.0	165.0	350.8097321470879	0.018239312714690113	-1.3118754128614247	2.0585155609167085
-999.0	140.0	355.38079328720636	0.008942482165164406	0.07321282145054539	0.18946191502940257
-999.0	115.0	367.37295042999057	0.005492156798330451	1.1096742186281323	-0.5166187360882754
-999.0	90.0	394.2943823607003	0.004697501284277293	3.7020414829667727	-0.19797684811053848
-999.0	65.0	442.5750812365002	0.003189578943420184	1.6523038840127826	-0.049026033116694956
-999.0	40.0	531.9481224452973	0.013304660872866738	-8.501310504972974	-0.024184064163500815
-999.0	15.0	720.5895571929698	0.06589274170498051	-17.118017140362053	-0.1494266287287756
244.59722222222223	40	1005.6805024323639	day	levels	pres0
-999.0	990.0	299.5864327585957	16.460204592457497	-2.0680183649615054	-0.7091405171797583
-999.0	965.0	300.6749756555287	15.722519592002584	-3.410296817620579	-1.2166550064080002
-999.0	940.0	301.7948972827971	15.288003797884354	-4.4828085954542205	-1.7927119759497725
-999.0	915.0	302.8372156638477	14.734035447791793	-5.311067266596648	-2.319988000724035
-999.0	890.0	303.8363881850527	13.981433947881088	-5.95580065140013	-2.695831838857224
-999.0	865.0	304.797342941457	13.053249385621836	-6.499451178091492	-2.9018666510366478
-999.0	840.0	305.7136633683077	12.06460009680856	-6.9344717705690755	-2.9407832247239303
-999.0	815.0	306.62209097078187	11.047995346563848	-7.180986735555802	-2.8201552971645376
-999.0	790.0	307.63378655881525	9.973280376858197	-7.19597293712469	-2.5458431795791108
-999.0	765.0	308.8469732315278	8.823126810568368	-7.011470940377923	-2.1569909068100257
-999.0	740.0	310.2297824700783	7.739451898468881	-6.603857669565368	-1.7337672109543052
-999.0	715.0	311.7158796998108	6.806625662026592	-6.035484382399774	-1.3177780405514699
-999.0	690.0	313.2053080388651	6.031070737927056	-5.456892498113473	-0.9136818851585704
-999.0	665.0	314.66042590604576	5.435494919617974	-4.914702412706831	-0.5288702391639887
-999.0	640.0	316.1516114188446	4.874555757752171	-4.592324187358223	-0.18554514274001224
-999.0	615.0	317.69191514437614	4.35265517897076	-4.5687024139419785	0.09782837145030022
-999.0	590.0	319.3954294839168	3.880420102013481	-4.693124001362812	0.3135793606095212
-999.0	565.0	321.2819707597037	3.458626386192108	-4.95865950871397	0.43720872320785653
-999.0	540.0	323.2329795039059	3.024229604888843	-5.300763454702164	0.4474784166172603
-999.0	515.0	325.1996046743685	2.5627590169509236	-5.689896207716728	0.31856403058325194
-999.0	490.0	327.2037539115455	2.1188371258753302	-5.988182020408134	0.08370416418269779
-999.0	465.0	329.21809956130386	1.68879042510633	-6.1292540099885695	-0.23225154893265137
-999.0	440.0	331.2138469130404	1.33092411911046	-6.096375315277661	-0.48373107018844685
-999.0	415.0	333.14773622373315	1.0471717604884394	-5.883244195746048	-0.5803104829111945
-999.0	390.0	335.0435552471055	0.8406202417832833	-5.594355287375272	-0.42235712113753376
-999.0	365.0	336.8770933853082	0.7022140135091761	-5.258240401192945	0.04433818699587655
-999.0	340.0	338.65763038675595	0.5683407092259988	-4.864315225018395	0.7596913752732707
-999.0	315.0	340.3595599829776	0.4430315778763203	-4.455155604001552	1.632955048164306
-999.0	290.0	341.98433456320885	0.32324580806824865	-4.180104505684652	2.4182635192518087
-999.0	265.0	343.5561957008711	0.21750594696236952	-4.125939321738722	3.0429347325806457
-999.0	240.0	345.107742605651	0.1345915200395714	-4.241886763109127	3.6301055616802795
-999.0	215.0	346.6446443145886	0.07499498315155487	-4.138011652010484	4.025813716429257
-999.0	190.0	348.3955660271003	0.03814727645712312	-3.1685486808419467	3.600830336135841
-999.0	165.0	350.7902410335112	0.01828703448969733	-1.3590026059084703	1.9986432723149004
-999.0	140.0	355.37095285215764	0.008955514541378731	0.04310238264775554	0.14014887823549638
-999.0	115.0	367.3830680453744	0.005476315531672697	1.1058983907655437	-0.5476392308871089
-999.0	90.0	394.2803072089487	0.004665490571857864	3.719460357256521	-0.21319908317593683
-999.0	65.0	442.5119802995302	0.0032007738676232667	1.6943132306483808	-0.0535061648460487
-999.0	40.0	531.9141421842386	0.013281913603552504	-8.456781160086374	-0.036836826216641055
-999.0	15.0	720.6128569274977	0.06595108616683222	-17.06873500402325	-0.16558654984692653
244.61111111111111	40	1005.6297155309605	day	levels	pres0
-999.0	990.0	299.7107986751185	16.418520168021924	-2.0795138505873436	-0.7324763805243086
-999.0	965.0	300.74365219491324	15.72745452103791	-3.3747898141543082	-1.218377507257237
-999.0	940.0	301.8337726711484	15.328785357651855	-4.408064695972021	-1.7729215337722457
-999.0	915.0	302.8801713341929	14.79716588832709	-5.21246447828088	-2.2831912678149187
-999.0	890.0	303.8922923646423	14.054152727127022	-5.840669089997355	-2.6469546860015263
-999.0	865.0	304.8609526168362	13.123424821429738	-6.374549338111289	-2.845337824689067
-999.0	840.0	305.78050359078196	12.123972945743112	-6.802262129607154	-2.8828657578539643
-999.0	815.0	306.68797085899604	11.09577084470677	-7.044404612647302	-2.766952189030551
-999.0	790.0	307.6967982827591	10.016685061984571	-7.060785620301004	-2.5014578827002234
-999.0	765.0	308.90735777587065	8.866978256790688	-6.885112497541782	-2.1245327854046785
-999.0	740.0	310.28994598680276	7.779114988115048	-6.4970725642311455	-1.711830000151687
-999.0	715.0	311.7782979150687	6.834833471863317	-5.956047618830729	-1.3033763534493215
-999.0	690.0	313.27019584419617	6.048190002088163	-5.404286661633786	-0.9043205259023044
-999.0	665.0	314.7276350747057	5.441415250301345	-4.885928954791154	-0.5220939498049864
-999.0	640.0	316.2202544522907	4.873999293203698	-4.577457221845787	-0.18453003217776584
-999.0	615.0	317.7614408657087	4.350947870148544	-4.555042999762083	0.08863973120849095
-999.0	590.0	319.4688849785921	3.877717809544661	-4.677937926793554	0.2946813915062992
-999.0	565.0	321.36280370327523	3.4545129372013856	-4.941049585187894	0.4110781096819074
-999.0	540.0	323.31710593437407	3.019494185293156	-5.281005077891899	0.42002181984763465
-999.0	515.0	325.2803791920125	2.5583062122265456	-5.668239783081761	0.2975220732667206
-999.0	490.0	327.27701130440965	2.1145542600640512	-5.963027299554279	0.0743573285915563
-999.0	465.0	329.2804878623916	1.6850000021082356	-6.099414103561003	-0.22562940253150118
-999.0	440.0	331.26570899134555	1.3278739653803657	-6.066029284839305	-0.4621316630531257
-999.0	415.0	333.1913544732776	1.044878425145588	-5.858132047785682	-0.5464997313640924
-999.0	390.0	335.0828161854157	0.8386204055062032	-5.576542348773418	-0.3782034834364266
-999.0	365.0	336.91604254327376	0.6999771742633103	-5.249463957768921	0.09597660932271843
-999.0	340.0	338.6965708994315	0.5663333208196715	-4.868969755040284	0.8124323376902327
-999.0	315.0	340.3969115304997	0.4414794127698325	-4.478131290111263	1.6797214368944051
-999.0	290.0	342.0188472473043	0.3221106992827542	-4.223126558793874	2.4560985239566913
-999.0	265.0	343.5858581479702	0.21677697553402944	-4.185488811245597	3.068803709966094
-999.0	240.0	345.1295005924305	0.13413374415702353	-4.304824999636976	3.633543613884122
-999.0	215.0	346.65448414157754	0.074734999487798	-4.192246217418491	3.9948635388303297
-999.0	190.0	348.3892565590578	0.03810245809317762	-3.217662073671706	3.5441381296625587
-999.0	165.0	350.77074991993453	0.018334756264704512	-1.4061297989552808	1.938770983713065
-999.0	140.0	355.3611124171088	0.008968546917593027	0.01299194384510552	0.09083584144157933
-999.0	115.0	367.3931856607582	0.005460474265014971	1.102122562902933	-0.5786597256859005
-999.0	90.0	394.26623205719744	0.004633479859438517	3.736879231546162	-0.22842131824125506
-999.0	65.0	442.4488793625606	0.003211968791826292	1.7363225772838198	-0.057986296575356644
-999.0	40.0	531.8801619231799	0.013259166334238355	-8.412251815199907	-0.04948958826973826
-999.0	15.0	720.6361566620255	0.06600943062868377	-17.01945286768461	-0.18174647096504393
244.625	40	1005.5789286295574	day	levels	pres0
-999.0	990.0	299.83516459164144	16.376835743586224	-2.0910093362132707	-0.7558122438689073
-999.0	965.0	300.81232873429786	15.732389450073246	-3.339282810688019	-1.22010000810648
-999.0	940.0	301.8726480594997	15.369566917419432	-4.333320796489715	-1.753131091594696
-999.0	915.0	302.92312700453823	14.860296328862507	-5.1138616899649305	-2.2463945349057517
-999.0	890.0	303.94819654423196	14.126871506373087	-5.725537528594335	-2.5980775331457453
-999.0	865.0	304.92456229221557	13.19360025723775	-6.249647498130798	-2.788808998341361
-999.0	840.0	305.8473438132564	12.183345794677734	-6.670052488644916	-2.8249482909838357
-999.0	815.0	306.75385074721027	11.143546342849731	-6.9078224897384635	-2.713749080896378
-999.0	790.0	307.75981000670316	10.060089747111002	-6.92559830347697	-2.4570725858211513
-999.0	765.0	308.96774232021363	8.910829703013103	-6.7587540547053	-2.0920746639991794
-999.0	740.0	310.3501095035272	7.818778077761334	-6.390287458896636	-1.6898927893489597
-999.0	715.0	311.8407161303268	6.863041281700134	-5.876610855261484	-1.2889746663471062
-999.0	690.0	313.3350836495273	6.065309266249338	-5.351680825153985	-0.8949591666460036
-999.0	665.0	314.79484424336573	5.44733558098475	-4.8571554968754445	-0.5153176604459684
-999.0	640.0	316.28889748573687	4.873442828655243	-4.56259025633335	-0.18351492161552108
-999.0	615.0	317.8309665870415	4.349240561326345	-4.541383585582176	0.0794510909666617
-999.0	590.0	319.5423404732676	3.8750155170758562	-4.66275185222427	0.2757834224030374
-999.0	565.0	321.4436366468469	3.4503994882106777	-4.923439661661783	0.3849474961558977
-999.0	540.0	323.4012323648424	3.0147587656974797	-5.2612467010815935	0.39256522307793296
-999.0	515.0	325.3611537096567	2.5538534075021744	-5.646583358446757	0.2764801159501075
-999.0	490.0	327.35026869727386	2.110271394252777	-5.937872578700383	0.06501049300034839
-999.0	465.0	329.34287616347956	1.6812095791101456	-6.069574197133382	-0.21900725613037747
-999.0	440.0	331.3175710696509	1.3248238116502762	-6.0356832544008885	-0.4405322559177876
-999.0	415.0	333.2349727228221	1.0425850898027418	-5.8330198998252545	-0.5126889798169335
-999.0	390.0	335.1220771237261	0.8366205692291258	-5.558729410171509	-0.33404984573523205
-999.0	365.0	336.9549917012396	0.6977403350174427	-5.2406875143448515	0.14761503164966905
-999.0	340.0	338.73551141210714	0.5643259324133396	-4.873624285062154	0.8651733001073201
-999.0	315.0	340.43426307802184	0.43992724766333896	-4.5011069762210045	1.7264878256246445
-999.0	290.0	342.0533599313998	0.32097559049725527	-4.266148611903191	2.493933528661728
-999.0	265.0	343.6155205950693	0.21604800410568714	-4.24503830075264	3.094672687351703
-999.0	240.0	345.1512585792098	0.13367596827447414	-4.367763236165047	3.636981666088104
-999.0	215.0	346.6643239685666	0.07447501582403976	-4.246480782826742	3.9639133612314854
-999.0	190.0	348.3829470910152	0.038057639729231596	-3.2667754665017124	3.487445923189321
-999.0	165.0	350.7512588063578	0.018382478039711714	-1.4532569920023282	1.878898695111275
-999.0	140.0	355.3512719820601	0.008981579293807348	-0.017118494957685332	0.041522804647683986
-999.0	115.0	367.40330327614214	0.005444632998357215	1.0983467350403469	-0.6096802204847336
-999.0	90.0	394.2521569054459	0.004601469147019087	3.7542981058359137	-0.24364355330665888
-999.0	65.0	442.3857784255907	0.003223163716029375	1.7783319239194193	-0.06246642830471197
-999.0	40.0	531.8461816621214	0.01323641906492412	-8.36772247031331	-0.06214235032287735
-999.0	15.0	720.6594563965534	0.06606777509053548	-16.97017073134581	-0.19790639208319288
244.63888888888889	40	1005.1692448368775	day	levels	pres0
-999.0	990.0	299.9595492114253	16.316343934447612	-2.102435158082774	-0.7793058466718354
-999.0	965.0	300.8810435254824	15.731564742547492	-3.3041027210376877	-1.2220367753050432
-999.0	940.0	301.91148605854374	15.409423651518674	-4.25913950138618	-1.7336561855066634
-999.0	915.0	302.9660554305175	14.923953356566296	-5.015821598194194	-2.209991927914028
-999.0	890.0	304.0040633303077	14.201246782585477	-5.61087770815239	-2.5497271156895382
-999.0	865.0	304.9881525289655	13.26626986044429	-6.1251582459166	-2.7329535379669023
-999.0	840.0	305.91419472783787	12.24487564298844	-6.538126755643645	-2.7676349072543984
-999.0	815.0	306.8197093653898	11.19216028849285	-6.771386190696861	-2.660871680722388
-999.0	790.0	307.8228510495319	10.103687657250319	-6.790504239223476	-2.4128175848335323
-999.0	765.0	309.0281167980255	8.955253433298223	-6.632464260966547	-2.0596280641577187
-999.0	740.0	310.4102720963836	7.858869720388392	-6.283503572145977	-1.6679122815494525
-999.0	715.0	311.9031446084138	6.890877608899757	-5.797087987263914	-1.2744985825761301
-999.0	690.0	313.39995134776024	6.081186806714124	-5.298953046401294	-0.8855161301929486
-999.0	665.0	314.86203309179336	5.451477602676124	-4.8282809538973535	-0.5084943135303408
-999.0	640.0	316.3575835330273	4.870737406942586	-4.547653687772926	-0.18248664880930304
-999.0	615.0	317.9004491267129	4.345378109702366	-4.527697542889243	0.07024546609155918
-999.0	590.0	319.6157092316035	3.870131380028203	-4.647484885183736	0.25685532009917367
-999.0	565.0	321.5244376573362	3.4441367431923275	-4.905608240790923	0.35879446938631404
-999.0	540.0	323.48541405762705	3.0082351918573798	-5.241191336540141	0.36509340263347917
-999.0	515.0	325.44196135862825	2.5482975752265413	-5.624651533137573	0.2554220953197012
-999.0	490.0	327.4235950338706	2.10535638144723	-5.912508479629932	0.055639068009643994
-999.0	465.0	329.40535730639454	1.6770404240599415	-6.03962801645197	-0.2124331048517482
-999.0	440.0	331.3695385427089	1.3215010353812493	-6.005292651829867	-0.418997955956943
-999.0	415.0	333.27868433832253	1.0400769064823814	-5.807872870454052	-0.4789600551680094
-999.0	390.0	335.1613985240702	0.8344318745312882	-5.540888274157461	-0.29000941898532595
-999.0	365.0	336.9939531073089	0.6953086308031164	-5.23188409871523	0.19910657044969887
-999.0	340.0	338.77445115561784	0.5621076264867054	-4.878271846307639	0.9177821847024286
-999.0	315.0	340.4717309732602	0.4381594929706141	-4.524101333209775	1.7731680218820807
-999.0	290.0	342.0879126606488	0.31969325244426505	-4.30919996266154	2.5317094579891593
-999.0	265.0	343.64527761114414	0.21526002145751655	-4.304620907676515	3.1204899659863936
-999.0	240.0	345.1730446043582	0.13319544328583546	-4.430714913816462	3.640353941531155
-999.0	215.0	346.6742214435139	0.07419846344877112	-4.300714850425829	3.9328630820469006
-999.0	190.0	348.37660764925266	0.03800040035060135	-3.315904461123436	3.4306236011562774
-999.0	165.0	350.7317984265401	0.018424721840010205	-1.5003766282980053	1.8188873065842799
-999.0	140.0	355.34126925354644	0.008993069822382604	-0.047212980411733746	-0.007885417314574178
-999.0	115.0	367.4134376659777	0.005426940516810161	1.0945705874926632	-0.6407149754188819
-999.0	90.0	394.2381371333683	0.004569538554211149	3.77171657372409	-0.2588666327022105
-999.0	65.0	442.32273764733395	0.003235603824982237	1.8203413116970562	-0.0669465652770686
-999.0	40.0	531.8121539099284	0.013214505070613452	-8.323193884696066	-0.07479509759558228
-999.0	15.0	720.6827580072553	0.06613207687796271	-16.92088873905157	-0.21406633493112392
244.65277777777777	40	1004.7595610441986	day	levels	pres0
-999.0	990.0	300.083933831209	16.255852125309158	-2.1138609799521895	-0.8027994494747154
-999.0	965.0	300.9497583166668	15.73074003502175	-3.268922631387373	-1.2239735425035998
-999.0	940.0	301.9503240575878	15.449280385617842	-4.184958206282752	-1.7141812794186546
-999.0	915.0	303.0089838564966	14.987610384269974	-4.917781506423636	-2.173589320922355
-999.0	890.0	304.05993011638344	14.275622058797738	-5.496217887710688	-2.5013766982334147
-999.0	865.0	305.0517427657151	13.338939463650709	-6.000668993702692	-2.6770980775925683
-999.0	840.0	305.98104564241925	12.30640549129908	-6.406201022642684	-2.7103215235251232
-999.0	815.0	306.8855679835693	11.24077423413593	-6.63494989165559	-2.6079942805485854
-999.0	790.0	307.88589209236045	10.147285567389579	-6.655410174970332	-2.368562583846098
-999.0	765.0	309.08849127583727	8.999677163583245	-6.50617446722813	-2.02718146431641
-999.0	740.0	310.47043468924	7.898961363015334	-6.176719685395603	-1.645931773750054
-999.0	715.0	311.9655730865008	6.918713936099288	-5.71756511926654	-1.260022498805221
-999.0	690.0	313.46481904599295	6.097064347178841	-5.246225267648713	-0.8760730937399284
-999.0	665.0	314.9292219402209	5.455619624367464	-4.7994064109193	-0.5016709666147293
-999.0	640.0	316.4262695803177	4.868031985229917	-4.5327171192125	-0.18145837600308337
-999.0	615.0	317.96993166638424	4.341515658078372	-4.514011500196322	0.06103984121647616
-999.0	590.0	319.6890779899393	3.865247242980535	-4.632217918143225	0.2379272177953491
-999.0	565.0	321.60523866782523	3.4378739981739637	-4.887776819920097	0.33264144261679063
-999.0	540.0	323.56959575041134	3.00171161801727	-5.221135971998728	0.33762158218910165
-999.0	515.0	325.5227690075996	2.542741742950901	-5.602719707828429	0.23436407468937687
-999.0	490.0	327.4969213704672	2.1004413686416785	-5.887144380559526	0.04626764301900553
-999.0	465.0	329.46783844930945	1.6728712690097325	-6.0096818357706105	-0.20585895357309242
-999.0	440.0	331.42150601576685	1.3181782591122173	-5.974902049258907	-0.39746365599611555
-999.0	415.0	333.3223959538229	1.0375687231620152	-5.782725841082911	-0.44523113051914215
-999.0	390.0	335.20071992441405	0.8322431798334475	-5.523047138143471	-0.24596899223550722
-999.0	365.0	337.0329145133781	0.6928769265887916	-5.223080683085655	0.2505981092496206
-999.0	340.0	338.8133908991285	0.5598893205600759	-4.8829194075531435	0.9703910692974118
-999.0	315.0	340.5091988684983	0.43639173827789485	-4.547095690198515	1.8198482181393765
-999.0	290.0	342.12246538989757	0.31841091439127955	-4.352251313419794	2.569485387316436
-999.0	265.0	343.6750346272189	0.21447203880934831	-4.36420351460022	3.1463072446209215
-999.0	240.0	345.1948306295066	0.13271491829719834	-4.493666591467655	3.6437262169740663
-999.0	215.0	346.68411891846125	0.07392191107350388	-4.354948918024673	3.9018128028622323
-999.0	190.0	348.37026820749014	0.037943160971971646	-3.365033455744913	3.3738012791231875
-999.0	165.0	350.7123380467225	0.01846696564030868	-1.5474962645934451	1.7588759180572395
-999.0	140.0	355.3312665250328	0.009004560350957841	-0.07730746586564147	-0.05729363927685521
-999.0	115.0	367.4235720558132	0.005409248035263139	1.0907944399449554	-0.6717497303529885
-999.0	90.0	394.2241173612909	0.0045376079614032885	3.789135041612154	-0.2740897120976763
-999.0	65.0	442.25969686907723	0.003248043933935042	1.862350699474532	-0.07142670224937753
-999.0	40.0	531.7781261577355	0.01319259107630287	-8.27866529907895	-0.08744784486824528
-999.0	15.0	720.7060596179572	0.06619637866538979	-16.871606746757493	-0.23022627777902344
244.66666666666666	40	1004.3498772515188	day	levels	pres0
-999.0	990.0	300.2083184509929	16.19536031617054	-2.125286801821682	-0.8262930522776512
-999.0	965.0	301.0184731078514	15.729915327495997	-3.233742541737022	-1.2259103097021677
-999.0	940.0	301.9891620566319	15.48913711971709	-4.110776911179194	-1.6947063733306222
-999.0	915.0	303.0519122824759	15.051267411973777	-4.819741414652879	-2.1371867139306273
-999.0	890.0	304.11579690245924	14.349997335010139	-5.381558067268727	-2.453026280777201
-999.0	865.0	305.1153330024649	13.411609066857263	-5.87617974148848	-2.6212426172181016
-999.0	840.0	306.0478965570008	12.367935339609803	-6.274275289641397	-2.653008139795681
-999.0	815.0	306.9514266017489	11.289388179779065	-6.498513592613971	-2.5551168803745945
-999.0	790.0	307.9489331351891	10.190883477528908	-6.520316110716824	-2.3243075828584807
-999.0	765.0	309.14886575364915	9.044100893868375	-6.379884673489365	-1.9947348644749523
-999.0	740.0	310.5305972820965	7.939053005642405	-6.069935798644935	-1.6239512659505506
-999.0	715.0	312.0280015645879	6.946550263298916	-5.638042251268964	-1.2455464150342468
-999.0	690.0	313.5296867442259	6.112941887643628	-5.193497488896021	-0.8666300572868733
-999.0	665.0	314.9964107886486	5.459761646058837	-4.770531867941211	-0.49484761969910096
-999.0	640.0	316.4949556276081	4.865326563517257	-4.517780550652083	-0.18043010319686528
-999.0	615.0	318.03941420605577	4.337653206454388	-4.500325457503399	0.05183421634137044
-999.0	590.0	319.76244674827524	3.8603631059328767	-4.616950951102706	0.21899911549148
-999.0	565.0	321.68603967831444	3.431611253155607	-4.8699453990492545	0.30648841584720155
-999.0	540.0	323.65377744319585	2.9951880441771648	-5.201080607457294	0.31014976174464504
-999.0	515.0	325.60357665657114	2.537185910675264	-5.580787882519266	0.21330605405897357
-999.0	490.0	327.57024770706397	2.095526355836129	-5.861780281489093	0.03689621802830949
-999.0	465.0	329.5303195922244	1.6687021139595264	-5.979735655089212	-0.19928480229445156
-999.0	440.0	331.4734734888249	1.3148554828431895	-5.944511446687898	-0.37592935603525934
-999.0	415.0	333.36610756932333	1.0350605398416541	-5.757578811711719	-0.4115022058702091
-999.0	390.0	335.240041324758	0.8300544851356098	-5.505206002129433	-0.2019285654855927
-999.0	365.0	337.0718759194475	0.6904452223744654	-5.214277267456041	0.3020896480496608
-999.0	340.0	338.8523306426393	0.557671014633442	-4.887566968798633	1.0229999538925303
-999.0	315.0	340.54666676373654	0.4346239835851701	-4.570090047187288	1.8665284143968195
-999.0	290.0	342.1570181191466	0.31712857633828934	-4.395302664178151	2.6072613166438727
-999.0	265.0	343.70479164329373	0.2136840561611775	-4.423786121524107	3.172124523255618
-999.0	240.0	345.21661665465507	0.1322343933085594	-4.556618269119078	3.6470984924171246
-999.0	215.0	346.6940163934086	0.0736453586982351	-4.409182985623761	3.870762523677653
-999.0	190.0	348.36392876572774	0.03788592159334137	-3.414162450366627	3.3169789570901425
-999.0	165.0	350.69287766690485	0.018509209440607178	-1.5946159008891094	1.698864529530244
-999.0	140.0	355.3212637965192	0.009016050879533105	-0.10740195131968522	-0.10670186123910799
-999.0	115.0	367.43370644564874	0.005391555553716083	1.087018292397264	-0.7027844852871281
-999.0	90.0	394.2100975892134	0.004505677368595347	3.8065535095003225	-0.2893127914932221
-999.0	65.0	442.1966560908205	0.003260484042887903	1.9043600872521655	-0.07590683922173075
-999.0	40.0	531.7440984055424	0.013170677081992202	-8.234136713461702	-0.10010059214095147
-999.0	15.0	720.729361228659	0.06626068045281705	-16.82232475446325	-0.24638622062695706
244.68055555555554	40	1003.94019345884	day	levels	pres0
-999.0	990.0	300.3327030707766	16.13486850703209	-2.1367126236910976	-0.8497866550805309
-999.0	965.0	301.0871878990359	15.729090619970254	-3.198562452086706	-1.2278470769007244
-999.0	940.0	302.028000055676	15.528993853816253	-4.036595616075767	-1.675231467242613
-999.0	915.0	303.0948407084551	15.114924439677447	-4.721701322882324	-2.100784106938955
-999.0	890.0	304.171663688535	14.424372611222402	-5.266898246827026	-2.404675863321077
-999.0	865.0	305.1789232392146	13.484278670063688	-5.751690489274572	-2.5653871568437667
-999.0	840.0	306.11474747158206	12.429465187920439	-6.142349556640437	-2.595694756066405
-999.0	815.0	307.0172852199283	11.338002125422145	-6.362077293572702	-2.5022394802007923
-999.0	790.0	308.0119741780178	10.234481387668172	-6.385222046463679	-2.2800525818710464
-999.0	765.0	309.2092402314609	9.088524624153397	-6.25359487975095	-1.9622882646336444
-999.0	740.0	310.5907598749529	7.979144648269346	-5.9631519118945615	-1.6019707581511524
-999.0	715.0	312.0904300426749	6.974386590498446	-5.558519383271593	-1.2310703312633375
-999.0	690.0	313.5945544424587	6.128819428108344	-5.1407697101434415	-0.8571870208338528
-999.0	665.0	315.0635996370761	5.463903667750178	-4.741657324963158	-0.4880242727834894
-999.0	640.0	316.5636416748984	4.86262114180459	-4.502843982091658	-0.17940183039064567
-999.0	615.0	318.1088967457271	4.333790754830395	-4.486639414810478	0.04262859146628744
-999.0	590.0	319.8358155066109	3.8554789688852082	-4.601683984062197	0.20007101318765522
-999.0	565.0	321.76684068880354	3.4253485081372435	-4.85211397817843	0.280335389077678
-999.0	540.0	323.73795913598025	2.9886644703370555	-5.18102524291588	0.28267794130026747
-999.0	515.0	325.68438430554244	2.5316300783996235	-5.5588560572101215	0.192248033428649
-999.0	490.0	327.6435740436605	2.0906113430305777	-5.836416182418685	0.0275247930376711
-999.0	465.0	329.59280073513924	1.6645329589093176	-5.949789474407853	-0.192710651015796
-999.0	440.0	331.5254409618829	1.3115327065741573	-5.914120844116937	-0.3543950560744319
-999.0	415.0	333.4098191848237	1.0325523565212882	-5.732431782340579	-0.37777328122134174
-999.0	390.0	335.27936272510186	0.827865790437769	-5.487364866115442	-0.15788813873577418
-999.0	365.0	337.1108373255167	0.6880135181601409	-5.205473851826466	0.35358118684958273
-999.0	340.0	338.8912703861498	0.5554527087068126	-4.892214530044137	1.0756088384875138
-999.0	315.0	340.5841346589747	0.4328562288924509	-4.593084404176029	1.9132086106541148
-999.0	290.0	342.1915708483955	0.3158462382853039	-4.4383540149364045	2.6450372459711486
-999.0	265.0	343.7345486593685	0.21289607351300927	-4.483368728447812	3.1979418018901473
-999.0	240.0	345.2384026798036	0.13175386831992228	-4.619569946770273	3.6504707678600377
-999.0	215.0	346.7039138683559	0.07336880632296784	-4.463417053222606	3.839712244492984
-999.0	190.0	348.3575893239652	0.03782868221471167	-3.4632914449881036	3.260156635057052
-999.0	165.0	350.6734172870872	0.018551453240905652	-1.6417355371845495	1.6388531410032035
-999.0	140.0	355.31126106800565	0.00902754140810834	-0.1374964367735929	-0.15611008320138875
-999.0	115.0	367.4438408354843	0.005373863072169061	1.0832421448495562	-0.7338192402212345
-999.0	90.0	394.19607781713586	0.004473746775787488	3.8239719773883856	-0.3045358708886879
-999.0	65.0	442.1336153125641	0.003272924151840708	1.9463694750296419	-0.08038697619403981
-999.0	40.0	531.7100706533495	0.013148763087681616	-8.189608127844586	-0.11275333941361446
-999.0	15.0	720.7526628393608	0.0663249822402441	-16.773042762169165	-0.26254616347485654
244.69444444444446	40	1003.5305096661599	day	levels	pres0
-999.0	990.0	300.4570876905604	16.074376697893452	-2.1481384455605985	-0.8732802578834554
-999.0	965.0	301.1559026902205	15.7282659124445	-3.1633823624363546	-1.2297838440992694
-999.0	940.0	302.06683805472005	15.568850587915513	-3.9624143209721927	-1.6557565611545493
-999.0	915.0	303.13776913443445	15.178581467381267	-4.623661231111537	-2.064381499947193
-999.0	890.0	304.2275304746109	14.498747887434822	-5.152238426385024	-2.356325445864832
-999.0	865.0	305.2425134759644	13.556948273270255	-5.6272012370603175	-2.5095316964692747
-999.0	840.0	306.18159838616367	12.49099503623117	-6.010423823639103	-2.53838137233694
-999.0	815.0	307.08314383810784	11.386616071065282	-6.225640994531036	-2.449362080026781
-999.0	790.0	308.0750152208465	10.278079297807496	-6.250127982210128	-2.2357975808834096
-999.0	765.0	309.26961470927284	9.132948354438522	-6.127305086012142	-1.9298416647921715
-999.0	740.0	310.6509224678093	8.019236290896405	-5.856368025143859	-1.5799902503516383
-999.0	715.0	312.1528585207619	7.002222917698067	-5.478996515273991	-1.216594247492359
-999.0	690.0	313.65942214069156	6.144696968573123	-5.088041931390729	-0.8477439843807985
-999.0	665.0	315.13078848550373	5.468045689441544	-4.712782781985059	-0.48120092586786406
-999.0	640.0	316.63232772218885	4.8599157200919265	-4.4879074135312305	-0.17837355758443119
-999.0	615.0	318.17837928539853	4.329928303206409	-4.472953372117539	0.03342296659117973
-999.0	590.0	319.9091842649469	3.85059483183755	-4.586417017021653	0.1811429108837858
-999.0	565.0	321.8476416992928	3.4190857631188853	-4.834282557307553	0.2541823623080902
-999.0	540.0	323.8221408287648	2.9821408964969494	-5.160969878374407	0.25520612085581373
-999.0	515.0	325.76519195451414	2.5260742461239847	-5.536924231900915	0.1711900127982498
-999.0	490.0	327.7169003802573	2.085696330225025	-5.811052083348214	0.01815336804698081
-999.0	465.0	329.65528187805427	1.6603638038591098	-5.919843293726422	-0.1861364997371458
-999.0	440.0	331.57740843494076	1.3082099303051276	-5.883730241545905	-0.33286075611355764
-999.0	415.0	333.4535308003241	1.0300441732009256	-5.707284752969371	-0.34404435657237803
-999.0	390.0	335.3186841254459	0.8256770957399298	-5.469523730101394	-0.11384771198582354
-999.0	365.0	337.14979873158615	0.6855818139458136	-5.196670436196847	0.40507272564965374
-999.0	340.0	338.93021012966057	0.5532344027801787	-4.896862091289621	1.1282177230826536
-999.0	315.0	340.6216025542128	0.4310884741997268	-4.6160787611647915	1.9598888069115685
-999.0	290.0	342.22612357764444	0.3145639002323144	-4.4814053656947435	2.682813175298585
-999.0	265.0	343.7643056754434	0.21210809086483906	-4.542951335371675	3.2237590805248297
-999.0	240.0	345.2601887049519	0.13127334333128374	-4.682521624421674	3.6538430433030706
-999.0	215.0	346.7138113433033	0.07309225394769922	-4.517651120821686	3.808661965308372
-999.0	190.0	348.3512498822028	0.03777144283608142	-3.5124204396098335	3.2033343130239635
-999.0	165.0	350.6539569072695	0.018593697041204123	-1.688855173480239	1.5788417524761438
-999.0	140.0	355.30125833949205	0.009039031936683588	-0.16759092222764627	-0.20551830516372083
-999.0	115.0	367.4539752253199	0.005356170590621993	1.079465997301879	-0.7648539951554417
-999.0	90.0	394.1820580450583	0.004441816182979528	3.8413904452765735	-0.31975895028426493
-999.0	65.0	442.0705745343071	0.003285364260793575	1.988378862807294	-0.08486711316639597
-999.0	40.0	531.6760429011566	0.013126849093370946	-8.145079542227332	-0.12540608668631675
-999.0	15.0	720.7759644500627	0.06638928402767144	-16.723760769874925	-0.2787061063227914
244.70833333333334	40	1003.1208258734811	day	levels	pres0
-999.0	990.0	300.58147231034405	16.01388488875499	-2.1595642674300026	-0.8967738606863397
-999.0	965.0	301.2246174814049	15.727441204918751	-3.12820227278602	-1.231720611297828
-999.0	940.0	302.1056760537641	15.608707322014679	-3.888233025868745	-1.63628165506654
-999.0	915.0	303.18069756041353	15.242238495084942	-4.525621139340965	-2.0279788929555185
-999.0	890.0	304.28339726068657	14.573123163647091	-5.037578605943312	-2.3079750284087037
-999.0	865.0	305.3061037127142	13.629617876476688	-5.502711984846399	-2.4536762360949327
-999.0	840.0	306.248449300745	12.552524884541818	-5.878498090638134	-2.481067988607659
-999.0	815.0	307.1490024562873	11.43523001670837	-6.089204695489759	-2.396484679852975
-999.0	790.0	308.1380562636751	10.32167720794677	-6.115033917956975	-2.191542579895975
-999.0	765.0	309.32998918708455	9.177372084723551	-6.001015292273719	-1.8973950649508637
-999.0	740.0	310.71108506066565	8.059327933523354	-5.749584138393483	-1.5580097425522423
-999.0	715.0	312.21528699884897	7.0300592448976	-5.3994736472766185	-1.202118163721451
-999.0	690.0	313.72428983892445	6.160574509037841	-5.035314152638156	-0.8383009479277789
-999.0	665.0	315.19797733393125	5.472187711132885	-4.683908239007016	-0.474377578952253
-999.0	640.0	316.7010137694792	4.857210298379255	-4.472970844970821	-0.17734528477821293
-999.0	615.0	318.2478618250699	4.326065851582412	-4.459267329424639	0.024217341716093042
-999.0	590.0	319.9825530232826	3.845710694789877	-4.571150049981169	0.16221480857995663
-999.0	565.0	321.92844270978185	3.4128230181005175	-4.816451136436755	0.22802933553856317
-999.0	540.0	323.90632252154916	2.9756173226568343	-5.140914513833021	0.22773430041143627
-999.0	515.0	325.8459996034855	2.52051841384834	-5.5149924065918	0.15013199216793183
-999.0	490.0	327.79022671685385	2.080781317419471	-5.785687984277832	0.00878194305635472
-999.0	465.0	329.7177630209691	1.6561946488088997	-5.889897113045087	-0.17956234845847455
-999.0	440.0	331.6293759079988	1.3048871540360958	-5.853339638974965	-0.31132645615271465
-999.0	415.0	333.49724241582436	1.0275359898805598	-5.682137723598249	-0.31031543192349786
-999.0	390.0	335.35800552578985	0.8234884010420902	-5.451682594087419	-0.0698072852359931
-999.0	365.0	337.1887601376553	0.6831501097314902	-5.18786702056728	0.4565642644495883
-999.0	340.0	338.96914987317115	0.55101609685355	-4.901509652535127	1.1808266076776486
-999.0	315.0	340.65907044945095	0.42932071950700834	-4.6390731181535285	2.006569003168872
-999.0	290.0	342.2606763068933	0.31328156217932907	-4.524456716452995	2.7205891046258697
-999.0	265.0	343.79406269151815	0.21132010821667066	-4.602533942295386	3.2495763591593727
-999.0	240.0	345.2819747301003	0.13079281834264633	-4.745473302072875	3.6572153187460046
-999.0	215.0	346.7237088182506	0.07281570157243178	-4.571885188420532	3.777611686123728
-999.0	190.0	348.34491044044023	0.03771420345745164	-3.5615494342313028	3.1465119909908927
-999.0	165.0	350.63449652745186	0.018635940841502593	-1.7359748097756684	1.5188303639491203
-999.0	140.0	355.2912556109784	0.009050522465258826	-0.19768540768155057	-0.2549265271259852
-999.0	115.0	367.4641096151554	0.00533847810907497	1.0756898497541652	-0.795888750089539
-999.0	90.0	394.1680382729809	0.004409885590171666	3.8588089131646344	-0.3349820296797309
-999.0	65.0	442.0075337560506	0.003297804369746382	2.0303882505847684	-0.08934725013870326
-999.0	40.0	531.6420151489638	0.013104935099060362	-8.100550956610215	-0.13805883395897983
-999.0	15.0	720.7992660607644	0.06645358581509854	-16.674478777580845	-0.2948660491706915
244.72222222222223	40	1002.7111420808012	day	levels	pres0
-999.0	990.0	300.70585693012794	15.953393079616376	-2.170990089299507	-0.9202674634892708
-999.0	965.0	301.29333227258945	15.726616497393005	-3.0930221831356888	-1.2336573784963936
-999.0	940.0	302.14451405280823	15.648564056113926	-3.8140517307652058	-1.6168067489785083
-999.0	915.0	303.22362598639273	15.305895522788742	-4.427581047570223	-1.9915762859637933
-999.0	890.0	304.33926404676237	14.647498439859486	-4.922918785501363	-2.259624610952495
-999.0	865.0	305.36969394946397	13.702287479683232	-5.378222732632198	-2.397820775720473
-999.0	840.0	306.31530021532654	12.61405473285253	-5.746572357636856	-2.423754604878222
-999.0	815.0	307.2148610744669	11.483843962351497	-5.952768396448149	-2.343607279678987
-999.0	790.0	308.20109730650375	10.365275118086087	-5.979939853703476	-2.147287578908358
-999.0	765.0	309.3903636648965	9.221795815008674	-5.87472549853496	-1.8649484651094055
-999.0	740.0	310.77124765352215	8.099419576150417	-5.642800251642818	-1.536029234752737
-999.0	715.0	312.27771547693595	7.057895572097225	-5.319950779279043	-1.1876420799504754
-999.0	690.0	313.7891575371574	6.176452049502627	-4.982586373885455	-0.828857911474723
-999.0	665.0	315.26516618235894	5.476329732824256	-4.655033696028917	-0.46755423203662416
-999.0	640.0	316.7696998167697	4.854504876666598	-4.4580342764103875	-0.17631701197199345
-999.0	615.0	318.3173443647414	4.322203399958433	-4.445581286731697	0.01501171684099091
-999.0	590.0	320.0559217816185	3.8408265577422234	-4.555883082940625	0.14328670627609202
-999.0	565.0	322.00924372027106	3.406560273082165	-4.798619715565885	0.2018763087689776
-999.0	540.0	323.9905042143336	2.9690937488167344	-5.120859149291559	0.20026247996697963
-999.0	515.0	325.9268072524571	2.514962581572707	-5.4930605812826085	0.12907397153752206
-999.0	490.0	327.8635530534507	2.0758663046139234	-5.760323885207373	-0.0005894819343536667
-999.0	465.0	329.78024416388405	1.6520254937586951	-5.859950932363665	-0.17298819717984915
-999.0	440.0	331.6813433810569	1.301564377767068	-5.8229490364039345	-0.28979215619187393
-999.0	415.0	333.54095403132493	1.0250278065601983	-5.656990694227039	-0.2765865072745777
-999.0	390.0	335.39732692613376	0.8212997063442514	-5.433841458073366	-0.025766858486090463
-999.0	365.0	337.2277215437246	0.6807184055171628	-5.1790636049376575	0.5080558032496159
-999.0	340.0	339.00808961668184	0.5487977909269154	-4.906157213780614	1.2334354922727557
-999.0	315.0	340.6965383446892	0.4275529648142829	-4.662067475142306	2.0532491994263067
-999.0	290.0	342.2952290361422	0.3119992241263386	-4.567508067211354	2.7583650339532984
-999.0	265.0	343.82381970759286	0.21053212556849998	-4.662116549219267	3.2753936377940547
-999.0	240.0	345.30376075524873	0.13031229335400768	-4.808424979724291	3.6605875941890416
-999.0	215.0	346.73360629319797	0.0725391491971632	-4.626119256019617	3.7465614069391227
-999.0	190.0	348.33857099867777	0.037656964078821444	-3.610678428853024	3.089689668957828
-999.0	165.0	350.61503614763404	0.0186781846418011	-1.7830944460713432	1.4588189754221075
-999.0	140.0	355.28125288246474	0.009062012993834086	-0.22777989313559774	-0.30433474908825464
-999.0	115.0	367.4742440049909	0.005320785627527914	1.0719137022064795	-0.8269235050236876
-999.0	90.0	394.1540185009033	0.004377954997363727	3.8762273810528063	-0.35020510907527636
-999.0	65.0	441.9444929777939	0.0033102444786992417	2.072397638362404	-0.09382738711105826
-999.0	40.0	531.6079873967707	0.013083021104749695	-8.056022370992968	-0.1507115812316859
-999.0	15.0	720.8225676714663	0.06651788760252576	-16.625196785286604	-0.3110259920186246
244.73611111111111	40	1002.3014582881224	day	levels	pres0
-999.0	990.0	300.83024154991165	15.892901270477923	-2.182415911168922	-0.9437610662921508
-999.0	965.0	301.36204706377396	15.72579178986726	-3.057842093485373	-1.2355941456949504
-999.0	940.0	302.1833520518523	15.688420790213094	-3.7398704356617776	-1.5973318428904988
-999.0	915.0	303.2665544123718	15.369552550492415	-4.329540955799668	-1.9551736789721208
-999.0	890.0	304.3951308328381	14.721873716071748	-4.808258965059661	-2.2112741934963713
-999.0	865.0	305.4332841862137	13.774957082889655	-5.253733480418288	-2.3419653153461386
-999.0	840.0	306.3821511299078	12.675584581163168	-5.614646624635896	-2.3664412211489467
-999.0	815.0	307.28071969264624	11.532457907994576	-5.816332097406879	-2.2907298795051845
-999.0	790.0	308.2641383493323	10.40887302822535	-5.844845789450333	-2.103032577920924
-999.0	765.0	309.45073814270825	9.266219545293696	-5.748435704796544	-1.8325018652680973
-999.0	740.0	310.8314102463786	8.139511218777358	-5.536016364892445	-1.514048726953339
-999.0	715.0	312.3401439550229	7.0857318992967535	-5.240427911281669	-1.1731659961795664
-999.0	690.0	313.8540252353901	6.192329589967343	-4.929858595132876	-0.8194148750217027
-999.0	665.0	315.33235503078646	5.480471754515598	-4.626159153050862	-0.46073088512101257
-999.0	640.0	316.83838586406	4.8517994549539285	-4.443097707849963	-0.17528873916577375
-999.0	615.0	318.38682690441266	4.3183409483344395	-4.431895244038774	0.005806091965908006
-999.0	590.0	320.12929053995424	3.835942420694556	-4.540616115900116	0.12435860397226732
-999.0	565.0	322.0900447307601	3.4002975280638017	-4.780788294695061	0.17572328199945425
-999.0	540.0	324.07468590711807	2.9625701749766247	-5.100803784750145	0.17279065952260197
-999.0	515.0	326.0076149014283	2.509406749297067	-5.471128755973464	0.1080159509071976
-999.0	490.0	327.93687939004724	2.0709512918083717	-5.734959786136964	-0.009960906924991943
-999.0	465.0	329.8427253067989	1.647856338708486	-5.830004751682306	-0.16641404590119352
-999.0	440.0	331.7333108541148	1.2982416014980358	-5.792558433832973	-0.2682578562310466
-999.0	415.0	333.58466564682516	1.0225196232398324	-5.631843664855899	-0.24285758262571033
-999.0	390.0	335.43664832647767	0.8191110116464105	-5.416000322059376	0.018273568263728182
-999.0	365.0	337.2666829497939	0.6782867013028382	-5.170260189308082	0.5595473420495376
-999.0	340.0	339.0470293601925	0.5465794850002857	-4.910804775026119	1.286044376867739
-999.0	315.0	340.73400623992734	0.42578521012156373	-4.685061832131046	2.0999293956836027
-999.0	290.0	342.3297817653911	0.31071688607335307	-4.610559417969608	2.7961409632805747
-999.0	265.0	343.8535767236677	0.20974414292033172	-4.721699156142973	3.301210916428583
-999.0	240.0	345.32554678039713	0.12983176836537053	-4.871376657375485	3.6639598696319524
-999.0	215.0	346.7435037681453	0.07226259682189595	-4.680353323618463	3.715511127754455
-999.0	190.0	348.3322315569153	0.037599724700191746	-3.6598074234745006	3.0328673469247382
-999.0	165.0	350.5955757678165	0.018720428442099573	-1.8302140823667838	1.3988075868950673
-999.0	140.0	355.2712501539512	0.009073503522409324	-0.25787437858950524	-0.3537429710505353
-999.0	115.0	367.4843783948265	0.005303093145980893	1.0681375546587721	-0.857958259957794
-999.0	90.0	394.13999872882584	0.004346024404555867	3.8936458489408694	-0.36542818847074215
-999.0	65.0	441.8814521995373	0.0033226845876520466	2.11440702613988	-0.09830752408336724
-999.0	40.0	531.5739596445778	0.013061107110439112	-8.011493785375855	-0.1633643285043489
-999.0	15.0	720.8458692821681	0.06658218938995283	-16.57591479299252	-0.327185934866524
244.75	40	1001.8917744954426	day	levels	pres0
-999.0	990.0	300.9546261696956	15.832409461339315	-2.1938417330384254	-0.9672546690950788
-999.0	965.0	301.43076185495846	15.72496708234151	-3.022662003835042	-1.237530912893514
-999.0	940.0	302.22219005089636	15.728277524312336	-3.665689140558243	-1.5778569368024669
-999.0	915.0	303.30948283835113	15.433209578196205	-4.2315008640289316	-1.918771071980397
-999.0	890.0	304.450997618914	14.796248992284138	-4.693599144617716	-2.1629237760401643
-999.0	865.0	305.4968744229635	13.84762668609619	-5.129244228204091	-2.2861098549716794
-999.0	840.0	306.44900204448936	12.737114429473877	-5.4827208916346235	-2.3091278374195094
-999.0	815.0	307.34657831082586	11.581071853637695	-5.679895798365275	-2.2378524793311954
-999.0	790.0	308.32717939216104	10.452470938364664	-5.709751725196838	-2.0587775769333043
-999.0	765.0	309.5111126205201	9.310643275578817	-5.62214591105779	-1.8000552654266355
-999.0	740.0	310.891572839235	8.179602861404419	-5.429232478141785	-1.4920682191538313
-999.0	715.0	312.40257243311004	7.113568226496378	-5.160905043284098	-1.15868991240859
-999.0	690.0	313.91889293362306	6.208207130432129	-4.877130816380182	-0.8099718385686477
-999.0	665.0	315.39954387921415	5.484613776206969	-4.597284610072771	-0.4539075382053852
-999.0	640.0	316.90707191135044	4.849094033241272	-4.428161139289538	-0.17426046635955572
-999.0	615.0	318.4563094440842	4.314478496710461	-4.4182092013458405	-0.0033995329091945914
-999.0	590.0	320.20265929829014	3.8310582836469016	-4.52534914885958	0.10543050166840356
-999.0	565.0	322.17084574124937	3.394034783045451	-4.762956873824199	0.1495702552298705
-999.0	540.0	324.1588675999026	2.9560466011365256	-5.080748420208692	0.14531883907814822
-999.0	515.0	326.0884225503999	2.5038509170214334	-5.44919693066428	0.08695793027679126
-999.0	490.0	328.01020572664396	2.0660362790028253	-5.709595687066515	-0.01933233191569647
-999.0	465.0	329.90520644971394	1.6436871836582818	-5.800058571000894	-0.15983989462256434
-999.0	440.0	331.7852783271729	1.2949188252290091	-5.7621678312619515	-0.246723556270202
-999.0	415.0	333.6283772623256	1.0200114399194717	-5.606696635484695	-0.2091286579767862
-999.0	390.0	335.4759697268217	0.8169223169485729	-5.398159186045328	0.06231399501363438
-999.0	365.0	337.3056443558632	0.6758549970885117	-5.161456773678461	0.6110388808495675
-999.0	340.0	339.0859691037032	0.5443611790736517	-4.915452336271604	1.338653261462847
-999.0	315.0	340.7714741351656	0.4240174554288387	-4.708056189119816	2.146609591941039
-999.0	290.0	342.36433449464005	0.30943454802036285	-4.653610768727957	2.8339168926080065
-999.0	265.0	343.88333373974245	0.20895616027216116	-4.781281763066848	3.327028195063273
-999.0	240.0	345.34733280554553	0.12935124337673187	-4.9343283350269	3.667332145075003
-999.0	215.0	346.7534012430926	0.0719860444466273	-4.734587391217549	3.6844608485698704
-999.0	190.0	348.3258921151527	0.03754248532156149	-3.7089364180962248	2.976045024891694
-999.0	165.0	350.57611538799887	0.018762672242398064	-1.8773337186624606	1.3387961983680723
-999.0	140.0	355.26124742543755	0.009084994050984582	-0.2879688640435535	-0.403151193012794
-999.0	115.0	367.4945127846621	0.005285400664433837	1.0643614071110883	-0.8889930148919425
-999.0	90.0	394.1259789567483	0.004314093811747928	3.9110643168290453	-0.38065126786629355
-999.0	65.0	441.81841142128053	0.0033351246966049075	2.156416413917517	-0.10278766105572384
-999.0	40.0	531.5399318923847	0.013039193116128441	-7.966965199758608	-0.17601707577705383
-999.0	15.0	720.8691708928699	0.06664649117738007	-16.52663280069828	-0.34334587771445507
244.76388888888889	40	1001.845410382306	day	levels	pres0
-999.0	990.0	300.8804320339526	15.865028814033243	-2.1949231800519966	-0.9335130369980205
-999.0	965.0	301.4086200574875	15.738149545810847	-3.0547821549354315	-1.2139640998232937
-999.0	940.0	302.2185051908673	15.72360440536781	-3.702021546937851	-1.5517600022807898
-999.0	915.0	303.3082290178427	15.409635676277986	-4.269733734704878	-1.8882487413507478
-999.0	890.0	304.4446217326687	14.762337737613217	-4.738982012978365	-2.1322517029043784
-999.0	865.0	305.4903118238229	13.811926691620398	-5.181150149416112	-2.256167149826559
-999.0	840.0	306.4468410508448	12.702689276801175	-5.5405937609849945	-2.2792334112303685
-999.0	815.0	307.3522523172684	11.548618228347179	-5.744906630781048	-2.209150653263427
-999.0	790.0	308.33907439618605	10.421752408698717	-5.783942831887236	-2.0341757533174434
-999.0	765.0	309.52432692538383	9.284046844199818	-5.705224052623572	-1.782894078228164
-999.0	740.0	310.8997872576801	8.161062942610823	-5.518393408369244	-1.4848537453174002
-999.0	715.0	312.40147120045395	7.105316608040416	-5.2527939301951	-1.1627089033524023
-999.0	690.0	313.9094212336442	6.206141754432963	-4.967838133926842	-0.8251084275543675
-999.0	665.0	315.3833242062125	5.483242862754398	-4.681497065005563	-0.47909390498644167
-999.0	640.0	316.88378344567707	4.849222068433408	-4.500682444484214	-0.2036085903506869
-999.0	615.0	318.42547806263525	4.316934634138038	-4.473296024595197	-0.029149990942775553
-999.0	590.0	320.16609828842337	3.8356066423433828	-4.563387442845887	0.08577245779125398
-999.0	565.0	322.1317150749891	3.400464072271633	-4.785896437346128	0.1376285839273728
-999.0	540.0	324.12192305670516	2.963694573552523	-5.0910785320146	0.14129567477436733
-999.0	515.0	326.0586402195911	2.5115508216398763	-5.4507870955599635	0.09050442692306096
-999.0	490.0	327.9860244919856	2.0737993408132507	-5.708960676634748	-0.009449117713496585
-999.0	465.0	329.88279323697213	1.6514468204092108	-5.805144517303071	-0.14604632673714832
-999.0	440.0	331.7622858366352	1.3020020486028105	-5.777728017005683	-0.2342334878113434
-999.0	415.0	333.60277137644266	1.0259101917898203	-5.635812743394517	-0.20488027814361925
-999.0	390.0	335.4465236070657	0.8214704695123202	-5.439078993819454	0.05183431444067085
-999.0	365.0	337.2718817987026	0.6790298573948698	-5.209345693113715	0.5809930174231756
-999.0	340.0	339.04992738134	0.5470312636483589	-4.962679861630918	1.291664049305253
-999.0	315.0	340.7365303171527	0.4268099196531163	-4.745665948148203	2.0888057566178375
-999.0	290.0	342.33336892572095	0.31194762775191714	-4.674420502726735	2.771251114982089
-999.0	265.0	343.86000431677724	0.21095373985116284	-4.7792196439372505	3.263883093716861
-999.0	240.0	345.33820036889335	0.13084040237245842	-4.904564119599485	3.603135614483376
-999.0	215.0	346.76699059850546	0.07292017702841153	-4.67519360670333	3.6185136249771013
-999.0	190.0	348.36657826090953	0.03797474355195444	-3.6253206994797726	2.920356292829389
-999.0	165.0	350.638647476232	0.018922777811962322	-1.7813184940151765	1.3183309430324888
-999.0	140.0	355.31463900206137	0.009138373528710709	-0.18809822698423076	-0.376995708103555
-999.0	115.0	367.4909052291431	0.005303128911354762	1.155767843679254	-0.8447006645577921
-999.0	90.0	394.0671533739483	0.0043312765472499825	3.9634781363938227	-0.35587362075846146
-999.0	65.0	441.7925120155029	0.0033489409036486016	2.1502772609323793	-0.09119857088835201
-999.0	40.0	531.5613468498744	0.013053483933348365	-8.01676196963704	-0.17176755007220368
-999.0	15.0	720.9567155119132	0.06685619646062468	-16.590480652396394	-0.33075090821971626
244.77777777777777	40	1001.7990462691695	day	levels	pres0
-999.0	990.0	300.80623789820993	15.897648166727125	-2.1960046270655225	-0.8997714049010532
-999.0	965.0	301.38647826001653	15.751332009280164	-3.0869023060356975	-1.1903972867531507
-999.0	940.0	302.2148203308381	15.718931286423297	-3.738353953317344	-1.5256630677592036
-999.0	915.0	303.3069751973342	15.386061774359817	-4.307966605380713	-1.8577264107212055
-999.0	890.0	304.4382458464235	14.72842648294238	-4.7843648813388775	-2.101579629768705
-999.0	865.0	305.48374922468224	13.776226697144699	-5.233056070627969	-2.2262244446815553
-999.0	840.0	306.4446800572002	12.668264124128564	-5.598466630335185	-2.249338985041355
-999.0	815.0	307.357926323711	11.516164603056742	-5.809917463196622	-2.1804488271957934
-999.0	790.0	308.350969400211	10.39103387903285	-5.858133938577408	-2.0095739297017072
-999.0	765.0	309.53754123024765	9.257450412820898	-5.788302194189106	-1.765732891029795
-999.0	740.0	310.9080016761252	8.14252302381728	-5.6075543385964455	-1.4776392714810402
-999.0	715.0	312.40036996779793	7.0970649895844655	-5.344682817105854	-1.1667278942962525
-999.0	690.0	313.89994953366545	6.2040763784337924	-5.058545451473268	-0.8402450165400889
-999.0	665.0	315.3671045332108	5.481871949301824	-4.7657095199381505	-0.5042802717674602
-999.0	640.0	316.86049498000375	4.849350103625544	-4.573203749678723	-0.23295671434175386
-999.0	615.0	318.3946466811864	4.319390771565612	-4.528382847844429	-0.05490044897628481
-999.0	590.0	320.12953727855665	3.8401550010398555	-4.601425736832108	0.06611441391417178
-999.0	565.0	322.09258440872895	3.406893361497806	-4.808836000868009	0.12568691262492582
-999.0	540.0	324.08497851350796	2.9713425459685117	-5.101408643820494	0.13727251047061442
-999.0	515.0	326.02885788878234	2.519250726258311	-5.4523772604556555	0.09405092356933147
-999.0	490.0	327.9618432573273	2.081562402623668	-5.708325666202994	0.0004340964886825246
-999.0	465.0	329.8603800242305	1.6592064571601348	-5.810230463605237	-0.13225275885176405
-999.0	440.0	331.73929334609784	1.3090852719766104	-5.793288202749355	-0.2217434193525106
-999.0	415.0	333.57716549055993	1.0318089436601692	-5.664928851304221	-0.2006318983104517
-999.0	390.0	335.4170774873099	0.8260186220760687	-5.479998801593413	0.041354633867744545
-999.0	365.0	337.238119241542	0.6822047177012315	-5.257234612548776	0.5509471539968612
-999.0	340.0	339.0138856589768	0.5497013482230676	-5.009907386990041	1.244674837147768
-999.0	315.0	340.70158649913986	0.4296023838773916	-4.783275707176425	2.0310019212947648
-999.0	290.0	342.30240335680185	0.3144607074834676	-4.695230236725392	2.708585337356312
-999.0	265.0	343.836674893812	0.21295131943016085	-4.777157524807588	3.200737992370597
-999.0	240.0	345.32906793224123	0.13232956136818239	-4.87479990417208	3.5389390838919126
-999.0	215.0	346.7805799539182	0.0738543096101943	-4.615799822189214	3.552566401384523
-999.0	190.0	348.4072644066663	0.03840700178234651	-3.5417049808634977	2.8646675607672716
-999.0	165.0	350.70117956446506	0.01908288338152617	-1.6853032693681178	1.297865687697043
-999.0	140.0	355.36803057868497	0.009191753006436742	-0.08822758992517071	-0.350840223194264
-999.0	115.0	367.4872976736242	0.005320857158275659	1.2471742802471668	-0.800408314223645
-999.0	90.0	394.0083277911485	0.004348459282751979	4.015891955958454	-0.3310959736506184
-999.0	65.0	441.7666126097252	0.0033627571106922814	2.1441381079472515	-0.07960948072098212
-999.0	40.0	531.5827618073644	0.013067774750568242	-8.066558739515344	-0.16751802436731544
-999.0	15.0	721.0442601309562	0.06706590174386892	-16.65432850409434	-0.3181559387249546
244.79166666666666	40	1001.7526821560328	day	levels	pres0
-999.0	990.0	300.7320437624671	15.930267519421063	-2.1970860740790914	-0.8660297728039869
-999.0	965.0	301.3643364625455	15.764514472749504	-3.1190224571360856	-1.1668304736829234
-999.0	940.0	302.21113547080904	15.71425816747877	-3.7746863596969518	-1.4995661332375194
-999.0	915.0	303.30572137682583	15.362487872441596	-4.346199476056661	-1.8272040800915486
-999.0	890.0	304.43186996017823	14.694515228271461	-4.829747749699528	-2.0709075566329127
-999.0	865.0	305.4771866255416	13.740526702668902	-5.28496199183999	-2.1962817395364294
-999.0	840.0	306.44251906355555	12.633838971455866	-5.656339499685557	-2.219444558852209
-999.0	815.0	307.36360033015353	11.483710977766224	-5.874928295612398	-2.1517470011280224
-999.0	790.0	308.36286440423595	10.360315349366903	-5.932325045267809	-1.9849721060858447
-999.0	765.0	309.5507555351114	9.230853981441898	-5.871380335754891	-1.7485717038313238
-999.0	740.0	310.9162160945703	8.123983105023687	-5.696715268823909	-1.4704247976446108
-999.0	715.0	312.3992687351419	7.088813371128506	-5.436571704016863	-1.1707468852400684
-999.0	690.0	313.89047783368665	6.202011002434629	-5.1492527690199354	-0.8553816055258141
-999.0	665.0	315.350884860209	5.480501035849255	-4.849921974870952	-0.5294666385485223
-999.0	640.0	316.8372065143304	4.849478138817682	-4.64572505487341	-0.2623048383328895
-999.0	615.0	318.36381529973744	4.321846908993194	-4.583469671093794	-0.08065090700986713
-999.0	590.0	320.0929762686899	3.844703359736342	-4.63946403081842	0.04645637003702287
-999.0	565.0	322.0534537424688	3.413322650723993	-4.83177556438994	0.11374524132242962
-999.0	540.0	324.0480339703104	2.978990518384516	-5.111738755626401	0.13324934616683434
-999.0	515.0	325.9990755579735	2.5269506308767586	-5.453967425351336	0.09759742021560028
-999.0	490.0	327.93766202266886	2.0893254644340993	-5.707690655771222	0.010317310690880939
-999.0	465.0	329.83796681148874	1.6669660939110689	-5.815316409907408	-0.11845919096634801
-999.0	440.0	331.71630085556023	1.3161684953504165	-5.808848388493077	-0.20925335089364921
-999.0	415.0	333.5515596046769	1.037707695530522	-5.694044959214037	-0.19638351847727836
-999.0	390.0	335.3876313675538	0.8305667746398184	-5.520918609367533	0.030874953294788204
-999.0	365.0	337.20435668438137	0.6853795780075911	-5.3051235319840275	0.5209012905704731
-999.0	340.0	338.9778439366136	0.5523714327977758	-5.0571349123493565	1.197685624990173
-999.0	315.0	340.6666426811269	0.4323948481016696	-4.820885466204815	1.9731980859715588
-999.0	290.0	342.27143778788275	0.3169737872150222	-4.716039970724171	2.6459195597303866
-999.0	265.0	343.8133454708468	0.21494889900916275	-4.775095405677987	3.1375928910241777
-999.0	240.0	345.31993549558905	0.13381872036390924	-4.845035688744658	3.4747425533002794
-999.0	215.0	346.79416930933115	0.0747884421919788	-4.556406037674986	3.4866191777917535
-999.0	190.0	348.4479505524229	0.038839260012739546	-3.458089262247038	2.808978828704971
-999.0	165.0	350.7637116526983	0.01924298895109044	-1.5892880447208304	1.2774004323614696
-999.0	140.0	355.4214221553086	0.009245132484162876	0.011643047134147044	-0.3246847382850152
-999.0	115.0	367.4836901181052	0.005338585405196587	1.338580716815326	-0.7561159638894893
-999.0	90.0	393.94950220834863	0.004365642018254033	4.068305775523227	-0.3063183265427837
-999.0	65.0	441.74071320394756	0.003376573317735977	2.1379989549621117	-0.06802039055361148
-999.0	40.0	531.6041767648541	0.013082065567788168	-8.11635550939378	-0.16326849866245882
-999.0	15.0	721.1318047499993	0.06727560702711359	-16.718176355792462	-0.3055609692302079
244.80555555555554	40	1001.7063180428964	day	levels	pres0
-999.0	990.0	300.65784962672444	15.962886872114938	-2.1981675210926173	-0.8322881407070197
-999.0	965.0	301.3421946650746	15.777696936218822	-3.1511426082363516	-1.1432636606127806
-999.0	940.0	302.20745061077986	15.709585048534255	-3.811018766076445	-1.4734691987159336
-999.0	915.0	303.3044675563174	15.338913970523425	-4.384432346732496	-1.7966817494620069
-999.0	890.0	304.425494073933	14.660603973600622	-4.875130618060041	-2.040235483497239
-999.0	865.0	305.47062402640097	13.704826708193202	-5.336867913051847	-2.1663390343914264
-999.0	840.0	306.440358069911	12.599413818783253	-5.714212369035747	-2.189550132663195
-999.0	815.0	307.3692743365961	11.451257352475789	-5.939939128027971	-2.1230451750603883
-999.0	790.0	308.3747594082609	10.329596819701038	-6.006516151957982	-1.9603702824701081
-999.0	765.0	309.56396983997513	9.204257550062978	-5.9544584773204265	-1.7314105166329545
-999.0	740.0	310.92443051301535	8.105443186230147	-5.785876199051113	-1.463210323808251
-999.0	715.0	312.39816750248593	7.080561752672556	-5.528460590927617	-1.1747658761839186
-999.0	690.0	313.8810061337078	6.199945626435458	-5.239960086566362	-0.8705181945115352
-999.0	665.0	315.33466518720735	5.479130122396684	-4.934134429803541	-0.5546530053295408
-999.0	640.0	316.8139180486571	4.849606174009819	-4.718246360067919	-0.29165296232395643
-999.0	615.0	318.3329839182885	4.324303046420769	-4.638556494343025	-0.10640136504337641
-999.0	590.0	320.0564152588232	3.8492517184328134	-4.677502324804641	0.026798326159940634
-999.0	565.0	322.01432307620865	3.4197519399501655	-4.85471512791182	0.10180357001998269
-999.0	540.0	324.0110894271132	2.986638490800504	-5.1220688674322945	0.12922618186308135
-999.0	515.0	325.96929322716477	2.5346505354951923	-5.45555759024703	0.10114391686187092
-999.0	490.0	327.9134807880106	2.0970885262445167	-5.707055645339468	0.020200524893059908
-999.0	465.0	329.81555359874704	1.6747257306619927	-5.8204023562095735	-0.1046656230809639
-999.0	440.0	331.69330836502263	1.323251718724216	-5.824408574236749	-0.19676328243481628
-999.0	415.0	333.52595371879414	1.0436064474008708	-5.7231610671237405	-0.1921351386441108
-999.0	390.0	335.35818524779796	0.8351149272035675	-5.561838417141492	0.020395272721861812
-999.0	365.0	337.17059412722074	0.6885544383139526	-5.353012451419088	0.49085542714415886
-999.0	340.0	338.94180221425046	0.5550415173724845	-5.1043624377084775	1.1506964128326884
-999.0	315.0	340.63169886311414	0.43518731232594493	-4.858495225233037	1.915394250648486
-999.0	290.0	342.2404722189637	0.3194868669465727	-4.736849704722827	2.583253782104608
-999.0	265.0	343.7900160478816	0.21694647858816074	-4.7730332865483245	3.074447789677914
-999.0	240.0	345.31080305893687	0.13530787935963318	-4.815271473317253	3.4105460227088167
-999.0	215.0	346.8077586647438	0.07572257477376163	-4.497012253160867	3.420671954199174
-999.0	190.0	348.4886366981796	0.03927151824313161	-3.374473543630763	2.7532900966428535
-999.0	165.0	350.8262437409314	0.019403094520654293	-1.4932728200737715	1.2569351770260238
-999.0	140.0	355.47481373193233	0.009298511961888908	0.11151368419320734	-0.2985292533757243
-999.0	115.0	367.4800825625862	0.005356313652117484	1.4299871533832391	-0.7118236135553422
-999.0	90.0	393.8906766255488	0.0043828247537560285	4.1207195950878575	-0.2815406794349404
-999.0	65.0	441.7148137981698	0.003390389524779657	2.131859801976984	-0.056431300386241556
-999.0	40.0	531.6255917223439	0.013096356385008043	-8.166152279272083	-0.15901897295757056
-999.0	15.0	721.2193493690423	0.06748531231035779	-16.782024207490416	-0.2929659997354463
244.81944444444446	40	1001.6599539297597	day	levels	pres0
-999.0	990.0	300.5836554909815	15.995506224808887	-2.199248968106186	-0.798546508609947
-999.0	965.0	301.3200528676036	15.790879399688162	-3.183262759336751	-1.1196968475425453
-999.0	940.0	302.2037657507508	15.704911929589727	-3.8473511724560665	-1.4473722641942415
-999.0	915.0	303.303213735809	15.315340068605195	-4.422665217408458	-1.766159418832344
-999.0	890.0	304.41911818768784	14.626692718929693	-4.9205134864207025	-2.0095634103614395
-999.0	865.0	305.4640614272603	13.6691267137174	-5.388773834263877	-2.1363963292462915
-999.0	840.0	306.43819707626636	12.564988666110544	-5.772085238386127	-2.1596557064740405
-999.0	815.0	307.3749483430386	11.418803727185262	-6.004949960443758	-2.094343348992609
-999.0	790.0	308.38665441228585	10.298878290035084	-6.080707258648403	-1.935768458854237
-999.0	765.0	309.57718414483895	9.177661118683972	-6.037536618886238	-1.714249329434474
-999.0	740.0	310.93264493146046	8.086903267436542	-5.875037129278608	-1.4559958499718126
-999.0	715.0	312.39706626982985	7.072310134216584	-5.6203494778386585	-1.1787848671277252
-999.0	690.0	313.871534433729	6.1978802504362855	-5.3306674041130595	-0.8856547834972514
-999.0	665.0	315.3184455142057	5.477759208944106	-5.018346884736369	-0.5798393721105938
-999.0	640.0	316.7906295829836	4.849734209201953	-4.790767665262623	-0.32100108631508273
-999.0	615.0	318.30215253683957	4.326759183848345	-4.693643317592399	-0.13215182307694898
-999.0	590.0	320.01985424895645	3.8538000771292933	-4.715540618790955	0.00714028228280314
-999.0	565.0	321.9751924099485	3.426181229176345	-4.877654691433753	0.08986189871750036
-999.0	540.0	323.9741448839157	2.9942864632164996	-5.1323989792382045	0.12520301755931795
-999.0	515.0	325.939510896356	2.5423504401136325	-5.4571477551427146	0.10469041350815803
-999.0	490.0	327.8892995533522	2.10485158805494	-5.706420634907705	0.030083739095275976
-999.0	465.0	329.79314038600535	1.6824853674129203	-5.8254883025117525	-0.0908720551955352
-999.0	440.0	331.67031587448514	1.3303349420980166	-5.839968759980481	-0.18427321397595103
-999.0	415.0	333.5003478329112	1.0495051992712194	-5.75227717503356	-0.18788675881094571
-999.0	390.0	335.328739128042	0.839663079767315	-5.602758224915608	0.009915592148885127
-999.0	365.0	337.1368315700601	0.691729298620312	-5.400901370854325	0.46080956371774123
-999.0	340.0	338.90576049188724	0.5577116019471928	-5.151589963067769	1.1037072006750592
-999.0	315.0	340.59675504510125	0.43797977655022297	-4.896104984261394	1.8575904153252465
-999.0	290.0	342.2095066500445	0.32199994667812726	-4.757659438721571	2.5205880044786553
-999.0	265.0	343.76668662491636	0.21894405816716267	-4.77097116741869	3.0113026883314697
-999.0	240.0	345.30167062228463	0.13679703835535995	-4.785507257889799	3.346349492117162
-999.0	215.0	346.8213480201567	0.07665670735554597	-4.437618468646611	3.3547247306063777
-999.0	190.0	348.5293228439363	0.039703776473524584	-3.290857825014269	2.69760136458051
-999.0	165.0	350.8887758291646	0.019563200090218565	-1.3972575954264321	1.2364699216903945
-999.0	140.0	355.52820530855604	0.009351891439615052	0.21138432125259082	-0.27237376846651695
-999.0	115.0	367.4764750070673	0.0053740418990384205	1.5213935899514517	-0.6675312632211943
-999.0	90.0	393.8318510427489	0.004400007489258098	4.173133414652653	-0.2567630323270905
-999.0	65.0	441.6889143923921	0.003404205731823355	2.1257206489918326	-0.04484221021885518
-999.0	40.0	531.6470066798337	0.013110647202227961	-8.215949049150542	-0.15476944725271138
-999.0	15.0	721.3068939880856	0.06769501759360243	-16.845872059188554	-0.2803710302407031
244.83333333333334	40	1001.6135898166232	day	levels	pres0
-999.0	990.0	300.50946135523884	16.02812557750277	-2.200330415119714	-0.7648048765129704
-999.0	965.0	301.29791107013256	15.804061863157484	-3.2153829104370173	-1.0961300344723905
-999.0	940.0	302.20008089072167	15.700238810645216	-3.8836835788355586	-1.4212753296726435
-999.0	915.0	303.3019599153006	15.291766166687028	-4.460898088084294	-1.7356370882027896
-999.0	890.0	304.4127423014427	14.592781464258852	-4.965896354781213	-1.9788913372257546
-999.0	865.0	305.45749882811964	13.633426719241701	-5.440679755475732	-2.106453624101277
-999.0	840.0	306.4360360826217	12.530563513437938	-5.8299581077363145	-2.129761280285017
-999.0	815.0	307.3806223494812	11.386350101894829	-6.069960792859331	-2.0656415229249663
-999.0	790.0	308.3985494163108	10.26815976036922	-6.154898365338576	-1.9111666352384942
-999.0	765.0	309.59039844970266	9.151064687305054	-6.120614760451774	-1.6970881422360997
-999.0	740.0	310.9408593499056	8.068363348643004	-5.964198059505815	-1.4487813761354493
-999.0	715.0	312.3959650371738	7.064058515760637	-5.712238364749417	-1.1828038580715734
-999.0	690.0	313.8620627337501	6.195814874437119	-5.421374721659493	-0.9007913724829723
-999.0	665.0	315.302225841204	5.476388295491539	-5.102559339668963	-0.6050257388916124
-999.0	640.0	316.76734111731037	4.849862244394092	-4.863288970457139	-0.3503492103061487
-999.0	615.0	318.27132115539075	4.329215321275924	-4.748730140841635	-0.15790228111045468
-999.0	590.0	319.98329323908973	3.8583484358257722	-4.75357891277718	-0.012517761594274042
-999.0	565.0	321.9360617436884	3.4326105184025226	-4.900594254955633	0.0779202274150587
-999.0	540.0	323.9372003407184	3.001934435632492	-5.142729091044093	0.12117985325556863
-999.0	515.0	325.9097285655472	2.550050344732072	-5.458737920038401	0.10823691015442928
-999.0	490.0	327.8651183186939	2.112614649865361	-5.705785624475942	0.039966953297454214
-999.0	465.0	329.7707271732636	1.6902450041638477	-5.83057424881391	-0.07707848731015103
-999.0	440.0	331.6473233839474	1.3374181654718194	-5.855528945724143	-0.17178314551711515
-999.0	415.0	333.4747419470284	1.0554039511415705	-5.781393282943253	-0.1836383789777713
-999.0	390.0	335.29929300828616	0.8442112323310654	-5.643678032689557	-0.0005640884240331323
-999.0	365.0	337.10306901289954	0.6949041589266739	-5.448790290289379	0.4307637002914321
-999.0	340.0	338.8697187695241	0.5603816865219017	-5.198817488426886	1.056717988517575
-999.0	315.0	340.56181122708836	0.44077224077449806	-4.933714743289613	1.79978658000217
-999.0	290.0	342.17854108112545	0.32451302640967744	-4.778469172720225	2.4579222268528707
-999.0	265.0	343.7433572019511	0.2209416377461605	-4.768909048289023	2.9481575869851984
-999.0	240.0	345.29253818563245	0.13828619735108397	-4.755743042462389	3.282152961525696
-999.0	215.0	346.83493737556944	0.07759083993732892	-4.378224684132488	3.2887775070137986
-999.0	190.0	348.57000898969306	0.040136034703916725	-3.2072421063979903	2.641912632518396
-999.0	165.0	350.9513079173977	0.01972330565978242	-1.301242370779375	1.2160046663549475
-999.0	140.0	355.58159688517975	0.009405270917341084	0.31125495831164085	-0.24621828355723638
-999.0	115.0	367.47286745154827	0.005391770145959317	1.6128000265193516	-0.62323891288706
-999.0	90.0	393.77302545994905	0.0044171902247600965	4.225547234217275	-0.23198538521925172
-999.0	65.0	441.66301498661437	0.003418021938867033	2.1195814960067008	-0.03325312005148895
-999.0	40.0	531.6684216373234	0.013124938019447844	-8.26574581902885	-0.15051992154781801
-999.0	15.0	721.3944386071288	0.06790472287684667	-16.909719910886512	-0.2677760607459374
244.84722222222223	40	1001.5672257034868	day	levels	pres0
-999.0	990.0	300.435267219496	16.060744930196698	-2.2014118621332814	-0.7310632444159132
-999.0	965.0	301.27576927266165	15.817244326626817	-3.2475030615374054	-1.072563221402175
-999.0	940.0	302.19639603069254	15.695565691700688	-3.920015985215167	-1.3951783951509713
-999.0	915.0	303.3007060947921	15.268192264768803	-4.499130958760241	-1.7051147575731447
-999.0	890.0	304.4063664151974	14.55887020958793	-5.011279223141865	-1.9482192640899731
-999.0	865.0	305.450936228979	13.597726724765902	-5.492585676687756	-2.076510918956162
-999.0	840.0	306.4338750889771	12.496138360765231	-5.88783097708669	-2.0998668540958816
-999.0	815.0	307.3862963559238	11.353896476604309	-6.134971625275108	-2.036939696857204
-999.0	790.0	308.4104444203358	10.237441230703272	-6.229089472028974	-1.886564811622638
-999.0	765.0	309.6036127545665	9.124468255926054	-6.203692902017558	-1.6799269550376337
-999.0	740.0	310.9490737683506	8.049823429849408	-6.053358989733275	-1.4415669022990234
-999.0	715.0	312.39486380451774	7.055806897304673	-5.804127251660422	-1.1868228490153911
-999.0	690.0	313.8525910337714	6.193749498437952	-5.512082039206154	-0.9159279614686978
-999.0	665.0	315.28600616820233	5.475017382038965	-5.186771794601757	-0.6302121056726744
-999.0	640.0	316.744052651637	4.849990279586228	-4.93581027565182	-0.37969733429728536
-999.0	615.0	318.24048977394176	4.331671458703503	-4.803816964090995	-0.18365273914404062
-999.0	590.0	319.946732229223	3.8628967945222525	-4.79161720676349	-0.03217580547142798
-999.0	565.0	321.8969310774282	3.4390398076287054	-4.923533818477566	0.06597855611255714
-999.0	540.0	323.900255797521	3.0095824080484914	-5.153059202850004	0.11715668895178478
-999.0	515.0	325.8799462347384	2.5577502493505153	-5.460328084934086	0.11178340680069723
-999.0	490.0	327.84093708403555	2.1203777116757876	-5.705150614044178	0.049850167499653444
-999.0	465.0	329.74831396052184	1.6980046409147782	-5.835660195116091	-0.06328491942473502
-999.0	440.0	331.62433089340993	1.3445013888456223	-5.871089131467875	-0.15929307705825663
-999.0	415.0	333.4491360611454	1.0613027030119204	-5.810509390853079	-0.1793899991446048
-999.0	390.0	335.2698468885301	0.8487593848948136	-5.684597840463687	-0.011043768996997577
-999.0	365.0	337.0693064557389	0.6980790192330331	-5.496679209724637	0.4007178368650389
-999.0	340.0	338.83367704716085	0.5630517710966098	-5.2460450137862065	1.0097287763599792
-999.0	315.0	340.52686740907546	0.44356470499877626	-4.971324502318006	1.7419827446789677
-999.0	290.0	342.1475755122063	0.3270261061412323	-4.799278906719007	2.3952564492269524
-999.0	265.0	343.7200277789859	0.2229392173251626	-4.766846929159427	2.8850124856387858
-999.0	240.0	345.28340574898033	0.13977535634681076	-4.7259788270349725	3.217956430934066
-999.0	215.0	346.84852673098226	0.07852497251911326	-4.318830899618266	3.2228302834210294
-999.0	190.0	348.6106951354499	0.0405682929343097	-3.1236263877815342	2.5862239004560923
-999.0	165.0	351.01384000563087	0.01988341122934669	-1.2052271461320858	1.195539411019375
-999.0	140.0	355.63498846180335	0.00945865039506722	0.4111255953709688	-0.22006279864797726
-999.0	115.0	367.46925989602926	0.005409498392880245	1.7042064630875235	-0.5789465625528913
-999.0	90.0	393.71419987714904	0.004434372960262148	4.277961053782057	-0.20720773811141247
-999.0	65.0	441.6371155808367	0.0034318381459107314	2.1134423430215654	-0.02166402988411467
-999.0	40.0	531.6898365948131	0.013139228836667764	-8.315542588907281	-0.14627039584296658
-999.0	15.0	721.4819832261718	0.0681144281600913	-16.973567762584626	-0.25518109125119476
244.86111111111111	40	1001.5208615903501	day	levels	pres0
-999.0	990.0	300.3610730837533	16.093364282890583	-2.2024933091468073	-0.697321612318946
-999.0	965.0	301.2536274751907	15.830426790096135	-3.2796232126376705	-1.0489964083320322
-999.0	940.0	302.19271117066336	15.690892572756173	-3.956348391594661	-1.3690814606293857
-999.0	915.0	303.2994522742837	15.244618362850634	-4.537363829436078	-1.6745924269436026
-999.0	890.0	304.39999052895223	14.524958954917095	-5.056662091502377	-1.9175471909543
-999.0	865.0	305.44437362983837	13.562026730290205	-5.544491597899613	-2.046568213811159
-999.0	840.0	306.43171409533255	12.461713208092622	-5.9457038464368805	-2.069972427906867
-999.0	815.0	307.3919703623663	11.321442851313874	-6.199982457690682	-2.00823787078957
-999.0	790.0	308.42233942436076	10.206722701037407	-6.303280578719148	-1.8619629880069022
-999.0	765.0	309.6168270594302	9.09787182454713	-6.286771043583093	-1.6627657678392644
-999.0	740.0	310.9572881867957	8.031283511055863	-6.1425199199604785	-1.4343524284626636
-999.0	715.0	312.39376257186177	7.047555278848724	-5.896016138571175	-1.1908418399592413
-999.0	690.0	313.8431193337926	6.1916841224387795	-5.602789356752582	-0.9310645504544189
-999.0	665.0	315.26978649520066	5.473646468586392	-5.2709842495343455	-0.655398472453693
-999.0	640.0	316.72076418596373	4.850118314778364	-5.0083315808463285	-0.40904545828835226
-999.0	615.0	318.2096583924929	4.334127596131076	-4.858903787340227	-0.20940319717754982
-999.0	590.0	319.9101712193563	3.867445153218726	-4.829655500749712	-0.05183384934851042
-999.0	565.0	321.857800411168	3.4454690968548785	-4.9464733819994455	0.05403688481011006
-999.0	540.0	323.8633112543237	3.0172303804644804	-5.163389314655897	0.1131335246480316
-999.0	515.0	325.8501639039296	2.5654501539689494	-5.461918249829779	0.1153299034469679
-999.0	490.0	327.8167558493772	2.128140773486206	-5.704515603612424	0.05973338170183247
-999.0	465.0	329.72590074778014	1.7057642776657023	-5.840746141418256	-0.04949135153935083
-999.0	440.0	331.6013384028725	1.3515846122194217	-5.886649317211548	-0.14680300859942375
-999.0	415.0	333.4235301752626	1.0672014548822693	-5.839625498762782	-0.1751416193114373
-999.0	390.0	335.2404007687743	0.8533075374585625	-5.725517648237647	-0.021523449569923844
-999.0	365.0	337.0355438985783	0.7012538795393947	-5.544568129159697	0.3706719734387246
-999.0	340.0	338.7976353247976	0.5657218556713186	-5.293272539145329	0.9627395642024948
-999.0	315.0	340.4919235910627	0.44635716922305163	-5.008934261346228	1.6841789093558954
-999.0	290.0	342.11660994328736	0.3295391858727828	-4.820088640717662	2.332590671601175
-999.0	265.0	343.69669835602065	0.22493679690416052	-4.764784810029765	2.821867384292521
-999.0	240.0	345.2742733123281	0.14126451534253473	-4.6962146116075685	3.153759900342603
-999.0	215.0	346.8621160863952	0.07945910510089606	-4.259437115104149	3.1568830598284494
-999.0	190.0	348.65138128120645	0.04100055116470177	-3.040010669165259	2.530535168393975
-999.0	165.0	351.0763720938639	0.020043516798910546	-1.1092119214850267	1.175074155683929
-999.0	140.0	355.68838003842706	0.00951202987279325	0.510996232430029	-0.1939073137386863
-999.0	115.0	367.46565234051036	0.005427226639801143	1.7956128996554366	-0.5346542122187445
-999.0	90.0	393.65537429434926	0.0044515556957641445	4.330374873346688	-0.18243009100356944
-999.0	65.0	441.61121617505904	0.0034456543529544107	2.107303190036437	-0.01007493971674478
-999.0	40.0	531.7112515523028	0.013153519653887641	-8.365339358785585	-0.14202087013807832
-999.0	15.0	721.5695278452148	0.06832413344333552	-17.037415614282573	-0.24258612175643307
244.875	40	1001.4744974772136	day	levels	pres0
-999.0	990.0	300.2868789480103	16.12598363558451	-2.2035747561603785	-0.6635799802218874
-999.0	965.0	301.23148567771966	15.843609253565468	-3.31174336373806	-1.0254295952618122
-999.0	940.0	302.1890263106343	15.686219453811646	-3.992680797974268	-1.342984526107709
-999.0	915.0	303.29819845377517	15.221044460932415	-4.575596700112025	-1.6440700963139532
-999.0	890.0	304.39361464270695	14.491047700246176	-5.102044959863027	-1.8868751178185144
-999.0	865.0	305.4378110306978	13.526326735814411	-5.596397519111633	-2.0166255086660385
-999.0	840.0	306.42955310168793	12.427288055419922	-6.003576715787251	-2.040078001717726
-999.0	815.0	307.39764436880887	11.288989226023356	-6.264993290106456	-1.979536044721802
-999.0	790.0	308.4342344283858	10.17600417137146	-6.377471685409545	-1.837361164391041
-999.0	765.0	309.630041364294	9.071275393168131	-6.369849185148874	-1.6456045806407928
-999.0	740.0	310.9655026052409	8.01274359226227	-6.231680850187936	-1.4271379546262322
-999.0	715.0	312.39266133920574	7.03930366039276	-5.987905025482176	-1.1948608309030533
-999.0	690.0	313.8336476338137	6.189618746439617	-5.693496674299239	-0.9462011394401391
-999.0	665.0	315.253566822199	5.47227555513382	-5.355196704467137	-0.6805848392347494
-999.0	640.0	316.6974757202904	4.850246349970499	-5.080852886041006	-0.4383935822794835
-999.0	615.0	318.178827011044	4.336583733558655	-4.913990610589583	-0.2351536552111308
-999.0	590.0	319.8736102094895	3.871993511915206	-4.8676937947360175	-0.0714918932256599
-999.0	565.0	321.81866974490794	3.45189838608106	-4.969412945521374	0.042095213507612556
-999.0	540.0	323.82636671112624	3.024878352880478	-5.1737194264618065	0.10911036034425098
-999.0	515.0	325.82038157312087	2.5731500585873914	-5.463508414725462	0.11887640009323752
-999.0	490.0	327.7925746147189	2.135903835296631	-5.703880593180656	0.06961659590403235
-999.0	465.0	329.7034875350384	1.713523914416631	-5.845832087720434	-0.0356977836539348
-999.0	440.0	331.5783459123349	1.3586678355932236	-5.902209502955277	-0.13431294014056522
-999.0	415.0	333.3979242893797	1.0731002067526183	-5.868741606672605	-0.17089323947827018
-999.0	390.0	335.2109546490183	0.8578556900223095	-5.766437456011772	-0.03200313014288741
-999.0	365.0	337.00178134141765	0.7044287398457526	-5.592457048594952	0.3406261100123325
-999.0	340.0	338.76159360243446	0.5683919402460257	-5.340500064504644	0.9157503520449001
-999.0	315.0	340.45697977304974	0.4491496334473292	-5.046544020374616	1.6263750740326943
-999.0	290.0	342.08564437436814	0.3320522656043371	-4.840898374716441	2.269924893975258
-999.0	265.0	343.67336893305554	0.22693437648316225	-4.7627226909001665	2.7587222829461098
-999.0	240.0	345.26514087567597	0.14275367433826128	-4.666450396180153	3.0895633697509757
-999.0	215.0	346.87570544180784	0.08039323768268028	-4.2000433305899305	3.0909358362356816
-999.0	190.0	348.6920674269632	0.04143280939509471	-2.9563949505488076	2.4748464363316693
-999.0	165.0	351.13890418209706	0.0202036223684748	-1.013196696837743	1.1546089003483453
-999.0	140.0	355.74177161505077	0.00956540935051938	0.6108668694893518	-0.1677518288294476
-999.0	115.0	367.4620447849913	0.005444954886722068	1.8870193362236023	-0.490361861884594
-999.0	90.0	393.5965487115493	0.004468738431266198	4.382788692911466	-0.15765244389573735
-999.0	65.0	441.58531676928135	0.003459470559998105	2.1011640370513	0.0015141504506269998
-999.0	40.0	531.7326665097927	0.013167810471107561	-8.415136128664015	-0.13777134443322817
-999.0	15.0	721.657072464258	0.06853383872658014	-17.101263465980686	-0.22999115226169425
244.88888888888889	40	1001.7685241699222	day	levels	pres0
-999.0	990.0	300.2123784755244	16.151086657135586	-2.2055482414585788	-0.6312824725000593
-999.0	965.0	301.2090929598596	15.854631282665114	-3.3450872831874974	-1.0034155962057123
-999.0	940.0	302.1851815394144	15.680673634564428	-4.029988769027972	-1.318379332000975
-999.0	915.0	303.29693477892164	15.196139123704674	-4.614141608829899	-1.6145592064216847
-999.0	890.0	304.38728754331186	14.455482465249483	-5.147167287491043	-1.856704992828499
-999.0	865.0	305.4313061583963	13.48908565662521	-5.647670571450904	-1.986857917573667
-999.0	840.0	306.427548925614	12.391522910859806	-6.060527816966806	-2.010102584958021
-999.0	815.0	307.4035343709559	11.255159863719198	-6.329015619225058	-1.9505356306520019
-999.0	790.0	308.4463476616353	10.143832365671756	-6.450769645196515	-1.8124090929825554
-999.0	765.0	309.64348567414095	9.04321157490762	-6.452064096927746	-1.6280936115869322
-999.0	740.0	310.97391842691246	7.992880772661254	-6.320020284917726	-1.419683128181399
-999.0	715.0	312.3917958406229	7.02994172661392	-6.079081778173197	-1.1988591847044276
-999.0	690.0	313.8242896646095	6.1865933669938	-5.7835532448910865	-0.9614649751154624
-999.0	665.0	315.237461133001	5.470273810404318	-5.438770861537451	-0.7059531531952206
-999.0	640.0	316.67432464211953	4.849672736944975	-5.15284508080401	-0.4679943162051347
-999.0	615.0	318.14810114869204	4.33807819419437	-4.968739457152559	-0.2612348897038008
-999.0	590.0	319.8370925677925	3.8753476164959118	-4.9054309302182455	-0.09154095590393693
-999.0	565.0	321.77960427535777	3.4569911526309145	-4.991935940390404	0.029743131112144584
-999.0	540.0	323.7894760823837	3.0311228125183702	-5.183535955846315	0.10469190997104584
-999.0	515.0	325.7906880479317	2.579491851506412	-5.464540067922181	0.12207085804806571
-999.0	490.0	327.7684280251522	2.142356356536902	-5.7027034320765	0.07914491604876382
-999.0	465.0	329.68114289864616	1.720127781784093	-5.850437676189126	-0.022317722163805967
-999.0	440.0	331.555435236707	1.3648634464652445	-5.917414635143925	-0.12225121873671399
-999.0	415.0	333.37237762003696	1.0784357708913295	-5.897685913679555	-0.16703341542570876
-999.0	390.0	335.1814856017633	0.8620422104442544	-5.807318744008263	-0.04282766359825428
-999.0	365.0	336.9679940996174	0.707352411277866	-5.640400551259606	0.3102881214408631
-999.0	340.0	338.72557726251375	0.5708615635004297	-5.387792800173804	0.8685348778962639
-999.0	315.0	340.422023769972	0.4517589411525821	-5.084156940380808	1.5684104924676077
-999.0	290.0	342.0546266863799	0.3344119762380932	-4.861675127788883	2.2071425015175223
-999.0	265.0	343.64995856895814	0.22882575045029463	-4.760600738089427	2.6954760832918407
-999.0	240.0	345.2559396175725	0.14420200718773837	-4.63657223460851	3.0252662411441826
-999.0	215.0	346.88915144450294	0.08133193619411357	-4.140479067409441	3.0248838861782548
-999.0	190.0	348.7325151454024	0.04187947608254611	-2.8725820934330257	2.419064345045142
-999.0	165.0	351.2011580116041	0.020372368395328706	-0.9169840106256755	1.1340524935059495
-999.0	140.0	355.79485396687426	0.009621115879983577	0.7107789588196417	-0.1417652738315306
-999.0	115.0	367.4584034184682	0.005461906802978515	1.978413728376338	-0.44610461675458435
-999.0	90.0	393.53774140123073	0.0044835306147838015	4.43520087997125	-0.13287626593202012
-999.0	65.0	441.55937725769485	0.0034718620612424057	2.095024705209112	0.013103179081722038
-999.0	40.0	531.7541980686497	0.013182735794948225	-8.464935274587788	-0.13352189806326398
-999.0	15.0	721.7446175523447	0.0687514446261858	-17.165113062356426	-0.2173963744469387
244.90277777777777	40	1002.06255086263	day	levels	pres0
-999.0	990.0	300.13787800303857	16.17618967868663	-2.2075217267567315	-0.5989849647783179
-999.0	965.0	301.1867002419996	15.865653311764746	-3.378431202636809	-0.9814015971496847
-999.0	940.0	302.18133676819446	15.675127815317223	-4.067296740081558	-1.2937741378943284
-999.0	915.0	303.29567110406794	15.171233786476991	-4.652686517547662	-1.5850483165295213
-999.0	890.0	304.3809604439167	14.41991723025288	-5.192289615118926	-1.8265348678385953
-999.0	865.0	305.4248012860949	13.451844577436106	-5.698943623790013	-1.9570903264814137
-999.0	840.0	306.42554474954017	12.355757766299787	-6.1174789181461815	-1.980127168198445
-999.0	815.0	307.4094243731032	11.221330501415123	-6.393037948343463	-1.921535216582337
-999.0	790.0	308.4584608948849	10.111660559972139	-6.524067604983263	-1.787457021574196
-999.0	765.0	309.6569299839879	9.015147756647188	-6.534279008706375	-1.6105826425331744
-999.0	740.0	310.982334248584	7.973017953060298	-6.408359719647263	-1.4122283017366384
-999.0	715.0	312.3909303420401	7.020579792835096	-6.170258530863969	-1.2028575385058404
-999.0	690.0	313.81493169540533	6.183567987547982	-5.873609815482701	-0.9767288107907868
-999.0	665.0	315.22135544380285	5.4682720656748165	-5.522345018607564	-0.7313214671556536
-999.0	640.0	316.6511735639487	4.849099123919451	-5.224837275566848	-0.49759505013072125
-999.0	615.0	318.1173752863402	4.339572654830082	-5.0234883037154106	-0.28731612419639896
-999.0	590.0	319.8005749260957	3.8787017210766095	-4.94316806570039	-0.11159001858214626
-999.0	565.0	321.74053880580783	3.4620839191807624	-5.014458935259385	0.017391048716727794
-999.0	540.0	323.7525854536412	3.0373672721562537	-5.193352485230811	0.10027345959786907
-999.0	515.0	325.7609945227427	2.585833644425425	-5.465571721118911	0.12526531600289553
-999.0	490.0	327.74428143558566	2.1488088777771686	-5.70152627097236	0.08867323619347528
-999.0	465.0	329.658798262254	1.7267316491515525	-5.8550432646578106	-0.008937660673708415
-999.0	440.0	331.5325245610793	1.3710590573372647	-5.932619767332515	-0.11018949733288745
-999.0	415.0	333.34683095069425	1.0837713350300422	-5.926630220686386	-0.1631735913731456
-999.0	390.0	335.15201655450846	0.8662287308662016	-5.848200032004589	-0.05365219705358294
-999.0	365.0	336.93420685781723	0.710276082709983	-5.688344053924066	0.2799501328694727
-999.0	340.0	338.68956092259316	0.5733311867548355	-5.435085535842771	0.8213194037477377
-999.0	315.0	340.38706776689435	0.45436824885783317	-5.121769860386836	1.5104459109026498
-999.0	290.0	342.0236089983918	0.33677168687184594	-4.882451880861206	2.1443601090599262
-999.0	265.0	343.62654820486097	0.2307171244174237	-4.758478785278624	2.63222988363772
-999.0	240.0	345.24673835946913	0.14565034003721297	-4.606694073036878	2.960969112537552
-999.0	215.0	346.90259744719816	0.08227063470554541	-4.080914804229053	2.9588319361210145
-999.0	190.0	348.7729628638414	0.042326142769996605	-2.78876923631742	2.363282253758802
-999.0	165.0	351.263411841111	0.02054111442218218	-0.8207713244138328	1.113496086663691
-999.0	140.0	355.8479363186977	0.00967682240944768	0.810691048149669	-0.11577871883356167
-999.0	115.0	367.4547620519449	0.005478858719234936	2.0698081205288217	-0.40184737162457784
-999.0	90.0	393.4789340909121	0.004498322798301355	4.487613067030888	-0.10810008796829168
-999.0	65.0	441.5334377461084	0.0034842535624866927	2.088885373366933	0.024692207712815217
-999.0	40.0	531.7757296275065	0.013197661118788845	-8.514734420511434	-0.12927245169326174
-999.0	15.0	721.8321626404312	0.06896905052579104	-17.228962658731998	-0.20480159663216022
244.91666666666666	40	1002.356577555339	day	levels	pres0
-999.0	990.0	300.06337753055254	16.20129270023771	-2.2094952120549305	-0.5666874570564825
-999.0	965.0	301.16430752413953	15.876675340864399	-3.411775122086245	-0.9593875980935775
-999.0	940.0	302.1774919969746	15.66958199607001	-4.104604711135263	-1.269168943787588
-999.0	915.0	303.29440742921435	15.146328449249252	-4.691231426265537	-1.5555374266372457
-999.0	890.0	304.3746333445216	14.384351995256191	-5.237411942746945	-1.7963647428485727
-999.0	865.0	305.4182964137934	13.414603498246906	-5.750216676129286	-1.9273227353890374
-999.0	840.0	306.4235405734662	12.319992621739678	-6.174430019325737	-1.9501517514387365
-999.0	815.0	307.4153143752503	11.187501139110962	-6.457060277462068	-1.892534802512534
-999.0	790.0	308.47057412813456	10.079488754272436	-6.597365564770236	-1.7625049501657093
-999.0	765.0	309.67037429383487	8.98708393838668	-6.616493920485249	-1.5930716734793136
-999.0	740.0	310.99075007025556	7.953155133459287	-6.4966991543770565	-1.4047734752918073
-999.0	715.0	312.3900648434573	7.011217859056258	-6.261435283554995	-1.2068558923072188
-999.0	690.0	313.8055737262011	6.180542608102166	-5.963666386074555	-0.9919926464661155
-999.0	665.0	315.2052497546048	5.466270320945319	-5.6059191756778874	-0.7566897811161306
-999.0	640.0	316.62802248577793	4.84852551089393	-5.296829470329864	-0.5271957840563768
-999.0	615.0	318.08664942398826	4.341067115465802	-5.078237150278394	-0.31339735868907054
-999.0	590.0	319.76405728439863	3.882055825657319	-4.980905201182623	-0.13163908126042276
-999.0	565.0	321.7014733362578	3.467176685730621	-5.036981930128418	0.005038966321261124
-999.0	540.0	323.71569482489866	3.043611731794151	-5.203169014615321	0.09585500922466461
-999.0	515.0	325.73130099755355	2.59217543734445	-5.4666033743156275	0.12845977395772257
-999.0	490.0	327.720134846019	2.1552613990174434	-5.700349109868199	0.09820155633820511
-999.0	465.0	329.6364536258618	1.7333355165190194	-5.859648853126499	0.004442400816420236
-999.0	440.0	331.5096138854515	1.3772546682092897	-5.947824899521155	-0.09812777592903349
-999.0	415.0	333.3212842813514	1.0891068991687571	-5.955574527693329	-0.15931376732057773
-999.0	390.0	335.1225475072535	0.8704152512881491	-5.889081320001076	-0.06447673050894279
-999.0	365.0	336.90041961601696	0.7131997541420978	-5.736287556588719	0.24961214429800724
-999.0	340.0	338.6535445826725	0.5758008100092403	-5.482378271511931	0.7741039295991006
-999.0	315.0	340.35211176381654	0.45697755656308653	-5.15938278039303	1.4524813293375582
-999.0	290.0	341.9925913104035	0.33913139750560234	-4.903228633933649	2.0815777166021827
-999.0	265.0	343.60313784076374	0.23260849838455627	-4.75635683246788	2.568983683983444
-999.0	240.0	345.23753710136566	0.14709867288669035	-4.576815911465228	2.896671983930752
-999.0	215.0	346.9160434498932	0.08320933321697896	-4.021350541048554	2.8927799860635854
-999.0	190.0	348.8134105822807	0.042772809457448116	-2.704956379201629	2.3075001624722793
-999.0	165.0	351.32566567061804	0.02070986044903611	-0.7245586382017619	1.092939679821305
-999.0	140.0	355.9010186705213	0.009732528938911883	0.9106031374799537	-0.08979216383563471
-999.0	115.0	367.4511206854218	0.005495810635491384	2.1612025126815504	-0.3575901264945629
-999.0	90.0	393.4201267805934	0.004513114981818956	4.5400252540906685	-0.08332391000457151
-999.0	65.0	441.50749823452196	0.003496645063730995	2.0827460415247425	0.03628123634390901
-999.0	40.0	531.7972611863636	0.013212586442629515	-8.564533566435212	-0.12502300532329114
-999.0	15.0	721.9197077285179	0.06918665642539676	-17.29281225510774	-0.19220681881739676
244.93055555555554	40	1002.6506042480466	day	levels	pres0
-999.0	990.0	299.9888770580668	16.226395721788744	-2.2114686973530833	-0.534389949334741
-999.0	965.0	301.14191480627954	15.88769736996403	-3.4451190415355564	-0.93737359903755
-999.0	940.0	302.17364722575473	15.664036176822806	-4.141912682188849	-1.2445637496809416
-999.0	915.0	303.29314375436076	15.121423112021565	-4.7297763349833	-1.5260265367450825
-999.0	890.0	304.36830624512646	14.348786760259582	-5.282534270374827	-1.7661946178586694
-999.0	865.0	305.41179154149194	13.377362419057803	-5.801489728468396	-1.897555144296784
-999.0	840.0	306.42153639739234	12.284227477179659	-6.231381120505112	-1.9201763346791616
-999.0	815.0	307.42120437739743	11.153671776806888	-6.521082606580473	-1.863534388442869
-999.0	790.0	308.48268736138414	10.047316948572819	-6.670663524556984	-1.7375528787573504
-999.0	765.0	309.68381860368186	8.959020120126253	-6.698708832263878	-1.575560704425556
-999.0	740.0	310.9991658919271	7.933292313858331	-6.585038589106594	-1.3973186488470464
-999.0	715.0	312.3891993448745	7.001855925277436	-6.352612036245768	-1.2108542461086313
-999.0	690.0	313.79621575699684	6.177517228656347	-6.0537229566661725	-1.00725648214144
-999.0	665.0	315.1891440654068	5.464268576215816	-5.689493332748	-0.7820580950765634
-999.0	640.0	316.6048714076071	4.8479518978684055	-5.368821665092702	-0.5567965179819633
-999.0	615.0	318.05592356163635	4.342561576101517	-5.132985996841245	-0.3394785931816687
-999.0	590.0	319.7275396427017	3.885409930238017	-5.018642336664767	-0.15168814393863214
-999.0	565.0	321.6624078667078	3.472269452280468	-5.059504924997398	-0.007313116074155579
-999.0	540.0	323.67880419615614	3.049856191432034	-5.2129855439998165	0.09143655885148798
-999.0	515.0	325.7016074723644	2.5985172302634627	-5.467635027512356	0.13165423191255235
-999.0	490.0	327.6959882564523	2.16171392025771	-5.699171948764061	0.10772987648291651
-999.0	465.0	329.6141089894696	1.7399393838864792	-5.8642544415951825	0.017822462306517836
-999.0	440.0	331.48670320982376	1.3834502790813097	-5.963030031709745	-0.08606605452520694
-999.0	415.0	333.2957376120087	1.0944424633074696	-5.984518834700161	-0.1554539432680146
-999.0	390.0	335.09307845999865	0.8746017717100963	-5.929962607997401	-0.07530126396427143
-999.0	365.0	336.8666323742168	0.7161234255742147	-5.78423105925318	0.21927415572661663
-999.0	340.0	338.61752824275186	0.5782704332636461	-5.529671007180899	0.7268884554505746
-999.0	315.0	340.31715576073896	0.45958686426833767	-5.196995700399057	1.3945167477726008
-999.0	290.0	341.9615736224154	0.3414911081393551	-4.92400538700597	2.0187953241445866
-999.0	265.0	343.5797274766664	0.23449987235168535	-4.7542348796570755	2.505737484329323
-999.0	240.0	345.22833584326224	0.14854700573616497	-4.546937749893595	2.832374855324122
-999.0	215.0	346.9294894525883	0.08414803172841083	-3.961786277868167	2.8267280360063456
-999.0	190.0	348.8538583007198	0.04321947614489862	-2.621143522086024	2.2517180711859393
-999.0	165.0	351.3879195001249	0.020878606475889582	-0.6283459519899192	1.0723832729790463
-999.0	140.0	355.9541010223447	0.009788235468375985	1.0105152268099804	-0.06380560883766606
-999.0	115.0	367.44747931889873	0.005512762551747803	2.252596904834034	-0.31333288136455656
-999.0	90.0	393.3613194702749	0.0045279071653365095	4.592437441150306	-0.058547732040843015
-999.0	65.0	441.4815587229354	0.003509036564975283	2.076606709682563	0.04787026497500213
-999.0	40.0	531.8187927452207	0.013227511766470133	-8.61433271235886	-0.1207735589532889
-999.0	15.0	722.0072528166043	0.06940426232500199	-17.356661851483313	-0.17961204100261838
244.94444444444446	40	1002.9446309407554	day	levels	pres0
-999.0	990.0	299.9143765855808	16.251498743339834	-2.2134421826512822	-0.5020924416128988
-999.0	965.0	301.11952208841944	15.89871939906368	-3.478462960985005	-0.9153595999814348
-999.0	940.0	302.16980245453476	15.658490357575587	-4.1792206532425675	-1.2199585555741932
-999.0	915.0	303.2918800795071	15.096517774793819	-4.768321243701189	-1.4965156468528003
-999.0	890.0	304.3619791457313	14.313221525262877	-5.327656598002857	-1.7360244928686406
-999.0	865.0	305.4052866691907	13.340121339868588	-5.852762780807675	-1.8677875532043986
-999.0	840.0	306.4195322213185	12.248462332619534	-6.2883322216846755	-1.8902009179194423
-999.0	815.0	307.42709437954466	11.119842414502722	-6.585104935699089	-1.8345339743730573
-999.0	790.0	308.4948005946337	10.015145142873106	-6.743961484343975	-1.7126008073488546
-999.0	765.0	309.69726291352873	8.930956301865733	-6.780923744042782	-1.5580497353716862
-999.0	740.0	311.0075817135987	7.913429494257311	-6.6733780238364195	-1.389863822402206
-999.0	715.0	312.38833384629174	6.992493991498586	-6.4437887889368275	-1.2148525999100006
-999.0	690.0	313.7868577877927	6.174491849210525	-6.143779527258057	-1.0225203178167592
-999.0	665.0	315.17303837620864	5.462266831486312	-5.773067489818349	-0.8074264090370312
-999.0	640.0	316.5817203294363	4.847378284842877	-5.440813859855735	-0.5863972519076097
-999.0	615.0	318.02519769928443	4.34405603673723	-5.18773484340424	-0.3655598276743303
-999.0	590.0	319.69102200100474	3.8887640348187205	-5.056379472147005	-0.1717372066168971
-999.0	565.0	321.62334239715767	3.4773622188303204	-5.082027919866433	-0.019665198469608132
-999.0	540.0	323.64191356741344	3.0561006510699236	-5.222802073384328	0.08701810847830024
-999.0	515.0	325.67191394717537	2.60485902318248	-5.468666680709077	0.1348486898673981
-999.0	490.0	327.6718416668857	2.168166441497979	-5.697994787659908	0.11725819662766392
-999.0	465.0	329.5917643530774	1.7465432512539396	-5.868860030063882	0.031202523796659234
-999.0	440.0	331.46379253419593	1.38964588995333	-5.978235163898393	-0.07400433312134892
-999.0	415.0	333.270190942666	1.099778027446181	-6.013463141707108	-0.1515941192154551
-999.0	390.0	335.0636094127437	0.8787882921320413	-5.970843895993885	-0.08612579741965154
-999.0	365.0	336.8328451324165	0.7190470970063294	-5.832174561917817	0.18893616715512165
-999.0	340.0	338.58151190283115	0.5807400565180514	-5.576963742850035	0.6796729813019036
-999.0	315.0	340.28219975766115	0.4621961719735911	-5.234608620405221	1.3365521662074755
-999.0	290.0	341.93055593442716	0.3438508187731115	-4.944782140078379	1.9560129316868133
-999.0	265.0	343.55631711256916	0.23639124631881792	-4.7521129268463	2.442491284675022
-999.0	240.0	345.2191345851587	0.14999533858564226	-4.5170595883219145	2.7680777267173
-999.0	215.0	346.9429354552834	0.08508673023984423	-3.9022220146876414	2.7606760859488904
-999.0	190.0	348.8943060191591	0.04366614283235004	-2.5373306649701997	2.195935979899374
-999.0	165.0	351.4501733296319	0.0210473525027435	-0.5321332657777965	1.0518268661366048
-999.0	140.0	356.00718337416816	0.009843941997840203	1.1104273161403313	-0.037819053839780986
-999.0	115.0	367.4438379523754	0.005529714468004263	2.3439912969868164	-0.26907563623454933
-999.0	90.0	393.30251215995617	0.004542699348854125	4.644849628210109	-0.033771554077108024
-999.0	65.0	441.455619211349	0.003521428066219587	2.0704673778403606	0.05945929360611173
-999.0	40.0	531.8403243040776	0.013242437090310793	-8.664131858282659	-0.11652411258331569
-999.0	15.0	722.094797904691	0.06962186822460768	-17.420511447859077	-0.16701726318785837
244.95833333333334	40	1003.2386576334635	day	levels	pres0
-999.0	990.0	299.83987611309493	16.27660176489087	-2.2154156679494386	-0.46979493389115595
-999.0	965.0	301.0971293705595	15.909741428163311	-3.511806880434316	-0.8933456009254029
-999.0	940.0	302.16595768331484	15.652944538328388	-4.216528624296153	-1.1953533614675422
-999.0	915.0	303.2906164046536	15.071612437566138	-4.806866152418951	-1.4670047569606324
-999.0	890.0	304.3556520463362	14.277656290266277	-5.3727789256307386	-1.7058543678787323
-999.0	865.0	305.39878179688924	13.30288026067949	-5.904035833146782	-1.83801996211214
-999.0	840.0	306.4175280452445	12.21269718805952	-6.345283322864048	-1.8602255011598616
-999.0	815.0	307.4329843816918	11.086013052198652	-6.64912726481749	-1.805533560303387
-999.0	790.0	308.50691382788324	9.98297333717349	-6.8172594441307215	-1.6876487359404901
-999.0	765.0	309.7107072233757	8.902892483605306	-6.863138655821409	-1.5405387663179233
-999.0	740.0	311.0159975352703	7.893566674656355	-6.761717458565954	-1.38240899595744
-999.0	715.0	312.3874683477089	6.983132057719764	-6.534965541627598	-1.2188509537114078
-999.0	690.0	313.77749981858847	6.171466469764707	-6.23383609784967	-1.037784153492078
-999.0	665.0	315.15693268701057	5.460265086756811	-5.856641646888459	-0.8327947229974586
-999.0	640.0	316.5585692512655	4.846804671817355	-5.5128060546185695	-0.6159979858331911
-999.0	615.0	317.99447183693263	4.345550497372943	-5.242483689967087	-0.39164106216692346
-999.0	590.0	319.65450435930785	3.892118139399418	-5.094116607629146	-0.1917862692951019
-999.0	565.0	321.58427692760773	3.4824549853801674	-5.10455091473541	-0.03201728086502101
-999.0	540.0	323.605022938671	3.062345110707807	-5.232618602768822	0.08259965810512666
-999.0	515.0	325.64222042198634	2.6112008161014924	-5.469698333905805	0.1380431478222296
-999.0	490.0	327.64769507731904	2.1746189627382444	-5.696817626555767	0.12678651677237604
-999.0	465.0	329.5694197166852	1.7531471186213983	-5.873465618532563	0.04458258528675701
-999.0	440.0	331.4408818585682	1.395841500825349	-5.993440296086981	-0.061942611717522356
-999.0	415.0	333.2446442733232	1.1051135915848922	-6.042407448713936	-0.1477342951628915
-999.0	390.0	335.03414036548884	0.8829748125539874	-6.0117251839902055	-0.09695033087497916
-999.0	365.0	336.7990578906164	0.7219707684384454	-5.880118064582273	0.15859817858373224
-999.0	340.0	338.54549556291056	0.5832096797724565	-5.624256478518997	0.6324575071533788
-999.0	315.0	340.24724375458345	0.46480547967884145	-5.272221540411244	1.2785875846425194
-999.0	290.0	341.89953824643914	0.34621052940686375	-4.965558893150698	1.893230539229219
-999.0	265.0	343.532906748472	0.23828262028594666	-4.7499909740354935	2.3792450850209024
-999.0	240.0	345.20993332705535	0.1514436714351166	-4.487181426750283	2.7037805981106726
-999.0	215.0	346.95638145797847	0.08602542875127597	-3.8426577515072573	2.6946241358916523
-999.0	190.0	348.9347537375982	0.044112809519800504	-2.453517807854599	2.140153888613032
-999.0	165.0	351.5124271591388	0.021216098529596966	-0.43592057956595864	1.031270459294335
-999.0	140.0	356.0602657259916	0.009899648527304294	1.2103394054703536	-0.011832498841832406
-999.0	115.0	367.4401965858523	0.00554666638426068	2.4353856891392933	-0.22481839110456087
-999.0	90.0	393.2437048496376	0.004557491532371679	4.697261815269741	-0.008995376113386855
-999.0	65.0	441.4296796997626	0.003533819567463872	2.064328045998179	0.0710483222372025
-999.0	40.0	531.8618558629346	0.013257362414151413	-8.713931004206303	-0.11227466621331471
-999.0	15.0	722.1823429927774	0.06983947412421289	-17.48436104423465	-0.15442248537308373
244.97222222222223	40	1003.5326843261719	day	levels	pres0
-999.0	990.0	299.76537564060897	16.301704786441952	-2.217389153247634	-0.4374974261693219
-999.0	965.0	301.0747366526994	15.92076345726296	-3.5451507998837526	-0.8713316018693
-999.0	940.0	302.162112912095	15.647398719081172	-4.253836595349857	-1.170748167360806
-999.0	915.0	303.2893527297999	15.046707100338397	-4.8454110611368275	-1.437493867068361
-999.0	890.0	304.349324946941	14.242091055269583	-5.4179012532587585	-1.6756842428887144
-999.0	865.0	305.39227692458775	13.265639181490288	-5.955308885486058	-1.8082523710197687
-999.0	840.0	306.4155238691706	12.176932043499404	-6.402234424043606	-1.8302500844001581
-999.0	815.0	307.43887438383894	11.05218368989449	-6.713149593936098	-1.7765331462335898
-999.0	790.0	308.5190270611328	9.950801531473786	-6.890557403917696	-1.6626966645320091
-999.0	765.0	309.7241515332227	8.874828665344795	-6.945353567600285	-1.523027797264068
-999.0	740.0	311.0244133569418	7.873703855055344	-6.85005689329575	-1.3749541695126144
-999.0	715.0	312.38660284912606	6.973770123940924	-6.626142294318626	-1.2228493075127915
-999.0	690.0	313.7681418493842	6.1684410903188915	-6.323892668441528	-1.0530479891674125
-999.0	665.0	315.1408269978125	5.458263342027311	-5.940215803958785	-0.8581630369579409
-999.0	640.0	316.5354181730946	4.846231058791832	-5.584798249381588	-0.6455987197588521
-999.0	615.0	317.96374597458066	4.347044958008662	-5.297232536530074	-0.41772229665960003
-999.0	590.0	319.6179867176109	3.895472243980127	-5.1318537431113835	-0.21183533197338278
-999.0	565.0	321.5452114580577	3.487547751930028	-5.127073909604446	-0.044369363260491665
-999.0	540.0	323.56813230992844	3.0685895703457042	-5.242435132153333	0.07818120773191906
-999.0	515.0	325.61252689679714	2.6175426090205183	-5.470729987102524	0.1412376057770549
-999.0	490.0	327.62354848775243	2.18107148397852	-5.695640465451607	0.13631483691710528
-999.0	465.0	329.547075080293	1.7597509859888665	-5.878071207001253	0.05796264677688542
-999.0	440.0	331.4179711829404	1.4020371116973753	-6.008645428275623	-0.04988089031366841
-999.0	415.0	333.2190976039805	1.1104491557236085	-6.071351755720883	-0.1438744711103241
-999.0	390.0	335.0046713182339	0.8871613329759359	-6.052606471986696	-0.10777486433033992
-999.0	365.0	336.76527064881606	0.7248944398705612	-5.92806156724693	0.12826019001226568
-999.0	340.0	338.50947922298985	0.585679303026862	-5.671549214188163	0.5852420330047405
-999.0	315.0	340.21228775150564	0.4674147873840956	-5.3098344604174414	1.2206230030774265
-999.0	290.0	341.8685205584509	0.34857024004062065	-4.986335646223145	1.8304481467714744
-999.0	265.0	343.5094963843747	0.24017399425307956	-4.747869021224752	2.3159988853666245
-999.0	240.0	345.2007320689519	0.15289200428459426	-4.457303265178632	2.63948346950387
-999.0	215.0	346.96982746067357	0.08696412726270962	-3.7830934883267546	2.628572185834221
-999.0	190.0	348.9752014560375	0.04455947620725206	-2.3697049507388033	2.084371797326511
-999.0	165.0	351.57468098864575	0.021384844556450903	-0.33970789335388263	1.0107140524519604
-999.0	140.0	356.11334807781503	0.009955355056768509	1.3102514948006432	0.014154056156114647
-999.0	115.0	367.4365552193291	0.00556361830051713	2.5267800812920287	-0.18056114597452805
-999.0	90.0	393.1848975393189	0.00457228371588928	4.749674002329527	0.015780801850340587
-999.0	65.0	441.4037401881761	0.0035462110687081764	2.058188714155991	0.08263735086829861
-999.0	40.0	531.8833874217917	0.01327228773799208	-8.763730150130081	-0.10802521984334276
-999.0	15.0	722.2698880808641	0.07005708002381861	-17.5482106406104	-0.14182770755831642
244.98611111111111	40	1003.8267110188798	day	levels	pres0
-999.0	990.0	299.69087516812317	16.326807807992992	-2.219362638545787	-0.4051999184475806
-999.0	965.0	301.0523439348395	15.931785486362593	-3.5784947193330634	-0.8493176028132723
-999.0	940.0	302.1582681408751	15.64185289983397	-4.291144566403444	-1.1461429732541601
-999.0	915.0	303.2880890549463	15.021801763110712	-4.88395596985459	-1.4079829771761974
-999.0	890.0	304.3429978475459	14.206525820272976	-5.463023580886642	-1.645514117898811
-999.0	865.0	305.3857720522863	13.228398102301178	-6.006581937825169	-1.7784847799275152
-999.0	840.0	306.4135196930967	12.141166898939387	-6.459185525222982	-1.8002746676405823
-999.0	815.0	307.44476438598616	11.018354327590414	-6.777171923054502	-1.747532732163925
-999.0	790.0	308.53114029438245	9.918629725774169	-6.963855363704443	-1.6377445931236498
-999.0	765.0	309.73759584306964	8.846764847084364	-7.027568479378914	-1.5055168282103104
-999.0	740.0	311.03282917861344	7.853841035454386	-6.938396328025288	-1.3674993430678535
-999.0	715.0	312.38573735054325	6.964408190162101	-6.7173190470094	-1.2268476613142043
-999.0	690.0	313.75878388018003	6.165415710873072	-6.413949239033143	-1.0683118248427368
-999.0	665.0	315.1247213086144	5.456261597297811	-6.023789961028898	-0.8835313509183739
-999.0	640.0	316.51226709492386	4.84565744576631	-5.656790444144427	-0.6751994536844386
-999.0	615.0	317.9330201122288	4.348539418644375	-5.351981383092927	-0.44380353115219806
-999.0	590.0	319.581469075914	3.8988263485608257	-5.169590878593527	-0.2318843946515922
-999.0	565.0	321.5061459885077	3.4926405184798743	-5.149596904473428	-0.05672144565590835
-999.0	540.0	323.531241681186	3.074834029983588	-5.252251661537829	0.0737627573587423
-999.0	515.0	325.5828333716081	2.623884401939531	-5.471761640299254	0.1444320637318847
-999.0	490.0	327.5994018981859	2.187524005218787	-5.694463304347469	0.14584315706181655
-999.0	465.0	329.52473044390086	1.766354853356326	-5.882676795469936	0.07134270826698311
-999.0	440.0	331.3950605073127	1.4082327225693958	-6.023850560464214	-0.037819168909841855
-999.0	415.0	333.1935509346378	1.115784719862321	-6.100296062727716	-0.1400146470577608
-999.0	390.0	334.975202270979	0.891347853397883	-6.093487759983022	-0.11859939778566853
-999.0	365.0	336.7314834070158	0.7278181113026782	-5.976005069911391	0.09792220144087514
-999.0	340.0	338.47346288306926	0.5881489262812678	-5.718841949857131	0.5380265588562144
-999.0	315.0	340.17733174842806	0.4700240950893466	-5.3474473804234695	1.1626584215124691
-999.0	290.0	341.83750287046274	0.3509299506743735	-5.007112399295467	1.7676657543138787
-999.0	265.0	343.4860860202774	0.24206536822020863	-4.745747068413947	2.2527526857125033
-999.0	240.0	345.19153081084846	0.1543403371340689	-4.427425103607	2.5751863408972393
-999.0	215.0	346.9832734633687	0.08790282577414149	-3.723529225146368	2.562520235776981
-999.0	190.0	349.01564917447666	0.045006142894702554	-2.2858920936231977	2.0285897060401714
-999.0	165.0	351.6369348181527	0.02155359058330438	-0.24349520714203976	0.9901576456097019
-999.0	140.0	356.1664304296385	0.01001106158623261	1.4101635841306703	0.040140611154083405
-999.0	115.0	367.432913852806	0.0055805702167735505	2.618174473444512	-0.13630390084452138
-999.0	90.0	393.12609022900034	0.004587075899406832	4.802086189389165	0.04055697981406914
-999.0	65.0	441.37780067658963	0.003558602569952464	2.052049382313812	0.09422637949939183
-999.0	40.0	531.9049189806487	0.013287213061832698	-8.813529296053726	-0.10377577347334056
-999.0	15.0	722.3574331689507	0.07027468592342387	-17.61206023698597	-0.129232929743538
245.0	40	1004.1207377115885	day	levels	pres0
-999.0	990.0	299.61637469563715	16.35191082954407	-2.2213361238439875	-0.3729024107257525
-999.0	965.0	301.0299512169793	15.942807515462238	-3.611838638782501	-0.8273036037571728
-999.0	940.0	302.1544233696552	15.636307080586752	-4.328452537457148	-1.1215377791474264
-999.0	915.0	303.2868253800927	14.996896425882975	-4.922500878572464	-1.3784720872839291
-999.0	890.0	304.3366707481507	14.170960585276282	-5.508145908514658	-1.6153439929087956
-999.0	865.0	305.37926717998494	13.19115702311198	-6.057854990164438	-1.7487171888351438
-999.0	840.0	306.4115155170228	12.105401754379272	-6.516136626402536	-1.770299250880877
-999.0	815.0	307.4506543881333	10.984524965286257	-6.841194252173105	-1.7185323180941243
-999.0	790.0	308.54325352763203	9.886457920074465	-7.037153323491414	-1.6127925217151642
-999.0	765.0	309.75104015291663	8.81870102882385	-7.109783391157786	-1.4880058591564496
-999.0	740.0	311.041245000285	7.8339782158533735	-7.026735762755075	-1.3600445166230204
-999.0	715.0	312.38487185196044	6.95504625638326	-6.8084957997004185	-1.230846015115579
-999.0	690.0	313.7494259109758	6.1623903314272575	-6.504005809624989	-1.08357566051806
-999.0	665.0	315.10861561941636	5.454259852568309	-6.107364118099212	-0.9088996648788452
-999.0	640.0	316.48911601675303	4.845083832740785	-5.728782638907432	-0.7048001876100899
-999.0	615.0	317.90229424987683	4.35003387928009	-5.406730229655901	-0.46988476564486825
-999.0	590.0	319.544951434217	3.9021804531415296	-5.207328014075756	-0.25193345732986927
-999.0	565.0	321.4670805189575	3.4977332850297294	-5.172119899342457	-0.06907352805137629
-999.0	540.0	323.49435105244333	3.08107848962148	-5.2620681909223395	0.06934430698553715
-999.0	515.0	325.55313984641907	2.6302261948585515	-5.472793293495973	0.14762652168671284
-999.0	490.0	327.5752553086192	2.193976526459058	-5.693286143243313	0.15537147720654806
-999.0	465.0	329.50238580750863	1.7729587207237882	-5.887282383938631	0.08472276975711199
-999.0	440.0	331.37214983168485	1.4144283334414163	-6.039055692652861	-0.025757447505990655
-999.0	415.0	333.16800426529505	1.1211202840010326	-6.1292403697346645	-0.13615482300519946
-999.0	390.0	334.94573322372406	0.8955343738198279	-6.134369047979512	-0.12942393124103552
-999.0	365.0	336.6976961652156	0.7307417827347915	-6.023948572576046	0.0675842128694057
-999.0	340.0	338.4374465431486	0.5906185495356718	-5.766134685526291	0.490811084707578
-999.0	315.0	340.14237574535025	0.47263340279459953	-5.385060300429662	1.1046938399473827
-999.0	290.0	341.80648518247443	0.35328966130812967	-5.0278891523679095	1.7048833618561428
-999.0	265.0	343.4626756561801	0.2439567421873411	-4.7436251156032085	2.1895064860582347
-999.0	240.0	345.182329552745	0.15578866998354596	-4.397546942035357	2.510889212290446
-999.0	215.0	346.9967194660637	0.08884152428557474	-3.663964961965878	2.4964682857195535
-999.0	190.0	349.05609689291583	0.04545280958215396	-2.2020792365074158	1.9728076147536435
-999.0	165.0	351.69918864765975	0.021722336610158283	-0.14728252092997218	0.9696012387673059
-999.0	140.0	356.21951278146196	0.010066768115696807	1.5100756734609602	0.06612716615200046
-999.0	115.0	367.4292724862827	0.005597522133029998	2.709568865597248	-0.09204665571451187
-999.0	90.0	393.0672829186816	0.004601868082924436	4.854498376448948	0.06533315777778631
-999.0	65.0	441.35186116500313	0.0035709940711967643	2.0459100504716234	0.10581540813048684
-999.0	40.0	531.9264505395056	0.013302138385673363	-8.863328441977501	-0.09952632710337639
-999.0	15.0	722.4449782570373	0.07049229182302952	-17.675909833361704	-0.11663815192878245
245.01388888888889	40	1004.2338126853662	day	levels	pres0
-999.0	990.0	299.5866968713104	16.367770345122754	-2.2024337676939236	-0.37876584574028166
-999.0	965.0	301.0376772241804	15.951495567957572	-3.6153570670219723	-0.8373913683549014
-999.0	940.0	302.17105643437617	15.632457450584129	-4.3575415098004395	-1.14320414492653
-999.0	915.0	303.2896176377852	14.986194116097904	-4.96639019306058	-1.4120175614953092
-999.0	890.0	304.3202728159248	14.158162390744245	-5.558192556654976	-1.6579115363182981
-999.0	865.0	305.3490498303739	13.176539235644869	-6.11245073212521	-1.799959229098451
-999.0	840.0	306.37470793835655	12.085974949377544	-6.575835336137755	-1.827939918747692
-999.0	815.0	307.41271313987863	10.959379867271116	-6.905061183152445	-1.7792585385894792
-999.0	790.0	308.50628090268054	9.860959874259066	-7.100109069435761	-1.6742559425809245
-999.0	765.0	309.7149452329667	8.798423435952898	-7.165563203670432	-1.5470435114715821
-999.0	740.0	311.0071878378699	7.820997586956708	-7.069306901207737	-1.414693604551154
-999.0	715.0	312.35462573979015	6.948839841065576	-6.834383218376768	-1.2804100883228102
-999.0	690.0	313.723143734323	6.161391942589374	-6.513063953982483	-1.1269729503051225
-999.0	665.0	315.08627860395165	5.456825940697289	-6.100371897220618	-0.9445243130127748
-999.0	640.0	316.47034143673505	4.8490188386705295	-5.709885388060847	-0.7304204792060311
-999.0	615.0	317.88646411260675	4.35278589637192	-5.3822111175567935	-0.4831123031261867
-999.0	590.0	319.52985766839635	3.902612363850631	-5.184426292777058	-0.25423016661294057
-999.0	565.0	321.44998966708613	3.494700862301715	-5.159296993856091	-0.06299279416323256
-999.0	540.0	323.4753037494875	3.0751878674383395	-5.262363483508462	0.0821242879998752
-999.0	515.0	325.5328931898062	2.622237650332613	-5.486741530674531	0.16451673423528335
-999.0	490.0	327.554298146195	2.1850485222207023	-5.713630283320462	0.17034796073482122
-999.0	465.0	329.4810673546442	1.764261560859491	-5.903678969100737	0.09009803455598858
-999.0	440.0	331.350690388212	1.406596460828064	-6.04468053027441	-0.03486265414568661
-999.0	415.0	333.1468385300479	1.1147730571252246	-6.1190418057419915	-0.16202037064017255
-999.0	390.0	334.92613853256125	0.8905897038402317	-6.1093020201833195	-0.165572067101848
-999.0	365.0	336.68121059459855	0.7271037187289258	-5.986590611782874	0.03127826846853919
-999.0	340.0	338.42426478694915	0.5883280433438408	-5.716291198713879	0.46224206306585525
-999.0	315.0	340.1330504366012	0.4716170249437826	-5.321627119073118	1.0894831010588222
-999.0	290.0	341.80382087176173	0.3530472432849575	-4.950736625878845	1.7029434105863632
-999.0	265.0	343.4689680032655	0.2440891256210976	-4.653026058166051	2.198831889226422
-999.0	240.0	345.1927557901984	0.15581107691482227	-4.293238672945163	2.5314043925867744
-999.0	215.0	346.99874481638744	0.08863177447131362	-3.543928064129893	2.5261655968648364
-999.0	190.0	349.0384771141509	0.04536481124038487	-2.0655826826889383	2.004138403192741
-999.0	165.0	351.66612503325894	0.02171602735675316	-0.00863157323102326	0.9939751487087682
-999.0	140.0	356.19069045320794	0.010049091652035703	1.6109831940245583	0.08731109400594042
-999.0	115.0	367.42597447181777	0.005596259919305649	2.7424259042298518	-0.06454597275560708
-999.0	90.0	393.1042222856673	0.004611434686618562	4.843891768543778	0.08052049135725653
-999.0	65.0	441.41914698886393	0.0035667178712578186	2.0339522665297247	0.09522071480752803
-999.0	40.0	531.9577829926172	0.013321898058401813	-8.826489009790919	-0.12591918785540443
-999.0	15.0	722.4363408214797	0.07046026398462288	-17.6163995061759	-0.1405479223640135
245.02777777777777	40	1004.3468876591436	day	levels	pres0
-999.0	990.0	299.55701904698367	16.38362986070138	-2.183531411544054	-0.38462928075481423
-999.0	965.0	301.0454032313815	15.960183620452876	-3.618875495261622	-0.8474791329526524
-999.0	940.0	302.187689499097	15.628607820581507	-4.386630482143821	-1.16487051070564
-999.0	915.0	303.2924098954779	14.975491806312847	-5.010279507548709	-1.4455630357066704
-999.0	890.0	304.30387488369894	14.145364196212206	-5.608239204795257	-1.7004790797277596
-999.0	865.0	305.3188324807629	13.161921448177766	-6.167046474085895	-1.8512012693616888
-999.0	840.0	306.33790035969037	12.066548144375842	-6.635534045872843	-1.885580586614409
-999.0	815.0	307.3747718916239	10.934234769256038	-6.9689281141316215	-1.8399847590847187
-999.0	790.0	308.469308277729	9.835461828443751	-7.16306481537993	-1.7357193634465666
-999.0	765.0	309.6788503130168	8.778145843082013	-7.221343016182913	-1.6060811637866081
-999.0	740.0	310.9731306754548	7.808016958060093	-7.111878039660261	-1.4693426924791992
-999.0	715.0	312.32437962762	6.94263342574791	-6.860270637053018	-1.3299741615299696
-999.0	690.0	313.6968615576702	6.1603935537514865	-6.522122098339922	-1.1703702400921299
-999.0	665.0	315.063941588487	5.459392028826253	-6.093379676342011	-0.9801489611466654
-999.0	640.0	316.4515668567172	4.852953844600252	-5.690988137214275	-0.7560407708019528
-999.0	615.0	317.87063397533666	4.355537913463733	-5.3576920054577055	-0.49633984060750985
-999.0	590.0	319.51476390257574	3.903044274559727	-5.161524571478368	-0.25652687589603673
-999.0	565.0	321.4328988152149	3.4916684395737136	-5.146474088369692	-0.05691206027512696
-999.0	540.0	323.4562564465317	3.0692972452552256	-5.262658776094505	0.09490426901416758
-999.0	515.0	325.51264653319345	2.6142491058067066	-5.500689767852962	0.1814069467838078
-999.0	490.0	327.53334098377087	2.17612051798238	-5.733974423397451	0.1853244442630627
-999.0	465.0	329.45974890177996	1.755564400995222	-5.920075554262693	0.09547329935486482
-999.0	440.0	331.3292309447392	1.3987645882147355	-6.05030536789584	-0.04396786078534175
-999.0	415.0	333.12567279480083	1.1084258302494352	-6.108843241749261	-0.18788591827505963
-999.0	390.0	334.9065438413985	0.8856450338606499	-6.084234992387125	-0.2017202029625378
-999.0	365.0	336.66472502398165	0.7234656547230716	-5.949232650989749	-0.005027675932184013
-999.0	340.0	338.41108303074986	0.5860375371520175	-5.666447711901553	0.43367304142428303
-999.0	315.0	340.12372512785214	0.4706006470929698	-5.258193937716686	1.0742723621704076
-999.0	290.0	341.8011565610489	0.3528048252617873	-4.873584099389918	1.7010034593167187
-999.0	265.0	343.47526035035094	0.24422150905485498	-4.562427000729055	2.2081572923947275
-999.0	240.0	345.20318202765185	0.1558334838460993	-4.188930403855148	2.55191957288318
-999.0	215.0	347.00077016671105	0.08842202465705304	-3.423891166294102	2.5558629080101243
-999.0	190.0	349.0208573353859	0.04527681289861602	-1.9290861288706895	2.035469191631779
-999.0	165.0	351.6330614188582	0.021709718103348104	0.13001937446766532	1.0183490586501522
-999.0	140.0	356.1618681249539	0.010031415188374622	1.7118907145879583	0.10849502185979773
-999.0	115.0	367.42267645735285	0.005594997705581287	2.7752829428624155	-0.03704528979682303
-999.0	90.0	393.14116165265267	0.004621001290312654	4.833285160638676	0.09570782493661209
-999.0	65.0	441.48643281272444	0.003562441671318896	2.0219944825878926	0.08462602148453977
-999.0	40.0	531.9891154457283	0.013341657731130156	-8.789649577604411	-0.15231204860738878
-999.0	15.0	722.4277033859217	0.07042823614621604	-17.55688917899024	-0.16445769279917866
245.04166666666666	40	1004.459962632921	day	levels	pres0
-999.0	990.0	299.52734122265684	16.39948937628007	-2.164629055393998	-0.3904927157693385
-999.0	965.0	301.0531292385826	15.968871672948213	-3.622393923501109	-0.8575668975503755
-999.0	940.0	302.204322563818	15.624758190578886	-4.415719454487128	-1.186536876484741
-999.0	915.0	303.2952021531704	14.964789496527777	-5.0541688220368375	-1.4791085099180525
-999.0	890.0	304.287476951473	14.13256600168016	-5.658285852935586	-1.743046623137269
-999.0	865.0	305.28861513115186	13.147303660710655	-6.221642216046674	-1.9024433096250073
-999.0	840.0	306.30109278102424	12.047121339374115	-6.6952327556080675	-1.9432212544812375
-999.0	815.0	307.3368306433692	10.909089671240897	-7.032795045110963	-1.9007109795800863
-999.0	790.0	308.4323356527775	9.809963782628353	-7.226020561324279	-1.7971827843123385
-999.0	765.0	309.6427553930669	8.757868250211057	-7.2771228286955605	-1.6651188161017505
-999.0	740.0	310.93907351303955	7.795036329163429	-7.1544491781129205	-1.5239917804073415
-999.0	715.0	312.2941335154497	6.936427010430222	-6.88615805572937	-1.379538234737209
-999.0	690.0	313.67057938101755	6.159395164913603	-6.531180242697419	-1.2137675298791988
-999.0	665.0	315.04160457302225	5.461958116955235	-6.08638745546342	-1.0157736092806011
-999.0	640.0	316.43279227669916	4.856888850529998	-5.672090886367694	-0.7816610623978991
-999.0	615.0	317.85480383806663	4.358289930555562	-5.333172893358599	-0.5095673780888323
-999.0	590.0	319.4996701367551	3.903476185268827	-5.138622850179674	-0.2588235851791105
-999.0	565.0	321.4158079633434	3.488636016845697	-5.133651182883327	-0.05083132638698338
-999.0	540.0	323.43720914357584	3.0634066230720847	-5.262954068680629	0.1076842500285079
-999.0	515.0	325.49239987658063	2.606260561280768	-5.514638005031521	0.19829715933238223
-999.0	490.0	327.5123838213467	2.1671925137440233	-5.754318563474598	0.2003009277913394
-999.0	465.0	329.4384304489156	1.7468672411309234	-5.936472139424796	0.10084856415374173
-999.0	440.0	331.3077715012663	1.3909327156013818	-6.0559302055173845	-0.05307306742504217
-999.0	415.0	333.10450705955367	1.102078603373626	-6.098644677756583	-0.21375146591004207
-999.0	390.0	334.8869491502356	0.8807003638810523	-6.059167964590924	-0.23786833882336228
-999.0	365.0	336.6482394533646	0.7198275907172054	-5.911874690196569	-0.0413336203330611
-999.0	340.0	338.39790127455035	0.583747030960186	-5.616604225089132	0.4051040197825543
-999.0	315.0	340.114399819103	0.46958426924215285	-5.194760756360133	1.0590616232818495
-999.0	290.0	341.7984922503359	0.3525624072386151	-4.796431572900846	1.6990635080469487
-999.0	265.0	343.4815526974363	0.2443538924886116	-4.4718279432918955	2.21748269556293
-999.0	240.0	345.2136082651053	0.15585589077737552	-4.0846221347649525	2.5724347531795213
-999.0	215.0	347.0027955170346	0.0882122748427917	-3.3038542684581134	2.585560219155409
-999.0	190.0	349.00323755662095	0.04518881455684689	-1.7925895750522074	2.0667999800708654
-999.0	165.0	351.5999978044574	0.02170340884994301	0.26867032216661646	1.0427229685915984
-999.0	140.0	356.1330457966997	0.010013738724713523	1.8127982351515555	0.12967894971372262
-999.0	115.0	367.41937844288793	0.005593735491856941	2.808139981495017	-0.009544606837932401
-999.0	90.0	393.1781010196383	0.004630567894006781	4.822678552733504	0.11089515851606901
-999.0	65.0	441.5537186365852	0.003558165471379947	2.010036698645995	0.07403132816156918
-999.0	40.0	532.0204478988397	0.013361417403858607	-8.752810145417827	-0.17870490935942757
-999.0	15.0	722.419065950364	0.07039620830780939	-17.497378851804424	-0.18836746323442052
245.05555555555554	40	1004.5730376066983	day	levels	pres0
-999.0	990.0	299.4976633983302	16.415348891858688	-2.145726699244128	-0.3963561507838711
-999.0	965.0	301.06085524578367	15.977559725443516	-3.6259123517407588	-0.8676546621481266
-999.0	940.0	302.2209556285389	15.620908560576265	-4.44480842683051	-1.2082032422638513
-999.0	915.0	303.2979944108631	14.95408718674272	-5.098058136524967	-1.5126539841294135
-999.0	890.0	304.2710790192471	14.119767807148127	-5.708332501075867	-1.7856141665467307
-999.0	865.0	305.25839778154085	13.132685873243549	-6.276237958007361	-1.9536853498882452
-999.0	840.0	306.264285202358	12.027694534372413	-6.754931465343154	-2.0008619223479545
-999.0	815.0	307.29888939511454	10.883944573225817	-7.096661976090139	-1.961437200075325
-999.0	790.0	308.3953630278261	9.784465736813036	-7.288976307268447	-1.8586462051779795
-999.0	765.0	309.6066604731171	8.737590657340172	-7.332902641208039	-1.7241564684167767
-999.0	740.0	310.9050163506245	7.782055700266813	-7.197020316565444	-1.5786408683353874
-999.0	715.0	312.26388740327945	6.930220595112557	-6.912045474405621	-1.4291023079443685
-999.0	690.0	313.6442972043648	6.158396776075715	-6.540238387054858	-1.257164819666206
-999.0	665.0	315.01926755755767	5.464524205084198	-6.079395234584811	-1.0513982574144916
-999.0	640.0	316.41401769668124	4.860823856459719	-5.653193635521121	-0.8072813539938207
-999.0	615.0	317.83897370079654	4.361041947647375	-5.308653781259512	-0.5227949155701558
-999.0	590.0	319.4845763709344	3.9039080959779238	-5.115721128880983	-0.26112029446220686
-999.0	565.0	321.398717111472	3.485603594117697	-5.120828277396928	-0.04475059249887779
-999.0	540.0	323.41816184062003	3.05751600088897	-5.263249361266673	0.12046423104280009
-999.0	515.0	325.4721532199678	2.5982720167548616	-5.528586242209949	0.2151873718809068
-999.0	490.0	327.4914266589226	2.158264509505701	-5.774662703551589	0.21527741131958084
-999.0	465.0	329.4171119960513	1.7381700812666552	-5.952868724586751	0.10622382895261807
-999.0	440.0	331.2863120577935	1.3831008429880536	-6.061555043138815	-0.062178274064697336
-999.0	415.0	333.08334132430656	1.0957313764978367	-6.088446113763851	-0.23961701354492904
-999.0	390.0	334.8673544590729	0.8757556939014707	-6.034100936794729	-0.27401647468405194
-999.0	365.0	336.63175388274766	0.7161895267113513	-5.874516729403447	-0.07763956473378433
-999.0	340.0	338.38471951835106	0.5814565247683626	-5.5667607382768045	0.3765349981409819
-999.0	315.0	340.10507451035403	0.46856789139133986	-5.131327575003701	1.0438508843934344
-999.0	290.0	341.7958279396232	0.35231998921544494	-4.71927904641192	1.6971235567773044
-999.0	265.0	343.48784504452163	0.24448627592236896	-4.381228885854899	2.226808098731235
-999.0	240.0	345.2240345025587	0.1558782977086525	-3.9803138656749364	2.592949933475926
-999.0	215.0	347.00482086735826	0.08800252502853115	-3.1838173706223216	2.6152575303006973
-999.0	190.0	348.9856177778559	0.04510081621507803	-1.6560930212339589	2.098130768509904
-999.0	165.0	351.56693419005666	0.021697099596537945	0.40732126986530504	1.0670968785329826
-999.0	140.0	356.10422346844575	0.009996062261052444	1.9137057557149557	0.15086287756758002
-999.0	115.0	367.41608042842296	0.005592473278132578	2.8409970201275807	0.01795607612085187
-999.0	90.0	393.2150403866237	0.004640134497700873	4.812071944828402	0.12608249209542463
-999.0	65.0	441.6210044604458	0.0035538892714410244	1.9980789147041622	0.06343663483858097
-999.0	40.0	532.0517803519508	0.013381177076586955	-8.715970713231318	-0.2050977701114119
-999.0	15.0	722.4104285148062	0.07036418046940257	-17.437868524618764	-0.21227723366958567
245.06944444444446	40	1004.6861125804762	day	levels	pres0
-999.0	990.0	299.46798557400336	16.43120840743737	-2.126824343094084	-0.40221958579840805
-999.0	965.0	301.06858125298476	15.986247777938848	-3.629430779980261	-0.877742426745873
-999.0	940.0	302.23758869325974	15.617058930573636	-4.473897399173837	-1.2298696080429774
-999.0	915.0	303.30078666855565	14.943384876957637	-5.141947451013115	-1.5461994583408187
-999.0	890.0	304.25468108702125	14.106969612616073	-5.758379149216211	-1.82818170995626
-999.0	865.0	305.2281804319298	13.118068085776427	-6.330833699968154	-2.0049273901515807
-999.0	840.0	306.2274776236918	12.00826772937067	-6.814630175078393	-2.058502590214797
-999.0	815.0	307.26094814685985	10.858799475210665	-7.160528907069499	-2.0221634205707044
-999.0	790.0	308.3583904028745	9.758967690997634	-7.3519320532128125	-1.9201096260437598
-999.0	765.0	309.57056555316717	8.717313064469213	-7.3886824537207	-1.783194120731923
-999.0	740.0	310.8709591882092	7.769075071370149	-7.239591455018112	-1.6332899562635306
-999.0	715.0	312.2336412911091	6.924014179794874	-6.937932893081969	-1.4786663811516054
-999.0	690.0	313.6180150277121	6.157398387237832	-6.549296531412344	-1.3005621094532713
-999.0	665.0	314.9969305420928	5.467090293213176	-6.072403013706204	-1.087022905548422
-999.0	640.0	316.39524311666327	4.86475886238946	-5.6342963846745215	-0.8329016455897612
-999.0	615.0	317.8231435635264	4.363793964739201	-5.28413466916039	-0.5360224530514718
-999.0	590.0	319.46948260511374	3.9043400066870233	-5.092819407582278	-0.2634170037452748
-999.0	565.0	321.38162625960064	3.4825711713896834	-5.108005371910561	-0.03866985861073023
-999.0	540.0	323.3991145376641	3.051625378705833	-5.2635446538528	0.1332442120571432
-999.0	515.0	325.451906563355	2.590283472228928	-5.542534479388515	0.23207758442948462
-999.0	490.0	327.4704694964984	2.1493365052673497	-5.795006843628745	0.23025389484786274
-999.0	465.0	329.3957935431869	1.7294729214023614	-5.969265309748861	0.11159909375150243
-999.0	440.0	331.2648526143206	1.3752689703747039	-6.067179880760357	-0.07128348070438953
-999.0	415.0	333.06217558905945	1.0893841496220311	-6.0782475497711665	-0.2654825611799041
-999.0	390.0	334.84775976790996	0.8708110239218757	-6.009033908998517	-0.310164610544868
-999.0	365.0	336.61526831213064	0.7125514627054865	-5.83715876861025	-0.1139455091346494
-999.0	340.0	338.37153776215166	0.5791660185765323	-5.516917251464362	0.34796597649926814
-999.0	315.0	340.095749201605	0.46755151354052316	-5.067894393647116	1.028640145504891
-999.0	290.0	341.79316362891035	0.35207757119227306	-4.642126519922803	1.6951836055075467
-999.0	265.0	343.49413739160707	0.24461865935612612	-4.29062982841768	2.2361335018994457
-999.0	240.0	345.234460740012	0.15590070463992944	-3.876005596584674	2.613465113772279
-999.0	215.0	347.006846217682	0.08779277521427035	-3.0637804727862625	2.644954841446002
-999.0	190.0	348.967997999091	0.045012817873309054	-1.5195964674154094	2.1294615569490203
-999.0	165.0	351.53387057565584	0.021690790343132815	0.5459722175643138	1.0914707884744637
-999.0	140.0	356.0754011401917	0.009978385797391319	2.014613276278592	0.1720468054215404
-999.0	115.0	367.41278241395804	0.005591211064408223	2.8738540587601995	0.04545675907977592
-999.0	90.0	393.2519797536092	0.004649701101394998	4.80146533692323	0.14126982567489757
-999.0	65.0	441.6882902843067	0.0035496130715020773	1.986121130762261	0.05284194151560476
-999.0	40.0	532.0831128050623	0.013400936749315386	-8.679131281044725	-0.2314906308634578
-999.0	15.0	722.4017910792484	0.0703321526309958	-17.378358197432934	-0.23618700410482615
245.08333333333334	40	1004.7991875542533	day	levels	pres0
-999.0	990.0	299.4383077496766	16.447067923015993	-2.107921986944209	-0.4080830208129371
-999.0	965.0	301.07630726018584	15.99493583043415	-3.632949208219903	-0.8878301913436185
-999.0	940.0	302.2542217579807	15.613209300571015	-4.50298637151721	-1.2515359738220808
-999.0	915.0	303.30357892624824	14.932682567172582	-5.185836765501237	-1.5797449325521735
-999.0	890.0	304.23828315479534	14.09417141808404	-5.808425797356484	-1.8707492533657157
-999.0	865.0	305.19796308231884	13.103450298309324	-6.385429441928833	-2.0561694304148137
-999.0	840.0	306.19067004502574	11.988840924368969	-6.874328884813477	-2.1161432580815105
-999.0	815.0	307.2230068986051	10.833654377195588	-7.224395838048668	-2.0828896410659397
-999.0	790.0	308.32141777792305	9.733469645182314	-7.414887799156979	-1.981573046909396
-999.0	765.0	309.53447063321727	8.69703547159833	-7.4444622662331765	-1.842231773046942
-999.0	740.0	310.83690202579413	7.756094442473533	-7.282162593470634	-1.6879390441915676
-999.0	715.0	312.20339517893893	6.917807764477207	-6.963820311758219	-1.5282304543587548
-999.0	690.0	313.59173285105936	6.156399998399947	-6.5583546757697855	-1.3439593992402687
-999.0	665.0	314.97459352662815	5.469656381342138	-6.065410792827599	-1.1226475536823033
-999.0	640.0	316.37646853664535	4.868693868319184	-5.615399133827954	-0.8585219371856752
-999.0	615.0	317.8073134262563	4.366545981831014	-5.259615557061309	-0.5492499905327898
-999.0	590.0	319.45438883929313	3.90477191739612	-5.069917686283596	-0.26571371302836766
-999.0	565.0	321.3645354077293	3.4795387486616822	-5.0951824664241725	-0.03258912472262244
-999.0	540.0	323.38006723470835	3.0457347565227186	-5.2638399464388534	0.14602419307143683
-999.0	515.0	325.43165990674225	2.5822949277030225	-5.556482716566956	0.24896779697800997
-999.0	490.0	327.4495123340743	2.1404085010290284	-5.815350983705744	0.24523037837610456
-999.0	465.0	329.37447509032256	1.7207757615380936	-5.985661894910824	0.1169743585503782
-999.0	440.0	331.2433931708478	1.3674370977613766	-6.072804718381796	-0.08038868734404617
-999.0	415.0	333.0410098538123	1.0830369227462426	-6.068048985778441	-0.2913481088147934
-999.0	390.0	334.82816507674715	0.8658663539422946	-5.983966881202327	-0.3463127464055609
-999.0	365.0	336.5987827415138	0.7089133986996325	-5.799800807817128	-0.15025145353537633
-999.0	340.0	338.35835600595226	0.576875512384709	-5.467073764652036	0.3193969548576913
-999.0	315.0	340.08642389285586	0.4665351356897103	-5.004461212290687	1.0134294066164715
-999.0	290.0	341.7904993181976	0.3518351531691029	-4.564973993433882	1.693243654237897
-999.0	265.0	343.50042973869245	0.24475104278988358	-4.200030770980692	2.245458905067745
-999.0	240.0	345.2448869774655	0.15592311157120645	-3.771697327494669	2.633980294068676
-999.0	215.0	347.00887156800553	0.08758302540000983	-2.943743574950486	2.6746521525912814
-999.0	190.0	348.95037822032606	0.04492481953154022	-1.3830999135971793	2.16079234538805
-999.0	165.0	351.50080696125514	0.02168448108972776	0.6846231652629824	1.115844698415842
-999.0	140.0	356.0465788119376	0.009960709333730245	2.115520796841977	0.1932307332753952
-999.0	115.0	367.4094843994932	0.00558994885068386	2.9067110973927552	0.07295744203855903
-999.0	90.0	393.28891912059464	0.004659267705089089	4.790858729018125	0.1564571592542538
-999.0	65.0	441.75557610816713	0.003545336871563153	1.9741633468204263	0.042247248192615494
-999.0	40.0	532.1144452581735	0.013420696422043734	-8.642291848858223	-0.2578834916154438
-999.0	15.0	722.3931536436907	0.07030012479258897	-17.318847870247275	-0.26009677453999464
245.09722222222223	40	1004.912262528031	day	levels	pres0
-999.0	990.0	299.4086299253498	16.462927438594683	-2.089019630794158	-0.413946455827465
-999.0	965.0	301.0840332673869	16.00362388292949	-3.6364676364593973	-0.897917955941347
-999.0	940.0	302.2708548227016	15.609359670568397	-4.532075343860525	-1.273202339601189
-999.0	915.0	303.30637118394094	14.921980257387512	-5.229726079989373	-1.613290406763562
-999.0	890.0	304.2218852225694	14.08137322355199	-5.858472445496822	-1.913316796775231
-999.0	865.0	305.1677457327077	13.088832510842213	-6.440025183889619	-2.1074114706781364
-999.0	840.0	306.15386246635956	11.969414119367238	-6.9340275945487075	-2.1737839259483427
-999.0	815.0	307.18506565035045	10.808509279180443	-7.288262769028016	-2.1436158615613112
-999.0	790.0	308.2844451529715	9.707971599366914	-7.47784354510133	-2.043036467775173
-999.0	765.0	309.4983757132674	8.676757878727372	-7.500242078745828	-1.9012694253620919
-999.0	740.0	310.80284486337894	7.743113813576869	-7.3247337319232955	-1.7425881321197187
-999.0	715.0	312.17314906676864	6.911601349159521	-6.98970773043457	-1.5777945275660037
-999.0	690.0	313.5654506744065	6.155401609562061	-6.56741282012728	-1.3873566890273479
-999.0	665.0	314.95225651116345	5.472222469471121	-6.058418571949004	-1.1582722018162481
-999.0	640.0	316.35769395662743	4.872628874248932	-5.596501882981367	-0.8841422287816293
-999.0	615.0	317.7914832889863	4.369297998922844	-5.235096444962197	-0.5624775280141175
-999.0	590.0	319.43929507347246	3.9052038281052206	-5.047015964984892	-0.2680104223114449
-999.0	565.0	321.3474445558579	3.4765063259336673	-5.082359560937797	-0.026508390834481088
-999.0	540.0	323.3610199317525	3.0398441343395772	-5.2641352390249665	0.1588041740857759
-999.0	515.0	325.4114132501295	2.574306383177083	-5.570430953745505	0.26585800952658356
-999.0	490.0	327.42855517165015	2.1314804967906706	-5.835695123782883	0.260206861904381
-999.0	465.0	329.3531566374582	1.712078601673794	-6.002058480072919	0.1223496233492556
-999.0	440.0	331.22193372737496	1.3596052251480215	-6.078429556003333	-0.08949389398374502
-999.0	415.0	333.0198441185653	1.0766896958704324	-6.057850421785758	-0.3172136564497735
-999.0	390.0	334.8085703855843	0.8609216839626964	-5.958899853406122	-0.38246088226638214
-999.0	365.0	336.58229717089677	0.7052753346937661	-5.762442847023945	-0.18655739793624954
-999.0	340.0	338.3451742497529	0.5745850061928774	-5.4172302778396135	0.2908279332159672
-999.0	315.0	340.0770985841068	0.46551875783889335	-4.941028030934131	0.9982186677279179
-999.0	290.0	341.7878350074848	0.35159273514593076	-4.487821466944806	1.691303702968132
-999.0	265.0	343.5067220857779	0.24488342622364015	-4.109431713543523	2.254784308235953
-999.0	240.0	345.25531321491894	0.15594551850248264	-3.6673890584044617	2.654495474365025
-999.0	215.0	347.01089691832925	0.08737327558574846	-2.823706677114482	2.704349463736575
-999.0	190.0	348.9327584415611	0.04483682118977107	-1.2466033597786788	2.1921231338271445
-999.0	165.0	351.4677433468543	0.02167817183632266	0.8232741129619534	1.1402186083572938
-999.0	140.0	356.01775648368346	0.009943032870069143	2.2164283174055894	0.21441466112932261
-999.0	115.0	367.40618638502826	0.005588686636959513	2.9395681360253647	0.10045812499745077
-999.0	90.0	393.3258584875802	0.004668834308783218	4.780252121112956	0.1716444928337102
-999.0	65.0	441.82286193202793	0.0035410606716242063	1.9622055628785307	0.03165255486964591
-999.0	40.0	532.145777711285	0.013440456094772183	-8.605452416671634	-0.2842763523674809
-999.0	15.0	722.3845162081329	0.07026809695418233	-17.259337543061463	-0.28400654497523314
245.11111111111111	40	1005.0253375018083	day	levels	pres0
-999.0	990.0	299.37895210102306	16.478786954173305	-2.0701172746442884	-0.41980989084199755
-999.0	965.0	301.09175927458807	16.01231193542479	-3.639986064699047	-0.908005720539098
-999.0	940.0	302.28748788742246	15.605510040565775	-4.5611643162039055	-1.2948687053802985
-999.0	915.0	303.30916344163353	14.911277947602455	-5.273615394477503	-1.646835880974923
-999.0	890.0	304.2054872903436	14.068575029019959	-5.908519093637102	-1.9558843401846921
-999.0	865.0	305.1375283830968	13.074214723375109	-6.494620925850305	-2.158653510941374
-999.0	840.0	306.11705488769337	11.949987314365538	-6.993726304283795	-2.2314245938150594
-999.0	815.0	307.14712440209576	10.783364181165364	-7.352129700007191	-2.20434208205655
-999.0	790.0	308.24747252802007	9.682473553551599	-7.540799291045501	-2.1044998886408144
-999.0	765.0	309.4622807933175	8.656480285856489	-7.556021891258309	-1.9603070776771179
-999.0	740.0	310.76878770096386	7.730133184680252	-7.36730487037582	-1.7972372200477644
-999.0	715.0	312.1429029545984	6.905394933841854	-7.015595149110822	-1.627358600773164
-999.0	690.0	313.53916849775385	6.154403220724174	-6.576470964484719	-1.4307539788143546
-999.0	665.0	314.92991949569875	5.474788557600084	-6.051426351070397	-1.1938968499501386
-999.0	640.0	316.33891937660945	4.876563880178653	-5.577604632134796	-0.909762520377551
-999.0	615.0	317.7756531517162	4.372050016014657	-5.21057733286311	-0.5757050654954408
-999.0	590.0	319.42420130765174	3.905635738814317	-5.024114243686201	-0.27030713159454123
-999.0	565.0	321.3303537039865	3.4734739032056656	-5.069536655451398	-0.02042765694637553
-999.0	540.0	323.3419726287967	3.0339535121564625	-5.26443053161101	0.17158415510006786
-999.0	515.0	325.39116659351674	2.5663178386511776	-5.584379190923933	0.2827482220751081
-999.0	490.0	327.40759800922615	2.122552492552348	-5.856039263859873	0.27518334543262246
-999.0	465.0	329.33183818459383	1.7033814418095259	-6.0184550652348765	0.12772488814813188
-999.0	440.0	331.2004742839022	1.3517733525346929	-6.084054393624764	-0.09859910062340016
-999.0	415.0	332.9986783833182	1.0703424689946435	-6.047651857793026	-0.3430792040846605
-999.0	390.0	334.7889756944215	0.8559770139831148	-5.933832825609927	-0.41860901812707196
-999.0	365.0	336.5658116002798	0.7016372706879119	-5.72508488623082	-0.22286334233697283
-999.0	340.0	338.33199249355357	0.5722945000010542	-5.367386791027288	0.26225891157439485
-999.0	315.0	340.06777327535775	0.4645023799880804	-4.8775948495777	0.9830079288395033
-999.0	290.0	341.78517069677196	0.3513503171227604	-4.410668940455879	1.6893637516984878
-999.0	265.0	343.51301443286314	0.24501580965739755	-4.018832656106526	2.2641097114042585
-999.0	240.0	345.2657394523723	0.15596792543375967	-3.5630807893144456	2.67501065466143
-999.0	215.0	347.0129222686528	0.08716352577148789	-2.7036697792786906	2.734046774881862
-999.0	190.0	348.9151386627961	0.04474882284800222	-1.11010680596043	2.223453922266183
-999.0	165.0	351.43467973245356	0.021671862582917593	0.9619250606606421	1.164592518298678
-999.0	140.0	355.9889341554294	0.009925356406408063	2.3173358379689892	0.2355985889831802
-999.0	115.0	367.4028883705633	0.005587424423235151	2.9724251746579284	0.12795880795623482
-999.0	90.0	393.36279785456577	0.004678400912477309	4.769645513207854	0.18683182641306573
-999.0	65.0	441.8901477558885	0.0035367844716852836	1.9502477789366983	0.021057861546657758
-999.0	40.0	532.1771101643961	0.01346021576750053	-8.568612984485126	-0.3106692131194653
-999.0	15.0	722.3758787725752	0.07023606911577548	-17.1998272158758	-0.3079163154103983
245.125	40	1005.1384124755859	day	levels	pres0
-999.0	990.0	299.3492742766963	16.494646469751995	-2.0512149184942245	-0.42567332585652656
-999.0	965.0	301.09948528178916	16.02099998792012	-3.643504492938518	-0.9180934851368266
-999.0	940.0	302.3041209521434	15.601660410563154	-4.590253288547198	-1.3165350711594026
-999.0	915.0	303.3119556993262	14.900575637817383	-5.317504708965619	-1.6803813551863032
-999.0	890.0	304.1890893581177	14.055776834487911	-5.958565741777421	-1.9984518835941951
-999.0	865.0	305.10731103348576	13.059596935908	-6.549216667811076	-2.2098955512046814
-999.0	840.0	306.0802473090272	11.930560509363811	-7.053425014019012	-2.2890652616818743
-999.0	815.0	307.10918315384106	10.758219083150228	-7.41599663098653	-2.265068302551905
-999.0	790.0	308.21049990306847	9.656975507736206	-7.603755036989847	-2.1659633095065756
-999.0	765.0	309.42618587336756	8.636202692985535	-7.611801703770955	-2.0193447299922505
-999.0	740.0	310.73473053854866	7.717152555783589	-7.409876008828481	-1.8518863079758983
-999.0	715.0	312.11265684242824	6.89918851852417	-7.04148256778717	-1.6769226739803953
-999.0	690.0	313.51288632110106	6.1534048318862915	-6.585529108842214	-1.4741512686014173
-999.0	665.0	314.90758248023405	5.477354645729064	-6.044434130191803	-1.2295214980840683
-999.0	640.0	316.3201447965915	4.880498886108398	-5.55870738128821	-0.9353828119734924
-999.0	615.0	317.75982301444606	4.374802033106486	-5.186058220764001	-0.5889326029767593
-999.0	590.0	319.40910754183113	3.906067649523417	-5.001212522387505	-0.27260384087761247
-999.0	565.0	321.3132628521151	3.470441480477651	-5.056713749965032	-0.014346923058231653
-999.0	540.0	323.32292532584086	3.0280628899733224	-5.264725824197132	0.18436413611440602
-999.0	515.0	325.3709199369039	2.558329294125239	-5.598327428102493	0.29963843462367856
-999.0	490.0	327.3866408468019	2.113624488313993	-5.876383403937022	0.29015982896089554
-999.0	465.0	329.3105197317296	1.6946842819452288	-6.034851650396983	0.1331001529470086
-999.0	440.0	331.17901484042926	1.343941479921341	-6.089679231246313	-0.10770430726309614
-999.0	415.0	332.97751264807107	1.0639952421188357	-6.037453293800354	-0.3689447517196337
-999.0	390.0	334.7693810032587	0.8510323440035185	-5.908765797813732	-0.45475715398788447
-999.0	365.0	336.54932602966284	0.6979992066820462	-5.687726925437648	-0.25916928673783934
-999.0	340.0	338.3188107373541	0.5700039938092232	-5.317543304214874	0.23368988993267223
-999.0	315.0	340.05844796660875	0.4634860021372637	-4.814161668221154	0.9677971899509431
-999.0	290.0	341.7825063860591	0.3511078990995884	-4.333516413966815	1.6874238004287085
-999.0	265.0	343.5193067799486	0.24514819309115413	-3.9282335986693693	2.2734351145724454
-999.0	240.0	345.2761656898258	0.15599033236503598	-3.4587725202242527	2.6955258349577584
-999.0	215.0	347.0149476189765	0.08695377595722674	-2.5836328814427056	2.7637440860271454
-999.0	190.0	348.8975188840311	0.04466082450623314	-0.9736102521419524	2.2547847107052803
-999.0	165.0	351.40161611805286	0.021665553329512477	1.1005760083595912	1.1889664282401402
-999.0	140.0	355.96011182717524	0.009907679942746956	2.418243358532588	0.25678251683712006
-999.0	115.0	367.39959035609843	0.005586162209510802	3.005282213290532	0.15545949091513955
-999.0	90.0	393.3997372215512	0.004687967516171436	4.759038905302684	0.20201915999253592
-999.0	65.0	441.95743357974925	0.0035325082717463374	1.9382899949947991	0.010463168223698915
-999.0	40.0	532.2084426175074	0.013479975440228976	-8.531773552298544	-0.33706207387149334
-999.0	15.0	722.3672413370174	0.07020404127736886	-17.140316888689995	-0.33182608584562934
245.13888888888889	40	1004.9833238389755	day	levels	pres0
-999.0	990.0	299.3195964523695	16.509297724123382	-2.0329923516621404	-0.4322915147920996
-999.0	965.0	301.1072118599126	16.029344337957887	-3.6473750151968902	-0.9286675137915993
-999.0	940.0	302.32074596378277	15.596998797522648	-4.6191880131760765	-1.338270822850362
-999.0	915.0	303.3147578113639	14.889216140464491	-5.360711644300142	-1.713659452895328
-999.0	890.0	304.1727866624973	14.04245477252536	-6.007575188521997	-2.040485156906988
-999.0	865.0	305.07718115770757	13.044198751449583	-6.602407594521873	-2.260385869829767
-999.0	840.0	306.0434792317566	11.909993198182837	-7.111564925423427	-2.345974491702222
-999.0	815.0	307.0713111080936	10.73179087815459	-7.478437843146217	-2.325193623149882
-999.0	790.0	308.17355689925824	9.630431532859767	-7.665463184868923	-2.2269014981058386
-999.0	765.0	309.3900415359014	8.61509586263583	-7.6665189288281335	-2.0779043792023035
-999.0	740.0	310.70072326500616	7.703391891938647	-7.451555057808264	-1.9060327087839806
-999.0	715.0	312.0824213040818	6.89216744016717	-7.066621530939074	-1.7259085370158997
-999.0	690.0	313.4866242515466	6.1516586144765215	-6.593927542368595	-1.5168944869052705
-999.0	665.0	314.88516164381076	5.479417505087683	-6.0368122171472685	-1.2644251601563719
-999.0	640.0	316.301379204541	4.884026604670075	-5.539166954932384	-0.9602924774193998
-999.0	615.0	317.7439919031535	4.377182856754027	-5.160828139081036	-0.6015543976401947
-999.0	590.0	319.39403546009544	3.906159828106563	-4.977622057552686	-0.27440602663489366
-999.0	565.0	321.2961503788857	3.46714998726491	-5.0433083309067746	-0.007893064128287372
-999.0	540.0	323.30383421739043	3.021957778268378	-5.264556107697697	0.19746663762879318
-999.0	515.0	325.350673280291	2.550116908219111	-5.611954386587553	0.31687485109326674
-999.0	490.0	327.36563933866034	2.1044615231178274	-5.896502196788857	0.3054973455491014
-999.0	465.0	329.2892009271915	1.6857647895812862	-6.051074167092708	0.13884358163233096
-999.0	440.0	331.1576143465639	1.3359168996965338	-6.095186070159683	-0.11644874937420166
-999.0	415.0	332.9564064926556	1.0575005649416453	-6.027197564089768	-0.3944553346545966
-999.0	390.0	334.74992054890436	0.8460264015528827	-5.883666262582499	-0.4905602945774204
-999.0	365.0	336.5329261957712	0.6943360000020877	-5.650340719079513	-0.2951519572073172
-999.0	340.0	338.30574262527244	0.5677091506896161	-5.267650616941595	0.2054173813925183
-999.0	315.0	340.04913621865757	0.46247388436286374	-4.750643147741987	0.952843450975572
-999.0	290.0	341.77980283512045	0.3508742835234705	-4.256251973134446	1.6857092838595769
-999.0	265.0	343.5254775088535	0.24528667772257723	-3.8375044867947614	2.282966929453332
-999.0	240.0	345.2865921396911	0.15600216478385273	-3.354312390916807	2.7162281490034137
-999.0	215.0	347.01690107374753	0.08673414846675236	-2.4634294189787904	2.793602187876343
-999.0	190.0	348.8798103194746	0.04457133359931122	-0.8369690168786003	2.286262590024233
-999.0	165.0	351.36839765278916	0.02165766997711247	1.2392917628642568	1.2135299245516822
-999.0	140.0	355.9312396958884	0.009889544725107639	2.5191645669165323	0.27816562796084343
-999.0	115.0	367.39634397549264	0.005583640407874359	3.0381376274206184	0.18299203476425613
-999.0	90.0	393.43673084375035	0.004697223517319411	4.748430999892698	0.2172079678211483
-999.0	65.0	442.02467960630753	0.003527050050993057	1.9263323782770423	-0.00013152861758963796
-999.0	40.0	532.2397063147974	0.013501171298601058	-8.494932173440823	-0.3634548427330273
-999.0	15.0	722.3586348583289	0.07017767256884676	-17.080804818206303	-0.35573589167111824
245.15277777777777	40	1004.8282352023655	day	levels	pres0
-999.0	990.0	299.2899186280428	16.52394897849471	-2.0147697848302477	-0.4389097037276741
-999.0	965.0	301.11493843803606	16.037688687995622	-3.6512455374554413	-0.9392415424463932
-999.0	940.0	302.3373709754221	15.59233718448215	-4.648122737805044	-1.3600065745413266
-999.0	915.0	303.3175599234018	14.87785664311162	-5.4039185796346825	-1.7469375506043345
-999.0	890.0	304.1564839668769	14.029132710562815	-6.056584635266536	-2.082518430219743
-999.0	865.0	305.04705128192955	13.028800566991174	-6.655598521232587	-2.310876188454786
-999.0	840.0	306.0067111544861	11.889425887001893	-7.169704836827716	-2.4028837217224743
-999.0	815.0	307.03343906234625	10.705362673159009	-7.540879055305739	-2.3853189437477442
-999.0	790.0	308.136613895448	9.60388755798341	-7.727171332747823	-2.2878396867049844
-999.0	765.0	309.3538971984352	8.593989032286194	-7.721236153885148	-2.13646402841225
-999.0	740.0	310.66671599146366	7.689631228093754	-7.493234106787913	-1.9601791095919747
-999.0	715.0	312.0521857657355	6.885146361810191	-7.091760494090882	-1.774894400051334
-999.0	690.0	313.4603621819921	6.149912397066752	-6.602325975894923	-1.559637705209069
-999.0	665.0	314.8627408073873	5.481480364446286	-6.029190304102721	-1.2993288222286368
-999.0	640.0	316.2826136124905	4.887554323231731	-5.519626528576571	-0.9852021428652893
-999.0	615.0	317.728160791861	4.379563680401554	-5.135598057398094	-0.6141761923036358
-999.0	590.0	319.37896337835963	3.9062520066897077	-4.954031592717879	-0.2762082123922001
-999.0	565.0	321.27903790565637	3.4638584940521824	-5.029902911848487	-0.0014392051983814214
-999.0	540.0	323.2847431089402	3.0158526665634606	-5.264386391198183	0.21056913914313433
-999.0	515.0	325.33042662367825	2.5419045223130152	-5.625581345072483	0.3341112675628092
-999.0	490.0	327.3446378305188	2.0952985579216956	-5.916620989640535	0.3208348621372752
-999.0	465.0	329.26788212265365	1.6768452972173722	-6.067296683788285	0.1445870103176525
-999.0	440.0	331.1362138526986	1.3278923194717505	-6.1006929090729365	-0.12519319148526697
-999.0	415.0	332.93530033724034	1.0510058877644737	-6.016941834379124	-0.4199659175894739
-999.0	390.0	334.73046009455015	0.8410204591022615	-5.858566727351266	-0.5263634351668339
-999.0	365.0	336.5165263618796	0.6906727933221406	-5.612954512721425	-0.3311346276766522
-999.0	340.0	338.2926745131908	0.5654143075700168	-5.2177579296684025	0.17714487285251485
-999.0	315.0	340.0398244707065	0.4614617665884676	-4.687124627262931	0.9378897120003461
-999.0	290.0	341.77709928418193	0.35064066794735427	-4.178987532302215	1.6839947672905804
-999.0	265.0	343.53164823775836	0.24542516235400125	-3.746775374920314	2.2924987443343365
-999.0	240.0	345.2970185895564	0.15601399720267012	-3.249852261609538	2.736930463049144
-999.0	215.0	347.01885452851855	0.08651452097627857	-2.3432259565150697	2.8234602897255456
-999.0	190.0	348.86210175491806	0.04448184269238955	-0.7003277816154773	2.3177404693431263
-999.0	165.0	351.33517918752545	0.021649786624712522	1.378007517368662	1.2380934208631458
-999.0	140.0	355.90236756460166	0.009871409507468346	2.6200857753002786	0.299548739084484
-999.0	115.0	367.39309759488674	0.0055811186062379005	3.0709930415506643	0.21052457861325202
-999.0	90.0	393.4737244659494	0.004706479518467349	4.737823094482783	0.23239677564964611
-999.0	65.0	442.0919256328656	0.0035215918302398076	1.9143747615593523	-0.010726225458907557
-999.0	40.0	532.2709700120872	0.013522367156973027	-8.458090794583175	-0.38984761159451764
-999.0	15.0	722.3500283796402	0.07015130386032441	-17.021292747722754	-0.3796456974965412
245.16666666666666	40	1004.673146565755	day	levels	pres0
-999.0	990.0	299.260240803716	16.5386002328661	-1.996547217998172	-0.44552789266324233
-999.0	965.0	301.12266501615954	16.046033038033396	-3.6551160597138286	-0.9498155711011604
-999.0	940.0	302.35399598706147	15.587675571441654	-4.677057462433937	-1.3817423262322843
-999.0	915.0	303.32036203543964	14.86649714575873	-5.447125514969218	-1.7802156483133613
-999.0	890.0	304.14018127125655	14.01581064860026	-6.105594082011124	-2.124551703532543
-999.0	865.0	305.0169214061514	13.013402382532753	-6.708789447943393	-2.361366507079883
-999.0	840.0	305.9699430772155	11.868858575820918	-7.227844748232137	-2.4597929517428354
-999.0	815.0	306.99556701659884	10.67893446816337	-7.603320267465428	-2.445444264345733
-999.0	790.0	308.09967089163774	9.57734358310697	-7.7888794806269	-2.3487778753042585
-999.0	765.0	309.3177528609691	8.572882201936487	-7.775953378942328	-2.1950236776223115
-999.0	740.0	310.63270871792116	7.675870564248809	-7.534913155767696	-2.0143255104000657
-999.0	715.0	312.021950227389	6.878125283453192	-7.116899457242786	-1.823880263086846
-999.0	690.0	313.4341001124376	6.148166179656983	-6.610724409421306	-1.6023809235129287
-999.0	665.0	314.84031997096406	5.483543223804905	-6.02156839105819	-1.3342324843009459
-999.0	640.0	316.26384802044004	4.891082041793408	-5.500086102220748	-1.0101118083112022
-999.0	615.0	317.71232968056853	4.381944504049095	-5.110367975715132	-0.6267979869670756
-999.0	590.0	319.3638912966239	3.9063441852728524	-4.930441127883063	-0.2780103981494838
-999.0	565.0	321.261925432427	3.4605670008394402	-5.016497492790233	0.005014653731562957
-999.0	540.0	323.2656520004898	3.0097475548585155	-5.264216674698748	0.22367164065752376
-999.0	515.0	325.3101799670655	2.5336921364068865	-5.639208303557542	0.3513476840324014
-999.0	490.0	327.3236363223773	2.086135592725529	-5.93673978249237	0.3361723787254848
-999.0	465.0	329.2465633181157	1.667925804853428	-6.083519200484007	0.15033043900297535
-999.0	440.0	331.1148133588332	1.319867739246942	-6.106199747986302	-0.13393763359637678
-999.0	415.0	332.9141941818251	1.044511210587282	-6.006686104668534	-0.445476500524446
-999.0	390.0	334.71099964019584	0.8360145166516249	-5.833467192120025	-0.5621665757563814
-999.0	365.0	336.50012652798796	0.6870095866421816	-5.57556830636328	-0.3671172981461405
-999.0	340.0	338.2796064011091	0.5631194644504094	-5.167865242395115	0.14887236431235562
-999.0	315.0	340.0305127227554	0.4604496488140675	-4.623606106783754	0.9229359730249772
-999.0	290.0	341.77439573324335	0.3504070523712363	-4.1017230914698395	1.6822802507214585
-999.0	265.0	343.5378189666631	0.24556364698542435	-3.6560462630457007	2.302030559215239
-999.0	240.0	345.3074450394217	0.1560258296214867	-3.145392132302088	2.7576327770948117
-999.0	215.0	347.02080798328956	0.086294893485804	-2.2230224940511496	2.8533183915747453
-999.0	190.0	348.8443931903615	0.044392351785467604	-0.5636865463521205	2.3492183486620677
-999.0	165.0	351.3019607222618	0.021641903272312538	1.51672327187333	1.2626569171746715
-999.0	140.0	355.8734954333148	0.009853274289829034	2.7210069836842212	0.32093185020819215
-999.0	115.0	367.38985121428107	0.005578596804601458	3.103848455680749	0.23805712246235466
-999.0	90.0	393.51071808814845	0.004715735519615326	4.727215189072797	0.24758558347824527
-999.0	65.0	442.15917165942375	0.0035161336094865245	1.9024171448415974	-0.021320922300207767
-999.0	40.0	532.3022337093772	0.013543563015345112	-8.421249415725448	-0.4162403804560624
-999.0	15.0	722.3414219009519	0.07012493515180228	-16.961780677239055	-0.40355550332204093
245.18055555555554	40	1004.5180579291449	day	levels	pres0
-999.0	990.0	299.23056297938933	16.55325148723743	-1.9783246511662793	-0.4521460815988167
-999.0	965.0	301.1303915942829	16.054377388071128	-3.6589865819723792	-0.9603895997559544
-999.0	940.0	302.3706209987008	15.583013958401155	-4.705992187062905	-1.4034780779232487
-999.0	915.0	303.3231641474773	14.855137648405861	-5.490332450303757	-1.8134937460223683
-999.0	890.0	304.12387857563624	14.002488586637714	-6.154603528755663	-2.1665849768452974
-999.0	865.0	304.98679153037324	12.998004198074348	-6.761980374654105	-2.411856825704901
-999.0	840.0	305.933174999945	11.848291264639972	-7.285984659636425	-2.5167021817630872
-999.0	815.0	306.9576949708515	10.65250626316779	-7.665761479624949	-2.5055695849435953
-999.0	790.0	308.06272788782763	9.550799608230612	-7.8505876285058	-2.409716063903404
-999.0	765.0	309.28160852350294	8.551775371586853	-7.830670603999341	-2.253583326832259
-999.0	740.0	310.5987014443786	7.662109900403917	-7.576592204747344	-2.0684719112080603
-999.0	715.0	311.9917146890427	6.871104205096214	-7.142038420394594	-1.8728661261222805
-999.0	690.0	313.40783804288316	6.146419962247213	-6.619122842947633	-1.645124141816727
-999.0	665.0	314.8178991345407	5.485606083163506	-6.013946478013642	-1.369136146373211
-999.0	640.0	316.24508242838954	4.894609760355063	-5.480545675864937	-1.0350214737570917
-999.0	615.0	317.696498569276	4.384325327696621	-5.085137894032188	-0.6394197816305166
-999.0	590.0	319.34881921488824	3.9064363638559967	-4.906850663048255	-0.27981258390679037
-999.0	565.0	321.2448129591977	3.4572755076267123	-5.0030920737319455	0.011468512661468998
-999.0	540.0	323.2465608920394	3.0036424431535975	-5.264046958199233	0.23677414217186493
-999.0	515.0	325.28993331045274	2.5254797505007907	-5.652835262042473	0.3685841005019437
-999.0	490.0	327.30263481423583	2.0769726275293974	-5.956858575344047	0.3515098953136584
-999.0	465.0	329.22524451357776	1.6590063124895142	-6.099741717179581	0.156073867688297
-999.0	440.0	331.0934128649679	1.3118431590221586	-6.1117065868995555	-0.14268207570744212
-999.0	415.0	332.8930880264097	1.0380165334101106	-5.996430374957889	-0.47098708345932316
-999.0	390.0	334.69153918584163	0.8310085742010034	-5.808367656888792	-0.597969716345795
-999.0	365.0	336.4837266940964	0.6833463799622345	-5.5381821000051925	-0.4030999686154754
-999.0	340.0	338.26653828902744	0.56082462133081	-5.117972555121921	0.12059985577235188
-999.0	315.0	340.0212009748044	0.45943753103967144	-4.560087586304698	0.9079822340497513
-999.0	290.0	341.7716921823049	0.3501734367951201	-4.024458650637609	1.680565734152462
-999.0	265.0	343.54398969556803	0.24570213161684842	-3.5653171511712523	2.3115623740962428
-999.0	240.0	345.317871489287	0.15603766204030411	-3.0409320029948192	2.778335091140543
-999.0	215.0	347.02276143806057	0.08607526599533025	-2.102819031587429	2.883176493423948
-999.0	190.0	348.826684625805	0.04430286087854593	-0.42704531108899746	2.380696227980962
-999.0	165.0	351.26874225699817	0.021634019919912584	1.655439026377735	1.2872204134861351
-999.0	140.0	355.844623302028	0.009835139072189745	2.8219281920679675	0.3423149613318327
-999.0	115.0	367.3866048336753	0.005576075002965001	3.1367038698107956	0.2655896663113506
-999.0	90.0	393.5477117103475	0.0047249915207632645	4.716607283662881	0.262774391306743
-999.0	65.0	442.22641768598174	0.0035106753887332765	1.8904595281239063	-0.03191561914152577
-999.0	40.0	532.333497406667	0.013564758873717081	-8.3844080368678	-0.44263314931755277
-999.0	15.0	722.3328154222633	0.07009856644327994	-16.90226860675551	-0.42746530914746395
245.19444444444446	40	1004.3629692925347	day	levels	pres0
-999.0	990.0	299.20088515506245	16.56790274160881	-1.960102084334215	-0.45876427053439756
-999.0	965.0	301.13811817240645	16.062721738108884	-3.6628571042307825	-0.9709636284107449
-999.0	940.0	302.3872460103402	15.578352345360646	-4.734926911691818	-1.4252138296142314
-999.0	915.0	303.32596625951516	14.84377815105296	-5.533539385638313	-1.8467718437314182
-999.0	890.0	304.1075758800158	13.989166524675152	-6.203612975500266	-2.2086182501581177
-999.0	865.0	304.95666165459517	12.982606013615918	-6.815171301364925	-2.462347144330016
-999.0	840.0	305.89640692267443	11.827723953458985	-7.344124571040862	-2.573611411783462
-999.0	815.0	306.91982292510403	10.626078058172135	-7.728202691784656	-2.5656949055415956
-999.0	790.0	308.0257848840173	9.524255633354166	-7.912295776384894	-2.4706542525026873
-999.0	765.0	309.2454641860367	8.530668541237143	-7.885387829056535	-2.312142976042326
-999.0	740.0	310.5646941708361	7.648349236558974	-7.618271253727134	-2.1226183120161517
-999.0	715.0	311.9614791506962	6.864083126739215	-7.1671773835464965	-1.921851989157791
-999.0	690.0	313.38157597332867	6.144673744837442	-6.627521276474006	-1.6878673601205822
-999.0	665.0	314.7954782981173	5.487668942522122	-6.006324564969094	-1.4040398084455146
-999.0	640.0	316.2263168363391	4.898137478916738	-5.4610052495090935	-1.0599311392029984
-999.0	615.0	317.6806674579835	4.3867061513441605	-5.059907812349211	-0.6520415762939497
-999.0	590.0	319.33374713315243	3.906528542439143	-4.88326019821343	-0.2816147696640683
-999.0	565.0	321.22770048596834	3.4539840144139724	-4.989686654673688	0.017922371591417033
-999.0	540.0	323.227469783589	2.9975373314486564	-5.263877241699804	0.2498766436862571
-999.0	515.0	325.2696866538398	2.5172673645946655	-5.66646222052754	0.3858205169715394
-999.0	490.0	327.28163330609414	2.067809662333236	-5.9769773681958895	0.3668474119018731
-999.0	465.0	329.2039257090399	1.6500868201255747	-6.115964233875308	0.1618172963736269
-999.0	440.0	331.0720123711025	1.3038185787973542	-6.117213425812921	-0.15142651781854377
-999.0	415.0	332.87198187099443	1.0315218562329225	-5.98617464524729	-0.49649766639428783
-999.0	390.0	334.67207873148726	0.8260026317503691	-5.7832681216575414	-0.6337728569353341
-999.0	365.0	336.46732686020476	0.6796831732822769	-5.50079589364703	-0.43908263908495193
-999.0	340.0	338.25347017694577	0.5585297782112036	-5.068079867848611	0.0923273472322069
-999.0	315.0	340.01188922685327	0.45842541326527175	-4.496569065825487	0.8930284950743974
-999.0	290.0	341.76898863136626	0.3499398212190025	-3.9471942098051884	1.678851217583352
-999.0	265.0	343.5501604244729	0.2458406162482722	-3.4745880392965818	2.3210941889771535
-999.0	240.0	345.32829793915226	0.15604949445912142	-2.936471873687303	2.7990374051862217
-999.0	215.0	347.02471489283164	0.0858556385048562	-1.9826155691234393	2.913034595273167
-999.0	190.0	348.8089760612484	0.04421336997162413	-0.2904040758255738	2.4121741072999336
-999.0	165.0	351.2355237917345	0.021626136567512576	1.7941547808824607	1.311783909797696
-999.0	140.0	355.81575117074124	0.009817003854550406	2.922849400451951	0.36369807245557656
-999.0	115.0	367.3833584530695	0.005573553201328549	3.1695592839408957	0.2931222101604867
-999.0	90.0	393.58470533254666	0.004734247521911238	4.705999378252897	0.27796319913535805
-999.0	65.0	442.29366371253997	0.0035052171679799964	1.8785019114061483	-0.042510315982831726
-999.0	40.0	532.3647611039571	0.01358595473208915	-8.347566658010063	-0.46902591817910455
-999.0	15.0	722.3242089435747	0.0700721977347577	-16.842756536271793	-0.45137511497296223
245.20833333333334	40	1004.2078806559244	day	levels	pres0
-999.0	990.0	299.17120733073574	16.58255399598013	-1.9418795175023176	-0.46538245946996865
-999.0	965.0	301.1458447505299	16.071066088146615	-3.666727626489325	-0.9815376570655334
-999.0	940.0	302.4038710219795	15.573690732320149	-4.763861636320778	-1.4469495813051898
-999.0	915.0	303.328768371553	14.83241865370009	-5.576746320972843	-1.8800499414404186
-999.0	890.0	304.0912731843955	13.975844462712606	-6.252622422244798	-2.250651523470867
-999.0	865.0	304.92653177881704	12.96720782915751	-6.868362228075634	-2.5128374629550296
-999.0	840.0	305.85963884540394	11.807156642278041	-7.402264482445145	-2.630520641803711
-999.0	815.0	306.8819508793567	10.599649853176556	-7.790643903944175	-2.625820226139454
-999.0	790.0	307.98884188020713	9.497711658477806	-7.9740039242637915	-2.531592441101827
-999.0	765.0	309.2093198485706	8.509561710887507	-7.940105054113546	-2.3707026252522656
-999.0	740.0	310.53068689729355	7.6345885727140805	-7.65995030270678	-2.176764712824138
-999.0	715.0	311.93124361234993	6.857062048382237	-7.1923163466983056	-1.970837852193216
-999.0	690.0	313.3553139037741	6.142927527427674	-6.635919710000336	-1.7306105784243713
-999.0	665.0	314.77305746169395	5.4897318018807235	-5.9987026519245505	-1.4389434705177706
-999.0	640.0	316.20755124428854	4.901665197478391	-5.441464823153287	-1.0848408046488804
-999.0	615.0	317.66483634669095	4.389086974991686	-5.034677730666275	-0.6646633709573857
-999.0	590.0	319.31867505141656	3.9066207210222865	-4.859669733378631	-0.28341695542137146
-999.0	565.0	321.210588012739	3.4506925212012445	-4.976281235615412	0.024376230521325107
-999.0	540.0	323.2083786751386	2.991432219743739	-5.263707525200299	0.2629791452005996
-999.0	515.0	325.2494399972271	2.509054978688572	-5.680089179012479	0.40305693344108223
-999.0	490.0	327.2606317979528	2.058646697137105	-5.997096161047577	0.38218492849004715
-999.0	465.0	329.18260690450194	1.6411673277616627	-6.132186750570892	0.16756072505894787
-999.0	440.0	331.0506118772371	1.2957939985725717	-6.122720264726183	-0.1601709599296106
-999.0	415.0	332.85087571557915	1.0250271790557517	-5.975918915536652	-0.5220082493291676
-999.0	390.0	334.652618277133	0.8209966892997486	-5.7581685864263115	-0.6695759975247509
-999.0	365.0	336.45092702631325	0.6760199666023299	-5.463409687288946	-0.47506530955429066
-999.0	340.0	338.24040206486416	0.5562349350916045	-5.018187180575421	0.06405483869219893
-999.0	315.0	340.00257747890225	0.45741329549087556	-4.433050545346436	0.8780747560991666
-999.0	290.0	341.7662850804277	0.34970620564288635	-3.8699297689729626	1.6771367010143508
-999.0	265.0	343.55633115337776	0.2459791008796961	-3.383858927422142	2.330626003858152
-999.0	240.0	345.3387243890176	0.1560613268779388	-2.832011744380045	2.8197397192319453
-999.0	215.0	347.02666834760265	0.08563601101438245	-1.8624121066597334	2.9428926971223617
-999.0	190.0	348.7912674966919	0.04412387906470247	-0.15376284056246925	2.4436519866188187
-999.0	165.0	351.2023053264708	0.021618253215112637	1.9328705353868458	1.336347406109154
-999.0	140.0	355.7868790394545	0.009798868636911118	3.0237706088356813	0.38508118357921456
-999.0	115.0	367.38011207246376	0.0055710313996920925	3.202414698070934	0.3206547540094815
-999.0	90.0	393.6216989547456	0.004743503523059176	4.695391472842977	0.29315200696385635
-999.0	65.0	442.36090973909796	0.0034997589472267466	1.8665442946884554	-0.053105012824150755
-999.0	40.0	532.3960248012469	0.01360715059046112	-8.310725279152418	-0.49541868704059655
-999.0	15.0	722.3156024648861	0.07004582902623538	-16.78324446578825	-0.4752849207983886
245.22222222222223	40	1004.0527920193142	day	levels	pres0
-999.0	990.0	299.14152950640903	16.597205250351525	-1.9236569506702466	-0.47200064840554035
-999.0	965.0	301.1535713286534	16.079410438184386	-3.67059814874772	-0.9921116857203061
-999.0	940.0	302.4204960336189	15.569029119279648	-4.79279636094968	-1.4686853329961531
-999.0	915.0	303.3315704835907	14.8210591563472	-5.619953256307387	-1.913328039149452
-999.0	890.0	304.0749704887752	13.962522400750052	-6.301631868989395	-2.292684796783673
-999.0	865.0	304.8964019030389	12.951809644699093	-6.921553154786446	-2.5633277815801314
-999.0	840.0	305.8228707681333	11.786589331097064	-7.460404393849569	-2.687429871824075
-999.0	815.0	306.8440788336092	10.573221648180914	-7.853085116103867	-2.6859455467374476
-999.0	790.0	307.951898876397	9.471167683601367	-8.035712072142871	-2.592530629701107
-999.0	765.0	309.1731755111044	8.488454880537798	-7.994822279170728	-2.4292622744623347
-999.0	740.0	310.496679623751	7.620827908869137	-7.701629351686566	-2.2309111136322373
-999.0	715.0	311.90100807400347	6.850040970025236	-7.217455309850208	-2.0198237152287377
-999.0	690.0	313.3290518342197	6.141181310017903	-6.644318143526717	-1.7733537967282405
-999.0	665.0	314.75063662527066	5.491794661239344	-5.991080738880016	-1.473847132590089
-999.0	640.0	316.18878565223804	4.90519291604007	-5.421924396797459	-1.1097504700948004
-999.0	615.0	317.6490052353985	4.391467798639228	-5.009447648983307	-0.6772851656208304
-999.0	590.0	319.30360296968087	3.9067128996054334	-4.836079268543807	-0.2852191411786584
-999.0	565.0	321.1934755395097	3.447401027988503	-4.962875816557146	0.030830089451267355
-999.0	540.0	323.1892875666883	2.9853271080387933	-5.263537808700854	0.2760816467149878
-999.0	515.0	325.2291933406143	2.5008425927824414	-5.69371613749753	0.42029334991067413
-999.0	490.0	327.2396302898112	2.049483731940937	-6.017214953899402	0.39752244507825646
-999.0	465.0	329.1612880999639	1.6322478353977172	-6.148409267266606	0.17330415374427133
-999.0	440.0	331.0292113833717	1.2877694183477622	-6.128227103639541	-0.16891540204071884
-999.0	415.0	332.82976956016375	1.0185325018785596	-5.965663185826054	-0.5475188322641371
-999.0	390.0	334.6331578227786	0.8159907468491113	-5.7330690511950655	-0.7053791381142952
-999.0	365.0	336.4345271924216	0.6723567599223707	-5.4260234809308	-0.5110479800237752
-999.0	340.0	338.2273339527825	0.5539400919719969	-4.96829449330213	0.03578233015204388
-999.0	315.0	339.99326573095107	0.4564011777164756	-4.3695320248672544	0.8631210171238025
-999.0	290.0	341.7635815294891	0.34947259006676845	-3.7926653281405818	1.675422184445234
-999.0	265.0	343.5625018822827	0.2461175855111193	-3.2931298155475206	2.3401578187390597
-999.0	240.0	345.34915083888296	0.15607315929675541	-2.727551615072584	2.84044203327762
-999.0	215.0	347.02862180237366	0.08541638352390783	-1.7422086441957996	2.97275079897157
-999.0	190.0	348.7735589321354	0.0440343881577805	-0.01712160529909401	2.4751298659377685
-999.0	165.0	351.1690868612071	0.021610369862712645	2.071586289891533	1.3609109024206854
-999.0	140.0	355.7580069081676	0.009780733419271801	3.12469181721964	0.4064642947029254
-999.0	115.0	367.376865691858	0.0055685095980556485	3.2352701122010257	0.3481872978585853
-999.0	90.0	393.65869257694476	0.004752759524207152	4.684783567432994	0.3083408147924551
-999.0	65.0	442.42815576565624	0.0034943007264734657	1.854586677970702	-0.06369970966545
-999.0	40.0	532.4272884985368	0.013628346448833203	-8.273883900294686	-0.5218114559021396
-999.0	15.0	722.3069959861976	0.07001946031771322	-16.72373239530455	-0.49919472662388487
245.23611111111111	40	1003.8977033827042	day	levels	pres0
-999.0	990.0	299.11185168208226	16.611856504722855	-1.9054343838383543	-0.47861883734111466
-999.0	965.0	301.16129790677684	16.08775478822212	-3.6744686710062706	-1.0026857143751002
-999.0	940.0	302.4371210452584	15.564367506239154	-4.821731085578647	-1.4904210846871186
-999.0	915.0	303.3343725956285	14.809699658994326	-5.663160191641928	-1.9466061368584586
-999.0	890.0	304.0586677931548	13.949200338787506	-6.3506413157339345	-2.3347180700964265
-999.0	865.0	304.8662720272609	12.936411460240683	-6.9747440814971595	-2.61381810020515
-999.0	840.0	305.78610269086283	11.766022019916118	-7.518544305253858	-2.7443391018443273
-999.0	815.0	306.80620678786187	10.546793443185337	-7.915526328263391	-2.746070867335309
-999.0	790.0	307.91495587258675	9.444623708725008	-8.097420220021773	-2.6534688183002526
-999.0	765.0	309.13703117363826	8.467348050188166	-8.049539504227742	-2.487821923672282
-999.0	740.0	310.4626723502085	7.6070672450242425	-7.743308400666211	-2.2850575144402323
-999.0	715.0	311.8707725356571	6.843019891668258	-7.242594273002017	-2.068809578264172
-999.0	690.0	313.3027897646652	6.1394350926081325	-6.652716577053046	-1.8160970150320395
-999.0	665.0	314.7282157888472	5.4938575205979445	-5.983458825835469	-1.5087507946623537
-999.0	640.0	316.1700200601876	4.908720634601724	-5.4023839704416465	-1.1346601355406902
-999.0	615.0	317.63317412410595	4.393848622286755	-4.984217567300364	-0.6899069602842713
-999.0	590.0	319.2885308879451	3.9068050781885773	-4.812488803708998	-0.28702132693596494
-999.0	565.0	321.1763630662803	3.4441095347757757	-4.949470397498859	0.03728394838117333
-999.0	540.0	323.17019645823797	2.979221996333875	-5.26336809220134	0.28918414822932886
-999.0	515.0	325.2089466840015	2.492630206876346	-5.707343095982459	0.4375297663802163
-999.0	490.0	327.2186287816697	2.0403207667448053	-6.03733374675108	0.41285996166643013
-999.0	465.0	329.1399692954261	1.6233283430338037	-6.164631783962182	0.17904758242959284
-999.0	440.0	331.00781088950646	1.279744838122979	-6.133733942552795	-0.1776598441517842
-999.0	415.0	332.8086634047485	1.0120378247013881	-5.955407456115411	-0.5730294151990143
-999.0	390.0	334.6136973684245	0.81098480439849	-5.707969515963832	-0.7411822787037089
-999.0	365.0	336.41812735853006	0.6686935532424235	-5.388637274572712	-0.5470306504931102
-999.0	340.0	338.2142658407009	0.5516452488523976	-4.918401806028937	0.007509821612040432
-999.0	315.0	339.9839539830001	0.4553890599420794	-4.3060135043882	0.8481672781485765
-999.0	290.0	341.7608779785505	0.3492389744906521	-3.715400887308351	1.6737076678762375
-999.0	265.0	343.56867261118754	0.2462560701425434	-3.2024007036730726	2.349689633620064
-999.0	240.0	345.35957728874826	0.15608499171557286	-2.6230914857653156	2.8611443473233504
-999.0	215.0	347.0305752571447	0.08519675603343407	-1.6220051817320777	3.002608900820772
-999.0	190.0	348.7558503675788	0.04394489725085883	0.11951962996402932	2.5066077452566624
-999.0	165.0	351.1358683959435	0.021602486510312695	2.210302044395938	1.385474398732149
-999.0	140.0	355.7291347768808	0.00976259820163251	3.225613025603387	0.427847405826566
-999.0	115.0	367.3736193112521	0.00556598779641919	3.2681255263310725	0.3757198417075811
-999.0	90.0	393.6956861991437	0.004762015525355092	4.67417566202308	0.3235296226209528
-999.0	65.0	442.4954017922143	0.003488842505720217	1.8426290612530118	-0.07429440650676788
-999.0	40.0	532.4585521958265	0.013649542307205172	-8.23704252143704	-0.5482042247636301
-999.0	15.0	722.2983895075089	0.0699930916091909	-16.664220324821002	-0.523104532449308
245.25	40	1003.7426147460935	day	levels	pres0
-999.0	990.0	299.08217385775544	16.62650775909424	-1.88721181700627	-0.4852370262766879
-999.0	965.0	301.1690244849003	16.096099138259884	-3.6783391932646423	-1.0132597430298724
-999.0	940.0	302.45374605689767	15.559705893198648	-4.850665810207526	-1.5121568363780777
-999.0	915.0	303.33717470766635	14.798340161641436	-5.70636712697645	-1.979884234567483
-999.0	890.0	304.0423650975344	13.93587827682495	-6.399650762478511	-2.3767513434092207
-999.0	865.0	304.8361421514827	12.921013275782265	-7.027935008207956	-2.6643084188302355
-999.0	840.0	305.7493346135923	11.74545470873515	-7.576684216658273	-2.8012483318646746
-999.0	815.0	306.7683347421145	10.520365238189697	-7.977967540423074	-2.806196187933286
-999.0	790.0	307.87801286877647	9.418079733848572	-8.159128367900848	-2.714407006899515
-999.0	765.0	309.100886836172	8.44624121983846	-8.104256729284922	-2.5463815728823347
-999.0	740.0	310.42866507666594	7.593306581179302	-7.784987449645996	-2.3392039152483144
-999.0	715.0	311.84053699731066	6.8359988133112575	-7.26773323615392	-2.117795441299677
-999.0	690.0	313.27652769511076	6.137688875198365	-6.661115010579427	-1.8588402333358922
-999.0	665.0	314.70579495242396	5.495920379956563	-5.975836912790934	-1.5436544567346573
-999.0	640.0	316.1512544681371	4.912248353163401	-5.38284354408582	-1.1595698009865978
-999.0	615.0	317.6173430128134	4.396229445934297	-4.958987485617398	-0.7025287549477071
-999.0	590.0	319.27345880620936	3.9068972567717233	-4.788898338874181	-0.2888235126932462
-999.0	565.0	321.159250593051	3.4408180415630336	-4.936064978440602	0.04373780731111769
-999.0	540.0	323.15110534978754	2.973116884628932	-5.263198375701903	0.3022866497437159
-999.0	515.0	325.1887000273887	2.4844178209702172	-5.720970054467519	0.4547661828498045
-999.0	490.0	327.19762727352816	2.0311578015486402	-6.057452539602915	0.42819747825463605
-999.0	465.0	329.11865049088806	1.6144088506698608	-6.1808543006579075	0.1847910111149152
-999.0	440.0	330.98641039564103	1.271720257898172	-6.139240781466166	-0.18640428626288968
-999.0	415.0	332.78755724933313	1.005543147524198	-5.945151726404825	-0.5985399981339773
-999.0	390.0	334.5942369140701	0.8059788619478544	-5.6828699807326	-0.7769854192932447
-999.0	365.0	336.4017275246384	0.665030346562465	-5.351251068214575	-0.583013320962588
-999.0	340.0	338.20119772861915	0.5493504057327906	-4.868509118755657	-0.020762686928113394
-999.0	315.0	339.974642235049	0.45437694216767943	-4.242494983909031	0.833213539173206
-999.0	290.0	341.7581744276119	0.3490053589145342	-3.6381364464759827	1.671993151307106
-999.0	265.0	343.57484334009234	0.24639455477396643	-3.111671591798464	2.3592214485009513
-999.0	240.0	345.37000373861355	0.15609682413438955	-2.518631356457869	2.8818466613690057
-999.0	215.0	347.0325287119157	0.08497712854295969	-1.5018017192681627	3.03246700266997
-999.0	190.0	348.7381418030223	0.04385540634393692	0.2561608652273816	2.538085624575615
-999.0	165.0	351.1026499306798	0.02159460315791269	2.3490177989006042	1.410037895043691
-999.0	140.0	355.700262645594	0.009744462983993193	3.326534233987331	0.4492305169502893
-999.0	115.0	367.37037293064634	0.005563465994782746	3.3009809404611588	0.40325238555669785
-999.0	90.0	393.73267982134286	0.004771271526503066	4.663567756613095	0.33871843044956523
-999.0	65.0	442.56264781877246	0.003483384284966936	1.8306714445352554	-0.08488910334805647
-999.0	40.0	532.4898158931167	0.013670738165577252	-8.200201142579315	-0.574596993625164
-999.0	15.0	722.2897830288206	0.06996672290066877	-16.60470825433731	-0.5470143382747967
245.26388888888889	40	1003.7511370623554	day	levels	pres0
-999.0	990.0	299.0495990116665	16.655780544987465	-1.8911769356992765	-0.4901501068638432
-999.0	965.0	301.1046972322593	16.100884764282792	-3.6777597284979557	-1.01027691854094
-999.0	940.0	302.39778404276814	15.553827480033574	-4.861386031464329	-1.5092285651437536
-999.0	915.0	303.29047757431977	14.795050983075726	-5.722221515244943	-1.9809174857757599
-999.0	890.0	304.0037770362173	13.937895598234944	-6.413737433928063	-2.3805091768779043
-999.0	865.0	304.80042366971344	12.929322269227772	-7.038078994662698	-2.6692975582899807
-999.0	840.0	305.7153010427107	11.75807163450454	-7.5857098588237255	-2.8050738871097525
-999.0	815.0	306.7372160821767	10.530516915851182	-7.987351889963525	-2.802581701013769
-999.0	790.0	307.85037936651554	9.420420222812231	-8.168128357993254	-2.6982562139078228
-999.0	765.0	309.0750283581601	8.443064508614714	-8.11396689988951	-2.5179719146754667
-999.0	740.0	310.4024891242998	7.588685905491861	-7.797059505074134	-2.302363538631638
-999.0	715.0	311.81299125315854	6.832973630340011	-7.282916773248619	-2.076334131260651
-999.0	690.0	313.24836016382176	6.134905682669748	-6.677721950742945	-1.8148966877304424
-999.0	665.0	314.6784226468714	5.491608180381641	-5.9916773482605326	-1.499622481288649
-999.0	640.0	316.1251264467456	4.906212967854965	-5.398899870269279	-1.1165351192983406
-999.0	615.0	317.59282102401716	4.388191368844774	-4.976904050067619	-0.6617567497390882
-999.0	590.0	319.250064964075	3.897251674422506	-4.808702695148962	-0.2522469619115686
-999.0	565.0	321.1362843866329	3.429771418924675	-4.9573050704267265	0.07368710581910987
-999.0	540.0	323.1284144405821	2.9622754951317978	-5.28490457821775	0.32433513800309655
-999.0	515.0	325.1664508040515	2.4756357625678613	-5.741595226305502	0.4680947081910726
-999.0	490.0	327.17710178894674	2.0245659108515026	-6.074486335118612	0.4341525178816913
-999.0	465.0	329.1016878670765	1.610172566164414	-6.1916678967299275	0.18631793641383795
-999.0	440.0	330.9749255830234	1.268765071199993	-6.144073102209302	-0.18380708661343137
-999.0	415.0	332.7834734878132	1.0027022276211606	-5.945398556965367	-0.5884264900728433
-999.0	390.0	334.59823554385156	0.8029777563556423	-5.680364946903729	-0.7561640313792
-999.0	365.0	336.41303949628343	0.6617404579840275	-5.347784715670129	-0.5515394779267225
-999.0	340.0	338.2150850013464	0.5462816280347287	-4.864380622903514	0.013753304326957441
-999.0	315.0	339.9850875870985	0.45191440331162874	-4.2385886558504176	0.8616642642903978
-999.0	290.0	341.76238178474057	0.34697828993752866	-3.6388279006437303	1.6925692467225706
-999.0	265.0	343.5719476297975	0.24470723385887902	-3.1235841547173977	2.3719235965281267
-999.0	240.0	345.36041291711007	0.15497932396829003	-2.548189403282346	2.881926013363713
-999.0	215.0	347.01893957569666	0.08454316385366248	-1.5531583168993266	3.0166882629747396
-999.0	190.0	348.7243314115704	0.04378460061356963	0.17931891922586118	2.515877222573266
-999.0	165.0	351.08884550818163	0.021606378179664407	2.248699628368449	1.3998560626749172
-999.0	140.0	355.6829529945174	0.009763685762192376	3.2226529546356772	0.44886531211707825
-999.0	115.0	367.35819467871136	0.005574617711654704	3.2227161184504203	0.38956457293691726
-999.0	90.0	393.7490393143661	0.004779770978967912	4.626073620937439	0.320527552247571
-999.0	65.0	442.57033085770576	0.003466313650952293	1.8192156746431443	-0.07947867515462942
-999.0	40.0	532.4490529057167	0.013641866329298483	-8.211627775001249	-0.5488372880068252
-999.0	15.0	722.1578190547846	0.06964287931030509	-16.623064992466485	-0.5155618300109044
245.27777777777777	40	1003.7596593786167	day	levels	pres0
-999.0	990.0	299.0170241655775	16.68505333088061	-1.8951420543922277	-0.4950631874509943
-999.0	965.0	301.0403699796184	16.105670390305693	-3.6771802637312074	-1.0072940940520254
-999.0	940.0	302.3418220286387	15.547949066868537	-4.87210625272105	-1.506300293909453
-999.0	915.0	303.2437804409733	14.791761804510049	-5.738075903513351	-1.9819507369840572
-999.0	890.0	303.96518897490046	13.939912919644957	-6.427824105377536	-2.3842670103466057
-999.0	865.0	304.76470518794423	12.93763126267327	-7.0482229811173776	-2.674286697749737
-999.0	840.0	305.68126747182913	11.770688560273907	-7.594735500989125	-2.808899442354838
-999.0	815.0	306.70609742223894	10.540668593512638	-7.996736239503919	-2.79896721409427
-999.0	790.0	307.82274586425456	9.422760711775885	-8.177128348085605	-2.6821054209161757
-999.0	765.0	309.0491698801482	8.439887797390977	-8.123677070494042	-2.489562256468679
-999.0	740.0	310.3763131719337	7.58406522980443	-7.8091315605022205	-2.2655231620150738
-999.0	715.0	311.78544550900654	6.829948447368766	-7.298100310343277	-2.034872821221767
-999.0	690.0	313.22019263253287	6.132122490141128	-6.694328890906436	-1.7709531421251619
-999.0	665.0	314.65105034131903	5.487295980806706	-6.007517783730117	-1.4555905058428298
-999.0	640.0	316.09899842535424	4.900177582546519	-5.4149561964527315	-1.0735004376102864
-999.0	615.0	317.5682990352211	4.380153291755255	-4.994820614517838	-0.6209847445306746
-999.0	590.0	319.2266711219407	3.887606092073303	-4.828507051423743	-0.215670411130088
-999.0	565.0	321.11331818021495	3.41872479628634	-4.978545162412853	0.10363640432692715
-999.0	540.0	323.10572353137684	2.9514341056346933	-5.3066107807336005	0.3463836262623327
-999.0	515.0	325.1442015807143	2.466853704165533	-5.762220398143484	0.4814232335322324
-999.0	490.0	327.15657630436516	2.0179740201543903	-6.091520130634306	0.44010755750867303
-999.0	465.0	329.08472524326487	1.6059362816589868	-6.202481492801951	0.18784486171271575
-999.0	440.0	330.96344077040584	1.2658098845018295	-6.148905422952444	-0.18120988696400075
-999.0	415.0	332.7793897262933	0.9998613077181369	-5.945645387525916	-0.5783129820117302
-999.0	390.0	334.602234173633	0.7999766507634424	-5.677859913074866	-0.7353426434651662
-999.0	365.0	336.42435146792843	0.6584505694056014	-5.344318363125682	-0.5200656348908519
-999.0	340.0	338.2289722740735	0.5432128503366768	-4.860252127051355	0.048269295582051064
-999.0	315.0	339.9955329391479	0.44945186445558616	-4.234682327791772	0.8901149894076258
-999.0	290.0	341.7665891418693	0.34495122096052955	-3.6395193548114166	1.7131453421380718
-999.0	265.0	343.56905191950267	0.24301991294379646	-3.1354967176362214	2.3846257445553327
-999.0	240.0	345.35082209560665	0.15386182380219335	-2.5777474501066577	2.882005365358463
-999.0	215.0	347.0053504394776	0.0841091991643664	-1.6045149145302704	3.0009095232795877
-999.0	190.0	348.71052102011856	0.04371379488320265	0.10247697322460225	2.4936688205710262
-999.0	165.0	351.07504108568344	0.021618153201416128	2.148381457836578	1.3896742303062442
-999.0	140.0	355.66564334344093	0.009782908540391527	3.118771675284299	0.4485001072839525
-999.0	115.0	367.3460164267764	0.0055857694285266326	3.144451296439905	0.3758767603172318
-999.0	90.0	393.76539880738915	0.0047882704314327305	4.588579485261897	0.30233667404564496
-999.0	65.0	442.578013896639	0.003449243016937683	1.8077599047510777	-0.07406824696119135
-999.0	40.0	532.4082899183171	0.013612994493019814	-8.223054407423147	-0.5230775823885755
-999.0	15.0	722.0258550807489	0.06931903571994227	-16.641421730595592	-0.48410932174712945
245.29166666666666	40	1003.7681816948784	day	levels	pres0
-999.0	990.0	298.9844493194885	16.71432611677384	-1.8991071730852294	-0.4999762680381547
-999.0	965.0	300.97604272697737	16.110456016328598	-3.6766007989645146	-1.004311269563097
-999.0	940.0	302.28586001450924	15.542070653703465	-4.882826473977848	-1.50337202267513
-999.0	915.0	303.1970833076267	14.788472625944337	-5.753930291781839	-1.9829839881923328
-999.0	890.0	303.9266009135834	13.941930241054953	-6.441910776827083	-2.3880248438152876
-999.0	865.0	304.728986706175	12.94594025611878	-7.058366967572114	-2.67927583720948
-999.0	840.0	305.64723390094736	11.783305486043307	-7.6037611431545775	-2.8127249975999136
-999.0	815.0	306.6749787623012	10.550820271174123	-8.006120589044368	-2.7953527271747527
-999.0	790.0	307.7951123619936	9.425101200739547	-8.18612833817801	-2.6659546279244823
-999.0	765.0	309.0233114021363	8.436711086167229	-8.133387241098628	-2.4611525982618105
-999.0	740.0	310.3501372195675	7.579444554116989	-7.821203615930357	-2.228682785398397
-999.0	715.0	311.75789976485436	6.826923264397518	-7.313283847437975	-1.9934115111827415
-999.0	690.0	313.1920251012438	6.129339297612514	-6.710935831069956	-1.7270095965197145
-999.0	665.0	314.62367803576655	5.482983781231783	-6.023358219199716	-1.4115585303968246
-999.0	640.0	316.07287040396284	4.894142197238081	-5.431012522636194	-1.0304657559220334
-999.0	615.0	317.54377704642485	4.372115214665734	-5.012737178968064	-0.5802127393220604
-999.0	590.0	319.20327727980634	3.8779605097240855	-4.84831140769853	-0.17909386034841482
-999.0	565.0	321.0903519737969	3.407678173647981	-4.999785254398986	0.13358570283491525
-999.0	540.0	323.08303262217146	2.94059271613756	-5.328316983249456	0.3684321145217092
-999.0	515.0	325.12195235737715	2.4580716457631775	-5.7828455699814745	0.49475175887349654
-999.0	490.0	327.13605081978375	2.0113821294572554	-6.108553926150011	0.44606259713572527
-999.0	465.0	329.06776261945333	1.601699997153542	-6.2132950888739735	0.1893717870116385
-999.0	440.0	330.9519559577882	1.2628546978036528	-6.153737743695581	-0.17861268731453817
-999.0	415.0	332.77530596477334	0.9970203878151014	-5.945892218086458	-0.5681994739505866
-999.0	390.0	334.6062328034144	0.7969755451712314	-5.675354879245994	-0.7145212555511066
-999.0	365.0	336.4356634395735	0.6551606808271644	-5.340852010581235	-0.4885917918549688
-999.0	340.0	338.2428595468006	0.5401440726386151	-4.856123631199214	0.08278528683713954
-999.0	315.0	340.0059782911974	0.4469893255995356	-4.230775999733165	0.9185657145248315
-999.0	290.0	341.770796498998	0.3429241519835239	-3.6402108089791736	1.7337214375535446
-999.0	265.0	343.56615620920775	0.24133259202870905	-3.147409280555163	2.3973278925825103
-999.0	240.0	345.34123127410317	0.15274432363609386	-2.6073054969311382	2.882084717353167
-999.0	215.0	346.99176130325856	0.08367523447506929	-1.6558715121614371	2.985130783584354
-999.0	190.0	348.69671062866666	0.04364298915283539	0.025635027223074425	2.4714604185686815
-999.0	165.0	351.06123666318535	0.021629928223167838	2.0480632873044113	1.3794923979374785
-999.0	140.0	355.64833369236425	0.009802131318590715	3.0148903959326345	0.4481349024507464
-999.0	115.0	367.33383817484133	0.005596921145398591	3.0661864744291614	0.3621889476974481
-999.0	90.0	393.7817583004123	0.004796769883897574	4.551085349586239	0.2841457958436455
-999.0	65.0	442.58569693557234	0.0034321723829230395	1.796304134858967	-0.06865781876776342
-999.0	40.0	532.3675269309173	0.013584122656741039	-8.23448103984508	-0.4973178767702334
-999.0	15.0	721.8938911067128	0.06899519212957855	-16.65977846872477	-0.4526568134832334
245.30555555555554	40	1003.7767040111402	day	levels	pres0
-999.0	990.0	298.9518744733995	16.743598902666985	-1.9030722917781802	-0.5048893486253055
-999.0	965.0	300.9117154743364	16.115241642351503	-3.6760213341977668	-1.0013284450741824
-999.0	940.0	302.22989800037976	15.536192240538426	-4.89354669523457	-1.5004437514408302
-999.0	915.0	303.1503861742802	14.785183447378659	-5.769784680050247	-1.9840172394006301
-999.0	890.0	303.88801285226634	13.943947562464965	-6.455997448276559	-2.391782677283989
-999.0	865.0	304.69326822440587	12.954249249564276	-7.068510954026794	-2.684264976669237
-999.0	840.0	305.6132003300659	11.79592241181267	-7.612786785319975	-2.816550552844999
-999.0	815.0	306.64386010236353	10.560971948835581	-8.015504938584762	-2.791738240255254
-999.0	790.0	307.7674788597326	9.427441689703201	-8.19512832827036	-2.649803834932835
-999.0	765.0	308.9974529241245	8.433534374943491	-8.14309741170316	-2.432742940055022
-999.0	740.0	310.3239612672014	7.574823878429562	-7.833275671358444	-2.1918424087818327
-999.0	715.0	311.7303540207024	6.8238980814262735	-7.328467384532634	-1.951950201143858
-999.0	690.0	313.16385756995487	6.126556105083893	-6.727542771233446	-1.6830660509144337
-999.0	665.0	314.59630573021406	5.478671581656848	-6.039198654669301	-1.3675265549510058
-999.0	640.0	316.04674238257144	4.888106811929638	-5.447068848819648	-0.9874310742339789
-999.0	615.0	317.5192550576287	4.364077137576214	-5.0306537434182825	-0.5394407341136469
-999.0	590.0	319.17988343767206	3.8683149273748816	-4.868115763973311	-0.14251730956693412
-999.0	565.0	321.06738576737894	3.396631551009646	-5.021025346385112	0.16353500134273272
-999.0	540.0	323.0603417129661	2.9297513266404556	-5.3500231857653056	0.39048060278094526
-999.0	515.0	325.09970313404	2.449289587360849	-5.803470741819456	0.5080802842146563
-999.0	490.0	327.1155253352022	2.004790238760143	-6.125587721665704	0.45201763676270684
-999.0	465.0	329.0507999956418	1.597463712648115	-6.224108684945996	0.1908987123105161
-999.0	440.0	330.9404711451705	1.2598995111054894	-6.158570064438723	-0.17601548766510755
-999.0	415.0	332.7712222032534	0.9941794679120776	-5.946139048647009	-0.5580859658894735
-999.0	390.0	334.6102314331958	0.7939744395790315	-5.672849845417131	-0.6936998676370731
-999.0	365.0	336.44697541121843	0.6518707922487385	-5.337385658036788	-0.4571179488190982
-999.0	340.0	338.25674681952773	0.5370752949405632	-4.851995135347056	0.11730127809223286
-999.0	315.0	340.01642364324687	0.4445267867434931	-4.226869671674519	0.9470164396420597
-999.0	290.0	341.7750038561266	0.3408970830065249	-3.6409022631468595	1.754297532969046
-999.0	265.0	343.56326049891294	0.2396452711136264	-3.1593218434739874	2.4100300406097173
-999.0	240.0	345.3316404525997	0.15162682346999717	-2.636863543755449	2.8821640693479162
-999.0	215.0	346.9781721670395	0.08324126978577322	-1.707228109792381	2.9693520438892027
-999.0	190.0	348.6829002372149	0.04357218342246841	-0.051206918778184785	2.4492520165664415
-999.0	165.0	351.0474322406872	0.021641703244919566	1.9477451167725401	1.3693105655688056
-999.0	140.0	355.63102404128773	0.009821354096789865	2.9110091165812557	0.44776969761762075
-999.0	115.0	367.32165992290635	0.005608072862270519	2.9879216524186463	0.3485011350777625
-999.0	90.0	393.7981177934355	0.004805269336362394	4.513591213910696	0.2659549176417195
-999.0	65.0	442.5933799745056	0.003415101748908429	1.7848483649669	-0.06324739057432527
-999.0	40.0	532.3267639435177	0.013555250820462375	-8.245907672266977	-0.47155817115198384
-999.0	15.0	721.7619271326773	0.06867134853921573	-16.67813520685388	-0.42120430521945856
245.31944444444446	40	1003.7852263274015	day	levels	pres0
-999.0	990.0	298.91929962731047	16.77287168856023	-1.9070374104711876	-0.5098024292124675
-999.0	965.0	300.8473882216953	16.120027268374407	-3.6754418694310904	-0.9983456205852611
-999.0	940.0	302.1739359862502	15.530313827373355	-4.904266916491396	-1.4975154802065223
-999.0	915.0	303.1036890409335	14.781894268812952	-5.785639068318771	-1.9850504906089255
-999.0	890.0	303.84942479094923	13.945964883874959	-6.47008411972614	-2.395540510752691
-999.0	865.0	304.6575497426366	12.962558243009777	-7.0786549404815675	-2.6892541161289962
-999.0	840.0	305.57916675918426	11.808539337582067	-7.621812427485454	-2.8203761080900844
-999.0	815.0	306.61274144242566	10.571123626497062	-8.02488928812524	-2.7881237533357366
-999.0	790.0	307.73984535747155	9.429782178666855	-8.20412831836279	-2.6336530419411357
-999.0	765.0	308.97159444611265	8.430357663719736	-8.152807582307766	-2.404333281848143
-999.0	740.0	310.2977853148352	7.570203202742109	-7.845347726786593	-2.1550020321651435
-999.0	715.0	311.7028082765502	6.820872898455014	-7.343650921627339	-1.9104888911048206
-999.0	690.0	313.1356900386659	6.123772912555266	-6.7441497113969655	-1.6391225053089755
-999.0	665.0	314.5689334246615	5.47435938208191	-6.055039090138896	-1.3234945795049924
-999.0	640.0	316.02061436118	4.882071426621185	-5.463125175003096	-0.94439639254572
-999.0	615.0	317.4947330688325	4.356039060486681	-5.048570307868494	-0.4986687289050287
-999.0	590.0	319.15648959553766	3.858669345025655	-4.887920120248085	-0.10594075878525841
-999.0	565.0	321.04441956096093	3.3855849283712796	-5.042265438371229	0.19348429985072316
-999.0	540.0	323.0376508037607	2.918909937143317	-5.371729388281146	0.4125290910403259
-999.0	515.0	325.0774539107028	2.440507528958489	-5.82409591365743	0.5214088095559272
-999.0	490.0	327.0949998506208	1.9981983480630026	-6.142621517181392	0.4579726763897653
-999.0	465.0	329.0338373718301	1.5932274281426653	-6.234922281018003	0.1924256376094386
-999.0	440.0	330.9289863325529	1.2569443244073073	-6.16340238518184	-0.17341828801565298
-999.0	415.0	332.7671384417335	0.9913385480090383	-5.94638587920753	-0.5479724578283431
-999.0	390.0	334.61423006297724	0.7909733339868171	-5.670344811588238	-0.6728784797230214
-999.0	365.0	336.45828738286355	0.6485809036702984	-5.333919305492321	-0.425644105783207
-999.0	340.0	338.27063409225497	0.534006517242499	-4.847866639494889	0.15181726934734224
-999.0	315.0	340.0268689952963	0.4420642478874413	-4.22296334361588	0.9754671647592903
-999.0	290.0	341.7792112132553	0.33887001402951883	-3.6415937173145787	1.774873628384542
-999.0	265.0	343.5603647886181	0.23795795019853883	-3.171234406392896	2.4227321886369135
-999.0	240.0	345.32204963109626	0.15050932330389746	-2.6664215905799096	2.8822434213426327
-999.0	215.0	346.96458303082045	0.08280730509647583	-1.7585847074235388	2.9535733041939753
-999.0	190.0	348.669089845763	0.04350137769210109	-0.12804886477970706	2.427043614564095
-999.0	165.0	351.0336278181891	0.021653478266671307	1.8474269462403776	1.3591287332000324
-999.0	140.0	355.61371439021127	0.009840576874989064	2.807127837229595	0.44740449278441013
-999.0	115.0	367.30948167097137	0.005619224579142485	2.9096568304079047	0.33481332245798123
-999.0	90.0	393.81447728645867	0.004813768788827248	4.476097078235032	0.24776403943971748
-999.0	65.0	442.60106301343876	0.0033980311148937847	1.7733925950747818	-0.05783696238089686
-999.0	40.0	532.2860009561176	0.013526378984183601	-8.257334304688927	-0.4457984655336458
-999.0	15.0	721.6299631586411	0.06834750494885206	-16.696491944983073	-0.3897517969555586
245.33333333333334	40	1003.7937486436632	day	levels	pres0
-999.0	990.0	298.8867247812216	16.802144474453375	-1.9110025291641408	-0.5147155097996204
-999.0	965.0	300.78306096905453	16.124812894397312	-3.6748624046643497	-0.9953627960963503
-999.0	940.0	302.1179739721208	15.524435414208314	-4.914987137748125	-1.494587208972225
-999.0	915.0	303.0569919075871	14.778605090247268	-5.8014934565871865	-1.9860837418172237
-999.0	890.0	303.81083672963223	13.947982205284967	-6.4841707911756234	-2.3992983442213913
-999.0	865.0	304.62183126086745	12.970867236455277	-7.088798926936254	-2.694243255588751
-999.0	840.0	305.54513318830266	11.82115626335143	-7.630838069650861	-2.824201663335168
-999.0	815.0	306.581622782488	10.581275304158517	-8.034273637665638	-2.7845092664162374
-999.0	790.0	307.7122118552106	9.432122667630507	-8.213128308455143	-2.6175022489494886
-999.0	765.0	308.9457359681008	8.427180952495998	-8.1625177529123	-2.3759236236413566
-999.0	740.0	310.27160936246906	7.565582527054679	-7.857419782214685	-2.118161655548581
-999.0	715.0	311.6752625323982	6.817847715483767	-7.358834458721996	-1.8690275810659376
-999.0	690.0	313.107522507377	6.120989720026645	-6.760756651560452	-1.5951789597036947
-999.0	665.0	314.54156111910913	5.470047182506976	-6.070879525608472	-1.2794626040591732
-999.0	640.0	315.99448633978864	4.876036041312741	-5.479181501186544	-0.9013617108576644
-999.0	615.0	317.4702110800364	4.348000983397164	-5.066486872318705	-0.4578967236966131
-999.0	590.0	319.1330957534033	3.849023762676453	-4.907724476522857	-0.06936420800377496
-999.0	565.0	321.0214533545429	3.3745383057329454	-5.06350553035735	0.22343359835854412
-999.0	540.0	323.0149598945553	2.908068547646213	-5.393435590796988	0.4345775792995663
-999.0	515.0	325.05520468736563	2.431725470556161	-5.844721085495405	0.534737334897092
-999.0	490.0	327.0744743660392	1.9916064573658903	-6.159655312697079	0.4639277160167518
-999.0	465.0	329.01687474801855	1.5889911436372384	-6.245735877090018	0.19395256290832052
-999.0	440.0	330.9175015199353	1.253989137709144	-6.168234705924978	-0.17082108836621948
-999.0	415.0	332.7630546802135	0.9884976281060143	-5.946632709768074	-0.5378589497672287
-999.0	390.0	334.6182286927587	0.7879722283946173	-5.6678397777593705	-0.6520570918089881
-999.0	365.0	336.46959935450855	0.6452910150918721	-5.330452952947871	-0.39417026274733746
-999.0	340.0	338.284521364982	0.5309377395444469	-4.843738143642729	0.18633326060243374
-999.0	315.0	340.0373143473458	0.4396017090313989	-4.219057015557237	1.0039178898765164
-999.0	290.0	341.7834185703839	0.3368429450525199	-3.64228517148227	1.7954497238000404
-999.0	265.0	343.55746907832315	0.2362706292834564	-3.1831469693117245	2.4354343366641156
-999.0	240.0	345.3124588095928	0.14939182313780097	-2.6959796374042235	2.8823227733373784
-999.0	215.0	346.9509938946014	0.08237334040717982	-1.8099413050544835	2.9377945644988213
-999.0	190.0	348.65527945431114	0.043430571961734124	-0.2048908107809645	2.4048352125618546
-999.0	165.0	351.0198233956911	0.021665253288423038	1.7471087757085133	1.3489469008313568
-999.0	140.0	355.59640473913464	0.009859799653188216	2.7032465578782263	0.4470392879512774
-999.0	115.0	367.2973034190363	0.005630376296014414	2.8313920083973962	0.32112550983828975
-999.0	90.0	393.8308367794818	0.004822268241292067	4.438602942559492	0.2295731612377882
-999.0	65.0	442.6087460523722	0.003380960480879178	1.761936825182714	-0.052426534187461626
-999.0	40.0	532.2452379687181	0.013497507147904934	-8.268760937110827	-0.42003875991539663
-999.0	15.0	721.4979991846056	0.06802366135848928	-16.714848683112184	-0.35829928869178174
245.34722222222223	40	1003.8022709599245	day	levels	pres0
-999.0	990.0	298.8541499351326	16.8314172603466	-1.9149676478571405	-0.5196285903867788
-999.0	965.0	300.7187337164134	16.12959852042022	-3.6742829398976493	-0.9923799716074181
-999.0	940.0	302.0620119579913	15.518557001043247	-4.925707359004916	-1.491658937737899
-999.0	915.0	303.0102947742405	14.775315911681561	-5.817347844855667	-1.9871169930254988
-999.0	890.0	303.77224866831517	13.949999526694965	-6.498257462625164	-2.4030561776900745
-999.0	865.0	304.5861127790982	12.979176229900784	-7.098942913390984	-2.6992323950484947
-999.0	840.0	305.511099617421	11.833773189120823	-7.6398637118163055	-2.828027218580246
-999.0	815.0	306.5505041225502	10.591426981820005	-8.043657987206082	-2.78089477949672
-999.0	790.0	307.68457835294964	9.43446315659417	-8.222128298547544	-2.6013514559577944
-999.0	765.0	308.91987749008894	8.424004241272252	-8.172227923516884	-2.3475139654344863
-999.0	740.0	310.2454334101029	7.5609618513672405	-7.869491837642819	-2.081321278931903
-999.0	715.0	311.6477167882461	6.814822532512521	-7.374017995816695	-1.8275662710269112
-999.0	690.0	313.079354976088	6.118206527498031	-6.777363591723976	-1.5512354140982474
-999.0	665.0	314.5141888135566	5.465734982932053	-6.08671996107808	-1.2354306286131689
-999.0	640.0	315.9683583183972	4.8700006560043025	-5.495237827370012	-0.8583270291694127
-999.0	615.0	317.4456890912402	4.339962906307641	-5.0844034367689375	-0.4171247184880009
-999.0	590.0	319.109701911269	3.839378180327235	-4.927528832797652	-0.03278765722210465
-999.0	565.0	320.9984871481249	3.363491683094586	-5.084745622343489	0.2533828968665286
-999.0	540.0	322.99226898534994	2.8972271581490796	-5.415141793312851	0.4566260675589387
-999.0	515.0	325.03295546402853	2.422943412153806	-5.865346257333404	0.5480658602383511
-999.0	490.0	327.05394888145787	1.985014566668755	-6.1766891082127895	0.46988275564379933
-999.0	465.0	328.9999121242069	1.5847548591317937	-6.256549473162048	0.1954794882072391
-999.0	440.0	330.90601670731763	1.2510339510109678	-6.173067026668121	-0.16822388871675983
-999.0	415.0	332.7589709186936	0.9856567082029788	-5.94687954032862	-0.5277454417060863
-999.0	390.0	334.62222732254014	0.7849711228024062	-5.665334743930504	-0.6312357038949281
-999.0	365.0	336.48091132615355	0.6420011265134352	-5.326986600403428	-0.36269641971145317
-999.0	340.0	338.29840863770926	0.5278689618463854	-4.8396096477905886	0.220849251857524
-999.0	315.0	340.0477596993953	0.4371391701753481	-4.215150687498627	1.0323686149937243
-999.0	290.0	341.78762592751264	0.3348158760755141	-3.6429766256500216	1.8160258192155163
-999.0	265.0	343.55457336802834	0.2345833083683688	-3.19505953223066	2.448136484691297
-999.0	240.0	345.30286798808936	0.1482743229717013	-2.725537684228702	2.8824021253320864
-999.0	215.0	346.9374047583823	0.08193937571788264	-1.8612979026856489	2.92201582480359
-999.0	190.0	348.64146906285924	0.04335976623136686	-0.2817327567824942	2.38262681055951
-999.0	165.0	351.00601897319285	0.021677028310174748	1.6467906051763392	1.338765068462594
-999.0	140.0	355.57909508805807	0.009879022431387404	2.5993652785265513	0.4466740831180784
-999.0	115.0	367.2851251671013	0.005641528012886372	2.753127186386645	0.30743769721851205
-999.0	90.0	393.847196272505	0.00483076769375691	4.4011088068838315	0.21138228303579207
-999.0	65.0	442.6164290913054	0.0033638898468645317	1.7504810552906045	-0.04701610599403075
-999.0	40.0	532.2044749813182	0.01346863531162616	-8.280187569532757	-0.3942790542970541
-999.0	15.0	721.3660352105694	0.0676998177681255	-16.733205421241358	-0.32684678042788773
245.36111111111111	40	1003.8107932761861	day	levels	pres0
-999.0	990.0	298.8215750890436	16.86069004623975	-1.9189327665500908	-0.5245416709739298
-999.0	965.0	300.65440646377255	16.134384146443118	-3.673703475130902	-0.9893971471185032
-999.0	940.0	302.00604994386185	15.51267858787821	-4.936427580261638	-1.4887306665035986
-999.0	915.0	302.9635976408939	14.772026733115885	-5.833202233124075	-1.9881502442337962
-999.0	890.0	303.7336606069982	13.952016848104979	-6.51234413407464	-2.4068140111587755
-999.0	865.0	304.55039429732903	12.987485223346285	-7.109086899845664	-2.7042215345082528
-999.0	840.0	305.47706604653945	11.846390114890191	-7.648889353981704	-2.831852773825332
-999.0	815.0	306.5193854626125	10.601578659481463	-8.053042336746474	-2.777280292577222
-999.0	790.0	307.6569448506888	9.436803645557825	-8.23112828863989	-2.585200662966147
-999.0	765.0	308.894019012077	8.420827530048516	-8.181938094121417	-2.3191043072276982
-999.0	740.0	310.21925745773683	7.556341175679813	-7.881563893070905	-2.0444809023153385
-999.0	715.0	311.620171044094	6.8117973495412745	-7.389201532911353	-1.7861049609880275
-999.0	690.0	313.051187444799	6.11542333496941	-6.793970531887465	-1.5072918684929664
-999.0	665.0	314.4868165080041	5.4614227833571185	-6.102560396547664	-1.19139865316735
-999.0	640.0	315.9422302970058	4.863965270695858	-5.511294153553465	-0.8152923474813583
-999.0	615.0	317.4211671024441	4.331924829218123	-5.102320001219157	-0.37635271327958764
-999.0	590.0	319.08630806913465	3.8297325979780314	-4.947333189072433	0.0037888935593760054
-999.0	565.0	320.9755209417069	3.3524450604562506	-5.105985714329616	0.28333219537434595
-999.0	540.0	322.96957807614467	2.8863857686519743	-5.436847995828702	0.4786745558181747
-999.0	515.0	325.0107062406914	2.4141613537514774	-5.885971429171385	0.5613943855795109
-999.0	490.0	327.0334233968763	1.9784226759716428	-6.193722903728482	0.47583779527078085
-999.0	465.0	328.98294950039525	1.5805185746263664	-6.267363069234071	0.19700641350611678
-999.0	440.0	330.89453189470004	1.2480787643128046	-6.1778993474112625	-0.16562668906732925
-999.0	415.0	332.75488715717364	0.982815788299955	-5.947126370889171	-0.5176319336449733
-999.0	390.0	334.6262259523216	0.7819700172102063	-5.662829710101641	-0.6104143159808946
-999.0	365.0	336.4922232977985	0.6387112379350094	-5.32352024785898	-0.3312225766755826
-999.0	340.0	338.3122959104364	0.5248001841483335	-4.835481151938431	0.25536524311261743
-999.0	315.0	340.05820505144476	0.4346766313193057	-4.211244359439982	1.0608193401109522
-999.0	290.0	341.7918332846413	0.33278880709851516	-3.643668079817708	1.8366019146310173
-999.0	265.0	343.55167765773353	0.2328959874532862	-3.2069720951494847	2.4608386327185032
-999.0	240.0	345.293277166586	0.14715682280560463	-2.755095731053013	2.8824814773268352
-999.0	215.0	346.92381562216326	0.08150541102858656	-1.912654500316593	2.906237085108439
-999.0	190.0	348.62765867140746	0.04328896050099987	-0.35857470278375303	2.36041840855727
-999.0	165.0	350.9922145506947	0.021688803331926472	1.546472434644468	1.328583236093921
-999.0	140.0	355.56178543698144	0.009898245209586553	2.4954839991751734	0.4463088782849526
-999.0	115.0	367.2729469151663	0.0056526797297583005	2.6748623643761302	0.2937498845988264
-999.0	90.0	393.86355576552813	0.0048392671462217296	4.36361467120829	0.1931914048338661
-999.0	65.0	442.6241121302388	0.003346819212849921	1.7390252853985375	-0.041605677800592655
-999.0	40.0	532.1637119939186	0.013439763475347493	-8.291614201954657	-0.3685193486788044
-999.0	15.0	721.2340712365336	0.0673759741777627	-16.751562159370465	-0.29539427216411285
245.375	40	1003.8193155924479	day	levels	pres0
-999.0	990.0	298.78900024295456	16.889962832132976	-1.922897885243098	-0.5294547515610855
-999.0	965.0	300.59007921113147	16.139169772466023	-3.673124010364214	-0.9864143226295711
-999.0	940.0	301.9500879297324	15.506800174713135	-4.947147801518439	-1.485802395269275
-999.0	915.0	302.9169005075474	14.768737554550173	-5.849056621392567	-1.9891834954420726
-999.0	890.0	303.6950725456811	13.954034169514973	-6.526430805524191	-2.4105718446274595
-999.0	865.0	304.51467581555977	12.99579421679179	-7.119230886300406	-2.7092106739679966
-999.0	840.0	305.44303247565784	11.859007040659586	-7.657914996147156	-2.835678329070409
-999.0	815.0	306.4882668026747	10.611730337142946	-8.062426686286926	-2.7736658056577044
-999.0	790.0	307.6293113484276	9.439144134521486	-8.240128278732298	-2.5690498699744544
-999.0	765.0	308.86816053406517	8.417650818824768	-8.191648264726004	-2.29069464902083
-999.0	740.0	310.1930815053706	7.551720499992371	-7.8936359484990435	-2.0076405256986614
-999.0	715.0	311.5926252999419	6.8087721665700265	-7.404385070006052	-1.7446436509490009
-999.0	690.0	313.02301991351004	6.112640142440796	-6.810577472050985	-1.4633483228875166
-999.0	665.0	314.4594442024517	5.457110583782196	-6.1184008320172625	-1.1473666777213414
-999.0	640.0	315.9161022756144	4.857929885387421	-5.527350479736923	-0.7722576657931007
-999.0	615.0	317.3966451136479	4.323886752128601	-5.1202365656693765	-0.33558070807096857
-999.0	590.0	319.0629142270003	3.8200870156288143	-4.967137545347213	0.04036544434105355
-999.0	565.0	320.95255473528897	3.3413984378178916	-5.12722580631574	0.3132814938823381
-999.0	540.0	322.94688716693923	2.875544379154841	-5.458554198344549	0.5007230440775553
-999.0	515.0	324.98845701735416	2.405379295349121	-5.906596601009369	0.5747229109207789
-999.0	490.0	327.0128979122948	1.9718307852745056	-6.210756699244181	0.4817928348978361
-999.0	465.0	328.9659868765837	1.5762822901209195	-6.278176665306091	0.19853333880503968
-999.0	440.0	330.88304708208227	1.2451235776146252	-6.182731668154399	-0.16302948941787085
-999.0	415.0	332.75080339565375	0.9799748683969182	-5.947373201449711	-0.5075184255838394
-999.0	390.0	334.630224582103	0.7789689116179945	-5.6603246762727695	-0.5895929280668497
-999.0	365.0	336.5035352694435	0.6354213493565718	-5.320053895314534	-0.29974873363971716
-999.0	340.0	338.32618318316355	0.5217314064502715	-4.831352656086286	0.2898812343676886
-999.0	315.0	340.06865040349425	0.432214092463255	-4.207338031381368	1.0892700652281446
-999.0	290.0	341.79604064177	0.33076173812150955	-3.6443595339854546	1.857178010046482
-999.0	265.0	343.54878194743867	0.23120866653819877	-3.2188846580684185	2.473540780745679
-999.0	240.0	345.2836863450825	0.1460393226395051	-2.7846537778774896	2.8825608293215432
-999.0	215.0	346.91022648594424	0.08107144633928937	-1.964011097947756	2.890458345413208
-999.0	190.0	348.6138482799556	0.04321815477063258	-0.4354166487852733	2.338210006554921
-999.0	165.0	350.9784101281967	0.021700578353678186	1.4461542641123135	1.3184014037251472
-999.0	140.0	355.544475785905	0.009917467987785738	2.3916027198235197	0.44594367345174135
-999.0	115.0	367.2607686632313	0.005663831446630259	2.5965975423653918	0.280062071979046
-999.0	90.0	393.87991525855125	0.004847766598686577	4.326120535532632	0.17500052663187188
-999.0	65.0	442.631795169172	0.003329748578835279	1.7275695155064266	-0.036195249607165664
-999.0	40.0	532.1229490065186	0.013410891639068723	-8.303040834376588	-0.34275964306046564
-999.0	15.0	721.1021072624978	0.067052130587399	-16.76991889749964	-0.2639417639002204
245.38888888888889	40	1004.053613168222	day	levels	pres0
-999.0	990.0	298.75619273963514	16.916351512626395	-1.9260092310055783	-0.534113638792877
-999.0	965.0	300.52556469594754	16.139728237081453	-3.6718661356717597	-0.9833296504285499
-999.0	940.0	301.8940505617684	15.49833859337699	-4.957240001470987	-1.482713004608661
-999.0	915.0	302.8701827960094	14.76356954927796	-5.864283585989949	-1.9897019027007843
-999.0	890.0	303.65645702350236	13.954391956329335	-6.540061172511872	-2.4135372517285427
-999.0	865.0	304.47897618337066	13.002260481869735	-7.129142635398464	-2.7132623112863894
-999.0	840.0	305.40893118809794	11.869599510122237	-7.666856858465427	-2.8384784432472956
-999.0	815.0	306.45713825666445	10.620255267178582	-8.071742327125007	-2.7689744234085003
-999.0	790.0	307.60166817395736	9.44019037264365	-8.24903198745518	-2.551873126515616
-999.0	765.0	308.84228039775917	8.413230114512968	-8.20120614104803	-2.261492122654527
-999.0	740.0	310.16696529646913	7.54597060768692	-7.905577149656105	-1.970338489446326
-999.0	715.0	311.5650487673025	6.804868265434546	-7.419549423235452	-1.7030409729038603
-999.0	690.0	312.9949054775274	6.109199658588129	-6.827272757335958	-1.4195476547141537
-999.0	665.0	314.4320709443883	5.452342399844422	-6.134431855546111	-1.1037419189491193
-999.0	640.0	315.89000603310785	4.851460825513914	-5.543649940579028	-0.7297483266295857
-999.0	615.0	317.37217572206305	4.315332635685248	-5.138398426412433	-0.2952745907973544
-999.0	590.0	319.0395952935229	3.809840372315153	-4.987157712656037	0.07660622687812207
-999.0	565.0	320.929665700487	3.3297288583384512	-5.148621496227049	0.34311961786208467
-999.0	540.0	322.92425185701535	2.8640089929103714	-5.480366965134936	0.5228098790955313
-999.0	515.0	324.966284645034	2.395740725375975	-5.927273324794239	0.5881677255923142
-999.0	490.0	326.99244137144586	1.9643027481657367	-6.227850694623259	0.487887566564293
-999.0	465.0	328.94912799648034	1.571226979847298	-6.289142711570968	0.2001678388979905
-999.0	440.0	330.8716337235344	1.2415248966879235	-6.187724385272571	-0.16036507404511618
-999.0	415.0	332.7467559632995	0.9767324071791371	-5.947724631815043	-0.4973929198286249
-999.0	390.0	334.63429606216346	0.7757867162150309	-5.657878809780984	-0.568821738784511
-999.0	365.0	336.5148841738318	0.6319165232556788	-5.316614389419558	-0.2683931437355593
-999.0	340.0	338.34009583833324	0.5184613079246503	-4.827249884605415	0.3242207462036868
-999.0	315.0	340.07910931634166	0.4296356515475961	-4.203484492445448	1.1175054206892059
-999.0	290.0	341.8002210338205	0.3286749635029693	-3.6451054258203346	1.8775346632356775
-999.0	265.0	343.5457642059983	0.22949361670072213	-3.2308240924720906	2.4860304949925704
-999.0	240.0	345.27395554414585	0.14490911481832888	-2.814205903697972	2.8824397193060785
-999.0	215.0	346.89650758702044	0.08063347482432873	-2.0153443534618045	2.874504084940275
-999.0	190.0	348.59993434292585	0.04314463887432645	-0.5122263729573434	2.315836300452501
-999.0	165.0	350.96465133351	0.02171062754846556	1.345886591683813	1.3080188882735055
-999.0	140.0	355.5272471576726	0.009934398707830253	2.2877199611176966	0.4453497945710071
-999.0	115.0	367.248641258853	0.0056737906049454225	2.518323021906296	0.26633801973524185
-999.0	90.0	393.8962564790932	0.004855179665523972	4.2886252094197665	0.15680814913850621
-999.0	65.0	442.6394581552009	0.0033133663388003505	1.7161137721052684	-0.03078471914072259
-999.0	40.0	532.0822324470189	0.013383130896491542	-8.31447004961472	-0.31699989611899926
-999.0	15.0	720.9701446955922	0.06674619960702093	-16.788273586167257	-0.2324891788539557
245.40277777777777	40	1004.2879107439958	day	levels	pres0
-999.0	990.0	298.7233852363157	16.942740193119747	-1.9291205767680057	-0.5387725260246642
-999.0	965.0	300.4610501807637	16.14028670169689	-3.670608260979249	-0.9802449782275469
-999.0	940.0	301.83801319380444	15.489877012040886	-4.967332201423456	-1.4796236139480696
-999.0	915.0	302.8234650844714	14.758401544005785	-5.879510550587251	-1.9902203099595162
-999.0	890.0	303.6178415013236	13.954749743143719	-6.55369153949948	-2.4165026588296437
-999.0	865.0	304.44327655118167	13.008726746947675	-7.139054384496465	-2.717313948604795
-999.0	840.0	305.37482990053815	11.880191979584865	-7.675798720783646	-2.8412785574241926
-999.0	815.0	306.4260097106542	10.628780197214194	-8.08105796796303	-2.764283041159315
-999.0	790.0	307.574024999487	9.441236610765811	-8.257935696178002	-2.5346963830568234
-999.0	765.0	308.81640026145305	8.408809410201181	-8.210764017370003	-2.2322895962883047
-999.0	740.0	310.14084908756786	7.540220715381484	-7.917518350813116	-1.933036453194104
-999.0	715.0	311.5374722346634	6.80096436429907	-7.434713776464809	-1.6614382948588622
-999.0	690.0	312.96679104154487	6.10575917473546	-6.843968042620902	-1.3757469865409593
-999.0	665.0	314.404697686325	5.44757421590664	-6.150462879074944	-1.0601171601770858
-999.0	640.0	315.86390979060144	4.844991765640403	-5.559949401421127	-0.6872389874662721
-999.0	615.0	317.3477063304784	4.3067785192419015	-5.156560287155487	-0.2549684735239447
-999.0	590.0	319.0162763600455	3.799593729001508	-5.007177879964862	0.1128470094149945
-999.0	565.0	320.90677666568513	3.3180592788590375	-5.170017186138363	0.3729577418416567
-999.0	540.0	322.9016165470915	2.852473606665934	-5.5021797319253265	0.5448967141133624
-999.0	515.0	324.9441122727139	2.3861021554028583	-5.947950048579108	0.6016125402637407
-999.0	490.0	326.9719848305969	1.956774711056995	-6.244944690002335	0.49398229823067563
-999.0	465.0	328.93226911637703	1.5661716695736976	-6.300108757835849	0.20180233899089534
-999.0	440.0	330.8602203649864	1.2379262157612392	-6.192717102390753	-0.15770065867238992
-999.0	415.0	332.7427085309453	0.973489945961371	-5.948076062180384	-0.48726741407343127
-999.0	390.0	334.63836754222393	0.7726045208120802	-5.65543294328921	-0.5480505495021832
-999.0	365.0	336.52623307822	0.6284116971547974	-5.313174883524582	-0.2370375538313962
-999.0	340.0	338.35400849350293	0.5151912093990394	-4.823147113124532	0.35856025803970815
-999.0	315.0	340.0895682291892	0.4270572106319457	-4.199630953509498	1.1457407761503042
-999.0	290.0	341.80440142587094	0.3265881888844357	-3.645851317655152	1.8978913164249112
-999.0	265.0	343.542746464558	0.22777856686325043	-3.2427635268756534	2.498520209239492
-999.0	240.0	345.26422474320907	0.14377890699715562	-2.8437580295182876	2.882318609290658
-999.0	215.0	346.88278868809664	0.08019550330936921	-2.066677608975633	2.858549824467421
-999.0	190.0	348.5860204058961	0.04307112297802062	-0.589036097129153	2.2934625943501894
-999.0	165.0	350.9508925388234	0.021720676743252957	1.2456189192555958	1.2976363728219646
-999.0	140.0	355.5100185294404	0.009951329427874743	2.1838372024121475	0.44475591569035866
-999.0	115.0	367.2365138544747	0.005683749763260557	2.4400485014474227	0.2526139674915329
-999.0	90.0	393.91259769963517	0.0048625927323613415	4.251129883307012	0.13861577164520875
-999.0	65.0	442.6471211412298	0.00329698409876545	1.7046580287041548	-0.025374188674268383
-999.0	40.0	532.0415158875193	0.013355370153914461	-8.325899264852819	-0.2912401491776219
-999.0	15.0	720.8381821286872	0.06644026862664365	-16.806628274834807	-0.20103659380780856
245.41666666666666	40	1004.5222083197701	day	levels	pres0
-999.0	990.0	298.6905777329963	16.969128873613165	-1.9322319225304814	-0.5434314132564606
-999.0	965.0	300.39653566557985	16.140845166312317	-3.669350386286788	-0.9771603060265299
-999.0	940.0	301.7819758258405	15.48141543070474	-4.977424401375998	-1.476534223287457
-999.0	915.0	302.7767473729334	14.753233538733578	-5.894737515184628	-1.990738717218226
-999.0	890.0	303.5792259791448	13.955107529958084	-6.56732190648716	-2.419468065930724
-999.0	865.0	304.4075769189925	13.015193012025623	-7.14896613359452	-2.7213655859231856
-999.0	840.0	305.3407286129781	11.890784449047523	-7.684740583101914	-2.8440786716010775
-999.0	815.0	306.39488116464395	10.637305127249833	-8.090373608801109	-2.759591658910109
-999.0	790.0	307.5463818250165	9.442282848887977	-8.26683940490088	-2.5175196395979857
-999.0	765.0	308.790520125147	8.404388705889382	-8.220321893692029	-2.2030870699220007
-999.0	740.0	310.11473287866636	7.534470823076034	-7.929459551970176	-1.895734416941768
-999.0	715.0	311.5098957020242	6.79706046316359	-7.449878129694207	-1.6198356168137225
-999.0	690.0	312.93867660556214	6.102318690882795	-6.860663327905876	-1.331946318367599
-999.0	665.0	314.3773244282616	5.442806031968867	-6.166493902603793	-1.016492401404867
-999.0	640.0	315.83781354809497	4.838522705766898	-5.576248862263235	-0.6447296483027616
-999.0	615.0	317.32323693889356	4.298224402798549	-5.174722147898546	-0.21466235625033508
-999.0	590.0	318.992957426568	3.789347085687847	-5.027198047273693	0.14908779195205868
-999.0	565.0	320.8838876308832	3.3063896993795967	-5.191412876049682	0.40279586582139904
-999.0	540.0	322.8789812371677	2.8409382204214646	-5.523992498715723	0.5669835491313344
-999.0	515.0	324.9219399003938	2.376463585429713	-5.968626772363987	0.6150573549352717
-999.0	490.0	326.95152828974796	1.9492466739482275	-6.262038685381419	0.5000770298971298
-999.0	465.0	328.9154102362738	1.5611163593000779	-6.311074804100731	0.20343683908384594
-999.0	440.0	330.84880700643845	1.2343275348345397	-6.197709819508928	-0.15503624329963112
-999.0	415.0	332.73866109859114	0.9702474847435915	-5.948427492545712	-0.47714190831820674
-999.0	390.0	334.64243902228435	0.7694223254091179	-5.652987076797423	-0.5272793602198298
-999.0	365.0	336.5375819826083	0.6249068710539047	-5.309735377629605	-0.20568196392722043
-999.0	340.0	338.3679211486727	0.5119211108734183	-4.819044341643664	0.39289976987572367
-999.0	315.0	340.10002714203665	0.42447876971628684	-4.195777414573585	1.1739761316113795
-999.0	290.0	341.80858181792144	0.32450141426589535	-3.6465972094900403	1.9182479696141144
-999.0	265.0	343.5397287231177	0.2260635170257738	-3.2547029612793326	2.5110099234863847
-999.0	240.0	345.25449394227235	0.14264869917597947	-2.8733101553387734	2.8821974992751893
-999.0	215.0	346.86906978917284	0.07975753179440867	-2.1180108644896847	2.842595563994485
-999.0	190.0	348.5721064688663	0.04299760708171451	-0.665845821301231	2.271088888247772
-999.0	165.0	350.9371337441368	0.021730725938040325	1.1453512468270826	1.2872538573703312
-999.0	140.0	355.4927899012081	0.009968260147919262	2.079954443706313	0.4441620368096292
-999.0	115.0	367.22438645009635	0.005693708921575721	2.3617739809883216	0.23888991524772588
-999.0	90.0	393.92893892017696	0.004870005799198734	4.213634557194143	0.12042339415183784
-999.0	65.0	442.65478412725867	0.0032806018587305213	1.6932022853029978	-0.01996365820782442
-999.0	40.0	532.0007993280195	0.013327609411337272	-8.337328480090951	-0.26548040223615244
-999.0	15.0	720.7062195617814	0.06613433764626553	-16.824982963502425	-0.16958400876154023
245.43055555555554	40	1004.7565058955438	day	levels	pres0
-999.0	990.0	298.65777022967694	16.995517554106517	-1.935343268292909	-0.5480903004882479
-999.0	965.0	300.3320211503959	16.141403630927755	-3.668092511594277	-0.9740756338255264
-999.0	940.0	301.7259384578765	15.472953849368636	-4.987516601328468	-1.473444832626866
-999.0	915.0	302.7300296613954	14.7480655334614	-5.909964479781932	-1.9912571244769586
-999.0	890.0	303.54061045696614	13.955465316772468	-6.580952273474768	-2.422433473031825
-999.0	865.0	304.37187728680357	13.021659277103565	-7.158877882692521	-2.7254172232415903
-999.0	840.0	305.3066273254184	11.90137691851015	-7.6936824454201345	-2.8468787857779736
-999.0	815.0	306.3637526186339	10.645830057285446	-8.099689249639134	-2.7549002766609236
-999.0	790.0	307.5187386505462	9.44332908701014	-8.275743113623703	-2.5003428961391934
-999.0	765.0	308.764639988841	8.399968001577596	-8.229879770014	-2.1738845435557774
-999.0	740.0	310.08861666976503	7.528720930770598	-7.941400753127187	-1.8584323806895457
-999.0	715.0	311.48231916938505	6.7931565620281145	-7.465042482923565	-1.5782329387687244
-999.0	690.0	312.9105621695797	6.098878207030124	-6.877358613190821	-1.288145650194404
-999.0	665.0	314.3499511701983	5.438037848031082	-6.182524926132624	-0.9728676426328334
-999.0	640.0	315.81171730558845	4.832053645893383	-5.5925483231053335	-0.6022203091394477
-999.0	615.0	317.29876754730896	4.289670286355202	-5.192884008641601	-0.17435623897692543
-999.0	590.0	318.96963849309066	3.779100442374202	-5.047218214582518	0.18532857448893097
-999.0	565.0	320.8609985960813	3.294720119900182	-5.212808565960995	0.43263398980097095
-999.0	540.0	322.85634592724386	2.829402834177026	-5.545805265506114	0.5890703841491655
-999.0	515.0	324.89976752807365	2.366825015456597	-5.989303496148857	0.6285021696066981
-999.0	490.0	326.931071748899	1.9417186368394856	-6.279132680760494	0.5061717615635124
-999.0	465.0	328.89855135617046	1.5560610490264781	-6.32204085036561	0.2050713391767507
-999.0	440.0	330.8373936478905	1.2307288539078554	-6.202702536627108	-0.15237182792690476
-999.0	415.0	332.7346136662369	0.9670050235258251	-5.948778922911055	-0.46701640256301313
-999.0	390.0	334.6465105023447	0.7662401300061671	-5.650541210305646	-0.5065081709375021
-999.0	365.0	336.54893088699646	0.6214020449530234	-5.306295871734627	-0.17432637402305728
-999.0	340.0	338.3818338038423	0.5086510123478075	-4.814941570162779	0.42723928171174497
-999.0	315.0	340.11048605488406	0.4219003288006365	-4.191923875637634	1.202211487072478
-999.0	290.0	341.8127622099718	0.3224146396473619	-3.6473431013248576	1.9386046228033476
-999.0	265.0	343.53671098167734	0.22434846718830206	-3.2666423956828967	2.5234996377333063
-999.0	240.0	345.2447631413356	0.1415184913548062	-2.902862281159089	2.882076389259767
-999.0	215.0	346.85535089024916	0.07931956027944917	-2.169344120003513	2.8266413035216313
-999.0	190.0	348.5581925318366	0.042924091185408686	-0.7426555454730406	2.2487151821454603
-999.0	165.0	350.9233749494502	0.021740775132827725	1.045083574398865	1.2768713419187905
-999.0	140.0	355.4755612729759	0.009985190867963751	1.9760716850007651	0.4435681579289808
-999.0	115.0	367.21225904571816	0.005703668079890854	2.2834994605294483	0.22516586300401686
-999.0	90.0	393.94528014071886	0.004877418866036106	4.17613923108139	0.10223101665854045
-999.0	65.0	442.6624471132876	0.0032642196186956217	1.681746541901884	-0.014553127741370159
-999.0	40.0	531.9600827685199	0.013299848668760193	-8.348757695329049	-0.2397206552947751
-999.0	15.0	720.5742569948761	0.06582840666588828	-16.84333765216998	-0.13813142371539308
245.44444444444446	40	1004.9908034713181	day	levels	pres0
-999.0	990.0	298.6249627263574	17.02190623459995	-1.93845461405539	-0.552749187720046
-999.0	965.0	300.26750663521193	16.14196209554319	-3.6668346369018336	-0.9709909616245171
-999.0	940.0	301.6699010899124	15.464492268032489	-4.9976088012810385	-1.4703554419662688
-999.0	915.0	302.6833119498574	14.742897528189191	-5.925191444379342	-1.9917755317356893
-999.0	890.0	303.5019949347873	13.955823103586823	-6.594582640462482	-2.425398880132927
-999.0	865.0	304.3361776546144	13.028125542181506	-7.168789631790613	-2.729468860559997
-999.0	840.0	305.27252603785854	11.911969387972801	-7.702624307738434	-2.849678899954868
-999.0	815.0	306.3326240726235	10.654354987321078	-8.10900489047724	-2.7502088944117187
-999.0	790.0	307.4910954760759	9.444375325132297	-8.284646822346604	-2.483166152680348
-999.0	765.0	308.73875985253494	8.395547297265786	-8.239437646336045	-2.144682017189462
-999.0	740.0	310.06250046086353	7.522971038465137	-7.95334195428426	-1.8211303444371973
-999.0	715.0	311.4547426367457	6.789252660892621	-7.480206836152971	-1.5366302607235713
-999.0	690.0	312.882447733597	6.095437723177446	-6.8940538984757955	-1.244344982021033
-999.0	665.0	314.3225779121348	5.433269664093295	-6.198555949661467	-0.9292428838606066
-999.0	640.0	315.7856210630819	4.825584586019865	-5.608847783947429	-0.5597109699759311
-999.0	615.0	317.2742981557241	4.2811161699118365	-5.211045869384646	-0.13405012170331201
-999.0	590.0	318.94631955961324	3.7688537990605306	-5.067238381891334	0.22156935702599767
-999.0	565.0	320.83810956127934	3.2830505404207355	-5.234204255872298	0.46247211378071573
-999.0	540.0	322.83371061732	2.817867447932553	-5.567618032296494	0.6111572191671417
-999.0	515.0	324.8775951557535	2.357186445483446	-6.009980219933716	0.6419469842782368
-999.0	490.0	326.91061520804993	1.9341905997307136	-6.296226676139561	0.5122664932299725
-999.0	465.0	328.8816924760671	1.5510057387528535	-6.333006896630474	0.2067058392697011
-999.0	440.0	330.8259802893426	1.227130172981151	-6.207695253745264	-0.14970741255415396
-999.0	415.0	332.7305662338827	0.9637625623080424	-5.949130353276365	-0.45689089680780215
-999.0	390.0	334.65058198240524	0.7630579346032017	-5.648095343813842	-0.48573698165515683
-999.0	365.0	336.56027979138474	0.6178972188521275	-5.302856365839631	-0.14297078411887362
-999.0	340.0	338.3957464590122	0.505380913822184	-4.810838798681888	0.46157879354778164
-999.0	315.0	340.12094496773153	0.41932188788497643	-4.188070336701688	1.2304468425335782
-999.0	290.0	341.8169426020224	0.3203278650288211	-3.648088993159709	1.958961275992575
-999.0	265.0	343.5336932402369	0.2226334173508252	-3.2785818300865435	2.5359893519802172
-999.0	240.0	345.23503234039896	0.14038828353362984	-2.9324144069795546	2.8819552792443117
-999.0	215.0	346.84163199132536	0.07888158876448836	-2.2206773755175555	2.8106870430487016
-999.0	190.0	348.5442785948068	0.04285057528910254	-0.819465269645113	2.2263414760430416
-999.0	165.0	350.9096161547636	0.021750824327615135	0.944815901970357	1.2664888264671494
-999.0	140.0	355.4583326447435	0.010002121588008284	1.8721889262949347	0.4429742790482467
-999.0	115.0	367.20013164133985	0.005713627238206023	2.2052249400703494	0.21144181076021198
-999.0	90.0	393.9616213612608	0.004884831932873509	4.138643904968516	0.08403863916516713
-999.0	65.0	442.6701100993165	0.003247837378660693	1.670290798500719	-0.009142597274925668
-999.0	40.0	531.91936620902	0.013272087926183012	-8.360186910567197	-0.21396090835330966
-999.0	15.0	720.4422944279706	0.0655224756855102	-16.861692340837607	-0.10667883866912094
245.45833333333334	40	1005.2251010470919	day	levels	pres0
-999.0	990.0	298.5921552230381	17.048294915093294	-1.9415659598178199	-0.5574080749518356
-999.0	965.0	300.2029921200281	16.142520560158626	-3.6655767622093287	-0.9679062894235178
-999.0	940.0	301.6138637219485	15.45603068669638	-5.0077010012335155	-1.4672660513056806
-999.0	915.0	302.63659423831956	14.737729522917013	-5.940418408976652	-1.992293938994422
-999.0	890.0	303.46337941260856	13.956180890401207	-6.608213007450098	-2.4283642872340274
-999.0	865.0	304.3004780224254	13.034591807259448	-7.1787013808886195	-2.733520497878401
-999.0	840.0	305.23842475029863	11.922561857435426	-7.711566170056661	-2.852479014131763
-999.0	815.0	306.3014955266134	10.66287991735669	-8.118320531315272	-2.7455175121625324
-999.0	790.0	307.4634523016055	9.445421563254458	-8.293550531069434	-2.465989409221557
-999.0	765.0	308.71287971622894	8.391126592954	-8.248995522658024	-2.115479490823241
-999.0	740.0	310.03638425196215	7.517221146159703	-7.965283155441274	-1.7838283081849764
-999.0	715.0	311.42716610410656	6.785348759757144	-7.49537118938233	-1.4950275826785746
-999.0	690.0	312.85433329761446	6.091997239324776	-6.910749183760735	-1.2005443138478384
-999.0	665.0	314.29520465407154	5.4285014801555125	-6.214586973190293	-0.8856181250885725
-999.0	640.0	315.75952482057556	4.819115526146352	-5.62514724478952	-0.517201630812616
-999.0	615.0	317.2498287641394	4.27256205346849	-5.229207730127692	-0.09374400442990002
-999.0	590.0	318.9230006261358	3.7586071557468865	-5.087258549200151	0.25781013956287296
-999.0	565.0	320.8152205264775	3.2713809609413222	-5.255599945783603	0.49231023776029137
-999.0	540.0	322.81107530739627	2.806332061688114	-5.589430799086876	0.633244054184977
-999.0	515.0	324.8554227834335	2.3475478755103305	-6.030656943718578	0.6553917989496678
-999.0	490.0	326.890158667201	1.9266625626219724	-6.313320671518629	0.51836122489636
-999.0	465.0	328.8648335959637	1.5459504284792533	-6.3439729428953475	0.20834033936261
-999.0	440.0	330.81456693079457	1.2235314920544664	-6.212687970863438	-0.14704299718142472
-999.0	415.0	332.7265188015286	0.960520101090276	-5.9494817836416996	-0.44676539105260726
-999.0	390.0	334.65465346246566	0.7598757392002506	-5.645649477322059	-0.4649657923728294
-999.0	365.0	336.5716286957731	0.6143923927512461	-5.299416859944651	-0.11161519421471164
-999.0	340.0	338.40965911418175	0.5021108152965731	-4.806736027201003	0.4959183053838012
-999.0	315.0	340.13140388057894	0.41674344696932614	-4.18421679776574	1.2586821979946747
-999.0	290.0	341.82112299407277	0.3182410904102877	-3.648834884994531	1.9793179291818053
-999.0	265.0	343.53067549879665	0.22091836751335375	-3.290521264490111	2.548479066227135
-999.0	240.0	345.22530153946224	0.13925807571245669	-2.9619665327998734	2.8818341692288856
-999.0	215.0	346.8279130924016	0.07844361724952893	-2.272010631031385	2.794732782575845
-999.0	190.0	348.53036465777706	0.042777059392796725	-0.8962749938169209	2.2039677699407294
-999.0	165.0	350.89585736007695	0.021760873522402528	0.8445482295421468	1.256106311015606
-999.0	140.0	355.4411040165113	0.010019052308052773	1.768306167589397	0.44238040016759134
-999.0	115.0	367.1880042369616	0.005723586396521156	2.1269504196114832	0.1977177585164973
-999.0	90.0	393.9779625818026	0.004892244999710879	4.1011485788557644	0.0658462616718663
-999.0	65.0	442.6777730853454	0.0032314551386257977	1.6588350550996047	-0.0037320668084744324
-999.0	40.0	531.8786496495204	0.013244327183605931	-8.3716161258053	-0.18820116141193302
-999.0	15.0	720.3103318610654	0.06521654470513297	-16.88004702950516	-0.07522625362297172
245.47222222222223	40	1005.459398622866	day	levels	pres0
-999.0	990.0	298.5593477197187	17.07468359558672	-1.944677305580293	-0.5620669621836297
-999.0	965.0	300.13847760484424	16.14307902477406	-3.664318887516861	-0.9648216172224969
-999.0	940.0	301.55782635398447	15.447569105360238	-5.01779320118605	-1.4641766606450646
-999.0	915.0	302.58987652678144	14.732561517644806	-5.955645373574023	-1.9928123462531313
-999.0	890.0	303.4247638904298	13.956538677215576	-6.621843374437768	-2.4313296943351084
-999.0	865.0	304.2647783902363	13.041058072337398	-7.18861312998667	-2.737572135196792
-999.0	840.0	305.2043234627387	11.933154326898084	-7.720508032374923	-2.8552791283086494
-999.0	815.0	306.27036698060317	10.671404847392331	-8.127636172153343	-2.7408261299133274
-999.0	790.0	307.43580912713503	9.446467801376627	-8.302454239792304	-2.448812665762717
-999.0	765.0	308.6869995799228	8.3867058886422	-8.258553398980043	-2.086276964456935
-999.0	740.0	310.0102680430607	7.5114712538542525	-7.977224356598332	-1.746526271932639
-999.0	715.0	311.39958957146735	6.781444858621664	-7.510535542611727	-1.4534249046334333
-999.0	690.0	312.8262188616318	6.08855675547211	-6.927444469045713	-1.1567436456744775
-999.0	665.0	314.2678313960081	5.42373329621774	-6.230617996719149	-0.8419933663163544
-999.0	640.0	315.733428578069	4.812646466272845	-5.641446705631636	-0.47469229164910676
-999.0	615.0	317.22535937255464	4.264007937025138	-5.24736959087076	-0.053437887156292635
-999.0	590.0	318.89968169265836	3.748360512433224	-5.10727871650899	0.2940509220999343
-999.0	565.0	320.7923314916755	3.2597113814618814	-5.276995635694929	0.5221483617400302
-999.0	540.0	322.7884399974724	2.794796675443645	-5.61124356587728	0.6553308892029446
-999.0	515.0	324.83325041111334	2.337909305537185	-6.051333667503465	0.6688366136211943
-999.0	490.0	326.8697021263519	1.9191345255132044	-6.330414666897721	0.5244559565628093
-999.0	465.0	328.84797471586035	1.5408951182056336	-6.354938989160236	0.2099748394555565
-999.0	440.0	330.8031535722467	1.219932811127767	-6.217680687981619	-0.1443785818086689
-999.0	415.0	332.72247136917434	0.9572776398724968	-5.949833214007035	-0.43663988529738407
-999.0	390.0	334.658724942526	0.7566935437972885	-5.643203610830279	-0.4441946030904756
-999.0	365.0	336.58297760016126	0.6108875666503537	-5.295977354049678	-0.08025960431053485
-999.0	340.0	338.42357176935144	0.498840716770952	-4.802633255720136	0.5302578172198185
-999.0	315.0	340.1418627934264	0.4141650060536673	-4.180363258829824	1.286917553455752
-999.0	290.0	341.8253033861233	0.31615431579174724	-3.6495807768294144	1.9996745823710118
-999.0	265.0	343.5276577573563	0.21920331767587692	-3.302460698893786	2.560968780474031
-999.0	240.0	345.2155707385255	0.13812786789128037	-2.991518658620356	2.8817130592134217
-999.0	215.0	346.8141941934779	0.07800564573456831	-2.3233438865454357	2.7787785221029115
-999.0	190.0	348.51645072074734	0.042703543496490595	-0.9730847179890009	2.1815940638383124
-999.0	165.0	350.8820985653904	0.021770922717189903	0.7442805571136264	1.2457237955639755
-999.0	140.0	355.423875388279	0.010035983028097292	1.6644234088835523	0.4417865212868689
-999.0	115.0	367.17587683258324	0.00573354555483632	2.048675899152374	0.183993706272696
-999.0	90.0	393.9943038023446	0.004899658066548272	4.063653252742894	0.04765388417849881
-999.0	65.0	442.68543607137434	0.003215072898590864	1.647379311698448	0.0016784636579725565
-999.0	40.0	531.8379330900207	0.013216566441028744	-8.383045341043431	-0.16244141447046284
-999.0	15.0	720.1783692941597	0.0649106137247548	-16.89840171817277	-0.04377366857670545
245.48611111111111	40	1005.6936961986398	day	levels	pres0
-999.0	990.0	298.52654021639927	17.101072276080068	-1.9477886513427205	-0.5667258494154171
-999.0	965.0	300.07396308966037	16.143637489389494	-3.6630610128243504	-0.9617369450214935
-999.0	940.0	301.5017889860207	15.439107524024134	-5.02788540113852	-1.4610872699844737
-999.0	915.0	302.5431588152435	14.727393512372633	-5.970872338171325	-1.9933307535118634
-999.0	890.0	303.38614836825116	13.956896464029953	-6.635473741425377	-2.4342951014362093
-999.0	865.0	304.22907875804736	13.047524337415338	-7.198524879084669	-2.7416237725151977
-999.0	840.0	305.17022217517894	11.943746796360713	-7.7294498946931425	-2.8580792424855455
-999.0	815.0	306.23923843459295	10.679929777427944	-8.136951812991366	-2.736134747664142
-999.0	790.0	307.4081659526648	9.447514039498785	-8.311357948515125	-2.431635922303926
-999.0	765.0	308.6611194436168	8.382285184330415	-8.268111275302017	-2.0570744380907118
-999.0	740.0	309.9841518341594	7.505721361548819	-7.989165557755345	-1.7092242356804173
-999.0	715.0	311.37201303882813	6.777540957486189	-7.525699895841087	-1.411822226588435
-999.0	690.0	312.7981044256492	6.085116271619441	-6.9441397543306564	-1.112942977501283
-999.0	665.0	314.24045813794487	5.418965112279957	-6.246649020247981	-0.7983686075443206
-999.0	640.0	315.7073323355625	4.806177406399334	-5.657746166473734	-0.4321829524857931
-999.0	615.0	317.20088998097	4.25545382058179	-5.265531451613813	-0.013131769882883004
-999.0	590.0	318.8763627591809	3.73811386911958	-5.127298883817813	0.33029170463680657
-999.0	565.0	320.7694424568736	3.2480418019824677	-5.298391325606243	0.5519864857196021
-999.0	540.0	322.7658046875486	2.7832612891992063	-5.63305633266767	0.6774177242207757
-999.0	515.0	324.8110780387932	2.3282707355640686	-6.072010391288333	0.6822814282926206
-999.0	490.0	326.84924558550296	1.9116064884044628	-6.3475086622767956	0.5305506882291919
-999.0	465.0	328.83111583575703	1.5358398079320335	-6.365905035425115	0.21160933954846123
-999.0	440.0	330.7917402136987	1.2163341302010826	-6.2226734050997985	-0.14171416643594248
-999.0	415.0	332.71842393682005	0.9540351786547302	-5.950184644372376	-0.4265143795421904
-999.0	390.0	334.66279642258644	0.7535113483943374	-5.640757744338503	-0.4234234138081481
-999.0	365.0	336.5943265045495	0.6073827405494724	-5.2925378481547005	-0.04890401440637154
-999.0	340.0	338.4374844245212	0.49557061824534115	-4.798530484239253	0.56459732905584
-999.0	315.0	340.1523217062738	0.411586565138017	-4.176509719893873	1.3151529089168503
-999.0	290.0	341.82948377817377	0.3140675411732138	-3.650326668664232	2.0200312355602446
-999.0	265.0	343.52464001591596	0.2174882678384052	-3.31440013329735	2.5734584947209536
-999.0	240.0	345.2058399375888	0.13699766007010708	-3.021070784440672	2.8815919491980004
-999.0	215.0	346.8004752945541	0.0775676742196088	-2.3746771420592636	2.7628242616300573
-999.0	190.0	348.5025367837176	0.04263002760018478	-1.0498944421608103	2.1592203577360007
-999.0	165.0	350.8683397707038	0.021780971911977302	0.644012884685409	1.2353412801124346
-999.0	140.0	355.40664676004667	0.010052913748141781	1.5605406501780041	0.44119264240622036
-999.0	115.0	367.163749428205	0.005743504713151453	1.9704013786935013	0.17026965402898697
-999.0	90.0	394.0106450228865	0.004907071133385643	4.026157926630139	0.02946150668520131
-999.0	65.0	442.69309905740323	0.0031986906585559655	1.635923568297335	0.007088994124426706
-999.0	40.0	531.7972165305209	0.013188805698451668	-8.39447455628153	-0.13668166752908553
-999.0	15.0	720.0464067272545	0.06460468274437754	-16.91675640684032	-0.01232108353055833
245.5	40	1005.927993774414	day	levels	pres0
-999.0	990.0	298.4937327130798	17.127460956573483	-1.950899997105201	-0.5713847366472086
-999.0	965.0	300.0094485744765	16.14419595400493	-3.6618031381318965	-0.9586522728204725
-999.0	940.0	301.44575161805665	15.430645942687985	-5.037977601091066	-1.4579978793238604
-999.0	915.0	302.4964411037055	14.722225507100422	-5.986099302768708	-1.993849160770575
-999.0	890.0	303.3475328460723	13.95725425084432	-6.64910410841306	-2.4372605085372925
-999.0	865.0	304.1933791258582	13.053990602493284	-7.208436628182728	-2.7456754098335896
-999.0	840.0	305.1361208876191	11.954339265823364	-7.738391757011414	-2.8608793566624326
-999.0	815.0	306.20810988858267	10.688454707463585	-8.146267453829447	-2.7314433654149375
-999.0	790.0	307.38052277819435	9.448560277620953	-8.320261657238007	-2.414459178845087
-999.0	765.0	308.63523930731077	8.377864480018616	-8.277669151624043	-2.027871911724408
-999.0	740.0	309.95803562525793	7.499971469243367	-8.001106758912403	-1.6719221994280815
-999.0	715.0	311.34443650618886	6.773637056350707	-7.540864249070484	-1.3702195485432944
-999.0	690.0	312.7699899896666	6.081675787766772	-6.960835039615631	-1.0691423093279204
-999.0	665.0	314.2130848798814	5.414196928342184	-6.26268004377683	-0.7547438487720988
-999.0	640.0	315.68123609305604	4.799708346525828	-5.674045627315838	-0.3896736133222779
-999.0	615.0	317.1764205893852	4.246899704138438	-5.283693312356869	0.027174347390731213
-999.0	590.0	318.8530438257035	3.727867225805919	-5.147319051126639	0.3665324871738752
-999.0	565.0	320.74655342207166	3.2363722225030265	-5.319787015517552	0.5818246096993486
-999.0	540.0	322.7431693776247	2.771725902954737	-5.654869099458058	0.6995045592387517
-999.0	515.0	324.78890566647306	2.3186321655909223	-6.092687115073204	0.6957262429641559
-999.0	490.0	326.82878904465406	1.9040784512956939	-6.364602657655874	0.536645419895649
-999.0	465.0	328.8142569556538	1.5307844976584117	-6.376871081689993	0.21324383964141208
-999.0	440.0	330.78032685515075	1.212735449274381	-6.227666122217974	-0.13904975106318793
-999.0	415.0	332.714376504466	0.9507927174369493	-5.950536074737707	-0.4163888737869759
-999.0	390.0	334.66686790264697	0.7503291529913745	-5.638311877846718	-0.40265222452580923
-999.0	365.0	336.6056754089378	0.6038779144485792	-5.289098342259725	-0.017548424502213777
-999.0	340.0	338.4513970796909	0.49230051971971983	-4.794427712758382	0.5989368408918381
-999.0	315.0	340.1627806191213	0.4090081242223581	-4.1726561809579525	1.3433882643779116
-999.0	290.0	341.8336641702242	0.31198076655467355	-3.6510725604991117	2.0403878887494407
-999.0	265.0	343.5216222744756	0.21577321800092855	-3.3263395677010217	2.5859482089678445
-999.0	240.0	345.19610913665207	0.13586745224893093	-3.0506229102611537	2.8814708391825357
-999.0	215.0	346.7867563956303	0.07712970270464817	-2.426010397573312	2.7468700011571245
-999.0	190.0	348.48862284668786	0.04255651170387864	-1.1267041663328805	2.1368466516335807
-999.0	165.0	350.85458097601713	0.02179102110676467	0.5437452122569086	1.224958764660793
-999.0	140.0	355.3894181318145	0.0100698444681863	1.4566578914721808	0.44059876352548594
-999.0	115.0	367.1516220238267	0.005753463871466617	1.8921268582344055	0.15654560178518295
-999.0	90.0	394.0269862434284	0.004914484200223039	3.9886626005172725	0.011269129191835758
-999.0	65.0	442.70076204343206	0.003182308418521037	1.6244678248961766	0.012499524590869782
-999.0	40.0	531.7564999710212	0.01316104495587448	-8.405903771519661	-0.11092192058761915
-999.0	15.0	719.9144441603489	0.06429875176399946	-16.93511109550794	0.01913150151570639
245.51388888888889	40	1005.8723924424913	day	levels	pres0
-999.0	990.0	298.63948495830783	17.10001638200543	-1.975507756626245	-0.5808600325275634
-999.0	965.0	300.0967209123869	16.145734045240605	-3.6398733236172074	-0.9577588778748362
-999.0	940.0	301.49479661035497	15.456366618474345	-4.979469067520573	-1.4396873397959784
-999.0	915.0	302.54365182233664	14.761157026997347	-5.909426420927025	-1.9604300300556206
-999.0	890.0	303.40347500344944	13.99412856278598	-6.568841992704915	-2.393589679013786
-999.0	865.0	304.2577513256598	13.077637866691305	-7.129588211024191	-2.6935109636159678
-999.0	840.0	305.20523852890415	11.965151398270203	-7.657540166819464	-2.8029313633838884
-999.0	815.0	306.27695380107053	10.696625541757646	-8.060583845332726	-2.6745194511280643
-999.0	790.0	307.44793203259417	9.458573791715837	-8.233710361851484	-2.3642574285191045
-999.0	765.0	308.7042505637558	8.385110426832137	-8.19445905641263	-1.9857338028097162
-999.0	740.0	310.02917838942955	7.50385676048421	-7.92428998593921	-1.6352584866323552
-999.0	715.0	311.4157413984156	6.776225505051803	-7.472127854823978	-1.3356744122725537
-999.0	690.0	312.838717936594	6.083686135433352	-6.902870866987366	-1.034751422910182
-999.0	665.0	314.2761430060667	5.41715712459	-6.218653827905601	-0.7188524479666847
-999.0	640.0	315.74081347732863	4.8028817309273695	-5.642928429499786	-0.35591105647656107
-999.0	615.0	317.23634926767653	4.249295671780909	-5.262828957841336	0.05385108540459574
-999.0	590.0	318.9162066080821	3.731675843397781	-5.131184529099195	0.3861758591676492
-999.0	565.0	320.81534193871835	3.24358598060079	-5.30101946382611	0.595384358049007
-999.0	540.0	322.8141015931382	2.7805230451954848	-5.6279224433280755	0.7063949041896451
-999.0	515.0	324.8567302754036	2.3271370276256977	-6.05308548830172	0.6953853836145103
-999.0	490.0	326.8924417787444	1.9110877254495036	-6.316616163209603	0.5311877709571948
-999.0	465.0	328.87393772179274	1.5350887720231745	-6.328211659634515	0.20696843056767655
-999.0	440.0	330.83677807108035	1.2158278141308778	-6.185302439387154	-0.1381438800857949
-999.0	415.0	332.7684466549916	0.9540760732359412	-5.9206918076508215	-0.4002493080786202
-999.0	390.0	334.7190102125001	0.7534796080931514	-5.621340624160212	-0.37261730832629447
-999.0	365.0	336.65618300807995	0.6066956885710942	-5.282940126127655	0.01972157590924631
-999.0	340.0	338.5006580550436	0.4942269212807785	-4.796655533490358	0.6322007046806017
-999.0	315.0	340.2108487346527	0.40973143251957683	-4.179026792998679	1.3607189909175976
-999.0	290.0	341.8792021503653	0.3121490124613039	-3.653272237628719	2.0365731017491844
-999.0	265.0	343.5622995294525	0.21581497471089678	-3.3140974977502378	2.558469042457928
-999.0	240.0	345.22866975474795	0.13584265495753928	-3.0179023692315607	2.8282949052475095
-999.0	215.0	346.80660921267713	0.07717735779092257	-2.383572700398957	2.673895001411415
-999.0	190.0	348.49377151430446	0.04265837812865222	-1.1041258830163463	2.062073781534435
-999.0	165.0	350.846989501118	0.02183850171665354	0.5300253235079235	1.1624848675327333
-999.0	140.0	355.3815096084382	0.010083702655888578	1.4293104366019647	0.38828701194788046
-999.0	115.0	367.1485989531092	0.005750875782083583	1.882038767691022	0.11413123513812617
-999.0	90.0	393.9950588774929	0.004892473425974832	3.9925517528145664	-0.010193634364363102
-999.0	65.0	442.6347694776507	0.003197589391169884	1.6439770537394365	0.007987271373446292
-999.0	40.0	531.7278383626015	0.01314219452130295	-8.39220841504908	-0.11209783192588665
-999.0	15.0	719.9522213907187	0.06439098964134855	-16.915062474983692	0.010906056397472996
245.52777777777777	40	1005.8167911105685	day	levels	pres0
-999.0	990.0	298.7852372035356	17.07257180743749	-2.0001155161471127	-0.5903353284078559
-999.0	965.0	300.18399325029714	16.147272136476303	-3.6179435091024232	-0.9568654829291248
-999.0	940.0	301.5438416026533	15.482087294260653	-4.9209605339500815	-1.421376800268064
-999.0	915.0	302.59086254096775	14.8000885468942	-5.832753539085413	-1.9270108993406756
-999.0	890.0	303.4594171608265	14.031002874727589	-6.488579876996881	-2.3499188494903236
-999.0	865.0	304.32212352546117	13.10128513088932	-7.0507397938658	-2.641346517398423
-999.0	840.0	305.27435617018915	11.975963530717072	-7.576688576627693	-2.7449833701054516
-999.0	815.0	306.34579771355834	10.704796376051723	-7.974900236836222	-2.617595536841313
-999.0	790.0	307.5153412869938	9.468587305810713	-8.147159066465202	-2.3140556781932395
-999.0	765.0	308.77326182020056	8.392356373645638	-8.111248961201456	-1.94359569389513
-999.0	740.0	310.100321153601	7.507742051725033	-7.847473212966244	-1.5985947738367252
-999.0	715.0	311.4870462906421	6.778813953752871	-7.403391460577672	-1.301129276001908
-999.0	690.0	312.9074458835212	6.085696483099902	-6.84490669435927	-1.0003605364925456
-999.0	665.0	314.33920113225184	5.420117320837798	-6.174627612034493	-0.6829610471613836
-999.0	640.0	315.8003908616011	4.806055115328894	-5.611811231683809	-0.3221484996309555
-999.0	615.0	317.2962779459678	4.2516916394233695	-5.241964603325839	0.08052782341836937
-999.0	590.0	318.9793693904606	3.7354844609896327	-5.115050007071764	0.4058192311613583
-999.0	565.0	320.8841304553648	3.2507997386985323	-5.28225191213467	0.6089441063986301
-999.0	540.0	322.8850338086515	2.7893201874362066	-5.600975787198109	0.7132852491405282
-999.0	515.0	324.924554884334	2.3356418896604434	-6.013483861530282	0.6950445242648714
-999.0	490.0	326.95609451283474	1.9180969996032862	-6.268629668763406	0.5257301220187502
-999.0	465.0	328.93361848793165	1.5393930463879177	-6.279552237579134	0.20069302149393575
-999.0	440.0	330.8932292870099	1.2189201789873605	-6.142938756556439	-0.1372380091084359
-999.0	415.0	332.82251680551707	0.9573594290349204	-5.890847540564019	-0.38410974237033774
-999.0	390.0	334.77115252235313	0.7566300631949181	-5.604369370473764	-0.3425823921268891
-999.0	365.0	336.7066906072221	0.6095134626936017	-5.276781909995612	0.05699157632057486
-999.0	340.0	338.54991903039615	0.4961533228418333	-4.798883354222333	0.6654645684692391
-999.0	315.0	340.25891685018394	0.4104547408167958	-4.18539740503938	1.3780497174571917
-999.0	290.0	341.92474013050645	0.31231725836793556	-3.6554719147582833	2.0327583147488735
-999.0	265.0	343.60297678442953	0.21585673142086573	-3.3018554277994028	2.5309898759479874
-999.0	240.0	345.2612303728438	0.1358178576661481	-2.985181828201927	2.775118971312497
-999.0	215.0	346.8264620297238	0.07722501287719719	-2.341135003224578	2.600920001665771
-999.0	190.0	348.4989201819212	0.04276024455342577	-1.0815475996997694	1.9873009114354028
-999.0	165.0	350.8393980262189	0.02188598232654233	0.5163054347590194	1.1000109704047825
-999.0	140.0	355.373601085062	0.010097560843590779	1.4019629817318102	0.33597526037033615
-999.0	115.0	367.14557588239165	0.005748287692700548	1.8719506771476189	0.07171686849110681
-999.0	90.0	393.96313151155755	0.004870462651726695	3.9964409051118053	-0.031656397920503565
-999.0	65.0	442.5687769118696	0.003212870363818681	1.6634862825826304	0.003475018156073373
-999.0	40.0	531.6991767541816	0.01312334408673148	-8.378513058578529	-0.1132737432640982
-999.0	15.0	719.9899986210881	0.06448322751869752	-16.895013854459485	0.002680611279281986
245.54166666666666	40	1005.761189778646	day	levels	pres0
-999.0	990.0	298.9309894487636	17.04512723286944	-2.024723275668151	-0.5998106242882126
-999.0	965.0	300.2712655882076	16.148810227711994	-3.5960136945877217	-0.9559720879834902
-999.0	940.0	301.59288659495166	15.507807970047013	-4.862452000379576	-1.4030662607401863
-999.0	915.0	302.63807325959885	14.839020066791129	-5.756080657243722	-1.8935917686257226
-999.0	890.0	303.5153593182036	14.06787718666925	-6.40831776128873	-2.3062480199668167
-999.0	865.0	304.3864957252627	13.12493239508734	-6.971891376707258	-2.5891820711807974
-999.0	840.0	305.3434738114743	11.986775663163913	-7.495836986435742	-2.6870353768269006
-999.0	815.0	306.41464162604626	10.71296721034579	-7.8892166283395	-2.5606716225544313
-999.0	790.0	307.5827505413936	9.478600819905601	-8.06060777107868	-2.2638539278672476
-999.0	765.0	308.8422730766456	8.399602320459161	-8.028038865990041	-1.9014575849804298
-999.0	740.0	310.1714639177726	7.511627342965875	-7.770656439993052	-1.561931061040994
-999.0	715.0	311.5583511828688	6.781402402453963	-7.334655066331167	-1.2665841397311646
-999.0	690.0	312.9761738304485	6.087706830766479	-6.786942521731006	-0.9659696500748064
-999.0	665.0	314.40225925843714	5.423077517085614	-6.130601396163265	-0.6470696463559696
-999.0	640.0	315.85996824587363	4.809228499730435	-5.580694033867756	-0.28838594278524005
-999.0	615.0	317.35620662425913	4.2540876070658395	-5.2211002488103055	0.10720456143223261
-999.0	590.0	319.0425321728392	3.7392930785814964	-5.0989154850443175	0.4254626031551312
-999.0	565.0	320.95291897201145	3.258013496796297	-5.263484360443222	0.6225038547482874
-999.0	540.0	322.955966024165	2.798117329676954	-5.574029131068122	0.7201755940914194
-999.0	515.0	324.9923794932646	2.3441467516952192	-5.97388223475879	0.6947036649152217
-999.0	490.0	327.01974724692525	1.9251062737570959	-6.220643174317128	0.5202724730802899
-999.0	465.0	328.99329925407056	1.5436973207526803	-6.230892815523648	0.19441761242019195
-999.0	440.0	330.9496805029397	1.2220125438438572	-6.100575073725613	-0.13633213813105066
-999.0	415.0	332.8765869560427	0.9606427848339131	-5.861003273477126	-0.3679701766619865
-999.0	390.0	334.8232948322062	0.7597805182966962	-5.587398116787251	-0.3125474759273732
-999.0	365.0	336.7571982063642	0.612331236816118	-5.270623693863538	0.09426157673204202
-999.0	340.0	338.59918000574896	0.49807972440289316	-4.801111174954308	0.6987284322580143
-999.0	315.0	340.3069849657154	0.4111780491140156	-4.191768017080106	1.3953804439968893
-999.0	290.0	341.97027811064766	0.3124855042745668	-3.6576715918878913	2.028943527748628
-999.0	265.0	343.64365403940656	0.21589848813083434	-3.289613357848616	2.503510709438077
-999.0	240.0	345.29379099093967	0.13579306037475664	-2.952461287172327	2.7219430373774713
-999.0	215.0	346.84631484677067	0.07727266796347164	-2.2986973060502147	2.527945001920056
-999.0	190.0	348.5040688495379	0.0428621109781994	-1.0589693163832303	1.9125280413362487
-999.0	165.0	350.83180655131963	0.0219334629364312	0.5025855460100301	1.03753707327671
-999.0	140.0	355.3656925616858	0.010111419031293053	1.3746155268615825	0.2836635087927134
-999.0	115.0	367.14255281167414	0.005745699603317514	1.861862586604224	0.02930250184403438
-999.0	90.0	393.93120414562213	0.0048484518774784885	4.000330057409091	-0.05311916147670731
-999.0	65.0	442.50278434608805	0.003228151336467531	1.682995511425886	-0.001037235061346814
-999.0	40.0	531.6705151457619	0.013104493652159946	-8.364817702107949	-0.11444965460236119
-999.0	15.0	720.0277758514579	0.06457546539604665	-16.87496523393524	-0.00554483383895063
245.55555555555554	40	1005.705588446723	day	levels	pres0
-999.0	990.0	299.0767416939913	17.017682658301492	-2.049331035189019	-0.609285920168505
-999.0	965.0	300.3585379261179	16.150348318947696	-3.574083880072937	-0.9550786930377791
-999.0	940.0	301.64193158725	15.53352864583332	-4.803943466809085	-1.3847557212122716
-999.0	915.0	302.6852839782299	14.877951586687983	-5.679407775402112	-1.8601726379107777
-999.0	890.0	303.57130147558064	14.104751498610863	-6.328055645580696	-2.2625771904433547
-999.0	865.0	304.4508679250641	13.148579659285355	-6.893042959548866	-2.5370176249632532
-999.0	840.0	305.4125914527593	11.997587795610777	-7.41498539624397	-2.6290873835484634
-999.0	815.0	306.483485538534	10.721138044639869	-7.803533019842996	-2.5037477082676802
-999.0	790.0	307.6501597957933	9.488614334000475	-7.974056475692399	-2.213652177541383
-999.0	765.0	308.9112843330905	8.406848267272663	-7.9448287707788685	-1.8593194760658438
-999.0	740.0	310.24260668194404	7.515512634206698	-7.693839667020082	-1.525267348245364
-999.0	715.0	311.6296560750954	6.783990851155031	-7.265918672084861	-1.2320390034605195
-999.0	690.0	313.04490177737574	6.0897171784330295	-6.728978349102909	-0.9315787636571701
-999.0	665.0	314.4653173846223	5.42603771333341	-6.086575180292157	-0.6111782455506686
-999.0	640.0	315.91954563014605	4.812401884131959	-5.549576836051782	-0.25462338593963457
-999.0	615.0	317.4161353025504	4.256483574708301	-5.20023589429481	0.13388129944600619
-999.0	590.0	319.1056949552178	3.7431016961733468	-5.082780963016886	0.4451059751488404
-999.0	565.0	321.0217074886579	3.26522725489404	-5.244716808751784	0.6360636030979105
-999.0	540.0	323.02689823967825	2.806914471917676	-5.547082474938158	0.7270659390423027
-999.0	515.0	325.06020410219503	2.3526516137299653	-5.934280607987353	0.6943628055655827
-999.0	490.0	327.08339998101553	1.9321155479108783	-6.172656679870932	0.5148148241418453
-999.0	465.0	329.0529800202096	1.5480015951174235	-6.182233393468267	0.18814220334645113
-999.0	440.0	331.0061317188692	1.2251049087003396	-6.058211390894898	-0.13542626715369155
-999.0	415.0	332.93065710656816	0.963926140632892	-5.831159006390325	-0.35183061095370405
-999.0	390.0	334.8754371420592	0.7629309733984632	-5.5704268631008045	-0.28251255972796796
-999.0	365.0	336.80770580550626	0.6151490109386254	-5.2644654777314965	0.13153157714337047
-999.0	340.0	338.64844098110154	0.5000061259639478	-4.803338995686284	0.7319922960466512
-999.0	315.0	340.35505308124664	0.41190135741123474	-4.198138629120806	1.412711170536483
-999.0	290.0	342.01581609078863	0.3126537501811985	-3.6598712690174553	2.0251287407483165
-999.0	265.0	343.6843312943834	0.21594024484080332	-3.2773712878977803	2.476031542928138
-999.0	240.0	345.32635160903544	0.13576826308336545	-2.9197407461426934	2.6687671034424585
-999.0	215.0	346.86616766381735	0.07732032304974627	-2.256259608875835	2.454970002174411
-999.0	190.0	348.50921751715464	0.04296397740297295	-1.0363910330666533	1.837755171237216
-999.0	165.0	350.8242150764205	0.02198094354631999	0.4888656572611255	0.975063176148759
-999.0	140.0	355.35778403830955	0.010125277218995258	1.3472680719914276	0.23135175721516898
-999.0	115.0	367.13952974095656	0.005743111513934479	1.8517744960608211	-0.013111864802984985
-999.0	90.0	393.8992767796867	0.004826441103230351	4.004219209706329	-0.07458192503284766
-999.0	65.0	442.436791780307	0.003243432309116328	1.7025047402690803	-0.0055494882787197886
-999.0	40.0	531.6418535373422	0.01308564321758848	-8.351122345637402	-0.1156255659405727
-999.0	15.0	720.0655530818278	0.06466770327339563	-16.854916613411028	-0.013770278957141585
245.56944444444446	40	1005.6499871148003	day	levels	pres0
-999.0	990.0	299.2224939392195	16.990238083733416	-2.073938794710054	-0.6187612160488504
-999.0	965.0	300.44581026402835	16.151886410183366	-3.552154065558209	-0.9541852980921157
-999.0	940.0	301.6909765795484	15.559249321619683	-4.745434933238535	-1.3664451816843513
-999.0	915.0	302.73249469686107	14.916883106584926	-5.602734893560366	-1.8267535071957761
-999.0	890.0	303.62724363295786	14.141625810552547	-6.247793529872487	-2.2189063609197954
-999.0	865.0	304.51524012486567	13.1722269234834	-6.814194542390272	-2.4848531787455785
-999.0	840.0	305.4817090940444	12.008399928057639	-7.334133806051969	-2.5711393902698703
-999.0	815.0	306.55232945102193	10.729308878933946	-7.717849411346223	-2.4468237939807658
-999.0	790.0	307.71756905019305	9.498627848095369	-7.887505180305831	-2.163450427215369
-999.0	765.0	308.98029558953556	8.414094214086184	-7.861618675567415	-1.8171813671511319
-999.0	740.0	310.31374944611576	7.519397925447537	-7.617022894046861	-1.4886036354496262
-999.0	715.0	311.70096096732215	6.786579299856117	-7.197182277838336	-1.1974938671897721
-999.0	690.0	313.11362972430317	6.091727526099595	-6.671014176474635	-0.8971878772394285
-999.0	665.0	314.5283755108075	5.4289979095812235	-6.042548964420927	-0.5752868447452519
-999.0	640.0	315.9791230144187	4.815575268533497	-5.518459638235729	-0.2208608290939164
-999.0	615.0	317.4760639808418	4.25887954235077	-5.179371539779274	0.16055803745987063
-999.0	590.0	319.16885773759645	3.746910313765211	-5.066646440989435	0.4647493471426133
-999.0	565.0	321.0904960053046	3.2724410129918042	-5.225949257060327	0.6496233514475676
-999.0	540.0	323.0978304551918	2.815711614158425	-5.520135818808155	0.7339562839931919
-999.0	515.0	325.1280287111256	2.3611564757647403	-5.894678981215845	0.6940219462159278
-999.0	490.0	327.1470527151061	1.939124822064688	-6.124670185424636	0.5093571752033776
-999.0	465.0	329.1126607863487	1.552305869482186	-6.133573971412771	0.1818667942727009
-999.0	440.0	331.06258293479885	1.228197273556836	-6.0158477080640695	-0.13452039617630712
-999.0	415.0	332.98472725709377	0.9672094964318828	-5.801314739303438	-0.3356910452453438
-999.0	390.0	334.9275794519123	0.766081428500239	-5.553455609414303	-0.2524776435284403
-999.0	365.0	336.85821340464844	0.61796678506114	-5.258307261599431	0.16880157755484237
-999.0	340.0	338.6977019564543	0.5019325275250062	-4.80556681641826	0.7652561598354208
-999.0	315.0	340.40312119677805	0.41262466570845324	-4.204509241161524	1.4300418970761646
-999.0	290.0	342.0613540709298	0.31282199608782885	-3.6620709461470464	2.0213139537480465
-999.0	265.0	343.7250085493604	0.21598200155077124	-3.2651292179469706	2.4485523764181947
-999.0	240.0	345.3589122271313	0.13574346579197355	-2.887020205113065	2.615591169507396
-999.0	215.0	346.88602048086415	0.0773679781360206	-2.2138219117014364	2.3819950024286562
-999.0	190.0	348.51436618477123	0.043065843827746544	-1.0138127497500746	1.7629823011380177
-999.0	165.0	350.8166236015213	0.02202842415620885	0.47514576851217716	0.912589279020638
-999.0	140.0	355.34987551493344	0.010139135406697527	1.3199206171212354	0.17904000563749972
-999.0	115.0	367.13650667023916	0.005740523424551441	1.8416864055174462	-0.05552623145009217
-999.0	90.0	393.86734941375124	0.00480443032898214	4.008108362003621	-0.09604468858906284
-999.0	65.0	442.37079921452545	0.0032587132817651784	1.7220139691123408	-0.010061741496132814
-999.0	40.0	531.6131919289223	0.013066792783016947	-8.337426989166817	-0.11680147727883468
-999.0	15.0	720.1033303121974	0.06475994115074482	-16.834867992886778	-0.02199572407538375
245.58333333333334	40	1005.5943857828776	day	levels	pres0
-999.0	990.0	299.36824618444706	16.962793509165472	-2.0985465542309254	-0.6282365119291442
-999.0	965.0	300.5330826019386	16.153424501419064	-3.530224251043431	-0.9532919031464083
-999.0	940.0	301.7400215718466	15.584969997405986	-4.686926399668052	-1.348134642156441
-999.0	915.0	302.7797054154922	14.955814626481772	-5.526062011718765	-1.7933343764808358
-999.0	890.0	303.68318579033485	14.178500122494151	-6.167531414164465	-2.1752355313963365
-999.0	865.0	304.5796123246671	13.195874187681413	-6.735346125231885	-2.4326887325280353
-999.0	840.0	305.55082673532934	12.019212060504504	-7.2532822158602	-2.5131913969914335
-999.0	815.0	306.62117336350974	10.737479713228021	-7.6321658028497215	-2.3898998796940143
-999.0	790.0	307.7849783045928	9.508641362190245	-7.800953884919551	-2.1132486768895036
-999.0	765.0	309.04930684598037	8.421340160899685	-7.778408580356245	-1.7750432582365452
-999.0	740.0	310.3848922102872	7.523283216688358	-7.540206121073899	-1.451939922653997
-999.0	715.0	311.7722658595488	6.789167748557185	-7.128445883592036	-1.1629487309191293
-999.0	690.0	313.1823576712303	6.093737873766146	-6.613050003846545	-0.8627969908217951
-999.0	665.0	314.5914336369927	5.4319581058290165	-5.998522748549825	-0.5393954439399542
-999.0	640.0	316.0387003986911	4.81874865293502	-5.487342440419758	-0.18709827224831405
-999.0	615.0	317.53599265913306	4.261275509993231	-5.158507185263782	0.18723477547364165
-999.0	590.0	319.2320205199749	3.7507189313570626	-5.050511918962007	0.48439271913632004
-999.0	565.0	321.15928452195107	3.2796547710895463	-5.207181705368892	0.6631830997971875
-999.0	540.0	323.16876267070506	2.824508756399145	-5.493189162678193	0.7408466289440713
-999.0	515.0	325.19585332005596	2.369661337799486	-5.855077354444413	0.6936810868662845
-999.0	490.0	327.21070544919644	1.9461340962184706	-6.076683690978445	0.5038995262649286
-999.0	465.0	329.17234155248747	1.556610143846929	-6.084914549357394	0.17559138519895662
-999.0	440.0	331.1190341507284	1.231289638413318	-5.973484025233358	-0.13361452519894998
-999.0	415.0	333.03879740761926	0.9704928522308617	-5.771470472216637	-0.31955147953706153
-999.0	390.0	334.9797217617654	0.7692318836020057	-5.536484355727854	-0.22244272732903325
-999.0	365.0	336.9087210037905	0.6207845591836472	-5.252149045467389	0.20607157796617454
-999.0	340.0	338.7469629318069	0.5038589290860609	-4.807794637150233	0.7985200236240634
-999.0	315.0	340.4511893123093	0.4133479740056725	-4.210879853202224	1.4473726236157656
-999.0	290.0	342.10689205107093	0.3129902419944607	-3.664270623276611	2.017499166747745
-999.0	265.0	343.7656858043373	0.21602375826074016	-3.2528871479961405	2.4210732099082675
-999.0	240.0	345.39147284522716	0.13571866850058237	-2.8542996640834395	2.562415235572398
-999.0	215.0	346.90587329791094	0.07741563322229517	-2.171384214527065	2.3090200026830257
-999.0	190.0	348.519514852388	0.04316771025252005	-0.9912344664335007	1.6882094310389906
-999.0	165.0	350.8090321266222	0.02207590476609762	0.4614258797632764	0.8501153818926841
-999.0	140.0	355.3419669915573	0.01015299359439973	1.2925731622510863	0.12672825405995053
-999.0	115.0	367.1334835995216	0.005737935335168406	1.8315983149740465	-0.09794059809711458
-999.0	90.0	393.8354220478159	0.004782419554734005	4.01199751430086	-0.11750745214520569
-999.0	65.0	442.30480664874426	0.003273994254413976	1.7415231979555315	-0.01457399471350554
-999.0	40.0	531.5845303205027	0.013047942348445479	-8.32373163269627	-0.11797738861704868
-999.0	15.0	720.141107542567	0.06485217902809379	-16.814819372362575	-0.03022116919357734
245.59722222222223	40	1005.5387844509546	day	levels	pres0
-999.0	990.0	299.5139984296752	16.935348934597425	-2.1231543137519595	-0.6377118078094998
-999.0	965.0	300.62035493984905	16.154962592654755	-3.508294436528723	-0.9523985082007702
-999.0	940.0	301.789066564145	15.610690673192348	-4.6284178660975375	-1.3298241026285584
-999.0	915.0	302.8269161341233	14.994746146378706	-5.449389129877064	-1.7599152457658787
-999.0	890.0	303.739127947712	14.215374434435821	-6.087269298456303	-2.1315647018728265
-999.0	865.0	304.64398452446864	13.219521451879436	-6.656497708073337	-2.3805242863104077
-999.0	840.0	305.61994437661457	12.030024192951347	-7.1724306256682455	-2.455243403712882
-999.0	815.0	306.69001727599766	10.745650547522088	-7.546482194352997	-2.332975965407133
-999.0	790.0	307.8523875589926	9.518654876285133	-7.714402589533027	-2.0630469265635125
-999.0	765.0	309.11831810242546	8.428586107713208	-7.695198485144827	-1.732905149321846
-999.0	740.0	310.4560349744589	7.527168507929203	-7.463389348100701	-1.415276209858265
-999.0	715.0	311.8435707517754	6.791756197258279	-7.059709489345524	-1.1284035946483826
-999.0	690.0	313.2510856181577	6.0957482214327205	-6.555085831218275	-0.8284061044040525
-999.0	665.0	314.654491763178	5.434918302076834	-5.954496532678591	-0.5035040431345371
-999.0	640.0	316.0982777829637	4.821922037336561	-5.456225242603699	-0.1533357154025955
-999.0	615.0	317.5959213374244	4.263671477635702	-5.137642830748243	0.2139115134875076
-999.0	590.0	319.2951833023535	3.754527548948925	-5.034377396934558	0.5040360911300954
-999.0	565.0	321.2280730385978	3.286868529187311	-5.1884141536774395	0.6767428481468479
-999.0	540.0	323.23969488621856	2.833305898639894	-5.466242506548201	0.7477369738949664
-999.0	515.0	325.2636779289865	2.378166199834262	-5.815475727672915	0.6933402275166394
-999.0	490.0	327.2743581832868	1.9531433703722803	-6.0286971965321605	0.49844187732647277
-999.0	465.0	329.23202231862655	1.5609144182116919	-6.036255127301905	0.16931597612521634
-999.0	440.0	331.17548536665805	1.234382003269815	-5.931120342402529	-0.1327086542215628
-999.0	415.0	333.09286755814486	0.9737762080298544	-5.7416262051297435	-0.30341191382871
-999.0	390.0	335.0318640716185	0.7723823387037838	-5.519513102041341	-0.1924078111295191
-999.0	365.0	336.9592286029326	0.6236023333061637	-5.245990829335315	0.24334157837763826
-999.0	340.0	338.7962239071597	0.5057853306471207	-4.8100224578822095	0.8317838874128333
-999.0	315.0	340.4992574278407	0.41407128230289225	-4.2172504652429526	1.464703350155457
-999.0	290.0	342.1524300312121	0.31315848790109174	-3.666470300406219	2.01368437974749
-999.0	265.0	343.8063630593143	0.2160655149707088	-3.240645078045349	2.3935940433983447
-999.0	240.0	345.42403346332304	0.13569387120919094	-2.821579123053831	2.5092393016373578
-999.0	215.0	346.92572611495774	0.07746328830856966	-2.1289465173526936	2.2360450029372974
-999.0	190.0	348.5246635200047	0.04326957667729371	-0.9686561831169584	1.613436560939831
-999.0	165.0	350.80144065172306	0.022123385375986505	0.4477059910142833	0.7876414847646147
-999.0	140.0	355.33405846818096	0.010166851782102004	1.2652257073808528	0.07441650248233267
-999.0	115.0	367.13046052880406	0.00573534724578537	1.8215102244306483	-0.14035496474418413
-999.0	90.0	393.8034946818804	0.0047604087804857965	4.015886666598145	-0.13897021570140689
-999.0	65.0	442.23881408296285	0.0032892752270628264	1.7610324267987907	-0.019086247930925976
-999.0	40.0	531.5558687120829	0.013029091913873943	-8.310036276225688	-0.11915329995530921
-999.0	15.0	720.1788847729367	0.0649444169054429	-16.794770751838325	-0.03844661431180736
245.61111111111111	40	1005.4831831190322	day	levels	pres0
-999.0	990.0	299.65975067490285	16.90790436002948	-2.1477620732728275	-0.6471871036897923
-999.0	965.0	300.7076272777593	16.156500683890457	-3.486364622013938	-0.951505113255059
-999.0	940.0	301.83811155644327	15.636411348978658	-4.569909332527046	-1.311513563100644
-999.0	915.0	302.8741268527542	15.033677666275562	-5.372716248035453	-1.7264961150509335
-999.0	890.0	303.795070105089	14.25224874637743	-6.007007182748271	-2.087893872349364
-999.0	865.0	304.70835672426995	13.243168716077452	-6.5776492909149455	-2.3283598400928636
-999.0	840.0	305.6890620178995	12.040836325398212	-7.0915790354764745	-2.3972954104344453
-999.0	815.0	306.75886118848535	10.753821381816168	-7.460798585856494	-2.2760520511203826
-999.0	790.0	307.9197968133922	9.528668390380007	-7.627851294146746	-2.0128451762376485
-999.0	765.0	309.1873293588703	8.435832054526708	-7.611988389933654	-1.6907670404072592
-999.0	740.0	310.5271777386303	7.5310537991700235	-7.386572575127735	-1.3786124970626352
-999.0	715.0	311.914875644002	6.794344645959346	-6.9909730950992195	-1.093858458377738
-999.0	690.0	313.3198135650848	6.097758569099272	-6.497121658590177	-0.7940152179864162
-999.0	665.0	314.71754988936306	5.437878498324632	-5.910470316807483	-0.46761264232923594
-999.0	640.0	316.15785516723616	4.825095421738087	-5.4251080447877245	-0.1195731585569898
-999.0	615.0	317.6558500157156	4.266067445278163	-5.1167784762327475	0.24058825150128105
-999.0	590.0	319.358346084732	3.7583361665407766	-5.018242874907127	0.5236794631238045
-999.0	565.0	321.29686155524416	3.294082287285054	-5.169646601986002	0.690302596496471
-999.0	540.0	323.3106271017319	2.8421030408806156	-5.439295850418236	0.7546273188458494
-999.0	515.0	325.33150253791695	2.3866710618690075	-5.775874100901478	0.6929993681670004
-999.0	490.0	327.3380109173772	1.9601526445260629	-5.9807107020859664	0.49298422838802813
-999.0	465.0	329.2917030847654	1.5652186925764349	-5.987595705246523	0.16304056705147557
-999.0	440.0	331.23193658258765	1.2374743681262976	-5.888756659571813	-0.1318027832442037
-999.0	415.0	333.14693770867035	0.9770595638288332	-5.711781938042941	-0.2872723481204277
-999.0	390.0	335.0840063814715	0.7755327938055506	-5.502541848354895	-0.16237289493011392
-999.0	365.0	337.0097362020747	0.626420107428671	-5.239832613203273	0.28061157878896664
-999.0	340.0	338.84548488251227	0.5077117322081753	-4.812250278614185	0.8650477512014707
-999.0	315.0	340.547325543372	0.4147945906001113	-4.223621077283653	1.4820340766950502
-999.0	290.0	342.19796801135317	0.3133267338077236	-3.6686699775357825	2.009869592747178
-999.0	265.0	343.84704031429135	0.21610727168067775	-3.2284030080945136	2.3661148768884046
-999.0	240.0	345.4565940814188	0.13566907391779978	-2.788858582024197	2.4560633677023453
-999.0	215.0	346.9455789320044	0.07751094339484428	-2.0865088201783144	2.163070003191653
-999.0	190.0	348.5298121876213	0.04337144310206726	-0.9460778998003817	1.538663690840798
-999.0	165.0	350.79384917682387	0.022170865985875293	0.43398610226537915	0.7251675876366637
-999.0	140.0	355.3261499448048	0.010180709969804209	1.2378782525106984	0.02210475090478836
-999.0	115.0	367.12743745808666	0.005732759156402338	1.811422133887245	-0.18276933139120333
-999.0	90.0	393.7715673159451	0.004738398006237659	4.019775818895384	-0.16043297925754735
-999.0	65.0	442.17282151718166	0.0033045561997116224	1.7805416556419846	-0.023598501148298895
-999.0	40.0	531.5272071036633	0.013010241479302471	-8.296340919755137	-0.12032921129352078
-999.0	15.0	720.2166620033064	0.0650366547827919	-16.774722131314117	-0.04667205942999837
245.625	40	1005.4275817871094	day	levels	pres0
-999.0	990.0	299.8055029201309	16.880459785461426	-2.172369832793872	-0.656662399570147
-999.0	965.0	300.79489961566975	16.158038775126137	-3.4644348074992495	-0.9506117183094223
-999.0	940.0	301.8871565487417	15.662132024765015	-4.5114007989565525	-1.293203023572763
-999.0	915.0	302.9213375713854	15.072609186172484	-5.29604336619377	-1.6930769843359788
-999.0	890.0	303.85101226246616	14.289123058319092	-5.926745067040125	-2.0442230428258577
-999.0	865.0	304.7727289240716	13.26681598027547	-6.498800873756408	-2.2761953938752413
-999.0	840.0	305.7581796591847	12.05164845784505	-7.010727445284526	-2.339347417155901
-999.0	815.0	306.82770510097333	10.76199221611023	-7.375114977359771	-2.2191281368335085
-999.0	790.0	307.98720606779204	9.538681904474895	-7.541299998760223	-1.9626434259116647
-999.0	765.0	309.2563406153152	8.443078001340231	-7.528778294722239	-1.6486289314925668
-999.0	740.0	310.5983205028019	7.534939090410868	-7.30975580215454	-1.3419487842669087
-999.0	715.0	311.98618053622874	6.7969330946604405	-6.922236700852712	-1.059313322106997
-999.0	690.0	313.38854151201224	6.099768916765848	-6.439157485961914	-0.7596243315686781
-999.0	665.0	314.7806080155484	5.440838694572449	-5.866444100936253	-0.4317212415238223
-999.0	640.0	316.2174325515087	4.828268806139629	-5.39399084697167	-0.08581060171127318
-999.0	615.0	317.71577869400704	4.268463412920633	-5.095914121717214	0.2672649895151456
-999.0	590.0	319.4215088671107	3.76214478413264	-5.002108352879683	0.5433228351175785
-999.0	565.0	321.3656500718908	3.3012960453828177	-5.1508790502945585	0.7038623448461294
-999.0	540.0	323.3815593172453	2.8509001831213636	-5.412349194288254	0.7615176637967428
-999.0	515.0	325.3993271468475	2.395175923903783	-5.736272474129994	0.6926585088173549
-999.0	490.0	327.40166365146763	1.9671619186798732	-5.932724207639694	0.48752657944957417
-999.0	465.0	329.3513838509045	1.5695229669411979	-5.938936283191045	0.15676515797773996
-999.0	440.0	331.28838779851736	1.2405667329827943	-5.8463929767409955	-0.13089691226681077
-999.0	415.0	333.201007859196	0.9803429196278252	-5.681937670956056	-0.271132782412072
-999.0	390.0	335.13614869132465	0.7786832489073277	-5.485570594668389	-0.1323379787305991
-999.0	365.0	337.0602438012169	0.6292378815511861	-5.233674397071202	0.3178815792004267
-999.0	340.0	338.89474585786496	0.5096381337692341	-4.814478099346161	0.8983116149902346
-999.0	315.0	340.59539365890333	0.41551789889732993	-4.229991689324378	1.4993648032347364
-999.0	290.0	342.2435059914944	0.31349497971435386	-3.6708696546653905	2.006054805746923
-999.0	265.0	343.8877175692683	0.21614902839064598	-3.21616093814373	2.338635710378488
-999.0	240.0	345.48915469951464	0.1356442766264081	-2.756138040994604	2.4028874337673187
-999.0	215.0	346.96543174905133	0.07755859848111868	-2.0440711230039597	2.0900950034459433
-999.0	190.0	348.534960855238	0.043473309526840836	-0.9234996164838473	1.4638908207416534
-999.0	165.0	350.7862577019247	0.02221834659576416	0.42026621351639404	0.662693690508604
-999.0	140.0	355.31824142142864	0.010194568157506486	1.2105307976404827	-0.03020700067281734
-999.0	115.0	367.12441438736903	0.005730171067019303	1.8013340433438618	-0.22518369803826005
-999.0	90.0	393.7396399500096	0.0047163872319894535	4.0236649711926775	-0.18189574281374626
-999.0	65.0	442.1068289514002	0.0033198371723604696	1.8000508844852445	-0.028110754365722315
-999.0	40.0	531.4985454952434	0.012991391044730943	-8.282645563284555	-0.12150512263178825
-999.0	15.0	720.2544392336761	0.06512889266014099	-16.754673510789868	-0.05489750454823174
245.63888888888889	40	1005.0144139042603	day	levels	pres0
-999.0	990.0	299.95135604961484	16.827995918415127	-2.1980291646388657	-0.6664474284000707
-999.0	965.0	300.88226644123523	16.150912002280883	-3.4433867247016847	-0.9498109706436395
-999.0	940.0	301.9362095941217	15.685495544362968	-4.4533297905215585	-1.275187631344648
-999.0	915.0	302.968538725505	15.110492909396163	-5.219321239877607	-1.6604193391071431
-999.0	890.0	303.9069552962538	14.325401677025706	-5.846029871039878	-2.0016528943885428
-999.0	865.0	304.8371694536012	13.288886326330674	-6.41920503863576	-2.225118701678189
-999.0	840.0	305.8273468999666	12.059771661405193	-6.928893568339098	-2.2822694308425886
-999.0	815.0	306.8966170176567	10.767637146843791	-7.288452294137651	-2.1628839086602754
-999.0	790.0	308.054664892265	9.54667925834656	-7.45389323764367	-1.9129295845825984
-999.0	765.0	309.3254015943229	8.447933956428818	-7.444825247481913	-1.6067001938267556
-999.0	740.0	310.6694928307499	7.536071715531535	-7.232287376015175	-1.3052219665712375
-999.0	715.0	312.05753580961624	6.796978133696108	-6.852917627051935	-1.0244748924203075
-999.0	690.0	313.45729082273135	6.099754783842311	-6.380682768645036	-0.7248079264191116
-999.0	665.0	314.8436670942446	5.442532735842256	-5.821994129706257	-0.39538825213628137
-999.0	640.0	316.2769457360137	4.830492421432786	-5.362554185092414	-0.051668855396083874
-999.0	615.0	317.7756434114919	4.2698989709218385	-5.07485352566947	0.294160098441124
-999.0	590.0	319.4845964122856	3.7650709847609245	-4.985887158248154	0.5630813258079482
-999.0	565.0	321.4343953458215	3.3079364829593327	-5.132118411638118	0.717487250627207
-999.0	540.0	323.4524352595467	2.8593898514906684	-5.385444752596038	0.7684681841206826
-999.0	515.0	325.4671182828907	2.4035105782526642	-5.696689696223631	0.6924206008789704
-999.0	490.0	327.46532781843837	1.974016146527409	-5.884712815284699	0.48219777395327745
-999.0	465.0	329.4111219398382	1.5736357547618818	-5.890193176490248	0.1506327480353748
-999.0	440.0	331.34486223701964	1.2435129279339827	-5.80393135823581	-0.1298768092636532
-999.0	415.0	333.2551245110536	0.9836405606733492	-5.652028874666567	-0.2549550566408038
-999.0	390.0	335.1882532817439	0.7819864542947924	-5.468566061169988	-0.10229422427985113
-999.0	365.0	337.1106775348726	0.632223921379561	-5.227516916063084	0.3551742221332814
-999.0	340.0	338.94399491116144	0.5117130371983422	-4.81671829123257	0.9316469845535007
-999.0	315.0	340.6434877168309	0.4162779594254158	-4.23636802810211	1.5168306761318173
-999.0	290.0	342.2890176102531	0.31368395423999457	-3.673075556893061	2.002393889344425
-999.0	265.0	343.9285302767519	0.21621352396215515	-3.2039395298947055	2.311324592817725
-999.0	240.0	345.5218538101606	0.1356295342384663	-2.7234421518666	2.3498871545824724
-999.0	215.0	346.98537005166366	0.07760715391486872	-2.0016454392009484	2.01730297397199
-999.0	190.0	348.54009453599474	0.043568491245861415	-0.900938341187131	1.3893141994183398
-999.0	165.0	350.7785726072671	0.022259406728187117	0.40649844016186054	0.6003926457077982
-999.0	140.0	355.3101874533747	0.010206418396491172	1.1831714530233715	-0.08236916639188308
-999.0	115.0	367.121408353204	0.0057267802594988424	1.79125233201518	-0.2675736033254274
-999.0	90.0	393.7077494101518	0.004695011427867439	4.027555058951758	-0.20335688855915263
-999.0	65.0	442.04085705553564	0.0033334824105690393	1.8195602117296334	-0.032622931438902006
-999.0	40.0	531.4698371045122	0.01297355032767408	-8.268948183015524	-0.12268091017314016
-999.0	15.0	720.292187852394	0.06523114639437864	-16.73462501720144	-0.06312300458000364
245.65277777777777	40	1004.6012460214121	day	levels	pres0
-999.0	990.0	300.0972091790984	16.775532051369023	-2.2236884964836814	-0.6762324572299306
-999.0	965.0	300.9696332668005	16.14378522943568	-3.4223386419040214	-0.9490102229777825
-999.0	940.0	301.98526263950146	15.70885906396088	-4.395258782086566	-1.2571722391164997
-999.0	915.0	303.0157398796246	15.148376632619774	-5.142599113561515	-1.6277616938783166
-999.0	890.0	303.9628983300413	14.361680295732274	-5.765314675039745	-1.9590827459512719
-999.0	865.0	304.90160998313064	13.31095667238588	-6.339609203515259	-2.1740420094812163
-999.0	840.0	305.89651414074837	12.067894864965364	-6.8470596913938495	-2.225191444529384
-999.0	815.0	306.96552893433994	10.773282077577376	-7.20178961091575	-2.1066396804871643
-999.0	790.0	308.1221237167379	9.554676612218216	-7.366486476527356	-1.8632157432536522
-999.0	765.0	309.39446257333043	8.45278991151739	-7.360872200241831	-1.5647714561610506
-999.0	740.0	310.74066515869777	7.53720434065218	-7.15481894987604	-1.2684951488756626
-999.0	715.0	312.12889108300357	6.797023172731753	-6.783598553251363	-0.989636462733715
-999.0	690.0	313.5260401334505	6.099740650918749	-6.322208051328325	-0.6899915212696476
-999.0	665.0	314.90672617294064	5.444226777112042	-5.777544158476383	-0.35905526274885513
-999.0	640.0	316.3364589205187	4.832716036725927	-5.331117523213235	-0.01752710908100702
-999.0	615.0	317.8355081289766	4.271334528923035	-5.053792929621764	0.3210552073670109
-999.0	590.0	319.5476839574605	3.7679971853892	-4.96966596361664	0.5828398164982531
-999.0	565.0	321.5031406197521	3.3145769205358264	-5.113357772981685	0.7311121564082492
-999.0	540.0	323.5233112018478	2.867879519859946	-5.35854031090384	0.7754187044446119
-999.0	515.0	325.53490941893364	2.4118452326015154	-5.6571069183173135	0.6921826929405928
-999.0	490.0	327.528991985409	1.980870374374916	-5.836701422929782	0.47686896845699034
-999.0	465.0	329.47086002877177	1.577748542582545	-5.841450069789551	0.14450033809300447
-999.0	440.0	331.4013366755218	1.2464591228851554	-5.761469739730728	-0.12885670626052953
-999.0	415.0	333.3092411629114	0.9869382017188588	-5.622120078377162	-0.238777330869609
-999.0	390.0	335.2403578721632	0.785289659682246	-5.451561527671646	-0.07225046982921288
-999.0	365.0	337.16111126852815	0.6352099612079272	-5.221359435054995	0.39246686506600437
-999.0	340.0	338.9932439644577	0.5137879406274457	-4.818958483118978	0.9649823541166406
-999.0	315.0	340.6915817747583	0.417038019953502	-4.2427443668798155	1.5342965490288059
-999.0	290.0	342.3345292290117	0.3138729287656367	-3.6752814591206873	1.9987329729418717
-999.0	265.0	343.9693429842356	0.21627801953366502	-3.191718121645628	2.2840134752569377
-999.0	240.0	345.55455292080643	0.13561479185052494	-2.6907462627385565	2.296886875397638
-999.0	215.0	347.00530835427605	0.077655709348619	-1.9592197553979132	1.9445109444981012
-999.0	190.0	348.5452282167515	0.043663672964881946	-0.878377065890372	1.3147375780951378
-999.0	165.0	350.77088751260965	0.02230046686061002	0.3927306668074071	0.5380916009071008
-999.0	140.0	355.3021334853208	0.010218268635475796	1.1558121084063209	-0.13453133211088886
-999.0	115.0	367.11840231903903	0.005723389451978385	1.7811706206864788	-0.3099635086125573
-999.0	90.0	393.675858870294	0.004673635623745492	4.031445146710783	-0.22481803430450054
-999.0	65.0	441.9748851596713	0.0033471276487775626	1.8390695389739562	-0.037135108512031056
-999.0	40.0	531.441128713781	0.012955709610617278	-8.255250802746529	-0.12385669771443616
-999.0	15.0	720.3299364711119	0.06533340012861619	-16.714576523613054	-0.07134850461173312
245.66666666666666	40	1004.188078138563	day	levels	pres0
-999.0	990.0	300.2430623085823	16.72306818432273	-2.2493478283286694	-0.6860174860598562
-999.0	965.0	301.057000092366	16.136658456590432	-3.4012905591064437	-0.9482094753120027
-999.0	940.0	302.0343156848814	15.732222583558837	-4.337187773651561	-1.2391568468883882
-999.0	915.0	303.0629410337443	15.186260355843455	-5.065876987245341	-1.5951040486494834
-999.0	890.0	304.018841363829	14.397958914438886	-5.68459947903949	-1.9165125975139563
-999.0	865.0	304.9660505126603	13.333027018441086	-6.260013368394609	-2.1229653172841605
-999.0	840.0	305.96568138153026	12.076018068525508	-6.76522581444842	-2.1681134582160646
-999.0	815.0	307.0344408510234	10.77892700831094	-7.115126927693627	-2.050395452313922
-999.0	790.0	308.1895825412108	9.562673966089884	-7.279079715410801	-1.813501901924577
-999.0	765.0	309.46352355233813	8.457645866605978	-7.276919153001503	-1.5228427184952316
-999.0	740.0	310.81183748664574	7.5383369657728485	-7.077350523736675	-1.2317683311799859
-999.0	715.0	312.20024635639106	6.797068211767419	-6.714279479450588	-0.954798033047022
-999.0	690.0	313.59478944416975	6.09972651799521	-6.263733334011448	-0.6551751161200795
-999.0	665.0	314.9697852516367	5.4459208183818495	-5.7330941872463885	-0.32272227336131465
-999.0	640.0	316.3959721050237	4.8349396520190835	-5.299680861333979	0.01661463723418119
-999.0	615.0	317.8953728464615	4.272770086924238	-5.0327323335740175	0.3479503162929882
-999.0	590.0	319.6107715026355	3.7709233860174853	-4.9534447689851095	0.6025983071886218
-999.0	565.0	321.57188589368286	3.321217358112342	-5.09459713432524	0.7447370621893259
-999.0	540.0	323.59418714414903	2.876369188229252	-5.33163586921162	0.7823692247685499
-999.0	515.0	325.60270055497676	2.4201798869503968	-5.617524140410944	0.6919447850022047
-999.0	490.0	327.5926561523796	1.9877246022224522	-5.788690030574778	0.47154016296068746
-999.0	465.0	329.53059811770555	1.5818613304032285	-5.792706963088746	0.13836792815063123
-999.0	440.0	331.4578111140242	1.2494053178363431	-5.719008121225536	-0.12783660325737967
-999.0	415.0	333.363357814769	0.9902358427643827	-5.592211282087666	-0.22259960509834525
-999.0	390.0	335.2924624625825	0.7885928650697118	-5.434556994173238	-0.04220671537846374
-999.0	365.0	337.2115450021838	0.6381960010363031	-5.215201954046871	0.4297595079988664
-999.0	340.0	339.0424930177541	0.5158628440565554	-4.821198675005385	0.9983177236799177
-999.0	315.0	340.7396758326858	0.41779808048158923	-4.249120705657546	1.5517624219258987
-999.0	290.0	342.3800408477705	0.3140619032912783	-3.677487361348357	1.9950720565393834
-999.0	265.0	344.01015569171915	0.21634251510517466	-3.1794967133966003	2.256702357696181
-999.0	240.0	345.58725203145246	0.13560004946258333	-2.658050373610546	2.243886596212792
-999.0	215.0	347.0252466568885	0.07770426478236911	-1.916794071594894	1.8717189150241427
-999.0	190.0	348.55036189750825	0.04375885468390254	-0.8558157905936514	1.2401609567718148
-999.0	165.0	350.7632024179522	0.022341526993032986	0.37896289345286877	0.4757905561062824
-999.0	140.0	355.29407951726694	0.010230118874460481	1.1284527637891977	-0.1866934978299717
-999.0	115.0	367.1153962848741	0.005719998644457924	1.771088909357786	-0.3523534138997403
-999.0	90.0	393.64396833043617	0.004652259819623475	4.035335234469854	-0.24627918004991187
-999.0	65.0	441.90891326380677	0.0033607728869861353	1.8585788662183402	-0.04164728558520741
-999.0	40.0	531.4124203230497	0.012937868893560411	-8.241553422477502	-0.1250324852557836
-999.0	15.0	720.3676850898297	0.06543565386285388	-16.69452803002462	-0.0795740046435042
245.68055555555554	40	1003.774910255715	day	levels	pres0
-999.0	990.0	300.38891543806574	16.670604317276624	-2.2750071601734856	-0.6958025148897162
-999.0	965.0	301.1443669179313	16.129531683745224	-3.3802424763087804	-0.9474087276461458
-999.0	940.0	302.08336873026127	15.755586103156748	-4.2791167652165685	-1.2211414546602408
-999.0	915.0	303.11014218786374	15.224144079067067	-4.989154860929249	-1.562446403420657
-999.0	890.0	304.0747843976165	14.434237533145462	-5.603884283039357	-1.8739424490766858
-999.0	865.0	305.03049104218974	13.355097364496288	-6.180417533274107	-2.0718886250871873
-999.0	840.0	306.03484862231204	12.084141272085683	-6.683391937503172	-2.11103547190286
-999.0	815.0	307.1033527677066	10.784571939044527	-7.028464244471727	-1.9941512241408126
-999.0	790.0	308.2570413656838	9.570671319961544	-7.19167295429449	-1.7637880605956309
-999.0	765.0	309.5325845313457	8.462501821694548	-7.192966105761421	-1.4809139808295262
-999.0	740.0	310.8830098145935	7.539469590893498	-6.999882097597538	-1.1950415134844115
-999.0	715.0	312.27160162977833	6.797113250803065	-6.644960405650014	-0.9199596033604296
-999.0	690.0	313.66353875488886	6.099712385071648	-6.2052586166947385	-0.6203587109706158
-999.0	665.0	315.03284433033275	5.447614859651635	-5.688644216016515	-0.2863892839738881
-999.0	640.0	316.4554852895286	4.837163267312224	-5.268244199454801	0.0507563835492581
-999.0	615.0	317.95523756394624	4.274205644925434	-5.011671737526312	0.3748454252188752
-999.0	590.0	319.6738590478103	3.7738495866457598	-4.9372235743535935	0.6223567978789268
-999.0	565.0	321.6406311676134	3.3278577956888364	-5.075836495668806	0.7583619679703681
-999.0	540.0	323.6650630864502	2.8848588565985303	-5.304731427519421	0.7893197450924795
-999.0	515.0	325.6704916910197	2.428514541299248	-5.577941362504626	0.691706877063827
-999.0	490.0	327.6563203193503	1.9945788300699596	-5.74067863821986	0.4662113574644005
-999.0	465.0	329.59033620663917	1.5859741182238922	-5.743963856388049	0.13223551820826093
-999.0	440.0	331.5142855525263	1.252351512787515	-5.676546502720453	-0.12681650025425606
-999.0	415.0	333.4174744666267	0.9935334838098924	-5.562302485798262	-0.2064218793271504
-999.0	390.0	335.34456705300175	0.7918960704571651	-5.417552460674895	-0.012162960927825484
-999.0	365.0	337.26197873583936	0.6411820408646693	-5.209044473038782	0.46705215093158947
-999.0	340.0	339.09174207105036	0.5179377474856591	-4.823438866891793	1.0316530932430572
-999.0	315.0	340.7877698906133	0.41855814100967537	-4.255497044435252	1.5692282948228868
-999.0	290.0	342.4255524665291	0.3142508778169203	-3.6796932635759836	1.99141114013683
-999.0	265.0	344.0509683992028	0.21640701067668452	-3.1672753051475233	2.2293912401353935
-999.0	240.0	345.6199511420983	0.135585307074642	-2.6253544844825014	2.190886317027959
-999.0	215.0	347.04518495950083	0.07775282021611939	-1.874368387791859	1.7989268855502556
-999.0	190.0	348.55549557826487	0.043854036402923076	-0.8332545152968927	1.1655843354486128
-999.0	165.0	350.7555173232946	0.02238258712545588	0.3651951200984155	0.4134895113055852
-999.0	140.0	355.28602554921304	0.010241969113445106	1.101093419172147	-0.23885566354897714
-999.0	115.0	367.1123902507091	0.005716607836937466	1.7610071980290847	-0.39474331918687044
-999.0	90.0	393.6120777905783	0.004630884015501527	4.039225322228878	-0.26774032579526
-999.0	65.0	441.8429413679424	0.003374418125194658	1.8780881934626636	-0.04615946265833652
-999.0	40.0	531.3837119323184	0.012920028176503612	-8.227856042208503	-0.12620827279707958
-999.0	15.0	720.4054337085474	0.0655379075970914	-16.674479536436234	-0.08779950467523367
