z[m]	p[mb]	tp[K]	q[g/kg]	u[m/s]	v[m/s]
244.0	40	1003.8799048529731	day	levels	pres0
-999.0	990.0	300.2933392243592	16.21922053231133	-2.3479661914623446	-0.27239013934094053
-999.0	965.0	301.48884692768195	15.571825292375355	-3.8434746613105135	-0.7015312628613578
-999.0	940.0	302.3646881784791	15.17163321706984	-4.6729338831371745	-1.0152077137803037
-999.0	915.0	303.3009930301373	14.57239280806647	-5.371778875589369	-1.2993750626014333
-999.0	890.0	304.2534161345612	13.781025701098976	-6.016603396998511	-1.537335399745239
-999.0	865.0	305.2646437666399	12.777440124087866	-6.598206394248539	-1.661527717382544
-999.0	840.0	306.29963241739716	11.647821452882555	-7.100580241945055	-1.64033257485183
-999.0	815.0	307.372436681475	10.476526565021935	-7.496401366260316	-1.4765122268452415
-999.0	790.0	308.55320895141534	9.299160785145231	-7.775265090995363	-1.2300851741391752
-999.0	765.0	309.8605841442924	8.167618638939327	-7.9055215608742495	-0.9886479472948444
-999.0	740.0	311.20423749032295	7.2175509267383156	-7.808801990002395	-0.8162441644817593
-999.0	715.0	312.533720192494	6.478373249371846	-7.511460997992089	-0.7156989284687572
-999.0	690.0	313.83747897855443	5.828361905283396	-7.130476098921564	-0.6503627845086157
-999.0	665.0	315.08882911062136	5.285602251688638	-6.676499712798329	-0.6202174706591503
-999.0	640.0	316.3989631721932	4.767870075172848	-6.293408599164752	-0.5835682606945437
-999.0	615.0	317.80179461514575	4.282606666286787	-6.034719008538458	-0.5279363464150163
-999.0	590.0	319.43966436000903	3.8265049060185747	-5.918063554912805	-0.4417914503978358
-999.0	565.0	321.353223113248	3.3882664259937068	-5.972389814133444	-0.32470581804712606
-999.0	540.0	323.3794748496361	2.9557087512479887	-6.122365793420208	-0.23131161883551002
-999.0	515.0	325.45409323096015	2.5092844424976235	-6.354442146503264	-0.192241455324822
-999.0	490.0	327.52897189125576	2.0895893664823637	-6.595046896487474	-0.2518630461353395
-999.0	465.0	329.5572511072162	1.6952904206183221	-6.811368321999905	-0.4098780521502097
-999.0	440.0	331.5640490248055	1.3660755687289772	-6.956993382838037	-0.5271363955818944
-999.0	415.0	333.52363918764524	1.1044088034994073	-6.978008516443272	-0.5414510067138405
-999.0	390.0	335.4521221694977	0.8905306495726109	-6.784155319962237	-0.43206475550929707
-999.0	365.0	337.30890612007516	0.7203583468993504	-6.321138607958953	-0.19414581813746007
-999.0	340.0	339.0588629625691	0.5786644576324358	-5.620875685993168	0.1092603479822477
-999.0	315.0	340.6740622064256	0.462478091629843	-4.725549485120508	0.4597864597453736
-999.0	290.0	342.2300538384097	0.347534004288415	-3.774859096803185	0.8686504811048508
-999.0	265.0	343.78513087889513	0.24344334834151793	-2.8479852705366087	1.334613292167584
-999.0	240.0	345.3486238449923	0.15486642469962442	-1.9971736437744563	1.8229096300072134
-999.0	215.0	346.92087206918745	0.0865047395022379	-1.260801836434338	2.257471902916829
-999.0	190.0	348.7995252565291	0.04506496935048036	-0.46123255623711484	2.4521060656342244
-999.0	165.0	351.5061056977291	0.022283214558329847	0.7670466767417057	2.100758052534527
-999.0	140.0	356.2043644828955	0.010181193446947465	1.9506517491406865	1.2972875273683007
-999.0	115.0	367.4124220253473	0.005728203512262554	2.71752250701603	0.6151168329848183
-999.0	90.0	392.89700391480795	0.004857263631290861	4.234719309541915	0.34204441640112143
-999.0	65.0	440.999332031533	0.00354419649940812	1.2664922562220857	0.36801828656138647
-999.0	40.0	531.7775445685452	0.01321919032165574	-9.280696966167952	0.2719504386186598
-999.0	15.0	722.4051466162551	0.070465673175123	-17.652991233600506	0.24867930025276208
244.01388888888889	40	1004.0340470679013	day	levels	pres0
-999.0	990.0	300.2416851629212	16.21482340494791	-2.362913764875226	-0.2901123675667403
-999.0	965.0	301.48216180714604	15.565922466325159	-3.8819465012645975	-0.730797590799997
-999.0	940.0	302.37591868005046	15.161921003718426	-4.722739994709887	-1.057243351008269
-999.0	915.0	303.311306665101	14.560782226515398	-5.422313683746799	-1.3535396820969494
-999.0	890.0	304.25492862429246	13.769528318334517	-6.06492872554582	-1.6016469668643536
-999.0	865.0	305.2560030994621	12.769559704227229	-6.646326271104257	-1.7345133732867062
-999.0	840.0	306.2816405711901	11.645309577753535	-7.1501576525194075	-1.7196492417076765
-999.0	815.0	307.34628861894464	10.478127470722928	-7.546223495477556	-1.5594221279485923
-999.0	790.0	308.52062690501924	9.303380433424033	-7.820583010897265	-1.3113689827676211
-999.0	765.0	309.82317305082233	8.174062861336607	-7.941392780454103	-1.0613830882573907
-999.0	740.0	311.1648517651742	7.225302424695759	-7.831922298780215	-0.8754762367254166
-999.0	715.0	312.4953221804486	6.4860698345266785	-7.520717331840673	-0.7594393924638123
-999.0	690.0	313.80139584818863	5.835806852873469	-7.126236329659997	-0.6790622422173145
-999.0	665.0	315.0564032056051	5.292407514136526	-6.659862948075657	-0.6347977495350148
-999.0	640.0	316.36983038768176	4.774060633079514	-6.26814483069341	-0.5846793657789776
-999.0	615.0	317.77488865233033	4.287942186733831	-6.005939160232171	-0.5166349180939577
-999.0	590.0	319.4124156789646	3.830609538856853	-5.888740301500118	-0.42062029454074085
-999.0	565.0	321.3223806342033	3.390952861051505	-5.945582604150703	-0.2971090669973468
-999.0	540.0	323.3445458084746	2.956887878293611	-6.099923383490534	-0.19999437184892363
-999.0	515.0	325.41559542555075	2.5090435531772237	-6.337597398432315	-0.16033173777895626
-999.0	490.0	327.4890563572317	2.0885586205088065	-6.581717890583808	-0.2223645949758895
-999.0	465.0	329.518570529345	1.6939747393315219	-6.7982634151883365	-0.386377535219976
-999.0	440.0	331.52731686939177	1.364692454996667	-6.94190641106279	-0.513252607288025
-999.0	415.0	333.4890372315494	1.1032235092127018	-6.959554315211228	-0.5403819622279257
-999.0	390.0	335.4204631146589	0.8895359900722526	-6.763825321455056	-0.44322029727706813
-999.0	365.0	337.2812604542981	0.7195588118730143	-6.30004992418818	-0.21433032698999288
-999.0	340.0	339.0362593206166	0.5781570473616883	-5.594662659399102	0.08653779994740976
-999.0	315.0	340.6574941213294	0.46230201198960963	-4.689598822563768	0.44149264328634363
-999.0	290.0	342.2203385622083	0.34761964850541666	-3.7319783769766057	0.8572646253857102
-999.0	265.0	343.78270409031154	0.24371134170135644	-2.8046339765926556	1.3316503257755012
-999.0	240.0	345.3513708971176	0.15510753643940475	-1.9580983111036532	1.8329486956152985
-999.0	215.0	346.92070438596284	0.08666224041838723	-1.2229396559205519	2.2837266239947143
-999.0	190.0	348.78493645665395	0.045098588083307335	-0.41203043803013617	2.487853330778514
-999.0	165.0	351.47252583498084	0.022221234269198663	0.8310730875827013	2.1324470665472925
-999.0	140.0	356.16167989757156	0.010146522844198747	2.005103873387961	1.3225414850921957
-999.0	115.0	367.39033251873127	0.00572652539905207	2.742016073086396	0.6399843378199913
-999.0	90.0	392.93347550627345	0.004873806505067362	4.244964666308159	0.35508148381230575
-999.0	65.0	441.0887441272505	0.003537622714461172	1.271439739721414	0.3603673195178932
-999.0	40.0	531.8344883288585	0.013256996088189895	-9.243269379009213	0.2589133833247485
-999.0	15.0	722.415474797186	0.07048242833511338	-17.607605914872675	0.23998057635967318
244.02777777777777	40	1004.1881892828294	day	levels	pres0
-999.0	990.0	300.19003110148344	16.2104262775845	-2.377861338288139	-0.3078345957924926
-999.0	965.0	301.47547668661	15.560019640274996	-3.9204183412186757	-0.7600639187385784
-999.0	940.0	302.3871491816215	15.152208790367037	-4.772546106282556	-1.0992789882361527
-999.0	915.0	303.32162030006447	14.549171644964337	-5.472848491904157	-1.407704301592354
-999.0	890.0	304.25644111402386	13.75803093557005	-6.113254054093048	-1.66595853398333
-999.0	865.0	305.2473624322844	12.761679284366567	-6.694446147959891	-1.8074990291906978
-999.0	840.0	306.263648724983	11.642797702624476	-7.199735063093661	-1.798965908563322
-999.0	815.0	307.32014055641434	10.479728376423868	-7.596045624694684	-1.642332029051722
-999.0	790.0	308.4880448586231	9.307600081702807	-7.8659009307990635	-1.392652791395841
-999.0	765.0	309.78576195735235	8.180507083733872	-7.977264000033873	-1.1341182292197272
-999.0	740.0	311.1254660400256	7.233053922653196	-7.855042607557984	-0.9347083089688972
-999.0	715.0	312.4569241684034	6.493766419681499	-7.5299736656892415	-0.8031798564587286
-999.0	690.0	313.765312717823	5.843251800463521	-7.121996560398443	-0.7077616999259111
-999.0	665.0	315.0239773005888	5.299212776584387	-6.643226183353018	-0.6493780284108138
-999.0	640.0	316.3406976031706	4.780251190986161	-6.242881062222122	-0.5857904708633813
-999.0	615.0	317.74798268951463	4.293277707180857	-5.977159311925932	-0.5053334897729026
-999.0	590.0	319.38516699792	3.834714171695119	-5.859417048087467	-0.39944913868367804
-999.0	565.0	321.29153815515855	3.393639296109293	-5.918775394167988	-0.26951231594761993
-999.0	540.0	323.3096167673131	2.9580670053392284	-6.077480973560874	-0.16867712486240588
-999.0	515.0	325.3770976201414	2.5088026638568186	-6.320752650361374	-0.12842202023317006
-999.0	490.0	327.4491408232076	2.0875278745352492	-6.568388884680141	-0.19286614381652106
-999.0	465.0	329.479889951474	1.6926590580447225	-6.785158508376762	-0.3628770182898134
-999.0	440.0	331.4905847139782	1.36330934126436	-6.926819439287545	-0.49936881899420565
-999.0	415.0	333.45443527545365	1.102038214925999	-6.941100113979192	-0.5393129177420299
-999.0	390.0	335.3888040598201	0.8885413305718962	-6.7434953229478936	-0.4543758390448316
-999.0	365.0	337.25361478852125	0.7187592768466768	-6.278961240417436	-0.2345148358424989
-999.0	340.0	339.0136556786642	0.5776496370909393	-5.5684496328050805	0.06381525191260747
-999.0	315.0	340.6409260362333	0.4621259323493753	-4.653648160007095	0.42319882682735
-999.0	290.0	342.2106232860072	0.3477052927224172	-3.68909765715011	0.8458787696666026
-999.0	265.0	343.78027730172806	0.24397933506119385	-2.7612826826487957	1.3286873593834443
-999.0	240.0	345.35411794924306	0.1553486481791843	-1.919022978432951	1.8429877612233851
-999.0	215.0	346.9205367027379	0.08681974133453609	-1.1850774754068882	2.3099813450725626
-999.0	190.0	348.7703476567787	0.0451322068161342	-0.36282831982332014	2.523600595922736
-999.0	165.0	351.4389459722325	0.02215925398006761	0.8950994984235047	2.164136080559974
-999.0	140.0	356.1189953122477	0.01011185224145008	2.059555997635091	1.3477954428159953
-999.0	115.0	367.36824301211504	0.005724847285841579	2.766509639156719	0.6648518426550626
-999.0	90.0	392.9699470977387	0.004890349378843818	4.255210023074419	0.368118551223427
-999.0	65.0	441.17815622296774	0.0035310489295142513	1.2763872232207611	0.3527163524744062
-999.0	40.0	531.8914320891713	0.013294801854723934	-9.205841791850563	0.24587632803085846
-999.0	15.0	722.4258029781165	0.07049918349510356	-17.562220596144986	0.23128185246659633
244.04166666666666	40	1004.3423314977578	day	levels	pres0
-999.0	990.0	300.13837704004555	16.206029150221074	-2.392808911701034	-0.32555682401829533
-999.0	965.0	301.4687915660741	15.554116814224798	-3.9588901811727797	-0.7893302466772223
-999.0	940.0	302.3983796831929	15.142496577015626	-4.8223522178552924	-1.1413146254641244
-999.0	915.0	303.33193393502796	14.537561063413264	-5.523383300061604	-1.4618689210878768
-999.0	890.0	304.2579536037552	13.746533552805584	-6.1615793826403715	-1.730270101102453
-999.0	865.0	305.2387217651065	12.753798864505924	-6.7425660248156225	-1.8804846850948695
-999.0	840.0	306.24565687877606	11.640285827495449	-7.2493124736680254	-1.8782825754191772
-999.0	815.0	307.2939924938838	10.481329282124854	-7.645867753911934	-1.7252419301550834
-999.0	790.0	308.4554628122268	9.311819729981611	-7.911218850700973	-1.4739366000242973
-999.0	765.0	309.7483508638822	8.186951306131157	-8.013135219613734	-1.2068533701822828
-999.0	740.0	311.0860803148767	7.240805420610643	-7.878162916335808	-0.9939403812125613
-999.0	715.0	312.41852615635804	6.501463004836333	-7.539229999537826	-0.8469203204537866
-999.0	690.0	313.72922958745716	5.8506967480535925	-7.117756791136878	-0.7364611576346093
-999.0	665.0	314.9915513955724	5.3060180390322715	-6.626589418630345	-0.6639583072866737
-999.0	640.0	316.31156481865924	4.786441748892825	-6.2176172937507825	-0.5869015759478078
-999.0	615.0	317.7210767266991	4.298613227627902	-5.9483794636196405	-0.4940320614518345
-999.0	590.0	319.3579183168755	3.8388188045333975	-5.830093794674772	-0.37827798282657255
-999.0	565.0	321.2606956761138	3.3963257311670896	-5.891968184185238	-0.24191556489782984
-999.0	540.0	323.27468772615157	2.959246132384851	-6.055038563631189	-0.13735987787580897
-999.0	515.0	325.33859981473194	2.5085617745364175	-6.303907902290416	-0.09651230268729494
-999.0	490.0	327.4092252891835	2.086497128561691	-6.555059878776463	-0.1633676926570632
-999.0	465.0	329.4412093736027	1.691343376757922	-6.772053601565181	-0.3393765013595732
-999.0	440.0	331.4538525585645	1.3619262275320507	-6.911732467512287	-0.48548503070033194
-999.0	415.0	333.4198333193577	1.1008529206392936	-6.9226459127471385	-0.5382438732561133
-999.0	390.0	335.3571450049814	0.8875466710715378	-6.723165324440706	-0.46553138081260553
-999.0	365.0	337.22596912274423	0.7179597418203402	-6.257872556646661	-0.25469934469503897
-999.0	340.0	338.9910520367116	0.5771422268201912	-5.542236606211015	0.041092703877759526
-999.0	315.0	340.6243579511371	0.46194985270914146	-4.617697497450357	0.4049050103683111
-999.0	290.0	342.20090800980586	0.3477909369394188	-3.646216937323535	0.8344929139474554
-999.0	265.0	343.7778505131445	0.24424732842103225	-2.7179313887048484	1.3257243929913576
-999.0	240.0	345.35686500136836	0.1555897599189648	-1.8799476457621551	1.8530268268314676
-999.0	215.0	346.920369019513	0.08697724225068547	-1.147215294893111	2.3362360661504478
-999.0	190.0	348.7557588569035	0.045165825548961244	-0.31362620161634724	2.5593478610670255
-999.0	165.0	351.40536610948413	0.022097273690936427	0.9591259092644981	2.195825094572734
-999.0	140.0	356.07631072692374	0.010077181638701352	2.11400812188237	1.3730494005398848
-999.0	115.0	367.346153505499	0.005723169172631093	2.791003205227095	0.6897193474902341
-999.0	90.0	393.0064186892043	0.004906892252620319	4.265455379840673	0.3811556186346122
-999.0	65.0	441.2675683186855	0.0035244751445673056	1.2813347067200977	0.3450653854309134
-999.0	40.0	531.9483758494844	0.013332607621258092	-9.168414204691816	0.23283927273694463
-999.0	15.0	722.4361311590471	0.07051593865509395	-17.516835277417144	0.22258312857350587
244.05555555555554	40	1004.4964737126858	day	levels	pres0
-999.0	990.0	300.08672297860784	16.201632022857662	-2.407756485113947	-0.3432790522440474
-999.0	965.0	301.4621064455381	15.548213988174627	-3.997362021126859	-0.8185965746158038
-999.0	940.0	302.40961018476395	15.13278436366423	-4.872158329427964	-1.1833502626920085
-999.0	915.0	303.3422475699916	14.525950481862198	-5.573918108218965	-1.516033540583283
-999.0	890.0	304.2594660934866	13.735036170041116	-6.209904711187605	-1.7945816682214297
-999.0	865.0	305.2300810979287	12.745918444645252	-6.790685901671258	-1.953470340998863
-999.0	840.0	306.2276650325689	11.637773952366386	-7.298889884242277	-1.9575992422748232
-999.0	815.0	307.26784443135335	10.482930187825797	-7.695689883129069	-1.8081518312582128
-999.0	790.0	308.42288076583077	9.316039378260383	-7.956536770602775	-1.5552204086525163
-999.0	765.0	309.7109397704123	8.193395528528422	-8.04900643919351	-1.27958851114462
-999.0	740.0	311.046694589728	7.2485569185680765	-7.90128322511358	-1.0531724534560423
-999.0	715.0	312.380128144313	6.509159589991152	-7.548486333386391	-0.8906607844487032
-999.0	690.0	313.69314645709164	5.858141695643644	-7.113517021875326	-0.7651606153432062
-999.0	665.0	314.9591254905561	5.312823301480137	-6.609952653907708	-0.678538586162473
-999.0	640.0	316.28243203414803	4.792632306799474	-6.192353525279493	-0.5880126810322113
-999.0	615.0	317.6941707638837	4.303948748074929	-5.919599615313402	-0.4827306331307795
-999.0	590.0	319.33066963583093	3.8429234373716654	-5.800770541262122	-0.3571068269695099
-999.0	565.0	321.22985319706913	3.3990121662248782	-5.865160974202523	-0.214318813848103
-999.0	540.0	323.2397586849902	2.9604252594304663	-6.0325961537015305	-0.10604263088929121
-999.0	515.0	325.3001020093225	2.5083208852160124	-6.287063154219475	-0.06460258514150874
-999.0	490.0	327.36930975515935	2.085466382588134	-6.541730872872797	-0.13386924149769475
-999.0	465.0	329.4025287957316	1.690027695471123	-6.758948694753607	-0.3158759844294108
-999.0	440.0	331.41712040315093	1.360543113799744	-6.896645495737042	-0.4716012424065126
-999.0	415.0	333.3852313632619	1.099667626352591	-6.904191711515103	-0.5371748287702177
-999.0	390.0	335.3254859501427	0.8865520115711814	-6.702835325933544	-0.4766869225803687
-999.0	365.0	337.1983234569672	0.7171602067940034	-6.236783872875919	-0.27488385354754524
-999.0	340.0	338.96844839475926	0.5766348165494424	-5.516023579616997	0.018370155842957106
-999.0	315.0	340.607789866041	0.4617737730689069	-4.581746834893684	0.3866111939093175
-999.0	290.0	342.19119273360474	0.3478765811564192	-3.603336217497039	0.8231070582283487
-999.0	265.0	343.77542372456105	0.24451532178086957	-2.6745800947609872	1.3227614265993004
-999.0	240.0	345.35961205349366	0.15583087165874432	-1.8408723130914526	1.8630658924395544
-999.0	215.0	346.9202013362881	0.08713474316683431	-1.1093531143794473	2.3624907872282948
-999.0	190.0	348.7411700570284	0.045199444281788126	-0.2644240834095312	2.5950951262112465
-999.0	165.0	351.37178624673584	0.022035293401805364	1.0231523201053023	2.227514108585415
-999.0	140.0	356.0336261415998	0.010042511035952686	2.1684602461295	1.3983033582636846
-999.0	115.0	367.32406399888265	0.005721491059420605	2.815496771297418	0.7145868523253054
-999.0	90.0	393.0428902806695	0.004923435126396776	4.275700736606932	0.3941926860457333
-999.0	65.0	441.35698041440276	0.003517901359620385	1.286282190219445	0.33741441838742625
-999.0	40.0	532.0053196097973	0.013370413387792133	-9.130986617533168	0.21980221744305467
-999.0	15.0	722.4464593399777	0.07053269381508415	-17.47144995868945	0.21388440468042894
244.06944444444446	40	1004.6506159276139	day	levels	pres0
-999.0	990.0	300.03506891717	16.197234895494248	-2.422704058526839	-0.3610012804698577
-999.0	965.0	301.4554213250021	15.542311162124443	-4.035833861080959	-0.8478629025544632
-999.0	940.0	302.4208406863353	15.123072150312817	-4.921964441000694	-1.2253858999199994
-999.0	915.0	303.3525612049551	14.514339900311125	-5.624452916376403	-1.5701981600788266
-999.0	890.0	304.2609785832179	13.723538787276658	-6.258230039734919	-1.8588932353405734
-999.0	865.0	305.2214404307509	12.73803802478461	-6.838805778526987	-2.0264559969030547
-999.0	840.0	306.2096731863619	11.635262077237359	-7.3484672948166425	-2.036915909130697
-999.0	815.0	307.241696368823	10.484531093526774	-7.7455120123463175	-1.8910617323615897
-999.0	790.0	308.39029871943444	9.320259026539187	-8.001854690504691	-1.6365042172809847
-999.0	765.0	309.67352867694217	8.199839750925703	-8.084877658773372	-1.3523236521071842
-999.0	740.0	311.0073088645794	7.256308416525526	-7.92440353389141	-1.1124045256997133
-999.0	715.0	312.3417301322676	6.516856175145989	-7.5577426672349795	-0.9344012484437692
-999.0	690.0	313.6570633267257	5.865586643233717	-7.109277252613761	-0.793860073051913
-999.0	665.0	314.9266995855398	5.31962856392802	-6.593315889185033	-0.6931188650383434
-999.0	640.0	316.2532992496367	4.798822864706136	-6.167089756808151	-0.589123786116649
-999.0	615.0	317.6672648010681	4.30928426852197	-5.890819767007108	-0.4714292048097212
-999.0	590.0	319.30342095478636	3.8470280702099413	-5.771447287849426	-0.33593567111241274
-999.0	565.0	321.19901071802457	3.4016986012826735	-5.83835376421978	-0.18672206279831965
-999.0	540.0	323.20482964382853	2.9616043864760875	-6.0101537437718555	-0.07472538390269949
-999.0	515.0	325.26160420391295	2.508079995895609	-6.270218406148534	-0.03269286759563716
-999.0	490.0	327.32939422113526	2.084435636614575	-6.52840186696914	-0.10437079033823883
-999.0	465.0	329.3638482178603	1.6887120141843208	-6.745843787942038	-0.2923754674991717
-999.0	440.0	331.38038824773724	1.3591600000674324	-6.881558523961788	-0.4577174541126405
-999.0	415.0	333.350629407166	1.0984823320658845	-6.885737510283047	-0.5361057842843037
-999.0	390.0	335.2938268953038	0.8855573520708224	-6.682505327426345	-0.48784246434814305
-999.0	365.0	337.1706777911901	0.7163606717676657	-6.215695189105123	-0.29506836240007955
-999.0	340.0	338.94584475280686	0.576127406278694	-5.489810553022902	-0.004352392191877524
-999.0	315.0	340.5912217809448	0.4615976934286732	-4.545796172336909	0.3683173774502991
-999.0	290.0	342.1814774574035	0.3479622253734206	-3.560455497670423	0.8117212025092262
-999.0	265.0	343.7729969359774	0.24478331514070834	-2.631228800816999	1.3197984602072406
-999.0	240.0	345.362359105619	0.15607198339852496	-1.8017969804206195	1.8731049580476649
-999.0	215.0	346.92003365306323	0.08729224408298378	-1.0714909338656387	2.3887455083062097
-999.0	190.0	348.7265812571533	0.045233063014615126	-0.21522196520253364	2.6308423913555656
-999.0	165.0	351.33820638398754	0.021973313112674184	1.0871787309463148	2.2592031225982074
-999.0	140.0	355.99094155627586	0.010007840433203958	2.2229123703767852	1.4235573159875996
-999.0	115.0	367.30197449226654	0.005719812946210124	2.839990337367788	0.7394543571604902
-999.0	90.0	393.07936187213505	0.004939978000173292	4.285946093373182	0.40722975345692203
-999.0	65.0	441.44639251012023	0.0035113275746734354	1.2912296737187763	0.3297634513439271
-999.0	40.0	532.0622633701105	0.013408219154326299	-9.09355903037442	0.20676516214913881
-999.0	15.0	722.4567875209082	0.07054944897507445	-17.42606463996161	0.20518568078733523
244.08333333333334	40	1004.804758142542	day	levels	pres0
-999.0	990.0	299.9834148557322	16.19283776813084	-2.437651631939756	-0.378723508695614
-999.0	965.0	301.448736204466	15.536408336074276	-4.074305701035044	-0.8771292304930491
-999.0	940.0	302.4320711879065	15.113359936961432	-4.97177055257337	-1.267421537147887
-999.0	915.0	303.36287483991873	14.502729318760062	-5.674987724533768	-1.6243627795742361
-999.0	890.0	304.2624910729493	13.712041404512187	-6.306555368282153	-1.9232048024595538
-999.0	865.0	305.2127997635731	12.73015760492394	-6.8869256553826235	-2.09944165280705
-999.0	840.0	306.1916813401549	11.632750202108292	-7.3980447053909	-2.116232575986345
-999.0	815.0	307.2155483062926	10.486131999227716	-7.7953341415634565	-1.97397163346472
-999.0	790.0	308.35771667303834	9.324478674817952	-8.047172610406497	-1.7177880259092047
-999.0	765.0	309.63611758347224	8.206283973322968	-8.120748878353151	-1.4250587930695204
-999.0	740.0	310.9679231394307	7.26405991448296	-7.947523842669184	-1.1716365979431917
-999.0	715.0	312.3033321202223	6.524552760300809	-7.566999001083547	-0.9781417124386816
-999.0	690.0	313.62098019636005	5.873031590823769	-7.105037483352208	-0.8225595307605048
-999.0	665.0	314.89427368052355	5.326433826375882	-6.576679124462395	-0.7076991439141359
-999.0	640.0	316.2241664651255	4.805013422612781	-6.141825988336862	-0.5902348912010451
-999.0	615.0	317.64035883825267	4.314619788968998	-5.862039918700868	-0.4601277764886589
-999.0	590.0	319.27617227374196	3.851132703048206	-5.7421240344367765	-0.31476451525534266
-999.0	565.0	321.16816823897966	3.404385036340461	-5.811546554237061	-0.1591253117485864
-999.0	540.0	323.1699006026671	2.962783513521703	-5.987711333842195	-0.04340813691617625
-999.0	515.0	325.22310639850355	2.5078391065752044	-6.253373658077589	-0.0007831500498468036
-999.0	490.0	327.28947868711134	2.0834048906410176	-6.515072861065472	-0.074872339178867
-999.0	465.0	329.3251676399893	1.6873963328975214	-6.732738881130464	-0.2688749505690064
-999.0	440.0	331.34365609232367	1.3577768863351263	-6.8664715521865425	-0.4438336658188183
-999.0	415.0	333.3160274510701	1.0972970377791815	-6.867283309051009	-0.5350367397984052
-999.0	390.0	335.2621678404653	0.8845626925704653	-6.662175328919181	-0.49899800611590456
-999.0	365.0	337.14303212541313	0.7155611367413282	-6.194606505334383	-0.31525287125258555
-999.0	340.0	338.92324111085435	0.5756199960079448	-5.463597526428885	-0.02707494022668066
-999.0	315.0	340.57465369584867	0.4614216137884384	-4.509845509780241	0.35002356099130527
-999.0	290.0	342.1717621812022	0.34804786959042094	-3.5175747778439335	0.8003353467901195
-999.0	265.0	343.7705701473939	0.24505130850054557	-2.587877506873146	1.3168354938151845
-999.0	240.0	345.3651061577444	0.15631309513830458	-1.7627216477499268	1.8831440236557497
-999.0	215.0	346.91986596983844	0.08744974499913274	-1.0336287533519848	2.4150002293840553
-999.0	190.0	348.71199245727826	0.045266681747442084	-0.16601984699572672	2.666589656499785
-999.0	165.0	351.30462652123936	0.021911332823543152	1.1512051417871103	2.290892136610886
-999.0	140.0	355.948256970952	0.009973169830455295	2.2773644946239116	1.4488112737113998
-999.0	115.0	367.27988498565037	0.005718134832999636	2.8644839034381127	0.7643218619955665
-999.0	90.0	393.1158334636005	0.004956520873949749	4.2961914501394425	0.42026682086805184
-999.0	65.0	441.53580460583754	0.0035047537897265127	1.2961771572181255	0.3221124843004465
-999.0	40.0	532.1192071304235	0.013446024920860335	-9.056131443215769	0.19372810685525083
-999.0	15.0	722.4671157018389	0.07056620413506463	-17.380679321233917	0.19648695689425819
244.09722222222223	40	1004.9589003574704	day	levels	pres0
-999.0	990.0	299.93176079429423	16.188440640767414	-2.452599205352646	-0.39644573692141266
-999.0	965.0	301.4420510839301	15.530505510024085	-4.112777540989143	-0.9063955584316885
-999.0	940.0	302.4433016894778	15.103647723610015	-5.021576664146101	-1.3094571743758543
-999.0	915.0	303.37318847488234	14.491118737208987	-5.725522532691208	-1.678527399069755
-999.0	890.0	304.2640035626806	13.700544021747728	-6.354880696829472	-1.9875163695786733
-999.0	865.0	305.20415909639536	12.722277185063302	-6.9350455322383535	-2.1724273087112183
-999.0	840.0	306.1736894939478	11.630238326979274	-7.4476221159652605	-2.195549242842198
-999.0	815.0	307.1894002437621	10.487732904928704	-7.8451562707807	-2.0568815345680806
-999.0	790.0	308.32513462664224	9.328698323096763	-8.0924905303084	-1.7990718345376604
-999.0	765.0	309.59870649000214	8.21272819572025	-8.156620097933008	-1.4977939340320763
-999.0	740.0	310.9285374142819	7.2718114124404085	-7.970644151447006	-1.2308686701868583
-999.0	715.0	312.26493410817704	6.532249345455645	-7.5762553349321315	-1.0218821764337433
-999.0	690.0	313.5848970659943	5.880476538413838	-7.100797714090642	-0.8512589884692079
-999.0	665.0	314.86184777550716	5.3332390888237695	-6.56004235973972	-0.7222794227900023
-999.0	640.0	316.19503368061413	4.81120398051945	-6.116562219865519	-0.5913459962854789
-999.0	615.0	317.613452875437	4.3199553094160414	-5.833260070394577	-0.44882634816759814
-999.0	590.0	319.2489235926974	3.855237335886485	-5.712800781024082	-0.2935933593982445
-999.0	565.0	321.1373257599349	3.40707147139826	-5.784739344254312	-0.1315285606988027
-999.0	540.0	323.1349715615056	2.963962640567326	-5.965268923912511	-0.012090889929584861
-999.0	515.0	325.1846085930941	2.507598217254803	-6.236528910006631	0.03112656749602412
-999.0	490.0	327.2495631530871	2.08237414466746	-6.501743855161797	-0.045373888019412445
-999.0	465.0	329.28648706211806	1.686080651610721	-6.719633974318881	-0.24537443363876907
-999.0	440.0	331.3069239369099	1.3563937726028161	-6.851384580411288	-0.4299498775249471
-999.0	415.0	333.2814254949742	1.0961117434924763	-6.848829107818956	-0.5339676953124913
-999.0	390.0	335.2305087856265	0.8835680330701075	-6.641845330411996	-0.5101535478836803
-999.0	365.0	337.1153864596361	0.7147616017149919	-6.173517821563606	-0.3354373801051257
-999.0	340.0	338.900637468902	0.5751125857371971	-5.437384499834816	-0.049797488261527856
-999.0	315.0	340.5580856107526	0.4612455341482051	-4.473894847223498	0.33172974453226656
-999.0	290.0	342.16204690500103	0.3481335138074227	-3.474694058017352	0.7889494910709718
-999.0	265.0	343.76814335881045	0.2453193018603842	-2.544526212929192	1.3138725274230965
-999.0	240.0	345.3678532098697	0.156554206878085	-1.7236463150791215	1.8931830892638333
-999.0	215.0	346.9196982866137	0.08760724591528206	-0.9957665728381971	2.441254950461942
-999.0	190.0	348.69740365740296	0.045300300480269014	-0.11681772878874461	2.702336921644077
-999.0	165.0	351.2710466584909	0.021849352534411944	1.2152315526281114	2.3225811506236487
-999.0	140.0	355.9055723856281	0.009938499227706562	2.3318166188711937	1.4740652314352893
-999.0	115.0	367.2577954790343	0.005716456719789151	2.888977469508487	0.7891893668307329
-999.0	90.0	393.1523050550659	0.0049730637477262505	4.306436806905697	0.4333038882792287
-999.0	65.0	441.6252167015552	0.0034981800047795683	1.3011246407174604	0.3144615172569471
-999.0	40.0	532.1761508907366	0.013483830687394496	-9.018703856057023	0.18069105156133505
-999.0	15.0	722.4774438827694	0.07058295929505501	-17.335294002506078	0.18778823300116793
244.11111111111111	40	1005.1130425723982	day	levels	pres0
-999.0	990.0	299.88010673285646	16.184043513404003	-2.4675467787655596	-0.414167965147165
-999.0	965.0	301.43536596339413	15.52460268397391	-4.151249380943219	-0.9356618863702701
-999.0	940.0	302.45453219104894	15.093935510258628	-5.07138277571877	-1.3514928116037386
-999.0	915.0	303.38350210984595	14.479508155657925	-5.776057340848569	-1.7326920185651606
-999.0	890.0	304.265516052412	13.689046638983262	-6.403206025376702	-2.051827936697649
-999.0	865.0	305.1955184292176	12.714396765202634	-6.983165409093988	-2.2454129646152117
-999.0	840.0	306.15569764774085	11.62772645185021	-7.497199526539515	-2.2748659096978434
-999.0	815.0	307.16325218123166	10.489333810629647	-7.894978399997832	-2.13979143567121
-999.0	790.0	308.2925525802461	9.332917971375533	-8.137808450210203	-1.8803556431658797
-999.0	765.0	309.5612953965322	8.219172418117516	-8.19249131751278	-1.570529074994413
-999.0	740.0	310.8891516891332	7.279562910397844	-7.993764460224779	-1.2901007424303392
-999.0	715.0	312.2265360961319	6.539945930610461	-7.585511668780698	-1.0656226404286597
-999.0	690.0	313.54881393562863	5.887921486003892	-7.096557944829087	-0.8799584461778048
-999.0	665.0	314.829421870491	5.340044351271632	-6.543405595017084	-0.7368597016658014
-999.0	640.0	316.165900896103	4.817394538426095	-6.091298451394232	-0.5924571013698826
-999.0	615.0	317.58654691262154	4.325290829863069	-5.804480222088339	-0.4375249198465432
-999.0	590.0	319.22167491165277	3.859341968724751	-5.683477527611433	-0.2724222035411815
-999.0	565.0	321.1064832808903	3.409757906456047	-5.757932134271596	-0.10393180964907588
-999.0	540.0	323.1000425203441	2.965141767612943	-5.942826513982854	0.019226357056932916
-999.0	515.0	325.14611078768485	2.5073573279343986	-6.2196841619356915	0.06303628504181023
-999.0	490.0	327.209647619063	2.0813433986939014	-6.48841484925813	-0.015875436860043987
-999.0	465.0	329.247806484247	1.6847649703239223	-6.706529067507311	-0.2218739167086065
-999.0	440.0	331.2701917814963	1.3550106588705095	-6.836297608636041	-0.41606608923112787
-999.0	415.0	333.24682353887846	1.0949264492057738	-6.83037490658692	-0.5328986508265958
-999.0	390.0	335.1988497307877	0.8825733735697511	-6.621515331904834	-0.5213090896514438
-999.0	365.0	337.08774079385915	0.713962066688655	-6.152429137792862	-0.35562188895763197
-999.0	340.0	338.8780338269496	0.5746051754664483	-5.411171473240796	-0.07252003629633026
-999.0	315.0	340.5415175256564	0.46106945450797066	-4.437944184666826	0.3134359280732728
-999.0	290.0	342.15233162879974	0.3482191580244231	-3.4318133381908567	0.7775636353518648
-999.0	265.0	343.76571657022697	0.24558729522022155	-2.5011749189853303	1.3109095610310395
-999.0	240.0	345.3706002619951	0.15679531861786453	-1.6845709824084194	1.9032221548719201
-999.0	215.0	346.9195306033888	0.08776474683143087	-0.9579043923245334	2.4675096715397906
-999.0	190.0	348.6828148575279	0.04533391921309592	-0.06761561058192847	2.7380841867882983
-999.0	165.0	351.2374667957429	0.021787372245280892	1.2792579634689158	2.354270164636331
-999.0	140.0	355.8628878003043	0.009903828624957894	2.3862687431183236	1.4993191891590891
-999.0	115.0	367.2357059724182	0.00571477860657866	2.9134710355788123	0.8140568716658044
-999.0	90.0	393.18877664653144	0.004989606621502708	4.316682163671956	0.4463409556903498
-999.0	65.0	441.7146287972724	0.0034916062198326473	1.3060721242168079	0.3068105502134605
-999.0	40.0	532.2330946510499	0.013521636453928534	-8.981276268898377	0.16765399626744493
-999.0	15.0	722.4877720636999	0.07059971445504522	-17.289908683778382	0.1790895091080909
244.125	40	1005.2671847873264	day	levels	pres0
-999.0	990.0	299.82845267141863	16.17964638604058	-2.482494352178442	-0.4318901933729649
-999.0	965.0	301.4286808428581	15.51869985792372	-4.189721220897304	-0.9649282143089092
-999.0	940.0	302.4657626926203	15.084223296907213	-5.121188887291483	-1.3935284488317041
-999.0	915.0	303.3938157448095	14.46789757410685	-5.826592149005996	-1.786856638060676
-999.0	890.0	304.26702854214335	13.677549256218802	-6.451531353924009	-2.116139503816763
-999.0	865.0	305.18687776203984	12.706516345342004	-7.031285285949706	-2.318398620519373
-999.0	840.0	306.1377058015337	11.625214576721191	-7.546776937113868	-2.354182576553689
-999.0	815.0	307.13710411870125	10.490934716330637	-7.944800529215072	-2.2227013367745605
-999.0	790.0	308.25997053384987	9.337137619654339	-8.1831263701121	-1.9616394517943267
-999.0	765.0	309.5238843030622	8.225616640514797	-8.228362537092634	-1.6432642159569595
-999.0	740.0	310.8497659639844	7.2873144083552885	-8.016884769002596	-1.349332814673997
-999.0	715.0	312.1881380840865	6.547642515765295	-7.59476800262928	-1.1093631044237149
-999.0	690.0	313.5127308052629	5.895366433593961	-7.092318175567521	-0.9086579038865035
-999.0	665.0	314.79699596547465	5.346849613719518	-6.52676883029441	-0.7514399805416664
-999.0	640.0	316.1367681115917	4.82358509633276	-6.066034682922893	-0.593568206454317
-999.0	615.0	317.55964094980607	4.330626350310113	-5.775700373782052	-0.42622349152548444
-999.0	590.0	319.1944262306082	3.863446601563029	-5.654154274198745	-0.25125104768408674
-999.0	565.0	321.07564080184545	3.4124443415138455	-5.7311249242888564	-0.07633505859929651
-999.0	540.0	323.0651134791825	2.966320894658565	-5.920384104053179	0.05054360404351933
-999.0	515.0	325.10761298227527	2.507116438613998	-6.202839413864745	0.09494600258767608
-999.0	490.0	327.16973208503885	2.0803126527203455	-6.475085843354461	0.013623014299405961
-999.0	465.0	329.2091259063758	1.6834492890371218	-6.693424160695737	-0.1983733997783727
-999.0	440.0	331.23345962608266	1.3536275451382005	-6.821210636860793	-0.40218230093725843
-999.0	415.0	333.2122215827825	1.093741154919068	-6.8119207053548765	-0.5318296063406807
-999.0	390.0	335.1671906759491	0.8815787140693927	-6.601185333397652	-0.532464631419215
-999.0	365.0	337.0600951280821	0.7131625316623186	-6.131340454022089	-0.37580639781016445
-999.0	340.0	338.85543018499703	0.5740977651957009	-5.38495844664673	-0.09524258433116803
-999.0	315.0	340.52494944056025	0.46089337486773735	-4.401993522110084	0.2951421116142431
-999.0	290.0	342.1426163525986	0.3483048022414248	-3.388932618364277	0.766177779632724
-999.0	265.0	343.7632897816433	0.24585528858005998	-2.4578236250413794	1.307946594638957
-999.0	240.0	345.3733473141204	0.15703643035764492	-1.6454956497376159	1.9132612204800044
-999.0	215.0	346.91936292016396	0.08792224774758021	-0.9200422118107476	2.493764392617676
-999.0	190.0	348.66822605765265	0.045367537945922874	-0.018413492374949936	2.773831451932588
-999.0	165.0	351.2038869329943	0.021725391956149708	1.3432843743099105	2.3859591786490943
-999.0	140.0	355.8202032149803	0.009869158022209171	2.4407208673655996	1.524573146882984
-999.0	115.0	367.21361646580175	0.005713100493368174	2.937964601649178	0.8389243765009772
-999.0	90.0	393.2252482379967	0.005006149495279209	4.3269275204382005	0.4593780231015343
-999.0	65.0	441.80404089299	0.0034850324348857003	1.3110196077161367	0.299159583169967
-999.0	40.0	532.290038411363	0.013559442220462693	-8.943848681739635	0.15461694097353357
-999.0	15.0	722.4981002446306	0.07061646961503558	-17.244523365050554	0.170390785215002
244.13888888888889	40	1005.121665106879	day	levels	pres0
-999.0	990.0	299.7754733233614	16.17181670518568	-2.4989633405649925	-0.4499528531537204
-999.0	965.0	301.4217901902629	15.510428487518674	-4.229411022162727	-0.9939447962736679
-999.0	940.0	302.47743016973556	15.072003864947657	-5.172028829378122	-1.4345715337283769
-999.0	915.0	303.4050795511941	14.453170835235968	-5.878422019359347	-1.840043561245692
-999.0	890.0	304.26959710650374	13.66310822522199	-6.501469842077802	-2.180052604296381
-999.0	865.0	305.1789959868131	12.696593446496108	-7.081303283756194	-2.391819855589259
-999.0	840.0	306.1198375085641	11.62122416790623	-7.598399870925518	-2.4347679832100226
-999.0	815.0	307.11049450640365	10.490955935584193	-7.996607412526678	-2.3074358848878824
-999.0	790.0	308.22685359412316	9.339658682729004	-8.230201561509867	-2.044913302693198
-999.0	765.0	309.48621381847266	8.230110676200308	-8.265474570018306	-1.7177727123504858
-999.0	740.0	310.8105958080383	7.292823218269115	-8.040350707040911	-1.4100513872173845
-999.0	715.0	312.1503273339256	6.553115852085164	-7.603241656113559	-1.1544584488772724
-999.0	690.0	313.4775258943039	5.900734860955939	-7.08643265951562	-0.9386892331201144
-999.0	665.0	314.76547240577827	5.351976891358702	-6.508025501475273	-0.7674798356415418
-999.0	640.0	316.10834387851463	4.8284211618664905	-6.038523062143775	-0.5964276359623645
-999.0	615.0	317.5329442935891	4.334949185818807	-5.744898199115252	-0.4171552162899137
-999.0	590.0	319.16683367064167	3.8668220295214404	-5.62319923072684	-0.2328511482711043
-999.0	565.0	321.04396529068646	3.414718545881321	-5.703191369404019	-0.052041696959418196
-999.0	540.0	323.02887847267505	2.967321285679018	-5.8972001342148825	0.07822294950626056
-999.0	515.0	325.0674295778917	2.506829868680166	-6.185382442111953	0.12320967185325878
-999.0	490.0	327.1277012371988	2.079267068225661	-6.460792157500064	0.0398972650737284
-999.0	465.0	329.16797095314405	1.6821126650880869	-6.678510819136363	-0.1772341371346881
-999.0	440.0	331.1939950670448	1.3521755917204736	-6.803530887781106	-0.3896972231946119
-999.0	415.0	333.1749488275192	1.092348039932088	-6.790416780261346	-0.5312304465146074
-999.0	390.0	335.1331724924049	0.8802379662929853	-6.57791611478652	-0.5433115492586393
-999.0	365.0	337.0307042645652	0.7118298194290682	-6.1079373629188725	-0.395147440104215
-999.0	340.0	338.83168824305216	0.5730528611643824	-5.35690974214193	-0.11698350429904256
-999.0	315.0	340.50773351618244	0.46032186920674195	-4.364427189066704	0.2775340079607139
-999.0	290.0	342.1325539513233	0.3481477770126535	-3.3449079525415217	0.7549138771438885
-999.0	265.0	343.76070964540486	0.24602429930373715	-2.414006197296137	1.3043437184374878
-999.0	240.0	345.37653993557984	0.15723631751183229	-1.6057036778900666	1.921889215707776
-999.0	215.0	346.9202965394437	0.08803752813212316	-0.879501821418573	2.5182320204230146
-999.0	190.0	348.6543317246468	0.04537048098274773	0.035257678467528884	2.8077791857498937
-999.0	165.0	351.1695220197134	0.021654405674241692	1.4113725912240638	2.416178739342277
-999.0	140.0	355.77579162896916	0.009833652008738756	2.4980631084354448	1.550140611689441
-999.0	115.0	367.1907251928145	0.0057099374739832615	2.9651014080708205	0.8664487712545598
-999.0	90.0	393.2636668326185	0.005021283234164916	4.339534680968439	0.4745078006598585
-999.0	65.0	441.8968089193817	0.003477678284980341	1.317070431225451	0.2904393540718283
-999.0	40.0	532.3475248937439	0.013599834735447847	-8.90665299896101	0.13910469443846948
-999.0	15.0	722.5048935576	0.07063035502523929	-17.199903522491574	0.15953437270047216
244.15277777777777	40	1004.9761454264323	day	levels	pres0
-999.0	990.0	299.72249397530453	16.163987024330797	-2.515432328951573	-0.46801551293442867
-999.0	965.0	301.41489953766757	15.502157117113658	-4.269100823428146	-1.0229613782383695
-999.0	940.0	302.4890976468508	15.05978443298811	-5.222868771464718	-1.4756146186249683
-999.0	915.0	303.4163433575785	14.438444096365096	-5.93025188971263	-1.8932304844305992
-999.0	890.0	304.27216567086396	13.648667194225176	-6.551408330231517	-2.2439657047758614
-999.0	865.0	305.17111421158626	12.68667054765019	-7.131321281562599	-2.4652410906589766
-999.0	840.0	306.1019692155946	11.61723375909122	-7.650022804737071	-2.5153533898661564
-999.0	815.0	307.0838848941059	10.490977154837713	-8.048414295838182	-2.3921704330009814
-999.0	790.0	308.19373665439673	9.34217974580364	-8.277276752907536	-2.1281871535918415
-999.0	765.0	309.4485433338832	8.234604711885801	-8.302586602943899	-1.7922812087438036
-999.0	740.0	310.7714256520924	7.298332028182934	-8.06381664507918	-1.4707699597605963
-999.0	715.0	312.1125165837646	6.558589188405025	-7.611715309597824	-1.1995537933306912
-999.0	690.0	313.44232098334487	5.906103288317903	-7.080547143463736	-0.9687205623536248
-999.0	665.0	314.73394884608194	5.35710416899787	-6.489282172656175	-0.783519690741352
-999.0	640.0	316.0799196454378	4.833257227400201	-6.01101144136471	-0.5992870654703826
-999.0	615.0	317.50624763737216	4.3392720213274885	-5.7140960244485	-0.4080869410543473
-999.0	590.0	319.139241110675	3.8701974574798412	-5.592244187254974	-0.21445124885815436
-999.0	565.0	321.0122897795273	3.416992750248792	-5.675257814519209	-0.02774833531959281
-999.0	540.0	322.99264346616735	2.968321676699467	-5.874016164376604	0.10590229496893291
-999.0	515.0	325.0272461735084	2.5065432987463323	-6.167925470359169	0.15147334111876165
-999.0	490.0	327.08567038935877	2.0782214837309763	-6.446498471645665	0.06617151584796928
-999.0	465.0	329.12681599991254	1.6807760411390555	-6.663597477576988	-0.156094874491075
-999.0	440.0	331.15453050800727	1.3507236383027503	-6.785851138701417	-0.37721214545201565
-999.0	415.0	333.13767607225583	1.090954924945111	-6.768912855167825	-0.530631286688554
-999.0	390.0	335.09915430886093	0.87889721851658	-6.554646896175407	-0.5541584670980562
-999.0	365.0	337.00131340104844	0.710497107195818	-6.084534271815686	-0.4144884823982391
-999.0	340.0	338.8079463011074	0.5720079571330625	-5.328861037637178	-0.13872442426688147
-999.0	315.0	340.4905175918047	0.45975036354574544	-4.32686085602339	0.2599259043072206
-999.0	290.0	342.1224915500482	0.347990751783881	-3.3008832867188467	0.7436499746550868
-999.0	265.0	343.75812950916645	0.24619331002741304	-2.3701887695509876	1.300740842236045
-999.0	240.0	345.3797325570393	0.1574362046660187	-1.565911706042617	1.9305172109355493
-999.0	215.0	346.92123015872346	0.08815280851666563	-0.838961431026521	2.5426996482283153
-999.0	190.0	348.640437391641	0.04537342401957251	0.08892884930984502	2.84172691956713
-999.0	165.0	351.1351571064327	0.021583419392333828	1.4794608081380258	2.446398300035372
-999.0	140.0	355.7313800429583	0.009798145995268405	2.555405349505147	1.5757080764958027
-999.0	115.0	367.16783391982716	0.005706774454598351	2.9922382144924202	0.89397316600804
-999.0	90.0	393.30208542724	0.005036416973050585	4.352141841498692	0.48963757821811976
-999.0	65.0	441.9895769457737	0.003470324135075016	1.3231212547347837	0.2817191249736963
-999.0	40.0	532.405011376125	0.013640227250432877	-8.869457316182478	0.12359244790342666
-999.0	15.0	722.511686870569	0.07064424043544279	-17.15528367993274	0.148677960185954
244.16666666666666	40	1004.8306257459853	day	levels	pres0
-999.0	990.0	299.6695146272475	16.156157343475893	-2.531901317338138	-0.486078172715187
-999.0	965.0	301.4080088850723	15.493885746708617	-4.308790624693591	-1.0519779602031327
-999.0	940.0	302.500765123966	15.047565001028548	-5.273708713551379	-1.5166577035216477
-999.0	915.0	303.427607163963	14.423717357494212	-5.982081760065998	-1.9464174076156227
-999.0	890.0	304.27473423522423	13.634226163228355	-6.601346818385328	-2.3078788052554873
-999.0	865.0	305.16323243635964	12.676747648804293	-7.181339279369098	-2.5386623257288714
-999.0	840.0	306.0841009226251	11.613243350276258	-7.7016457385487325	-2.5959387965225003
-999.0	815.0	307.05727528180813	10.49099837409127	-8.100221179149804	-2.4769049811143136
-999.0	790.0	308.1606197146702	9.344700808878306	-8.324351944305306	-2.211461004490724
-999.0	765.0	309.4108728492937	8.239098747571314	-8.33969863586958	-1.8667897051373386
-999.0	740.0	310.73225549614625	7.303840838096764	-8.087282583117497	-1.5314885323039906
-999.0	715.0	312.07470583360356	6.564062524724891	-7.6201889630821045	-1.244649137784252
-999.0	690.0	313.407116072386	5.911471715679881	-7.074661627411841	-0.9987518915872349
-999.0	665.0	314.7024252863856	5.362231446637052	-6.470538843837037	-0.7995595458412227
-999.0	640.0	316.0514954123609	4.838093292933928	-5.983499820585587	-0.6021464949784228
-999.0	615.0	317.47955098115506	4.343594856836183	-5.683293849781694	-0.39901866581876694
-999.0	590.0	319.1116485507085	3.8735728854382505	-5.561289143783062	-0.19605134944516128
-999.0	565.0	320.9806142683682	3.4192669546162646	-5.647324259634362	-0.003454973679703259
-999.0	540.0	322.95640845965977	2.96932206771992	-5.850832194538296	0.13358164043168486
-999.0	515.0	324.98706276912475	2.506256728812501	-6.150468498606367	0.17973701038435402
-999.0	490.0	327.04363954151864	2.0771758992362908	-6.432204785791255	0.09244576662229993
-999.0	465.0	329.0856610466807	1.6794394171900213	-6.648684136017602	-0.13495561184738403
-999.0	440.0	331.11506594896946	1.3492716848850241	-6.768171389621716	-0.3647270677093648
-999.0	415.0	333.1004033169926	1.0895618099581306	-6.747408930074287	-0.5300321268624788
-999.0	390.0	335.0651361253169	0.8775564707401726	-6.531377677564267	-0.565005384937483
-999.0	365.0	336.97192253753144	0.7091643949625674	-6.061131180712467	-0.4338295246922968
-999.0	340.0	338.7842043591626	0.5709630531017436	-5.300812333132377	-0.16046534423476574
-999.0	315.0	340.4733016674269	0.4591788578847499	-4.289294522980012	0.2423178006536826
-999.0	290.0	342.1124291487729	0.34783372655510963	-3.256858620896094	0.7323860721662444
-999.0	265.0	343.75554937292804	0.2463623207510901	-2.3263713418057503	1.2971379660345717
-999.0	240.0	345.38292517849874	0.15763609182020602	-1.5261197341950747	1.9391452061633188
-999.0	215.0	346.92216377800315	0.08826808890120864	-0.7984210406343545	2.5671672760336524
-999.0	190.0	348.6265430586351	0.0453763670563974	0.14260002015231799	2.875674653384434
-999.0	165.0	351.1007921931518	0.02151243311042583	1.5475490250521782	2.476617860728548
-999.0	140.0	355.6869684569472	0.00976263998179798	2.6127475905749966	1.6012755413022535
-999.0	115.0	367.14494264684	0.005703611435213434	3.0193750209140697	0.9214975607616205
-999.0	90.0	393.340504021862	0.005051550711936292	4.364749002028941	0.5047673557764447
-999.0	65.0	442.0823449721655	0.003462969985169657	1.3291720782441065	0.2729988958755584
-999.0	40.0	532.462497858506	0.013680619765418033	-8.832261633403846	0.10808020136836027
-999.0	15.0	722.5184801835384	0.07065812584564651	-17.11066383737376	0.13782154767142238
244.18055555555554	40	1004.6851060655384	day	levels	pres0
-999.0	990.0	299.6165352791905	16.14832766262102	-2.5483703057247205	-0.5041408324958949
-999.0	965.0	301.40111823247713	15.485614376303596	-4.348480425959009	-1.0809945421678342
-999.0	940.0	302.51243260108146	15.03534556906901	-5.324548655637971	-1.55770078841824
-999.0	915.0	303.4388709703474	14.408990618623337	-6.033911630419284	-1.9996043308005302
-999.0	890.0	304.2773027995845	13.619785132231536	-6.651285306539043	-2.371791905734967
-999.0	865.0	305.15535066113284	12.666824749958366	-7.2313572771755	-2.6120835607985886
-999.0	840.0	306.0662326296556	11.609252941461254	-7.753268672360288	-2.6765242031786345
-999.0	815.0	307.0306656695104	10.49101959334479	-8.152028062461305	-2.5616395292274134
-999.0	790.0	308.1275027749437	9.347221871952948	-8.371427135702977	-2.2947348553893674
-999.0	765.0	309.37320236470424	8.243592783256812	-8.376810668795171	-1.9412982015306561
-999.0	740.0	310.6930853402003	7.30934964801058	-8.110748521155767	-1.5922071048472024
-999.0	715.0	312.0368950834426	6.569535861044751	-7.62866261656637	-1.2897444822376707
-999.0	690.0	313.37191116142697	5.91684014304184	-7.068776111359955	-1.0287832208207448
-999.0	665.0	314.6709017266893	5.367358724276221	-6.451795515017943	-0.8155994009410332
-999.0	640.0	316.02307117928405	4.84292935846764	-5.955988199806521	-0.6050059244864407
-999.0	615.0	317.4528543249383	4.347917692344864	-5.652491675114941	-0.38995039058320036
-999.0	590.0	319.08405599074183	3.876948313396652	-5.5303341003111965	-0.1776514500322114
-999.0	565.0	320.9489387572091	3.4215411589837355	-5.61939070474955	0.02083838796012223
-999.0	540.0	322.920173453152	2.970322458740369	-5.827648224700016	0.16126098589435722
-999.0	515.0	324.94687936474116	2.5059701588786685	-6.133011526853579	0.20800067964985672
-999.0	490.0	327.0016086936787	2.076130314741606	-6.4179110999368545	0.11872001739654077
-999.0	465.0	329.04450609344923	1.678102793240989	-6.6337707944582265	-0.113816349203771
-999.0	440.0	331.07560138993176	1.347819731467301	-6.7504916405420285	-0.35224198996676837
-999.0	415.0	333.0631305617294	1.0881686949711533	-6.725905004980764	-0.5294329670364253
-999.0	390.0	335.03111794177266	0.8762157229637668	-6.508108458953152	-0.5758523027768999
-999.0	365.0	336.9425316740146	0.7078316827293171	-6.0377280896092795	-0.4531705669863211
-999.0	340.0	338.76046241721764	0.5699181490704237	-5.272763628627621	-0.18220626420260472
-999.0	315.0	340.45608574304924	0.4586073522237535	-4.251728189936697	0.22470969700018956
-999.0	290.0	342.1023667474977	0.34767670132633716	-3.2128339550734215	0.7211221696774427
-999.0	265.0	343.7529692366896	0.24653133147476602	-2.2825539140606	1.2935350898331284
-999.0	240.0	345.3861177999582	0.15783597897439253	-1.4863277623476259	1.9477732013910911
-999.0	215.0	346.92309739728296	0.0883833692857511	-0.7578806502423023	2.5916349038389535
-999.0	190.0	348.6126487256291	0.04537931009322221	0.1962711909946344	2.9096223872016704
-999.0	165.0	351.066427279871	0.021441446828517962	1.615637241966141	2.506837421421645
-999.0	140.0	355.6425568709362	0.009727133968327622	2.6700898316446984	1.6268430061086148
-999.0	115.0	367.12205137385257	0.005700448415828523	3.0465118273356686	0.9490219555151012
-999.0	90.0	393.3789226164835	0.005066684450821959	4.377356162559195	0.519897133334706
-999.0	65.0	442.17511299855727	0.003455615835264332	1.3352229017534403	0.2642786667774264
-999.0	40.0	532.5199843408872	0.013721012280403065	-8.795065950625311	0.09256795483331753
-999.0	15.0	722.5252734965075	0.07067201125585	-17.06604399481493	0.12696513515690439
244.19444444444446	40	1004.539586385091	day	levels	pres0
-999.0	990.0	299.5635559311334	16.140497981766117	-2.5648392941112843	-0.5222034922766616
-999.0	965.0	301.3942275798817	15.477343005898549	-4.388170227224451	-1.110011124132613
-999.0	940.0	302.5241000781968	15.023126137109447	-5.375388597724632	-1.5987438733149364
-999.0	915.0	303.4501347767319	14.394263879752446	-6.085741500772648	-2.052791253985573
-999.0	890.0	304.2798713639448	13.605344101234722	-6.70122379469285	-2.435705006214614
-999.0	865.0	305.147468885906	12.65690185111246	-7.281375274982005	-2.6855047958685065
-999.0	840.0	306.04836433668606	11.605262532646275	-7.804891606171956	-2.757109609834998
-999.0	815.0	307.00405605721267	10.491040812598335	-8.203834945772932	-2.6463740773407647
-999.0	790.0	308.0943858352171	9.349742935027608	-8.418502327100757	-2.378008706288267
-999.0	765.0	309.33553188011473	8.248086818942319	-8.413922701720862	-2.0158066979242055
-999.0	740.0	310.6539151842541	7.314858457924409	-8.134214459194089	-1.652925677390608
-999.0	715.0	311.9990843332815	6.575009197364622	-7.637136270050654	-1.3348398266912422
-999.0	690.0	313.3367062504679	5.922208570403822	-7.062890595308054	-1.0588145500543678
-999.0	665.0	314.6393781669929	5.372486001915405	-6.433052186198795	-0.8316392560409182
-999.0	640.0	315.994646946207	4.847765424001366	-5.928476579027396	-0.6078653539944964
-999.0	615.0	317.42615766872126	4.352240527853555	-5.62168950044813	-0.38088211534763566
-999.0	590.0	319.05646343077524	3.880323741355061	-5.499379056839282	-0.1592515506192334
-999.0	565.0	320.9172632460499	3.4238153633512103	-5.591457149864706	0.04513174959999702
-999.0	540.0	322.8839384466444	2.971322849760821	-5.804464254861716	0.18894033135709565
-999.0	515.0	324.90669596035764	2.5056835889448354	-6.1155545551007915	0.2362643489154374
-999.0	490.0	326.95957784583857	2.0750847302469198	-6.40361741408246	0.14499426817086208
-999.0	465.0	329.00335114021743	1.6767661692919544	-6.618857452898851	-0.09267708656008641
-999.0	440.0	331.0361368308941	1.3463677780495733	-6.732811891462327	-0.3397569122241222
-999.0	415.0	333.02585780646604	1.0867755799841723	-6.704401079887214	-0.5288338072103542
-999.0	390.0	334.99709975822867	0.8748749751873579	-6.484839240341996	-0.586699220616327
-999.0	365.0	336.9131408104977	0.706498970496065	-6.014324998506038	-0.4725116092803722
-999.0	340.0	338.7367204752727	0.5688732450391034	-5.244714924122791	-0.20394718417047447
-999.0	315.0	340.4388698186714	0.45803584656275675	-4.214161856893281	0.20710159334667266
-999.0	290.0	342.09230434622253	0.34751967609756523	-3.168809289250624	0.7098582671886253
-999.0	265.0	343.75038910045123	0.2467003421984431	-2.2387364863153225	1.2899322136316813
-999.0	240.0	345.3893104214177	0.15803586612857998	-1.4465357905000444	1.9564011966188843
-999.0	215.0	346.92403101656276	0.08849864967029417	-0.7173402598500993	2.6161025316443154
-999.0	190.0	348.59875439262333	0.04538225313004704	0.24994236183714127	2.943570121019001
-999.0	165.0	351.0320623665903	0.02137046054660995	1.6837254588803197	2.5370569821148488
-999.0	140.0	355.5981452849251	0.009691627954857202	2.7274320727145627	1.6524104709150924
-999.0	115.0	367.0991601008653	0.005697285396443611	3.073648633757319	0.9765463502687004
-999.0	90.0	393.4173412111053	0.0050818181897076785	4.389963323089443	0.535026910893039
-999.0	65.0	442.26788102494936	0.003448261685358974	1.3412737252627602	0.25555843767927977
-999.0	40.0	532.5774708232682	0.013761404795388229	-8.757870267846679	0.07705570829824396
-999.0	15.0	722.532066809477	0.07068589666605365	-17.02142415225594	0.116108722642365
244.20833333333334	40	1004.3940667046443	day	levels	pres0
-999.0	990.0	299.5105765830764	16.132668300911238	-2.5813082824978704	-0.5402661520573735
-999.0	965.0	301.3873369272866	15.469071635493536	-4.427860028489877	-1.1390277060973184
-999.0	940.0	302.5357675553121	15.010906705149905	-5.42622853981123	-1.6397869582115332
-999.0	915.0	303.46139858311625	14.379537140881576	-6.137571371125936	-2.105978177170485
-999.0	890.0	304.2824399283051	13.590903070237893	-6.751162282846569	-2.4996181066940992
-999.0	865.0	305.1395871106794	12.646978952266535	-7.331393272788413	-2.7589260309382255
-999.0	840.0	306.0304960437164	11.60127212383127	-7.856514539983511	-2.8376950164911356
-999.0	815.0	306.97744644491513	10.491062031851857	-8.255641829084439	-2.731108625453866
-999.0	790.0	308.06126889549074	9.352263998102247	-8.465577518498431	-2.4612825571869124
-999.0	765.0	309.2978613955254	8.252580854627817	-8.451034734646457	-2.0903151943175224
-999.0	740.0	310.61474502830805	7.320367267838229	-8.157680397232363	-1.713644249933818
-999.0	715.0	311.9612735831205	6.58048253368448	-7.645609923534918	-1.3799351711446581
-999.0	690.0	313.30150133950895	5.927576997765782	-7.05700507925617	-1.0888458792878726
-999.0	665.0	314.6078546072966	5.377613279554572	-6.414308857379699	-0.8476791111407223
-999.0	640.0	315.9662227131301	4.852601489535078	-5.90096495824833	-0.610724783502507
-999.0	615.0	317.39946101250433	4.356563363362235	-5.590887325781376	-0.3718138401120615
-999.0	590.0	319.0288708708087	3.883699169313461	-5.468424013367415	-0.14085165120627613
-999.0	565.0	320.885587734891	3.426089567718679	-5.563523594979896	0.0694251112398292
-999.0	540.0	322.84770344013685	2.972323240781269	-5.781280285023435	0.21661967681977384
-999.0	515.0	324.86651255597434	2.5053970190110015	-6.0980975833480064	0.2645280181809445
-999.0	490.0	326.91754699799856	2.0740391457522347	-6.389323728228059	0.17126851894510636
-999.0	465.0	328.96219618698586	1.6754295453429224	-6.603944111339472	-0.07153782391647047
-999.0	440.0	330.9966722718563	1.3449158246318509	-6.715132142382639	-0.327271834481523
-999.0	415.0	332.98858505120285	1.0853824649971946	-6.682897154793695	-0.5282346473842977
-999.0	390.0	334.9630815746847	0.8735342274109519	-6.461570021730881	-0.5975461384557418
-999.0	365.0	336.88374994698086	0.705166258262814	-5.990921907402854	-0.49185265157439617
-999.0	340.0	338.7129785333279	0.5678283410077831	-5.216666219618041	-0.22568810413831397
-999.0	315.0	340.4216538942937	0.45746434090175997	-4.17659552384997	0.18949348969317964
-999.0	290.0	342.0822419449472	0.3473626508687927	-3.1247846234279555	0.6985943646998242
-999.0	265.0	343.74780896421277	0.2468693529221191	-2.1949190585701794	1.2863293374302387
-999.0	240.0	345.39250304287714	0.15823575328276646	-1.406743818652604	1.965029191846657
-999.0	215.0	346.92496463584257	0.08861393005483673	-0.676799869458057	2.6405701594496156
-999.0	190.0	348.5848600596175	0.0453851961668719	0.3036135326794482	2.9775178548362344
-999.0	165.0	350.99769745330946	0.021299474264702103	1.7518136757942742	2.5672765428079427
-999.0	140.0	355.5537336989143	0.009656121941386849	2.78477431378426	1.6779779357214537
-999.0	115.0	367.0762688278781	0.0056941223770587005	3.1007854401789183	1.004070745022186
-999.0	90.0	393.45575980572687	0.005096951928593348	4.4025704836197	0.5501566884513085
-999.0	65.0	442.3606490513411	0.0034409075354536493	1.3473245487720953	0.2468382085811541
-999.0	40.0	532.6349573056491	0.013801797310373256	-8.720674585068146	0.06154346176320333
-999.0	15.0	722.5388601224458	0.07069978207625713	-16.97680430969711	0.10525231012784687
244.22222222222223	40	1004.2485470241969	day	levels	pres0
-999.0	990.0	299.4575972350194	16.124838620056334	-2.597777270884431	-0.5583288118381281
-999.0	965.0	301.3804462746911	15.46080026508849	-4.467549829755314	-1.1680442880620783
-999.0	940.0	302.5474350324275	14.998687273190342	-5.477068481897885	-1.680830043108208
-999.0	915.0	303.4726623895008	14.364810402010693	-6.1894012414793	-2.1591651003555046
-999.0	890.0	304.2850084926653	13.576462039241083	-6.801100771000373	-2.563531207173721
-999.0	865.0	305.1317053354525	12.637056053420642	-7.381411270594911	-2.832347266008118
-999.0	840.0	306.01262775074696	11.597281715016305	-7.908137473795169	-2.9182804231474773
-999.0	815.0	306.95083683261737	10.491083251105412	-8.307448712396052	-2.8158431735671954
-999.0	790.0	308.02815195576403	9.354785061176914	-8.5126527098962	-2.5445564080857928
-999.0	765.0	309.26019091093593	8.257074890313326	-8.488146767572134	-2.1648236907110587
-999.0	740.0	310.575574872362	7.325876077752056	-8.18114633527068	-1.7743628224772148
-999.0	715.0	311.9234628329595	6.585955870004347	-7.654083577019202	-1.425030515598222
-999.0	690.0	313.26629642855	5.932945425127762	-7.051119563204268	-1.118877208521488
-999.0	665.0	314.57633104760015	5.382740557193758	-6.395565528560562	-0.8637189662405996
-999.0	640.0	315.9377984800532	4.857437555068806	-5.873453337469209	-0.6135842130105544
-999.0	615.0	317.37276435628723	4.36088619887093	-5.56008515111457	-0.3627455648764887
-999.0	590.0	319.0012783108419	3.887074597271874	-5.437468969895504	-0.12245175179329042
-999.0	565.0	320.8539122237318	3.428363772086156	-5.53559004009505	0.09371847287971198
-999.0	540.0	322.8114684336293	2.9733236318017218	-5.758096315185129	0.24429902228252007
-999.0	515.0	324.82632915159076	2.50511044907717	-6.0806406115952045	0.2927916874465325
-999.0	490.0	326.8755161501585	2.072993561257551	-6.375030042373652	0.19754276971943355
-999.0	465.0	328.92104123375424	1.6740929213938887	-6.58903076978009	-0.0503985612727823
-999.0	440.0	330.95720771281856	1.3434638712141238	-6.697452393302941	-0.31478675673887496
-999.0	415.0	332.9513122959395	1.0839893500102147	-6.661393229700156	-0.5276354875582258
-999.0	390.0	334.9290633911406	0.8721934796345449	-6.438300803119743	-0.6083930562951708
-999.0	365.0	336.854359083464	0.7038335460295642	-5.967518816299635	-0.5111936938684544
-999.0	340.0	338.68923659138295	0.5667834369764645	-5.188617515113238	-0.24742902410619774
-999.0	315.0	340.40443796991593	0.45689283524076474	-4.139029190806589	0.17188538603964137
-999.0	290.0	342.072179543672	0.34720562564002133	-3.080759957605197	0.6873304622109815
-999.0	265.0	343.74522882797436	0.24703836364579618	-2.151101630824935	1.282726461228765
-999.0	240.0	345.39569566433653	0.15843564043695377	-1.3669518468050528	1.9736571870744268
-999.0	215.0	346.9258982551224	0.08872921043937963	-0.6362594790658809	2.665037787254954
-999.0	190.0	348.5709657266115	0.045388139203696734	0.3572847035219305	3.0114655886535417
-999.0	165.0	350.96333254002866	0.021228487982794073	1.819901892708434	2.597496103501121
-999.0	140.0	355.5093221129031	0.009620615927916425	2.842116554854113	1.7035454005279045
-999.0	115.0	367.0533775548907	0.0056909593576737845	3.1279222466005674	1.0315951397757614
-999.0	90.0	393.49417840034863	0.0051120856674790535	4.415177644149946	0.5652864660096252
-999.0	65.0	442.4534170777332	0.00343355338554829	1.3533753722814152	0.23811797948300978
-999.0	40.0	532.6924437880302	0.013842189825358417	-8.683478902289512	0.04603121522813482
-999.0	15.0	722.5456534354151	0.07071366748646087	-16.932184467138125	0.09439589761331531
244.23611111111111	40	1004.1030273437503	day	levels	pres0
-999.0	990.0	299.4046178869624	16.11700893920146	-2.6142462592710127	-0.5763914716188361
-999.0	965.0	301.37355562209575	15.45252889468347	-4.507239631020733	-1.1970608700267797
-999.0	940.0	302.5591025095427	14.986467841230802	-5.527908423984477	-1.7218731280048003
-999.0	915.0	303.48392619588526	14.350083663139817	-6.241231111832582	-2.2123520235404124
-999.0	890.0	304.2875770570257	13.562021008244262	-6.851039259154091	-2.6274443076532004
-999.0	865.0	305.1238235602257	12.62713315457472	-7.4314292684013115	-2.9057685010778345
-999.0	840.0	305.9947594577774	11.593291306201303	-7.959760407606724	-2.99886582980361
-999.0	815.0	306.9242272203197	10.491104470358938	-8.359255595707555	-2.9005777216802944
-999.0	790.0	307.99503501603755	9.357306124251554	-8.55972790129387	-2.627830258984437
-999.0	765.0	309.2225204263464	8.261568925998823	-8.525258800497733	-2.2393321871043756
-999.0	740.0	310.53640471641603	7.331384887665876	-8.204612273308946	-1.8350813950204263
-999.0	715.0	311.8856520827985	6.591429206324208	-7.662557230503465	-1.4701258600516411
-999.0	690.0	313.2310915175909	5.938313852489723	-7.045234047152384	-1.148908537754998
-999.0	665.0	314.544807487904	5.3878678348329245	-6.376822199741465	-0.8797588213404097
-999.0	640.0	315.90937424697626	4.862273620602518	-5.845941716690141	-0.6164436425185725
-999.0	615.0	317.3460677000704	4.365209034379612	-5.529282976447819	-0.35367728964092227
-999.0	590.0	318.97368575087546	3.8904500252302743	-5.406513926423638	-0.10405185238034043
-999.0	565.0	320.8222367125727	3.4306379764536254	-5.50765648521024	0.11801183451953745
-999.0	540.0	322.7752334271217	2.9743240228221723	-5.734912345346849	0.27197836774519224
-999.0	515.0	324.78614574720734	2.504823879143337	-6.0631836398424195	0.32105535671203533
-999.0	490.0	326.8334853023184	2.071947976762865	-6.360736356519251	0.2238170204936743
-999.0	465.0	328.8798862805226	1.6727562974448569	-6.574117428220713	-0.029259298629169275
-999.0	440.0	330.9177431537809	1.3420119177964016	-6.6797726442232515	-0.3023016789962786
-999.0	415.0	332.91403954067636	1.0825962350232374	-6.639889304606636	-0.5270363277321721
-999.0	390.0	334.89504520759647	0.8708527318581392	-6.415031584508629	-0.6192399741345876
-999.0	365.0	336.8249682199472	0.7025008337963136	-5.944115725196447	-0.5305347361624784
-999.0	340.0	338.6654946494382	0.5657385329451449	-5.160568810608486	-0.26916994407403677
-999.0	315.0	340.38722204553824	0.4563213295797684	-4.101462857763274	0.1542772823861483
-999.0	290.0	342.0621171423969	0.347048600411249	-3.036735291782524	0.6760665597221795
-999.0	265.0	343.74264869173584	0.24720737436947215	-2.1072842030797854	1.2791235850273222
-999.0	240.0	345.3988882857961	0.15863552759114022	-1.3271598749576037	1.9822851823021994
-999.0	215.0	346.9268318744022	0.08884449082392212	-0.5957190886738284	2.6895054150602564
-999.0	190.0	348.5570713936057	0.04539108224052152	0.41095587436424674	3.0454133224707784
-999.0	165.0	350.928967626748	0.021157501700886202	1.8879901096223957	2.6277156641942163
-999.0	140.0	355.46491052689214	0.009585109914446067	2.8994587959238167	1.729112865334266
-999.0	115.0	367.0304862819035	0.0056877963382888745	3.155059053022168	1.059119534529242
-999.0	90.0	393.5325969949701	0.005127219406364723	4.427784804680199	0.5804162435678865
-999.0	65.0	442.5461851041249	0.0034261992356429643	1.3594261957907487	0.22939775038487772
-999.0	40.0	532.7499302704114	0.013882582340343444	-8.64628321951098	0.030518968693092022
-999.0	15.0	722.5524467483843	0.07072755289666435	-16.88756462457929	0.08353948509879724
244.25	40	1003.9575076633029	day	levels	pres0
-999.0	990.0	299.35163853890526	16.10917925834655	-2.6307152476575646	-0.5944541313995919
-999.0	965.0	301.36666496950073	15.444257524278429	-4.546929432286156	-1.226077451991538
-999.0	940.0	302.570769986658	14.974248409271235	-5.578748366071118	-1.762916212901473
-999.0	915.0	303.49519000226974	14.335356924268934	-6.293060982185935	-2.2655389467254277
-999.0	890.0	304.29014562138605	13.547579977247453	-6.900977747307883	-2.691357408132818
-999.0	865.0	305.11594178499894	12.617210255728828	-7.4814472662078	-2.9791897361477213
-999.0	840.0	305.97689116480785	11.58930089738634	-8.011383341418371	-3.079451236459945
-999.0	815.0	306.89761760802196	10.491125689612495	-8.411062479019165	-2.9853122697936163
-999.0	790.0	307.961918076311	9.35982718732622	-8.606803092691631	-2.711104109883308
-999.0	765.0	309.18484994175697	8.266062961684332	-8.562370833423401	-2.3138406834979026
-999.0	740.0	310.4972345604699	7.336893697579702	-8.228078211347261	-1.8957999675638142
-999.0	715.0	311.8478413326376	6.596902542644077	-7.671030883987744	-1.5152212045051985
-999.0	690.0	313.19588660663203	5.943682279851702	-7.039348531100486	-1.178939866988609
-999.0	665.0	314.51328392820756	5.39299511247211	-6.358078870922326	-0.8957986764402851
-999.0	640.0	315.8809500138994	4.867109686136246	-5.818430095911025	-0.6193030720266203
-999.0	615.0	317.31937104385344	4.369531869888306	-5.4984808017810165	-0.34460901440535147
-999.0	590.0	318.94609319090875	3.8938254531886844	-5.375558882951737	-0.0856519529673581
-999.0	565.0	320.79056120141365	3.4329121808211003	-5.479722930325403	0.14230519615941573
-999.0	540.0	322.73899842061405	2.9753244138426242	-5.711728375508553	0.29965771320793355
-999.0	515.0	324.7459623428238	2.504537309209506	-6.045726668089627	0.3493190259776182
-999.0	490.0	326.7914544544784	2.0709023922681813	-6.346442670664854	0.2500912712679969
-999.0	465.0	328.8387313272908	1.6714196734958224	-6.559204086661339	-0.008120035985484705
-999.0	440.0	330.87827859474316	1.3405599643786745	-6.662092895143563	-0.28981660125363207
-999.0	415.0	332.876766785413	1.081203120036257	-6.618385379513104	-0.5264371679060988
-999.0	390.0	334.8610270240524	0.8695119840817318	-6.391762365897495	-0.630086891974012
-999.0	365.0	336.79557735643016	0.7011681215630636	-5.920712634093231	-0.5498757784565289
-999.0	340.0	338.64175270749325	0.5646936289138266	-5.132520106103686	-0.2909108640419112
-999.0	315.0	340.3700061211603	0.4557498239187731	-4.063896524719894	0.13666917873261902
-999.0	290.0	342.0520547411216	0.34689157518247776	-2.9927106259597673	0.6648026572333441
-999.0	265.0	343.74006855549743	0.24737638509314927	-2.0634667753345437	1.2755207088258533
-999.0	240.0	345.4020809072555	0.15883541474532747	-1.2873679031100538	1.990913177529971
-999.0	215.0	346.9277654936819	0.08895977120846509	-0.555178698281654	2.7139730428655935
-999.0	190.0	348.54317706059993	0.04539402527734637	0.4646270452067256	3.079361056288084
-999.0	165.0	350.8946027134672	0.021086515418978196	1.9560783265365493	2.657935224887398
-999.0	140.0	355.42049894088103	0.009549603900975652	2.956801036993662	1.7546803301407228
-999.0	115.0	367.00759500891616	0.00568463331890396	3.1821958594438113	1.086643929282824
-999.0	90.0	393.5710155895921	0.005142353145250429	4.440391965210438	0.5955460211262108
-999.0	65.0	442.63895313051677	0.0034188450857376056	1.365477019300063	0.22067752128673937
-999.0	40.0	532.8074167527924	0.013922974855328597	-8.609087536732355	0.015006722158027966
-999.0	15.0	722.5592400613535	0.07074143830686808	-16.842944782020314	0.07268307258426726
244.26388888888889	40	1003.9661104178724	day	levels	pres0
-999.0	990.0	299.3207257325928	16.137373011789233	-2.6378433417390905	-0.6035865464098322
-999.0	965.0	301.30440474136145	15.448262320624464	-4.55616736209688	-1.236323314000291
-999.0	940.0	302.5182195071351	14.964313233340224	-5.610779051243551	-1.7812845415355285
-999.0	915.0	303.44871710358177	14.323175309616833	-6.337091030713984	-2.29075154404582
-999.0	890.0	304.2473966552446	13.537708423755781	-6.94107975709588	-2.7163423073512614
-999.0	865.0	305.074468094439	12.612726864991366	-7.5086921048753155	-2.9973908403405543
-999.0	840.0	305.9365900391502	11.591751475393044	-8.024596273163214	-3.0879600195237265
-999.0	815.0	306.85931996186156	10.49920307559734	-8.412712601967781	-2.982652387317322
-999.0	790.0	307.92515954974476	9.369108074977097	-8.599824193819046	-2.6970242513343674
-999.0	765.0	309.15145112354423	8.270213979261909	-8.549432396888706	-2.289281496479172
-999.0	740.0	310.4688550802445	7.3326333864235576	-8.209844688390481	-1.8634634004261654
-999.0	715.0	311.8254793538026	6.58430061516937	-7.647483751361724	-1.4773981847144537
-999.0	690.0	313.17886877550706	5.926573365926724	-7.012077170481621	-1.1365674284780707
-999.0	665.0	314.5005596526821	5.375883691288788	-6.329923559210155	-0.8500674628985525
-999.0	640.0	315.87211794487996	4.850685641537458	-5.79523515259776	-0.5725121312302763
-999.0	615.0	317.3138000684303	4.354529226267761	-5.487313807930465	-0.2999910155833886
-999.0	590.0	318.9417042445136	3.880016939323609	-5.37654219972499	-0.046532250268137676
-999.0	565.0	320.78468285314057	3.4202300090296625	-5.490952471202186	0.17224384932264106
-999.0	540.0	322.73132785387685	2.9635654108391725	-5.729163522291722	0.31977996609554593
-999.0	515.0	324.73671004963745	2.4935580271261584	-6.064049285181169	0.3600036363874847
-999.0	490.0	326.78090444663553	2.061095559854557	-6.361596132686132	0.2533105656642554
-999.0	465.0	328.827330655712	1.6632977025928246	-6.567749071176422	-0.009838610128681535
-999.0	440.0	330.86702017243624	1.333732311556362	-6.664843802420824	-0.29535561510259606
-999.0	415.0	332.8667631863369	1.0751643535439555	-6.617715892416466	-0.5341840317202788
-999.0	390.0	334.85252850279824	0.8643620200915044	-6.389793835396391	-0.6356363577285458
-999.0	365.0	336.78818854659306	0.696998667385839	-5.919818383124149	-0.5482320903490068
-999.0	340.0	338.63382171975377	0.5614109979137565	-5.135292250801027	-0.2806096307956289
-999.0	315.0	340.35926400382147	0.45323213942946666	-4.073746843976387	0.15452272699354147
-999.0	290.0	342.0366778717329	0.3450158548276905	-3.0144781020044804	0.685904229082835
-999.0	265.0	343.71912558820463	0.24603217511357264	-2.1015495249519067	1.2941819051921135
-999.0	240.0	345.3780398467149	0.15804312312630547	-1.3413259714474528	2.0020186710688965
-999.0	215.0	346.90677345361024	0.08859088281054531	-0.6190464698284885	2.712648940537085
-999.0	190.0	348.5299175497883	0.045218936455102436	0.39698506781340165	3.0628243285679613
-999.0	165.0	350.88753765269735	0.021014639601847174	1.8830519275347901	2.6304006546183647
-999.0	140.0	355.4198168127761	0.009531565762216913	2.8773549874484585	1.7211076836146244
-999.0	115.0	367.02509268411296	0.005685497896694061	3.113921102964132	1.05203390369808
-999.0	90.0	393.61378781370865	0.005141019786673563	4.40451356041943	0.5757108780082316
-999.0	65.0	442.65530282905195	0.003402052966757076	1.3525437429363247	0.22181497514247964
-999.0	40.0	532.7744114776344	0.013897009987246066	-8.618947636842002	0.02469149902234405
-999.0	15.0	722.4479743503955	0.07045760181628956	-16.860440697934912	0.08009600689934526
244.27777777777777	40	1003.9747131724416	day	levels	pres0
-999.0	990.0	299.28981292628043	16.165566765231837	-2.6449714358206142	-0.6127189614200631
-999.0	965.0	301.24214451322234	15.452267116970482	-4.565405291907578	-1.2465691760090347
-999.0	940.0	302.46566902761225	14.95437805740922	-5.642809736415915	-1.7996528701695687
-999.0	915.0	303.402244204894	14.310993694964758	-6.381121079241951	-2.3159641413661882
-999.0	890.0	304.20464768910335	13.527836870264133	-6.981181766883809	-2.741327206569679
-999.0	865.0	305.0329944038792	12.6082434742539	-7.535936943542799	-3.015591944533358
-999.0	840.0	305.89628891349247	11.594202053399734	-8.03780920490806	-3.0964688025874803
-999.0	815.0	306.82102231570144	10.50728046158213	-8.414362724916433	-2.9799925048410145
-999.0	790.0	307.88840102317846	9.378388962627925	-8.592845294946507	-2.6829443927854344
-999.0	765.0	309.1180523053317	8.274364996839452	-8.536493960354068	-2.264722309460481
-999.0	740.0	310.4404756000194	7.328373075267418	-8.191611165433763	-1.831126833288585
-999.0	715.0	311.80311737496777	6.571698687694696	-7.623936618735771	-1.4395751649238033
-999.0	690.0	313.16185094438225	5.90946445200179	-6.984805809862832	-1.0941949899676482
-999.0	665.0	314.48783537715684	5.35877227010551	-6.30176824749805	-0.8043362493569474
-999.0	640.0	315.86328587586064	4.834261596938719	-5.772040209284546	-0.5257211904340608
-999.0	615.0	317.30822909300724	4.3395265826472595	-5.476146814079938	-0.25537301676154256
-999.0	590.0	318.9373152981184	3.866208425458572	-5.377525516498234	-0.00741254756901364
-999.0	565.0	320.77880450486737	3.4075478372382584	-5.502182012078933	0.20218250248580008
-999.0	540.0	322.7236572871396	2.951806407835753	-5.746598669074835	0.3399022189831221
-999.0	515.0	324.7274577564509	2.48257874504284	-6.082371902272649	0.37068824679734175
-999.0	490.0	326.77035443879276	2.051288727440955	-6.376749594707357	0.2565298600605237
-999.0	465.0	328.8159299841332	1.655175731689845	-6.576294055691468	-0.011557184271858187
-999.0	440.0	330.8557617501293	1.3269046587340652	-6.667594709698065	-0.3008946289515307
-999.0	415.0	332.8567595872611	1.0691255870516678	-6.617046405319814	-0.5419308955344218
-999.0	390.0	334.8440299815439	0.8592120561012904	-6.387825304895272	-0.6411858234830464
-999.0	365.0	336.78079973675585	0.6928292132086243	-5.918924132155047	-0.546588402241471
-999.0	340.0	338.62589073201434	0.5581283669136937	-5.138064395498344	-0.2703083975493607
-999.0	315.0	340.3485218864828	0.4507144549401646	-4.083597163232844	0.17237627525442079
-999.0	290.0	342.0213010023443	0.34314013447290637	-3.036245578049135	0.7070058009322667
-999.0	265.0	343.69818262091206	0.24468796513399804	-2.1396322745691703	1.3128431015583188
-999.0	240.0	345.35399878617454	0.15725083150728456	-1.3952840397847088	2.013124164607785
-999.0	215.0	346.8857814135388	0.0882219944126261	-0.6829142413751483	2.7113248382085637
-999.0	190.0	348.51665803897686	0.04504384763285892	0.3293430904202689	3.046287600847862
-999.0	165.0	350.88047259192757	0.02094276378471637	1.8100255285332512	2.6028660843493823
-999.0	140.0	355.4191346846711	0.009513527623458235	2.797908937903498	1.6875350370886104
-999.0	115.0	367.04259035930994	0.005686362474484162	3.045646346484651	1.0174238781134397
-999.0	90.0	393.656560037825	0.0051396864280967	4.368635155628509	0.555875734890312
-999.0	65.0	442.6716525275872	0.003385260847776583	1.3396104665726114	0.2229524289982176
-999.0	40.0	532.7414062024765	0.013871045119163627	-8.628807736951623	0.03437627588662727
-999.0	15.0	722.3367086394381	0.07017376532571194	-16.877936613849464	0.08750894121440106
244.29166666666666	40	1003.9833159270112	day	levels	pres0
-999.0	990.0	299.2589001199678	16.193760518674523	-2.6520995299021464	-0.6218513764303091
-999.0	965.0	301.1798842850833	15.456271913316519	-4.5746432217183015	-1.2568150380177956
-999.0	940.0	302.4131185480891	14.9444428814782	-5.674840421588355	-1.818021198803633
-999.0	915.0	303.35577130620607	14.298812080312652	-6.425151127770016	-2.341176738686591
-999.0	890.0	304.16189872296184	13.517965316772456	-7.021283776671819	-2.766312105788132
-999.0	865.0	304.99152071331923	12.60376008351644	-7.5631817822103224	-3.0337930487261957
-999.0	840.0	305.85598778783464	11.59665263140644	-8.051022136652907	-3.1049775856512642
-999.0	815.0	306.78272466954115	10.515357847566978	-8.416012847865053	-2.9773326223647194
-999.0	790.0	307.8516424966121	9.387669850278805	-8.585866396073921	-2.668864534236489
-999.0	765.0	309.0846534871189	8.278516014417026	-8.523555523819374	-2.2401631224417464
-999.0	740.0	310.41209611979394	7.324112764111279	-8.17337764247698	-1.7987902661509318
-999.0	715.0	311.78075539613286	6.559096760219993	-7.600389486109752	-1.401752145133053
-999.0	690.0	313.14483311325733	5.892355538076813	-6.957534449243971	-1.0518225514571033
-999.0	665.0	314.47511110163146	5.341660848922188	-6.273612935785879	-0.7586050358152067
-999.0	640.0	315.85445380684115	4.81783755233993	-5.748845265971278	-0.4789302496377075
-999.0	615.0	317.3026581175841	4.324523939026716	-5.464979820229384	-0.21075501793956974
-999.0	590.0	318.93292635172304	3.8523999115934977	-5.378508833271492	0.031707155130216255
-999.0	565.0	320.77292615659434	3.394865665446819	-5.51341155295572	0.2321211556490336
-999.0	540.0	322.7159867204025	2.9400474048323018	-5.764033815858005	0.36002447187074105
-999.0	515.0	324.71820546326444	2.4715994629594933	-6.100694519364189	0.3813728572072129
-999.0	490.0	326.75980443095006	2.04148189502733	-6.391903056728634	0.25974915445678604
-999.0	465.0	328.8045293125545	1.6470537607868458	-6.58483904020655	-0.01327575841505213
-999.0	440.0	330.84450332782245	1.3200770059117517	-6.670345616975321	-0.3064336428004921
-999.0	415.0	332.8467559881851	1.0630868205593649	-6.616376918223174	-0.5496777593485985
-999.0	390.0	334.83553146028964	0.8540620921110629	-6.3858567743941625	-0.6467352892375763
-999.0	365.0	336.7734109269187	0.6886597590313991	-5.9180298811859595	-0.5449447141339445
-999.0	340.0	338.61795974427497	0.5548457359136236	-5.140836540195685	-0.2600071643030749
-999.0	315.0	340.33777976914405	0.4481967704508579	-4.093447482489336	0.19022982351534498
-999.0	290.0	342.0059241329557	0.3412644141181191	-3.058013054093848	0.7281073727817576
-999.0	265.0	343.67723965361927	0.24334375515442147	-2.177715024186538	1.331504297924577
-999.0	240.0	345.3299577256341	0.1564585398882625	-1.4492421081221138	2.024229658146708
-999.0	215.0	346.86478937346726	0.08785310601470633	-0.7467820129219904	2.710000735880049
-999.0	190.0	348.5033985281651	0.04486875881061498	0.26170111302693916	3.029750873127735
-999.0	165.0	350.8734075311578	0.02087088796758533	1.7369991295314913	2.575331514080345
-999.0	140.0	355.41845255656625	0.009495489484699492	2.7184628883582937	1.65396239056251
-999.0	115.0	367.0600880345067	0.005687227052274265	2.9773715900049686	0.982813852528696
-999.0	90.0	393.69933226194155	0.005138353069519835	4.332756750837495	0.5360405917723365
-999.0	65.0	442.68800222612236	0.003368468728796049	1.3266771902088692	0.22408988285396397
-999.0	40.0	532.7084009273182	0.013845080251081094	-8.638667837061272	0.04406105275094623
-999.0	15.0	722.2254429284802	0.06988992883513342	-16.89543252976406	0.09492187552947917
244.30555555555554	40	1003.9919186815805	day	levels	pres0
-999.0	990.0	299.22798731365543	16.221954272117124	-2.659227623983668	-0.6309837914405402
-999.0	965.0	301.11762405694424	15.46027670966254	-4.5838811515290026	-1.2670609000265387
-999.0	940.0	302.3605680685662	14.9345077055472	-5.706871106760719	-1.8363895274376727
-999.0	915.0	303.3092984075182	14.286630465660572	-6.469181176297985	-2.366389336006958
-999.0	890.0	304.1191497568207	13.508093763280803	-7.061385786459749	-2.791297005006549
-999.0	865.0	304.9500470227594	12.599276692778977	-7.590426620877804	-3.0519941529189984
-999.0	840.0	305.81568666217714	11.599103209413125	-8.064235068397753	-3.1134863687150185
-999.0	815.0	306.74442702338087	10.523435233551773	-8.417662970813707	-2.974672739888411
-999.0	790.0	307.81488397004586	9.39695073792963	-8.578887497201388	-2.6547846756875564
-999.0	765.0	309.05125466890627	8.28266703199457	-8.510617087284738	-2.2156039354230543
-999.0	740.0	310.3837166395688	7.319852452955133	-8.155144119520264	-1.7664536990133517
-999.0	715.0	311.75839341729807	6.546494832745319	-7.576842353483799	-1.3639291253424037
-999.0	690.0	313.12781528213253	5.875246624151881	-6.9302630886251775	-1.0094501129466804
-999.0	665.0	314.46238682610596	5.324549427738912	-6.245457624073772	-0.712873822273601
-999.0	640.0	315.8456217378218	4.801413507741188	-5.725650322658064	-0.43213930884149204
-999.0	615.0	317.297087142161	4.309521295406212	-5.4538128263788535	-0.16613701911772383
-999.0	590.0	318.9285374053278	3.8385913977284596	-5.379492150044736	0.07082685782934026
-999.0	565.0	320.7670478083213	3.3821834936554147	-5.524641093832466	0.2620598088121924
-999.0	540.0	322.70831615366524	2.9282884018288806	-5.781468962641118	0.3801467247583169
-999.0	515.0	324.708953170078	2.4606201808761745	-6.11901713645567	0.3920574676170701
-999.0	490.0	326.74925442310723	2.0316750626137297	-6.40705651874986	0.2629684488530541
-999.0	465.0	328.7931286409756	1.638931789883867	-6.593384024721595	-0.014994332558228823
-999.0	440.0	330.8332449055156	1.3132493530894551	-6.673096524252562	-0.3119726566494267
-999.0	415.0	332.8367523891092	1.0570480540670775	-6.615707431126519	-0.5574246231627413
-999.0	390.0	334.82703293903546	0.8489121281208488	-6.383888243893043	-0.652284754992077
-999.0	365.0	336.7660221170816	0.6844903048541838	-5.917135630216858	-0.5433010260264088
-999.0	340.0	338.61002875653554	0.5515631049135608	-5.143608684893001	-0.24970593105680686
-999.0	315.0	340.32703765180526	0.44567908596155587	-4.103297801745793	0.20808337177622444
-999.0	290.0	341.990547263567	0.3393886937633351	-3.079780530138501	0.7492089446311896
-999.0	265.0	343.6562966863265	0.2419995451748469	-2.215797773803802	1.3501654942907824
-999.0	240.0	345.3059166650937	0.15566624826924153	-1.5032001764593708	2.035335151685597
-999.0	215.0	346.8437973333958	0.08748421761678711	-0.81064978446865	2.708676633551529
-999.0	190.0	348.4901390173537	0.04469366998837145	0.19405913563380653	3.013214145407636
-999.0	165.0	350.866342470388	0.02079901215045453	1.6639727305299525	2.5477969438113632
-999.0	140.0	355.41777042846104	0.009477451345940814	2.639016838813335	1.6203897440364958
-999.0	115.0	367.0775857097036	0.005688091630064366	2.9090968335254868	0.9482038269440559
-999.0	90.0	393.742104486058	0.005137019710942969	4.296878346046575	0.516205448654417
-999.0	65.0	442.70435192465754	0.0033516766098155557	1.3137439138451557	0.22522733670970188
-999.0	40.0	532.6753956521601	0.013819115382998655	-8.648527937170892	0.05374582961522946
-999.0	15.0	722.1141772175225	0.06960609234455582	-16.912928445678606	0.10233480984453504
244.31944444444446	40	1004.0005214361496	day	levels	pres0
-999.0	990.0	299.19707450734296	16.25014802555981	-2.6663557180651885	-0.64011620645078
-999.0	965.0	301.05536382880496	15.464281506008579	-4.593119081339722	-1.2773067620352945
-999.0	940.0	302.3080175890433	14.924572529616173	-5.73890179193316	-1.8547578560717384
-999.0	915.0	303.2628255088302	14.274448851008463	-6.513211224826055	-2.3916019333273644
-999.0	890.0	304.07640079067914	13.498222209789128	-7.101487796247765	-2.816281904225008
-999.0	865.0	304.90857333219935	12.594793302041511	-7.617671459545338	-3.070195257111842
-999.0	840.0	305.7753855365194	11.60155378741983	-8.077448000142608	-3.121995151778806
-999.0	815.0	306.7061293772207	10.531512619536612	-8.419313093762335	-2.972012857412118
-999.0	790.0	307.77812544347944	9.406231625580501	-8.571908598328804	-2.6407048171386083
-999.0	765.0	309.01785585069354	8.286818049572133	-8.49767865075004	-2.1910447484043156
-999.0	740.0	310.35533715934343	7.31559214179898	-8.136910596563476	-1.7341171318756945
-999.0	715.0	311.73603143846304	6.533892905270601	-7.5532952208577635	-1.3261061055516519
-999.0	690.0	313.1107974510077	5.858137710226893	-6.902991728006296	-0.9670776744361371
-999.0	665.0	314.4496625505805	5.307438006555579	-6.217302312361579	-0.6671426087318636
-999.0	640.0	315.8367896688023	4.784989463142393	-5.702455379344779	-0.3853483680451426
-999.0	615.0	317.2915161667379	4.294518651785663	-5.442645832528292	-0.12151902029575483
-999.0	590.0	318.9241484589326	3.824782883863378	-5.380475466817986	0.1099465605285661
-999.0	565.0	320.7611694600481	3.3695013218639707	-5.535870634709251	0.2919984619754209
-999.0	540.0	322.70064558692815	2.9165293988254244	-5.798904109424293	0.4002689776459304
-999.0	515.0	324.6997008768916	2.449640898792824	-6.137339753547217	0.4027420780269364
-999.0	490.0	326.7387044152643	2.021868230200101	-6.422209980771145	0.26618774324931194
-999.0	465.0	328.78172796939674	1.630809818980865	-6.60192900923668	-0.016712906701426514
-999.0	440.0	330.82198648320866	1.3064217002671392	-6.675847431529825	-0.3175116704983916
-999.0	415.0	332.82674879003315	1.0510092875747725	-6.615037944029881	-0.5651714869769215
-999.0	390.0	334.8185344177813	0.8437621641306191	-6.3819197133919365	-0.6578342207466071
-999.0	365.0	336.75863330724445	0.6803208506769576	-5.9162413792477775	-0.5416573379188764
-999.0	340.0	338.6020977687961	0.5482804739134892	-5.1463808295903455	-0.23940469781050822
-999.0	315.0	340.31629553446663	0.44316140147224853	-4.113148121002289	0.2259369200371662
-999.0	290.0	341.97517039417824	0.3375129734085474	-3.1015480061832172	0.7703105164807
-999.0	265.0	343.6353537190339	0.24065533519527002	-2.25388052342117	1.368826690657058
-999.0	240.0	345.2818756045532	0.15487395665021922	-1.5571582447967742	2.04644064522453
-999.0	215.0	346.82280529332417	0.0871153292188672	-0.8745175560154873	2.7073525312230204
-999.0	190.0	348.4768795065422	0.044518581166127474	0.12641715824047697	2.9966774176875157
-999.0	165.0	350.85927740961824	0.020727136333323508	1.5909463315281782	2.520262373542336
-999.0	140.0	355.4170883003561	0.009459413207182077	2.559570789268106	1.586817097510404
-999.0	115.0	367.0950833849005	0.005688956207854465	2.8408220770457824	0.9135938013593128
-999.0	90.0	393.7848767101746	0.0051356863523660925	4.260999941255548	0.49637030553643
-999.0	65.0	442.72070162319295	0.0033348844908350217	1.3008106374814101	0.2263647905654339
-999.0	40.0	532.6423903770021	0.01379315051491611	-8.658388037280544	0.0634306064795446
-999.0	15.0	722.0029115065649	0.06932225585397725	-16.930424361593207	0.10974774415962003
244.33333333333334	40	1004.0091241907194	day	levels	pres0
-999.0	990.0	299.1661617010306	16.27834177900241	-2.6734838121467055	-0.6492486214610101
-999.0	965.0	300.99310360066596	15.468286302354592	-4.602357011150417	-1.28755262404404
-999.0	940.0	302.25546710952034	14.91463735368517	-5.770932477105521	-1.8731261847057805
-999.0	915.0	303.21635261014234	14.262267236356385	-6.5572412733540215	-2.4168145306477364
-999.0	890.0	304.03365182453797	13.488350656297472	-7.141589806035691	-2.8412668034434283
-999.0	865.0	304.86709964163947	12.590309911304047	-7.644916298212822	-3.088396361304648
-999.0	840.0	305.7350844108617	11.604004365426514	-8.090660931887456	-3.130503934842562
-999.0	815.0	306.66783173106046	10.539590005521404	-8.420963216710987	-2.96935297493581
-999.0	790.0	307.7413669169133	9.415512513231327	-8.564929699456272	-2.626624958589676
-999.0	765.0	308.9844570324809	8.290969067149678	-8.484740214215405	-2.166485561385625
-999.0	740.0	310.3269576791182	7.311331830642836	-8.118677073606756	-1.7017805647381148
-999.0	715.0	311.71366945962836	6.521290977795923	-7.529748088231813	-1.288283085761001
-999.0	690.0	313.0937796198827	5.841028796301961	-6.875720367387507	-0.9247052359257119
-999.0	665.0	314.4369382750551	5.290326585372299	-6.18914700064948	-0.6214113951902538
-999.0	640.0	315.827957599783	4.768565418543654	-5.679260436031566	-0.3385574272489216
-999.0	615.0	317.2859451913147	4.27951600816516	-5.431478838677763	-0.07690102147390292
-999.0	590.0	318.9197595125373	3.810974369998342	-5.381458783591231	0.14906626322769545
-999.0	565.0	320.75529111177514	3.356819150072566	-5.547100175586001	0.3219371151385838
-999.0	540.0	322.69297502019094	2.904770395822005	-5.816339256207409	0.42039123053350935
-999.0	515.0	324.6904485837052	2.4386616167095045	-6.155662370638698	0.4134266884367954
-999.0	490.0	326.7281544074215	2.0120613977865	-6.4373634427923685	0.2694070376455817
-999.0	465.0	328.77032729781814	1.622687848077885	-6.610473993751726	-0.018431480844601354
-999.0	440.0	330.8107280609017	1.299594047444842	-6.678598338807062	-0.323050684347324
-999.0	415.0	332.8167451909572	1.0449705210824844	-6.614368456933227	-0.5729183507910616
-999.0	390.0	334.81003589652704	0.8386122001404044	-6.379951182890817	-0.6633836865011045
-999.0	365.0	336.75124449740747	0.6761513964997423	-5.915347128278676	-0.5400136498113366
-999.0	340.0	338.59416678105674	0.5449978429134263	-5.149152974287664	-0.22910346456423658
-999.0	315.0	340.30555341712784	0.4406437169829464	-4.1229984402587485	0.2437904682980471
-999.0	290.0	341.9597935247896	0.33563725305376324	-3.1233154822278726	0.7914120883301311
-999.0	265.0	343.6144107517411	0.23931112521569556	-2.2919632730384345	1.3874878870232596
-999.0	240.0	345.25783454401284	0.15408166503119847	-1.6111163131340305	2.057546138763416
-999.0	215.0	346.8018132532527	0.08674644082094807	-0.9383853275621449	2.706028428894499
-999.0	190.0	348.4636199957305	0.04434349234388397	0.05877518084735102	2.9801406899674174
-999.0	165.0	350.8522123488485	0.020655260516192694	1.5179199325266493	2.492727803273355
-999.0	140.0	355.4164061722512	0.009441375068423394	2.480124739723154	1.5532444509843917
-999.0	115.0	367.11258106009717	0.005689820785644566	2.7725473205663	0.8789837757746745
-999.0	90.0	393.82764893429095	0.005134352993789228	4.225121536464623	0.47653516241851235
-999.0	65.0	442.7370513217281	0.0033180923718545315	1.287877361117694	0.22750224442117495
-999.0	40.0	532.6093851018442	0.013767185646833668	-8.668248137390167	0.07311538334383091
-999.0	15.0	721.8916457956072	0.0690384193633996	-16.94792027750775	0.11716067847467894
244.34722222222223	40	1004.0177269452884	day	levels	pres0
-999.0	990.0	299.135248894718	16.306535532445093	-2.680611906228242	-0.6583810364712568
-999.0	965.0	300.9308433725268	15.472291098700632	-4.611594940961145	-1.2977984860527985
-999.0	940.0	302.2029166299972	14.90470217775415	-5.802963162277964	-1.891494513339842
-999.0	915.0	303.16987971145437	14.250085621704283	-6.601271321882088	-2.4420271279681343
-999.0	890.0	303.9909028583966	13.478479102805801	-7.1816918158237	-2.8662517026618777
-999.0	865.0	304.8256259510795	12.585826520566586	-7.672161136880346	-3.106597465497484
-999.0	840.0	305.69478328520404	11.606454943433222	-8.103873863632304	-3.1390127179063447
-999.0	815.0	306.6295340849002	10.547667391506248	-8.42261333965961	-2.966693092459515
-999.0	790.0	307.7046083903468	9.424793400882207	-8.557950800583683	-2.6125451000407294
-999.0	765.0	308.9510582142682	8.295120084727252	-8.471801777680708	-2.1419263743668897
-999.0	740.0	310.29857819889304	7.307071519486694	-8.100443550649976	-1.6694439976004602
-999.0	715.0	311.6913074807934	6.50868905032122	-7.506200955605789	-1.2504600659702518
-999.0	690.0	313.07676178875795	5.823919882376981	-6.848449006768643	-0.8823327974151696
-999.0	665.0	314.4242139995298	5.2732151641889775	-6.1609916889373055	-0.5756801816485175
-999.0	640.0	315.8191255307635	4.7521413739448635	-5.656065492718299	-0.2917664864525738
-999.0	615.0	317.28037421589164	4.264513364544614	-5.420311844827211	-0.03228302265193611
-999.0	590.0	318.91537056614214	3.7971658561332657	-5.382442100364484	0.18818596592691986
-999.0	565.0	320.749412763502	3.3441369782811274	-5.558329716462786	0.35187576830181316
-999.0	540.0	322.6853044534538	2.8930113928185515	-5.833774402990576	0.44051348342112523
-999.0	515.0	324.6811962905187	2.427682334626157	-6.173984987730238	0.4241112988466648
-999.0	490.0	326.7176043995789	2.0022545653728754	-6.452516904813645	0.27262633204184233
-999.0	465.0	328.75892662623914	1.6145658771748865	-6.619018978266809	-0.02015005498779713
-999.0	440.0	330.79946963859487	1.2927663946225294	-6.681349246084323	-0.3285896981962876
-999.0	415.0	332.80674159188123	1.038931754590182	-6.613698969836588	-0.5806652146052413
-999.0	390.0	334.80153737527286	0.8334622361501774	-6.377982652389708	-0.6689331522556377
-999.0	365.0	336.74385568757026	0.6719819423225172	-5.914452877309588	-0.5383699617038143
-999.0	340.0	338.5862357933173	0.5417152119133564	-5.151925118985001	-0.218802231317954
-999.0	315.0	340.2948112997891	0.43812603249363974	-4.1328487595152374	0.2616440165589698
-999.0	290.0	341.9444166554009	0.3337615326989759	-3.1450829582725857	0.8125136601796225
-999.0	265.0	343.59346778444836	0.23796691523611882	-2.330046022655801	1.4061490833895207
-999.0	240.0	345.23379348347237	0.15328937341217622	-1.6650743814714357	2.068651632302341
-999.0	215.0	346.7808212131812	0.0863775524230282	-1.002253099108989	2.7047043265659862
-999.0	190.0	348.45036048491903	0.04416840352164001	-0.008866796545985524	2.9636039622472907
-999.0	165.0	350.84514728807864	0.020583384699061662	1.4448935335248798	2.4651932330043165
-999.0	140.0	355.41572404414626	0.009423336929664648	2.4006786901779416	1.5196718044582889
-999.0	115.0	367.13007873529403	0.0056906853634346695	2.704272564086619	0.844373750189929
-999.0	90.0	393.8704211584074	0.005133019635212365	4.189243131673614	0.45670001930053494
-999.0	65.0	442.7534010202632	0.0033013002528739965	1.2749440847539548	0.22863969827691827
-999.0	40.0	532.5763798266861	0.01374122077875114	-8.678108237499814	0.08280016020814689
-999.0	15.0	721.7803800846497	0.06875458287282112	-16.96541619342235	0.12457361278975407
244.36111111111111	40	1004.0263296998576	day	levels	pres0
-999.0	990.0	299.10433608840566	16.33472928588769	-2.6877400003097645	-0.6675134514814876
-999.0	965.0	300.86858314438774	15.476295895046647	-4.620832870771844	-1.308044348061543
-999.0	940.0	302.15036615047444	14.894767001823148	-5.8349938474503285	-1.9098628419738826
-999.0	915.0	303.1234068127665	14.237904007052203	-6.645301370410055	-2.467239725288503
-999.0	890.0	303.9481538922552	13.46860754931415	-7.221793825611631	-2.8912366018802946
-999.0	865.0	304.7841522605196	12.581343129829126	-7.699405975547827	-3.1247985696902876
-999.0	840.0	305.6544821595465	11.608905521439903	-8.117086795377146	-3.147521500970099
-999.0	815.0	306.59123643874	10.555744777491043	-8.424263462608259	-2.9640332099832065
-999.0	790.0	307.6678498637806	9.434074288533033	-8.550971901711147	-2.598465241491796
-999.0	765.0	308.91765939605546	8.299271102304797	-8.458863341146072	-2.1173671873481976
-999.0	740.0	310.2701987186677	7.302811208330554	-8.082210027693257	-1.6371074304628803
-999.0	715.0	311.66894550195855	6.496087122846545	-7.482653822979837	-1.2126370461796019
-999.0	690.0	313.059743957633	5.806810968452048	-6.821177646149853	-0.8399603589047469
-999.0	665.0	314.4114897240044	5.256103743005701	-6.132836377225201	-0.5299489681069119
-999.0	640.0	315.8102934617441	4.735717329346123	-5.632870549405085	-0.2449755456563584
-999.0	615.0	317.2748032404685	4.249510720924112	-5.40914485097668	0.012334976169909896
-999.0	590.0	318.91098161974696	3.7833573422682307	-5.3834254171377305	0.22730566862604393
-999.0	565.0	320.7435344152288	3.3314548064897234	-5.56955925733953	0.38181442146497224
-999.0	540.0	322.6776338867164	2.8812523898151317	-5.8512095497736905	0.4606357363087014
-999.0	515.0	324.6719439973323	2.4167030525428395	-6.192307604821717	0.4347959092565218
-999.0	490.0	326.70705439173605	1.9924477329592745	-6.467670366834869	0.2758456264381104
-999.0	465.0	328.74752595466026	1.606443906271907	-6.627563962781857	-0.021868629130973802
-999.0	440.0	330.78821121628795	1.285938741800232	-6.6841001533615625	-0.3341287120452222
-999.0	415.0	332.7967379928052	1.0328929880978943	-6.613029482739936	-0.5884120784193841
-999.0	390.0	334.7930388540186	0.828312272159963	-6.3760141218885895	-0.6744826180101386
-999.0	365.0	336.73646687773305	0.6678124881453027	-5.913558626340485	-0.5367262735962784
-999.0	340.0	338.57830480557783	0.5384325809132934	-5.15469726368232	-0.20850099807168593
-999.0	315.0	340.28406918245037	0.43560834800433756	-4.142699078771695	0.2794975648198491
-999.0	290.0	341.9290397860123	0.33188581234419157	-3.1668504343172383	0.8336152320290549
-999.0	265.0	343.57252481715574	0.2366227052565442	-2.3681287722730646	1.4248102797557258
-999.0	240.0	345.2097524229319	0.1524970817931553	-1.7190324498086917	2.07975712584123
-999.0	215.0	346.7598291731096	0.08600866402510901	-1.0661208706556489	2.7033802242374674
-999.0	190.0	348.4371009741075	0.04399331469939648	-0.07650877393911791	2.9470672345271907
-999.0	165.0	350.838082227309	0.02051150888193086	1.3718671345233402	2.437658662735334
-999.0	140.0	355.41504191604116	0.009405298790905972	2.3212326406329824	1.486099157932275
-999.0	115.0	367.147576410491	0.00569154994122477	2.6359978076071378	0.8097637246052888
-999.0	90.0	393.91319338252384	0.005131686276635501	4.1533647268826925	0.4368648761826154
-999.0	65.0	442.7697507187985	0.0032845081338935037	1.2620108083902406	0.22977715213265615
-999.0	40.0	532.543374551528	0.013715255910668703	-8.687968337609433	0.0924849370724301
-999.0	15.0	721.6691143736919	0.06847074638224347	-16.9829121093369	0.13198654710480986
244.375	40	1004.034932454427	day	levels	pres0
-999.0	990.0	299.0734232820932	16.36292303933038	-2.694868094391293	-0.6766458664917283
-999.0	965.0	300.8063229162487	15.480300691392685	-4.630070800582568	-1.3182902100702951
-999.0	940.0	302.09781567095143	14.88483182589213	-5.86702453262276	-1.928231170607938
-999.0	915.0	303.0769339140786	14.225722392400105	-6.6893314189381075	-2.4924523226088953
-999.0	890.0	303.9054049261139	13.458735995822483	-7.261895835399628	-2.916221501098739
-999.0	865.0	304.74267856995965	12.576859739091658	-7.7266508142153425	-3.1429996738831205
-999.0	840.0	305.61418103388866	11.61135609944661	-8.130299727121988	-3.1560302840338816
-999.0	815.0	306.5529387925797	10.563822163475884	-8.425913585556877	-2.9613733275069127
-999.0	790.0	307.63109133721423	9.443355176183912	-8.543993002838558	-2.5843853829428554
-999.0	765.0	308.8842605778429	8.303422119882368	-8.445924904611376	-2.0928080003294682
-999.0	740.0	310.24181923844253	7.298550897174412	-8.063976504736475	-1.6047708633252313
-999.0	715.0	311.6465835231237	6.483485195371842	-7.459106690353817	-1.174814026388857
-999.0	690.0	313.0427261265082	5.789702054527072	-6.79390628553099	-0.7975879203942087
-999.0	665.0	314.39876544847897	5.238992321822379	-6.104681065513028	-0.48421775456517935
-999.0	640.0	315.8014613927247	4.719293284747336	-5.609675606091818	-0.1981846048600144
-999.0	615.0	317.26923226504533	4.234508077303569	-5.397977857126129	0.056952974991872914
-999.0	590.0	318.9065926733517	3.7695488284031544	-5.384408733910984	0.2664253713252644
-999.0	565.0	320.7376560669559	3.3187726346982855	-5.580788798216315	0.4117530746281976
-999.0	540.0	322.66996331997944	2.86949338681168	-5.86864469655686	0.48075798919631374
-999.0	515.0	324.6626917041458	2.4057237704594927	-6.2106302219132585	0.4454805196663882
-999.0	490.0	326.6965043838931	1.9826409005456502	-6.48282382885615	0.2790649208343692
-999.0	465.0	328.7361252830816	1.5983219353689082	-6.636108947296936	-0.023587203274170646
-999.0	440.0	330.776952793981	1.2791110889779198	-6.6868510606388245	-0.3396677258941862
-999.0	415.0	332.78673439372943	1.0268542216055925	-6.612359995643297	-0.596158942233564
-999.0	390.0	334.7845403327643	0.8231623081697359	-6.3740455913874845	-0.6800320837646723
-999.0	365.0	336.72907806789584	0.6636430339680777	-5.912664375371402	-0.5350825854887565
-999.0	340.0	338.57037381783846	0.5351499499132236	-5.157469408379661	-0.19819976482540377
-999.0	315.0	340.2733270651116	0.4330906635150313	-4.152549398028189	0.2973511130807713
-999.0	290.0	341.91366291662365	0.33001009198940456	-3.1886179103619523	0.854716803878546
-999.0	265.0	343.5515818498628	0.23527849527696768	-2.406211521890428	1.4434714761219862
-999.0	240.0	345.1857113623915	0.1517047901741332	-1.7729905181460912	2.0908626193801556
-999.0	215.0	346.73883713303815	0.0856397756271892	-1.1299886422024834	2.7020561219089565
-999.0	190.0	348.4238414632959	0.04381822587715255	-0.14415075133244193	2.930530506807069
-999.0	165.0	350.8310171665392	0.02043963306479984	1.2988407355215814	2.4101240924663014
-999.0	140.0	355.4143597879363	0.009387260652147235	2.241786591087779	1.452526511406177
-999.0	115.0	367.16507408568776	0.005692414519014872	2.5677230511274596	0.7751536990205447
-999.0	90.0	393.95596560664035	0.005130352918058635	4.117486322091685	0.4170297330646361
-999.0	65.0	442.78610041733367	0.003267716014912972	1.2490775320265028	0.2309146059883967
-999.0	40.0	532.51036927637	0.013689291042586168	-8.697828437719082	0.10216971393674612
-999.0	15.0	721.5578486627338	0.06818690989166498	-17.000408025251495	0.13939948141988784
244.38888888888889	40	1004.2641343481747	day	levels	pres0
-999.0	990.0	299.04240231803453	16.38841777377661	-2.7017168443259103	-0.6856414914090951
-999.0	965.0	300.74398523297236	15.48076028294034	-4.6390910425258	-1.3283804151471041
-999.0	940.0	302.0452558920367	14.873130868982377	-5.898801009044262	-1.9463682441891752
-999.0	915.0	303.0304570543303	14.212327627488115	-6.733059381997175	-2.517302993455056
-999.0	890.0	303.8626505067517	13.447593697795156	-7.301693118280859	-2.9408383186860667
-999.0	865.0	304.701201835978	12.57073273482146	-7.753601279523647	-3.160862494765987
-999.0	840.0	305.5738610980426	11.611743061630825	-8.143229924602268	-3.164192853518484
-999.0	815.0	306.5146670099828	10.569502597973688	-8.427284264270153	-2.958329372935833
-999.0	790.0	307.5943631370544	9.450085065982979	-8.53673707629425	-2.5698926497572714
-999.0	765.0	308.8508876885738	8.30553659244821	-8.43271843813081	-2.0678696542932142
-999.0	740.0	310.2134732227695	7.293084193159032	-8.045535419090264	-1.572188115437245
-999.0	715.0	311.6242250688968	6.470325685577613	-7.4354604240736535	-1.1369351616795749
-999.0	690.0	313.0257467292639	5.772205629466474	-6.766627615041726	-0.7553286648147974
-999.0	665.0	314.3860417021262	5.2215547074138176	-6.076583200582725	-0.43874324388497726
-999.0	640.0	315.792643768653	4.702542077428011	-5.586561691383869	-0.1517405960777303
-999.0	615.0	317.2636714627455	4.219112421259449	-5.38687613896197	0.1011926605838068
-999.0	590.0	318.90220044148913	3.755305144889838	-5.385431022003849	0.305177974020297
-999.0	565.0	320.73180654716	3.3056896864263927	-5.592016129995953	0.44138398243801175
-999.0	540.0	322.66229702146984	2.857366840964468	-5.886034743607435	0.5006235330193274
-999.0	515.0	324.6534578552035	2.394410262505202	-6.228862171739735	0.45596620185806913
-999.0	490.0	326.6859655779633	1.9725673482005874	-6.497882815146911	0.28210573533066474
-999.0	465.0	328.7247630611484	1.590042727321011	-6.644604290157203	-0.025498468566833576
-999.0	440.0	330.76572950325834	1.2721583608675817	-6.689570519869098	-0.34543175176707214
-999.0	415.0	332.7767228022369	1.020719155577224	-6.611656452350923	-0.6041891723928894
-999.0	390.0	334.7760419964093	0.8179295637219355	-6.372054813590689	-0.6858855145897325
-999.0	365.0	336.72167682152264	0.6593424419607974	-5.911773588738333	-0.5337235961845344
-999.0	340.0	338.56240937142474	0.5317471821412966	-5.16025611765132	-0.1881453589892647
-999.0	315.0	340.2625680459087	0.43051788417829223	-4.1624177338348645	0.31500456529889564
-999.0	290.0	341.8982681375935	0.32811889532999383	-3.2104013103325126	0.8756589083760116
-999.0	265.0	343.5306476924894	0.23393393333219364	-2.4443072676659057	1.4620102955068897
-999.0	240.0	345.1617030840855	0.15091161109093118	-1.8269674099844422	2.10186053610144
-999.0	215.0	346.71787841041777	0.08526978542867245	-1.1938713301479837	2.700624343674681
-999.0	190.0	348.41056704131563	0.043640875211560265	-0.211778258467981	2.9138836053970323
-999.0	165.0	350.8239057687172	0.02036478687911342	1.2258473620921515	2.3824637511638516
-999.0	140.0	355.41363462935027	0.009367849960934668	2.162330327348471	1.4188002772344308
-999.0	115.0	367.18254284242886	0.005691817120855881	2.4994409007053933	0.7405165222380997
-999.0	90.0	393.99873192734003	0.005126492287762413	4.081607441958234	0.39719337125501625
-999.0	65.0	442.8024637929782	0.003251216112762492	1.2361448732331117	0.23205210331735485
-999.0	40.0	532.4773792409044	0.013664648477217996	-8.707688314863205	0.1118545162227191
-999.0	15.0	721.4466135959495	0.06791802873995902	-17.017902921563334	0.14681241712512272
244.40277777777777	40	1004.4933362419223	day	levels	pres0
-999.0	990.0	299.01138135397593	16.41391250822278	-2.708565594260523	-0.6946371163264528
-999.0	965.0	300.6816475496961	15.481219874487984	-4.6481112844690085	-1.3384706202239023
-999.0	940.0	301.992696113122	14.86142991207265	-5.930577485465696	-1.9645053177703968
-999.0	915.0	302.9839801945822	14.198932862576148	-6.776787345056162	-2.542153664301198
-999.0	890.0	303.81989608738974	13.436451399767844	-7.341490401162025	-2.965455136273368
-999.0	865.0	304.6597251019963	12.564605730551262	-7.780551744831921	-3.178725315648824
-999.0	840.0	305.53354116219657	11.612130023815014	-8.156160122082552	-3.1723554230030624
-999.0	815.0	306.47639522738586	10.575183032471452	-8.428654942983458	-2.9552854183647357
-999.0	790.0	307.5576349368948	9.456814955782006	-8.529481149749994	-2.5553999165716954
-999.0	765.0	308.8175147993049	8.307651065014023	-8.419511971650303	-2.042931308256999
-999.0	740.0	310.1851272070968	7.287617489143657	-8.027094333444122	-1.5396053675493278
-999.0	715.0	311.6018666146698	6.457166175783422	-7.411814157793561	-1.0990562969703874
-999.0	690.0	313.0087673320197	5.754709204405921	-6.73934894455253	-0.7130694092355009
-999.0	665.0	314.3733179557736	5.204117093005306	-6.048485335652488	-0.3932687332049015
-999.0	640.0	315.78382614458127	4.68579087010873	-5.563447776675968	-0.10529658729557374
-999.0	615.0	317.2581106604455	4.203716765215373	-5.37577442079783	0.14543234617562467
-999.0	590.0	318.89780820962653	3.7410614613765616	-5.386453310096706	0.3439305767152346
-999.0	565.0	320.7259570273641	3.2926067381545407	-5.603243461775555	0.47101489024776044
-999.0	540.0	322.65463072296035	2.8452402951172893	-5.903424790657957	0.5204890768423054
-999.0	515.0	324.6442240062611	2.3830967545509383	-6.247094121566149	0.4664518840497411
-999.0	490.0	326.6754267720335	1.9624937958555495	-6.512941801437617	0.2851465498269705
-999.0	465.0	328.71340083921507	1.581763519273131	-6.653099633017437	-0.02740973385947592
-999.0	440.0	330.75450621253566	1.2652056327572605	-6.692289979099352	-0.35119577763992826
-999.0	415.0	332.7667112107445	1.0145840895488698	-6.610952909058534	-0.612219402552177
-999.0	390.0	334.76754366005423	0.812696819274148	-6.370064035793883	-0.6917389454147593
-999.0	365.0	336.71427557514954	0.6550418499535267	-5.9108828021052435	-0.532364606880298
-999.0	340.0	338.5544449250111	0.5283444143693768	-5.163042826922953	-0.17809095315313925
-999.0	315.0	340.25180902670576	0.42794510484155773	-4.172286069641507	0.3326580175169772
-999.0	290.0	341.88287335856336	0.3262276986705858	-3.2321847103030144	0.8966010128734181
-999.0	265.0	343.50971353511574	0.2325893713874217	-2.482403013441284	1.4805491148917362
-999.0	240.0	345.1376948057795	0.15011843200773017	-1.8809443018226515	2.112858452822687
-999.0	215.0	346.69691968779756	0.08489979523015621	-1.2577540180933087	2.6991925654403963
-999.0	190.0	348.39729261933536	0.04346352454596838	-0.2794057656033285	2.8972367039870197
-999.0	165.0	350.8167943708954	0.02028994069342723	1.1528539886629425	2.3548034098614528
-999.0	140.0	355.4129094707643	0.009348439269722161	2.0828740636094074	1.3850740430627706
-999.0	115.0	367.2000115991699	0.005691219722696891	2.4311587502835263	0.7058793454557584
-999.0	90.0	394.0414982480394	0.005122631657466203	4.04572856182487	0.3773570094454559
-999.0	65.0	442.8188271686224	0.0032347162106120438	1.2232122144397461	0.2331896006463109
-999.0	40.0	532.4443892054385	0.013640005911849913	-8.717548192007301	0.12153931850865926
-999.0	15.0	721.3353785291656	0.06764914758825388	-17.035397817875122	0.15422535283033562
244.41666666666666	40	1004.7225381356699	day	levels	pres0
-999.0	990.0	298.9803603899172	16.439407242669024	-2.715414344195143	-0.703632741243825
-999.0	965.0	300.6193098664197	15.481679466035635	-4.657131526412243	-1.348560825300718
-999.0	940.0	301.9401363342073	14.84972895516289	-5.962353961887206	-1.9826423913516433
-999.0	915.0	302.937503334834	14.185538097664157	-6.820515308115242	-2.5670043351473693
-999.0	890.0	303.7771416680275	13.425309101740513	-7.381287684043268	-2.990071953860704
-999.0	865.0	304.6182483680146	12.558478726281061	-7.807502210140235	-3.196588136531696
-999.0	840.0	305.4932212263502	11.61251698599922	-8.169090319562837	-3.1805179924876676
-999.0	815.0	306.43812344478897	10.580863466969259	-8.430025621696743	-2.9522414637936523
-999.0	790.0	307.5209067367349	9.463544845581072	-8.522225223205687	-2.540907183386107
-999.0	765.0	308.78414191003594	8.309765537579866	-8.406305505169744	-2.017992962220741
-999.0	740.0	310.1567811914238	7.2821507851282785	-8.00865324779791	-1.5070226196613363
-999.0	715.0	311.57950816044286	6.444006665989198	-7.388167891513401	-1.0611774322611
-999.0	690.0	312.9917879347753	5.737212779345321	-6.712070274063265	-0.670810153656083
-999.0	665.0	314.36059420942087	5.186679478596745	-6.020387470722183	-0.3477942225246915
-999.0	640.0	315.7750085205096	4.669039662789403	-5.54033386196802	-0.05885257851328053
-999.0	615.0	317.2525498581455	4.188321109171256	-5.36467270263367	0.18967203176756828
-999.0	590.0	318.8934159777639	3.7268177778632436	-5.387475598189572	0.3826831794102764
-999.0	565.0	320.7201075075684	3.2795237898826493	-5.614470793555191	0.5006457980575827
-999.0	540.0	322.6469644244509	2.8331137492700766	-5.920814837708534	0.5403546206653255
-999.0	515.0	324.6349901573187	2.3717832465966455	-6.265326071392624	0.47693756624142647
-999.0	490.0	326.66488796610366	1.9524202435104865	-6.528000787728379	0.28818736432326963
-999.0	465.0	328.70203861728186	1.5734843112252321	-6.661594975877701	-0.029320999152136193
-999.0	440.0	330.74328292181315	1.2582529046469222	-6.695009438329623	-0.35695980351281154
-999.0	415.0	332.756699619252	1.0084490235205008	-6.610249365766157	-0.6202496327114991
-999.0	390.0	334.75904532369924	0.8074640748263475	-6.368073257997084	-0.6975923762398157
-999.0	365.0	336.7068743287764	0.6507412579462456	-5.909992015472169	-0.5310056175760719
-999.0	340.0	338.5464804785974	0.5249416465974497	-5.165829536194608	-0.1680365473169968
-999.0	315.0	340.24105000750285	0.42537232550481835	-4.182154405448182	0.35031146973510296
-999.0	290.0	341.86747857953293	0.3243365020111746	-3.253968110273577	0.9175431173708832
-999.0	265.0	343.4887793777422	0.23124480944264755	-2.5204987592167654	1.4990879342766363
-999.0	240.0	345.11368652747353	0.14932525292452808	-1.9349211936610093	2.123856369543968
-999.0	215.0	346.67596096517707	0.08452980503163944	-1.3216367060388172	2.697760787206116
-999.0	190.0	348.3840181973549	0.04328617388037606	-0.3470332727388738	2.8805898025769783
-999.0	165.0	350.8096829730734	0.0202150945077408	1.0798606152335115	2.3271430685589984
-999.0	140.0	355.4121843121784	0.009329028578509589	2.0034177998701	1.3513478088910222
-999.0	115.0	367.21748035591094	0.005690622324537903	2.3628765998614574	0.671242168673314
-999.0	90.0	394.0842645687389	0.005118771027169987	4.009849681691414	0.3575206476358398
-999.0	65.0	442.83519054426677	0.0032182163084615596	1.2102795556463501	0.23432709797527518
-999.0	40.0	532.4113991699728	0.013615363346481741	-8.72740806915143	0.13122412079463508
-999.0	15.0	721.2241434623812	0.06738026643654788	-17.052892714186967	0.16163828853557077
244.43055555555554	40	1004.9517400294172	day	levels	pres0
-999.0	990.0	298.9493394258586	16.464901977115183	-2.7222630941297563	-0.7126283661611826
-999.0	965.0	300.55697218314356	15.482139057583279	-4.666151768355452	-1.3586510303775163
-999.0	940.0	301.8875765552926	14.838027998253162	-5.9941304383086385	-2.0007794649328643
-999.0	915.0	302.89102647508577	14.172143332752187	-6.864243271174231	-2.591855005993509
-999.0	890.0	303.73438724866537	13.414166803713204	-7.421084966924433	-3.0146887714480064
-999.0	865.0	304.576771634033	12.552351722010862	-7.834452675448508	-3.2144509574145337
-999.0	840.0	305.4529012905043	11.612903948183408	-8.18202051704312	-3.1886805619722454
-999.0	815.0	306.39985166219213	10.586543901467024	-8.431396300410052	-2.9491975092225577
-999.0	790.0	307.48417853657514	9.470274735380096	-8.514969296661434	-2.526414450200532
-999.0	765.0	308.7507690207671	8.311880010145684	-8.393099038689238	-1.9930546161845266
-999.0	740.0	310.12843517575106	7.2766840811129025	-7.990212162151767	-1.474439871773418
-999.0	715.0	311.55714970621597	6.430847156195004	-7.364521625233306	-1.023298567551913
-999.0	690.0	312.97480853753103	5.719716354284773	-6.68479160357407	-0.6285508980767867
-999.0	665.0	314.34787046306815	5.169241864188232	-5.992289605791947	-0.3023197118446157
-999.0	640.0	315.7661908964378	4.652288455470121	-5.517219947260122	-0.012408569731123989
-999.0	615.0	317.2469890558458	4.172925453127178	-5.3535709844695285	0.23391171735938612
-999.0	590.0	318.88902374590134	3.7125740943499665	-5.388497886282426	0.4214357821052141
-999.0	565.0	320.71425798777256	3.2664408416107946	-5.625698125334792	0.5302767058673312
-999.0	540.0	322.6392981259414	2.8209872034228964	-5.938204884759054	0.5602201644883033
-999.0	515.0	324.6257563083764	2.3604697386423825	-6.28355802121904	0.48742324843309826
-999.0	490.0	326.6543491601739	1.9423466911654481	-6.543059774019087	0.29122817881957536
-999.0	465.0	328.69067639534865	1.5652051031773524	-6.670090318737932	-0.03123226444477864
-999.0	440.0	330.73205963109046	1.2513001765366003	-6.697728897559876	-0.3627238293856677
-999.0	415.0	332.74668802775966	1.0023139574921471	-6.60954582247377	-0.6282798628707869
-999.0	390.0	334.7505469873442	0.8022313303785596	-6.366082480200276	-0.7034458070648426
-999.0	365.0	336.6994730824033	0.6464406659389751	-5.909101228839079	-0.5296466282718352
-999.0	340.0	338.53851603218374	0.5215388788255301	-5.168616245466243	-0.1579821414808715
-999.0	315.0	340.23029098830006	0.4227995461680835	-4.192022741254824	0.36796492195318475
-999.0	290.0	341.85208380050307	0.32244530535176674	-3.2757515102440777	0.93848522186829
-999.0	265.0	343.46784522036864	0.22990024749787552	-2.5585945049921435	1.5176267536614834
-999.0	240.0	345.08967824916766	0.14853207384132716	-1.9888980854992184	2.134854286265214
-999.0	215.0	346.6550022425569	0.0841598148331232	-1.385519393984143	2.696329008971832
-999.0	190.0	348.3707437753746	0.043108823214784174	-0.4146607798742217	2.8639429011669635
-999.0	165.0	350.8025715752516	0.020140248322054608	1.0068672418043014	2.299482727256601
-999.0	140.0	355.4114591535924	0.009309617887297084	1.923961536131037	1.3176215747193618
-999.0	115.0	367.234949112652	0.00569002492637891	2.294594449439589	0.6366049918909726
-999.0	90.0	394.12703088943823	0.005114910396873776	3.9739708015580506	0.3376842858262796
-999.0	65.0	442.8515539199111	0.003201716406311112	1.197346896852984	0.235464595304231
-999.0	40.0	532.3784091345074	0.013590720781113659	-8.737267946295523	0.14090892308057532
-999.0	15.0	721.1129083955972	0.06711138528484276	-17.07038761049876	0.16905122424078367
244.44444444444446	40	1005.1809419231653	day	levels	pres0
-999.0	990.0	298.9183184617999	16.490396711561434	-2.729111844064365	-0.7216239910785489
-999.0	965.0	300.4946344998673	15.48259864913093	-4.675172010298685	-1.3687412354543276
-999.0	940.0	301.83501677637776	14.826327041343395	-6.025906914730148	-2.018916538514112
-999.0	915.0	302.8445496153375	14.158748567840188	-6.9079712342333135	-2.6167056768396857
-999.0	890.0	303.6916328293032	13.403024505685869	-7.460882249805684	-3.039305589035349
-999.0	865.0	304.53529490005116	12.546224717740655	-7.861403140756835	-3.232313778297411
-999.0	840.0	305.4125813546581	11.613290910367612	-8.194950714523415	-3.196843131456854
-999.0	815.0	306.3615798795951	10.592224335964818	-8.432766979123336	-2.946153554651475
-999.0	790.0	307.44745033641544	9.477004625179152	-8.507713370117132	-2.5119217170149417
-999.0	765.0	308.7173961314981	8.31399448271151	-8.379892572208675	-1.968116270148263
-999.0	740.0	310.10008916007814	7.2712173770975115	-7.971771076505547	-1.4418571238854225
-999.0	715.0	311.534791251989	6.4176876464007675	-7.34087535895313	-0.9854197028426239
-999.0	690.0	312.9578291402868	5.702219929224161	-6.657512933084786	-0.58629164249737
-999.0	665.0	314.33514671671554	5.151804249779661	-5.964191740861621	-0.25684520116440857
-999.0	640.0	315.7573732723661	4.635537248150788	-5.494106032552154	0.03403543905116563
-999.0	615.0	317.24142825354585	4.157529797083054	-5.342469266305358	0.278151402951326
-999.0	590.0	318.8846315140387	3.6983304108366433	-5.389520174375286	0.46018838480025204
-999.0	565.0	320.7084084679767	3.2533578933389005	-5.636925457114431	0.5599076136771488
-999.0	540.0	322.6316318274318	2.8088606575756803	-5.955594931809638	0.5800857083113183
-999.0	515.0	324.61652245943395	2.349156230688087	-6.301789971045521	0.49790893062477914
-999.0	490.0	326.643810354244	1.9322731388203827	-6.558118760309852	0.2942689933158703
-999.0	465.0	328.6793141734153	1.5569258951294511	-6.678585661598204	-0.033143529737442515
-999.0	440.0	330.7208363403677	1.2443474484262596	-6.70044835679015	-0.36848785525855443
-999.0	415.0	332.7366764362672	0.9961788914637758	-6.6088422791813946	-0.6363100930301122
-999.0	390.0	334.7420486509892	0.7969985859307571	-6.364091702403481	-0.7092992378898993
-999.0	365.0	336.69207183603015	0.6421400739316923	-5.908210442206009	-0.5282876389676028
-999.0	340.0	338.5305515857702	0.5181361110536012	-5.171402954737903	-0.14792773564471623
-999.0	315.0	340.219531969097	0.4202267668313436	-4.201891077061504	0.38561837417132816
-999.0	290.0	341.8366890214728	0.32055410869235534	-3.2975349102146416	0.9594273263657751
-999.0	265.0	343.44691106299484	0.22855568555310127	-2.5966902507676255	1.5361655730464008
-999.0	240.0	345.0656699708617	0.14773889475812477	-2.0428749773375747	2.145852202986505
-999.0	215.0	346.6340435199365	0.08378982463460624	-1.4494020819296465	2.6948972307375585
-999.0	190.0	348.3574693533943	0.042931472549191864	-0.48228828700976617	2.8472959997569296
-999.0	165.0	350.7954601774296	0.02006540213636819	0.9338738683748571	2.271822385954156
-999.0	140.0	355.41073399500624	0.009290207196084515	1.844505272391704	1.283895340547622
-999.0	115.0	367.25241786939296	0.005689427528219916	2.2263122990174984	0.6019678151085285
-999.0	90.0	394.1697972101378	0.005111049766577541	3.9380919214245815	0.3178479240166519
-999.0	65.0	442.8679172955556	0.0031852165041606284	1.1844142380595861	0.236602092633181
-999.0	40.0	532.3454190990416	0.013566078215745474	-8.747127823439653	0.15059372536654755
-999.0	15.0	721.001673328813	0.06684250413313671	-17.0878825068106	0.17646415994602577
244.45833333333334	40	1005.4101438169128	day	levels	pres0
-999.0	990.0	298.8872974977413	16.5158914460076	-2.7359605939989735	-0.7306196159959059
-999.0	965.0	300.432296816591	15.483058240678572	-4.684192252241888	-1.3788314405311286
-999.0	940.0	301.7824569974631	14.814626084433664	-6.057683391151581	-2.0370536120953364
-999.0	915.0	302.79807275558943	14.145353802928225	-6.951699197292301	-2.641556347685829
-999.0	890.0	303.6488784099412	13.391882207658567	-7.500679532686849	-3.0639224066226527
-999.0	865.0	304.49381816606956	12.540097713470459	-7.888353606065107	-3.2501765991802514
-999.0	840.0	305.3722614188121	11.613677872551804	-8.207880912003697	-3.2050057009414337
-999.0	815.0	306.32330809699823	10.597904770462586	-8.434137657836645	-2.9431096000803807
-999.0	790.0	307.41072213625574	9.483734514978181	-8.500457443572879	-2.4974289838293666
-999.0	765.0	308.68402324222905	8.316108955277324	-8.36668610572817	-1.94317792411205
-999.0	740.0	310.07174314440545	7.265750673082135	-7.953329990859405	-1.4092743759975055
-999.0	715.0	311.512432797762	6.404528136606577	-7.3172290926730374	-0.947540838133436
-999.0	690.0	312.9408497430425	5.684723504163613	-6.630234262595593	-0.5440323869180711
-999.0	665.0	314.3224229703629	5.134366635371149	-5.9360938759313875	-0.21137069048432863
-999.0	640.0	315.7485556482944	4.618786040831508	-5.470992117844258	0.08047944783332751
-999.0	615.0	317.23586745124584	4.142134141038978	-5.33136754814122	0.32239108854314974
-999.0	590.0	318.8802392821759	3.684086727323368	-5.390542462468145	0.4989409874951945
-999.0	565.0	320.70255894818087	3.2402749450670463	-5.648152788894034	0.5895385214869014
-999.0	540.0	322.6239655289224	2.796734111728501	-5.97298497886016	0.5999512521342992
-999.0	515.0	324.60728861049176	2.337842722733824	-6.3200219208719375	0.5083946128164529
-999.0	490.0	326.63327154831416	1.922199586475344	-6.573177746600559	0.29730980781217775
-999.0	465.0	328.6679519514819	1.5486466870815718	-6.687081004458434	-0.03505479503008308
-999.0	440.0	330.70961304964516	1.2373947203159372	-6.703167816020403	-0.3742518811314084
-999.0	415.0	332.72666484477486	0.9900438254354218	-6.6081387358890025	-0.6443403231893972
-999.0	390.0	334.73355031463416	0.7917658414829692	-6.362100924606672	-0.7151526687149224
-999.0	365.0	336.68467058965695	0.6378394819244215	-5.9073196555729215	-0.5269286496633625
-999.0	340.0	338.5225871393564	0.5147333432816815	-5.174189664009538	-0.1378733298085874
-999.0	315.0	340.2087729498941	0.4176539874946092	-4.211759412868146	0.4032718263894115
-999.0	290.0	341.8212942424427	0.3186629120329475	-3.3193183101851447	0.9803694308631812
-999.0	265.0	343.42597690562144	0.22721112360832946	-2.6347859965430045	1.5547043924312451
-999.0	240.0	345.0416616925558	0.146945715674924	-2.0968518691757834	2.1568501197077485
-999.0	215.0	346.61308479731616	0.08341983443609012	-1.51328476987497	2.693465452503273
-999.0	190.0	348.34419493141405	0.042754121883599984	-0.5499157941451076	2.8306490983469175
-999.0	165.0	350.7883487796078	0.019990555950681995	0.8608804949456577	2.244162044651759
-999.0	140.0	355.41000883642033	0.009270796504872007	1.765049008652648	1.2501691063759637
-999.0	115.0	367.269886626134	0.005688830130060927	2.158030148595629	0.5673306383261895
-999.0	90.0	394.2125635308371	0.005107189136281332	3.9022130412912115	0.29801156220709374
-999.0	65.0	442.88428067119986	0.003168716602010183	1.171481579266216	0.2377395899621399
-999.0	40.0	532.312429063576	0.013541435650377383	-8.756987700583748	0.16027852765249062
-999.0	15.0	720.8904382620287	0.06657362298143155	-17.105377403122386	0.18387709565124166
244.47222222222223	40	1005.6393457106601	day	levels	pres0
-999.0	990.0	298.8562765336827	16.541386180453838	-2.742809343933598	-0.7396152409132786
-999.0	965.0	300.3699591333145	15.483517832226223	-4.693212494185127	-1.388921645607942
-999.0	940.0	301.72989721854833	14.802925127523913	-6.089459867573092	-2.0551906856765796
-999.0	915.0	302.751595895841	14.131959038016229	-6.995427160351383	-2.6664070185319972
-999.0	890.0	303.606123990579	13.38073990963123	-7.540476815568095	-3.088539224209986
-999.0	865.0	304.4523414320878	12.533970709200258	-7.91530407137342	-3.2680394200631198
-999.0	840.0	305.33194148296593	11.614064834736011	-8.220811109483986	-3.2131682704260367
-999.0	815.0	306.2850363144013	10.603585204960389	-8.435508336549924	-2.9400656455092955
-999.0	790.0	307.3739939360958	9.490464404777248	-8.49320151702857	-2.4829362506437773
-999.0	765.0	308.6506503529601	8.318223427843167	-8.353479639247604	-1.9182395780757904
-999.0	740.0	310.0433971287324	7.260283969066761	-7.934888905213194	-1.3766916281095136
-999.0	715.0	311.4900743435352	6.391368626812352	-7.293582826392876	-0.909661973424149
-999.0	690.0	312.9238703457981	5.667227079103015	-6.602955592106325	-0.5017731313386556
-999.0	665.0	314.30969922401005	5.116929020962589	-5.907996011001082	-0.16589617980412286
-999.0	640.0	315.7397380242227	4.602034833512182	-5.447878203136308	0.12692345661561533
-999.0	615.0	317.23030664894594	4.126738484994858	-5.320265829977058	0.36663077413508727
-999.0	590.0	318.87584705031344	3.6698430438100487	-5.391564750561008	0.5376935901902316
-999.0	565.0	320.696709428385	3.227191996795155	-5.659380120673669	0.6191694292967194
-999.0	540.0	322.6162992304129	2.7846075658812888	-5.990375025910735	0.6198167959573163
-999.0	515.0	324.5980547615493	2.3265292147795313	-6.338253870698412	0.5188802950081367
-999.0	490.0	326.62273274238436	1.9121260341302813	-6.588236732891319	0.3003506223084752
-999.0	465.0	328.6565897295487	1.5403674790336737	-6.6955763473187	-0.036966060322745194
-999.0	440.0	330.6983897589225	1.2304419922056	-6.705887275250674	-0.3800159070042941
-999.0	415.0	332.7166532532824	0.9839087594070528	-6.607435192596626	-0.6523705533487221
-999.0	390.0	334.7250519782791	0.7865330970351689	-6.360110146809875	-0.7210060995399826
-999.0	365.0	336.67726934328374	0.6335388899171408	-5.906428868939847	-0.52556966035914
-999.0	340.0	338.51462269294274	0.5113305755097544	-5.176976373281193	-0.12781892397244837
-999.0	315.0	340.1980139306912	0.4150812081578697	-4.2216277486748215	0.4209252786075357
-999.0	290.0	341.80589946341246	0.31677171537353604	-3.3411017101557055	1.001311535360647
-999.0	265.0	343.4050427482477	0.22586656166355512	-2.6728817423184847	1.5732432118161483
-999.0	240.0	345.0176534142498	0.14615253659172175	-2.150828761014141	2.167848036429032
-999.0	215.0	346.5921260746958	0.08304984423757324	-1.5771674578204804	2.692033674268994
-999.0	190.0	348.3309205094338	0.04257677121800765	-0.617543301280659	2.8140021969368743
-999.0	165.0	350.7812373817859	0.019915709764995567	0.7878871215162171	2.2165017033493033
-999.0	140.0	355.4092836778343	0.00925138581365944	1.6855927449133332	1.2164428722042135
-999.0	115.0	367.28735538287515	0.005688232731901936	2.0897479981735607	0.532693461543743
-999.0	90.0	394.2553298515367	0.005103328505985112	3.8663341611577606	0.2781752003974755
-999.0	65.0	442.90064404684426	0.003152216699859697	1.1585489204728254	0.2388770872911012
-999.0	40.0	532.2794390281102	0.013516793085009212	-8.766847577727876	0.16996332993846366
-999.0	15.0	720.7792031952447	0.06630474182972557	-17.122872299434235	0.19129003135647382
244.48611111111111	40	1005.8685476044076	day	levels	pres0
-999.0	990.0	298.8252555696241	16.566880914900008	-2.749658093868211	-0.7486108658306362
-999.0	965.0	300.3076214500383	15.483977423773863	-4.702232736128336	-1.3990118506847413
-999.0	940.0	301.6773374396336	14.791224170614182	-6.121236343994526	-2.073327759257801
-999.0	915.0	302.7051190360929	14.118564273104264	-7.039155123410369	-2.6912576893781375
-999.0	890.0	303.5633695712169	13.369597611603924	-7.580274098449259	-3.1131560417972888
-999.0	865.0	304.4108646981061	12.527843704930062	-7.942254536681695	-3.2859022409459593
-999.0	840.0	305.2916215471199	11.6144517969202	-8.233741306964266	-3.2213308399106144
-999.0	815.0	306.2467645318044	10.609265639458153	-8.43687901526323	-2.9370216909382014
-999.0	790.0	307.33726573593617	9.497194294576271	-8.485945590484317	-2.4684435174582027
-999.0	765.0	308.6172774636912	8.32033790040898	-8.340273172767102	-1.8933012320395761
-999.0	740.0	310.0150511130596	7.254817265051382	-7.916447819567048	-1.3441088802215966
-999.0	715.0	311.4677158893082	6.37820911701816	-7.269936560112782	-0.8717831087149621
-999.0	690.0	312.90689094855384	5.6497306540424646	-6.57567692161713	-0.4595138757593592
-999.0	665.0	314.2969754776575	5.099491406554075	-5.879898146070844	-0.12042166912404703
-999.0	640.0	315.73092040015104	4.5852836261929015	-5.42476428842841	0.173367465397772
-999.0	615.0	317.2247458466461	4.111342828950782	-5.309164111812918	0.41087045972690533
-999.0	590.0	318.8714548184508	3.655599360296773	-5.392587038653863	0.5764461928851687
-999.0	565.0	320.6908599085892	3.2141090485232997	-5.67060745245327	0.6488003371064683
-999.0	540.0	322.60863293190346	2.7724810200341095	-6.007765072961257	0.6396823397802942
-999.0	515.0	324.588820912607	2.3152157068252683	-6.356485820524828	0.5293659771998083
-999.0	490.0	326.6121939364546	1.9020524817852427	-6.603295719182027	0.3033914368047811
-999.0	465.0	328.64522750761546	1.5320882709857937	-6.704071690178932	-0.03887732561538763
-999.0	440.0	330.6871664681998	1.2234892640952777	-6.708606734480928	-0.3857799328771499
-999.0	415.0	332.70664166178994	0.977773693378699	-6.606731649304238	-0.6604007835080098
-999.0	390.0	334.716553641924	0.7813003525873814	-6.358119369013068	-0.7268595303650094
-999.0	365.0	336.66986809691076	0.6292382979098702	-5.905538082306758	-0.5242106710549037
-999.0	340.0	338.5066582465291	0.5079278077378345	-5.179763082552829	-0.11776451813632302
-999.0	315.0	340.18725491148837	0.4125084288211352	-4.231496084481461	0.4385787308256174
-999.0	290.0	341.79050468438226	0.3148805187141282	-3.3628851101262076	1.0222536398580542
-999.0	265.0	343.3841085908743	0.2245219997187832	-2.710977488093864	1.5917820312009952
-999.0	240.0	344.99364513594384	0.14535935750852075	-2.2048056528523503	2.178845953150279
-999.0	215.0	346.57116735207575	0.08267985403905703	-1.6410501457658058	2.6906018960347096
-999.0	190.0	348.31764608745345	0.042399420552415794	-0.6851708084160067	2.7973552955268617
-999.0	165.0	350.77412598396404	0.01984086357930938	0.7148937480870075	2.188841362046904
-999.0	140.0	355.4085585192483	0.00923197512244693	1.6061364811742702	1.1827166380325531
-999.0	115.0	367.3048241396162	0.005687635333742946	2.0214658477516925	0.4980562847614016
-999.0	90.0	394.29809617223617	0.0050994678756889015	3.8304552810243977	0.2583388385879153
-999.0	65.0	442.9170074224886	0.0031357167977092487	1.145616261679458	0.2400145846200573
-999.0	40.0	532.2464489926448	0.01349215051964113	-8.776707454871973	0.17964813222440373
-999.0	15.0	720.6679681284605	0.06603586067802045	-17.14036719574602	0.19870296706168672
244.5	40	1006.0977494981552	day	levels	pres0
-999.0	990.0	298.7942346055654	16.592375649346245	-2.7565068438028297	-0.7576064907480031
-999.0	965.0	300.2452837667621	15.48443701532152	-4.7112529780715695	-1.4091020557615492
-999.0	940.0	301.62477766071885	14.779523213704424	-6.153012820416025	-2.091464832839039
-999.0	915.0	302.65864217634464	14.105169508192274	-7.082883086469438	-2.716108360224301
-999.0	890.0	303.5206151518548	13.358455313576599	-7.62007138133049	-3.1377728593846155
-999.0	865.0	304.36938796412426	12.521716700659857	-7.969205001990002	-3.303765061828825
-999.0	840.0	305.2513016112738	11.61483875910441	-8.246671504444544	-3.229493409395218
-999.0	815.0	306.2084927492075	10.614946073955961	-8.43824969397651	-2.9339777363671193
-999.0	790.0	307.30053753577636	9.503924184375336	-8.478689663940006	-2.4539507842726174
-999.0	765.0	308.5839045744222	8.32245237297482	-8.327066706286535	-1.8683628860033223
-999.0	740.0	309.9867050973867	7.249350561036002	-7.898006733920838	-1.3115261323336094
-999.0	715.0	311.44535743508135	6.365049607223934	-7.246290293832619	-0.83390424400568
-999.0	690.0	312.8899115513095	5.632234228981868	-6.548398251127865	-0.4172546201799479
-999.0	665.0	314.2842517313047	5.082053792145518	-5.85180028114054	-0.07494715844384503
-999.0	640.0	315.7221027760793	4.568532418873576	-5.40165037372046	0.21981147418005598
-999.0	615.0	317.21918504434615	4.095947172906663	-5.298062393648757	0.4551101453188393
-999.0	590.0	318.86706258658813	3.6413556767834563	-5.393609326746728	0.6151987955802017
-999.0	565.0	320.6850103887934	3.2010261002514095	-5.681834784232906	0.6784312449162825
-999.0	540.0	322.60096663339385	2.760354474186898	-6.025155120011834	0.6595478836033077
-999.0	515.0	324.5795870636647	2.3039021988709765	-6.374717770351304	0.5398516593914894
-999.0	490.0	326.60165513052476	1.8919789294401803	-6.618354705472787	0.3064322513010767
-999.0	465.0	328.63386528568236	1.5238090629378953	-6.712567033039199	-0.04078859090805059
-999.0	440.0	330.6759431774771	1.21653653598494	-6.7113261937112005	-0.39154395875003595
-999.0	415.0	332.69663007029743	0.9716386273503304	-6.606028106011865	-0.6684310136673351
-999.0	390.0	334.708055305569	0.7760676081395813	-6.356128591216273	-0.7327129611900698
-999.0	365.0	336.66246685053756	0.6249377059025898	-5.904647295673689	-0.5228516817506816
-999.0	340.0	338.4986938001154	0.5045250399659077	-5.182549791824488	-0.10771011230018393
-999.0	315.0	340.1764958922854	0.4099356494843959	-4.2413644202881375	0.4562321830437415
-999.0	290.0	341.77510990535217	0.3129893220547173	-3.384668510096769	1.043195744355519
-999.0	265.0	343.36317443350055	0.2231774377740091	-2.749073233869341	1.6103208505858972
-999.0	240.0	344.96963685763785	0.14456617842531866	-2.258782544690701	2.189843869871563
-999.0	215.0	346.5502086294552	0.08230986384054025	-1.7049328337113066	2.689170117800435
-999.0	190.0	348.30437166547324	0.04222206988682349	-0.752798315551546	2.7807083941168256
-999.0	165.0	350.76701458614224	0.019766017393622964	0.6419003746575782	2.1611810207444555
-999.0	140.0	355.40783336066244	0.00921256443123437	1.5266802174349627	1.1489904038608072
-999.0	115.0	367.3222928963573	0.005687037935583956	1.953183697329627	0.4634191079789566
-999.0	90.0	394.3408624929357	0.005095607245392686	3.7945764008909455	0.23850247677829525
-999.0	65.0	442.93337079813307	0.003119216895558769	1.1326836028860672	0.24115208194901547
-999.0	40.0	532.213458957179	0.01346750795427296	-8.786567332016098	0.1893329345103767
-999.0	15.0	720.5567330616763	0.06576697952631448	-17.157862092057865	0.20611590276692165
244.51388888888889	40	1006.0553042564862	day	levels	pres0
-999.0	990.0	298.9456380694163	16.54904324037053	-2.7574309463854396	-0.7641998118962556
-999.0	965.0	300.3390163769418	15.484679177955345	-4.657041435992244	-1.3932879140980017
-999.0	940.0	301.6789082698859	14.81228970009607	-6.05503263296897	-2.0495247420061355
-999.0	915.0	302.7050202994186	14.157363323517828	-6.963929348153735	-2.6523767660751054
-999.0	890.0	303.57272554523246	13.415621139385117	-7.495947834518109	-3.061037893234532
-999.0	865.0	304.42731969435675	12.56825557167149	-7.848911884390159	-3.2224735564057183
-999.0	840.0	305.31149500617335	11.646837758429253	-8.131258311094943	-3.1493499636833246
-999.0	815.0	306.26951647879264	10.635779192418214	-8.327272103156453	-2.860352910963019
-999.0	790.0	307.36373051289445	9.51581377011757	-8.37505377442737	-2.391212508772176
-999.0	765.0	308.6484937766169	8.327500461060316	-8.234982870978966	-1.8191349237903616
-999.0	740.0	310.0516817611466	7.249789506564907	-7.823709377168043	-1.2747738849325139
-999.0	715.0	311.5094944150422	6.362723667680484	-7.193972570384657	-0.8074939357185436
-999.0	690.0	312.9521575771565	5.627524262225186	-6.5175428024412225	-0.39978705048788965
-999.0	665.0	314.3434675343793	5.0752364257235545	-5.840247486844456	-0.06513023085569646
-999.0	640.0	315.77865335531186	4.560278599460915	-5.402173739800481	0.22017243877052517
-999.0	615.0	317.2743548654748	4.087083330308946	-5.301095054059488	0.44372191466389127
-999.0	590.0	318.9245088747074	3.632929461789718	-5.39487910823736	0.5938612635327614
-999.0	565.0	320.7488324240787	3.193535922118176	-5.6776639483984	0.6505497561215492
-999.0	540.0	322.6685855810153	2.7542280363447897	-6.014553224138997	0.6291465863217218
-999.0	515.0	324.6463226652201	2.299765977410626	-6.3574827101863285	0.5117362751740142
-999.0	490.0	326.6650696218679	1.8892530660938385	-6.595671513071834	0.2837491177574085
-999.0	465.0	328.69205952756755	1.522027707578229	-6.686274015425132	-0.055153463857933085
-999.0	440.0	330.7284571550781	1.215579331657039	-6.6831711821119715	-0.39627612018843356
-999.0	415.0	332.7436960787672	0.9712753148726532	-6.5777329552780275	-0.6628152864329717
-999.0	390.0	334.7503496382804	0.7760945222811979	-6.328379095336496	-0.7170150161172312
-999.0	365.0	336.7009960555758	0.6251870557251936	-5.878850557668857	-0.49869238583506154
-999.0	340.0	338.53425652502153	0.5045477683989369	-5.1634040676333015	-0.07969102548593102
-999.0	315.0	340.20965754629617	0.4093976741495692	-4.233781225105481	0.4824936586076031
-999.0	290.0	341.80597418753473	0.31216632160875457	-3.3887605238016003	1.064143740359353
-999.0	265.0	343.39101894002124	0.22228948477609564	-2.7618562179491204	1.6229312625932333
-999.0	240.0	344.9923550877526	0.14381914322528855	-2.2749110068206213	2.1902132027230783
-999.0	215.0	346.56594791031085	0.081866609277548	-1.7178389277815245	2.6738188643882426
-999.0	190.0	348.31351894843283	0.042086883212359025	-0.7600641751455177	2.7515355187617825
-999.0	165.0	350.7719724931087	0.01976878084759745	0.6372386081327788	2.128064862360478
-999.0	140.0	355.41696978070115	0.009220554184364056	1.5293023253296352	1.1221238516823036
-999.0	115.0	367.3347867176648	0.005677774831664135	1.9700209661214592	0.4489743993962426
-999.0	90.0	394.32458883372186	0.005073532216354345	3.8152853767445483	0.23773522472674719
-999.0	65.0	442.8775277785234	0.0031265289893511994	1.1627702859552842	0.24499644819693023
-999.0	40.0	532.1850374034483	0.013448314833236297	-8.761606797713881	0.176741740094295
-999.0	15.0	720.5773181289295	0.06581716486655266	-17.124664289899766	0.17955802584546823
244.52777777777777	40	1006.0128590148172	day	levels	pres0
-999.0	990.0	299.09704153326703	16.505710831394918	-2.758355048968007	-0.7707931330444744
-999.0	965.0	300.43274898712133	15.484921340589171	-4.602829893913005	-1.377473772434455
-999.0	940.0	301.7330388790529	14.84505618648763	-5.957052445522104	-2.0075846511732807
-999.0	915.0	302.75139842249234	14.209557138843277	-6.844975609838277	-2.588645171926002
-999.0	890.0	303.62483593861015	13.472786965193547	-7.371824287706002	-2.9843029270845722
-999.0	865.0	304.48525142458874	12.61479444268307	-7.728618766790607	-3.1411820509827755
-999.0	840.0	305.37168840107284	11.678836757754091	-8.015845117745624	-3.069206517971625
-999.0	815.0	306.33054020837784	10.656612310880487	-8.216294512336683	-2.786728085559123
-999.0	790.0	307.4269234900125	9.527703355859824	-8.271417884915008	-2.3284742332719275
-999.0	765.0	308.71308297881114	8.332548549145828	-8.142899035671649	-1.7699069615775649
-999.0	740.0	310.11665842490595	7.250228452093806	-7.749412020415469	-1.238021637531543
-999.0	715.0	311.5736313950026	6.360397728137029	-7.141654846936855	-0.7810836274314923
-999.0	690.0	313.0144036030034	5.622814295468509	-6.48668735375468	-0.38231948079587996
-999.0	665.0	314.40268333745377	5.068419059301602	-5.828694692548414	-0.05531330326756288
-999.0	640.0	315.8352039345442	4.552024780048267	-5.402697105880501	0.22053340336101118
-999.0	615.0	317.32952468660335	4.078219487711238	-5.3041277144702095	0.4323336840089894
-999.0	590.0	318.9819551628265	3.6245032467959875	-5.3961488897279795	0.5725237314853876
-999.0	565.0	320.81265445936407	3.186045743984944	-5.673493112563901	0.6226682673268902
-999.0	540.0	322.7362045286367	2.748101598502679	-6.003951328266184	0.5987452890402126
-999.0	515.0	324.7130582667757	2.2956297559502694	-6.340247650021392	0.4836208909566126
-999.0	490.0	326.7284841132109	1.8865272027474873	-6.572988320670937	0.26106598421380156
-999.0	465.0	328.7502537694528	1.5202463522185514	-6.659980997811136	-0.06951833680777597
-999.0	440.0	330.78097113267887	1.2146221273291258	-6.655016170512825	-0.401008281626819
-999.0	415.0	332.79076208723677	0.9709120023949641	-6.549437804544284	-0.6571995591986276
-999.0	390.0	334.79264397099183	0.7761214364228051	-6.300629599456813	-0.7013170710444406
-999.0	365.0	336.7395252606141	0.6254364055477903	-5.853053819664108	-0.4745330899195099
-999.0	340.0	338.56981924992726	0.5045704968319626	-5.144258343442179	-0.051671938671754125
-999.0	315.0	340.2428192003069	0.40885969881474227	-4.226198029922858	0.5087551341713927
-999.0	290.0	341.83683846971724	0.3113433211627935	-3.392852537506436	1.085091736363123
-999.0	265.0	343.4188634465417	0.22140153177818434	-2.7746392020288804	1.6355416746005156
-999.0	240.0	345.0150733178673	0.14307210802526046	-2.2910394689505074	2.1905825355745527
-999.0	215.0	346.5816871911663	0.0814233547145572	-1.7307450218517049	2.658467610976027
-999.0	190.0	348.3226662313924	0.04195169653789504	-0.7673300347394351	2.7223626434067207
-999.0	165.0	350.77693040007523	0.019771544301571943	0.6325768416080648	2.094948703976484
-999.0	140.0	355.42610620074004	0.009228543937493706	1.5319244332243658	1.095257299503804
-999.0	115.0	367.3472805389726	0.005668511727744327	1.986858234913254	0.43452969081355663
-999.0	90.0	394.30831517450804	0.005051457187316081	3.8359943525980533	0.2369679726752264
-999.0	65.0	442.82168475891416	0.0031338410831435915	1.1928569690243727	0.2488408144448441
-999.0	40.0	532.1566158497179	0.013429121712199711	-8.736646263411764	0.16415054567825635
-999.0	15.0	720.597903196183	0.06586735020679084	-17.09146648774178	0.15300014892408717
244.54166666666666	40	1005.970413773148	day	levels	pres0
-999.0	990.0	299.24844499711804	16.462378422419196	-2.759279151550609	-0.7773864541927278
-999.0	965.0	300.526481597301	15.485163503223001	-4.548618351833663	-1.3616596307709026
-999.0	940.0	301.78716948822006	14.877822672879278	-5.859072258075022	-1.9656445603403676
-999.0	915.0	302.7977765455663	14.261750954168843	-6.72602187152255	-2.5249135777767915
-999.0	890.0	303.67694633198784	13.529952791002087	-7.2477007408936025	-2.9075679609344687
-999.0	865.0	304.54318315482124	12.66133331369472	-7.608325649190752	-3.0598905455596537
-999.0	840.0	305.4318817959721	11.710835757078947	-7.900431924396013	-2.989063072259722
-999.0	815.0	306.39156393796304	10.67744542934275	-8.105316921516627	-2.7131032601550165
-999.0	790.0	307.4901164671305	9.539592941602063	-8.167781995402366	-2.2657359577714815
-999.0	765.0	308.77767218100587	8.337596637231327	-8.05081520036408	-1.720678999364601
-999.0	740.0	310.1816350886658	7.2506673976227125	-7.675114663662677	-1.2012693901304443
-999.0	715.0	311.6377683749634	6.358071788593577	-7.089337123488895	-0.7546733191443532
-999.0	690.0	313.0766496288505	5.61810432871183	-6.455831905068043	-0.3648519111038197
-999.0	665.0	314.4618991405284	5.061601692879639	-5.817141898252337	-0.0454963756794135
-999.0	640.0	315.8917545137767	4.543770960635605	-5.40322047196053	0.220894367951479
-999.0	615.0	317.3846945077321	4.069355645113517	-5.307160374880947	0.4209454533540369
-999.0	590.0	319.0394014509459	3.6160770318022455	-5.397418671218616	0.5511861994379406
-999.0	565.0	320.8764764946494	3.1785555658517053	-5.669322276729403	0.5947867785321491
-999.0	540.0	322.8038234762582	2.7419751606605676	-5.993349432393358	0.5683439917586199
-999.0	515.0	324.7797938683312	2.2914935344899163	-6.323012589856425	0.4555055067391335
-999.0	490.0	326.79189860455404	1.8838013394011426	-6.550305128269994	0.2383828506701321
-999.0	465.0	328.8084480113382	1.5184649968588833	-6.633687980197077	-0.08388320975765737
-999.0	440.0	330.83348511027975	1.2136649230012226	-6.6268611589136	-0.4057404430652146
-999.0	415.0	332.8378280957065	0.9705486899172858	-6.52114265381045	-0.6515838319642631
-999.0	390.0	334.8349383037033	0.7761483505644212	-6.272880103577037	-0.6856191259716006
-999.0	365.0	336.7780544656523	0.6256857553703937	-5.827257081659276	-0.45037379400388594
-999.0	340.0	338.6053819748333	0.5045932252649918	-5.125112619250995	-0.023652851857495494
-999.0	315.0	340.27598085431765	0.4083217234799153	-4.218614834740197	0.5350166097352604
-999.0	290.0	341.8677027518997	0.3105203207168308	-3.396944551211264	1.1060397323669615
-999.0	265.0	343.44670795306246	0.2205135787802706	-2.7874221861086608	1.6481520866078567
-999.0	240.0	345.037791547982	0.14232507282523016	-2.3071679310804307	2.190951868426072
-999.0	215.0	346.59742647202194	0.08098010015156484	-1.7436511159219241	2.6431163575638363
-999.0	190.0	348.33181351435195	0.04181650986343052	-0.7745958943334044	2.693189768051671
-999.0	165.0	350.78188830704164	0.01977430775554644	0.6279150750832728	2.061832545592494
-999.0	140.0	355.435242620779	0.009236533690623409	1.534546541119047	1.0683907473252918
-999.0	115.0	367.35977436028026	0.005659248623824506	2.003695503705092	0.4200849822308429
-999.0	90.0	394.29204151529416	0.005029382158277742	3.856703328451654	0.2362007206236834
-999.0	65.0	442.7658417393048	0.003141153176936023	1.2229436520935855	0.25268518069276064
-999.0	40.0	532.1281942959874	0.013409928591163044	-8.71168572910955	0.15155935126217446
-999.0	15.0	720.6184882634362	0.06591753554702905	-17.058268685583688	0.1264422720026319
244.55555555555554	40	1005.927968531479	day	levels	pres0
-999.0	990.0	299.39984846096866	16.419046013443598	-2.760203254133177	-0.7839797753409466
-999.0	965.0	300.6202142074806	15.485405665856826	-4.494406809754424	-1.345845489107356
-999.0	940.0	301.8413000973869	14.910589159270845	-5.761092070628155	-1.9237044695075125
-999.0	915.0	302.84415466864016	14.313944769494299	-6.6070681332070915	-2.4611819836276876
-999.0	890.0	303.7290567253654	13.587118616810521	-7.123577194081499	-2.8308329947845126
-999.0	865.0	304.6011148850534	12.707872184706297	-7.4880325315912	-2.978599040136712
-999.0	840.0	305.4920751908716	11.74283475640378	-7.785018731046696	-2.9089196265480224
-999.0	815.0	306.45258766754813	10.698278547805028	-7.9943393306968575	-2.6394784347511204
-999.0	790.0	307.55330944424844	9.551482527344312	-8.06414610589001	-2.202997682271232
-999.0	765.0	308.84226138320025	8.342644725316836	-7.958731365056766	-1.6714510371518039
-999.0	740.0	310.24661175242545	7.251106343151611	-7.600817306910098	-1.1645171427294736
-999.0	715.0	311.7019053549241	6.355745849050123	-7.037019400041094	-0.7282630108573022
-999.0	690.0	313.1388956546974	5.613394361955151	-6.424976456381503	-0.3473843414118099
-999.0	665.0	314.5211149436029	5.054784326457689	-5.805589103956296	-0.03567944809127983
-999.0	640.0	315.9483050930091	4.53551714122296	-5.403743838040552	0.22125533254196494
-999.0	615.0	317.43986432886066	4.060491802515812	-5.310193035291669	0.4095572226991347
-999.0	590.0	319.096847739065	3.6076508168085146	-5.398688452709236	0.5298486673905667
-999.0	565.0	320.94029852993475	3.171065387718472	-5.6651514408949035	0.5669052897374899
-999.0	540.0	322.87144242387944	2.7358487228184583	-5.982747536520542	0.5379426944771108
-999.0	515.0	324.8465294698866	2.28735731302956	-6.30577752969149	0.42739012252173175
-999.0	490.0	326.8553130958972	1.8810754760547912	-6.527621935869093	0.2156997171265252
-999.0	465.0	328.86664225322335	1.5166836414992053	-6.607394962583079	-0.09824808270750007
-999.0	440.0	330.88599908788046	1.2127077186733093	-6.598706147314452	-0.4104726045036002
-999.0	415.0	332.8848941041761	0.9701853774395964	-6.4928475030767085	-0.6459681047299192
-999.0	390.0	334.8772326364147	0.7761752647060283	-6.245130607697353	-0.6699211808988096
-999.0	365.0	336.81658367069053	0.6259351051929907	-5.80146034365453	-0.42621449808833434
-999.0	340.0	338.6409446997392	0.5046159536980174	-5.105966895059871	0.004366234956681175
-999.0	315.0	340.3091425083285	0.40778374814508833	-4.211031639557572	0.5612780852990502
-999.0	290.0	341.89856703408225	0.3096973202708696	-3.401036564916101	1.126987728370732
-999.0	265.0	343.4745524595831	0.2196256257823592	-2.80020517018842	1.6607624986151392
-999.0	240.0	345.0605097780967	0.14157803762520216	-2.323296393210316	2.1913212012775474
-999.0	215.0	346.61316575287753	0.080536845588574	-1.7565572099921052	2.627765104151621
-999.0	190.0	348.3409607973113	0.04168132318896652	-0.7818617539273215	2.6640168926966106
-999.0	165.0	350.78684621400834	0.019777071209520932	0.6232533085585592	2.0287163872085014
-999.0	140.0	355.44437904081775	0.009244523443753058	1.5371686490137784	1.0415241951467926
-999.0	115.0	367.3722681815878	0.005649985519904697	2.020532772496886	0.4056402736481569
-999.0	90.0	394.2757678560804	0.0050073071292394775	3.8774123043051616	0.23543346857216252
-999.0	65.0	442.7099987196954	0.0031484652707284167	1.2530303351626728	0.25652954694067437
-999.0	40.0	532.0997727422568	0.013390735470126454	-8.686725194807432	0.1389681568461357
-999.0	15.0	720.6390733306895	0.06596772088726725	-17.0250708834257	0.09988439508125072
244.56944444444446	40	1005.8855232898098	day	levels	pres0
-999.0	990.0	299.5512519248198	16.375713604467855	-2.761127356715787	-0.7905730964891942
-999.0	965.0	300.7139468176603	15.485647828490643	-4.44019526767507	-1.3300313474437906
-999.0	940.0	301.895430706554	14.943355645662495	-5.6631118831810525	-1.8817643786745826
-999.0	915.0	302.890532791714	14.36613858481987	-6.488114394891333	-2.397450389478461
-999.0	890.0	303.78116711874316	13.64428444261907	-6.999453647269059	-2.7540980286343903
-999.0	865.0	304.6590466152857	12.754411055717961	-7.367739413991298	-2.897307534713569
-999.0	840.0	305.5522685857711	11.77483375572865	-7.6696055376970325	-2.8287761808360985
-999.0	815.0	306.51361139713345	10.719111666267304	-7.8833617398767375	-2.565853609346992
-999.0	790.0	307.61650242136653	9.56337211308656	-7.960510216377312	-2.1402594067707685
-999.0	765.0	308.9068505853951	8.347692813402341	-7.866647529749141	-1.6222230749388296
-999.0	740.0	310.3115884161851	7.251545288680512	-7.526519950157262	-1.1277648953283703
-999.0	715.0	311.76604233488484	6.353419909506667	-6.984701676593102	-0.701852702570162
-999.0	690.0	313.2011416805444	5.608684395198464	-6.394121007694844	-0.3299167717197497
-999.0	665.0	314.58033074667753	5.047966960035718	-5.794036309660203	-0.02586252050312879
-999.0	640.0	316.00485567224166	4.527263321810294	-5.4042672041205675	0.22161629713243652
-999.0	615.0	317.49503414998935	4.051627959918089	-5.313225695702398	0.3981689920441882
-999.0	590.0	319.15429402718416	3.5992246018147735	-5.399958234199861	0.5085111353431262
-999.0	565.0	321.00412056522	3.1635752095852356	-5.66098060506039	0.5390238009427539
-999.0	540.0	322.93906137150094	2.729722284976346	-5.972145640647694	0.5075413971955217
-999.0	515.0	324.9132650714422	2.2832210915692057	-6.288542469526498	0.39927473830425386
-999.0	490.0	326.91872758724026	1.8783496127084456	-6.504938743468124	0.19301658358285487
-999.0	465.0	328.9248364951087	1.514902286139537	-6.581101944969001	-0.11261295565738388
-999.0	440.0	330.9385130654814	1.2117505143454064	-6.570551135715213	-0.41520476594199573
-999.0	415.0	332.93196011264575	0.9698220649619184	-6.464552352342868	-0.6403523774955486
-999.0	390.0	334.9195269691261	0.7762021788476448	-6.2173811118175735	-0.6542232358259618
-999.0	365.0	336.8551128757287	0.6261844550155947	-5.775663605649694	-0.40205520217270546
-999.0	340.0	338.6765074246451	0.5046386821310472	-5.086821170868678	0.032385321770940056
-999.0	315.0	340.3423041623392	0.4072457728102622	-4.2034484443749065	0.5875395608629135
-999.0	290.0	341.929431316265	0.3088743198249073	-3.4051285786209236	1.1479357243745634
-999.0	265.0	343.5023969661038	0.2187376727844457	-2.8129881542681923	1.6733729106224697
-999.0	240.0	345.0832280082115	0.14083100242517196	-2.3394248553402317	2.191690534129053
-999.0	215.0	346.628905033733	0.08009359102558175	-1.769463304062325	2.612413850739411
-999.0	190.0	348.35010808027107	0.041546136514502084	-0.7891276135212995	2.6348440173415426
-999.0	165.0	350.7918041209748	0.019779834663495408	0.6185915420337558	1.9956002288244952
-999.0	140.0	355.4535154608565	0.009252513196882736	1.5397907569084492	1.0146576429682639
-999.0	115.0	367.38476200289546	0.005640722415984866	2.0373700412887192	0.39119556506542275
-999.0	90.0	394.2594941968667	0.004985232100201131	3.898121280158766	0.23466621652060438
-999.0	65.0	442.65415570008605	0.0031557773645208486	1.283117018231905	0.26037391318859343
-999.0	40.0	532.0713511885263	0.013371542349089797	-8.661764660505208	0.1263769624300518
-999.0	15.0	720.6596583979427	0.06601790622750556	-16.99187308126758	0.0733265181597882
244.58333333333334	40	1005.8430780481409	day	levels	pres0
-999.0	990.0	299.70265538867034	16.33238119549224	-2.76205145929835	-0.7971664176374152
-999.0	965.0	300.8076794278399	15.485889991124465	-4.385983725595822	-1.3142172057802435
-999.0	940.0	301.94956131572104	14.976122132054059	-5.565131695734175	-1.839824287841726
-999.0	915.0	302.93691091478786	14.418332400145326	-6.369160656575867	-2.3337187953293532
-999.0	890.0	303.8332775121207	13.701450268427507	-6.875330100456948	-2.6773630624844293
-999.0	865.0	304.7169783455179	12.800949926729547	-7.24744629639174	-2.8160160292906227
-999.0	840.0	305.61246198067045	11.806832755053488	-7.554192344347711	-2.748632735124396
-999.0	815.0	306.5746351267185	10.739944784729584	-7.772384149056968	-2.4922287839430948
-999.0	790.0	307.6796953984844	9.575261698828822	-7.856874326864948	-2.07752113127052
-999.0	765.0	308.9714397875895	8.352740901487852	-7.774563694441826	-1.572995112726033
-999.0	740.0	310.3765650799447	7.251984234209414	-7.452222593404686	-1.0910126479273998
-999.0	715.0	311.8301793148455	6.351093969963213	-6.932383953145301	-0.6754423942831113
-999.0	690.0	313.26338770639126	5.603974428441791	-6.363265559008307	-0.3124492020277407
-999.0	665.0	314.63954654975197	5.0411495936137705	-5.782483515364165	-0.016045592914996864
-999.0	640.0	316.06140625147407	4.5190095023976475	-5.4047905702005945	0.22197726172291996
-999.0	615.0	317.55020397111787	4.042764117320383	-5.316258356113125	0.38678076138928225
-999.0	590.0	319.2117403153034	3.590798386821043	-5.401228015690492	0.48717360329574844
-999.0	565.0	321.06794260050526	3.1560850314520024	-5.6568097692259	0.5111423121480931
-999.0	540.0	323.0066803191222	2.723595847134236	-5.961543744774891	0.4771400999140133
-999.0	515.0	324.9800006729976	2.2790848701088486	-6.2713074093615715	0.37115935408685685
-999.0	490.0	326.9821420785835	1.8756237493620942	-6.482255551067236	0.1703334500392556
-999.0	465.0	328.9830307369939	1.5131209307798597	-6.5548089273550145	-0.12697782860721804
-999.0	440.0	330.9910270430822	1.2107933100174924	-6.542396124116074	-0.41993692738037397
-999.0	415.0	332.9790261211153	0.9694587524842287	-6.436257201609136	-0.634736650261201
-999.0	390.0	334.96182130183746	0.7762290929892515	-6.1896316159378975	-0.6385252907531697
-999.0	365.0	336.893642080767	0.6264338048381916	-5.749866867644951	-0.3778959062571537
-999.0	340.0	338.71207014955104	0.504661410564073	-5.0676754466775575	0.060404408585116795
-999.0	315.0	340.37546581634984	0.4067077974754355	-4.19586524919228	0.6138010364267035
-999.0	290.0	341.9602955984473	0.3080513193789464	-3.409220592325755	1.1688837203783344
-999.0	265.0	343.5302414726243	0.21784971978653433	-2.8257711383479482	1.6859833226297574
-999.0	240.0	345.10594623832606	0.14008396722514382	-2.3555533174701146	2.192059866980536
-999.0	215.0	346.6446443145886	0.07965033646259084	-1.7823693981325022	2.597062597327204
-999.0	190.0	348.35925536323055	0.041410949840038055	-0.796393473115213	2.605671141986486
-999.0	165.0	350.7967620279413	0.019782598117469904	0.6139297755090453	1.9624840704405053
-999.0	140.0	355.46265188089546	0.009260502950012392	1.542412864803181	0.9877910907897686
-999.0	115.0	367.397255824203	0.005631459312065057	2.0542073100805136	0.3767508564827397
-999.0	90.0	394.243220537653	0.004963157071162862	3.9188302560122725	0.23389896446908381
-999.0	65.0	442.5983126804767	0.003163089458313242	1.3132037013009923	0.2642182794365079
-999.0	40.0	532.0429296347958	0.01335234922805321	-8.636804126203083	0.11378576801401344
-999.0	15.0	720.6802434651959	0.06606809156774376	-16.9586752791096	0.04676864123840786
244.59722222222223	40	1005.8006328064719	day	levels	pres0
-999.0	990.0	299.85405885252135	16.289048786516528	-2.7629755618809564	-0.8037597387856659
-999.0	965.0	300.9014120380196	15.486132153758295	-4.331772183516487	-1.2984030641166917
-999.0	940.0	302.003691924888	15.0088886184457	-5.467151508287104	-1.7978841970088144
-999.0	915.0	302.98328903786177	14.470526215470887	-6.250206918260147	-2.2699872011801467
-999.0	890.0	303.88538790549836	13.758616094236041	-6.751206553644551	-2.6006280963343307
-999.0	865.0	304.7749100757502	12.847488797741187	-7.1271531787918905	-2.734724523867505
-999.0	840.0	305.67265537556995	11.83883175437834	-7.4387791509981	-2.668489289412494
-999.0	815.0	306.6356588563037	10.760777903191839	-7.66140655823691	-2.4186039585389887
-999.0	790.0	307.7428883756025	9.587151284571052	-7.753238437352311	-2.0147828557700738
-999.0	765.0	309.036028989784	8.357788989573354	-7.682479859134256	-1.5237671505130694
-999.0	740.0	310.4415417437044	7.252423179738314	-7.377925236651894	-1.0542604005263008
-999.0	715.0	311.8943162948064	6.348768030419763	-6.880066229697341	-0.6490320859959715
-999.0	690.0	313.3256337322383	5.599264461685107	-6.332410110321667	-0.29498163233567953
-999.0	665.0	314.69876235282663	5.034332227191804	-5.770930721068084	-0.006228665326845864
-999.0	640.0	316.11795683070665	4.5107556829849855	-5.405313936280617	0.2223382263133904
-999.0	615.0	317.60537379224655	4.033900274722661	-5.3192910165238585	0.37539253073433354
-999.0	590.0	319.2691866034227	3.5823721718273016	-5.402497797181118	0.4658360712483052
-999.0	565.0	321.13176463579066	3.148594853318766	-5.652638933391392	0.483260823353354
-999.0	540.0	323.07429926674376	2.7174694092921245	-5.950941848902053	0.44673880263241966
-999.0	515.0	325.04673627455327	2.2749486486484956	-6.254072349196596	0.34304396986937313
-999.0	490.0	327.0455565699265	1.8728978860157504	-6.4595723586662785	0.14765031649557853
-999.0	465.0	329.0412249788793	1.5113395754201906	-6.528515909740947	-0.14134270155710799
-999.0	440.0	331.043541020683	1.2098361056895908	-6.514241112516839	-0.42466908881877685
-999.0	415.0	333.026092129585	0.969095440006551	-6.407962050875296	-0.6291209230268403
-999.0	390.0	335.00411563454895	0.7762560071308676	-6.161882120058114	-0.6228273456803309
-999.0	365.0	336.9321712858053	0.6266831546607949	-5.724070129640113	-0.35373661034153
-999.0	340.0	338.747632874457	0.504684138997102	-5.048529722486371	0.08842349539937543
-999.0	315.0	340.4086274703606	0.40616982214060826	-4.188282054009622	0.6400625119905705
-999.0	290.0	341.9911598806299	0.30722831893298347	-3.4133126060305883	1.1898317163821723
-999.0	265.0	343.558085979145	0.21696176678862078	-2.8385541224277313	1.6985937346370938
-999.0	240.0	345.1286644684408	0.13933693202511363	-2.3716817796000393	2.1924291998320475
-999.0	215.0	346.6603835954442	0.07920708189959859	-1.7952754922027252	2.5817113439150057
-999.0	190.0	348.36840264619025	0.04127576316557357	-0.8036593327091861	2.576498266631432
-999.0	165.0	350.80171993490785	0.019785361571444407	0.6092680089842499	1.9293679120565126
-999.0	140.0	355.4717883009342	0.009268492703142084	1.5450349726978612	0.960924538611252
-999.0	115.0	367.4097496455106	0.0056221962081452375	2.0710445788723515	0.36230614790002313
-999.0	90.0	394.2269468784392	0.0049410820421245255	3.9395392318658717	0.23313171241754077
-999.0	65.0	442.5424696608673	0.0031704015521056713	1.3432903843702058	0.2680626456844234
-999.0	40.0	532.0145080810652	0.013333156107016545	-8.611843591900874	0.10119457359793119
-999.0	15.0	720.7008285324492	0.06611827690798193	-16.9254774769515	0.020210764316951804
244.61111111111111	40	1005.7581875648025	day	levels	pres0
-999.0	990.0	300.00546231637196	16.245716377540916	-2.763899664463523	-0.810353059933885
-999.0	965.0	300.99514464819913	15.486374316392117	-4.277560641437251	-1.2825889224531444
-999.0	940.0	302.057822534055	15.041655104837272	-5.3691713208402385	-1.7559441061759598
-999.0	915.0	303.02966716093556	14.52272003079634	-6.131253179944688	-2.2062556070310433
-999.0	890.0	303.93749829887594	13.815781920044474	-6.627083006832446	-2.523893130184374
-999.0	865.0	304.8328418059823	12.894027668752772	-7.0068600611923335	-2.6534330184445634
-999.0	840.0	305.7328487704694	11.87083075370318	-7.323365957648783	-2.588345843700795
-999.0	815.0	306.69668258588877	10.781611021654118	-7.550428967417142	-2.3449791331350927
-999.0	790.0	307.8060813527204	9.599040870313305	-7.649602547839951	-1.952044580269825
-999.0	765.0	309.10061819197847	8.362837077658858	-7.5903960238269415	-1.474539188300272
-999.0	740.0	310.506518407464	7.252862125267215	-7.303627879899317	-1.0175081531253296
-999.0	715.0	311.95845327476684	6.3464420908763035	-6.827748506249541	-0.6226217777089205
-999.0	690.0	313.3878797580851	5.5945544949284285	-6.301554661635125	-0.27751406264366985
-999.0	665.0	314.7579781559011	5.027514860769852	-5.75937792677204	0.003588262261287823
-999.0	640.0	316.17450740993894	4.502501863572338	-5.405837302360639	0.22269919090387646
-999.0	615.0	317.66054361337524	4.0250364321249545	-5.322323676934577	0.36400430007943163
-999.0	590.0	319.32663289154186	3.5739459568335707	-5.403767578671742	0.44449853920093135
-999.0	565.0	321.1955866710759	3.1411046751855336	-5.648468097556893	0.45537933455869484
-999.0	540.0	323.141918214365	2.7113429714500135	-5.940339953029239	0.4163375053509105
-999.0	515.0	325.1134718761086	2.270812427188139	-6.2368372890316595	0.31492858565197124
-999.0	490.0	327.10897106126953	1.8701720226693987	-6.436889166265383	0.1249671829519717
-999.0	465.0	329.09941922076456	1.5095582200605135	-6.50222289212695	-0.1557075745069508
-999.0	440.0	331.0960549982838	1.2088789013616776	-6.48608610091769	-0.42940125025716214
-999.0	415.0	333.0731581380547	0.9687321275288618	-6.379666900141551	-0.6235051957924961
-999.0	390.0	335.04640996726033	0.7762829212724749	-6.13413262417843	-0.6071294006075401
-999.0	365.0	336.97070049084346	0.626932504483392	-5.698273391635367	-0.3295773144259784
-999.0	340.0	338.7831955993628	0.5047068674301277	-5.02938399829525	0.11644258221355229
-999.0	315.0	340.4417891243714	0.40563184680578146	-4.180698858826998	0.6663239875543603
-999.0	290.0	342.0220241628123	0.30640531848702235	-3.417404619735424	1.2107797123859423
-999.0	265.0	343.58593048566553	0.21607381379070925	-2.8513371065074913	1.711204146644376
-999.0	240.0	345.1513826985556	0.13858989682508552	-2.3878102417299254	2.1927985326835215
-999.0	215.0	346.67612287629976	0.07876382733660776	-1.808181586272907	2.56636009050279
-999.0	190.0	348.3775499291498	0.04114057649110958	-0.8109251923031036	2.5473253912763694
-999.0	165.0	350.8066778418744	0.019788125025418896	0.6046062424595364	1.8962517536725192
-999.0	140.0	355.48092472097306	0.009276482456271738	1.5476570805925927	0.9340579864327528
-999.0	115.0	367.4222434668184	0.005612933104225428	2.0878818476641468	0.34786143931733704
-999.0	90.0	394.21067321922544	0.004919007013086259	3.9602482077193786	0.23236446036601982
-999.0	65.0	442.486626641258	0.0031777136458980637	1.3733770674392927	0.271907011932337
-999.0	40.0	531.9860865273346	0.013313962985979953	-8.586883057598756	0.08860337918189246
-999.0	15.0	720.7214135997023	0.06616846224822012	-16.892279674793514	-0.00634711260442943
244.625	40	1005.7157423231338	day	levels	pres0
-999.0	990.0	300.1568657802229	16.2023839685652	-2.764823767046133	-0.8169463810821375
-999.0	965.0	301.08887725837883	15.486616479025948	-4.2233490993579235	-1.2667747807895973
-999.0	940.0	302.11195314322225	15.074421591228907	-5.271191133393181	-1.714004015343057
-999.0	915.0	303.0760452840096	14.574913846121888	-6.012299441628985	-2.142524012881849
-999.0	890.0	303.9896086922537	13.872947745852999	-6.502959460020068	-2.4471581640342874
-999.0	865.0	304.89077353621474	12.940566539764404	-6.886566943592496	-2.5721415130214553
-999.0	840.0	305.79304216536895	11.902829753028024	-7.20795276429918	-2.508202397988902
-999.0	815.0	306.7577063154741	10.802444140116378	-7.439451376597087	-2.271354307730993
-999.0	790.0	307.8692743298385	9.610930456055534	-7.545966658327314	-1.8893063047693832
-999.0	765.0	309.16520739417314	8.367885165744358	-7.498312188519371	-1.4253112260873118
-999.0	740.0	310.5714950712238	7.253301070796119	-7.2293305231465235	-0.9807559057242343
-999.0	715.0	312.02259025472756	6.344116151332854	-6.775430782801574	-0.5962114694217842
-999.0	690.0	313.45012578393215	5.589844528171752	-6.27069921294848	-0.26004649295161164
-999.0	665.0	314.8171939589756	5.02069749434789	-5.747825132475959	0.013405189849436297
-999.0	640.0	316.2310579891715	4.494248044159677	-5.4063606684406595	0.22306015549434555
-999.0	615.0	317.715713434504	4.016172589527236	-5.325356337345308	0.3526160694244835
-999.0	590.0	319.38407917966117	3.5655197418398337	-5.405037360162372	0.423161007153491
-999.0	565.0	321.2594087063612	3.133614497052297	-5.644297261722386	0.4274978457639616
-999.0	540.0	323.2095371619864	2.7052165336079064	-5.9297380571564045	0.3859362080693244
-999.0	515.0	325.18020747766406	2.2666762057277885	-6.219602228866683	0.2868132014344964
-999.0	490.0	327.1723855526128	1.8674461593230565	-6.414205973864428	0.10228404940830324
-999.0	465.0	329.1576134626499	1.5077768647008474	-6.475929874512882	-0.17007244745683336
-999.0	440.0	331.1485689758847	1.2079216970337763	-6.457931089318461	-0.4341334116955597
-999.0	415.0	333.12022414652427	0.9683688150511847	-6.351371749407716	-0.6178894685581326
-999.0	390.0	335.0887042999718	0.7763098354140917	-6.106383128298652	-0.5914314555347019
-999.0	365.0	337.00922969588163	0.6271818543059958	-5.672476653630535	-0.30541801851035816
-999.0	340.0	338.81875832426886	0.5047295958631567	-5.010238274104066	0.1444616690278053
-999.0	315.0	340.4749507783822	0.4050938714709546	-4.1731156636443405	0.692585463118222
-999.0	290.0	342.05288844499506	0.3055823180410598	-3.421496633440256	1.231727708389775
-999.0	265.0	343.6137749921862	0.21518586079279578	-2.8641200905872712	1.723814558651712
-999.0	240.0	345.1741009286702	0.1378428616250555	-2.4039387038598456	2.1931678655350373
-999.0	215.0	346.69186215715536	0.07832057277361554	-1.821087680343125	2.5510088370905986
-999.0	190.0	348.3866972121095	0.041005389816645116	-0.8181910518970753	2.518152515921327
-999.0	165.0	350.8116357488409	0.01979088847939339	0.5999444759347371	1.8631355952885413
-999.0	140.0	355.4900611410119	0.009284472209401427	1.5502791884872642	0.9071914342542489
-999.0	115.0	367.4347372881259	0.005603670000305606	2.1047191164559793	0.3334167307346231
-999.0	90.0	394.19439956001173	0.004896931984047923	3.980957183572981	0.23159720831447184
-999.0	65.0	442.43078362164863	0.0031850257396904952	1.4034637505085097	0.275751378180252
-999.0	40.0	531.957664973604	0.013294769864943292	-8.561922523296541	0.07601218476581073
-999.0	15.0	720.7419986669557	0.0662186475884583	-16.85908187263542	-0.03290498952588273
244.63888888888889	40	1005.2934233112096	day	levels	pres0
-999.0	990.0	300.30828483012465	16.131952786151206	-2.7661988309320327	-0.8236920581210883
-999.0	965.0	301.18258588981837	15.47792238953673	-4.169657020657118	-1.251019882670618
-999.0	940.0	302.16603025691893	15.105386901784858	-5.17371057728183	-1.6721289141885312
-999.0	915.0	303.1223793523638	14.627194934421153	-5.893651787145541	-2.078998057263651
-999.0	890.0	304.0416973701274	13.930880208074345	-6.378870197284258	-2.3706846314835444
-999.0	865.0	304.9487212689551	12.987454134740966	-6.7662061121727515	-2.4911813481701564
-999.0	840.0	305.8532488264012	11.934026412021964	-7.092366259774926	-2.428397719522594
-999.0	815.0	306.818732441683	10.82086604318499	-7.3282534141598195	-2.198002612701083
-999.0	790.0	307.93246378063026	9.61929044017083	-7.442109253671318	-1.8268127990080891
-999.0	765.0	309.2297736162058	8.36921575481508	-7.405984420835128	-1.3762538419966748
-999.0	740.0	310.63643108479107	7.250349761527261	-7.154719260003738	-0.944039276001898
-999.0	715.0	312.08671697185935	6.339026161917935	-6.722707271207927	-0.5696791454367428
-999.0	690.0	313.5123684585962	5.582617202658712	-6.239378673291753	-0.24232210439662238
-999.0	665.0	314.87640965621574	5.011530939811534	-5.735798776747618	0.023587905839207127
-999.0	640.0	316.2876543642382	4.483693331112087	-5.406448829321213	0.22382307387197856
-999.0	615.0	317.77088693527287	4.005014289676399	-5.328037048057643	0.34158391608383276
-999.0	590.0	319.4415364193384	3.554809807627286	-5.4059977530053365	0.4021330036763057
-999.0	565.0	321.3232600136389	3.1240240909435135	-5.639829692246824	0.3998719728091585
-999.0	540.0	323.27720058903304	2.6973921647410353	-5.918833333676968	0.35577600849444246
-999.0	515.0	325.2470100249946	2.2614559317812555	-6.202049593418174	0.2589596068877185
-999.0	490.0	327.23588030508495	1.864021461227063	-6.391204313340539	0.07987436905132668
-999.0	465.0	329.21587686700735	1.505513334347884	-6.449319048903212	-0.18416140780406526
-999.0	440.0	331.20116834109893	1.2066320967803095	-6.429481524100236	-0.43860439776822957
-999.0	415.0	333.16734900824247	0.9678520601656762	-6.32282354323948	-0.612045394133102
-999.0	390.0	335.13106303923286	0.7763287853219675	-6.078419595772794	-0.5755454294676521
-999.0	365.0	337.04782887213764	0.6274615029953913	-5.646508417839582	-0.28111848960208063
-999.0	340.0	338.8543716217687	0.5047522227245367	-4.990961256307625	0.1726020838559731
-999.0	315.0	340.5081812845605	0.40446203548093274	-4.1654387882186175	0.7189711872488561
-999.0	290.0	342.0837348846133	0.30465935575373304	-3.4255320889254404	1.252789201007976
-999.0	265.0	343.6415969232891	0.2142374075282309	-2.8768751806591126	1.7365221550895338
-999.0	240.0	345.1967777384671	0.13706002065934794	-2.4200397456685856	2.1936355916392465
-999.0	215.0	346.70755847603436	0.07785795829086328	-1.8339622131790436	2.535768322738613
-999.0	190.0	348.3957748591539	0.040857034045512816	-0.8254357227009538	2.489096077848928
-999.0	165.0	350.81653691656	0.01978842900738257	0.5952997385857255	1.8301311751574771
-999.0	140.0	355.4991760045142	0.009290784357380092	1.552929620287228	0.880464667431369
-999.0	115.0	367.44724762178447	0.005592446791491018	2.1215636531512096	0.31899769535218225
-999.0	90.0	394.178144079574	0.004874369080672815	4.001666264401584	0.2308313993530019
-999.0	65.0	442.3749748462297	0.003193331691925142	1.433550608330061	0.2795956074547616
-999.0	40.0	531.9292353865472	0.013276576579053978	-8.536960625952	0.06342097402858841
-999.0	15.0	720.7626142220348	0.06627690643761996	-16.82588401970299	-0.059462992095039656
244.65277777777777	40	1004.8711042992866	day	levels	pres0
-999.0	990.0	300.45970388002615	16.06152160373738	-2.7675738948178865	-0.8304377351600051
-999.0	965.0	301.27629452125757	15.469228300047513	-4.115964941956402	-1.2352649845516392
-999.0	940.0	302.2201073706156	15.136352212340734	-5.0762300211706695	-1.6302538130340543
-999.0	915.0	303.16871342071795	14.679476022720317	-5.775004132662341	-2.015472101645545
-999.0	890.0	304.0937860480008	13.988812670295596	-6.254780934548725	-2.294211098932932
-999.0	865.0	305.00666900169557	13.034341729717475	-6.645845280753292	-2.410221183319022
-999.0	840.0	305.91345548743357	11.965223071015902	-6.976779755250957	-2.3485930410564784
-999.0	815.0	306.8797585678917	10.839287946253643	-7.217055451722837	-2.1246509176713766
-999.0	790.0	307.9956532314218	9.627650424286173	-7.338251849015598	-1.7643192932469896
-999.0	765.0	309.2943398382383	8.370546343885826	-7.313656653151138	-1.3271964579062008
-999.0	740.0	310.7013670983581	7.247398452258405	-7.080107996861173	-0.9073226462796867
-999.0	715.0	312.15084368899096	6.333936172503015	-6.669983759614443	-0.5431468214517874
-999.0	690.0	313.57461113325996	5.575389877145674	-6.208058133635131	-0.22459771584168212
-999.0	665.0	314.93562535345563	5.0023643852751976	-5.723772421019315	0.033770621828962004
-999.0	640.0	316.3442507393047	4.473138618064519	-5.406536990201764	0.22458599224962758
-999.0	615.0	317.82606043604176	3.9938559898255828	-5.3307177587699694	0.3305517627432273
-999.0	590.0	319.49899365901564	3.544099873414751	-5.4069581458483	0.38110500019918536
-999.0	565.0	321.3871113209164	3.114433684834732	-5.635362122771271	0.3722460998544291
-999.0	540.0	323.34486401607967	2.6895677958741624	-5.907928610197558	0.32561580891963643
-999.0	515.0	325.31381257232476	2.2562356578347136	-6.184496957969706	0.23110601234101358
-999.0	490.0	327.2993750575571	1.8605967631310598	-6.368202652816703	0.05746468869441128
-999.0	465.0	329.2741402713648	1.5032498039949085	-6.422708223293612	-0.19825036815125777
-999.0	440.0	331.25376770631294	1.20534249652683	-6.401031958882096	-0.4430753838408877
-999.0	415.0	333.21447386996056	0.9673353052801552	-6.29427533707134	-0.6062013197080908
-999.0	390.0	335.17342177849383	0.7763477352298329	-6.050456063247031	-0.5596594034006505
-999.0	365.0	337.0864280483934	0.6277411516847795	-5.620540182048718	-0.2568189606938716
-999.0	340.0	338.88998491926833	0.5047748495859126	-4.9716842385112505	0.2007424986840643
-999.0	315.0	340.5414117907387	0.40383019949091076	-4.157761912792928	0.7453569113794193
-999.0	290.0	342.1145813242317	0.30373639346640807	-3.4295675444106295	1.2738506936261136
-999.0	265.0	343.6694188543918	0.21328895426366834	-2.8896302707309336	1.7492297515273023
-999.0	240.0	345.21945454826385	0.1362771796936425	-2.436140787477291	2.1941033177434157
-999.0	215.0	346.7232547949133	0.0773953438081125	-1.8468367460149253	2.520527808386603
-999.0	190.0	348.40485250619855	0.040708678274381	-0.8326803935047776	2.460039639776509
-999.0	165.0	350.82143808427895	0.01978596953537177	0.5906550012368001	1.797126755026397
-999.0	140.0	355.5082908680165	0.00929709650535872	1.5555800520872471	0.8537379006084932
-999.0	115.0	367.459757955443	0.005581223582676444	2.138408189846403	0.30457865996976896
-999.0	90.0	394.1618885991365	0.004851806177297778	4.022375345230092	0.23006559039155955
-999.0	65.0	442.3191660708109	0.0032016376441597514	1.463637466151482	0.2834398367292701
-999.0	40.0	531.9008057994906	0.01325838329316474	-8.511998728607553	0.050829763291408994
-999.0	15.0	720.7832297771139	0.06633516528678159	-16.792686166770682	-0.08602099466412444
244.66666666666666	40	1004.4487852873623	day	levels	pres0
-999.0	990.0	300.61112292992783	15.991090421323385	-2.768948958703777	-0.8371834121989569
-999.0	965.0	301.37000315269705	15.460534210558293	-4.062272863255581	-1.2195100864326558
-999.0	940.0	302.27418448431234	15.16731752289668	-4.9787494650592965	-1.5883787118795185
-999.0	915.0	303.2150474890722	14.731757111019585	-5.656356478178872	-1.9519461460273326
-999.0	890.0	304.1458747258743	14.046745132516953	-6.130691671812897	-2.2177375663821732
-999.0	865.0	305.06461673443596	13.081229324694045	-6.525484449333534	-2.329261018467708
-999.0	840.0	305.97366214846596	11.996419730009853	-6.861193250726693	-2.2687883625901586
-999.0	815.0	306.94078469410056	10.857709849322271	-7.10585748928557	-2.0512992226414593
-999.0	790.0	308.05884268221354	9.636010408401475	-7.2343944443596	-1.7018257874856904
-999.0	765.0	309.358906060271	8.371876932956548	-7.221328885466898	-1.2781390738155596
-999.0	740.0	310.7663031119254	7.2444471429895465	-7.005496733718389	-0.8706060165573477
-999.0	715.0	312.2149704061227	6.328846183088093	-6.6172602480208	-0.5166144974667436
-999.0	690.0	313.63685380792407	5.568162551632635	-6.176737593978411	-0.20687332728669083
-999.0	665.0	314.99484105069564	4.993197830738841	-5.711746065290982	0.04395333781873373
-999.0	640.0	316.40084711437146	4.462583905016928	-5.406625151082325	0.22534891062725915
-999.0	615.0	317.8812339368109	3.9826976899747453	-5.333398469482314	0.3195196094025723
-999.0	590.0	319.55645089869296	3.5333899392021983	-5.407918538691274	0.3600769967219932
-999.0	565.0	321.4509626281942	3.104843278725941	-5.630894553295718	0.3446202268996185
-999.0	540.0	323.41252744312646	2.6817434270072873	-5.897023886718131	0.29545560934474724
-999.0	515.0	325.3806151196554	2.2510153838881757	-6.166944322521207	0.2032524177942314
-999.0	490.0	327.36286981002934	1.857172065035064	-6.345200992292817	0.03505500833743355
-999.0	465.0	329.3324036757224	1.5009862736419435	-6.396097397683949	-0.21233932849848836
-999.0	440.0	331.306367071527	1.2040528962733612	-6.372582393663878	-0.44754636991355545
-999.0	415.0	333.2615987316788	0.9668185503946447	-6.26572713090311	-0.6003572452830588
-999.0	390.0	335.21578051775487	0.776366685137708	-6.022492530721173	-0.5437733773335992
-999.0	365.0	337.1250272246494	0.6280208003741746	-5.594571946257768	-0.2325194317855902
-999.0	340.0	338.9255982167682	0.504797476447292	-4.95240722071481	0.22888291351223772
-999.0	315.0	340.5746422969171	0.40319836350088845	-4.1500850373672025	0.7717426355100595
-999.0	290.0	342.14542776385	0.30281343117908116	-3.4336029998958115	1.2949121862443196
-999.0	265.0	343.69724078549484	0.21234050099910337	-2.9023853608027737	1.7619373479651292
-999.0	240.0	345.24213135806076	0.1354943387279349	-2.452241829286032	2.1945710438476294
-999.0	215.0	346.7389511137922	0.07693272932536019	-1.8597112788508452	2.5052872940346185
-999.0	190.0	348.4139301532433	0.040560322503248654	-0.8399250643086529	2.4309832017041035
-999.0	165.0	350.8263392519981	0.01978351006336096	0.586010263887796	1.7641223348953212
-999.0	140.0	355.5174057315187	0.009303408653337389	1.5582304838872183	0.8270111337856052
-999.0	115.0	367.47226828910146	0.005570000373861852	2.1552527265416384	0.29015962458732825
-999.0	90.0	394.14563311869887	0.0048292432739226706	4.043084426058693	0.22929978143009475
-999.0	65.0	442.26335729539215	0.0032099435963943972	1.4937243239730276	0.2872840660037814
-999.0	40.0	531.8723762124337	0.01324019000727543	-8.487036831263012	0.03823855255418648
-999.0	15.0	720.8038453321929	0.06639342413594325	-16.759488313838254	-0.11257899723328331
244.68055555555554	40	1004.026466275439	day	levels	pres0
-999.0	990.0	300.76254197982934	15.920659238909552	-2.7703240225896315	-0.8439290892378732
-999.0	965.0	301.4637117841363	15.451840121069079	-4.008580784554864	-1.203755188313677
-999.0	940.0	302.32826159800896	15.198282833452561	-4.881268908948134	-1.5465036107250416
-999.0	915.0	303.2613815574264	14.784038199318745	-5.537708823695672	-1.888420190409227
-999.0	890.0	304.1979634037479	14.104677594738208	-6.006602409077364	-2.1412640338315603
-999.0	865.0	305.1225644671763	13.128116919670553	-6.405123617914078	-2.248300853616574
-999.0	840.0	306.0338688094983	12.02761638900379	-6.745606746202721	-2.1889836841240435
-999.0	815.0	307.00181082030923	10.876131752390918	-6.994659526848589	-1.977947527611754
-999.0	790.0	308.1220321330051	9.644370392516809	-7.13053703970388	-1.6393322817245903
-999.0	765.0	309.42347228230363	8.373207522027286	-7.129001117782912	-1.2290816897250851
-999.0	740.0	310.83123912549246	7.241495833720693	-6.930885470575825	-0.8338893868351364
-999.0	715.0	312.27909712325425	6.323756193673174	-6.564536736427316	-0.49008217348178795
-999.0	690.0	313.6990964825879	5.560935226119599	-6.145417054321785	-0.1891489387317505
-999.0	665.0	315.0540567479357	4.984031276202503	-5.6997197095626815	0.054136053808488765
-999.0	640.0	316.4574434894381	4.45202919196936	-5.406713311962877	0.226111829004908
-999.0	615.0	317.93640743757965	3.971539390123927	-5.336079180194639	0.30848745606196665
-999.0	590.0	319.61390813837016	3.5226800049896636	-5.408878931534237	0.33904899324487325
-999.0	565.0	321.5148139354717	3.0952528726171584	-5.626426983820164	0.31699435394488923
-999.0	540.0	323.48019087017303	2.6739190581404144	-5.8861191632387175	0.26529540976994126
-999.0	515.0	325.4474176669856	2.2457951099416356	-6.149391687072739	0.1753988232475267
-999.0	490.0	327.42636456250153	1.8537473669390607	-6.322199331768981	0.012645327980518008
-999.0	465.0	329.3906670800797	1.4987227432889687	-6.369486572074346	-0.226428288845681
-999.0	440.0	331.35896643674107	1.2027632960198817	-6.344132828445738	-0.45201735598621356
-999.0	415.0	333.30872359339673	0.9663017955091238	-6.237178924734967	-0.5945131708580476
-999.0	390.0	335.2581392570158	0.776385635045573	-5.9945289981954115	-0.5278873512665975
-999.0	365.0	337.16362640090523	0.6283004490635627	-5.568603710466902	-0.2082199028773811
-999.0	340.0	338.9612115142678	0.5048201033086679	-4.933130202918433	0.2570233283403288
-999.0	315.0	340.60787280309523	0.4025665275108664	-4.142408161941511	0.798128359640622
-999.0	290.0	342.1762742034683	0.30189046889175636	-3.437638455381	1.3159736788624568
-999.0	265.0	343.7250627165975	0.21139204773454073	-2.9151404508745946	1.7746449444028973
-999.0	240.0	345.2648081678576	0.1347114977622295	-2.4683428710947375	2.195038769951799
-999.0	215.0	346.7546474326712	0.07647011484260943	-1.8725858116867273	2.4900467796826087
-999.0	190.0	348.4230078002878	0.04041196673211685	-0.847169735112477	2.401926763631685
-999.0	165.0	350.831240419717	0.019781050591350158	0.5813655265388697	1.731117914764241
-999.0	140.0	355.5265205950211	0.009309720801316014	1.5608809156872387	0.8002843669627295
-999.0	115.0	367.48477862276013	0.005558777165047283	2.1720972632368323	0.2757405892049148
-999.0	90.0	394.12937763826136	0.004806680370547634	4.063793506887202	0.22853397246865204
-999.0	65.0	442.20754851997344	0.0032182495486290075	1.5238111817944484	0.29112829527828993
-999.0	40.0	531.8439466253769	0.013221996721386185	-8.462074933918565	0.025647341817007008
-999.0	15.0	720.8244608872715	0.06645168298510487	-16.726290460905943	-0.13913699980236807
244.69444444444446	40	1003.6041472635147	day	levels	pres0
-999.0	990.0	300.9139610297311	15.85022805649552	-2.7716990864755298	-0.8506747662768187
-999.0	965.0	301.5574204155758	15.443146031579841	-3.9548887058540325	-1.1880002901946793
-999.0	940.0	302.3823387117059	15.22924814400851	-4.783788352836736	-1.5046285095704894
-999.0	915.0	303.3077156257807	14.836319287618029	-5.419061169212172	-1.8248942347909975
-999.0	890.0	304.25005208162156	14.162610056959586	-5.882513146341498	-2.0647905012807826
-999.0	865.0	305.18051219991673	13.17500451464714	-6.284762786494272	-2.1673406887652398
-999.0	840.0	306.09407547053064	12.058813047997756	-6.630020241678405	-2.109179005657704
-999.0	815.0	307.06283694651813	10.894553655459559	-6.883461564411258	-1.9045958325818164
-999.0	790.0	308.1852215837969	9.652730376632121	-7.026679635047824	-1.5768387759632747
-999.0	765.0	309.48803850433626	8.374538111098017	-7.036673350098613	-1.1800243056344346
-999.0	740.0	310.8961751390597	7.238544524451829	-6.856274207433	-0.7971727571127926
-999.0	715.0	312.3432238403861	6.3186662042582435	-6.51181322483364	-0.46354984949674294
-999.0	690.0	313.7613391572519	5.553707900606552	-6.114096514665041	-0.1714245501767589
-999.0	665.0	315.11327244517577	4.97486472166614	-5.68769335383433	0.06431876979826229
-999.0	640.0	316.5140398645047	4.441474478921765	-5.4068014728434255	0.22687474738254365
-999.0	615.0	317.99158093834865	3.9603810902730867	-5.338759890906971	0.2974553027213174
-999.0	590.0	319.6713653780474	3.511970070777111	-5.409839324377198	0.31802098976768717
-999.0	565.0	321.57866524274937	3.0856624665083685	-5.6219594143445955	0.2893684809900839
-999.0	540.0	323.5478542972196	2.666094689273538	-5.875214439759272	0.23513521019505573
-999.0	515.0	325.51422021431597	2.240574835995097	-6.131839051624214	0.1475452287007459
-999.0	490.0	327.4898593149737	1.8503226688430645	-6.299197671245072	-0.009764352376460665
-999.0	465.0	329.44893048443726	1.4964592129360028	-6.342875746464659	-0.2405172491929139
-999.0	440.0	331.4115658019552	1.2014736957664125	-6.315683263227504	-0.45648834205888117
-999.0	415.0	333.355848455115	0.9657850406236141	-6.208630718566729	-0.5886690964330099
-999.0	390.0	335.3004979962768	0.7764045849534488	-5.966565465669551	-0.512001325199538
-999.0	365.0	337.2022255771612	0.6285800977529586	-5.542635474675948	-0.18392037396909477
-999.0	340.0	338.9968248117677	0.504842730170048	-4.913853185121987	0.2851637431685025
-999.0	315.0	340.64110330927366	0.4019346915208449	-4.134731286515781	0.8245140837712579
-999.0	290.0	342.2071206430867	0.3009675066044299	-3.4416739108661756	1.3370351714806548
-999.0	265.0	343.75288464770045	0.21044359446997574	-2.9278955409464302	1.787352540840714
-999.0	240.0	345.28748497765446	0.13392865679652183	-2.4844439129034734	2.1955064960559985
-999.0	215.0	346.77034375155023	0.07600750035985722	-1.8854603445226488	2.474806265330607
-999.0	190.0	348.43208544733255	0.04026361096098458	-0.8544144059163612	2.3728703255592603
-999.0	165.0	350.83614158743615	0.019778591119339335	0.5767207891898544	1.6981134946331486
-999.0	140.0	355.5356354585234	0.009316032949294664	1.5635313474871995	0.7735576001398247
-999.0	115.0	367.4972889564187	0.005547553956232678	2.188941799932064	0.2613215538224537
-999.0	90.0	394.11312215782374	0.004784117467172516	4.084502587715808	0.22776816350717233
-999.0	65.0	442.15173974455445	0.0032265555008636586	1.5538980396160131	0.29497252455280326
-999.0	40.0	531.8155170383203	0.013203803435496875	-8.43711303657401	0.013056131079782448
-999.0	15.0	720.8450764423505	0.06650994183426659	-16.693092607973504	-0.1656950023715341
244.70833333333334	40	1003.1818282515917	day	levels	pres0
-999.0	990.0	301.0653800796324	15.779796874081681	-2.773074150361381	-0.8574204433157379
-999.0	965.0	301.6511290470151	15.434451942090638	-3.901196627153306	-1.1722453920757014
-999.0	940.0	302.4364158254026	15.260213454564392	-4.686307796725566	-1.462753408416011
-999.0	915.0	303.35404969413474	14.888600375917193	-5.300413514728962	-1.7613682791728877
-999.0	890.0	304.30214075949493	14.220542519180842	-5.758423883605959	-1.988316968730166
-999.0	865.0	305.23845993265707	13.221892109623655	-6.164401955074812	-2.0863805239141016
-999.0	840.0	306.1542821315628	12.090009706991697	-6.514433737154436	-2.029374327191586
-999.0	815.0	307.12386307272686	10.912975558528215	-6.772263601974279	-1.8312441375521091
-999.0	790.0	308.24841103458846	9.661090360747464	-6.922822230392103	-1.5143452702021747
-999.0	765.0	309.55260472636877	8.375868700168759	-6.944345582414625	-1.1309669215439602
-999.0	740.0	310.96111115262676	7.23559321518298	-6.7816629442904315	-0.7604561273905817
-999.0	715.0	312.4073505575175	6.3135762148433265	-6.459089713240156	-0.43701752551178796
-999.0	690.0	313.82358183191565	5.546480575093516	-6.082775975008422	-0.1537001616218196
-999.0	665.0	315.17248814241566	4.965698167129806	-5.675666998106033	0.07450148578801563
-999.0	640.0	316.57063623957134	4.430919765874197	-5.406889633723987	0.22763766576019
-999.0	615.0	318.0467544391177	3.949222790422268	-5.341440601619307	0.2864231493807082
-999.0	590.0	319.72882261772463	3.5012601365645755	-5.41079971722017	0.2969929862905635
-999.0	565.0	321.64251655002704	3.076072060399587	-5.617491844869053	0.26174260803535265
-999.0	540.0	323.61551772426617	2.658270320406665	-5.864309716279875	0.2049750106202506
-999.0	515.0	325.58102276164635	2.2353545620485553	-6.114286416175755	0.11969163415404581
-999.0	490.0	327.553354067446	1.8468979707470605	-6.2761960107212476	-0.032174032733368566
-999.0	465.0	329.5071938887947	1.4941956825830263	-6.316264920855072	-0.2546062095400978
-999.0	440.0	331.46416516716926	1.2001840955129324	-6.287233698009374	-0.460959328131532
-999.0	415.0	333.402973316833	0.9652682857380923	-6.180082512398597	-0.582825022007995
-999.0	390.0	335.34285673553774	0.7764235348613135	-5.9386019331437945	-0.4961152991325353
-999.0	365.0	337.240824753417	0.6288597464423463	-5.516667238885085	-0.15962084506088559
-999.0	340.0	339.0324381092674	0.5048653570314239	-4.894576167325612	0.3133041579965938
-999.0	315.0	340.67433381545203	0.401302855530823	-4.127054411090088	0.8508998079018207
-999.0	290.0	342.23796708270504	0.3000445443171051	-3.445709366351361	1.3580966640987937
-999.0	265.0	343.7807065788033	0.20949514120541318	-2.9406506310182454	1.8000601372784875
-999.0	240.0	345.31016178745125	0.1331458158308164	-2.5005449547121756	2.1959742221601752
-999.0	215.0	346.78604007042924	0.07554488587710638	-1.898334877358527	2.459565750978605
-999.0	190.0	348.44116309437715	0.04011525518985273	-0.861659076720181	2.343813887486848
-999.0	165.0	350.8410427551551	0.019776131647328533	0.5720760518409307	1.6651090745020727
-999.0	140.0	355.54475032202566	0.009322345097273296	1.5661817792872206	0.7468308333169532
-999.0	115.0	367.5097992900771	0.00553633074741811	2.2057863366272565	0.2469025184400434
-999.0	90.0	394.09686667738634	0.004761554563797476	4.105211668544316	0.22700235454572992
-999.0	65.0	442.0959309691356	0.0032348614530982706	1.5839848974374349	0.2988167538273127
-999.0	40.0	531.7870874512636	0.013185610149607644	-8.412151139229561	0.00046492034260337337
-999.0	15.0	720.8656919974298	0.06656820068342821	-16.659894755041186	-0.19225300494061806
244.72222222222223	40	1002.7595092396673	day	levels	pres0
-999.0	990.0	301.21679912953425	15.709365691667688	-2.774449214247275	-0.864166120354687
-999.0	965.0	301.7448376784544	15.42575785260141	-3.8475045484524966	-1.156490493956717
-999.0	940.0	302.4904929390994	15.291178765120339	-4.588827240614202	-1.420878307261477
-999.0	915.0	303.40038376248907	14.940881464216465	-5.181765860245502	-1.6978423235546787
-999.0	890.0	304.35422943736853	14.278474981402198	-5.634334620870137	-1.9118434361794114
-999.0	865.0	305.2964076653976	13.268779704600222	-6.044041123655057	-2.0054203590627915
-999.0	840.0	306.2144887925953	12.121206365985643	-6.398847232630175	-1.9495696487252692
-999.0	815.0	307.1848891989357	10.931397461596834	-6.661065639537011	-1.7578924425221933
-999.0	790.0	308.3116004853801	9.669450344862762	-6.818964825736107	-1.4518517644408755
-999.0	765.0	309.6171709484017	8.37719928923948	-6.852017814730379	-1.0819095374533196
-999.0	740.0	311.02604716619396	7.232641905914118	-6.707051681147648	-0.7237394976682423
-999.0	715.0	312.47147727464926	6.308486225428401	-6.406366201646512	-0.4104852015267436
-999.0	690.0	313.8858245065797	5.539253249580475	-6.051455435351698	-0.1359757730668273
-999.0	665.0	315.2317038396557	4.956531612593446	-5.663640642377693	0.08468420177778885
-999.0	640.0	316.627232614638	4.4203650528266065	-5.406977794604539	0.22840058413782435
-999.0	615.0	318.1019279398866	3.9380644905714295	-5.344121312331642	0.27539099604005696
-999.0	590.0	319.78627985740195	3.4905502023520247	-5.4117601100631365	0.27596498281337484
-999.0	565.0	321.7063678573046	3.066481654290796	-5.61302427539349	0.23411673508054393
-999.0	540.0	323.68318115131297	2.6504459515397905	-5.853404992800434	0.1748148110453607
-999.0	515.0	325.6478253089767	2.2301342881020183	-6.096733780727246	0.09183803960725893
-999.0	490.0	327.6168488199183	1.843473272651065	-6.253194350197353	-0.05458371309035393
-999.0	465.0	329.5654572931522	1.491932152230062	-6.289654095245398	-0.26869516988733705
-999.0	440.0	331.5167645323834	1.198894495259465	-6.2587841327911455	-0.465430314204207
-999.0	415.0	333.45009817855134	0.9647515308525833	-6.151534306230358	-0.5769809475829666
-999.0	390.0	335.38521547479877	0.7764424847691886	-5.91063840061793	-0.48022927306548524
-999.0	365.0	337.27942392967293	0.6291393951317419	-5.490699003094128	-0.13532131615260423
-999.0	340.0	339.06805140676727	0.5048879838928033	-4.875299149529171	0.341444572824767
-999.0	315.0	340.70756432163023	0.40067101954080075	-4.119377535664366	0.8772855320324608
-999.0	290.0	342.2688135223235	0.2991215820297781	-3.449744821836548	1.3791581567169982
-999.0	265.0	343.80852850990607	0.2085466879408481	-2.9534057210900904	1.8127677337163095
-999.0	240.0	345.33283859724804	0.13236297486510876	-2.51664599652092	2.1964419482643813
-999.0	215.0	346.80173638930836	0.0750822713943541	-1.9112094101944508	2.4443252366266126
-999.0	190.0	348.45024074142174	0.03996689941872043	-0.8689037475240603	2.3147574494144365
-999.0	165.0	350.8459439228741	0.01977367217531772	0.5674313144919243	1.632104654370993
-999.0	140.0	355.55386518552797	0.009328657245251962	1.56883221108719	0.7201040664940607
-999.0	115.0	367.5223096237357	0.005525107538603516	2.222630873322493	0.2324834830575996
-999.0	90.0	394.0806111969486	0.00473899166042237	4.125920749372916	0.22623654558426493
-999.0	65.0	442.0401221937168	0.0032431674053329143	1.6140717552589803	0.3026609831018229
-999.0	40.0	531.7586578642067	0.013167416863718327	-8.387189241885022	-0.012126290394619528
-999.0	15.0	720.8863075525089	0.06662645953258985	-16.626696902108765	-0.2188110075097778
244.73611111111111	40	1002.3371902277443	day	levels	pres0
-999.0	990.0	301.36821817943564	15.638934509253861	-2.77582427813313	-0.8709117973936035
-999.0	965.0	301.83854630989384	15.417063763112203	-3.7938124697517797	-1.1407355958377388
-999.0	940.0	302.54457005279596	15.322144075676224	-4.49134668450304	-1.3790032061070001
-999.0	915.0	303.44671783084317	14.993162552515624	-5.063118205762298	-1.634316367936573
-999.0	890.0	304.40631811524196	14.336407443623449	-5.510245358134604	-1.835369903628799
-999.0	865.0	305.354355398138	13.31566729957673	-5.923680292235598	-1.9244601942116581
-999.0	840.0	306.27469545362743	12.15240302497959	-6.283260728106205	-1.8697649702591543
-999.0	815.0	307.24591532514444	10.949819364665487	-6.54986767710003	-1.684540747492488
-999.0	790.0	308.37478993617174	9.677810328978097	-6.715107421080388	-1.3893582586797755
-999.0	765.0	309.68173717043413	8.378529878310225	-6.7596900470463925	-1.0328521533628454
-999.0	740.0	311.09098317976105	7.229690596645263	-6.632440418005083	-0.6870228679460311
-999.0	715.0	312.53560399178076	6.3033962360134845	-6.353642690053026	-0.3839528775417881
-999.0	690.0	313.94806718124346	5.53202592406744	-6.020134895695074	-0.11825138451188698
-999.0	665.0	315.2909195368957	4.947365058057109	-5.651614286649393	0.09486691776754397
-999.0	640.0	316.6838289897046	4.409810339779037	-5.407065955485091	0.2291635025154731
-999.0	615.0	318.15710144065554	3.926906190720612	-5.346802023043967	0.26435884269945137
-999.0	590.0	319.84373709707916	3.4798402681394904	-5.412720502906097	0.2549369793362546
-999.0	565.0	321.7702191645823	3.0568912481820147	-5.6085567059179375	0.20649086212581455
-999.0	540.0	323.7508445783596	2.642621582672918	-5.842500269321021	0.14465461147055472
-999.0	515.0	325.71462785630695	2.224914014155478	-6.0791811452787785	0.06398444506055401
-999.0	490.0	327.6803435723904	1.8400485745550623	-6.230192689673515	-0.07699339344726941
-999.0	465.0	329.6237206975095	1.4896686218770878	-6.263043269635795	-0.28278413023452964
-999.0	440.0	331.5693638975974	1.1976048950059852	-6.230334567573005	-0.4699013002768654
-999.0	415.0	333.4972230402694	0.9642347759670623	-6.122986100062218	-0.5711368731579556
-999.0	390.0	335.42757421405963	0.7764614346770542	-5.882674868092166	-0.4643432469984835
-999.0	365.0	337.3180231059286	0.6294190438211299	-5.464730767303263	-0.11102178724439526
-999.0	340.0	339.103664704267	0.504910610754179	-4.8560221317327965	0.3695849876528584
-999.0	315.0	340.7407948278085	0.4000391835507788	-4.111700660238676	0.9036712561630236
-999.0	290.0	342.29965996194176	0.29819861974245315	-3.453780277321736	1.4002196493351355
-999.0	265.0	343.83635044100885	0.20759823467628552	-2.9661608111619113	1.8254753301540767
-999.0	240.0	345.3555154070448	0.13158013389940335	-2.5327470383296253	2.19690967436855
-999.0	215.0	346.8174327081872	0.07461965691160334	-1.9240839430303327	2.429084722274603
-999.0	190.0	348.45931838846644	0.03981854364758861	-0.8761484183278844	2.285701011342018
-999.0	165.0	350.8508450905932	0.01977121270330692	0.5627865771429981	1.5991002342399132
-999.0	140.0	355.5629800490303	0.009334969393230592	1.5714826428872104	0.693377299671185
-999.0	115.0	367.53481995739423	0.005513884329788947	2.239475410017687	0.2180644476751862
-999.0	90.0	394.06435571651105	0.004716428757047333	4.146629830201425	0.2254707366228224
-999.0	65.0	441.984313418298	0.003251473357567525	1.6441586130804011	0.30650521237633116
-999.0	40.0	531.7302282771499	0.01314922357782909	-8.362227344540576	-0.02471750113179886
-999.0	15.0	720.9069231075879	0.06668471838175147	-16.59349904917645	-0.2453690100788626
244.75	40	1001.9148712158201	day	levels	pres0
-999.0	990.0	301.5196372293374	15.568503326839876	-2.7771993420190277	-0.8776574744325544
-999.0	965.0	301.93225494133327	15.40836967362298	-3.740120391050975	-1.1249806977187593
-999.0	940.0	302.59864716649275	15.353109386232163	-4.393866128391689	-1.3371281049524746
-999.0	915.0	303.4930518991974	15.045443640814888	-4.9444705512788545	-1.570790412318376
-999.0	890.0	304.4584067931156	14.394339905844793	-5.386156095398796	-1.7588963710780559
-999.0	865.0	305.41230313087834	13.362554894553288	-5.803319460815854	-1.8435000293603578
-999.0	840.0	306.33490211466	12.183599683973524	-6.167674223581949	-1.7899602917928452
-999.0	815.0	307.30694145135334	10.968241267734099	-6.438669714662762	-1.6111890524625783
-999.0	790.0	308.43797938696343	9.686170313093394	-6.611250016424391	-1.3268647529184818
-999.0	765.0	309.74630339246687	8.379860467380947	-6.667362279362148	-0.9837947692722079
-999.0	740.0	311.1559191933283	7.226739287376406	-6.557829154862298	-0.6503062382236953
-999.0	715.0	312.5997307089126	6.29830624659856	-6.30091917845938	-0.35742055355674696
-999.0	690.0	314.01030985590756	5.524798598554398	-5.988814356038347	-0.10052699595689768
-999.0	665.0	315.3501352341358	4.938198503520752	-5.639587930921051	0.10504963375731476
-999.0	640.0	316.7404253647713	4.399255626731448	-5.4071541163656445	0.22992642089310605
-999.0	615.0	318.2122749414245	3.9157478908697763	-5.349482733756304	0.25332668935880054
-999.0	590.0	319.9011943367564	3.469130333926943	-5.4136808957490645	0.2339089758590691
-999.0	565.0	321.8340704718599	3.047300842073229	-5.604089136442377	0.17886498917101165
-999.0	540.0	323.8185080054061	2.634797213806047	-5.831595545841588	0.11449441189567253
-999.0	515.0	325.78143040363756	2.2196937402089443	-6.061628509830268	0.036130850513776194
-999.0	490.0	327.7438383248626	1.8366238764590683	-6.207191029149624	-0.09940307380424607
-999.0	465.0	329.6819841018671	1.4874050915241237	-6.236432444026123	-0.2968730905817615
-999.0	440.0	331.62196326281156	1.1963152947525182	-6.201885002354781	-0.47437228634953493
-999.0	415.0	333.54434790198746	0.9637180210815535	-6.094437893893983	-0.5652927987329247
-999.0	390.0	335.4699329533206	0.7764803845849304	-5.854711335566308	-0.4484572209314339
-999.0	365.0	337.35662228218456	0.6296986925105256	-5.438762531512314	-0.0867222583361176
-999.0	340.0	339.1392780017667	0.5049332376155589	-4.836745113936356	0.3977254024810261
-999.0	315.0	340.77402533398686	0.39940734756075674	-4.104023784812954	0.930056980293658
-999.0	290.0	342.33050640156017	0.29727565745512646	-3.45781573280692	1.4212811419533358
-999.0	265.0	343.86417237211185	0.20664978141172063	-2.9789159012337523	1.8381829265918999
-999.0	240.0	345.37819221684174	0.13079729293369588	-2.5488480801383653	2.19737740047276
-999.0	215.0	346.8331290270662	0.07415704242885114	-1.9369584758662513	2.4138442079226174
-999.0	190.0	348.46839603551103	0.039670187876456306	-0.8833930891317625	2.2566445732696185
-999.0	165.0	350.85574625831225	0.01976875323129611	0.5581418397939867	1.5660958141088483
-999.0	140.0	355.5720949125326	0.009341281541209251	1.5741330746871736	0.6666505328483052
-999.0	115.0	367.54733029105273	0.005502661120974355	2.2563199467129174	0.20364541229274538
-999.0	90.0	394.04810023607354	0.004693865853672225	4.1673389110300265	0.22470492766135275
-999.0	65.0	441.92850464287915	0.0032597793098021704	1.6742454709019507	0.31034944165084105
-999.0	40.0	531.701798690093	0.013131030291939776	-8.337265447196032	-0.03730871186902125
-999.0	15.0	720.9275386626667	0.06674297723091312	-16.56030119624403	-0.27192701264801944
244.76388888888889	40	1001.8199039035369	day	levels	pres0
-999.0	990.0	301.47077458236026	15.603106074863039	-2.7584630366598626	-0.8451287873249934
-999.0	965.0	301.929345711157	15.418222577483574	-3.7553127266374826	-1.105033488047317
-999.0	940.0	302.60609588344624	15.347216865162784	-4.417749520437239	-1.3235274803491068
-999.0	915.0	303.49920323265354	15.025886364925038	-4.972858020552909	-1.5593129790755769
-999.0	890.0	304.45829821559505	14.369482008027418	-5.421834459275415	-1.7489344403607412
-999.0	865.0	305.40920168771873	13.34071001005759	-5.845082665667172	-1.834719006345807
-999.0	840.0	306.33420138564134	12.164022907798653	-6.216965606183238	-1.7826615625670283
-999.0	815.0	307.3112247170757	10.947008630375787	-6.499180825404243	-1.6059064193984975
-999.0	790.0	308.4454081475451	9.665160345442482	-6.684032760284639	-1.3257613144814842
-999.0	765.0	309.7536735167781	8.36277847672684	-6.750327334727852	-0.9894306631298875
-999.0	740.0	311.1599223134215	7.21534319645091	-6.6452489392257865	-0.6643009989430504
-999.0	715.0	312.5982867599654	6.292403964348767	-6.387158505710635	-0.3802545699693549
-999.0	690.0	314.0037861497635	5.522646913925796	-6.070019000865311	-0.13152057898268224
-999.0	665.0	315.33932899804654	4.937479046023912	-5.711147014925564	0.06739861072025996
-999.0	640.0	316.7262777689992	4.399523329587624	-5.466455592785392	0.19006934285987798
-999.0	615.0	318.1960895024156	3.9164527805499025	-5.394230528815134	0.21722733560531954
-999.0	590.0	319.8837825641637	3.47030310203999	-5.4460000758358404	0.20493421558988945
-999.0	565.0	321.8166814670062	3.0490191459287788	-5.627498907634971	0.16009748116547226
-999.0	540.0	323.80390752175487	2.636521483277093	-5.84868883366271	0.10595861491165548
-999.0	515.0	325.7727039991143	2.2205529672864	-6.0754234139796	0.036783165085688366
-999.0	490.0	327.74032265644	1.8369489942251853	-6.2208317983435615	-0.09173031171990488
-999.0	465.0	329.68171155483685	1.4874291615905542	-6.253136103323179	-0.284773187217421
-999.0	440.0	331.6234348593764	1.1962631477249954	-6.222225933347242	-0.458855415131008
-999.0	415.0	333.54588341472584	0.9639320578656059	-6.117224133860953	-0.5478806604421187
-999.0	390.0	335.4699290088046	0.7768478449204068	-5.875444541006953	-0.43382622152104633
-999.0	365.0	337.3537900809506	0.6300588248320554	-5.452702352524208	-0.08047557937520125
-999.0	340.0	339.1345392407588	0.505371041113027	-4.844565328199126	0.39301028175072805
-999.0	315.0	340.76925514313933	0.4000169836490612	-4.10785587955223	0.9144460514452138
-999.0	290.0	342.3270554752449	0.29787946495882933	-3.4569485616169087	1.3991836328749074
-999.0	265.0	343.86376642755675	0.20711796399619886	-2.9707757607562435	1.81499878789675
-999.0	240.0	345.3848785890118	0.13115310923046936	-2.5303699076175703	2.174430784205934
-999.0	215.0	346.8533071276498	0.07438117629032101	-1.9082142640778943	2.389603445789292
-999.0	190.0	348.506095860193	0.03980974667924078	-0.8494760488608185	2.234157810930444
-999.0	165.0	350.90662174097787	0.01986750833299256	0.5952815433711511	1.5599924557738507
-999.0	140.0	355.6102660050992	0.00938090281474787	1.6220672604065098	0.6901810171059523
-999.0	115.0	367.53180212869273	0.005514593511808345	2.31049287566393	0.241098631357348
-999.0	90.0	393.97341901220784	0.004705980784449466	4.200026115701561	0.24550603067986582
-999.0	65.0	441.8683212492435	0.003275589002756252	1.6725487899794065	0.3070280216634309
-999.0	40.0	531.7000878278839	0.013130827335479824	-8.375726777554334	-0.03420432236182821
-999.0	15.0	721.0010465303851	0.0669209336011132	-16.609082127150977	-0.2574645799734018
244.77777777777777	40	1001.7249365912544	day	levels	pres0
-999.0	990.0	301.42191193538315	15.637708822886134	-2.7397267313007294	-0.8126001002175172
-999.0	965.0	301.92643648098067	15.428075481344147	-3.7705050622239473	-1.0850862783759396
-999.0	940.0	302.6135446003996	15.341324344093415	-4.441632912482736	-1.3099268557457924
-999.0	915.0	303.50535456610953	15.00632908903523	-5.001245489826898	-1.5478355458328286
-999.0	890.0	304.45818963807426	14.344624110210098	-5.457512823151939	-1.7389725096434736
-999.0	865.0	305.40610024455907	13.318865125561947	-5.886845870518373	-1.825937983331301
-999.0	840.0	306.33350065662285	12.144446131623832	-6.2662569887843915	-1.7753628333412574
-999.0	815.0	307.3155079827979	10.92577599301751	-6.55969193614557	-1.6006237863344608
-999.0	790.0	308.4528369081264	9.644150377791613	-6.756815504144708	-1.3246578760445158
-999.0	765.0	309.7610436410896	8.345696486072782	-6.833292390093356	-0.9950665569875718
-999.0	740.0	311.1639254335148	7.203947105525458	-6.732668723589072	-0.6782957596623853
-999.0	715.0	312.5968428110181	6.2865016820990025	-6.473397832961695	-0.4030885863819175
-999.0	690.0	313.9972624436198	5.5204952292972145	-6.151223645692104	-0.1625141620083991
-999.0	665.0	315.3285227619575	4.936759588527092	-5.782706098929937	0.029747587683290437
-999.0	640.0	316.71213017322714	4.399791032443811	-5.525757069205037	0.15021226482674283
-999.0	615.0	318.1799040634064	3.9171576702300417	-5.438978323873897	0.18112798185192525
-999.0	590.0	319.86637079157083	3.47147587015305	-5.478319255922577	0.17595945532078286
-999.0	565.0	321.7992924621526	3.050737449784337	-5.650908678827546	0.141329973159985
-999.0	540.0	323.78930703810363	2.638245752748147	-5.865782121483829	0.09742281792766831
-999.0	515.0	325.7639775945912	2.221412194363865	-6.089218318128931	0.03743547965760864
-999.0	490.0	327.73680698801724	1.8372741119913119	-6.234472567537496	-0.08405754963557245
-999.0	465.0	329.68143900780666	1.4874532316569935	-6.269839762620204	-0.27267328385310124
-999.0	440.0	331.6249064559413	1.1962110006974807	-6.2425668643396515	-0.4433385439125166
-999.0	415.0	333.547418927464	0.9641460946496624	-6.1400103738278435	-0.5304685221513638
-999.0	390.0	335.4699250642887	0.7772153052558872	-5.896177746447507	-0.41919522211071136
-999.0	365.0	337.3509578797165	0.6304189571535884	-5.466642173536025	-0.07422890041431833
-999.0	340.0	339.12980047975077	0.5058088446104968	-4.85238554246183	0.38829516102042766
-999.0	315.0	340.7644849522919	0.4006266197373654	-4.11168797429145	0.8988351225968024
-999.0	290.0	342.32360454892955	0.2984832724625313	-3.4560813904268515	1.3770861237965355
-999.0	265.0	343.8633604830017	0.20758614658067615	-2.9626356202787116	1.7918146492016656
-999.0	240.0	345.391564961182	0.13150892552724217	-2.511891735096779	2.1514841679391785
-999.0	215.0	346.87348522823345	0.07460531015179035	-1.879470052289568	2.3653626836560506
-999.0	190.0	348.5437956848749	0.039949305482024716	-0.8155590085899235	2.2116710485913638
-999.0	165.0	350.9574972236436	0.019966263434688672	0.6324212469482335	1.5538890974389268
-999.0	140.0	355.6484370976661	0.009420524088286402	1.6700014461257078	0.7137115013636176
-999.0	115.0	367.51627396633296	0.005526525902642324	2.364665804614783	0.2785518504219212
-999.0	90.0	393.8987377883424	0.004718095715226667	4.232713320373002	0.26630713369834735
-999.0	65.0	441.80813785560775	0.0032913986957103045	1.6708521090568633	0.3037066016760148
-999.0	40.0	531.6983769656748	0.013130624379019865	-8.414188107912537	-0.03109993285465361
-999.0	15.0	721.0745543981035	0.06709888997131283	-16.65786305805781	-0.24300214729881955
244.79166666666666	40	1001.6299692789715	day	levels	pres0
-999.0	990.0	301.373049288406	15.672311570909304	-2.7209904259415563	-0.7800714131099487
-999.0	965.0	301.9235272508043	15.437928385204746	-3.78569739781045	-1.0651390687044926
-999.0	940.0	302.62099331735317	15.335431823024038	-4.465516304528285	-1.296326231142421
-999.0	915.0	303.5115058995655	14.986771813145376	-5.029632959100952	-1.5363581125900276
-999.0	890.0	304.45808106055364	14.319766212392716	-5.493191187028558	-1.7290105789261574
-999.0	865.0	305.40299880139935	13.297020241066242	-5.928609075369692	-1.8171569603167494
-999.0	840.0	306.3327999276043	12.124869355448958	-6.31554837138568	-1.768064104115441
-999.0	815.0	307.31979124852035	10.904543355659184	-6.62020304688705	-1.5953411532703812
-999.0	790.0	308.46026566870796	9.623140410140692	-6.829598248004962	-1.3235544376075188
-999.0	765.0	309.768413765401	8.328614495418673	-6.916257445459067	-1.0007024508452511
-999.0	740.0	311.1679285536081	7.19255101459996	-6.820088507952572	-0.6922905203817411
-999.0	715.0	312.5953988620711	6.2805993998492085	-6.559637160212959	-0.42592260279452754
-999.0	690.0	313.99073873747574	5.518343544668609	-6.232428290519085	-0.19350774503418644
-999.0	665.0	315.3177165258684	4.936040131030252	-5.854265182934464	-0.007903435353768008
-999.0	640.0	316.69798257745504	4.400058735299988	-5.585058545624796	0.11035518679351096
-999.0	615.0	318.16371862439746	3.917862559910169	-5.483726118932739	0.1450286280984417
-999.0	590.0	319.84895901897795	3.4726486382661004	-5.510638436009361	0.14698469505160183
-999.0	565.0	321.78190345729894	3.052455753639891	-5.67431845002015	0.1225624651544451
-999.0	540.0	323.77470655445217	2.6399700222191957	-5.88287540930496	0.0888870209436512
-999.0	515.0	325.7552511900682	2.222271421441323	-6.10301322227827	0.03808779422952055
-999.0	490.0	327.7332913195945	1.8375992297574295	-6.2481133367314445	-0.0763847875512312
-999.0	465.0	329.68116646077647	1.4874773017234242	-6.286543421917262	-0.26057338048875983
-999.0	440.0	331.6263780525059	1.196158853669959	-6.262907795332119	-0.42782167269398785
-999.0	415.0	333.5489544402023	0.9643601314337149	-6.162796613794819	-0.5130563838605556
-999.0	390.0	335.46992111977283	0.7775827655913644	-5.916910951888157	-0.4045642227003227
-999.0	365.0	337.3481256784825	0.6307790894751182	-5.480581994547924	-0.06798222145340291
-999.0	340.0	339.12506171874276	0.506246648107965	-4.860205756724602	0.383580040290127
-999.0	315.0	340.75971476144457	0.40123625582566963	-4.115520069030727	0.8832241937483549
-999.0	290.0	342.3201536226143	0.2990870799662342	-3.455214219236838	1.3549886147181045
-999.0	265.0	343.8629545384468	0.20805432916515437	-2.9544954798012	1.7686305105065132
-999.0	240.0	345.398251333352	0.13186474182401575	-2.4934135625759786	2.1285375516723493
-999.0	215.0	346.8936633288172	0.07482944401326021	-1.8507258405012046	2.341121921522725
-999.0	190.0	348.5814955095568	0.0400888642848092	-0.7816419683189723	2.189184286252191
-999.0	165.0	351.00837270630916	0.02006501853638513	0.6695609505254051	1.5477857391039345
-999.0	140.0	355.68660819023285	0.009460145361825024	1.7179356318450494	0.7372419856212731
-999.0	115.0	367.50074580397313	0.005538458293476318	2.4188387335657957	0.31600506948653206
-999.0	90.0	393.8240565644766	0.004730210646003908	4.2654005250445355	0.28710823671686214
-999.0	65.0	441.7479544619719	0.0033072083886643905	1.6691554281343184	0.3003851816886001
-999.0	40.0	531.6966661034656	0.013130421422559907	-8.452649438270841	-0.0279955433474606
-999.0	15.0	721.1480622658215	0.06727684634151292	-16.706643988964768	-0.228539714624197
244.80555555555554	40	1001.5350019666886	day	levels	pres0
-999.0	990.0	301.3241866414288	15.706914318932407	-2.702254120582424	-0.747542726002473
-999.0	965.0	301.9206180206281	15.447781289065322	-3.8008897333969163	-1.045191859033115
-999.0	940.0	302.6284420343065	15.329539301954673	-4.489399696573781	-1.2827256065391068
-999.0	915.0	303.5176572330216	14.967214537255572	-5.058020428374941	-1.5248806793472807
-999.0	890.0	304.4579724830331	14.294908314575403	-5.528869550905084	-1.719048648208889
-999.0	865.0	305.39989735823957	13.2751753565706	-5.970372280220892	-1.8083759373022443
-999.0	840.0	306.33209919858575	12.105292579274133	-6.364839753986836	-1.7607653748896699
-999.0	815.0	307.32407451424257	10.883310718300917	-6.680714157628376	-1.5900585202063442
-999.0	790.0	308.4676944292895	9.602130442489827	-6.902380991865031	-1.3224509991705502
-999.0	765.0	309.77578388971244	8.311532504764614	-6.999222500824571	-1.0063383447029366
-999.0	740.0	311.1719316737014	7.181154923674509	-6.907508292315854	-0.7062852811010761
-999.0	715.0	312.5939549131238	6.274697117599445	-6.64587648746402	-0.44875661920709004
-999.0	690.0	313.98421503133176	5.5161918600400295	-6.3136329353458756	-0.2245013280599033
-999.0	665.0	315.3069102897793	4.93532067353343	-5.925824266938837	-0.04555445839073763
-999.0	640.0	316.683834981683	4.400326438156176	-5.644360022044442	0.07049810876037554
-999.0	615.0	318.1475331853884	3.918567449590307	-5.5284739139914985	0.10892927434504755
-999.0	590.0	319.8315472463853	3.4738214063791593	-5.542957616096097	0.1180099347824953
-999.0	565.0	321.76451445244527	3.054174057495448	-5.697728221212727	0.1037949571489581
-999.0	540.0	323.76010607080093	2.6416942916902513	-5.89996869712608	0.0803512239596639
-999.0	515.0	325.74652478554503	2.223130648518788	-6.116808126427603	0.038740108801440985
-999.0	490.0	327.7297756511718	1.8379243475235567	-6.261754105925378	-0.06871202546689881
-999.0	465.0	329.6808939137463	1.4875013717898637	-6.303247081214289	-0.2484734771244402
-999.0	440.0	331.6278496490708	1.1961067066424445	-6.283248726324525	-0.41230480147549625
-999.0	415.0	333.55048995294055	0.9645741682177719	-6.185582853761708	-0.49564424556980063
-999.0	390.0	335.4699171752569	0.7779502259268444	-5.9376441573287115	-0.38993322328998764
-999.0	365.0	337.3452934772485	0.6311392217966512	-5.494521815559741	-0.06173554249251994
-999.0	340.0	339.12032295773474	0.5066844516054348	-4.868025970987306	0.3788649195598269
-999.0	315.0	340.7549445705971	0.401845891913974	-4.119352163769946	0.867613264899944
-999.0	290.0	342.316702696299	0.2996908874699361	-3.4543470480467797	1.3328911056397326
-999.0	265.0	343.86254859389163	0.20852251174963163	-2.946355339323668	1.7454463718114277
-999.0	240.0	345.4049377055223	0.1322205581207885	-2.4749353900551885	2.1055909354055946
-999.0	215.0	346.91384142940063	0.07505357787472958	-1.8219816287128783	2.3168811593894847
-999.0	190.0	348.61919533423867	0.04022842308759313	-0.7477249280480771	2.16669752391311
-999.0	165.0	351.05924818897466	0.02016377363808125	0.7067006541024871	1.5416823807690103
-999.0	140.0	355.7247792827997	0.009499766635363555	1.765869817564246	0.7607724698789388
-999.0	115.0	367.4852176416132	0.005550390684310296	2.4730116625166496	0.35345828855110517
-999.0	90.0	393.74937534061104	0.004742325576781111	4.298087729715977	0.30790933973534385
-999.0	65.0	441.6877710683363	0.003323018081618442	1.6674587472117761	0.2970637617011841
-999.0	40.0	531.6949552412565	0.013130218466099944	-8.491110768629047	-0.024891153840286055
-999.0	15.0	721.2215701335399	0.0674548027117126	-16.755424919871597	-0.2140772819496149
244.81944444444446	40	1001.4400346544054	day	levels	pres0
-999.0	990.0	301.27532399445164	15.741517066955588	-2.6835178152232544	-0.7150140388949002
-999.0	965.0	301.91770879045174	15.457634192925918	-3.8160820689834343	-1.0252446493616625
-999.0	940.0	302.6358907512601	15.32364678088529	-4.513283088619344	-1.26912498193573
-999.0	915.0	303.5238085664777	14.947657261365709	-5.086407897649011	-1.5134032461044722
-999.0	890.0	304.4578639055124	14.270050416758012	-5.564547914781716	-1.7090867174915634
-999.0	865.0	305.3967959150801	13.25333047207489	-6.012135485072227	-1.7995949142876815
-999.0	840.0	306.33139846956715	12.085715803099255	-6.414131136588147	-1.7534666456638417
-999.0	815.0	307.32835777996485	10.862078080942586	-6.74122526836989	-1.584775887142256
-999.0	790.0	308.47512318987094	9.581120474838904	-6.97516373572532	-1.321347560733548
-999.0	765.0	309.78315401402386	8.294450514110508	-7.082187556190317	-1.0119742385606132
-999.0	740.0	311.1759347937946	7.169758832749016	-6.994928076679389	-0.7202800418204318
-999.0	715.0	312.59251096417665	6.268794835349656	-6.732115814715319	-0.4715906356197006
-999.0	690.0	313.9776913251879	5.514040175411434	-6.394837580172881	-0.25549491108569344
-999.0	665.0	315.2961040536902	4.934601216036595	-5.997383350943389	-0.08320548142780193
-999.0	640.0	316.66968738591083	4.400594141012356	-5.703661498464217	0.030641030727135938
-999.0	615.0	318.1313477463794	3.9192723392704387	-5.5732217090503555	0.07282992059155584
-999.0	590.0	319.8141354737923	3.474994174492212	-5.575276796182883	0.08903517451330832
-999.0	565.0	321.74712544759177	3.0558923613510003	-5.721137992405327	0.08502744914341757
-999.0	540.0	323.7455055871495	2.6434185611612984	-5.917061984947204	0.07181542697565155
-999.0	515.0	325.73779838102195	2.2239898755962444	-6.130603030576932	0.039392423373361615
-999.0	490.0	327.72625998274907	1.8382494652896728	-6.275394875119313	-0.0610392633825477
-999.0	465.0	329.68062136671614	1.487525441856294	-6.319950740511335	-0.2363735737600915
-999.0	440.0	331.62932124563554	1.1960545596149215	-6.303589657316982	-0.39678793025696485
-999.0	415.0	333.55202546567887	0.9647882050018239	-6.208369093728666	-0.4782321072789949
-999.0	390.0	335.46991323074093	0.7783176862623217	-5.958377362769338	-0.37530222387960444
-999.0	365.0	337.34246127601443	0.6314993541181817	-5.50846163657161	-0.055488863531610755
-999.0	340.0	339.11558419672684	0.5071222551029035	-4.875846185250049	0.37414979882951865
-999.0	315.0	340.75017437974947	0.4024555280022784	-4.123184258509199	0.8520023360514861
-999.0	290.0	342.31325176998365	0.300294694973639	-3.453479876856745	1.3107935965612894
-999.0	265.0	343.86214264933665	0.2089906943341098	-2.93821519884614	1.722262233116264
-999.0	240.0	345.41162407769247	0.13257637441756193	-2.4564572175343744	2.082644319138756
-999.0	215.0	346.93401952998425	0.07527771173619939	-1.7932374169245042	2.292640397256146
-999.0	190.0	348.6568951589207	0.04036798189037752	-0.7138078877771168	2.1442107615739197
-999.0	165.0	351.11012367164057	0.02026252873977767	0.743840357679669	1.5355790224339998
-999.0	140.0	355.76295037536653	0.009539387908902176	1.813804003283606	0.7843029541365834
-999.0	115.0	367.46968947925336	0.005562323075144294	2.5271845914676896	0.3909115076157123
-999.0	90.0	393.67469411674534	0.0047544405075583595	4.330774934387531	0.3287104427538633
-999.0	65.0	441.62758767470046	0.0033388277745725267	1.6657620662892285	0.2937423417137754
-999.0	40.0	531.6932443790477	0.013130015509639999	-8.529572098987368	-0.02178676433308674
-999.0	15.0	721.2950780012584	0.06763275908191273	-16.804205850778576	-0.1996148492749908
244.83333333333334	40	1001.345067342123	day	levels	pres0
-999.0	990.0	301.22646134747464	15.776119814978687	-2.6647815098641208	-0.6824853517874188
-999.0	965.0	301.9147995602754	15.467487096786495	-3.8312744045698963	-1.0052974396902785
-999.0	940.0	302.64333946821347	15.317754259815926	-4.537166480664839	-1.2555243573324086
-999.0	915.0	303.5299598999337	14.92809998547591	-5.114795366922994	-1.5019258128617174
-999.0	890.0	304.4577553279918	14.245192518940698	-5.600226278658239	-1.6991247867742891
-999.0	865.0	305.3936944719203	13.231485587579252	-6.05389868992343	-1.7908138912731697
-999.0	840.0	306.33069774054866	12.066139026924432	-6.4634225191893	-1.7461679164380657
-999.0	815.0	307.33264104568707	10.840845443584318	-6.80173637911121	-1.5794932540782136
-999.0	790.0	308.48255195045243	9.560110507188035	-7.0479464795853835	-1.3202441222965748
-999.0	765.0	309.7905241383352	8.277368523456449	-7.16515261155582	-1.0176101324182945
-999.0	740.0	311.1799379138879	7.1583627418235665	-7.082347861042671	-0.7342748025397638
-999.0	715.0	312.59106701522956	6.262892553099892	-6.818355141966379	-0.494424652032261
-999.0	690.0	313.97116761904397	5.511888490782853	-6.476042224999676	-0.28648849411140853
-999.0	665.0	315.28529781760113	4.933881758539774	-6.068942434947762	-0.12085650446476981
-999.0	640.0	316.65553979013885	4.400861843868546	-5.762962974883864	-0.009216047305997115
-999.0	615.0	318.1151623073704	3.9199772289505788	-5.617969504109116	0.03673056683816514
-999.0	590.0	319.79672370119965	3.476166942605271	-5.60759597626962	0.06006041424420644
-999.0	565.0	321.7297364427381	3.0576106652065596	-5.744547763597903	0.06625994113793521
-999.0	540.0	323.73090510349834	2.6451428306323557	-5.934155272768323	0.06327962999166822
-999.0	515.0	325.7290719764989	2.224849102673711	-6.144397934726263	0.04004473794528358
-999.0	490.0	327.7227443143263	1.8385745830558	-6.289035644313243	-0.05336650129821553
-999.0	465.0	329.68034881968606	1.4875495119227333	-6.33665439980836	-0.224273670395773
-999.0	440.0	331.6307928422004	1.196002412587407	-6.323930588309387	-0.381271059038475
-999.0	415.0	333.5535609784172	0.965002241785881	-6.231155333695552	-0.46081996898824146
-999.0	390.0	335.46990928622495	0.7786851465978014	-5.97911056820989	-0.36067122446927097
-999.0	365.0	337.3396290747803	0.6318594864397147	-5.522401457583425	-0.049242184570730076
-999.0	340.0	339.1108454357188	0.5075600586003733	-4.883666399512752	0.36943467809921554
-999.0	315.0	340.74540418890217	0.40306516409058235	-4.127016353248417	0.8363914072030717
-999.0	290.0	342.3098008436684	0.3008985024773407	-3.452612705666688	1.2886960874829139
-999.0	265.0	343.8617367047817	0.209458876918587	-2.9300750583686073	1.6990780944211752
-999.0	240.0	345.41831044986253	0.1329321907143347	-2.4379790450135834	2.059697702871997
-999.0	215.0	346.95419763056793	0.07550184559766869	-1.764493205136179	2.2683996351229037
-999.0	190.0	348.6945949836025	0.040507540693161474	-0.6798908475062244	2.1217239992348382
-999.0	165.0	351.16099915430607	0.02036128384147379	0.7809800612567472	1.529475664099076
-999.0	140.0	355.80112146793334	0.009579009182440704	1.8617381890027975	0.8078334383942448
-999.0	115.0	367.4541613168935	0.005574255465978268	2.581357520418537	0.4283647266802785
-999.0	90.0	393.6000128928799	0.004766555438335562	4.363462139058968	0.349511545772341
-999.0	65.0	441.5674042810649	0.0033546374675265766	1.6640653853666854	0.29042092172635703
-999.0	40.0	531.6915335168385	0.013129812553180036	-8.568033429345574	-0.01868237482590951
-999.0	15.0	721.3685858689764	0.06781071545211242	-16.852986781685413	-0.1851524166004059
244.84722222222223	40	1001.2501000298394	day	levels	pres0
-999.0	990.0	301.17759870049736	15.81072256300186	-2.646045204504949	-0.6499566646798556
-999.0	965.0	301.91189033009914	15.47734000064709	-3.8464667401564028	-0.9853502300188377
-999.0	940.0	302.65078818516696	15.311861738746547	-4.561049872710391	-1.2419237327290436
-999.0	915.0	303.5361112333897	14.90854270958605	-5.1431828361970515	-1.4904483796189232
-999.0	890.0	304.45764675047116	14.220334621123316	-5.635904642534858	-1.6891628560569791
-999.0	865.0	305.39059302876063	13.209640703083549	-6.09566189477475	-1.7820328682586242
-999.0	840.0	306.3299970115301	12.046562250749552	-6.512713901790592	-1.7388691872122548
-999.0	815.0	307.3369243114095	10.819612806225988	-6.862247489852696	-1.574210621014139
-999.0	790.0	308.489980711034	9.539100539537115	-7.120729223445641	-1.3191406838595825
-999.0	765.0	309.79789426264654	8.260286532802338	-7.248117666921535	-1.0232460262759773
-999.0	740.0	311.1839410339811	7.146966650898069	-7.1697676454061705	-0.7482695632591225
-999.0	715.0	312.58962306628223	6.256990270850094	-6.904594469217641	-0.5172586684448733
-999.0	690.0	313.96464391290016	5.5097368061542475	-6.5572468698266535	-0.31748207713719767
-999.0	665.0	315.2744915815119	4.933162301042933	-6.140501518952285	-0.1585075275018299
-999.0	640.0	316.6413921943667	4.401129546724721	-5.822264451303623	-0.04907312533923114
-999.0	615.0	318.09897686836126	3.9206821186307024	-5.662717299167957	0.0006312130846780045
-999.0	590.0	319.77931192860683	3.4773397107183213	-5.639915156356403	0.031085653975020767
-999.0	565.0	321.7123474378843	3.0593289690621117	-5.767957534790508	0.04749243313239058
-999.0	540.0	323.71630461984694	2.6468671001034023	-5.951248560589455	0.054743833007647125
-999.0	515.0	325.7203455719757	2.2257083297511673	-6.158192838875603	0.04069705251719387
-999.0	490.0	327.71922864590357	1.8388997008219172	-6.302676413507193	-0.045693739213874054
-999.0	465.0	329.6800762726558	1.4875735819891642	-6.353358059105424	-0.21217376703143032
-999.0	440.0	331.6322644387651	1.1959502655598846	-6.3442715193018575	-0.3657541878199446
-999.0	415.0	333.55509649115544	0.9652162785699334	-6.25394157366253	-0.4434078306974317
-999.0	390.0	335.46990534170897	0.7790526069332786	-5.999843773650541	-0.3460402250588807
-999.0	365.0	337.33679687354646	0.6322196187612449	-5.536341278595326	-0.04299550560981235
-999.0	340.0	339.1061066747108	0.5079978620978417	-4.891486613775524	0.36471955736891754
-999.0	315.0	340.7406339980547	0.4036748001788869	-4.130848447987695	0.8207804783546272
-999.0	290.0	342.30634991735315	0.30150230998104366	-3.4517455344766734	1.266598578404486
-999.0	265.0	343.8613307602268	0.20992705950306526	-2.921934917891096	1.675893955726027
-999.0	240.0	345.4249968220326	0.13328800701110827	-2.4195008724927836	2.036751086605172
-999.0	215.0	346.9743757311515	0.07572597945913864	-1.7357489933478143	2.2441588729895807
-999.0	190.0	348.7322948082844	0.040647099495945936	-0.6459738072352704	2.0992372368956658
-999.0	165.0	351.2118746369717	0.020460038943170247	0.8181197648339227	1.5233723057640836
-999.0	140.0	355.8392925605001	0.009618630455979332	1.9096723747221442	0.8313639226519042
-999.0	115.0	367.43863315453353	0.005586187856812265	2.635530449369555	0.4658179457448964
-999.0	90.0	393.52533166901407	0.004778670369112802	4.396149343730506	0.3703126487908595
-999.0	65.0	441.507220887429	0.003370447160480664	1.662368704444141	0.28709950173894455
-999.0	40.0	531.6898226546296	0.01312960959672008	-8.606494759703876	-0.01557798531871912
-999.0	15.0	721.4420937366947	0.06798867182231251	-16.901767712592367	-0.17068998392578613
244.86111111111111	40	1001.1551327175563	day	levels	pres0
-999.0	990.0	301.12873605352036	15.845325311024956	-2.627308899145816	-0.6174279775723797
-999.0	965.0	301.9089810999228	15.487192904507669	-3.8616590757428675	-0.9654030203474608
-999.0	940.0	302.6582369021204	15.305969217677182	-4.584933264755886	-1.2283231081257298
-999.0	915.0	303.5422625668457	14.888985433696249	-5.1715703054710405	-1.4789709463761753
-999.0	890.0	304.45753817295054	14.195476723306001	-5.671583006411385	-1.6792009253397115
-999.0	865.0	305.387491585601	13.187795818587905	-6.13742509962595	-1.7732518452441188
-999.0	840.0	306.32929628251173	12.026985474574737	-6.562005284391749	-1.7315704579864835
-999.0	815.0	307.3412075771316	10.79838016886772	-6.922758600594021	-1.5689279879501024
-999.0	790.0	308.49740947161547	9.518090571886246	-7.19351196730571	-1.3180372454226141
-999.0	765.0	309.805264386958	8.243204542148279	-7.331082722287039	-1.0288819201336623
-999.0	740.0	311.18794415407444	7.135570559972617	-7.257187429769457	-0.7622643239784573
-999.0	715.0	312.58817911733513	6.251087988600332	-6.990833796468703	-0.5400926848574359
-999.0	690.0	313.9581202067562	5.507585121525667	-6.638451514653446	-0.3484756601629146
-999.0	665.0	315.2636853454228	4.93244284354611	-6.21206060295666	-0.19615855053879955
-999.0	640.0	316.62724459859464	4.401397249580909	-5.881565927723267	-0.08893020337236655
-999.0	615.0	318.0827914293523	3.9213870083108415	-5.7074650942267215	-0.0354681406687163
-999.0	590.0	319.76190015601395	3.4785124788313793	-5.67223433644314	0.0021108937059141023
-999.0	565.0	321.69495843303076	3.0610472729176696	-5.791367305983082	0.028724925126903347
-999.0	540.0	323.7017041361956	2.648591369574458	-5.968341848410574	0.046208036023659936
-999.0	515.0	325.71161916745274	2.226567556828633	-6.1719877430249355	0.041349367089114186
-999.0	490.0	327.71571297748085	1.839224818588044	-6.316317182701126	-0.03802097712954166
-999.0	465.0	329.6798037256256	1.4875976520556038	-6.370061718402447	-0.2000738636671106
-999.0	440.0	331.63373603532995	1.1958981185323703	-6.364612450294265	-0.3502373166014531
-999.0	415.0	333.5566320038937	0.9654303153539905	-6.276727813629421	-0.425995692406677
-999.0	390.0	335.469901397193	0.7794200672687586	-6.020576979091098	-0.33140922564854564
-999.0	365.0	337.3339646723124	0.6325797510827779	-5.550281099607141	-0.036748826648929395
-999.0	340.0	339.10136791370275	0.5084356655953116	-4.899306828038228	0.3600044366386174
-999.0	315.0	340.73586380720724	0.40428443626719096	-4.134680542726914	0.8051695495062158
-999.0	290.0	342.302898991038	0.30210611748474575	-3.4508783632866167	1.244501069326114
-999.0	265.0	343.86092481567164	0.21039524208754257	-2.913794777413564	1.652709817030942
-999.0	240.0	345.4316831942028	0.13364382330788108	-2.4010226999719935	2.013804470338417
-999.0	215.0	346.99455383173495	0.07595011332060796	-1.7070047815594882	2.21991811085634
-999.0	190.0	348.7699946329664	0.040786658298729885	-0.6120567669643754	2.0767504745565843
-999.0	165.0	351.2627501196373	0.020558794044866355	0.8552594684110044	1.5172689474291594
-999.0	140.0	355.87746365306685	0.00965825172951786	1.9576065604413408	0.8548944069095695
-999.0	115.0	367.42310499217376	0.005598120247646242	2.6897033783204085	0.5032711648094693
-999.0	90.0	393.4506504451487	0.004790785299890006	4.4288365484019465	0.3911137518093412
-999.0	65.0	441.44703749379335	0.003386256853434715	1.6606720235215988	0.2837780817515285
-999.0	40.0	531.6881117924203	0.013129406640260119	-8.644956090062081	-0.012473595811544558
-999.0	15.0	721.515601604413	0.06816662819251215	-16.950548643499193	-0.15622755125120394
244.875	40	1001.0601654052733	day	levels	pres0
-999.0	990.0	301.0798734065431	15.879928059048122	-2.6085725937866497	-0.5848992904648185
-999.0	965.0	301.9060718697465	15.497045808368261	-3.8768514113293753	-0.9454558106760184
-999.0	940.0	302.6656856190738	15.300076696607801	-4.608816656801436	-1.2147224835223622
-999.0	915.0	303.54841390030174	14.869428157806395	-5.199957774745093	-1.4674935131333766
-999.0	890.0	304.45742959542986	14.170618825488623	-5.707261370288	-1.6692389946223953
-999.0	865.0	305.38439014244125	13.165950934092203	-6.179188304477266	-1.764470822229567
-999.0	840.0	306.32859555349313	12.007408698399862	-6.611296666993034	-1.724271728760666
-999.0	815.0	307.345490842854	10.777147531509401	-6.9832697113355	-1.5636453548860219
-999.0	790.0	308.50483823219696	9.49708060423533	-7.2662947111659575	-1.3169338069856162
-999.0	765.0	309.81263451126944	8.226122551494173	-7.414047777652741	-1.0345178139913411
-999.0	740.0	311.19194727416766	7.124174469047123	-7.344607214132944	-0.7762590846978127
-999.0	715.0	312.586735168388	6.245185706350537	-7.077073123719955	-0.5629267012700438
-999.0	690.0	313.95159650061225	5.505433436897066	-6.7196561594804125	-0.379469243188699
-999.0	665.0	315.2528791093336	4.931723386049271	-6.283619686961175	-0.2338095735758543
-999.0	640.0	316.61309700282254	4.401664952437083	-5.940867404143016	-0.1287872814055946
-999.0	615.0	318.06660599034313	3.9220918979909687	-5.75221288928555	-0.07156749442219731
-999.0	590.0	319.7444883834211	3.4796852469444275	-5.704553516529915	-0.02686386656326554
-999.0	565.0	321.6775694281771	3.062765576773219	-5.814777077175678	0.009957417121364016
-999.0	540.0	323.6871036525444	2.650315639045503	-5.985435136231696	0.03767223903964299
-999.0	515.0	325.7028927629297	2.227426783906089	-6.185782647174264	0.042001681661026344
-999.0	490.0	327.7121973090581	1.8395499363541603	-6.329957951895065	-0.03034821504520043
-999.0	465.0	329.6795311785954	1.4876217221220331	-6.3867653776995	-0.18797396030277008
-999.0	440.0	331.63520763189473	1.1958459715048468	-6.38495338128673	-0.33472044538292617
-999.0	415.0	333.55816751663195	0.9656443521380424	-6.299514053596391	-0.40858355411587066
-999.0	390.0	335.46989745267706	0.7797875276042356	-6.041310184531743	-0.31677822623815804
-999.0	365.0	337.33113247107826	0.6329398834043076	-5.564220920619038	-0.03050214768801298
-999.0	340.0	339.0966291526948	0.5088734690927798	-4.907127042300999	0.35528931590831936
-999.0	315.0	340.7310936163597	0.40489407235549546	-4.138512637466191	0.7895586206577719
-999.0	290.0	342.2994480647227	0.3027099249884486	-3.4500111920966043	1.2224035602476868
-999.0	265.0	343.86051887111654	0.2108634246720208	-2.905654636936055	1.629525678335792
-999.0	240.0	345.43836956637296	0.13399963960465458	-2.382544527451197	1.9908578540715904
-999.0	215.0	347.01473193231857	0.07617424718207784	-1.6782605697711308	2.195677348723014
-999.0	190.0	348.8076944576484	0.040926217101514326	-0.5781397266934314	2.0542637122174097
-999.0	165.0	351.3136256023029	0.02065754914656282	0.8923991719881694	1.5111655890941615
-999.0	140.0	355.9156347456336	0.009697873003056476	2.005540746160679	0.8784248911672169
-999.0	115.0	367.4075768298137	0.005610052638480231	2.7438763072714196	0.5407243838740722
-999.0	90.0	393.37596922128284	0.004802900230667243	4.4615237530734815	0.4119148548278546
-999.0	65.0	441.3868541001577	0.003402066546388799	1.6589753425990534	0.2804566617641183
-999.0	40.0	531.6864009302111	0.013129203683800168	-8.683417420420382	-0.009369206304351459
-999.0	15.0	721.5891094721313	0.06834458456271227	-16.99932957440615	-0.14176511857658625
244.88888888888889	40	1001.3546555130572	day	levels	pres0
-999.0	990.0	301.0308749247722	15.909630869641738	-2.5900663288287062	-0.5527142675098747
-999.0	965.0	301.90308185405246	15.505253356180077	-3.8928177903096075	-0.9260927739230959
-999.0	940.0	302.6731245572854	15.293190532260466	-4.633609344561919	-1.2018926789707947
-999.0	915.0	303.5546315090597	14.848872908839448	-5.229137560099758	-1.4567458114965994
-999.0	890.0	304.45740408214704	14.144641808521568	-5.7434952656428395	-1.6596802505031951
-999.0	865.0	305.3814050365341	13.143113539542654	-6.2211525418140745	-1.7558100069585398
-999.0	840.0	306.3280375839045	11.98680219532529	-6.660518393104514	-1.7170901226085657
-999.0	815.0	307.3499212013515	10.754632333178554	-7.043646873515391	-1.5585552266867715
-999.0	790.0	308.5124114714064	9.474553724865832	-7.338953169775671	-1.3160686658488254
-999.0	765.0	309.8201514645796	8.20747860934997	-7.49669650896104	-1.0403306645378563
-999.0	740.0	311.1960508905702	7.11134127628654	-7.431523197962997	-0.7903966187373079
-999.0	715.0	312.5854240142288	6.238108386963963	-7.162779504502339	-0.5859506922302806
-999.0	690.0	313.9451314401717	5.502271724703862	-6.800348305407934	-0.41071336451391904
-999.0	665.0	315.242107586975	4.930248938592855	-6.354754869768705	-0.2717791609006526
-999.0	640.0	316.5990338297448	4.401254722365619	-5.999873282364897	-0.16902568691448558
-999.0	615.0	318.0505022609939	3.922103310624752	-5.796826230890982	-0.10809989581693133
-999.0	590.0	319.7271405679271	3.48013591619185	-5.736786813325733	-0.056325455644648074
-999.0	565.0	321.66023874555054	3.0637620527435185	-5.838030998583565	-0.00934557809876193
-999.0	540.0	323.672569326422	2.6513411160788376	-6.002300049741694	0.028609297811729557
-999.0	515.0	325.69424514493073	2.2276488743998324	-6.199295838949854	0.04219352021628944
-999.0	490.0	327.70876548175744	1.8392760477684105	-6.343314856290818	-0.023090656835261455
-999.0	465.0	329.6793390475922	1.4871106744732334	-6.403216649835686	-0.17626161420326136
-999.0	440.0	331.6367213863607	1.1954166265549449	-6.405115520282682	-0.3195801186202708
-999.0	415.0	333.559731608314	0.9656730675954857	-6.322236807671997	-0.3915462867460096
-999.0	390.0	335.46983711390965	0.7799937019561528	-6.062070275300486	-0.3025151733078841
-999.0	365.0	337.32821409344336	0.6331960486225124	-5.578255518811021	-0.024599852132376962
-999.0	340.0	339.0917985405753	0.5092222900302313	-4.915049189908668	0.3502578290846268
-999.0	315.0	340.7262423227688	0.4054190623286514	-4.142408311734994	0.7736597388090128
-999.0	290.0	342.2959446839518	0.30322139474482845	-3.449173624960751	1.2000414529516144
-999.0	265.0	343.86007672330015	0.2112589740642798	-2.8975116629383586	1.6060804362282075
-999.0	240.0	345.44509339383904	0.13431697514736018	-2.364040221421072	1.96764547350227
-999.0	215.0	347.03492946808217	0.07638726442086499	-1.649498334338441	2.1711772735471713
-999.0	190.0	348.8452108068326	0.04106870718461337	-0.5442353771240444	2.031508025103841
-999.0	165.0	351.3641662446039	0.02076004462512111	0.9295228108947996	1.5047337238067138
-999.0	140.0	355.9535561623002	0.009737930394260734	2.05343517118404	0.9015873489717361
-999.0	115.0	367.3919802591432	0.005620640657991635	2.7980328683316644	0.5781124534978734
-999.0	90.0	393.3013060824884	0.004811865734626311	4.49420929290818	0.4327131098849298
-999.0	65.0	441.32668479497255	0.003415156634420994	1.6572784294408776	0.2771352117444297
-999.0	40.0	531.6847209017983	0.013129799071998328	-8.721879826697707	-0.006264857384426184
-999.0	15.0	721.6625555824592	0.06853185543491536	-17.048111680711173	-0.1273027415743624
244.90277777777777	40	1001.6491456208406	day	levels	pres0
-999.0	990.0	300.98187644300117	15.939333680235299	-2.5715600638707916	-0.5205292445550145
-999.0	965.0	301.9000918383584	15.513460903991886	-3.9087841692897958	-0.906729737170236
-999.0	940.0	302.68056349549704	15.286304367913145	-4.6584020323223445	-1.1890628744192788
-999.0	915.0	303.5608491178178	14.828317659872559	-5.258317345454357	-1.4459981098598713
-999.0	890.0	304.4573785688642	14.118664791554592	-5.779729160997588	-1.650121506384041
-999.0	865.0	305.37841993062693	13.120276144993166	-6.263116779150769	-1.7471491916875574
-999.0	840.0	306.3274796143158	11.966195692250766	-6.709740119215861	-1.709908516456511
-999.0	815.0	307.3543515598491	10.732117134847766	-7.104024035695134	-1.5534650984875635
-999.0	790.0	308.51998471061586	9.452026845496384	-7.411611628385205	-1.3152035247120628
-999.0	765.0	309.82766841789015	8.18883466720582	-7.579345240269141	-1.0461435150843765
-999.0	740.0	311.20015450697264	7.0985080835260055	-7.5184391817928455	-0.8045341527767823
-999.0	715.0	312.5841128600695	6.231031067577414	-7.248485885284531	-0.608974683190471
-999.0	690.0	313.9386663797311	5.499110012510676	-6.881040451335285	-0.44195748583907046
-999.0	665.0	315.23133606461613	4.9287744911364575	-6.425890052576095	-0.3097487482253651
-999.0	640.0	316.58497065666694	4.40084449229417	-6.058879160586674	-0.20926409242328317
-999.0	615.0	318.0343985316447	3.9221147232585496	-5.841439572496345	-0.14463229721157783
-999.0	590.0	319.7097927524333	3.4805865854392812	-5.769020110121516	-0.08578704472595668
-999.0	565.0	321.6429080629241	3.064758528713827	-5.861284919991438	-0.028648573318834834
-999.0	540.0	323.65803500029955	2.6523665931121796	-6.019164963251688	0.01954635658384666
-999.0	515.0	325.68559752693176	2.2278709648935875	-6.212809030725445	0.04238535877156151
-999.0	490.0	327.7053336544566	1.8390021591826726	-6.356671760686565	-0.01583309862533039
-999.0	465.0	329.67914691658893	1.4865996268244444	-6.419667921971846	-0.16454926810377243
-999.0	440.0	331.6382351408266	1.1949872816050497	-6.425277659278585	-0.30443979185764997
-999.0	415.0	333.5612956999959	0.9657017830529333	-6.344959561747525	-0.37450901937619896
-999.0	390.0	335.46977677514207	0.7801998763080737	-6.082830366069145	-0.28825212037766196
-999.0	365.0	337.3252957158083	0.6334522138407204	-5.592290117002927	-0.018697556576773525
-999.0	340.0	339.08696792845586	0.5095711109676847	-4.922971337516273	0.3452263422609328
-999.0	315.0	340.7213910291778	0.4059440523018071	-4.146303986003738	0.7577608569602874
-999.0	290.0	342.29244130318085	0.3037328645012076	-3.448336057824854	1.1776793456555998
-999.0	265.0	343.85963457548365	0.21165452345653807	-2.8893686889406367	1.5826351941206878
-999.0	240.0	345.45181722130525	0.13463431069006515	-2.3455359153909505	1.9444330929330211
-999.0	215.0	347.0551270038456	0.07660028165965162	-1.6207360989057829	2.146677198371415
-999.0	190.0	348.8827271560168	0.041211197267711844	-0.5103310275547055	2.008752337990365
-999.0	165.0	351.4147068869049	0.020862540103679047	0.966646449801347	1.4983018585193388
-999.0	140.0	355.9914775789665	0.0097779877854649	2.10132959620726	0.9247498067762738
-999.0	115.0	367.3763836884723	0.0056312286775030244	2.8521894293917494	0.6155005231216459
-999.0	90.0	393.2266429436941	0.004820831238585347	4.526894832742791	0.453511364941974
-999.0	65.0	441.2665154897876	0.003428246722453167	1.655581516282703	0.27381376172473515
-999.0	40.0	531.6830408733854	0.01313039446019648	-8.760342232974944	-0.003160508464519377
-999.0	15.0	721.7360016927867	0.06871912630711799	-17.096893787016075	-0.11284036457217417
244.91666666666666	40	1001.9436357286241	day	levels	pres0
-999.0	990.0	300.93287796123013	15.969036490828922	-2.55305379891284	-0.48834422160006336
-999.0	965.0	301.89710182266424	15.521668451803706	-3.924750548270024	-0.8873667004173081
-999.0	940.0	302.6880024337085	15.279418203565802	-4.683194720082825	-1.176233069867708
-999.0	915.0	303.56706672657583	14.807762410905612	-5.287497130809023	-1.435250408223092
-999.0	890.0	304.4573530555812	14.092687774587542	-5.8159630563524285	-1.6405627622648393
-999.0	865.0	305.3754348247197	13.097438750443617	-6.305081016487578	-1.7384883764165302
-999.0	840.0	306.3269216447271	11.945589189176191	-6.758961845327343	-1.7027269103044111
-999.0	815.0	307.35878191834655	10.709601936516922	-7.164401197875027	-1.548374970288315
-999.0	790.0	308.5275579498252	9.429499966126885	-7.484270086994925	-1.3143383835752727
-999.0	765.0	309.8351853712005	8.170190725061612	-7.66199397157745	-1.0519563656308917
-999.0	740.0	311.20425812337527	7.0856748907654215	-7.605355165622909	-0.8186716868162781
-999.0	715.0	312.5828017059103	6.223953748190832	-7.334192266066921	-0.6319986741507094
-999.0	690.0	313.9322013192904	5.495948300317471	-6.9617325972628175	-0.4732016071642934
-999.0	665.0	315.2205645422575	4.9273000436800425	-6.497025235383638	-0.3477183355501673
-999.0	640.0	316.57090748358917	4.400434262222709	-6.117885038808568	-0.2495024979321779
-999.0	615.0	318.0182948022953	3.9221261358923334	-5.886052914101787	-0.18116469860631448
-999.0	590.0	319.69244493693924	3.481037254686705	-5.801253406917343	-0.11524863380734082
-999.0	565.0	321.6255773802976	3.065755004684127	-5.884538841399337	-0.04795156853896147
-999.0	540.0	323.6435006741771	2.6533920701455167	-6.036029876761693	0.010483415355932807
-999.0	515.0	325.67694990893284	2.228093055387335	-6.226322222501044	0.04257719732682421
-999.0	490.0	327.70190182715555	1.8387282705969241	-6.370028665082327	-0.00857554041539144
-999.0	465.0	329.6789547855857	1.4860885791756457	-6.436119194108041	-0.1528369220042628
-999.0	440.0	331.6397488952925	1.194557936655148	-6.445439798274547	-0.28929946509499294
-999.0	415.0	333.5628597916779	0.965730498510377	-6.367682315823137	-0.35747175200633596
-999.0	390.0	335.46971643637454	0.7804060506599909	-6.1035904568378925	-0.27398906744738727
-999.0	365.0	337.3223773381735	0.6337083790589251	-5.606324715194914	-0.01279526102113866
-999.0	340.0	339.0821373163364	0.5099199319051364	-4.930893485123943	0.3401948554372376
-999.0	315.0	340.7165397355869	0.4064690422749629	-4.150199660272538	0.7418619751115253
-999.0	290.0	342.2889379224099	0.3042443342575875	-3.447498490688999	1.155317238359525
-999.0	265.0	343.85919242766715	0.21205007284879707	-2.8812257149429374	1.5591899520130987
-999.0	240.0	345.4585410487714	0.13495164623277078	-2.3270316093608217	1.9212207123636988
-999.0	215.0	347.075324539609	0.07681329889843885	-1.5919738634730864	2.1221771231955704
-999.0	190.0	348.9202435052011	0.0413536873508109	-0.47642667798531035	1.9859966508767974
-999.0	165.0	351.4652475292059	0.020965035582237352	1.0037700887079835	1.491869993231896
-999.0	140.0	356.02939899563296	0.009818045176669158	2.149224021230624	0.9479122645808014
-999.0	115.0	367.3607871178015	0.005641816697014431	2.906345990451992	0.6528885927454555
-999.0	90.0	393.1519798048997	0.004829796742544414	4.559580372577489	0.47430961999905097
-999.0	65.0	441.2063461846027	0.003441336810485364	1.6538846031245262	0.27049231170504184
-999.0	40.0	531.6813608449727	0.01313098984839464	-8.798804639252271	-5.61595445941164e-05
-999.0	15.0	721.8094478031144	0.06890639717932114	-17.145675893321112	-0.09837798756994547
244.93055555555554	40	1002.2381258364077	day	levels	pres0
-999.0	990.0	300.8838794794591	15.998739301422471	-2.5345475339549264	-0.4561591986452034
-999.0	965.0	301.8941118069702	15.529875999615513	-3.940716927250211	-0.8680036636644487
-999.0	940.0	302.69544137192014	15.272532039218481	-4.707987407843253	-1.1634032653161925
-999.0	915.0	303.5732843353339	14.787207161938714	-5.316676916163623	-1.4245027065863636
-999.0	890.0	304.45732754229846	14.066710757620557	-5.852196951707177	-1.6310040181456866
-999.0	865.0	305.37244971881256	13.074601355894128	-6.347045253824271	-1.7298275611455487
-999.0	840.0	306.32636367513845	11.92498268610167	-6.808183571438693	-1.6955453041523563
-999.0	815.0	307.3632122768442	10.687086738186132	-7.224778360054769	-1.5432848420891074
-999.0	790.0	308.5351311890347	9.40697308675744	-7.556928545604461	-1.31347324243851
-999.0	765.0	309.8427023245109	8.151546782917459	-7.744642702885552	-1.0577692161774126
-999.0	740.0	311.2083617397776	7.072841698004885	-7.692271149452759	-0.8328092208557523
-999.0	715.0	312.581490551751	6.2168764288042855	-7.419898646849111	-0.6550226651109
-999.0	690.0	313.92573625884984	5.4927865881242885	-7.0424247431901685	-0.5044457284894449
-999.0	665.0	315.20979301989854	4.9258255962236435	-6.568160418191029	-0.38568792287487974
-999.0	640.0	316.55684431051145	4.40002403215126	-6.176890917030345	-0.2897409034409754
-999.0	615.0	318.002191072946	3.922137548526131	-5.930666255707151	-0.21769710000096093
-999.0	590.0	319.67509712144545	3.4814879239341376	-5.833486703713125	-0.14471022288864943
-999.0	565.0	321.608246697671	3.0667514806544363	-5.907792762807208	-0.0672545637590343
-999.0	540.0	323.6289663480548	2.654417547178859	-6.052894790271687	0.0014204741280500616
-999.0	515.0	325.668302290934	2.2283151458810906	-6.239835414276632	0.042769035882096254
-999.0	490.0	327.69846999985486	1.8384543820111867	-6.383385569478076	-0.0013179822054603905
-999.0	465.0	329.67876265458256	1.4855775315268567	-6.452570466244199	-0.14112457590477387
-999.0	440.0	331.64126264975835	1.1941285917052538	-6.465601937270451	-0.2741591383323721
-999.0	415.0	333.5644238833599	0.965759213967825	-6.390405069898663	-0.3404344846365254
-999.0	390.0	335.46965609760707	0.7806122250119119	-6.124350547606551	-0.2597260145171651
-999.0	365.0	337.3194589605385	0.6339645442771327	-5.620359313386819	-0.006892965465535321
-999.0	340.0	339.0773067042169	0.5102687528425899	-4.938815632731549	0.3351633686135435
-999.0	315.0	340.71168844199593	0.4069940322481187	-4.154095334541281	0.7259630932627996
-999.0	290.0	342.2854345416392	0.3047558040139667	-3.446660923553101	1.1329551310635098
-999.0	265.0	343.8587502798507	0.21244562224105545	-2.873082740945216	1.5357447099055792
-999.0	240.0	345.4652648762376	0.13526898177547578	-2.3085273033307008	1.8980083317944507
-999.0	215.0	347.09552207537257	0.07702631613722548	-1.5632116280404276	2.097677048019813
-999.0	190.0	348.95775985438536	0.041496177433909376	-0.44252232841597183	1.9632409637633204
-999.0	165.0	351.51578817150687	0.021067531060795293	1.0408937276145305	1.4854381279445217
-999.0	140.0	356.0673204122992	0.009858102567873322	2.197118446253844	0.9710747223853389
-999.0	115.0	367.345190547131	0.005652404716525819	2.9605025515120773	0.690276662369228
-999.0	90.0	393.0773166661053	0.00483876224650345	4.592265912412096	0.49510787505609566
-999.0	65.0	441.1461768794177	0.0034544268985175356	1.6521876899663506	0.2671708616853472
-999.0	40.0	531.6796808165597	0.013131585236592788	-8.837267045529506	0.003048189375312732
-999.0	15.0	721.882893913442	0.0690936680515238	-17.19445799962602	-0.08391561056775729
244.94444444444446	40	1002.5326159441917	day	levels	pres0
-999.0	990.0	300.834880997688	16.02844211201611	-2.516041268996978	-0.42397417569024787
-999.0	965.0	301.891121791276	15.538083547427334	-3.956683306230454	-0.848640626911516
-999.0	940.0	302.7028803101317	15.265645874871147	-4.732780095603749	-1.150573460764616
-999.0	915.0	303.57950194409176	14.766651912971765	-5.3458567015183025	-1.4137550049495766
-999.0	890.0	304.45730202901547	14.040733740653502	-5.888430847062033	-1.6214452740264742
-999.0	865.0	305.3694646129054	13.051763961344571	-6.389009491161098	-1.7211667458745092
-999.0	840.0	306.32580570554984	11.904376183027086	-6.857405297550193	-1.688363698000245
-999.0	815.0	307.3676426353418	10.664571539855281	-7.285155522234695	-1.5381947138898495
-999.0	790.0	308.5427044282442	9.384446207387933	-7.629587004214213	-1.3126081013017141
-999.0	765.0	309.85021927782134	8.13290284077325	-7.8272914341938975	-1.0635820667239253
-999.0	740.0	311.2124653561802	7.060008505244308	-7.779187133282855	-0.846946754895247
-999.0	715.0	312.58017939759185	6.209799109417712	-7.505605027631537	-0.678046656071139
-999.0	690.0	313.91927119840915	5.4896248759310895	-7.12311688911773	-0.5356898498146704
-999.0	665.0	315.19902149753995	4.924351148767233	-6.6392956009985955	-0.4236575101996874
-999.0	640.0	316.5427811374336	4.3996138020798	-6.235896795252257	-0.32997930894987787
-999.0	615.0	317.9860873435968	3.922148961159916	-5.975279597312602	-0.25422950139570555
-999.0	590.0	319.6577493059515	3.481938593181562	-5.865720000508954	-0.17417181197003925
-999.0	565.0	321.59091601504446	3.0677479566247357	-5.931046684215103	-0.08655755897916141
-999.0	540.0	323.61443202193243	2.6554430242121936	-6.069759703781686	-0.0076424670998589215
-999.0	515.0	325.65965467293495	2.228537236374834	-6.253348606052219	0.04296087443736779
-999.0	490.0	327.69503817255406	1.8381804934254375	-6.396742473873825	0.005939576004488561
-999.0	465.0	329.6785705235793	1.4850664838780567	-6.469021738380382	-0.12941222980525705
-999.0	440.0	331.6427764042244	1.193699246755351	-6.4857640762664	-0.259018811569712
-999.0	415.0	333.5659879750419	0.9657879294252677	-6.4131278239742615	-0.32339721726666454
-999.0	390.0	335.46959575883966	0.7808183993638289	-6.145110638375278	-0.24546296158689565
-999.0	365.0	337.3165405829036	0.6342207094953378	-5.634393911578779	-0.0009906699099064926
-999.0	340.0	339.07247609209736	0.510617573780042	-4.946737780339189	0.3301318817898406
-999.0	315.0	340.7068371484049	0.4075190222212747	-4.157991008810057	0.7100642114140273
-999.0	290.0	342.2819311608682	0.3052672737703465	-3.445823356417226	1.1105930237674226
-999.0	265.0	343.85830813203427	0.2128411716333143	-2.864939766947499	1.5122994677979802
-999.0	240.0	345.4719887037036	0.13558631731818127	-2.2900229973005577	1.8747959512251189
-999.0	215.0	347.11571961113617	0.07723933337601256	-1.5344493926077207	2.073176972843958
-999.0	190.0	348.9952762035697	0.04163866751700831	-0.4086179788465679	1.9404852766497358
-999.0	165.0	351.5663288138079	0.02117002653935356	1.0780173665211772	1.4790062626570608
-999.0	140.0	356.10524182896575	0.009898159959077578	2.2450128712772264	0.994237180189856
-999.0	115.0	367.32959397646016	0.005662992736037228	3.014659112572349	0.7276647319930342
-999.0	90.0	393.0026535273108	0.004847727750462524	4.6249514522468145	0.5159061301131769
-999.0	65.0	441.0860075742329	0.003467516986549734	1.650490776808172	0.2638494116656599
-999.0	40.0	531.6780007881467	0.013132180624790957	-8.875729451806855	0.0061525382952442725
-999.0	15.0	721.9563400237697	0.06928093892372697	-17.243240105931072	-0.06945323356552709
244.95833333333334	40	1002.8271060519744	day	levels	pres0
-999.0	990.0	300.785882515917	16.05814492260967	-2.4975350040390643	-0.39178915273538517
-999.0	965.0	301.88813177558205	15.54629109523914	-3.9726496852106385	-0.8292775901586523
-999.0	940.0	302.7103192483433	15.258759710523824	-4.757572783364174	-1.1377436562130958
-999.0	915.0	303.5857195528497	14.746096664004867	-5.375036486872899	-1.4030073033128445
-999.0	890.0	304.4572765157326	14.014756723686522	-5.924664742416777	-1.6118865299073166
-999.0	865.0	305.3664795069982	13.028926566795088	-6.430973728497788	-1.712505930603523
-999.0	840.0	306.3252477359612	11.883769679952568	-6.906627023661537	-1.6811820918481868
-999.0	815.0	307.37207299383925	10.642056341524498	-7.345532684414429	-1.5331045856906376
-999.0	790.0	308.55027766745354	9.361919328018486	-7.702245462823746	-1.3117429601649477
-999.0	765.0	309.8577362311317	8.1142588986291	-7.909940165501997	-1.0693949172704418
-999.0	740.0	311.2165689725827	7.047175312483768	-7.866103117112701	-0.8610842889347179
-999.0	715.0	312.5788682434327	6.202721790031162	-7.591311408413724	-0.7010706470313263
-999.0	690.0	313.91280613796874	5.486463163737907	-7.203809035045079	-0.5669339711398182
-999.0	665.0	315.18824997518107	4.9228767013108365	-6.710430783805983	-0.46162709752439623
-999.0	640.0	316.52871796435585	4.399203572008352	-6.294902673474034	-0.37021771445867163
-999.0	615.0	317.96998361424744	3.922160373793713	-6.019892938917963	-0.290761902790348
-999.0	590.0	319.64040149045763	3.482389262428994	-5.897953297304735	-0.2036334010513435
-999.0	565.0	321.57358533241796	3.068744432595044	-5.954300605622976	-0.10586055419923004
-999.0	540.0	323.59989769581006	2.656468501245536	-6.08662461729168	-0.01670540832773828
-999.0	515.0	325.6510070549362	2.22875932686859	-6.2668617978278105	0.04315271299264186
-999.0	490.0	327.6916063452534	1.8379066048396986	-6.410099378269575	0.013197134214419766
-999.0	465.0	329.67837839257606	1.4845554362292663	-6.48547301051654	-0.11769988370576939
-999.0	440.0	331.6442901586901	1.1932699018054551	-6.505926215262303	-0.24387848480709381
-999.0	415.0	333.5675520667238	0.9658166448827145	-6.435850578049783	-0.30635994989685766
-999.0	390.0	335.46953542007225	0.7810245737157488	-6.165870729143935	-0.23119990865667767
-999.0	365.0	337.31362220526864	0.634476874713545	-5.648428509770683	0.0049116256456931216
-999.0	340.0	339.0676454799778	0.510966394717495	-4.954659927946792	0.3251003949661441
-999.0	315.0	340.7019858548139	0.40804401219443004	-4.161886683078798	0.6941653295653003
-999.0	290.0	342.27842778009716	0.30577874352672524	-3.4449857892813274	1.0882309164714072
-999.0	265.0	343.85786598421777	0.21323672102557234	-2.856796792949778	1.4888542256904584
-999.0	240.0	345.4787125311698	0.13590365286088615	-2.271518691270439	1.851583570655868
-999.0	215.0	347.13591714689954	0.07745235061479909	-1.5056871571750663	2.0486768976681997
-999.0	190.0	349.0327925527539	0.04178115760010676	-0.37471362927723495	1.9177295895362578
-999.0	165.0	351.6168694561089	0.021272522017911483	1.11514100542772	1.4725743973696825
-999.0	140.0	356.143163245632	0.009938217350281739	2.292907296300442	1.0173996379943862
-999.0	115.0	367.3139974057894	0.005673580755548616	3.0688156736324306	0.7650528016167979
-999.0	90.0	392.92799038851626	0.004856693254421561	4.657636992081421	0.5367043851702162
-999.0	65.0	441.0258382690479	0.0034806070745819046	1.6487938636499966	0.2605279616459634
-999.0	40.0	531.6763207597339	0.013132776012989105	-8.91419185808409	0.009256887215151565
-999.0	15.0	722.0297861340971	0.06946820979592963	-17.292022212235988	-0.05499085656333878
244.97222222222223	40	1003.1215961597584	day	levels	pres0
-999.0	990.0	300.7368840341458	16.08784773320329	-2.4790287390811137	-0.3596041297804367
-999.0	965.0	301.88514175988803	15.554498643050959	-3.98861606419087	-0.8099145534057284
-999.0	940.0	302.7177581865548	15.251873546176482	-4.78236547112466	-1.1249138516615294
-999.0	915.0	303.59193716160775	14.725541415037926	-5.404216272227569	-1.3922596016760689
-999.0	890.0	304.45725100244977	13.988779706719471	-5.9608986377716215	-1.6023277857881186
-999.0	865.0	305.36349440109103	13.006089172245533	-6.472937965834599	-1.7038451153325
-999.0	840.0	306.32468976637256	11.863163176877993	-6.955848749773021	-1.6740004856960904
-999.0	815.0	307.37650335233684	10.619541143193649	-7.40590984659433	-1.528014457491393
-999.0	790.0	308.557850906663	9.339392448648985	-7.7749039214334665	-1.3108778190281618
-999.0	765.0	309.86525318444205	8.095614956484892	-7.992588896810309	-1.075207767816961
-999.0	740.0	311.2206725889852	7.034342119723186	-7.953019100942765	-0.8752218229742174
-999.0	715.0	312.5775570892734	6.195644470644583	-7.677017789196121	-0.7240946379915679
-999.0	690.0	313.90634107752805	5.483301451544702	-7.2845011809726135	-0.5981780924650447
-999.0	665.0	315.17747845282236	4.921402253854421	-6.781565966613527	-0.499596684849202
-999.0	640.0	316.5146547912781	4.398793341936888	-6.3539085516959295	-0.4104561199675702
-999.0	615.0	317.95387988489813	3.922171786427499	-6.064506280523408	-0.32729430418508887
-999.0	590.0	319.62305367496356	3.482839931676417	-5.930186594100565	-0.23309499013273197
-999.0	565.0	321.55625464979136	3.0697409085653447	-5.977554527030875	-0.12516354941936103
-999.0	540.0	323.58536336968757	2.6574939782788727	-6.103489530801684	-0.025768349555655573
-999.0	515.0	325.6423594369371	2.228981417362337	-6.280374989603409	0.04334455154790258
-999.0	490.0	327.68817451795246	1.837632716253951	-6.4234562826653345	0.020454692424358604
-999.0	465.0	329.678186261573	1.4840443885804684	-6.501924282652733	-0.10598753760625848
-999.0	440.0	331.6458039131561	1.1928405568555542	-6.526088354258264	-0.2287381580444342
-999.0	415.0	333.56911615840585	0.9658453603401589	-6.4585733321253995	-0.28932268252699106
-999.0	390.0	335.4694750813047	0.781230748067667	-6.186630819912684	-0.2169368557263988
-999.0	365.0	337.3107038276338	0.6347330399317503	-5.662463107962671	0.01081392120133177
-999.0	340.0	339.0628148678584	0.511315215654947	-4.962582075554464	0.32006890814245137
-999.0	315.0	340.69713456122287	0.40856900216758624	-4.1657823573476005	0.6782664477165394
-999.0	290.0	342.2749243993264	0.30629021328310535	-3.4441482221454742	1.065868809175333
-999.0	265.0	343.8574238364014	0.2136322704178316	-2.848653818952078	1.4654089835828719
-999.0	240.0	345.485436358636	0.1362209884035919	-2.253014385240307	1.8283711900865476
-999.0	215.0	347.156114682663	0.07766536785358635	-1.4769249217423661	2.0241768224923575
-999.0	190.0	349.0703089019381	0.041923647683205854	-0.3408092797078345	1.8949739024226915
-999.0	165.0	351.6674100984098	0.0213750174964698	1.1522646443343614	1.4661425320822425
-999.0	140.0	356.1810846622985	0.009978274741486005	2.340801721323808	1.040562095798921
-999.0	115.0	367.29840083511874	0.005684168775060023	3.122972234692678	0.8024408712406164
-999.0	90.0	392.85332724972193	0.004865658758380627	4.690322531916124	0.5575026402272983
-999.0	65.0	440.9656689638629	0.003493697162614104	1.6470969504918205	0.25720651162627184
-999.0	40.0	531.674640731321	0.013133371401187267	-8.952654264361417	0.01236123613507632
-999.0	15.0	722.1032322444249	0.06965548066813278	-17.340804318541014	-0.040528479561110206
244.98611111111111	40	1003.4160862675417	day	levels	pres0
-999.0	990.0	300.6878855523749	16.117550543796842	-2.4605224741232	-0.32741910682557657
-999.0	965.0	301.88215174419395	15.562706190862768	-4.004582443171058	-0.7905515166528685
-999.0	940.0	302.7251971247664	15.244987381829164	-4.807158158885085	-1.1120840471100135
-999.0	915.0	303.59815477036574	14.704986166071027	-5.4333960575821685	-1.3815119000393412
-999.0	890.0	304.4572254891669	13.962802689752492	-5.99713253312637	-1.5927690416689655
-999.0	865.0	305.3605092951839	12.983251777696045	-6.5149022031712915	-1.695184300061518
-999.0	840.0	306.32413179678394	11.842556673803472	-7.005070475884369	-1.6668188795440362
-999.0	815.0	307.38093371083437	10.597025944862855	-7.46628700877407	-1.5229243292921852
-999.0	790.0	308.56542414587244	9.316865569279539	-7.847562380043003	-1.3100126778913994
-999.0	765.0	309.8727701377525	8.076971014340739	-8.07523762811841	-1.081020618363481
-999.0	740.0	311.2247762053877	7.021508926962646	-8.039935084772617	-0.8893593570136914
-999.0	715.0	312.57624593511423	6.1885671512580345	-7.76272416997831	-0.7471186289517587
-999.0	690.0	313.89987601708737	5.480139739351517	-7.365193326899967	-0.6294222137901962
-999.0	665.0	315.1667069304636	4.919927806398025	-6.85270114942092	-0.5375662721739144
-999.0	640.0	316.50059161820025	4.39838311186544	-6.412914429917709	-0.4506945254763676
-999.0	615.0	317.93777615554893	3.9221831990612936	-6.109119622128772	-0.36382670557973534
-999.0	590.0	319.6057058594697	3.483290600923849	-5.962419890896344	-0.26255657921404063
-999.0	565.0	321.53892396716486	3.070737384535653	-6.000808448438745	-0.14446654463943379
-999.0	540.0	323.57082904356537	2.6585194553122147	-6.12035444431168	-0.03483129078353843
-999.0	515.0	325.63371181893814	2.2292035078560923	-6.293888181378999	0.04353639010317456
-999.0	490.0	327.68474269065166	1.8373588276682133	-6.436813187061084	0.02771225063428951
-999.0	465.0	329.67799413056974	1.4835333409316798	-6.518375554788893	-0.0942751915067695
-999.0	440.0	331.6473176676219	1.1924112119056598	-6.546250493254168	-0.2135978312818133
-999.0	415.0	333.5706802500878	0.9658740757976071	-6.481296086200924	-0.27228541515718035
-999.0	390.0	335.46941474253725	0.781436922419588	-6.207390910681341	-0.20267380279617672
-999.0	365.0	337.3077854499988	0.6349892051499582	-5.676497706154577	0.01671621675693518
-999.0	340.0	339.05798425573886	0.5116640365924003	-4.970504223162069	0.3150374213187574
-999.0	315.0	340.69228326763204	0.4090939921407419	-4.169678031616345	0.6623675658678142
-999.0	290.0	342.27142101855554	0.3068016830394846	-3.443310655009577	1.0435067018793183
-999.0	265.0	343.85698168858494	0.21402781981008995	-2.840510844954356	1.4419637414753517
-999.0	240.0	345.49216018610207	0.13653832394629695	-2.234510079210186	1.8051588095172992
-999.0	215.0	347.1763122184266	0.07787838509237302	-1.448162686309707	1.9996767473166002
-999.0	190.0	349.10782525112234	0.04206613776630433	-0.30690493013849557	1.8722182153092146
-999.0	165.0	351.7179507407108	0.02147751297502774	1.1893882832409088	1.4597106667948683
-999.0	140.0	356.2190060789649	0.010018332132690167	2.3886961463470295	1.0637245536034587
-999.0	115.0	367.28280426444803	0.005694756794571413	3.1771287957527625	0.8398289408643889
-999.0	90.0	392.77866411092737	0.004874624262339665	4.723008071750732	0.5783008952843426
-999.0	65.0	440.90549965867797	0.003506787250646276	1.645400037333646	0.2538850616065771
-999.0	40.0	531.6729607029082	0.013133966789385413	-8.991116670638652	0.015465585054983135
-999.0	15.0	722.1766783547525	0.06984275154033544	-17.389586424845923	-0.02606610255892194
245.0	40	1003.7105763753253	day	levels	pres0
-999.0	990.0	300.63888707060386	16.14725335439046	-2.442016209165255	-0.2952340838706328
-999.0	965.0	301.8791617284998	15.570913738674587	-4.02054882215129	-0.7711884798999462
-999.0	940.0	302.73263606297803	15.238101217481827	-4.831950846645568	-1.0992542425584464
-999.0	915.0	303.60437237912373	14.684430917104088	-5.4625758429368325	-1.3707641984025636
-999.0	890.0	304.45719997588395	13.936825672785442	-6.033366428481208	-1.5832102975497642
-999.0	865.0	305.3575241892768	12.960414383146496	-6.556866440508101	-1.6865234847904906
-999.0	840.0	306.3235738271952	11.821950170728893	-7.0542922019958505	-1.659637273391935
-999.0	815.0	307.38536406933196	10.574510746532015	-7.526664170953961	-1.5178342010929349
-999.0	790.0	308.57299738508186	9.294338689910045	-7.9202208386527175	-1.3091475367546084
-999.0	765.0	309.8802870910627	8.058327072196535	-8.157886359426708	-1.086833468909996
-999.0	740.0	311.22887982179026	7.008675734202069	-8.126851068602669	-0.9034968910531865
-999.0	715.0	312.5749347809549	6.181489831871456	-7.848430550760693	-0.7701426199119951
-999.0	690.0	313.89341095664673	5.476978027158314	-7.445885472827488	-0.6606663351154163
-999.0	665.0	315.1559354081049	4.918453358941607	-6.92383633222845	-0.5755358594987128
-999.0	640.0	316.4865284451226	4.397972881793977	-6.47192030813959	-0.4909329309852586
-999.0	615.0	317.9216724261995	3.922194611695078	-6.153732963734202	-0.4003591069744693
-999.0	590.0	319.5883580439757	3.4837412701712704	-5.994653187692165	-0.2920181682954231
-999.0	565.0	321.52159328453826	3.0717338605059523	-6.024062369846636	-0.16376953985955975
-999.0	540.0	323.556294717443	2.65954493234555	-6.137219357821675	-0.043894232011451886
-999.0	515.0	325.6250642009392	2.229425598349837	-6.307401373154589	0.043728228658437694
-999.0	490.0	327.681310863351	1.8370849390824637	-6.450170091456838	0.034969808844228616
-999.0	465.0	329.6778019995666	1.4830222932828794	-6.534826826925079	-0.08256284540726076
-999.0	440.0	331.6488314220879	1.1919818669557571	-6.566412632250124	-0.19845750451915786
-999.0	415.0	333.5722443417699	0.9659027912550502	-6.504018840276533	-0.2552481477873193
-999.0	390.0	335.46935440376984	0.7816430967715051	-6.2281510014500885	-0.18841074986590275
-999.0	365.0	337.3048670723639	0.6352453703681626	-5.690532304346563	0.02261851231257126
-999.0	340.0	339.05315364361945	0.512012857529852	-4.978426370769738	0.3100059344950649
-999.0	315.0	340.68743197404103	0.40961898211389786	-4.173573705885145	0.6464686840190552
-999.0	290.0	342.2679176377847	0.30731315279586435	-3.442473087873724	1.021144594583246
-999.0	265.0	343.8565395407684	0.21442336920234892	-2.832367870956659	1.4185184993677664
-999.0	240.0	345.49888401356816	0.13685565948900252	-2.216005773180061	1.781946428947979
-999.0	215.0	347.1965097541899	0.07809140233116019	-1.4194004508770175	1.9751766721407573
-999.0	190.0	349.1453416003066	0.04220862784940336	-0.2730005805691084	1.849462528195646
-999.0	165.0	351.76849138301185	0.021580008453586038	1.226511922147539	1.4532788015074194
-999.0	140.0	356.2569274956313	0.010058389523894424	2.4365905713703895	1.086887011407978
-999.0	115.0	367.2672076937772	0.005705344814082815	3.2312853568130073	0.8772170104881906
-999.0	90.0	392.704000972133	0.00488358976629873	4.755693611585431	0.5990991503414179
-999.0	65.0	440.8453303534929	0.003519877338678472	1.6437031241754692	0.2505636115868886
-999.0	40.0	531.6712806744952	0.013134562177583579	-9.02957907691598	0.01856993397490848
-999.0	15.0	722.2501244650799	0.07003002241253851	-17.43836853115095	-0.01160372555669813
245.01388888888889	40	1003.8598293728301	day	levels	pres0
-999.0	990.0	300.59076764209567	16.143358630898554	-2.4469452043190123	-0.31895706503664895
-999.0	965.0	301.8748773366009	15.561857747442916	-4.043054078109857	-0.8032536277731568
-999.0	940.0	302.7415201458476	15.223492725395841	-4.865873887399092	-1.14167336712559
-999.0	915.0	303.6086458801538	14.666798370855814	-5.499786913578901	-1.4243225925314917
-999.0	890.0	304.4503364158959	13.920193316024028	-6.070540249715628	-1.646212694177703
-999.0	865.0	305.3396056016672	12.949241670561435	-6.595388776726212	-1.7567373695381485
-999.0	840.0	306.2964078560998	11.81876277629242	-7.0950933187096465	-1.73400627628456
-999.0	815.0	307.3501259129532	10.580984130317805	-7.567963027659795	-1.5940085179920638
-999.0	790.0	308.53072902397855	9.309757117871905	-7.959288150440067	-1.3843123957653618
-999.0	765.0	309.8329800891158	8.080586237671955	-8.19275269317042	-1.1565902391104537
-999.0	740.0	311.1805906779639	7.033736841914117	-8.156031485692989	-0.9636187903457338
-999.0	715.0	312.5294573865023	6.205587296574224	-7.871037103143761	-0.8181322479943149
-999.0	690.0	313.8515215874821	5.49953126796972	-7.460459080927178	-0.6962507642392153
-999.0	665.0	315.11807183006545	4.9387548941153305	-6.928686889348386	-0.5986806780652113
-999.0	640.0	316.4516635843669	4.415039458760528	-6.46794504810261	-0.501694807897768
-999.0	615.0	317.88820977725777	3.9347177635372543	-6.143007221045295	-0.3990885222698693
-999.0	590.0	319.5544386594209	3.492310726164305	-5.981378431213471	-0.28068550597921965
-999.0	565.0	321.4851334658184	3.0770836746619086	-6.013810937695282	-0.14514118343314694
-999.0	540.0	323.5172363906515	2.662502498262455	-6.133874828984702	-0.020080283688031716
-999.0	515.0	325.58419391924343	2.2310422375614243	-6.313994373804264	0.07003834675769594
-999.0	490.0	327.6406426069677	1.8377442551247833	-6.463756684535827	0.06003292852348015
-999.0	465.0	329.6396239632516	1.4829255974403093	-6.550107192110146	-0.06323501358473582
-999.0	440.0	331.61310986539957	1.1913924082009848	-6.578665095852859	-0.18790221677079794
-999.0	415.0	333.53848752316605	0.9652090074931374	-6.509004415875234	-0.25542731509675476
-999.0	390.0	335.43856758002113	0.7809735076203012	-6.225517620091082	-0.19744100528596809
-999.0	365.0	337.2784852224487	0.6347223854865187	-5.680486717054402	0.008581951093840422
-999.0	340.0	339.03134416445243	0.511976212378086	-4.958178133117361	0.29539969962456525
-999.0	315.0	340.67033148022387	0.4102591732746851	-4.140202389167661	0.6352947689923145
-999.0	290.0	342.2571779569206	0.30825738968718663	-3.3972096666175897	1.0142585565220759
-999.0	265.0	343.853792497859	0.21539143221107984	-2.7783869659918614	1.416844340912928
-999.0	240.0	345.50136158581347	0.13752831792872877	-2.1557677825222465	1.790973786839535
-999.0	215.0	347.1938520298747	0.07841815718415196	-1.352930261580976	2.0010950425984846
-999.0	190.0	349.124383384949	0.04234107376800657	-0.19735914487154763	1.8898369118106086
-999.0	165.0	351.726364067849	0.02159322448862416	1.307935173312909	1.49460106283536
-999.0	140.0	356.2071845899476	0.010048529058464864	2.4977706491855938	1.1207843157520907
-999.0	115.0	367.240234200708	0.00570755522485455	3.2501326887696154	0.9072155952885403
-999.0	90.0	392.74014750084234	0.004902063813606699	4.754628130223271	0.6146299152989032
-999.0	65.0	440.93786268113195	0.003511335243712409	1.6459001579931178	0.24566270991080535
-999.0	40.0	531.7338454004145	0.01317548422131371	-8.98621648667307	0.002739299571624984
-999.0	15.0	722.2647156257902	0.07005703038777478	-17.38217084919222	-0.024849510144166066
245.02777777777777	40	1004.0090823703342	day	levels	pres0
-999.0	990.0	300.54264821358754	16.139463907406654	-2.4518741994728273	-0.34268004620262876
-999.0	965.0	301.8705929447019	15.552801756211272	-4.065559334068459	-0.8353187756463307
-999.0	940.0	302.75040422871734	15.208884233309906	-4.899796928152615	-1.1840924916926756
-999.0	915.0	303.6129193811841	14.649165824607573	-5.53699798422094	-1.4778809866603315
-999.0	890.0	304.4434728559078	13.90356095926262	-6.107714070950011	-1.709215090805527
-999.0	865.0	305.32168701405755	12.938068957976357	-6.63391111294427	-1.8269512542856614
-999.0	840.0	306.2692418850045	11.815575381855904	-7.135894435423377	-1.8083752791770127
-999.0	815.0	307.3148877565745	10.587457514103543	-7.6092618843655355	-1.6701828348909973
-999.0	790.0	308.4884606628751	9.325175545833725	-7.998355462227321	-1.4594772547759098
-999.0	765.0	309.7856730871687	8.102845403147322	-8.22761902691404	-1.2263470093107136
-999.0	740.0	311.13230153413764	7.0587979496261095	-8.185211902783228	-1.0237406896381058
-999.0	715.0	312.4839799920498	6.229684761276942	-7.893643655526776	-0.8661218760764908
-999.0	690.0	313.80963221831763	5.522084508781071	-7.475032689026835	-0.7318351933629028
-999.0	665.0	315.0802082520261	4.959056429288996	-6.93353744646833	-0.6218254966316328
-999.0	640.0	316.4167987236113	4.432106035727035	-6.463969788065663	-0.5124566848102338
-999.0	615.0	317.8547471283161	3.947240915379402	-6.132281478356434	-0.39781793756525674
-999.0	590.0	319.520519274866	3.5008801821573234	-5.96810367473482	-0.269352843663029
-999.0	565.0	321.4486736470989	3.08243348881786	-6.00355950554396	-0.12651282700676408
-999.0	540.0	323.4781780638599	2.6654600641793653	-6.130530300147738	0.0037336646353451006
-999.0	515.0	325.5433236375475	2.2326588767730144	-6.320587374453921	0.09634846485690114
-999.0	490.0	327.59997435058443	1.8384035711671096	-6.477343277614786	0.08509604820267666
-999.0	465.0	329.6014459269368	1.4828289015977463	-6.565387557295178	-0.04390718176225868
-999.0	440.0	331.5773883087112	1.190802949446219	-6.590917559455568	-0.17734692902247062
-999.0	415.0	333.5047307045624	0.9645152237312291	-6.51398999147393	-0.25560648240620204
-999.0	390.0	335.4077807562726	0.7803039184690993	-6.222884238732085	-0.2064712607060249
-999.0	365.0	337.25210337253367	0.634199400604875	-5.670441129762272	-0.00545461012486477
-999.0	340.0	339.0095346852854	0.5119395672263186	-4.9379298954650315	0.28079346475410866
-999.0	315.0	340.6532309864067	0.4108993644354703	-4.106831072450252	0.6241208539656331
-999.0	290.0	342.24643827605667	0.3092016265785065	-3.3519462453615527	1.0073725184609739
-999.0	265.0	343.85104545494937	0.21635949521980874	-2.7244060610271736	1.4151701824581522
-999.0	240.0	345.50383915805867	0.13820097636845347	-2.095529791864555	1.8000011447311177
-999.0	215.0	347.1911943055593	0.07874491203714284	-1.2864600722850705	2.0270134130561708
-999.0	190.0	349.10342516959156	0.04247351968660944	-0.12171770917415298	1.9302112954254622
-999.0	165.0	351.6842367526858	0.02160644052366231	1.3893584244780781	1.5359233241631578
-999.0	140.0	356.15744168426403	0.010038668593035347	2.558950727000626	1.1546816200960592
-999.0	115.0	367.21326070763877	0.005709765635626274	3.26898002072616	0.9372141800887508
-999.0	90.0	392.7762940295514	0.004920537860914596	4.753562648861128	0.6301606802562911
-999.0	65.0	441.03039500877054	0.003502793148746373	1.648097191810791	0.2407618082346923
-999.0	40.0	531.7964101263335	0.013216406265043714	-8.942853896430261	-0.01309133483165325
-999.0	15.0	722.2793067865005	0.0700840383630108	-17.32597316723365	-0.038095294731629495
245.04166666666666	40	1004.1583353678387	day	levels	pres0
-999.0	990.0	300.49452878507947	16.135569183914747	-2.4568031946265947	-0.3664030273686478
-999.0	965.0	301.86630855280305	15.5437457649796	-4.088064590027042	-0.8673839235195452
-999.0	940.0	302.75928831158694	15.194275741223928	-4.9337199689061535	-1.2265116162598244
-999.0	915.0	303.6171928822143	14.631533278359301	-5.57420905486302	-1.5314393807892668
-999.0	890.0	304.4366092959197	13.886928602501197	-6.144887892184443	-1.7722174874334742
-999.0	865.0	305.30376842644796	12.926896245391289	-6.67243344916239	-1.8971651390333297
-999.0	840.0	306.2420759139089	11.812387987419426	-7.176695552137184	-1.8827442820696478
-999.0	815.0	307.27964960019585	10.593930897889333	-7.650560741071371	-1.7463571517901355
-999.0	790.0	308.4461923017717	9.34059397379559	-8.037422774014676	-1.5346421137866706
-999.0	765.0	309.7383660852216	8.125104568622747	-8.262485360657756	-1.2961037795111763
-999.0	740.0	311.08401239031133	7.083859057338167	-8.214392319873552	-1.0838625889306561
-999.0	715.0	312.4385025975972	6.253782225979718	-7.916250207909851	-0.9141115041588096
-999.0	690.0	313.76774284915285	5.544637749592481	-7.489606297126535	-0.7674196224866978
-999.0	665.0	315.04234467398663	4.9793579644627215	-6.938388003588279	-0.6449703151981248
-999.0	640.0	316.38193386285565	4.44917261269359	-6.459994528028697	-0.5232185617227337
-999.0	615.0	317.82128447937424	3.959764067221582	-6.1215557356675365	-0.3965473528606461
-999.0	590.0	319.48659989031114	3.5094496381503624	-5.954828918256134	-0.2580201813468131
-999.0	565.0	321.4122138283791	3.08778330297382	-5.993308073392617	-0.10788447058033743
-999.0	540.0	323.4391197370683	2.6684176300962776	-6.127185771310774	0.027547612958779354
-999.0	515.0	325.50245335585157	2.2342755159846055	-6.327180375103607	0.12265858295617187
-999.0	490.0	327.55930609420125	1.8390628872094317	-6.490929870693786	0.11015916788193716
-999.0	465.0	329.5632678906219	1.4827322057551786	-6.580667922480255	-0.024579349939729822
-999.0	440.0	331.54166675202293	1.1902134906914479	-6.603170023058314	-0.16679164127411172
-999.0	415.0	333.4709738859586	0.9638214399693171	-6.518975567072638	-0.255785649715643
-999.0	390.0	335.376993932524	0.7796343293178953	-6.22025085737308	-0.21550151612609914
-999.0	365.0	337.2257215226186	0.633676415723231	-5.660395542470115	-0.019491171343606783
-999.0	340.0	338.9877252061182	0.5119029220745523	-4.917681657812655	0.2661872298835978
-999.0	315.0	340.6361304925896	0.41153955559625743	-4.073459755732768	0.6129469389388834
-999.0	290.0	342.2356985951926	0.31014586346982875	-3.306682824105419	1.0004864803997968
-999.0	265.0	343.84829841204	0.21732755822853955	-2.6704251560623753	1.4134960240033092
-999.0	240.0	345.50631673030387	0.1388736348081797	-2.0352918012067382	1.8090285026226713
-999.0	215.0	347.18853658124397	0.0790716668901346	-1.219989882989028	2.052931783513896
-999.0	190.0	349.0824669542338	0.04260596560521265	-0.046076273476591045	1.9705856790404215
-999.0	165.0	351.6421094375227	0.021619656558700438	1.4707816756434493	1.577245585491091
-999.0	140.0	356.10769877858024	0.010028808127605784	2.6201308048158274	1.1885789244401614
-999.0	115.0	367.18628721456946	0.005711976046398011	3.2878273526827684	0.9672127648890891
-999.0	90.0	392.8124405582606	0.004939011908222564	4.752497167498971	0.6456914452137676
-999.0	65.0	441.1229273364096	0.0034942510537803095	1.6502942256284476	0.2358609065586038
-999.0	40.0	531.8589748522531	0.013257328308773852	-8.899491306187347	-0.028921969234944393
-999.0	15.0	722.2938979472104	0.07011104633824702	-17.269775485274913	-0.05134107931910693
245.05555555555554	40	1004.3075883653427	day	levels	pres0
-999.0	990.0	300.4464093565714	16.131674460422843	-2.4617321897804088	-0.39012600853462737
-999.0	965.0	301.8620241609041	15.534689773747958	-4.110569845985644	-0.8994490713927193
-999.0	940.0	302.7681723944567	15.179667249137982	-4.9676430096596755	-1.2689307408269108
-999.0	915.0	303.62146638324447	14.613900732111059	-5.611420125505056	-1.5849977749181074
-999.0	890.0	304.4297457359317	13.870296245739791	-6.182061713418827	-1.8352198840612983
-999.0	865.0	305.2858498388383	12.91572353280621	-6.71095578538045	-1.9673790237808428
-999.0	840.0	306.2149099428135	11.809200592982915	-7.2174966688509095	-1.9571132849621007
-999.0	815.0	307.2444114438171	10.600404281675074	-7.691859597777115	-1.8225314686890686
-999.0	790.0	308.40392394066845	9.356012401757406	-8.076490085801932	-1.6098069727972188
-999.0	765.0	309.6910590832746	8.147363734098114	-8.297351694401375	-1.3658605497114362
-999.0	740.0	311.035723246485	7.108920165050159	-8.243572736963795	-1.1439844882230281
-999.0	715.0	312.3930252031447	6.27787969068243	-7.938856760292865	-0.9621011322409853
-999.0	690.0	313.7258534799884	5.567190990403833	-7.504179905226195	-0.8030040516103855
-999.0	665.0	315.00448109594737	4.99965949963639	-6.943238560708221	-0.6681151337645463
-999.0	640.0	316.34706900210006	4.466239189660097	-6.456019267991747	-0.5339804386351996
-999.0	615.0	317.78782183043234	3.9722872190637286	-6.110829992978678	-0.3952767681560336
-999.0	590.0	319.4526805057564	3.518019094143382	-5.941554161777482	-0.24668751903062236
-999.0	565.0	321.3757540096594	3.0931331171297725	-5.983056641241295	-0.08925611415395457
-999.0	540.0	323.40006141027703	2.671375196013187	-6.123841242473808	0.05136156128215612
-999.0	515.0	325.46158307415567	2.235892155196197	-6.333773375753266	0.14896870105537702
-999.0	490.0	327.5186378378181	1.839722203251757	-6.504516463772743	0.1352222875611337
-999.0	465.0	329.52508985430717	1.4826355099126152	-6.595948287665285	-0.005251518117252656
-999.0	440.0	331.5059451953346	1.189624031936681	-6.615422486661022	-0.1562363535257845
-999.0	415.0	333.43721706735505	0.9631276562074089	-6.523961142671333	-0.2559648170250902
-999.0	390.0	335.34620710877545	0.7789647401666936	-6.217617476014085	-0.224531771546156
-999.0	365.0	337.1993396727035	0.6331534308415874	-5.650349955177987	-0.033527732562311965
-999.0	340.0	338.9659157269513	0.511866276922785	-4.897433420160327	0.25158099501314113
-999.0	315.0	340.61902999877253	0.4121797467570424	-4.040088439015359	0.6017730239122022
-999.0	290.0	342.2249589143285	0.31109010036114865	-3.2614194028493815	0.9936004423386952
-999.0	265.0	343.84555136913053	0.21829562123726848	-2.616444251097689	1.411821865548533
-999.0	240.0	345.5087943025491	0.13954629324790443	-1.9750538105490465	1.8180558605142538
-999.0	215.0	347.18587885692835	0.07939842174312547	-1.153519693693123	2.0788501539715822
-999.0	190.0	349.06150873887634	0.04273841152381551	0.029565162220803493	2.010960062655276
-999.0	165.0	351.59998212235996	0.021632872593738577	1.5522049268086178	1.6185678468188895
-999.0	140.0	356.0579558728966	0.010018947662176272	2.681310882630861	1.22247622878413
-999.0	115.0	367.15931372150015	0.005714186457169731	3.3066746846393134	0.9972113496892996
-999.0	90.0	392.84858708696976	0.004957485955530463	4.7514316861368275	0.6612222101711558
-999.0	65.0	441.2154596640484	0.0034857089588142733	1.6524912594461207	0.23096000488249074
-999.0	40.0	531.9215395781722	0.013298250352503864	-8.856128715944536	-0.04475260363822264
-999.0	15.0	722.3084891079206	0.07013805431348306	-17.213577803316348	-0.06458686390657031
245.06944444444446	40	1004.4568413628474	day	levels	pres0
-999.0	990.0	300.3982899280632	16.127779736930936	-2.4666611849341793	-0.4138489897006611
-999.0	965.0	301.8577397690051	15.525633782516287	-4.133075101944234	-0.9315142192659566
-999.0	940.0	302.77705647732637	15.165058757051996	-5.001566050413225	-1.311349865394083
-999.0	915.0	303.6257398842747	14.596268185862774	-5.648631196147143	-1.638556169047063
-999.0	890.0	304.4228821759434	13.853663888978359	-6.219235534653267	-1.8982222806892646
-999.0	865.0	305.2679312512286	12.904550820221132	-6.749478121598579	-2.0375929085285263
-999.0	840.0	306.1877439717179	11.806013198546426	-7.258297785564728	-2.0314822878547476
-999.0	815.0	307.2091732874384	10.606877665460852	-7.733158454482965	-1.8987057855882166
-999.0	790.0	308.36165557956497	9.371430829719271	-8.115557397589297	-1.684971831807987
-999.0	765.0	309.6437520813274	8.169622899573541	-8.332218028145094	-1.435617319911904
-999.0	740.0	310.98743410265877	7.13398127276222	-8.272753154054119	-1.2041063875155826
-999.0	715.0	312.34754780869196	6.301977155385211	-7.961463312675933	-1.0100907603233116
-999.0	690.0	313.68396411082364	5.589744231215246	-7.518753513325885	-0.8385884807341907
-999.0	665.0	314.9666175179079	5.019961034810115	-6.948089117828154	-0.6912599523310515
-999.0	640.0	316.3122041413443	4.483305766626651	-6.452044007954762	-0.5447423155477152
-999.0	615.0	317.75435918149066	3.984810370905905	-6.100104250289759	-0.39400618345143873
-999.0	590.0	319.4187611212015	3.526588550136416	-5.928279405298774	-0.23535485671442238
-999.0	565.0	321.33929419093954	3.098482931285729	-5.972805209089932	-0.07062775772754372
-999.0	540.0	323.3610030834854	2.6743327619300934	-6.120496713636828	0.07517550960557635
-999.0	515.0	325.42071279245965	2.237508794407785	-6.340366376402939	0.17527881915463733
-999.0	490.0	327.47796958143465	1.840381519294078	-6.518103056851736	0.1602854072403888
-999.0	465.0	329.48691181799217	1.4825388140700473	-6.611228652850352	0.014076313705275838
-999.0	440.0	331.47022363864613	1.189034573181911	-6.627674950263752	-0.14568106577742407
-999.0	415.0	333.4034602487511	0.9624338724454975	-6.528946718270024	-0.256143984334531
-999.0	390.0	335.3154202850268	0.7782951510154904	-6.21498409465506	-0.23356202696623002
-999.0	365.0	337.17295782278825	0.6326304459599433	-5.640304367885804	-0.047564293781050225
-999.0	340.0	338.94410624778436	0.5118296317710187	-4.87718518250792	0.23697476014264093
-999.0	315.0	340.6019295049553	0.41281993791783	-4.0067171222978395	0.5905991088854716
-999.0	290.0	342.2142192334645	0.3120343372524711	-3.2161559815932095	0.986714404277543
-999.0	265.0	343.84280432622086	0.21926368424599985	-2.5624633461328514	1.410147707093716
-999.0	240.0	345.5112718747943	0.14021895168763127	-1.9148158198911949	1.827083218405832
-999.0	215.0	347.1832211326131	0.07972517659611757	-1.0870495043970458	2.104768524429332
-999.0	190.0	349.0405505235188	0.04287085744241886	0.1052065979183969	2.0513344462702596
-999.0	165.0	351.5578548071969	0.021646088628776757	1.6336281779740167	1.6598901081468498
-999.0	140.0	356.0082129672129	0.010009087196746723	2.7424909604460828	1.2563735331282626
-999.0	115.0	367.13234022843096	0.005716396867941471	3.325522016595926	1.0272099344896708
-999.0	90.0	392.88473361567907	0.004975960002838432	4.750366204774671	0.6767529751286537
-999.0	65.0	441.3079919916873	0.003477166863848207	1.6546882932637696	0.22605910320640324
-999.0	40.0	531.9841043040915	0.013339172396234	-8.812766125701616	-0.06058323804151598
-999.0	15.0	722.3230802686305	0.07016506228871922	-17.15738012135761	-0.07783264849404672
245.08333333333334	40	1004.6060943603516	day	levels	pres0
-999.0	990.0	300.35017049955513	16.12388501343904	-2.4715901800879947	-0.43757197086664057
-999.0	965.0	301.8534553771061	15.516577791284643	-4.1555803579028385	-0.9635793671391295
-999.0	940.0	302.78594056019597	15.150450264966059	-5.035489091166747	-1.353768989961167
-999.0	915.0	303.63001338530495	14.578635639614536	-5.685842266789184	-1.692114563175901
-999.0	890.0	304.4160186159553	13.837031532216958	-6.256409355887651	-1.9612246773170856
-999.0	865.0	305.25001266361915	12.893378107636055	-6.788000457816639	-2.1078067932760365
-999.0	840.0	306.1605780006225	11.802825804109908	-7.299098902278456	-2.1058512907471973
-999.0	815.0	307.1739351310598	10.613351049246592	-7.774457311188709	-1.9748801024871465
-999.0	790.0	308.31938721846166	9.386849257681085	-8.154624709376554	-1.7601366908185303
-999.0	765.0	309.5964450793805	8.191882065048905	-8.367084361888717	-1.5053740901121582
-999.0	740.0	310.9391449588324	7.159042380474213	-8.301933571144362	-1.2642282868079482
-999.0	715.0	312.3020704142395	6.326074620087922	-7.984069865058947	-1.0580803884054806
-999.0	690.0	313.6420747416592	5.612297472026593	-7.533327121425544	-0.8741729098578721
-999.0	665.0	314.9287539398685	5.040262569983781	-6.952939674948096	-0.7144047708974669
-999.0	640.0	316.27733928058876	4.500372343593154	-6.448068747917816	-0.5555041924601755
-999.0	615.0	317.720896532549	3.9973335227480526	-6.0893785076009	-0.3927355987468215
-999.0	590.0	319.3848417366466	3.5351580061294348	-5.915004648820128	-0.22402219439822735
-999.0	565.0	321.3028343722198	3.1038327454416805	-5.962553776938613	-0.05199940130115672
-999.0	540.0	323.3219447566939	2.677290327847004	-6.117152184799867	0.09898945792895648
-999.0	515.0	325.37984251076375	2.239125433619377	-6.346959377052602	0.2015889372538447
-999.0	490.0	327.4373013250516	1.8410408353364047	-6.531689649930696	0.18534852691958614
-999.0	465.0	329.44873378167745	1.482442118227484	-6.626509018035386	0.03340414552775213
-999.0	440.0	331.43450208195804	1.1884451144271453	-6.639927413866462	-0.13512577802909867
-999.0	415.0	333.3697034301475	0.9617400886835897	-6.533932293868717	-0.2563231516439806
-999.0	390.0	335.28463346127825	0.7776255618642888	-6.212350713296063	-0.24259228238629013
-999.0	365.0	337.1465759728733	0.6321074610782998	-5.630258780593672	-0.06160085499976013
-999.0	340.0	338.92229676861723	0.5117929866192514	-4.856936944855586	0.22236852527217857
-999.0	315.0	340.58482901113825	0.4134601290786148	-3.9733458055804274	0.5794251938587849
-999.0	290.0	342.2034795526004	0.3129785741437908	-3.170892560337171	0.9798283662164361
-999.0	265.0	343.8400572833116	0.2202317472547286	-2.508482441168167	1.4084735486389355
-999.0	240.0	345.5137494470396	0.14089161012735593	-1.8545778292335087	1.836110576297411
-999.0	215.0	347.1805634082977	0.08005193144910852	-1.0205793151011504	2.1306868948870172
-999.0	190.0	349.0195923081612	0.04300330336102178	0.18084803361577972	2.0917088298851128
-999.0	165.0	351.515727492034	0.021659304663814914	1.715051429139173	1.7012123694746457
-999.0	140.0	355.9584700615293	0.009999226731317206	2.8036710382611076	1.2902708374722294
-999.0	115.0	367.1053667353617	0.005718607278713194	3.3443693485524726	1.0572085192898826
-999.0	90.0	392.9208801443882	0.0049944340501463305	4.749300723412531	0.6922837400860464
-999.0	65.0	441.40052431932605	0.0034686247688821693	1.656885327081445	0.22115820153029353
-999.0	40.0	532.0466690300107	0.013380094439964014	-8.769403535458807	-0.07641387244479458
-999.0	15.0	722.3376714293406	0.07019207026395521	-17.101182439399036	-0.09107843308151245
245.09722222222223	40	1004.755347357856	day	levels	pres0
-999.0	990.0	300.30205107104683	16.119990289947125	-2.476519175241759	-0.4612949520326597
-999.0	965.0	301.84917098520725	15.50752180005297	-4.178085613861416	-0.9956445150123451
-999.0	940.0	302.7948246430657	15.135841772880077	-5.069412131920285	-1.3961881145283175
-999.0	915.0	303.63428688633513	14.561003093366262	-5.723053337431263	-1.7456729573048377
-999.0	890.0	304.40915505596723	13.820399175455533	-6.293583177122082	-2.0242270739450365
-999.0	865.0	305.2320940760093	12.88220539505099	-6.8265227940347595	-2.178020678023707
-999.0	840.0	306.1334120295271	11.799638409673431	-7.339900018992264	-2.1802202936398354
-999.0	815.0	307.13869697468107	10.619824433032381	-7.815756167894545	-2.0510544193862876
-999.0	790.0	308.2771188573583	9.402267685642956	-8.19369202116391	-1.835301549829296
-999.0	765.0	309.5491380774334	8.21414123052433	-8.401950695632431	-1.5751308603126268
-999.0	740.0	310.89085581500615	7.184103488186269	-8.331113988234685	-1.324350186100505
-999.0	715.0	312.2565930197868	6.350172084790699	-8.006676417442026	-1.1060700164878061
-999.0	690.0	313.6001853724945	5.6348507128380065	-7.547900729525241	-0.9097573389816735
-999.0	665.0	314.890890361829	5.060564105157508	-6.957790232068044	-0.7375495894639652
-999.0	640.0	316.24247441983306	4.517438920559713	-6.444093487880847	-0.5662660693726811
-999.0	615.0	317.6874338836071	4.0098566745902335	-6.078652764912	-0.39146501404221545
-999.0	590.0	319.35092235209174	3.5437274621224724	-5.901729892341439	-0.2126895320820158
-999.0	565.0	321.2663745535	3.1091825595976412	-5.952302344787267	-0.03337104487473414
-999.0	540.0	323.28288642990236	2.680247893763914	-6.113807655962899	0.1228034062523874
-999.0	515.0	325.3389722290679	2.2407420728309675	-6.353552377702282	0.22789905535311328
-999.0	490.0	327.39663306866817	1.8417001513787268	-6.545276243009694	0.21041164659884598
-999.0	465.0	329.4105557453626	1.4823454223849162	-6.641789383220458	0.05273197735028189
-999.0	440.0	331.3987805252696	1.1878556556723736	-6.652179877469206	-0.12457049028073784
-999.0	415.0	333.33594661154365	0.9610463049216771	-6.538917869467427	-0.25650231895341913
-999.0	390.0	335.2538466375297	0.7769559727130849	-6.209717331937061	-0.25162253780636107
-999.0	365.0	337.1201941229582	0.6315844761966555	-5.620213193301517	-0.0756374162184974
-999.0	340.0	338.90048728945027	0.5117563414674849	-4.836688707203212	0.20776229040167324
-999.0	315.0	340.56772851732114	0.41410032023940213	-3.9399744888629455	0.5682512788320405
-999.0	290.0	342.1927398717364	0.31392281103511305	-3.1256291390810373	0.9729423281552643
-999.0	265.0	343.83731024040196	0.2211998102634597	-2.4545015362033658	1.406799390184097
-999.0	240.0	345.5162270192847	0.14156426856708215	-1.794339838575687	1.845137934188968
-999.0	215.0	347.1779056839824	0.08037868630210022	-0.9541091258050981	2.156605265344743
-999.0	190.0	348.9986340928037	0.04313574927962494	0.2564894693133535	2.1320832135000733
-999.0	165.0	351.47360017687083	0.021672520698853028	1.7964746803045555	1.7425346308025804
-999.0	140.0	355.90872715584555	0.009989366265887643	2.8648511160763177	1.3241681418163325
-999.0	115.0	367.07839324229246	0.005720817689484929	3.3632166805090806	1.0872071040902196
-999.0	90.0	392.95702667309746	0.005012908097454297	4.748235242050371	0.7078145050435184
-999.0	65.0	441.4930566469648	0.003460082673916106	1.6590823608990988	0.21625729985420172
-999.0	40.0	532.10923375593	0.013421016483694145	-8.72604094521589	-0.09224450684808536
-999.0	15.0	722.3522625900509	0.07021907823919148	-17.044984757440304	-0.1043242176689876
245.11111111111111	40	1004.9046003553605	day	levels	pres0
-999.0	990.0	300.25393164253876	16.116095566455233	-2.481448170395574	-0.48501793319863995
-999.0	965.0	301.8448865933082	15.498465808821326	-4.20059086982002	-1.027709662885519
-999.0	940.0	302.8037087259354	15.121233280794138	-5.103335172673805	-1.4386072390954037
-999.0	915.0	303.6385603873653	14.543370547118023	-5.7602644080733	-1.7992313514336788
-999.0	890.0	304.4022914959791	13.803766818694125	-6.330756998356465	-2.08722947057286
-999.0	865.0	305.21417548839975	12.87103268246591	-6.865045130252816	-2.248234562771221
-999.0	840.0	306.10624605843157	11.79645101523692	-7.380701135705991	-2.2545892965322887
-999.0	815.0	307.1034588183023	10.626297816818122	-7.857055024600285	-2.1272287362852205
-999.0	790.0	308.23485049625504	9.41768611360477	-8.232759332951167	-1.9104664088398435
-999.0	765.0	309.5018310754863	8.236400395999699	-8.43681702937605	-1.644887630512886
-999.0	740.0	310.8425666711799	7.209164595898264	-8.360294405324927	-1.384472085392877
-999.0	715.0	312.2111156253344	6.3742695494934125	-8.02928296982504	-1.1540596445699818
-999.0	690.0	313.5582960033299	5.657403953649355	-7.562474337624902	-0.9453417681053612
-999.0	665.0	314.85302678378974	5.080865640331176	-6.962640789187987	-0.7606944080303866
-999.0	640.0	316.20760955907747	4.53450549752622	-6.440118227843899	-0.5770279462851468
-999.0	615.0	317.65397123466545	4.022379826432382	-6.067927022223141	-0.39019442933760307
-999.0	590.0	319.31700296753695	3.552296918115492	-5.88845513586279	-0.2013568697658251
-999.0	565.0	321.22991473478027	3.1145323737535935	-5.942050912635945	-0.014742688448351181
-999.0	540.0	323.24382810311096	2.6832054596808237	-6.110463127125934	0.14661735457576405
-999.0	515.0	325.2981019473722	2.2423587120425577	-6.360145378351943	0.2542091734523186
-999.0	490.0	327.35596481228504	1.8423594674210515	-6.558862836088649	0.23547476627804254
-999.0	465.0	329.3723777090477	1.4822487265423525	-6.657069748405492	0.072059809172759
-999.0	440.0	331.36305896858136	1.1872661969176084	-6.664432341071914	-0.1140152025324106
-999.0	415.0	333.30218979294	0.9603525211597688	-6.543903445066121	-0.25668148626286647
-999.0	390.0	335.22305981378116	0.776286383561883	-6.207083950578068	-0.2606527932264178
-999.0	365.0	337.0938122730432	0.6310614913150119	-5.610167606009388	-0.08967397743720265
-999.0	340.0	338.8786778102833	0.5117196963157178	-4.816440469550886	0.19315605553121654
-999.0	315.0	340.55062802350403	0.41474051140018725	-3.9066031721455365	0.5570773638053594
-999.0	290.0	342.1820001908724	0.314867047926433	-3.0803657178249995	0.9660562900941624
-999.0	265.0	343.8345631974925	0.22216787327218857	-2.4005206312386793	1.405125231729321
-999.0	240.0	345.51870459152985	0.14223692700680698	-1.734101847917996	1.854165292080551
-999.0	215.0	347.175247959667	0.08070544115509108	-0.8876389365091928	2.182523635802429
-999.0	190.0	348.9776758774462	0.043268195198227825	0.33213090501074816	2.172457597114927
-999.0	165.0	351.43147286170796	0.02168573673389117	1.8778979314697246	1.7838568921303786
-999.0	140.0	355.8589842501619	0.009979505800458128	2.9260311938913515	1.3580654461603006
-999.0	115.0	367.05141974922327	0.0057230281002566535	3.3820640124656256	1.1172056888904298
-999.0	90.0	392.99317320180677	0.005031382144762197	4.747169760688229	0.7233452700009066
-999.0	65.0	441.5855889746037	0.0034515405789500705	1.6612793947167728	0.21135639817808874
-999.0	40.0	532.1717984818494	0.013461938527424154	-8.682678354973081	-0.10807514125136361
-999.0	15.0	722.3668537507609	0.0702460862144275	-16.988787075481735	-0.11757000225645096
245.125	40	1005.0538533528645	day	levels	pres0
-999.0	990.0	300.2058122140306	16.112200842963325	-2.4863771655493307	-0.508740914364656
-999.0	965.0	301.8406022014093	15.489409817589655	-4.223096125778588	-1.0597748107587295
-999.0	940.0	302.81259280880505	15.106624788708155	-5.13725821342733	-1.4810263636625474
-999.0	915.0	303.64283388839556	14.525738000869751	-5.797475478715367	-1.852789745562606
-999.0	890.0	304.39542793599105	13.787134461932713	-6.367930819590887	-2.1502318672007985
-999.0	865.0	305.19625690079016	12.859859969880848	-6.903567466470931	-2.3184484475188785
-999.0	840.0	306.0790800873362	11.793263620800444	-7.421502252419787	-2.328958299424913
-999.0	815.0	307.06822066192353	10.632771200603909	-7.898353881306119	-2.20340305318435
-999.0	790.0	308.19258213515155	9.433104541566639	-8.271826644738516	-1.9856312678505983
-999.0	765.0	309.4545240735392	8.258659561475119	-8.471683363119759	-1.7146444007133448
-999.0	740.0	310.79427752735353	7.234225703610314	-8.389474822415247	-1.4445939846854243
-999.0	715.0	312.16563823088165	6.398367014196184	-8.051889522208109	-1.2020492726523018
-999.0	690.0	313.5164066341654	5.679957194460765	-7.577047945724594	-0.9809261972291601
-999.0	665.0	314.81516320575025	5.101167175504896	-6.967491346307927	-0.7838392265968851
-999.0	640.0	316.1727446983218	4.551572074492771	-6.436142967806921	-0.5877898231976563
-999.0	615.0	317.62050858572366	4.034902978274557	-6.057201279534233	-0.3889238446330031
-999.0	590.0	319.2830835829821	3.5608663741085262	-5.875180379384092	-0.19002420744962167
-999.0	565.0	321.19345491606055	3.11988218790955	-5.93179948048459	0.003885667978061535
-999.0	540.0	323.2047697763193	2.6861630255977316	-6.1071185982889595	0.17043130289918432
-999.0	515.0	325.2572316656761	2.243975351254146	-6.366738379001617	0.28051929155157673
-999.0	490.0	327.3152965559017	1.843018783463372	-6.572449429167642	0.26053788595729405
-999.0	465.0	329.3341996727328	1.482152030699783	-6.672350113590559	0.0913876409952839
-999.0	440.0	331.327337411893	1.1866767381628356	-6.676684804674652	-0.1034599147840507
-999.0	415.0	333.2684329743363	0.959658737397856	-6.5488890206648245	-0.2568606535723019
-999.0	390.0	335.19227299003256	0.7756167944106789	-6.204450569219059	-0.2696830486464832
-999.0	365.0	337.067430423128	0.6305385064333675	-5.600122018717228	-0.10371053865593344
-999.0	340.0	338.85686833111623	0.5116830511639515	-4.796192231898506	0.17854982066071695
-999.0	315.0	340.533527529687	0.41538070256097465	-3.8732318554280525	0.5459034487786186
-999.0	290.0	342.1712605100084	0.31581128481775517	-3.0351022965688665	0.9591702520329918
-999.0	265.0	343.8318161545829	0.22313593628091943	-2.346539726273881	1.4034510732744818
-999.0	240.0	345.52118216377517	0.1429095854465332	-1.673863857260181	1.8631926499721074
-999.0	215.0	347.1725902353516	0.0810321960080829	-0.8211687472131516	2.2084420062601557
-999.0	190.0	348.9567176620886	0.04340064111683104	0.4077723407083085	2.2128319807298893
-999.0	165.0	351.389345546545	0.021698952768929306	1.9593211826350956	1.8251791534583184
-999.0	140.0	355.80924134447827	0.00996964533502857	2.9872112717065544	1.3919627505044143
-999.0	115.0	367.0244462561538	0.005725238511028389	3.400911344422234	1.1472042736907802
-999.0	90.0	393.0293197305158	0.005049856192070162	4.746104279326069	0.7388760349583915
-999.0	65.0	441.67812130224286	0.0034429984839840066	1.6634764285344215	0.2064554965020054
-999.0	40.0	532.2343632077683	0.013502860571154287	-8.639315764730174	-0.12390577565464705
-999.0	15.0	722.3814449114709	0.07027309418966372	-16.932589393523006	-0.13081578684391895
245.13888888888889	40	1004.9197879367404	day	levels	pres0
-999.0	990.0	300.1576925021395	16.106208657041	-2.49145809064306	-0.5327919090488765
-999.0	965.0	301.83628374447454	15.479173624957031	-4.245724149801414	-1.0920495353179334
-999.0	940.0	302.82142943601565	15.090841004877898	-5.171043263173393	-1.5234472393690839
-999.0	915.0	303.64704758707614	14.50703710391196	-5.834238364625684	-1.9061282844294525
-999.0	890.0	304.3885927132751	13.769659533912748	-6.404395665283569	-2.212788307924374
-999.0	865.0	305.17836383865364	12.84773211125975	-6.941212904306123	-2.388059109725392
-999.0	840.0	306.05195965669674	11.788499608451948	-7.461377865738364	-2.4026904273548957
-999.0	815.0	307.03304142254234	10.636600376647216	-7.938767022556763	-2.2789829245504865
-999.0	790.0	308.1503564929731	9.445031710612941	-8.310089207725799	-2.060234262941516
-999.0	765.0	309.4072542872525	8.277044709817885	-8.505925087281254	-1.783836784410479
-999.0	740.0	310.7460618823601	7.255646267790873	-8.418202584172505	-1.504151540727971
-999.0	715.0	312.1201911065915	6.419570891945471	-8.074151792644006	-1.2495221129883667
-999.0	690.0	313.47456491463475	5.700201767462293	-7.591345366872396	-1.0160511604073825
-999.0	665.0	314.7772893617601	5.119694307998395	-6.972085553232898	-0.8066077101631092
-999.0	640.0	316.1379074434662	4.567209498013997	-6.431908074352462	-0.5982297036141639
-999.0	615.0	317.5870701791179	4.046233637097452	-6.0461799430626195	-0.38735885182568763
-999.0	590.0	319.2491855539654	3.5683671009761357	-5.861614714985989	-0.17841197416921856
-999.0	565.0	321.1569874467063	3.1242703063252524	-5.921294104169901	0.02279658343092101
-999.0	540.0	323.16569314107767	2.6882732017540616	-6.103576137327847	0.19451969975814187
-999.0	515.0	325.2163616116868	2.2448563297957516	-6.373219484164396	0.30708859484920753
-999.0	490.0	327.27463153306036	1.8430588079823353	-6.585996631670894	0.28582668470014044
-999.0	465.0	329.29603382776895	1.4815928465974149	-6.687660908050572	0.11088006262508501
-999.0	440.0	331.29164634227425	1.1857822892474508	-6.688994998457265	-0.09277012949968932
-999.0	415.0	333.2347153912314	0.9587652515390015	-6.553917345671379	-0.2568990463666823
-999.0	390.0	335.16155507204695	0.774853965865424	-6.201838460785367	-0.27857386909517323
-999.0	365.0	337.04108575719926	0.6299722028183348	-5.590078380234805	-0.11761916773739493
-999.0	340.0	338.83510461726223	0.5116183252108324	-4.775925093364917	0.16405721976891519
-999.0	315.0	340.5164446583561	0.4159818155415088	-3.8398234298176503	0.534831117635228
-999.0	290.0	342.1605124444808	0.31673289067399457	-2.989798093835475	0.9523881067188118
-999.0	265.0	343.82900138542016	0.22408901597085834	-2.2925203400031204	1.4018934362935598
-999.0	240.0	345.5235720807152	0.14356935405413926	-1.613588019423596	1.8723402759175105
-999.0	215.0	347.1698845076032	0.08134740527236387	-0.7546511190356469	2.2344720438122914
-999.0	190.0	348.9357399183982	0.043524655070799854	0.4834822272238689	2.2533136710846966
-999.0	165.0	351.34714092415715	0.021707809696916797	2.0408169929812843	1.8666343572837594
-999.0	140.0	355.75948175519153	0.009957370767944734	3.04842071593919	1.4260005646926293
-999.0	115.0	366.99746664739934	0.005725724654226211	3.4197579650093637	1.1772270908142934
-999.0	90.0	393.06550889501466	0.005067102246009484	4.745038267638939	0.7544080354273756
-999.0	65.0	441.77062627566346	0.0034330752254233617	1.6656734772762272	0.2015546415760157
-999.0	40.0	532.2969517973921	0.013546361470089153	-8.595952148192788	-0.1397363542935542
-999.0	15.0	722.3960052716595	0.07030666601142777	-16.876389443874288	-0.1440615924571079
245.15277777777777	40	1004.7857225206161	day	levels	pres0
-999.0	990.0	300.10957279024876	16.100216471118692	-2.4965390157368432	-0.55684290373306
-999.0	965.0	301.8319652875398	15.468937432324447	-4.268352173824274	-1.1243242598771015
-999.0	940.0	302.83026606322613	15.075057221047677	-5.20482831291945	-1.5658681150755616
-999.0	915.0	303.6512612857566	14.488336206954214	-5.871001250535973	-1.9594668232962114
-999.0	890.0	304.3817574905592	13.7521846058928	-6.440860510976212	-2.2753447486478375
-999.0	865.0	305.1604707765171	12.835604252638644	-6.978858342141268	-2.457669771931764
-999.0	840.0	306.0248392260576	11.78373559610343	-7.501253479056873	-2.4764225552847066
-999.0	815.0	306.9978621831612	10.640429552690478	-7.979180163807322	-2.354562795916428
-999.0	790.0	308.1081308507947	9.456958879659197	-8.348351770712991	-2.1348372580322295
-999.0	765.0	309.3599845009659	8.2954298581606	-8.540166811442656	-1.853029168107417
-999.0	740.0	310.6978462373668	7.277066831971381	-8.44693034592969	-1.5637090967703435
-999.0	715.0	312.0747439823014	6.440774769694707	-8.096414063079848	-1.2969949533242882
-999.0	690.0	313.432723195104	5.720446340463772	-7.605642788020175	-1.051176123585494
-999.0	665.0	314.73941551777006	5.138221440491845	-6.976679760157876	-0.8293761937292569
-999.0	640.0	316.1030701886107	4.58284692153518	-6.427673180898031	-0.6086695840306282
-999.0	615.0	317.5536317725124	4.057564295920321	-6.035158606591051	-0.38579385901836016
-999.0	590.0	319.21528752494874	3.575867827843733	-5.8480490505879335	-0.1667997408888284
-999.0	565.0	321.12051997735233	3.1286584247409546	-5.910788727855245	0.04170749888375039
-999.0	540.0	323.1266165058357	2.6903833779103956	-6.100033676366745	0.2186080966170558
-999.0	515.0	325.1754915576976	2.2457373083373637	-6.379700589327159	0.3336578981467852
-999.0	490.0	327.2339665102191	1.8430988325013042	-6.599543834174112	0.31111548344293133
-999.0	465.0	329.2578679828053	1.4810336624950537	-6.702971702510553	0.13037248425483836
-999.0	440.0	331.2559552726558	1.1848878403320726	-6.701305192239854	-0.08208034421536076
-999.0	415.0	333.2009978081267	0.9578717656801509	-6.558945670677923	-0.25693743916107464
-999.0	390.0	335.13083715406145	0.7740911373201712	-6.199226352351688	-0.2874646895438549
-999.0	365.0	337.01474109127065	0.6294058992033018	-5.580034741752408	-0.13152779681883076
-999.0	340.0	338.81334090340835	0.5115535992577122	-4.755657954831377	0.14956461887715664
-999.0	315.0	340.4993617870251	0.4165829285220414	-3.8064150042073206	0.5237587864918971
-999.0	290.0	342.14976437895325	0.31765449653023164	-2.944493891102178	0.945605961404701
-999.0	265.0	343.82618661625736	0.22504209566079514	-2.238500953732471	1.4003357993126997
-999.0	240.0	345.5259619976552	0.14422912266174373	-1.553312181587135	1.8814879018629396
-999.0	215.0	347.1671787798548	0.08166261453664399	-0.6881334908582781	2.260502081364384
-999.0	190.0	348.9147621747081	0.043648669024768376	0.5591921137392625	2.293795361439394
-999.0	165.0	351.30493630176966	0.02171666662490432	2.1223128033272727	1.9080895611090574
-999.0	140.0	355.70972216590485	0.009945096200860946	3.1096301601716543	1.4600383788807
-999.0	115.0	366.97048703864436	0.005726210797424024	3.438604585596432	1.2072499079376673
-999.0	90.0	393.1016980595134	0.0050843482999487445	4.743972255951827	0.7699400358962625
-999.0	65.0	441.86313124908384	0.0034231519668627536	1.6678705260180569	0.19665378664999647
-999.0	40.0	532.3595403870157	0.013589862369023887	-8.552588531655495	-0.15556693293245605
-999.0	15.0	722.410565631848	0.07034023783319157	-16.820189494225733	-0.1573073980702922
245.16666666666666	40	1004.6516571044917	day	levels	pres0
-999.0	990.0	300.0614530783579	16.094224285196372	-2.5016199408305817	-0.5808938984172838
-999.0	965.0	301.82764683060515	15.458701239691834	-4.290980197847118	-1.1565989844363092
-999.0	940.0	302.8391026904366	15.059273437217422	-5.238613362665528	-1.608288990782102
-999.0	915.0	303.65547498443703	14.469635309996418	-5.907764136446301	-2.012805362163064
-999.0	890.0	304.3749222678432	13.734709677872832	-6.4773253566689055	-2.3379011893714226
-999.0	865.0	305.1425777143806	12.823476394017549	-7.0165037799764685	-2.5272804341382877
-999.0	840.0	305.99771879541817	11.778971583754942	-7.541129092375456	-2.5501546832146995
-999.0	815.0	306.9626829437801	10.644258728733787	-8.019593305057972	-2.430142667282572
-999.0	790.0	308.065905208616	9.468886048705508	-8.386614333700276	-2.2094402531231547
-999.0	765.0	309.3127147146792	8.313815006503367	-8.574408535604153	-1.922221551804557
-999.0	740.0	310.6496305923733	7.298487396151947	-8.47565810768695	-1.6232666528128925
-999.0	715.0	312.0292968580113	6.461978647443999	-8.118676333515753	-1.3444677936603529
-999.0	690.0	313.3908814755733	5.740690913465305	-7.6199402091679875	-1.0863010867637126
-999.0	665.0	314.70154167377984	5.156748572985349	-6.981273967082856	-0.8521446772954737
-999.0	640.0	316.0682329337549	4.5984843450564075	-6.423438287443579	-0.6191094644471267
-999.0	615.0	317.5201933659067	4.068894954743217	-6.024137270119447	-0.38422886621103386
-999.0	590.0	319.18138949593197	3.583368554711347	-5.834483386189841	-0.15518750760841288
-999.0	565.0	321.0840525079982	3.133046543156661	-5.900283351540562	0.06061841433662392
-999.0	540.0	323.087539870594	2.6924935540667283	-6.096491215405644	0.2426964934760276
-999.0	515.0	325.1346215037085	2.246618286878973	-6.386181694489947	0.3602272014444285
-999.0	490.0	327.1933014873776	1.8431388570202705	-6.613091036677374	0.3364042821857868
-999.0	465.0	329.21970213784135	1.480474478392687	-6.718282496970576	0.1498649058846435
-999.0	440.0	331.2202642030371	1.183993391416689	-6.713615386022475	-0.07139055893100038
-999.0	415.0	333.16728022502195	0.956978279821297	-6.563973995684482	-0.2569758319554605
-999.0	390.0	335.1001192360759	0.7733283087749162	-6.196614243917998	-0.2963555099925538
-999.0	365.0	336.9883964253419	0.6288395955882687	-5.569991103269987	-0.1454364259003035
-999.0	340.0	338.79157718955435	0.5114888733045925	-4.735390816297788	0.1350720179853438
-999.0	315.0	340.4822789156943	0.4171840415025755	-3.773006578596917	0.5126864553484975
-999.0	290.0	342.13901631342543	0.3185761023864709	-2.8991896883687853	0.9388238160905149
-999.0	265.0	343.82337184709456	0.2259951753507339	-2.1844815674617095	1.398778162331774
-999.0	240.0	345.52835191459513	0.1448888912693497	-1.4930363437505492	1.890635527808341
-999.0	215.0	347.1644730521064	0.08197782380092494	-0.6216158626807718	2.2865321189165173
-999.0	190.0	348.8937844310178	0.04377268297873719	0.6349020002548239	2.3342770517941975
-999.0	165.0	351.26273167938183	0.021725523552891805	2.2038086136734623	1.949544764934491
-999.0	140.0	355.65996257661817	0.009932821633777112	3.1708396044042866	1.4940761930689048
-999.0	115.0	366.94350742988956	0.005726696940621846	3.457451206183564	1.2372727250611701
-999.0	90.0	393.13788722401233	0.005101594353888067	4.742906244264703	0.785472036365238
-999.0	65.0	441.95563622250455	0.003413228708302108	1.6700675747598703	0.19175293172400154
-999.0	40.0	532.4221289766392	0.013633363267958762	-8.509224915118098	-0.17139751157137076
-999.0	15.0	722.4251259920369	0.07037380965495563	-16.763989544577015	-0.17055320368349067
245.18055555555554	40	1004.517591688368	day	levels	pres0
-999.0	990.0	300.01333336646707	16.088232099274062	-2.5067008659243664	-0.6049448931014675
-999.0	965.0	301.82332837367034	15.448465047059244	-4.31360822186998	-1.188873708995476
-999.0	940.0	302.8479393176472	15.043489653387196	-5.272398412411586	-1.65070986648858
-999.0	915.0	303.6596886831174	14.450934413038667	-5.944527022356589	-2.066143901029824
-999.0	890.0	304.36808704512737	13.717234749852881	-6.513790202361548	-2.400457630094886
-999.0	865.0	305.12468465224424	12.811348535396437	-7.054149217811612	-2.5968910963446583
-999.0	840.0	305.970598364779	11.774207571406421	-7.581004705693963	-2.6238868111445117
-999.0	815.0	306.92750370439893	10.648087904777052	-8.060006446308535	-2.505722538648514
-999.0	790.0	308.02367956643764	9.480813217751766	-8.424876896687472	-2.284043248213868
-999.0	765.0	309.2654449283926	8.332200154846081	-8.608650259765557	-1.991413935501495
-999.0	740.0	310.60141494737996	7.319907960332456	-8.504385869444132	-1.6828242088552652
-999.0	715.0	311.9838497337211	6.483182525193237	-8.140938603951595	-1.3919406339962743
-999.0	690.0	313.34903975604277	5.760935486466782	-7.6342376303157655	-1.121426049941824
-999.0	665.0	314.6636678297898	5.175275705478797	-6.985868174007835	-0.8749131608616215
-999.0	640.0	316.03339567889935	4.61412176857759	-6.419203393989151	-0.6295493448635912
-999.0	615.0	317.4867549593012	4.080225613566087	-6.013115933647879	-0.38266387340370633
-999.0	590.0	319.1474914669153	3.590869281578945	-5.820917721791783	-0.14357527432802272
-999.0	565.0	321.04758503864394	3.1374346615723625	-5.889777975225902	0.07952932978945315
-999.0	540.0	323.0484632353523	2.6946037302230614	-6.09294875444454	0.2667848903349417
-999.0	515.0	325.0937514497192	2.2474992654205854	-6.39266279965271	0.386796504742006
-999.0	490.0	327.15263646453644	1.8431788815392405	-6.626638239180594	0.3616930809285775
-999.0	465.0	329.1815362928776	1.4799152942903262	-6.733593291430555	0.16935732751439672
-999.0	440.0	331.18457313341855	1.1830989425013103	-6.725925579805062	-0.06070077364667179
-999.0	415.0	333.13356264191725	0.9560847939624467	-6.569002320691028	-0.2570142247498527
-999.0	390.0	335.0694013180904	0.7725654802296635	-6.194002135484317	-0.3052463304412354
-999.0	365.0	336.96205175941327	0.6282732919732363	-5.55994746478759	-0.15934505498173937
-999.0	340.0	338.76981347570046	0.5114241473514722	-4.71512367776425	0.1205794170935851
-999.0	315.0	340.4651960443635	0.4177851544831081	-3.739598152986587	0.5016141242051667
-999.0	290.0	342.1282682478979	0.31949770824270785	-2.8538854856354883	0.9320416707764043
-999.0	265.0	343.82055707793165	0.2269482550406707	-2.13046218119106	1.3972205253509145
-999.0	240.0	345.5307418315353	0.14554865987695417	-1.432760505914088	1.89978315375377
-999.0	215.0	347.16176732435815	0.08229303306520501	-0.5550982345034032	2.3125621564686103
-999.0	190.0	348.87280668732757	0.04389669693270571	0.7106118867702177	2.374758742148895
-999.0	165.0	351.2205270569942	0.02173438048087933	2.28530442401945	1.9909999687597884
-999.0	140.0	355.6102029873315	0.00992054706669333	3.232049048636753	1.5281140072569748
-999.0	115.0	366.91652782113476	0.00572718308381966	3.4762978267706304	1.2672955421845438
-999.0	90.0	393.1740763885109	0.005118840407827324	4.741840232577592	0.8010040368341249
-999.0	65.0	442.0481411959249	0.003403305449741498	1.672264623501701	0.1868520767979822
-999.0	40.0	532.4847175662629	0.013676864166893492	-8.465861298580805	-0.1872280902102727
-999.0	15.0	722.4396863522255	0.0704073814767194	-16.707789594928464	-0.183799009296675
245.19444444444446	40	1004.3835262722438	day	levels	pres0
-999.0	990.0	299.965213654576	16.08223991335173	-2.5117817910181066	-0.6289958877857056
-999.0	965.0	301.8190099167357	15.438228854426619	-4.3362362458928265	-1.2211484335547071
-999.0	940.0	302.85677594485776	15.027705869556936	-5.306183462157672	-1.6931307421951451
-999.0	915.0	303.663902381798	14.432233516080865	-5.981289908266928	-2.1194824398966974
-999.0	890.0	304.36125182241153	13.699759821832911	-6.550255048054252	-2.4630140708184904
-999.0	865.0	305.1067915901077	12.79922067677533	-7.091794655646824	-2.666501758551198
-999.0	840.0	305.94347793413954	11.76944355905792	-7.620880319012559	-2.697618939074516
-999.0	815.0	306.89232446501774	10.651917080820347	-8.100419587559198	-2.5813024100146675
-999.0	790.0	307.98145392425903	9.492740386798067	-8.463139459674766	-2.358646243304801
-999.0	765.0	309.21817514210596	8.350585303188852	-8.642891983927054	-2.06060631919864
-999.0	740.0	310.55319930238653	7.341328524513023	-8.533113631201397	-1.7423817648978195
-999.0	715.0	311.93840260943097	6.504386402942531	-8.163200874387492	-1.4394134743323461
-999.0	690.0	313.3071980365119	5.781180059468318	-7.648535051463566	-1.1565510131200525
-999.0	665.0	314.62579398579965	5.1938028379723	-6.9904623809328	-0.897681644427852
-999.0	640.0	315.99855842404367	4.629759192098814	-6.4149685005346795	-0.6399892252801053
-999.0	615.0	317.4533165526955	4.091556272388981	-6.002094597176252	-0.38109888059639613
-999.0	590.0	319.11359343789854	3.598370008446554	-5.807352057393669	-0.1319630410476232
-999.0	565.0	321.01111756929	3.141822779988065	-5.879272598911201	0.09844024524231088
-999.0	540.0	323.00938660011053	2.6967139063793915	-6.089406293483423	0.29087328719389915
-999.0	515.0	325.0528813957301	2.2483802439621923	-6.399143904815487	0.4133658080396391
-999.0	490.0	327.11197144169495	1.8432189060582036	-6.640185441683847	0.38698187967142744
-999.0	465.0	329.14337044791364	1.4793561101879589	-6.74890408589057	0.18884974914420133
-999.0	440.0	331.1488820638	1.1822044935859268	-6.738235773587668	-0.05001098836230984
-999.0	415.0	333.09984505881243	0.9551913081035932	-6.574030645697568	-0.25705261754423836
-999.0	390.0	335.0386834001048	0.7718026516844094	-6.191390027050606	-0.31413715088993416
-999.0	365.0	336.9357070934845	0.6277069883582033	-5.549903826305142	-0.17325368406320837
-999.0	340.0	338.74804976184646	0.511359421398353	-4.6948565392306305	0.1060868162017828
-999.0	315.0	340.44811317303265	0.4183862674636427	-3.7061897273761475	0.49054179306178636
-999.0	290.0	342.1175201823702	0.32041931409894747	-2.8085812829020558	0.9252595254622424
-999.0	265.0	343.8177423087688	0.22790133473060994	-2.076442794920259	1.3956628883700137
-999.0	240.0	345.53313174847517	0.1462084284845607	-1.372484668077466	1.908930779699194
-999.0	215.0	347.15906159660966	0.0826082423294863	-0.4885806063258632	2.338592194020767
-999.0	190.0	348.85182894363743	0.04402071088667466	0.7863217732858103	2.4152404325037247
-999.0	165.0	351.1783224346065	0.02174323740886687	2.3668002343656678	2.0324551725852507
-999.0	140.0	355.56044339804475	0.0099082724996095	3.2932584928694046	1.5621518214452097
-999.0	115.0	366.88954821237996	0.005727669227017484	3.495144447357767	1.2973183593080786
-999.0	90.0	393.2102655530099	0.005136086461766649	4.740774220890466	0.8165360373031219
-999.0	65.0	442.14064616934564	0.003393382191180852	1.6744616722435064	0.18195122187198837
-999.0	40.0	532.5473061558865	0.013720365065828367	-8.422497682043405	-0.2030586688491896
-999.0	15.0	722.4542467124143	0.07044095329848336	-16.651589645279735	-0.1970448149098724
245.20833333333334	40	1004.2494608561198	day	levels	pres0
-999.0	990.0	299.91709394268526	16.076247727429433	-2.516862716111895	-0.6530468824698892
-999.0	965.0	301.814691459801	15.427992661794043	-4.358864269915692	-1.2534231581138735
-999.0	940.0	302.8656125720683	15.011922085726715	-5.339968511903731	-1.7355516179016206
-999.0	915.0	303.66811608047846	14.413532619123117	-6.018052794177217	-2.1728209787634545
-999.0	890.0	304.35441659969547	13.682284893812959	-6.586719893746896	-2.5255705115419493
-999.0	865.0	305.0888985279711	12.787092818154218	-7.129440093481969	-2.736112420757565
-999.0	840.0	305.91635750350025	11.764679546709397	-7.6607559323310666	-2.771351067004325
-999.0	815.0	306.8571452256367	10.655746256863608	-8.140832728809755	-2.656882281380605
-999.0	790.0	307.93922828208065	9.504667555844325	-8.501402022661962	-2.43324923839551
-999.0	765.0	309.1709053558193	8.368970451531569	-8.67713370808846	-2.1297987028955716
-999.0	740.0	310.50498365739315	7.362749088693532	-8.56184139295858	-1.8019393209401853
-999.0	715.0	311.8929554851409	6.525590280691765	-8.185463144823334	-1.486886314668261
-999.0	690.0	313.26535631698135	5.801424632469796	-7.662832472611342	-1.1916759762981572
-999.0	665.0	314.58792014180943	5.212329970465749	-6.995056587857777	-0.9204501279939935
-999.0	640.0	315.96372116918815	4.6453966156199975	-6.410733607080253	-0.6504291056965639
-999.0	615.0	317.4198781460898	4.10288693121185	-5.991073260704685	-0.3795338877890637
-999.0	590.0	319.079695408882	3.6058707353141517	-5.793786392995615	-0.12035080776722878
-999.0	565.0	320.9746500999359	3.1462108984037656	-5.868767222596547	0.11735116069514429
-999.0	540.0	322.97030996486876	2.6988240825357255	-6.085863832522322	0.31496168405281677
-999.0	515.0	325.01201134174096	2.249261222503805	-6.4056250099782535	0.4399351113372189
-999.0	490.0	327.0713064188537	1.8432589305771736	-6.65373264418707	0.4122706784142192
-999.0	465.0	329.1052046029499	1.4787969260855987	-6.764214880350551	0.20834217077395414
-999.0	440.0	331.1131909941814	1.1813100446705496	-6.750545967370258	-0.03932120307798309
-999.0	415.0	333.06612747570784	0.9542978222447436	-6.579058970704114	-0.25709101033863313
-999.0	390.0	335.0079654821193	0.7710398231391568	-6.188777918616923	-0.32302797133861905
-999.0	365.0	336.90936242755583	0.6271406847431706	-5.539860187822743	-0.18716231314464887
-999.0	340.0	338.72628604799263	0.5112946954452326	-4.674589400697089	0.09159421531001859
-999.0	315.0	340.4310303017018	0.4189873804441749	-3.672781301765817	0.4794694619184501
-999.0	290.0	342.1067721168425	0.3213409199551842	-2.7632770801687587	0.9184773801481266
-999.0	265.0	343.814927539606	0.22885441442054658	-2.0224234086496127	1.394105251389149
-999.0	240.0	345.5355216654154	0.14686819709216514	-1.3122088302410109	1.9180784056446205
-999.0	215.0	347.1563558688614	0.08292345159376646	-0.4220629781485036	2.364622231572859
-999.0	190.0	348.8308511999471	0.044144724840643204	0.8620316598011925	2.455722122858423
-999.0	165.0	351.13611781221886	0.021752094336854398	2.448296044711643	2.073910376410546
-999.0	140.0	355.51068380875813	0.00989599793252572	3.3544679371018615	1.5961896356332792
-999.0	115.0	366.86256860362533	0.005728155370215297	3.5139910679448327	1.327341176431454
-999.0	90.0	393.2464547175086	0.005153332515705906	4.739708209203357	0.8320680377720128
-999.0	65.0	442.23315114276613	0.003383458932620243	1.6766587209853385	0.1770503669459723
-999.0	40.0	532.60989474551	0.013763865964763092	-8.379134065506111	-0.21888924748809185
-999.0	15.0	722.468807072603	0.07047452512024717	-16.595389695631187	-0.21029062052305908
245.22222222222223	40	1004.1153954399956	day	levels	pres0
-999.0	990.0	299.8689742307942	16.070255541507105	-2.5219436412056297	-0.6770978771541133
-999.0	965.0	301.8103730028662	15.41775646916142	-4.38149229393853	-1.2856978826730825
-999.0	940.0	302.8744491992789	14.996138301896453	-5.3737535616498056	-1.7779724936081642
-999.0	915.0	303.67232977915893	14.394831722165325	-6.054815680087545	-2.22615951763031
-999.0	890.0	304.34758137697963	13.66480996579299	-6.623184739439589	-2.5881269522655383
-999.0	865.0	305.0710054658346	12.774964959533122	-7.16708553131717	-2.805723082964094
-999.0	840.0	305.8892370728609	11.759915534360909	-7.70063154564965	-2.84508319493432
-999.0	815.0	306.82196598625535	10.659575432906916	-8.181245870060408	-2.7324621527467543
-999.0	790.0	307.8970026399019	9.516594724890634	-8.539664585649247	-2.50785223348644
-999.0	765.0	309.1236355695325	8.387355599874338	-8.711375432249953	-2.198991086592717
-999.0	740.0	310.45676801239983	7.384169652874096	-8.590569154715842	-1.8614968769827414
-999.0	715.0	311.8475083608506	6.546794158441055	-8.20772541525924	-1.5343591550043323
-999.0	690.0	313.2235145974506	5.821669205471328	-7.6771298937591546	-1.2268009394763821
-999.0	665.0	314.55004629781934	5.230857102959252	-6.9996507947827595	-0.9432186115602172
-999.0	640.0	315.9288839143326	4.6610340391412235	-6.4064987136257985	-0.660868986113068
-999.0	615.0	317.3864397394841	4.114217590034748	-5.98005192423308	-0.3779688949817423
-999.0	590.0	319.0457973798652	3.613371462181766	-5.780220728597521	-0.1087385744868176
-999.0	565.0	320.93818263058176	3.150599016819474	-5.858261846281862	0.13626207614801358
-999.0	540.0	322.93123332962693	2.700934258692061	-6.082321371561217	0.3390500809117849
-999.0	515.0	324.9711412877517	2.2501422010454144	-6.412106115141038	0.46650441463486
-999.0	490.0	327.03064139601224	1.8432989550961396	-6.66727984669033	0.4375594771570739
-999.0	465.0	329.0670387579861	1.4782377419832315	-6.7795256748105714	0.22783459240376
-999.0	440.0	331.07749992456274	1.1804155957551652	-6.762856161152881	-0.028631417793620897
-999.0	415.0	333.032409892603	0.9534043363858887	-6.584087295710673	-0.25712940313301647
-999.0	390.0	334.97724756413373	0.7702769945939011	-6.1861658101832395	-0.3319187917873147
-999.0	365.0	336.8830177616271	0.6265743811281376	-5.529816549340325	-0.201070942226117
-999.0	340.0	338.7045223341385	0.5112299694921132	-4.654322262163504	0.07710161441821117
-999.0	315.0	340.413947430371	0.41958849342470933	-3.6393728761554156	0.4683971307750559
-999.0	290.0	342.0960240513148	0.3222625258114238	-2.7179728774353666	0.9116952348339458
-999.0	265.0	343.81211277044315	0.22980749411048568	-1.968404022378848	1.3925476144082278
-999.0	240.0	345.5379115823553	0.1475279656997712	-1.2519329924044194	1.927226031590024
-999.0	215.0	347.15365014111296	0.08323866085804738	-0.3555453499709882	2.3906522691249923
-999.0	190.0	348.80987345625687	0.04426873879461198	0.9377415463167654	2.4962038132132274
-999.0	165.0	351.09391318983126	0.021760951264841878	2.5297918550578453	2.1153655802359816
-999.0	140.0	355.46092421947145	0.009883723365441882	3.415677381334503	1.630227449821485
-999.0	115.0	366.8355889948704	0.005728641513413119	3.532837688531965	1.3573639935549544
-999.0	90.0	393.2826438820074	0.0051705785696452315	4.73864219751623	0.8476000382409838
-999.0	65.0	442.32565611618674	0.003373535674059597	1.6788557697271496	0.17214951201997422
-999.0	40.0	532.6724833351337	0.01380736686369797	-8.335770448968717	-0.23471982612700623
-999.0	15.0	722.4833674327916	0.07050809694201124	-16.539189745982462	-0.22353642613625527
245.23611111111111	40	1003.9813300238712	day	levels	pres0
-999.0	990.0	299.82085451890345	16.064263355584803	-2.527024566299415	-0.7011488718382967
-999.0	965.0	301.8060545459316	15.407520276528832	-4.404120317961391	-1.3179726072322497
-999.0	940.0	302.8832858264894	14.980354518066239	-5.4075386113958634	-1.820393369314642
-999.0	915.0	303.67654347783946	14.376130825207573	-6.091578565997834	-2.2794980564970686
-999.0	890.0	304.3407461542638	13.647335037773043	-6.659649585132232	-2.650683392989002
-999.0	865.0	305.0531124036981	12.762837100912016	-7.204730969152314	-2.8753337451704644
-999.0	840.0	305.8621166422216	11.755151522012387	-7.740507158968158	-2.9188153228641305
-999.0	815.0	306.7867867468744	10.663404608950179	-8.221659011310965	-2.808042024112695
-999.0	790.0	307.85477699772355	9.528521893936892	-8.577927148636439	-2.582455228577153
-999.0	765.0	309.0763657832459	8.405740748217054	-8.745617156411358	-2.2681834702896557
-999.0	740.0	310.4085523674065	7.405590217054605	-8.61929691647303	-1.9210544330251131
-999.0	715.0	311.8020612365605	6.5679980361902945	-8.229987685695084	-1.5818319953402538
-999.0	690.0	313.18167287792005	5.841913778472809	-7.691427314906934	-1.2619259026544936
-999.0	665.0	314.51217245382924	5.2493842354527	-7.004245001707736	-0.9659870951263642
-999.0	640.0	315.89404665947694	4.676671462662408	-6.402263820171369	-0.6713088665295323
-999.0	615.0	317.35300133287853	4.125548248857617	-5.969030587761512	-0.3764039021744147
-999.0	590.0	319.0118993508486	3.6208721890493627	-5.7666550641994645	-0.09712634120642734
-999.0	565.0	320.9017151612277	3.1549871352351744	-5.847756469967203	0.1551729916008431
-999.0	540.0	322.8921566943852	2.7030444348483935	-6.078778910600115	0.3631384777706989
-999.0	515.0	324.9302712337626	2.251023179587026	-6.418587220303803	0.4930737179324375
-999.0	490.0	326.98997637317103	1.8433389796151085	-6.680827049193545	0.46284827589986494
-999.0	465.0	329.0288729130222	1.4776785578808704	-6.79483646927055	0.24732701403351331
-999.0	440.0	331.04180885494424	1.1795211468397875	-6.775166354935467	-0.01794163250929231
-999.0	415.0	332.9986923094983	0.9525108505270382	-6.589115620717218	-0.2571677959274088
-999.0	390.0	334.9465296461482	0.7695141660486484	-6.183553701749558	-0.3408096122359964
-999.0	365.0	336.8566730956985	0.6260080775131049	-5.519772910857931	-0.21497957130755282
-999.0	340.0	338.6827586202847	0.511165243538993	-4.634055123629964	0.06260901352645244
-999.0	315.0	340.39686455904007	0.4201896064052417	-3.605964450545085	0.4573247996317249
-999.0	290.0	342.0852759857872	0.32318413166766086	-2.6726686747020696	0.9049130895198346
-999.0	265.0	343.80929800128035	0.2307605738004224	-1.9143846361081986	1.390989977427368
-999.0	240.0	345.5403014992954	0.1481877343073757	-1.191657154567958	1.936373657535453
-999.0	215.0	347.1509444133646	0.08355387012232744	-0.2890277217936195	2.416682306677087
-999.0	190.0	348.7888957125667	0.04439275274858049	1.0134514328321593	2.536685503567925
-999.0	165.0	351.0517085674434	0.021769808192829396	2.611287665403833	2.156820784061279
-999.0	140.0	355.4111646301849	0.009871448798358096	3.476886825566969	1.6642652640095552
-999.0	115.0	366.80860938611573	0.005729127656610931	3.5516843091190324	1.3873868106783287
-999.0	90.0	393.3188330465061	0.005187824623584489	4.737576185829119	0.8631320387098711
-999.0	65.0	442.41816108960734	0.003363612415498988	1.6810528184689801	0.16724865709395487
-999.0	40.0	532.7350719247572	0.013850867762632703	-8.292406832431423	-0.25055040476590806
-999.0	15.0	722.4979277929801	0.07054166876377503	-16.48298979633391	-0.23678223174943955
245.25	40	1003.8472646077471	day	levels	pres0
-999.0	990.0	299.7727348070125	16.058271169662476	-2.5321054913931422	-0.7251998665225174
-999.0	965.0	301.80173608899685	15.397284083896212	-4.4267483419842195	-1.3502473317914538
-999.0	940.0	302.89212245369987	14.964570734235974	-5.441323661141925	-1.8628142450211775
-999.0	915.0	303.6807571765199	14.357429928249786	-6.128341451908151	-2.332836595363915
-999.0	890.0	304.3339109315477	13.629860109753077	-6.696114430824915	-2.7132398337125783
-999.0	865.0	305.03521934156163	12.750709242290922	-7.242376406987507	-2.9449444073769784
-999.0	840.0	305.83499621158234	11.750387509663902	-7.780382772286732	-2.992547450794114
-999.0	815.0	306.75160750749325	10.667233784993485	-8.262072152561611	-2.8836218954788313
-999.0	790.0	307.8125513555451	9.540449062983196	-8.61618971162372	-2.657058223668072
-999.0	765.0	309.02909599695926	8.42412589655982	-8.779858880572847	-2.33737585398679
-999.0	740.0	310.36033672241297	7.427010781235167	-8.648024678230286	-1.98061198906766
-999.0	715.0	311.7566141122704	6.589201913939581	-8.252249956130981	-1.6293048356763193
-999.0	690.0	313.1398311583893	5.862158351474337	-7.705724736054739	-1.2970508658327162
-999.0	665.0	314.4742986098391	5.267911367946201	-7.008839208632708	-0.9887555786925882
-999.0	640.0	315.85920940462137	4.692308886183633	-6.39802892671691	-0.6817487469460402
-999.0	615.0	317.31956292627285	4.1368789076805115	-5.958009251289896	-0.3748389093670993
-999.0	590.0	318.9780013218318	3.628372915916972	-5.75308939980136	-0.08551410792602433
-999.0	565.0	320.86524769187355	3.159375253650877	-5.837251093652514	0.17408390705370227
-999.0	540.0	322.8530800591434	2.705154611004723	-6.075236449639002	0.38722687462965655
-999.0	515.0	324.88940117977336	2.2519041581286325	-6.4250683254665795	0.5196430212300686
-999.0	490.0	326.9493113503296	1.8433790041340723	-6.694374251696799	0.4881370746427113
-999.0	465.0	328.9907070680583	1.4771193737785022	-6.810147263730565	0.26681943566331445
-999.0	440.0	331.0061177853257	1.1786266979244022	-6.7874765487180815	-0.007251847224930892
-999.0	415.0	332.96497472639356	0.9516173646681838	-6.594143945723771	-0.25720618872178924
-999.0	390.0	334.9158117281627	0.7687513375033934	-6.1809415933158665	-0.34970043268468637
-999.0	365.0	336.8303284297697	0.6254417738980718	-5.5097292723755045	-0.22888820038901433
-999.0	340.0	338.66099490643063	0.5111005175858737	-4.6137879850963746	0.04811641263465091
-999.0	315.0	340.3797816877093	0.4207907193857763	-3.572556024934683	0.44625246848833416
-999.0	290.0	342.0745279202595	0.3241057375239001	-2.627364471968677	0.8981309442056553
-999.0	265.0	343.8064832321175	0.23171365349036127	-1.8603652498374383	1.389432340446446
-999.0	240.0	345.5426914162353	0.14884750291498167	-1.1313813167313735	1.9455212834808564
-999.0	215.0	347.1482386856164	0.08386907938660847	-0.22251009361611468	2.4427123442292205
-999.0	190.0	348.7679179688764	0.044516766702549324	1.0891613193477192	2.5771671939227314
-999.0	165.0	351.00950394505577	0.021778665120816894	2.692783475750022	2.19827598788672
-999.0	140.0	355.3614050408982	0.009859174231274264	3.5380962697996043	1.6983030781977704
-999.0	115.0	366.7816297773608	0.005729613799808753	3.5705309297061634	1.417409627801842
-999.0	90.0	393.35502221100484	0.005205070677523811	4.736510174141989	0.878664039178855
-999.0	65.0	442.51066606302794	0.0033536891569383442	1.6832498672107852	0.16234780216796524
-999.0	40.0	532.7976605143809	0.01389436866156757	-8.249043215894035	-0.26638098340481514
-999.0	15.0	722.5124881531691	0.07057524058553906	-16.426789846685196	-0.2500280373626285
245.26388888888889	40	1003.8596767849394	day	levels	pres0
-999.0	990.0	299.72547610634984	16.088981878610337	-2.530039641960174	-0.7278201213497486
-999.0	965.0	301.72833868754833	15.398723290290366	-4.425724957276286	-1.3545080193743912
-999.0	940.0	302.83105881240857	14.953608274459825	-5.453314296073406	-1.8734780387424126
-999.0	915.0	303.6298680820189	14.347134563657962	-6.145746913589099	-2.348620457670314
-999.0	890.0	304.2924001386574	13.622810864154197	-6.711964066381819	-2.730354471891029
-999.0	865.0	305.0003118826135	12.748122274139783	-7.253523350497823	-2.9594942472047427
-999.0	840.0	305.8037720908402	11.752883281236823	-7.78630397717157	-3.001381093245244
-999.0	815.0	306.72194859106435	10.674125668443297	-8.262871852627493	-2.883288562619769
-999.0	790.0	307.7830924252639	9.54930549639245	-8.612376097543724	-2.6451417659351835
-999.0	765.0	308.9999552197176	8.43158447006604	-8.772549061127632	-2.3142892021087786
-999.0	740.0	310.33181630098994	7.431266840593324	-8.638391077518444	-1.9494358913535752
-999.0	715.0	311.72959508967773	6.589528251577308	-8.24165231283798	-1.593139122435664
-999.0	690.0	313.11537380562896	5.859534840157003	-7.696274114243758	-1.2579326881220982
-999.0	665.0	314.4537265970604	5.263119526299426	-7.003483528432269	-0.9492725591968006
-999.0	640.0	315.8424638582562	4.686474792935226	-6.399674564025087	-0.6447341847750262
-999.0	615.0	317.3060906808659	4.131114846394383	-5.969647538514778	-0.3438428028767805
-999.0	590.0	318.96618448120415	3.622558426525853	-5.773006910159265	-0.06288464264479603
-999.0	565.0	320.8529127626005	3.1534595770048477	-5.862191954880589	0.18612446748643438
-999.0	540.0	322.83945452854994	2.69961025225527	-6.102160330907808	0.3890809669952904
-999.0	515.0	324.87407537917244	2.247294705775045	-6.450463071971408	0.5130287131501642
-999.0	490.0	326.93278240804386	1.8397217659670595	-6.715661544858684	0.4770911925782736
-999.0	465.0	328.97412038331163	1.4745489549305673	-6.8250898008729255	0.2564176096362386
-999.0	440.0	330.99144064305545	1.1763950084094612	-6.796194919971408	-0.014057740477143824
-999.0	415.0	332.9543840479993	0.9488111758765576	-6.597600483232077	-0.257637663206881
-999.0	390.0	334.90979732746314	0.765951173632965	-6.180092007416178	-0.340781360772669
-999.0	365.0	336.8280809969703	0.6231709320879986	-5.506067642183221	-0.20858710988160925
-999.0	340.0	338.65922210947184	0.5093176620379989	-4.610116033550405	0.07732700285168595
-999.0	315.0	340.37456091150636	0.4194913996889439	-3.572672360887138	0.4791975629970237
-999.0	290.0	342.0642503349771	0.32309997193285267	-2.6355474437644597	0.9283186686167932
-999.0	265.0	343.7909848636761	0.23089852706057754	-1.8804424299778306	1.4105571707201296
-999.0	240.0	345.52316545356035	0.1483829715346664	-1.1647992477304332	1.9545071222991937
-999.0	215.0	347.12777826347235	0.083767501073947	-0.2695016844405746	2.4405343793332515
-999.0	190.0	348.7491721319519	0.044517596838650884	1.0258385528935963	2.5678501441085753
-999.0	165.0	350.9921512706729	0.02177029498277894	2.6085310075201122	2.18466170555276
-999.0	140.0	355.35004920610726	0.009856649309419726	3.4406357096668074	1.677657004721689
-999.0	115.0	366.7945357958724	0.005730739974324812	3.487332281587494	1.389306990314727
-999.0	90.0	393.4017003419731	0.005201572443812759	4.693786265581441	0.8574590387970847
-999.0	65.0	442.5328724436667	0.0033367900012555266	1.6718315174917988	0.16513067253945618
-999.0	40.0	532.7636256739588	0.013868698784161646	-8.25413175551279	-0.25246348557417336
-999.0	15.0	722.3905451365888	0.07026873401331646	-16.438512623264113	-0.2321774162765866
245.27777777777777	40	1003.8720889621311	day	levels	pres0
-999.0	990.0	299.6782174056876	16.119692587558117	-2.527973792527193	-0.7304403761769683
-999.0	965.0	301.65494128610004	15.400162496684509	-4.424701572568328	-1.3587687069573116
-999.0	940.0	302.7699951711174	14.942645814683708	-5.465304931004834	-1.8841418324636217
-999.0	915.0	303.57897898751816	14.336839199066167	-6.163152375269991	-2.3644043199766798
-999.0	890.0	304.2508893457671	13.615761618555336	-6.7278137019386905	-2.747469110069443
-999.0	865.0	304.9654044236655	12.745535305988644	-7.26467029400813	-2.9740440870324703
-999.0	840.0	305.77254797009823	11.755379052809728	-7.792225182056421	-3.0102147356963416
-999.0	815.0	306.6922896746357	10.681017551893063	-8.2636715526934	-2.8829552297606877
-999.0	790.0	307.7536334949826	9.558161929801656	-8.608562483463757	-2.633225308202304
-999.0	765.0	308.97081444247607	8.439043043572225	-8.765239241682455	-2.2912025502308113
-999.0	740.0	310.3032958795671	7.435522899951463	-8.628757476806644	-1.918259793639565
-999.0	715.0	311.702576067085	6.589854589215032	-8.231054669545024	-1.5569734091951137
-999.0	690.0	313.0909164528687	5.856911328839668	-7.686823492432824	-1.2188145104116073
-999.0	665.0	314.43315458428174	5.25832768465266	-6.998127848231868	-0.909789539701152
-999.0	640.0	315.82571831189136	4.680640699686829	-6.401320201333295	-0.6077196226041535
-999.0	615.0	317.29261843545885	4.125350785108262	-5.98128582573967	-0.31284669638658985
-999.0	590.0	318.9543676405767	3.616743937134745	-5.792924420517162	-0.04025517736367393
-999.0	565.0	320.84057783332753	3.1475439003588273	-5.8871328161086485	0.19816502791909119
-999.0	540.0	322.8258289979566	2.694065893505828	-6.1290842121765845	0.3909350593608809
-999.0	515.0	324.8587495785717	2.242685253421467	-6.475857818476204	0.5064144050702462
-999.0	490.0	326.91625346575785	1.836064527800055	-6.736948838020543	0.466045310513844
-999.0	465.0	328.9575336985649	1.4719785360826398	-6.84003233801527	0.24601578360918192
-999.0	440.0	330.97676350078535	1.174163318894529	-6.804913291224725	-0.020863633729330908
-999.0	415.0	332.94379336960526	0.9460049870849404	-6.601057020740376	-0.2580691376919453
-999.0	390.0	334.9037829267634	0.7631510097625459	-6.179242421516483	-0.3318622888606305
-999.0	365.0	336.82583356417103	0.6209000902779317	-5.50240601199093	-0.18828601937419925
-999.0	340.0	338.65744931251305	0.5075348064901292	-4.606444082004422	0.10653759306870392
-999.0	315.0	340.36934013530356	0.4181920799921144	-3.572788696839576	0.5121426575056737
-999.0	290.0	342.05397274969465	0.32209420634180685	-2.6437304155602077	0.9585063930278815
-999.0	265.0	343.77548649523476	0.23008340063079472	-1.900519610118156	1.4316820009937714
-999.0	240.0	345.5036394908852	0.1479184401543513	-1.1982171787293807	1.9634929611175114
-999.0	215.0	347.10731784132855	0.0836659227612854	-0.3164932752648772	2.438356414437294
-999.0	190.0	348.7304262950272	0.044518426974752445	0.9625157864396667	2.5585330942944635
-999.0	165.0	350.97479859629016	0.021761924844741095	2.5242785392904294	2.171047423218876
-999.0	140.0	355.3386933713164	0.00985412438756522	3.3431751495342543	1.6570109312457164
-999.0	115.0	366.80744181438376	0.005731866148840865	3.4041336334690193	1.361204352827732
-999.0	90.0	393.44837847294116	0.005198074210101718	4.651062357020983	0.8362540384153857
-999.0	65.0	442.5550788243055	0.0033198908455727423	1.6604131677728426	0.1679135429109484
-999.0	40.0	532.729590833537	0.013843028906755806	-8.259220295131524	-0.23854598774356975
-999.0	15.0	722.2686021200086	0.06996222744109468	-16.45023539984299	-0.2143267951905823
245.29166666666666	40	1003.884501139323	day	levels	pres0
-999.0	990.0	299.63095870502485	16.150403296505985	-2.5259079430942237	-0.7330606310042029
-999.0	965.0	301.58154388465164	15.401601703078656	-4.423678187860391	-1.3630293945402536
-999.0	940.0	302.70893152982615	14.931683354907555	-5.477295565936315	-1.8948056261848605
-999.0	915.0	303.52808989301724	14.326543834474345	-6.18055783695094	-2.3801881822830815
-999.0	890.0	304.2093785528767	13.608712372956441	-6.743663337495596	-2.764583748247898
-999.0	865.0	304.9304969647173	12.742948337837506	-7.2758172375184476	-2.988593926860236
-999.0	840.0	305.74132384935615	11.757874824382652	-7.798146386941267	-3.019048378147469
-999.0	815.0	306.6626307582068	10.687909435342876	-8.264471252759284	-2.8826218969016204
-999.0	790.0	307.7241745647014	9.567018363210913	-8.604748869383762	-2.62130885046941
-999.0	765.0	308.94167366523436	8.446501617078443	-8.757929422237241	-2.2681158983527956
-999.0	740.0	310.27477545814406	7.439778959309625	-8.619123876094802	-1.8870836959254755
-999.0	715.0	311.6755570444923	6.590180926852761	-8.220457026252031	-1.5208076959544568
-999.0	690.0	313.0664591001084	5.854287817522333	-7.6773728706218485	-1.179696332700988
-999.0	665.0	314.4125825715031	5.253535843005889	-6.992772168031435	-0.8703065202053634
-999.0	640.0	315.80897276552633	4.674806606438427	-6.402965838641474	-0.5707050604331398
-999.0	615.0	317.27914619005185	4.119586723822135	-5.992924112964559	-0.28185058989627104
-999.0	590.0	318.94255079994906	3.6109294477436276	-5.8128419308750745	-0.017625712082445656
-999.0	565.0	320.8282429040546	3.141628223712795	-5.912073677336734	0.21020558835182301
-999.0	540.0	322.81220346736313	2.6885215347563762	-6.156008093445399	0.3927891517265145
-999.0	515.0	324.84342377797077	2.2380758010678794	-6.501252564981037	0.4998000969903419
-999.0	490.0	326.899724523472	1.8324072896330426	-6.758236131182432	0.45499942844940694
-999.0	465.0	328.9409470138181	1.4694081172347044	-6.854974875157634	0.23561395758210765
-999.0	440.0	330.9620863585152	1.1719316293795878	-6.813631662478052	-0.027669526981540245
-999.0	415.0	332.93320269121097	0.9431987982933138	-6.604513558248683	-0.2585006121770301
-999.0	390.0	334.89776852606377	0.7603508458921175	-6.178392835616794	-0.32294321694860245
-999.0	365.0	336.8235861313717	0.6186292484678586	-5.498744381798645	-0.16798492886678035
-999.0	340.0	338.65567651555426	0.5057519509422546	-4.60277213045845	0.13574818328575305
-999.0	315.0	340.3641193591008	0.4168927602952822	-3.5729050327920326	0.5450877520143748
-999.0	290.0	342.0436951644124	0.3210884407507596	-2.651913387355993	0.9886941174390268
-999.0	265.0	343.7599881267934	0.22926827420101092	-1.9205967902585532	1.4528068312674576
-999.0	240.0	345.4841135282102	0.1474539087740359	-1.2316351097284453	1.9724787999358484
-999.0	215.0	347.0868574191846	0.08356434444862393	-0.36348486608934116	2.436178449541324
-999.0	190.0	348.71168045810265	0.04451925711085398	0.8991930199855414	2.549216044480306
-999.0	165.0	350.9574459219073	0.02175355470670314	2.44002607106052	2.1574331408849168
-999.0	140.0	355.32733753652553	0.009851599465710683	3.2457145894014565	1.6363648577696337
-999.0	115.0	366.8203478328951	0.0057329923233569256	3.3209349853503465	1.3331017153406153
-999.0	90.0	393.4950566039092	0.005194575976390667	4.608338448460429	0.8150490380336163
-999.0	65.0	442.5772852049445	0.0033029916898899224	1.6489948180538556	0.1706964132824451
-999.0	40.0	532.695555993115	0.013817359029349881	-8.264308834750278	-0.22462848991292084
-999.0	15.0	722.1466591034283	0.06965572086887203	-16.461958176421913	-0.196476174104533
245.30555555555554	40	1003.8969133165148	day	levels	pres0
-999.0	990.0	299.5837000043624	16.181114005453765	-2.523842093661242	-0.7356808858314229
-999.0	965.0	301.5081464832034	15.403040909472798	-4.4226548031524295	-1.367290082123173
-999.0	940.0	302.647867888535	14.920720895131437	-5.489286200867744	-1.9054694199060693
-999.0	915.0	303.47720079851644	14.316248469882549	-6.197963298631837	-2.3959720445894463
-999.0	890.0	304.1678677599864	13.601663127357583	-6.759512973052468	-2.781698386426311
-999.0	865.0	304.89558950576935	12.74036136968637	-7.286964181028756	-3.0031437666879626
-999.0	840.0	305.7100997286142	11.76037059595555	-7.804067591826116	-3.0278820205985655
-999.0	815.0	306.63297184177793	10.694801318792644	-8.265270952825192	-2.8822885640425406
-999.0	790.0	307.6947156344203	9.57587479662012	-8.600935255303797	-2.609392392736531
-999.0	765.0	308.91253288799265	8.453960190584622	-8.750619602792062	-2.245029246474827
-999.0	740.0	310.24625503672115	7.44403501866776	-8.609490275383006	-1.8559075982114657
-999.0	715.0	311.6485380218995	6.590507264490484	-8.209859382959072	-1.4846419827139063
-999.0	690.0	313.04200174734837	5.851664306205	-7.667922248810912	-1.1405781549904972
-999.0	665.0	314.39201055872445	5.24874400135912	-6.987416487831038	-0.8308235007097152
-999.0	640.0	315.79222721916136	4.668972513190028	-6.404611475949679	-0.5336904982622673
-999.0	615.0	317.2656739446449	4.1138226625360135	-6.0045624001894495	-0.25085448340608046
-999.0	590.0	318.9307339593215	3.605114958352517	-5.832759441232972	0.0050037531986764465
-999.0	565.0	320.8159079747816	3.135712547066776	-5.9370145385647906	0.22224614878447993
-999.0	540.0	322.7985779367698	2.6829771760069336	-6.182931974714173	0.39464324409210494
-999.0	515.0	324.8280979773701	2.2334663487143014	-6.526647311485834	0.49318578891042403
-999.0	490.0	326.88319558118616	1.8287500514660375	-6.779523424344289	0.4439535463849773
-999.0	465.0	328.92436032907153	1.4668376983867777	-6.869917412299976	0.22521213155505126
-999.0	440.0	330.9474092162451	1.1696999398646548	-6.822350033731369	-0.034475420233727475
-999.0	415.0	332.92261201281684	0.9403926095016967	-6.607970095756982	-0.25893208666209444
-999.0	390.0	334.89175412536406	0.7575506820216981	-6.1775432497170994	-0.3140241450365641
-999.0	365.0	336.82133869857233	0.6163584066577921	-5.495082751606352	-0.14768383835937027
-999.0	340.0	338.65390371859553	0.5039690953943848	-4.599100178912468	0.16495877350277102
-999.0	315.0	340.35889858289806	0.41559344059845277	-3.5730213687444703	0.5780328465230243
-999.0	290.0	342.0334175791298	0.3200826751597139	-2.6600963591517406	1.0188818418501149
-999.0	265.0	343.7444897583521	0.22845314777122813	-1.940673970398878	1.473931661541099
-999.0	240.0	345.4645875655352	0.14698937739372084	-1.2650530407273923	1.9814646387541663
-999.0	215.0	347.0663969970408	0.08346276613596229	-0.4104764569136438	2.4340004846453667
-999.0	190.0	348.692934621178	0.04452008724695556	0.8358702535316116	2.5398989946661956
-999.0	165.0	350.94009324752443	0.021745184568665296	2.355773602830838	2.1438188585510325
-999.0	140.0	355.3159817017346	0.009849074543856183	3.1482540292689047	1.6157187842936616
-999.0	115.0	366.8332538514066	0.005734118497872977	3.2377363372318717	1.3049990778536202
-999.0	90.0	393.54173473487725	0.005191077742679627	4.56561453989997	0.7938440376519175
-999.0	65.0	442.5994915855832	0.0032860925342071377	1.6375764683348994	0.17347928365393728
-999.0	40.0	532.6615211526931	0.013791689151944043	-8.269397374369012	-0.21071099208231708
-999.0	15.0	722.0247160868482	0.06934921429665022	-16.473680953000784	-0.17862555301852875
245.31944444444446	40	1003.9093254937065	day	levels	pres0
-999.0	990.0	299.5364413036998	16.21182471440164	-2.5217762442282683	-0.73830114065865
-999.0	965.0	301.43474908175494	15.404480115866958	-4.421631418444499	-1.3715507697061105
-999.0	940.0	302.58680424724366	14.909758435355284	-5.501276835799231	-1.9161332136273095
-999.0	915.0	303.4263117040155	14.30595310529072	-6.2153687603128	-2.4117559068958547
-999.0	890.0	304.126356967096	13.594613881758692	-6.7753626086093925	-2.798813024604775
-999.0	865.0	304.8606820468212	12.737774401535223	-7.298111124539092	-3.0176936065157385
-999.0	840.0	305.67887560787204	11.762866367528469	-7.809988796710972	-3.036715663049702
-999.0	815.0	306.60331292534903	10.701693202242446	-8.26607065289109	-2.881955231183477
-999.0	790.0	307.6652567041389	9.584731230029355	-8.59712164122381	-2.597475935003634
-999.0	765.0	308.8833921107511	8.461418764090833	-8.74330978334685	-2.221942594596801
-999.0	740.0	310.21773461529807	7.448291078025913	-8.599856674671162	-1.8247315004973625
-999.0	715.0	311.6215189993069	6.590833602128204	-8.199261739666067	-1.4484762694732334
-999.0	690.0	313.0175443945879	5.8490407948876575	-7.658471626999923	-1.101459977279861
-999.0	665.0	314.3714385459458	5.243952159712339	-6.9820608076305914	-0.7913404812139112
-999.0	640.0	315.7754816727963	4.663138419941614	-6.406257113257849	-0.49667593609123994
-999.0	615.0	317.25220169923784	4.108058601249879	-6.016200687414331	-0.2198583769157525
-999.0	590.0	318.9189171186939	3.5993004689613928	-5.852676951590883	0.027633218479908427
-999.0	565.0	320.80357304550864	3.1297968704207397	-5.961955399792879	0.2342867092172092
-999.0	540.0	322.7849524061764	2.6774328172574764	-6.209855855982993	0.3964973364577309
-999.0	515.0	324.81277217676916	2.228856896360712	-6.552042057990671	0.4865714808305084
-999.0	490.0	326.8666666389002	1.8250928132990232	-6.800810717506184	0.4329076643205281
-999.0	465.0	328.9077736443247	1.4642672795388418	-6.8848599494423475	0.21481030552796607
-999.0	440.0	330.932732073975	1.1674682503497136	-6.831068404984698	-0.04128131348594602
-999.0	415.0	332.91202133442255	0.9375864207100701	-6.611426633265284	-0.25936356114718756
-999.0	390.0	334.88573972466463	0.7547505181512691	-6.176693663817401	-0.305105073124542
-999.0	365.0	336.81909126577295	0.6140875648477174	-5.491421121414057	-0.1273827478519534
-999.0	340.0	338.6521309216368	0.502186239846509	-4.595428227366486	0.19416936371982363
-999.0	315.0	340.35367780669526	0.41429412090161966	-3.573137704696921	0.6109779410317334
-999.0	290.0	342.0231399938473	0.3190769095686661	-2.668279330947525	1.049069566261272
-999.0	265.0	343.7289913899108	0.22763802134144429	-1.9607511505392767	1.4950564918147955
-999.0	240.0	345.44506160285994	0.14652484601340532	-1.2984709717264615	1.9904504775725098
-999.0	215.0	347.04593657489687	0.08336118782330071	-0.45746804773811467	2.4318225197494026
-999.0	190.0	348.6741887842535	0.04452091738305707	0.7725474870774716	2.53058194485205
-999.0	165.0	350.92274057314165	0.02173681443062735	2.271521134600899	2.1302045762170874
-999.0	140.0	355.30462586694375	0.00984654962200165	3.050793469136075	1.5950727108175917
-999.0	115.0	366.846159869918	0.005735244672389035	3.1545376891131753	1.2768964403665133
-999.0	90.0	393.5884128658454	0.005187579508968566	4.522890631339406	0.7726390372701453
-999.0	65.0	442.6216979662221	0.0032691933785243175	1.6261581186159062	0.17626215402542628
-999.0	40.0	532.6274863122709	0.013766019274538103	-8.274485913987773	-0.1967934942516756
-999.0	15.0	721.9027730702678	0.06904270772442751	-16.485403729579716	-0.16077493193247727
245.33333333333334	40	1003.9217376708983	day	levels	pres0
-999.0	990.0	299.4891826030374	16.242535423349427	-2.5197103947952884	-0.7409213954858697
-999.0	965.0	301.36135168030677	15.4059193222611	-4.42060803373654	-1.375811457289032
-999.0	940.0	302.5257406059525	14.898795975579162	-5.513267470730662	-1.9267970073485208
-999.0	915.0	303.3754226095146	14.295657740698926	-6.2327742219936955	-2.4275397692022227
-999.0	890.0	304.08484617420544	13.587564636159826	-6.791212244166266	-2.8159276627831935
-999.0	865.0	304.8257745878731	12.735187433384077	-7.309258068049402	-3.032243446343468
-999.0	840.0	305.6476514871301	11.76536213910137	-7.815910001595827	-3.0455493055008
-999.0	815.0	306.57365400892036	10.708585085692215	-8.266870352957	-2.881621898324397
-999.0	790.0	307.63579777385786	9.593587663438568	-8.593308027143845	-2.5855594772707553
-999.0	765.0	308.85425133350947	8.46887733759702	-8.73599996390168	-2.198855942718833
-999.0	740.0	310.18921419387505	7.45254713738405	-8.590223073959365	-1.7935554027833518
-999.0	715.0	311.59449997671425	6.591159939765923	-8.188664096373111	-1.4123105562326805
-999.0	690.0	312.9930870418276	5.846417283570323	-7.649021005188986	-1.062341799569367
-999.0	665.0	314.35086653316705	5.23916031806557	-6.976705127430188	-0.7518574617182585
-999.0	640.0	315.75873612643136	4.657304326693218	-6.407902750566055	-0.459661373920362
-999.0	615.0	317.2387294538308	4.102294539963759	-6.027838974639219	-0.1888622704255559
-999.0	590.0	318.90710027806637	3.5934859795702834	-5.872594461948776	0.05026268376103657
-999.0	565.0	320.7912381162357	3.1238811937747197	-5.986896261020934	0.24632726964987164
-999.0	540.0	322.77132687558304	2.671888458508034	-6.236779737251766	0.39835142882332647
-999.0	515.0	324.7974463761683	2.224247444007134	-6.577436804495465	0.4799571727505945
-999.0	490.0	326.85013769661447	1.821435575132018	-6.822098010668038	0.42186178225610155
-999.0	465.0	328.891186959578	1.4616968606909126	-6.899802486584687	0.20440847950091154
-999.0	440.0	330.9180549317048	1.1652365608347808	-6.839786776238015	-0.04808720673813175
-999.0	415.0	332.9014306560285	0.9347802319184524	-6.61488317077358	-0.2597950356322505
-999.0	390.0	334.8797253239649	0.7519503542808498	-6.1758440779177075	-0.2961860012125022
-999.0	365.0	336.81684383297375	0.6118167230376511	-5.487759491221764	-0.10708165734454168
-999.0	340.0	338.6503581246781	0.5004033842986395	-4.591756275820503	0.22337995393684343
-999.0	315.0	340.34845703049245	0.4129948012047905	-3.573254040649361	0.643923035540385
-999.0	290.0	342.0128624085649	0.3180711439776206	-2.6764623027432757	1.079257290672361
-999.0	265.0	343.7134930214693	0.22682289491166166	-1.9808283306796055	1.5161813220884375
-999.0	240.0	345.42553564018493	0.14606031463309035	-1.3318889027254122	1.9994363163908273
-999.0	215.0	347.0254761527531	0.0832596095106392	-0.5044596385624193	2.4296445548534447
-999.0	190.0	348.6554429473288	0.044521747519158654	0.7092247206235441	2.521264895037941
-999.0	165.0	350.9053878987589	0.021728444292589504	2.1872686663712253	2.1165902938832044
-999.0	140.0	355.2932700321529	0.009844024700147148	2.9533329090035316	1.574426637341619
-999.0	115.0	366.8590658884295	0.005736370846905087	3.071339040994705	1.2487938028795182
-999.0	90.0	393.6350909968134	0.005184081275257524	4.480166722778946	0.7514340368884481
-999.0	65.0	442.64390434686106	0.0032522942228415353	1.6147397688969483	0.17904502439691972
-999.0	40.0	532.5934514718489	0.013740349397132265	-8.279574453606509	-0.18287599642106955
-999.0	15.0	721.7808300536881	0.06873620115220572	-16.497126506158587	-0.14292431084646992
245.34722222222223	40	1003.9341498480902	day	levels	pres0
-999.0	990.0	299.4419239023748	16.27324613229729	-2.517644545362319	-0.7435416503131039
-999.0	965.0	301.28795427885836	15.407358528655251	-4.419584649028604	-1.3800721448719717
-999.0	940.0	302.4646769646612	14.887833515803013	-5.525258105662141	-1.9374608010697572
-999.0	915.0	303.3245335150136	14.28536237610711	-6.250179683674642	-2.4433236315086226
-999.0	890.0	304.0433353813153	13.580515390560944	-6.807061879723171	-2.833042300961644
-999.0	865.0	304.790867128925	12.732600465232942	-7.320405011559717	-3.0467932861712317
-999.0	840.0	305.616427366388	11.767857910674296	-7.821831206480667	-3.054382947951928
-999.0	815.0	306.54399509249146	10.715476969142022	-8.267670053022883	-2.8812885654653293
-999.0	790.0	307.6063388435765	9.602444096847822	-8.589494413063852	-2.5736430195378612
-999.0	765.0	308.82511055626776	8.476335911103236	-8.728690144456463	-2.1757692908408175
-999.0	740.0	310.16069377245196	7.456803196742211	-8.580589473247523	-1.7623793050692633
-999.0	715.0	311.56748095412144	6.591486277403654	-8.178066453080113	-1.3761448429920247
-999.0	690.0	312.96862968906737	5.843793772252988	-7.639570383378009	-1.023223621858751
-999.0	665.0	314.33029452038846	5.2343684764188	-6.971349447229758	-0.7123744422224743
-999.0	640.0	315.7419905800664	4.651470233444813	-6.4095483878742385	-0.42264681174935353
-999.0	615.0	317.2252572084239	4.096530478677629	-6.0394772618641115	-0.15786616393524316
-999.0	590.0	318.8952834374388	3.5876714901791655	-5.892511972306694	0.07289214904225867
-999.0	565.0	320.7789031869627	3.117965517128689	-6.011837122249023	0.25836783008259806
-999.0	540.0	322.75770134498964	2.666344099758582	-6.263703618520582	0.40020552118895525
-999.0	515.0	324.78212057556743	2.2196379916535465	-6.6028315510003015	0.473342864670686
-999.0	490.0	326.83360875432857	1.8177783369650062	-6.84338530382993	0.41081590019166125
-999.0	465.0	328.87460027483127	1.4591264418429788	-6.914745023727054	0.1940066534738353
-999.0	440.0	330.90337778943467	1.1630048713198404	-6.848505147491341	-0.05489309999034247
-999.0	415.0	332.8908399776343	0.9319740431268261	-6.618339708281886	-0.2602265101173366
-999.0	390.0	334.87371092326526	0.7491501904104214	-6.174994492018018	-0.2872669293004755
-999.0	365.0	336.81459640017437	0.6095458812275778	-5.484097861029481	-0.08678056683712455
-999.0	340.0	338.6485853277193	0.4986205287507648	-4.588084324274532	0.2525905441538907
-999.0	315.0	340.3432362542897	0.41169548150795815	-3.5733703766018157	0.6768681300490841
-999.0	290.0	342.0025848232824	0.317065378386573	-2.684645274539058	1.1094450150835056
-999.0	265.0	343.697994653028	0.22600776848187762	-2.000905510819999	1.5373061523621234
-999.0	240.0	345.4060096775099	0.14559578325277484	-1.3653068337244731	2.008422155209165
-999.0	215.0	347.0050157306091	0.08315803119797767	-0.5514512293868812	2.4274665899574748
-999.0	190.0	348.63669711040427	0.044522577655260215	0.6459019541694162	2.5119478452237822
-999.0	165.0	350.888035224376	0.021720074154551558	2.103016198141307	2.102976011549243
-999.0	140.0	355.28191419736197	0.009841499778292611	2.855872348870725	1.5537805638655369
-999.0	115.0	366.87197190694087	0.005737497021421147	2.9881403928760277	1.2206911653924013
-999.0	90.0	393.6817691277815	0.0051805830415464745	4.437442814218392	0.730229036506677
-999.0	65.0	442.6661107274999	0.0032353950671587133	1.6033214191779628	0.1818278947684152
-999.0	40.0	532.559416631427	0.013714679519726339	-8.28466299322526	-0.168958498590423
-999.0	15.0	721.658887037108	0.06842969457998306	-16.508849282737508	-0.12507368976042368
245.36111111111111	40	1003.9465620252822	day	levels	pres0
-999.0	990.0	299.3946652017123	16.303956841245075	-2.5155786959293374	-0.7461619051403237
-999.0	965.0	301.2145568774101	15.408797735049403	-4.418561264320644	-1.3843328324548925
-999.0	940.0	302.40361332337005	14.876871056026891	-5.537248740593571	-1.9481245947909658
-999.0	915.0	303.2736444205128	14.275067011515308	-6.26758514535554	-2.459107493814987
-999.0	890.0	304.00182458842494	13.573466144962085	-6.822911515280042	-2.8501569391400574
-999.0	865.0	304.75595966997696	12.730013497081805	-7.331551955070023	-3.0613431259989574
-999.0	840.0	305.5852032456459	11.770353682247201	-7.827752411365519	-3.0632165904030244
-999.0	815.0	306.51433617606256	10.722368852591792	-8.268469753088786	-2.88095523260625
-999.0	790.0	307.57687991329544	9.611300530257028	-8.585680798983882	-2.5617265618049827
-999.0	765.0	308.7959697790262	8.483794484609422	-8.721380325011284	-2.1526826389628497
-999.0	740.0	310.13217335102905	7.461059256100352	-8.570955872535722	-1.731203207355253
-999.0	715.0	311.54046193152874	6.591812615041376	-8.167468809787158	-1.3399791297514756
-999.0	690.0	312.94417233630713	5.841170260935654	-7.630119761567076	-0.98410544414826
-999.0	665.0	314.30972250760976	5.229576634772029	-6.965993767029358	-0.6728914227268259
-999.0	640.0	315.72524503370136	4.645636140196415	-6.411194025182443	-0.38563224957848086
-999.0	615.0	317.21178496301684	4.090766417391509	-6.051115549089	-0.12687005744505245
-999.0	590.0	318.8834665968113	3.581857000788057	-5.9124294826645905	0.09552161432338081
-999.0	565.0	320.76656825768964	3.112049840482669	-6.036777983477078	0.2704083905152547
-999.0	540.0	322.74407581439624	2.6607997410091393	-6.290627499789355	0.4020596135545459
-999.0	515.0	324.7667947749666	2.2150285392999685	-6.628226297505096	0.4667285565907683
-999.0	490.0	326.8170798120428	1.8141210987980019	-6.8646725969917854	0.39977001812723156
-999.0	465.0	328.85801359008457	1.4565560229950512	-6.929687560869396	0.183604827446779
-999.0	440.0	330.88870064716457	1.1607731818049072	-6.857223518744657	-0.06169899324252953
-999.0	415.0	332.88024929924006	0.9291678543352088	-6.621796245790185	-0.26065798460240086
-999.0	390.0	334.86769652256567	0.746350026540002	-6.174144906118322	-0.2783478573884372
-999.0	365.0	336.81234896737504	0.6072750394175109	-5.480436230837189	-0.06647947632971452
-999.0	340.0	338.6468125307604	0.496837673202895	-4.584412372728551	0.28180113437090865
-999.0	315.0	340.3380154780869	0.41039616181112865	-3.573486712554254	0.7098132245577339
-999.0	290.0	341.992307238	0.3160596127955273	-2.6928282463348063	1.1396327394945935
-999.0	265.0	343.68249628458665	0.2251926420520949	-2.020982690960324	1.558430982635765
-999.0	240.0	345.386483714835	0.14513125187245976	-1.3987247647234209	2.017407994027483
-999.0	215.0	346.9845553084654	0.08305645288531607	-0.5984428202111838	2.4252886250615164
-999.0	190.0	348.6179512734797	0.044523407791361776	0.5825791877154867	2.5026307954096696
-999.0	165.0	350.8706825499931	0.021711704016513712	2.0187637299116252	2.089361729215361
-999.0	140.0	355.27055836257114	0.009838974856438108	2.7584117887381714	1.5331344903895645
-999.0	115.0	366.8848779254523	0.005738623195937201	2.9049417447575525	1.1925885279054063
-999.0	90.0	393.72844725874955	0.0051770848078354316	4.3947189056579345	0.7090240361249781
-999.0	65.0	442.68831710813885	0.003218495911475929	1.5919030694590064	0.18461076513990726
-999.0	40.0	532.5253817910051	0.013689009642320504	-8.289751532843994	-0.15504100075981933
-999.0	15.0	721.5369440205276	0.06812318800776125	-16.520572059316383	-0.10722306867441946
245.375	40	1003.9589742024739	day	levels	pres0
-999.0	990.0	299.34740650104976	16.33466755019294	-2.51351284649637	-0.7487821599675549
-999.0	965.0	301.14115947596173	15.410236941443545	-4.41753787961271	-1.3885935200378297
-999.0	940.0	302.3425496820787	14.865908596250746	-5.54923937552505	-1.9587883885122015
-999.0	915.0	303.22275532601196	14.264771646923487	-6.284990607036484	-2.4748913561213857
-999.0	890.0	303.9603137955345	13.566416899363205	-6.838761150836945	-2.8672715773185096
-999.0	865.0	304.72105221102885	12.727426528930666	-7.34269889858034	-3.075892965826724
-999.0	840.0	305.553979124904	11.77284945382012	-7.833673616250355	-3.0720502328541546
-999.0	815.0	306.4846772596338	10.729260736041597	-8.269269453154669	-2.880621899747186
-999.0	790.0	307.5474209830142	9.620156963666279	-8.581867184903887	-2.549810104072095
-999.0	765.0	308.7668290017845	8.491253058115642	-8.714070505566067	-2.1295959870848384
-999.0	740.0	310.10365292960597	7.4653153154585095	-8.561322271823883	-1.7000271096411677
-999.0	715.0	311.5134429089361	6.592138952679104	-8.156871166494158	-1.3038134165108202
-999.0	690.0	312.9197149835468	5.8385467496183185	-7.620669139756096	-0.944987266437642
-999.0	665.0	314.28915049483106	5.224784793125259	-6.960638086828921	-0.6334084032310378
-999.0	640.0	315.70849948733627	4.639802046948009	-6.4128396624906205	-0.3486176874074672
-999.0	615.0	317.1983127176097	4.08500235610538	-6.062753836313883	-0.09587395095473362
-999.0	590.0	318.8716497561836	3.576042511396938	-5.932346993022495	0.11815107960460919
-999.0	565.0	320.7542333284167	3.1061341638366384	-6.0617188447051555	0.2824489509479866
-999.0	540.0	322.7304502838029	2.6552553822596865	-6.317551381058162	0.4039137059201797
-999.0	515.0	324.7514689743657	2.2104190869463816	-6.653621044009923	0.460114248510864
-999.0	490.0	326.80055086975676	1.8104638606309893	-6.885959890153672	0.38872413606279443
-999.0	465.0	328.84142690533776	1.4539856041471164	-6.944630098011757	0.17320300141970296
-999.0	440.0	330.8740235048945	1.158541492289967	-6.865941889997983	-0.06850488649474248
-999.0	415.0	332.8696586208459	0.9263616655435827	-6.625252783298493	-0.26108945908749265
-999.0	390.0	334.86168212186595	0.743549862669574	-6.173295320218635	-0.26942878547641963
-999.0	365.0	336.8101015345756	0.605004197607438	-5.476774600644906	-0.04617838582230934
-999.0	340.0	338.6450397338017	0.4950548176550202	-4.580740421182578	0.3110117245879439
-999.0	315.0	340.33279470188404	0.40909684211429626	-3.57360304850671	0.7427583190664234
-999.0	290.0	341.98202965271764	0.3150538472044799	-2.7010112181305885	1.1698204639057321
-999.0	265.0	343.66699791614536	0.22437751562231117	-2.0410598711007166	1.5795558129094485
-999.0	240.0	345.36695775215975	0.14466672049214443	-1.4321426957224805	2.026393832845819
-999.0	215.0	346.9640948863214	0.08295487457265455	-0.6454344110356437	2.423110660165548
-999.0	190.0	348.59920543655517	0.044524237927463316	0.5192564212613636	2.493313745595515
-999.0	165.0	350.85332987561037	0.02170333387847576	1.934511261681716	2.0757474468813997
-999.0	140.0	355.25920252778036	0.00983644993458357	2.660951228605377	1.5124884169134831
-999.0	115.0	366.89778394396376	0.005739749370453259	2.8217430966388837	1.1644858904182913
-999.0	90.0	393.7751253897176	0.00517358657412438	4.351994997097386	0.6878190357432079
-999.0	65.0	442.7105234887777	0.0032015967557931105	1.5804847197400194	0.18739363551139832
-999.0	40.0	532.491346950583	0.013663339764914576	-8.29484007246275	-0.14112350292917755
-999.0	15.0	721.4150010039473	0.06781668143553866	-16.5322948358953	-0.08937244758837751
245.38888888888889	40	1004.1926327929086	day	levels	pres0
-999.0	990.0	299.2999987410653	16.361082300727784	-2.511002942931235	-0.7512731921347481
-999.0	965.0	301.0676371376642	15.407205534570013	-4.416102489272579	-1.3927693188788417
-999.0	940.0	302.2814103993429	14.852502393133836	-5.560817907437888	-1.9693033940469333
-999.0	915.0	303.1718243022383	14.252586697354715	-6.301935297839453	-2.490354981555122
-999.0	890.0	303.9187781710138	13.557694005377487	-6.85415589662247	-2.8839697909921
-999.0	865.0	304.6861219755047	12.72318366721824	-7.353476958510315	-3.0900512882680946
-999.0	840.0	305.5227227298385	11.773578090432258	-7.839309644551914	-3.0805430219129413
-999.0	815.0	306.45501444869154	10.734220825595637	-8.269811212280636	-2.879970106629686
-999.0	790.0	307.5179690046335	9.627015427306862	-8.577808425014386	-2.5376255317234664
-999.0	765.0	308.7377077475123	8.497034520278754	-8.706523537635784	-2.1063589830595237
-999.0	740.0	310.07518249970764	7.468381609445744	-8.551494217213273	-1.668860191939207
-999.0	715.0	311.48645788844357	6.591731706519188	-8.146155580326344	-1.2678102769968984
-999.0	690.0	312.8953230835804	5.835388123253242	-7.611172657689913	-0.9061379340781439
-999.0	665.0	314.2686199691935	5.21958633613439	-6.955300432480393	-0.5942477449762646
-999.0	640.0	315.69179663381664	4.633561498405018	-6.414511838398952	-0.3119464648289022
-999.0	615.0	317.18488993089744	4.078753020292444	-6.074366105053521	-0.06520629614402083
-999.0	590.0	318.859857447046	3.569723540618092	-5.952191829221487	0.1404891895751623
-999.0	565.0	320.7419421962535	3.0998073601060394	-6.086548053372059	0.29426855342121055
-999.0	540.0	322.7168472175656	2.64936873040817	-6.344345928342264	0.40558393115616664
-999.0	515.0	324.73616161800896	2.2054592670849766	-6.6789006963372355	0.4533262296887417
-999.0	490.0	326.78405564869354	1.8064504685225273	-6.907175349577535	0.3775182022356668
-999.0	465.0	328.8248714023158	1.4511106185339084	-6.959577977289395	0.1626588363936205
-999.0	440.0	330.8593629161504	1.1560484916891547	-6.874698622672488	-0.07545260523941497
-999.0	415.0	332.85905982893803	0.9233742304790127	-6.628741927628904	-0.2616799248922984
-999.0	390.0	334.85569194295965	0.7406432488128322	-6.172474887360029	-0.2606843057186409
-999.0	365.0	336.80785805885597	0.6026310397564968	-5.473143170645213	-0.026063767871193966
-999.0	340.0	338.64328815297534	0.49318429466658675	-4.577096269339513	0.34003389258811717
-999.0	315.0	340.32756554026025	0.40774476831709777	-3.5737450614939577	0.7755207623309224
-999.0	290.0	341.9717208764865	0.31401815610351314	-2.7092108618192245	1.1998387595385862
-999.0	265.0	343.6514358134453	0.22354401335304122	-2.061140694184096	1.6005303525325814
-999.0	240.0	345.34737146450897	0.1441908272811107	-1.4655575003751373	2.035245296579828
-999.0	215.0	346.94357674315467	0.08284498471766719	-0.6924186349835602	2.4208125469999127
-999.0	190.0	348.5803804266228	0.044520205910099135	0.45595472719925934	2.4838814734492556
-999.0	165.0	350.8359613615208	0.021693071259909977	1.8503022801911877	2.0620032316518957
-999.0	140.0	355.2478412419112	0.009832731597585428	2.5634934778013783	1.4916841137440908
-999.0	115.0	366.9107007086082	0.0057396782651244664	2.738537510833909	1.136355923517427
-999.0	90.0	393.8218034269806	0.00516784446957854	4.30927057842502	0.6666128478058652
-999.0	65.0	442.7327101250185	0.0031851310244140423	1.569066519423571	0.19017661299648314
-999.0	40.0	532.457311992024	0.013638883866484664	-8.299929916927669	-0.1272059043892218
-999.0	15.0	721.2930790943233	0.06752637254051189	-16.54401659119278	-0.07152178447784166
245.40277777777777	40	1004.4262913833427	day	levels	pres0
-999.0	990.0	299.252590981081	16.387497051262553	-2.5084930393660887	-0.75376422430193
-999.0	965.0	300.99411479936697	15.404174127696473	-4.414667098932426	-1.396945117719835
-999.0	940.0	302.22027111660714	14.839096190016955	-5.5723964393506735	-1.9798183995816387
-999.0	915.0	303.1208932784648	14.240401747785976	-6.318879988642376	-2.5058186069888237
-999.0	890.0	303.8772425464932	13.548971111391804	-6.869550642407961	-2.900668004665653
-999.0	865.0	304.6511917399806	12.718940805505824	-7.364255018440285	-3.104209610709431
-999.0	840.0	305.4914663347733	11.77430672704438	-7.8449456728534885	-3.0890358109716973
-999.0	815.0	306.42535163774943	10.73918091514964	-8.270352971406627	-2.8793183135121696
-999.0	790.0	307.4885170262528	9.63387389094741	-8.573749665124916	-2.5254409593748512
-999.0	765.0	308.70858649324015	8.50281598244184	-8.698976569705541	-2.0831219790342512
-999.0	740.0	310.04671206980925	7.4714479034329635	-8.5416661626027	-1.6376932742373211
-999.0	715.0	311.4594728679512	6.591324460359267	-8.135439994158574	-1.2318071374830808
-999.0	690.0	312.870931183614	5.832229496888173	-7.601676175623771	-0.8672886017187725
-999.0	665.0	314.2480894435561	5.21438787914353	-6.949962778131907	-0.55508708672163
-999.0	640.0	315.67509378029723	4.6273209498620345	-6.416184014307314	-0.2752752422504771
-999.0	615.0	317.17146714418516	4.072503684479516	-6.08597837379317	-0.03453864133343508
-999.0	590.0	318.8480651379085	3.563404569839256	-5.972036665420468	0.16282729954560995
-999.0	565.0	320.7296510640901	3.093480556375453	-6.11137726203894	0.30608815589436017
-999.0	540.0	322.7032441513286	2.643482078556664	-6.371140475626339	0.4072541563921108
-999.0	515.0	324.7208542616522	2.200499447223583	-6.704180348664515	0.44653821086660606
-999.0	490.0	326.7675604276302	1.8024370764140745	-6.928390809001371	0.3663122684085478
-999.0	465.0	328.80831589929386	1.4482356329207078	-6.974525856567014	0.15211467136755774
-999.0	440.0	330.8447023274064	1.1535554910883505	-6.8834553553469835	-0.08240032398406112
-999.0	415.0	332.8484610370301	0.9203867954144521	-6.632231071959309	-0.26227039069707625
-999.0	390.0	334.8497017640532	0.7377366349560992	-6.171654454501416	-0.2519398259608408
-999.0	365.0	336.80561458313616	0.6002578819055624	-5.469511740645511	-0.005949149920072838
-999.0	340.0	338.6415365721492	0.4913137716781585	-4.573452117496435	0.3690560605882743
-999.0	315.0	340.32233637863646	0.4063926945199021	-3.5738870744811893	0.8082832055953828
-999.0	290.0	341.9614121002555	0.3129824650025481	-2.7174105055078255	1.2298570551713917
-999.0	265.0	343.63587371074516	0.22271051108377232	-2.081221517267408	1.6215048921556714
-999.0	240.0	345.3277851768581	0.1437149340700773	-1.498972305027682	2.044096760313817
-999.0	215.0	346.9230585999879	0.08273509486267967	-0.7394028589313196	2.4185144338342885
-999.0	190.0	348.5615554166907	0.044516173892734975	0.3926530331373478	2.4744492013030426
-999.0	165.0	350.81859284743143	0.021682808641344316	1.7660932987008886	2.048259016422468
-999.0	140.0	355.2364799560421	0.009829013260587315	2.466035726997623	1.4708798105748073
-999.0	115.0	366.9236174732526	0.005739607159795675	2.655331925029126	1.1082259566166823
-999.0	90.0	393.86848146424364	0.005162102365032715	4.266546159752741	0.6454066598685941
-999.0	65.0	442.75489676125915	0.003168665293034999	1.5576483191071528	0.19295959048156927
-999.0	40.0	532.4232770334648	0.013614427968054836	-8.305019761392568	-0.11328830584930413
-999.0	15.0	721.1711571846997	0.06723606364548586	-16.55573834649022	-0.053671121367343415
245.41666666666666	40	1004.6599499737774	day	levels	pres0
-999.0	990.0	299.2051832210968	16.413911801797394	-2.505983135800951	-0.7562552564691263
-999.0	965.0	300.9205924610695	15.401142720822936	-4.413231708592295	-1.4011209165608514
-999.0	940.0	302.15913183387136	14.825689986900038	-5.583974971263511	-1.9903334051163744
-999.0	915.0	303.06996225469123	14.228216798217195	-6.3358246794453486	-2.521282232422564
-999.0	890.0	303.83570692197253	13.54024821740609	-6.884945388193491	-2.9173662183392466
-999.0	865.0	304.6162615044564	12.7146979437934	-7.375033078370266	-3.118367933150804
-999.0	840.0	305.4602099397078	11.77503536365651	-7.850581701155054	-3.0975286000304827
-999.0	815.0	306.39568882680715	10.744141004703675	-8.2708947305326	-2.878666520394666
-999.0	790.0	307.45906504787206	9.640732354587996	-8.56969090523542	-2.5132563870262192
-999.0	765.0	308.6794652389679	8.508597444604959	-8.691429601775262	-2.0598849750089308
-999.0	740.0	310.0182416399108	7.474514197420199	-8.531838107992089	-1.6065263565353574
-999.0	715.0	311.4324878474587	6.5909172141993535	-8.124724407990762	-1.1958039979691562
-999.0	690.0	312.8465392836476	5.8290708705231005	-7.592179693557586	-0.8284392693592733
-999.0	665.0	314.2275589179186	5.2091894221526625	-6.944625123783383	-0.5159264284668562
-999.0	640.0	315.65839092677754	4.621080401319046	-6.417856190215652	-0.23860401967191225
-999.0	615.0	317.15804435747276	4.06625434866658	-6.097590642532817	-0.0038709865227224555
-999.0	590.0	318.836272828771	3.5570855990604096	-5.991881501619465	0.1851654095161631
-999.0	565.0	320.71735993192686	3.087153752644854	-6.136206470705853	0.3179077583675839
-999.0	540.0	322.6896410850913	2.637595426705145	-6.397935022910443	0.40892438162809736
-999.0	515.0	324.7055469052955	2.195539627362179	-6.729460000991828	0.4397501920444834
-999.0	490.0	326.751065206567	1.7984236843056125	-6.949606268425237	0.3551063345814205
-999.0	465.0	328.7917603962718	1.4453606473074996	-6.989473735844651	0.1415705063414765
-999.0	440.0	330.8300417386625	1.1510624904875373	-6.892212088021487	-0.0893480427287299
-999.0	415.0	332.8378622451222	0.9173993603498819	-6.635720216289718	-0.26286085650187496
-999.0	390.0	334.84371158514693	0.7348300210993572	-6.17083402164281	-0.24319534620305142
-999.0	365.0	336.8033711074165	0.5978847240546216	-5.465880310645817	0.014165468031056366
-999.0	340.0	338.6397849913229	0.4894432486897253	-4.569807965653369	0.3980782285884619
-999.0	315.0	340.31710721701273	0.4050406207227036	-3.5740290874684377	0.8410456488598927
-999.0	290.0	341.95110332402425	0.31194677390158115	-2.7256101491964646	1.2598753508042528
-999.0	265.0	343.62031160804503	0.22187700881450237	-2.1013023403507907	1.6424794317788063
-999.0	240.0	345.30819888920706	0.1432390408590435	-1.5323871096803443	2.0529482240478245
-999.0	215.0	346.902540456821	0.08262520500769223	-0.7863870828792401	2.416216320668652
-999.0	190.0	348.5427304067584	0.04451214187537078	0.32935133907524106	2.4650169291567834
-999.0	165.0	350.801224333342	0.021672546022778544	1.6818843172103606	2.0345148011929637
-999.0	140.0	355.2251186701731	0.009825294923589172	2.368577976193623	1.4500755074054144
-999.0	115.0	366.93653423789726	0.00573953605446689	2.5721263392241447	1.080095989715817
-999.0	90.0	393.9151595015067	0.005156360260486876	4.223821741080367	0.6242004719312524
-999.0	65.0	442.7770833974999	0.0031521995616559254	1.5462301187907022	0.1957425679666598
-999.0	40.0	532.3892420749056	0.013589972069624924	-8.310109605857486	-0.09937070730934132
-999.0	15.0	721.0492352750756	0.06694575475045907	-16.567460101787702	-0.03582045825680021
245.43055555555554	40	1004.8936085642115	day	levels	pres0
-999.0	990.0	299.1577754611124	16.440326552332156	-2.5034732322358053	-0.7587462886363079
-999.0	965.0	300.8470701227722	15.398111313949395	-4.411796318252139	-1.4052967154018459
-999.0	940.0	302.09799255113563	14.812283783783158	-5.595553503176297	-2.00084841065108
-999.0	915.0	303.0190312309178	14.216031848648454	-6.352769370248271	-2.5367458578562654
-999.0	890.0	303.7941712974519	13.531525323420402	-6.900340133978981	-2.9340644320128
-999.0	865.0	304.58133126893244	12.710455082080983	-7.385811138300237	-3.1325262555921394
-999.0	840.0	305.42895354464275	11.775764000268628	-7.856217729456626	-3.1060213890892387
-999.0	815.0	306.3660260158649	10.74910109425768	-8.271436489658592	-2.8780147272771486
-999.0	790.0	307.4296130694915	9.647590818228542	-8.565632145345951	-2.5010718146776036
-999.0	765.0	308.6503439846956	8.514378906768044	-8.683882633845016	-2.036647970983659
-999.0	740.0	309.9897712100125	7.477580491407416	-8.522010053381516	-1.5753594388334715
-999.0	715.0	311.4055028269662	6.590509968039431	-8.11400882182299	-1.1598008584553392
-999.0	690.0	312.8221473836811	5.825912244158031	-7.582683211491445	-0.7895899369999012
-999.0	665.0	314.20702839228113	5.203990965161801	-6.939287469434898	-0.4767657702122217
-999.0	640.0	315.6416880732579	4.614839852776061	-6.4195283661240135	-0.2019327970934873
-999.0	615.0	317.1446215707606	4.060005012853651	-6.1092029112724635	0.02679666828786324
-999.0	590.0	318.82448051963337	3.5507666282815746	-6.0117263378184465	0.2075035194866108
-999.0	565.0	320.70506879976364	3.0808269489142672	-6.161035679372731	0.32972736084073345
-999.0	540.0	322.67603801885406	2.6317087748536396	-6.424729570194516	0.4105946068640415
-999.0	515.0	324.6902395489388	2.190579807500784	-6.754739653319111	0.4329621732223478
-999.0	490.0	326.73456998550375	1.7944102921971594	-6.970821727849075	0.3439004007543014
-999.0	465.0	328.7752048932499	1.4424856616942991	-7.00442161512227	0.13102634131541357
-999.0	440.0	330.81538114991844	1.1485694898867331	-6.9009688206959785	-0.09629576147337604
-999.0	415.0	332.82726345321436	0.9144119252853211	-6.6392093606201215	-0.2634513223066528
-999.0	390.0	334.8377214062405	0.7319234072426244	-6.1700135887841965	-0.23445086644525126
-999.0	365.0	336.8011276316968	0.5955115662036875	-5.462248880646116	0.03428008598217749
-999.0	340.0	338.63803341049675	0.4875727257012969	-4.566163813810291	0.427100396588619
-999.0	315.0	340.311878055389	0.40368854692550815	-3.5741711004556684	0.8738080921243527
-999.0	290.0	341.9407945477932	0.3109110828006163	-2.733809792885066	1.2898936464370585
-999.0	265.0	343.604749505345	0.2210435065452334	-2.121383163434102	1.6634539714018968
-999.0	240.0	345.2886126015564	0.14276314764801015	-1.565801914332889	2.0617996877818126
-999.0	215.0	346.8820223136543	0.08251531515270472	-0.8333713068269996	2.4139182075030265
-999.0	190.0	348.5239053968262	0.04450810985800661	0.26604964501332956	2.4555846570105695
-999.0	165.0	350.78385581925255	0.021662283404212883	1.5976753357200604	2.0207705859635365
-999.0	140.0	355.213757384304	0.009821576586591062	2.2711202253898675	1.4292712042361317
-999.0	115.0	366.94945100254176	0.005739464949138096	2.488920753419362	1.0519660228150722
-999.0	90.0	393.9618375387697	0.005150618155941054	4.18109732240809	0.6029942839939808
-999.0	65.0	442.7992700337405	0.0031357338302768828	1.5348119184742826	0.198525545451746
-999.0	40.0	532.3552071163466	0.013565516171195098	-8.315199450322385	-0.08545310876942362
-999.0	15.0	720.9273133654519	0.06665544585543302	-16.579181857085143	-0.01796979514630195
245.44444444444446	40	1005.1272671546467	day	levels	pres0
-999.0	990.0	299.110367701128	16.466741302867018	-2.500963328670664	-0.7612373208034969
-999.0	965.0	300.7735477844748	15.395079907075855	-4.410360927912011	-1.4094725142428564
-999.0	940.0	302.03685326839957	14.798877580666236	-5.607132035089141	-2.0113634161858176
-999.0	915.0	302.9681002071441	14.203846899079675	-6.369714061051256	-2.5522094832900115
-999.0	890.0	303.7526356729312	13.522802429434682	-6.915734879764524	-2.950762645686404
-999.0	865.0	304.5464010334083	12.706212220368558	-7.396589198230236	-3.146684578033522
-999.0	840.0	305.3976971495773	11.776492636880755	-7.861853757758204	-3.1145141781480317
-999.0	815.0	306.3363632049226	10.754061183811709	-8.27197824878457	-2.8773629341596467
-999.0	790.0	307.4001610911107	9.654449281869116	-8.561573385456459	-2.4888872423289685
-999.0	765.0	308.62122273042337	8.520160368931151	-8.67633566591474	-2.0134109669583293
-999.0	740.0	309.96130078011413	7.480646785394645	-8.512181998770904	-1.5441925211314922
-999.0	715.0	311.37851780647384	6.590102721879507	-8.10329323565517	-1.1237977189413981
-999.0	690.0	312.79775548371464	5.822753617792951	-7.573186729425253	-0.7507406046403856
-999.0	665.0	314.18649786664355	5.198792508170921	-6.933949815086362	-0.43760511195743224
-999.0	640.0	315.62498521973833	4.608599304233062	-6.42120054203234	-0.16526157451490908
-999.0	615.0	317.13119878404825	4.053755677040707	-6.120815180012103	0.057464323098585166
-999.0	590.0	318.8126882104957	3.5444476575027233	-6.0315711740174445	0.2298416294571676
-999.0	565.0	320.69277766760035	3.074500145183664	-6.185864888039644	0.34154696331395484
-999.0	540.0	322.66243495261676	2.625822123002118	-6.4515241174786295	0.4122648321000205
-999.0	515.0	324.674932192582	2.1856199876393756	-6.78001930564643	0.42617415440021406
-999.0	490.0	326.7180747644405	1.790396900088696	-6.9920371872729445	0.3326944669271619
-999.0	465.0	328.7586493902278	1.43961067608109	-7.019369494399914	0.12048217628932151
-999.0	440.0	330.8007205611744	1.1460764892859203	-6.909725553370488	-0.10324348021805432
-999.0	415.0	332.81666466130645	0.9114244902207508	-6.642698504950529	-0.26404178811145995
-999.0	390.0	334.8317312273343	0.7290167933858815	-6.16919315592558	-0.22570638668746784
-999.0	365.0	336.79888415597713	0.5931384083527451	-5.4586174506464085	0.05439470393330469
-999.0	340.0	338.63628182967045	0.48570220271286246	-4.562519661967214	0.4561225645888097
-999.0	315.0	340.30664889376516	0.40233647312830895	-3.574313113442911	0.9065705353888719
-999.0	290.0	341.930485771562	0.3098753916996492	-2.742009436573703	1.3199119420699317
-999.0	265.0	343.589187402645	0.22021000427596335	-2.141463986517488	1.6844285110250423
-999.0	240.0	345.2690263139055	0.14228725443697623	-1.599216718985555	2.0706511515158263
-999.0	215.0	346.86150417048736	0.08240542529771724	-0.8803555307749271	2.411620094337398
-999.0	190.0	348.5050803868939	0.044504077840642406	0.20274795095120807	2.4461523848643227
-999.0	165.0	350.766487305163	0.021652020785647114	1.5134663542295046	2.0070263707340463
-999.0	140.0	355.20239609843486	0.009817858249592923	2.173662474585835	1.4084669010667519
-999.0	115.0	366.96236776718627	0.005739393843809303	2.405715167614358	1.0238360559142161
-999.0	90.0	394.0085155760328	0.005144876051395204	4.138372903735708	0.5817880960566365
-999.0	65.0	442.8214566699813	0.0031192680988978115	1.5233937181578283	0.20130852293682872
-999.0	40.0	532.3211721577874	0.013541060272765174	-8.320289294787312	-0.07153551022946816
-999.0	15.0	720.805391455828	0.06636513696040618	-16.590903612382633	-0.00011913203575654452
245.45833333333334	40	1005.3609257450811	day	levels	pres0
-999.0	990.0	299.0629599411436	16.493156053401783	-2.498453425105518	-0.7637283529706791
-999.0	965.0	300.7000254461775	15.39204850020232	-4.408925537571856	-1.4136483130838524
-999.0	940.0	301.97571398566396	14.785471377549355	-5.618710567001931	-2.0218784217205252
-999.0	915.0	302.9171691833707	14.191661949510936	-6.38665875185418	-2.567673108723715
-999.0	890.0	303.7111000484106	13.514079535449	-6.93112962555002	-2.9674608593599596
-999.0	865.0	304.51147079788416	12.70196935865614	-7.407367258160211	-3.1608429004748597
-999.0	840.0	305.36644075451215	11.777221273492877	-7.86748978605978	-3.1230069672067904
-999.0	815.0	306.3067003939805	10.759021273365711	-8.27252000791057	-2.876711141042131
-999.0	790.0	307.3707091127301	9.661307745509662	-8.557514625566993	-2.4767026699803516
-999.0	765.0	308.5921014761512	8.525941831094235	-8.668788697984498	-1.9901739629330568
-999.0	740.0	309.9328303502157	7.483713079381864	-8.502353944160335	-1.5130256034296066
-999.0	715.0	311.3515327859814	6.58969547571959	-8.092577649487403	-1.0877945794275792
-999.0	690.0	312.7733635837483	5.819594991427878	-7.563690247359109	-0.711891272281011
-999.0	665.0	314.165967341006	5.193594051180062	-6.928612160737875	-0.3984444537027932
-999.0	640.0	315.6082823662188	4.602358755690079	-6.4228727179407015	-0.12859035193647889
-999.0	615.0	317.117775997336	4.04750634122778	-6.1324274487517485	0.08813197790917682
-999.0	590.0	318.8008959013581	3.5381286867238875	-6.051416010216422	0.25217973942762156
-999.0	565.0	320.680486535437	3.0681733414530785	-6.210694096706521	0.35336656578711
-999.0	540.0	322.6488318863795	2.6199354711506126	-6.478318664762699	0.4139350573359695
-999.0	515.0	324.65962483622525	2.1806601677779813	-6.805298957973709	0.41938613557808246
-999.0	490.0	326.7015795433771	1.7863835079802428	-7.013252646696778	0.321488533100046
-999.0	465.0	328.7420938872059	1.4367356904678898	-7.034317373677531	0.1099380112632607
-999.0	440.0	330.7860599724305	1.1435834886851153	-6.918482286044979	-0.11019119896269908
-999.0	415.0	332.80606586939865	0.9084370551561898	-6.646187649280931	-0.26463225391623646
-999.0	390.0	334.8257410484278	0.7261101795291486	-6.168372723066964	-0.21696190692966624
-999.0	365.0	336.79664068025744	0.5907652505018113	-5.454986020646705	0.07450932188442737
-999.0	340.0	338.6345302488442	0.4838316797244344	-4.558875510124136	0.48514473258896856
-999.0	315.0	340.3014197321415	0.4009843993311137	-3.574455126430143	0.9393329786533335
-999.0	290.0	341.920176995331	0.3088397005986844	-2.7502090802623065	1.3499302377027378
-999.0	265.0	343.5736252999449	0.21937650200669453	-2.1615448096008025	1.7054030506481332
-999.0	240.0	345.2494400262546	0.14181136122594298	-1.6326315236381033	2.0795026152498144
-999.0	215.0	346.8409860273207	0.08229553544272977	-0.9273397547226885	2.4093219811717734
-999.0	190.0	348.4862553769616	0.04450004582327826	0.13944625688929885	2.436720112718111
-999.0	165.0	350.7491187910736	0.021641758167081443	1.4292573727392124	1.9932821555046192
-999.0	140.0	355.19103481256593	0.00981413991259481	2.0762047237820886	1.387662597897468
-999.0	115.0	366.97528453183094	0.005739322738480513	2.3225095818095807	0.9957060890134721
-999.0	90.0	394.0551936132959	0.005139133946849379	4.095648485063429	0.5605819081193669
-999.0	65.0	442.843643306222	0.003102802367518771	1.5119755178414076	0.20409150042191604
-999.0	40.0	532.2871371992284	0.013516604374335345	-8.32537913925221	-0.05761791168954812
-999.0	15.0	720.6834695462043	0.06607482806538015	-16.60262536768007	0.017731531074744795
245.47222222222223	40	1005.594584335516	day	levels	pres0
-999.0	990.0	299.01555218115936	16.519570803936624	-2.4959435215403802	-0.766219385137875
-999.0	965.0	300.62650310788	15.389017093328782	-4.407490147231723	-1.4178241119248662
-999.0	940.0	301.91457470292806	14.77206517443244	-5.630289098914766	-2.032393427255259
-999.0	915.0	302.866238159597	14.179476999942159	-6.403603442657151	-2.5831367341574514
-999.0	890.0	303.6695644238899	13.505356641463287	-6.946524371335545	-2.98415907303355
-999.0	865.0	304.47654056235996	12.697726496943718	-7.418145318090187	-3.1750012229162294
-999.0	840.0	305.33518435944677	11.777949910105015	-7.873125814361342	-3.131499756265573
-999.0	815.0	306.2770375830383	10.76398136291975	-8.273061767036534	-2.876059347924626
-999.0	790.0	307.34125713434923	9.668166209150248	-8.55345586567749	-2.46451809763172
-999.0	765.0	308.56298022187883	8.53172329325735	-8.661241730054217	-1.9669369589077363
-999.0	740.0	309.9043599203173	7.4867793733691	-8.492525889549722	-1.481858685727642
-999.0	715.0	311.3245477654889	6.589288229559675	-8.081862063319589	-1.0517914399136559
-999.0	690.0	312.74897168378175	5.816436365062807	-7.554193765292928	-0.673041939921515
-999.0	665.0	314.14543681536844	5.188395594189194	-6.923274506389354	-0.35928379544802397
-999.0	640.0	315.5915795126992	4.596118207147089	-6.424544893849041	-0.09191912935791927
-999.0	615.0	317.1043532106236	4.041257005414843	-6.144039717491396	0.1187996327198835
-999.0	590.0	318.78910359222044	3.531809715945041	-6.071260846415424	0.27451784939816853
-999.0	565.0	320.66819540327367	3.06184653772248	-6.235523305373435	0.36518616826032807
-999.0	540.0	322.6352288201423	2.614048819299096	-6.505113212046808	0.41560528257195145
-999.0	515.0	324.64431747986845	2.1757003479165773	-6.830578610301026	0.41259811675595554
-999.0	490.0	326.68508432231397	1.7823701158717813	-7.034468106120649	0.3102825992729158
-999.0	465.0	328.7255383841838	1.4338607048546816	-7.049265252955169	0.0993938462371774
-999.0	440.0	330.77139938368646	1.1410904880843034	-6.927239018719485	-0.11713891770736928
-999.0	415.0	332.7954670774908	0.9054496200916196	-6.6496767936113415	-0.2652227197210364
-999.0	390.0	334.8197508695215	0.723203565672407	-6.167552290208359	-0.2082174271718783
-999.0	365.0	336.7943972045377	0.5883920926508703	-5.45135459064701	0.0946239398355551
-999.0	340.0	338.6327786680179	0.4819611567360008	-4.555231358281071	0.5141669005891544
-999.0	315.0	340.2961905705177	0.39963232553391503	-3.5745971394173903	0.9720954219178423
-999.0	290.0	341.90986821909985	0.3078040094977173	-2.7584087239509434	1.3799485333355979
-999.0	265.0	343.5580631972447	0.21854299973742436	-2.1816256326841827	1.7263775902712672
-999.0	240.0	345.22985373860377	0.14133546801490904	-1.6660463282907618	2.088354078983822
-999.0	215.0	346.8204678841538	0.08218564558774231	-0.9743239786706073	2.4070238680061364
-999.0	190.0	348.4674303670294	0.044496013805914066	0.07614456282718972	2.4272878405718488
-999.0	165.0	350.73175027698437	0.02163149554851567	1.3450483912486775	1.9795379402751139
-999.0	140.0	355.1796735266967	0.009810421575596669	1.97874697297808	1.3668582947280756
-999.0	115.0	366.9882012964753	0.005739251633151722	2.239303996004593	0.9675761221126059
-999.0	90.0	394.10187165055896	0.00513339184230354	4.052924066391055	0.5393757201820231
-999.0	65.0	442.86582994246277	0.003086336636139696	1.5005573175249591	0.20687447790700533
-999.0	40.0	532.2531022406693	0.013492148475905432	-8.330468983717127	-0.043700313149587625
-999.0	15.0	720.5615476365804	0.06578451917035333	-16.61434712297755	0.03558219418528494
245.48611111111111	40	1005.8282429259498	day	levels	pres0
-999.0	990.0	298.96814442117517	16.5459855544714	-2.493433617975235	-0.7687104173050573
-999.0	965.0	300.5529807695828	15.385985686455243	-4.406054756891569	-1.4219999107658614
-999.0	940.0	301.85343542019245	14.758658971315564	-5.641867630827553	-2.0429084327899645
-999.0	915.0	302.8153071358235	14.16729205037342	-6.420548133460072	-2.598600359591154
-999.0	890.0	303.6280287993694	13.4966337474776	-6.961919117121036	-3.000857286707104
-999.0	865.0	304.4416103268359	12.693483635231303	-7.428923378020156	-3.1891595453575654
-999.0	840.0	305.30392796438144	11.778678546717135	-7.878761842662915	-3.1399925453243283
-999.0	815.0	306.2473747720961	10.768941452473754	-8.273603526162525	-2.875407554807109
-999.0	790.0	307.3118051559686	9.67502467279079	-8.549397105788023	-2.4523335252831036
-999.0	765.0	308.5338589676067	8.537504755420438	-8.653694762123973	-1.9436999548824652
-999.0	740.0	309.87588949041896	7.4898456673563185	-8.48269783493915	-1.4506917680257574
-999.0	715.0	311.29756274499647	6.588880983399752	-8.071146477151819	-1.0157883003998387
-999.0	690.0	312.7245797838154	5.813277738697735	-7.544697283226785	-0.6341926075621432
-999.0	665.0	314.12490628973086	5.1831971371983325	-6.917936852040869	-0.32012313719338936
-999.0	640.0	315.57487665917967	4.589877658604107	-6.426217069757403	-0.05524790677949422
-999.0	615.0	317.0909304239113	4.035007669601915	-6.1556519862310415	0.14946728753046906
-999.0	590.0	318.7773112830829	3.5254907451662056	-6.0911056826144065	0.2968559593686162
-999.0	565.0	320.6559042711105	3.0555197339918925	-6.260352514040315	0.37700577073347763
-999.0	540.0	322.6216257539052	2.6081621674475897	-6.531907759330879	0.4172755078078958
-999.0	515.0	324.6290101235119	2.1707405280551835	-6.855858262628305	0.40581009793382
-999.0	490.0	326.66858910125063	1.7783567237633282	-7.055683565544482	0.2990766654457967
-999.0	465.0	328.7089828811619	1.4309857192414812	-7.064213132232787	0.08884968121111463
-999.0	440.0	330.7567387949425	1.1385974874834988	-6.935995751393978	-0.12408663645201544
-999.0	415.0	332.7848682855829	0.9024621850270587	-6.653165937941747	-0.26581318552581423
-999.0	390.0	334.8137606906151	0.7202969518156734	-6.166731857349746	-0.19947294741407823
-999.0	365.0	336.79215372881794	0.5860189347999362	-5.44772316064731	0.11473855778667615
-999.0	340.0	338.63102708719174	0.48009063374757227	-4.551587206437993	0.5431890685893113
-999.0	315.0	340.29096140889396	0.3982802517367195	-3.5747391524046206	1.0048578651823021
-999.0	290.0	341.89955944286874	0.3067683183967523	-2.7666083676395443	1.4099668289684033
-999.0	265.0	343.5425010945446	0.21770949746815557	-2.2017064557674937	1.747352129894358
-999.0	240.0	345.2102674509529	0.14085957480387562	-1.6994611329433063	2.09720554271781
-999.0	215.0	346.7999497409871	0.0820757557327548	-1.0213082026183662	2.4047257548405114
-999.0	190.0	348.44860535709716	0.044491981788549906	0.012842868765278466	2.4178555684256353
-999.0	165.0	350.71438176289496	0.021621232929950017	1.2608394097583766	1.965793725045686
-999.0	140.0	355.1683122408277	0.009806703238598554	1.8812892221743243	1.3460539915587926
-999.0	115.0	367.0011180611198	0.0057391805278229294	2.1560984101998124	0.9394461552118614
-999.0	90.0	394.14854968782197	0.005127649737757716	4.010199647718777	0.5181695322447518
-999.0	65.0	442.88801657870346	0.003069870904760654	1.4891391172085398	0.20965745539209144
-999.0	40.0	532.2190672821101	0.013467692577475604	-8.335558828182029	-0.029782714609669983
-999.0	15.0	720.4396257269565	0.06549421027532731	-16.626068878274992	0.053432857295783176
245.5	40	1006.0619015163848	day	levels	pres0
-999.0	990.0	298.9207366611907	16.572400305006237	-2.4909237144100995	-0.7712014494722503
-999.0	965.0	300.47945843128525	15.382954279581707	-4.404619366551439	-1.4261757096068723
-999.0	940.0	301.7922961374565	14.74525276819865	-5.65344616274039	-2.0534234383246965
-999.0	915.0	302.7643761120499	14.155107100804646	-6.437492824263041	-2.614063985024889
-999.0	890.0	303.58649317484867	13.487910853491888	-6.977313862906563	-3.0175555003806944
-999.0	865.0	304.4066800913118	12.689240773518883	-7.439701437950136	-3.2033178677989382
-999.0	840.0	305.2726715693161	11.779407183329266	-7.884397870964474	-3.1484853343831167
-999.0	815.0	306.2177119611537	10.773901542027792	-8.274145285288492	-2.874755761689609
-999.0	790.0	307.282353177588	9.68188313643138	-8.545338345898521	-2.4401489529344764
-999.0	765.0	308.5047377133344	8.543286217583551	-8.646147794193691	-1.9204629508571487
-999.0	740.0	309.84741906052056	7.492911961343553	-8.472869780328537	-1.4195248503237965
-999.0	715.0	311.27057772450416	6.588473737239837	-8.060430890984005	-0.9797851608859166
-999.0	690.0	312.7001878838489	5.810119112332663	-7.535200801160599	-0.5953432752026451
-999.0	665.0	314.1043757640935	5.1779986802074625	-6.912599197692342	-0.2809624789386159
-999.0	640.0	315.55817380565986	4.583637110061117	-6.427889245665735	-0.018576684200929228
-999.0	615.0	317.077507637199	4.028758333788978	-6.167264254970683	0.18013494234118205
-999.0	590.0	318.76551897394535	3.5191717743873596	-6.110950518813398	0.3191940693391695
-999.0	565.0	320.64361313894716	3.0491929302612943	-6.285181722707216	0.38882537320670146
-999.0	540.0	322.6080226876679	2.602275515596072	-6.5587023066149825	0.4189457330438825
-999.0	515.0	324.61370276715496	2.165780708193779	-6.881137914955615	0.3990220791116976
-999.0	490.0	326.6520938801874	1.7743433316548665	-7.076899024968346	0.2878707316186693
-999.0	465.0	328.69242737813994	1.428110733628273	-7.079161011510423	0.07830551618503202
-999.0	440.0	330.74207820619847	1.1361044868826864	-6.944752484068482	-0.1310343551966879
-999.0	415.0	332.774269493675	0.8994747499624891	-6.656655082272157	-0.2664036513306201
-999.0	390.0	334.80777051170867	0.7173903379589321	-6.16591142449114	-0.1907284676562993
-999.0	365.0	336.78991025309836	0.5836457769489951	-5.4440917306476155	0.13485317573779163
-999.0	340.0	338.62927550636545	0.47822011075913906	-4.547943054594928	0.5722112365894848
-999.0	315.0	340.2857322472701	0.39692817793952095	-3.5748811653918677	1.0376203084468012
-999.0	290.0	341.8892506666377	0.3057326272957855	-2.7748080113281803	1.4399851246012583
-999.0	265.0	343.52693899184453	0.21687599519888554	-2.221787278850873	1.7683266695174902
-999.0	240.0	345.19068116330203	0.140383681592842	-1.7328759375959635	2.106057006451819
-999.0	215.0	346.77943159782023	0.08196586587776741	-1.068292426566283	2.402427641674876
-999.0	190.0	348.429780347165	0.04448794977118573	-0.05045882529682588	2.408423296279377
-999.0	165.0	350.6970132488055	0.021610970311384235	1.17663042826785	1.952049509816182
-999.0	140.0	355.1569509549587	0.009802984901600413	1.783831471370326	1.3252496883894005
-999.0	115.0	367.0140348257645	0.0057391094224941396	2.0728928243948355	0.9113161883109976
-999.0	90.0	394.19522772508503	0.005121907633211878	3.9674752290464097	0.4969633443074097
-999.0	65.0	442.91020321494426	0.0030534051733815846	1.477720916892091	0.21244043287717632
-999.0	40.0	532.1850323235509	0.013443236679045685	-8.340648672646946	-0.015865116069714223
-999.0	15.0	720.3177038173325	0.06520390138030054	-16.637790633572475	0.07128352040631908
245.51388888888889	40	1006.0111775339387	day	levels	pres0
-999.0	990.0	299.0598180766933	16.53570956948358	-2.495144665793163	-0.7744376437816263
-999.0	965.0	300.5546019037005	15.388978522500874	-4.351403439854378	-1.4061608719811947
-999.0	940.0	301.83397418992723	14.776131997873785	-5.566458595387676	-2.010936894948449
-999.0	915.0	302.8038497205395	14.201012726183329	-6.337929397821355	-2.5552003524599276
-999.0	890.0	303.63302920805495	13.536749339398076	-6.876548065447433	-2.948901191399743
-999.0	865.0	304.46161336385103	12.726771175125508	-7.3444059358701965	-3.1308553849150904
-999.0	840.0	305.332848827054	11.804026671397823	-7.792663446179062	-3.076748895332337
-999.0	815.0	306.28078031027286	10.790955990920816	-8.182219014491476	-2.8087101050732355
-999.0	790.0	307.3493197269032	9.693268191667238	-8.454499947435966	-2.3836214006590324
-999.0	765.0	308.57554772669926	8.549822003753093	-8.560206492741806	-1.8752993101621442
-999.0	740.0	309.9203002363335	7.496669762664378	-8.397146376562615	-1.3847738469455975
-999.0	715.0	311.3427381634794	6.592085897186665	-7.998620477723413	-0.9538611832683848
-999.0	690.0	312.77009335271873	5.812355772580639	-7.488707965170839	-0.5782326173703931
-999.0	665.0	314.17050997129274	5.1772748467362995	-6.8821693897982845	-0.2730488973773077
-999.0	640.0	315.62118609149496	4.581469308262992	-6.408806566562903	-0.021188433661506002
-999.0	615.0	317.1390360932258	4.026998910087131	-6.152654163539398	0.16574947510695182
-999.0	590.0	318.8288900549576	3.5188713837185097	-6.0961620696808705	0.2958039363937948
-999.0	565.0	320.71249268705463	3.0509434128985093	-6.265224684535702	0.36067300839462
-999.0	540.0	322.68034915344737	2.6054991134155063	-6.530745164111779	0.3889160517740854
-999.0	515.0	324.6855605174605	2.169904271209693	-6.843226265760074	0.37024358711720085
-999.0	490.0	326.72119212979226	1.778731640658272	-7.031551411306364	0.2631205177785201
-999.0	465.0	328.75682537655484	1.4322736428843716	-7.030635314039183	0.060550988508073014
-999.0	440.0	330.8013977075747	1.1403668699441232	-6.8965873363898575	-0.1399274389547045
-999.0	415.0	332.8286130817213	0.9040912597635737	-6.612861067102582	-0.26549117069369554
-999.0	390.0	334.85718605164294	0.7219425931021092	-6.130952003354404	-0.1821068649321742
-999.0	365.0	336.8347825939779	0.5877798135035988	-5.422218002608858	0.14715426265159628
-999.0	340.0	338.67108885003734	0.4811823571813726	-4.540252026952322	0.5827281141170875
-999.0	315.0	340.3258747642446	0.3982166629284628	-3.579392644358264	1.0415112330336926
-999.0	290.0	341.92698131755424	0.3060443559086616	-2.784502362533487	1.4373783486504403
-999.0	265.0	343.55968208871275	0.2167292837697413	-2.2283844473185415	1.7612589579995386
-999.0	240.0	345.21393325529175	0.140131578263309	-1.7324630016300115	2.094832385056585
-999.0	215.0	346.7891376435523	0.08180310882995873	-1.0637803856329542	2.387827804243108
-999.0	190.0	348.4283663596352	0.04441913611106105	-0.05394831764296359	2.3966492267302417
-999.0	165.0	350.6935892716336	0.02159158172902224	1.1553339721910434	1.9468738736906699
-999.0	140.0	355.16400357646387	0.009793438280380724	1.7574589786429868	1.318539750009177
-999.0	115.0	367.02702078502233	0.0057246243612794736	2.0640316755039603	0.8987751961628145
-999.0	90.0	394.172340083593	0.005095457929807374	3.9766791630306764	0.48819384990649245
-999.0	65.0	442.84085430714674	0.003063629414414841	1.506884807962285	0.21210460477208548
-999.0	40.0	532.151818063774	0.013421526845590536	-8.313722223089389	-0.026202307309818033
-999.0	15.0	720.3465376394521	0.06527800780985459	-16.605535199980626	0.050344113099510125
245.52777777777777	40	1005.9604535514924	day	levels	pres0
-999.0	990.0	299.19889949219555	16.49901883396103	-2.499365617176169	-0.7776738380909773
-999.0	965.0	300.6297453761154	15.395002765420042	-4.298187513157377	-1.3861460343555232
-999.0	940.0	301.8756522423978	14.807011227548847	-5.479471028035105	-1.9684503515722533
-999.0	915.0	302.8433233290289	14.246918351561915	-6.23836597137985	-2.496336719895055
-999.0	890.0	303.6795652412612	13.58558782530418	-6.775782267988506	-2.8802468824189074
-999.0	865.0	304.5165466363901	12.7643015767321	-7.249110433790459	-3.0583929020313834
-999.0	840.0	305.39302608479176	11.828646159466393	-7.7009290213938515	-3.0050124562817118
-999.0	815.0	306.34384865939177	10.808010439813863	-8.090292743694675	-2.742664448457025
-999.0	790.0	307.4162862762185	9.70465324690312	-8.363661548973642	-2.3270938483837447
-999.0	765.0	308.646357740064	8.556357789922641	-8.47426519129015	-1.8301356694672755
-999.0	740.0	309.9931814121464	7.500427563985186	-8.321422972796908	-1.350022843567507
-999.0	715.0	311.4148986024544	6.595698057133472	-7.9368100644629935	-0.927937205650934
-999.0	690.0	312.8399988215883	5.814592432828598	-7.442215129181209	-0.5611219595381935
-999.0	665.0	314.2366441784919	5.176551013265127	-6.851739581904303	-0.2651353158160238
-999.0	640.0	315.6841983773297	4.579301506464864	-6.389723887460105	-0.023800183122078655
-999.0	615.0	317.2005645492523	4.025239486385274	-6.138044072108141	0.151364007872755
-999.0	590.0	318.89226113596976	3.518570993049646	-6.081373620548369	0.272413803448475
-999.0	565.0	320.78137223516217	3.0526938955357035	-6.24526764636423	0.3325206435826042
-999.0	540.0	322.7526756192266	2.6087227112349156	-6.502788021608646	0.3588863705043589
-999.0	515.0	324.7574182677659	2.174027834225581	-6.805314616564632	0.34146509512277334
-999.0	490.0	326.79029037939705	1.7831199496616537	-6.986203797644508	0.23837030393843112
-999.0	465.0	328.82122337496975	1.4364365521404454	-6.982109616568081	0.04279646083115606
-999.0	440.0	330.86071720895086	1.1446292530055375	-6.848422188711385	-0.1488205227127003
-999.0	415.0	332.88295666976757	0.9087077695646382	-6.569067051933154	-0.264578690056771
-999.0	390.0	334.9066015915772	0.7264948482452697	-6.095992582217795	-0.17348526220806698
-999.0	365.0	336.87965493485746	0.5919138500581899	-5.400344274570187	0.15945534956537102
-999.0	340.0	338.71290219370906	0.48414460360359846	-4.532560999309764	0.5932449916446559
-999.0	315.0	340.36601728121923	0.39950514791740227	-3.5839041233246713	1.0454021576205546
-999.0	290.0	341.9647119684708	0.30635608452153756	-2.7941967137387853	1.4347715726996046
-999.0	265.0	343.592425185581	0.21658257234059733	-2.234981615786197	1.7541912464815863
-999.0	240.0	345.2371853472815	0.13987947493377664	-1.7320500656640456	2.0836077636613695
-999.0	215.0	346.79884368928435	0.08164035178215055	-1.0592683446996034	2.373227966811371
-999.0	190.0	348.4269523721055	0.04435032245093662	-0.05743780998904197	2.3848751571811304
-999.0	165.0	350.6901652944618	0.021572193146660288	1.1340375161143403	1.9416982375651646
-999.0	140.0	355.1710561979691	0.00978389165916101	1.7310864859157207	1.311829811628957
-999.0	115.0	367.04000674428016	0.005710139300064823	2.055170526613059	0.8862342040146526
-999.0	90.0	394.14945244210077	0.005069008226402943	3.985883097014857	0.47942435550561285
-999.0	65.0	442.77150539934956	0.003073853655448063	1.5360486990323652	0.21176877666701696
-999.0	40.0	532.1186038039975	0.013399817012135454	-8.286795773531933	-0.0365394985498673
-999.0	15.0	720.375371461572	0.06535211423940862	-16.573279766388893	0.029404705792769735
245.54166666666666	40	1005.9097295690466	day	levels	pres0
-999.0	990.0	299.3379809076983	16.46232809843838	-2.5035865685592285	-0.7809100324003567
-999.0	965.0	300.70488884853046	15.401027008339216	-4.244971586460301	-1.3661311967298448
-999.0	940.0	301.91733029486846	14.837890457223983	-5.392483460682369	-1.9259638081960038
-999.0	915.0	302.88279693751844	14.292823976940607	-6.138802544938143	-2.4374730873300896
-999.0	890.0	303.72610127446757	13.634426311210373	-6.6750164705293615	-2.8115925734379488
-999.0	865.0	304.5714799089292	12.801831978338742	-7.15381493171051	-2.9859304191475284
-999.0	840.0	305.4532033425297	11.85326564753496	-7.609194596608429	-2.9332760172309262
-999.0	815.0	306.40691700851085	10.825064888706901	-7.99836647289765	-2.6766187918406463
-999.0	790.0	307.4832528255338	9.716038302138992	-8.272823150511078	-2.270566296108295
-999.0	765.0	308.71716775342907	8.562893576092192	-8.38832388983826	-1.7849720287722692
-999.0	740.0	310.0660625879595	7.50418536530601	-8.245699569030984	-1.3152718401893073
-999.0	715.0	311.48705904142986	6.599310217080299	-7.874999651202397	-0.9020132280334027
-999.0	690.0	312.9099042904582	5.816829093076571	-7.395722293191446	-0.5440113017059436
-999.0	665.0	314.302778385691	5.17582717979396	-6.821309774010248	-0.25722173425471956
-999.0	640.0	315.74721066316454	4.577133704666737	-6.37064120835727	-0.026411932582661765
-999.0	615.0	317.26209300527904	4.023480062683426	-6.123433980676856	0.13697854063851625
-999.0	590.0	318.9556322169823	3.5182706023807913	-6.066585171415843	0.24902367050309016
-999.0	565.0	320.8502517832697	3.054444378172914	-6.2253106081927125	0.30436827877051253
-999.0	540.0	322.82500208500585	2.611946309054344	-6.474830879105445	0.3288566892345519
-999.0	515.0	324.8292760180714	2.1781513972414923	-6.767402967369091	0.3126866031282682
-999.0	490.0	326.85938862900196	1.7875082586650555	-6.940856183982526	0.21362009009827493
-999.0	465.0	328.8856213733849	1.4405994613965412	-6.933583919096839	0.025041933154191384
-999.0	440.0	330.92003671032705	1.1488916360669734	-6.800257041032761	-0.15771360647072122
-999.0	415.0	332.93730025781394	0.9133242793657229	-6.525273036763578	-0.2636662094198488
-999.0	390.0	334.95601713151166	0.7310471033884474	-6.061033161081056	-0.1648636594839411
-999.0	365.0	336.92452727573715	0.5960478866127946	-5.378470546531424	0.17175643647917976
-999.0	340.0	338.75471553738095	0.4871068500258327	-4.524869971667155	0.603761869172264
-999.0	315.0	340.40615979819364	0.400793632906345	-3.588415602291062	1.0492930822074513
-999.0	290.0	342.0024426193874	0.3066678131344141	-2.8038910649440885	1.4321647967487927
-999.0	265.0	343.6251682824493	0.21643586091145303	-2.2415787842538633	1.7471235349636431
-999.0	240.0	345.2604374392712	0.1396273716042437	-1.7316371296980893	2.072383142266146
-999.0	215.0	346.80854973501636	0.08147759473434185	-1.0547563037662657	2.358628129379612
-999.0	190.0	348.4255383845757	0.04428150879081194	-0.06092730233516722	2.373101087632
-999.0	165.0	350.68674131728983	0.021552804564298304	1.1127410600375442	1.9365226014396557
-999.0	140.0	355.1781088194746	0.009774345037941315	1.704713993188382	1.3051198732487346
-999.0	115.0	367.0529927035378	0.00569565423885015	2.0463093777221766	0.8736932118664712
-999.0	90.0	394.1265648006087	0.0050425585229984336	3.9950870309991178	0.4706548611046986
-999.0	65.0	442.70215649155193	0.0030840778964813216	1.5652125901025569	0.21143294856192904
-999.0	40.0	532.0853895442208	0.013378107178680296	-8.259869323974378	-0.04687668978997002
-999.0	15.0	720.4042052836915	0.06542622066896267	-16.541024332797054	0.008465298485959276
245.55555555555554	40	1005.8590055866006	day	levels	pres0
-999.0	990.0	299.4770623232006	16.42563736291583	-2.5078075199422325	-0.7841462267097075
-999.0	965.0	300.78003232094557	15.407051251258377	-4.191755659763301	-1.3461163591041732
-999.0	940.0	301.9590083473391	14.868769686899046	-5.305495893329798	-1.8834772648198077
-999.0	915.0	302.9222705460078	14.338729602319194	-6.039239118496638	-2.3786094547652152
-999.0	890.0	303.77263730767373	13.683264797116477	-6.574250673070433	-2.7429382644571145
-999.0	865.0	304.62641318146837	12.839362379945339	-7.058519429630773	-2.9134679362638223
-999.0	840.0	305.51338060026745	11.87788513560353	-7.517460171823219	-2.8615395781803015
-999.0	815.0	306.46998535762975	10.842119337599948	-7.906440202100849	-2.610573135224436
-999.0	790.0	307.5502193748489	9.727423357374873	-8.181984752048756	-2.2140387438330063
-999.0	765.0	308.7879777667938	8.569429362261737	-8.302382588386607	-1.7398083880774005
-999.0	740.0	310.13894376377226	7.507943166626823	-8.169976165265274	-1.280520836811218
-999.0	715.0	311.559219480405	6.602922377027109	-7.81318923794198	-0.8760892504159522
-999.0	690.0	312.9798097593279	5.819065753324528	-7.349229457201814	-0.5269006438737442
-999.0	665.0	314.3689125928902	5.175103346322787	-6.790879966116263	-0.24930815269343617
-999.0	640.0	315.81022294899935	4.574965902868609	-6.351558529254474	-0.02902368204323435
-999.0	615.0	317.32362146130555	4.021720638981569	-6.108823889245596	0.12259307340431946
-999.0	590.0	319.0190032979943	3.517970211711925	-6.051796722283341	0.22563353755777044
-999.0	565.0	320.9191313313772	3.056194860810108	-6.205353570021243	0.27621591395849665
-999.0	540.0	322.8973285507852	2.6151699068737555	-6.446873736602312	0.29882700796482553
-999.0	515.0	324.90113376837695	2.1822749602573817	-6.729491318173647	0.2839081111338406
-999.0	490.0	326.9284868786067	1.791896567668436	-6.8955085703206676	0.18886987625818596
-999.0	465.0	328.9500193717997	1.4447623706526158	-6.8850582216257346	0.00728740547727446
-999.0	440.0	330.97935621170313	1.1531540191283873	-6.752091893354292	-0.16660669022871702
-999.0	415.0	332.99164384586015	0.9179407891667869	-6.481479021594152	-0.26275372878292425
-999.0	390.0	335.0054326714459	0.7355993585316082	-6.026073739944448	-0.15624205675983377
-999.0	365.0	336.9693996166167	0.6001819231673861	-5.356596818492754	0.18405752339295434
-999.0	340.0	338.7965288810526	0.49006909644805874	-4.517178944024597	0.6142787466998327
-999.0	315.0	340.44630231516817	0.40208211789528425	-3.5929270812574696	1.0531840067943135
-999.0	290.0	342.040173270304	0.3069795417472902	-2.813585416149386	1.4295580207979586
-999.0	265.0	343.6579113793176	0.21628914948230907	-2.248175952721518	1.7400558234456909
-999.0	240.0	345.2836895312608	0.1393752682747113	-1.7312241937321233	2.0611585208709293
-999.0	215.0	346.8182557807485	0.08131483768653366	-1.0502442628329152	2.3440282919478745
-999.0	190.0	348.42412439704606	0.044212695130687506	-0.06441679468124546	2.3613270180828887
-999.0	165.0	350.6833173401181	0.021533415981936345	1.091444603960841	1.9313469653141506
-999.0	140.0	355.1851614409798	0.009764798416721598	1.6783415004611166	1.2984099348685145
-999.0	115.0	367.06597866279566	0.005681169177635501	2.0374482288312747	0.8611522197183085
-999.0	90.0	394.10367715911684	0.005016108819594005	4.004290964983299	0.46188536670381897
-999.0	65.0	442.63280758375487	0.003094302137514543	1.5943764811726364	0.21109712045686052
-999.0	40.0	532.052175284444	0.013356397345225215	-8.232942874416917	-0.05721388103001929
-999.0	15.0	720.433039105811	0.06550032709851668	-16.50876889920532	-0.012474108820781107
245.56944444444446	40	1005.8082816041544	day	levels	pres0
-999.0	990.0	299.6161437387033	16.38894662739315	-2.512028471325295	-0.7873824210190741
-999.0	965.0	300.8551757933606	15.413075494177546	-4.13853973306621	-1.3261015214784702
-999.0	940.0	302.00068639980964	14.899648916574197	-5.218508325977041	-1.8409907214435273
-999.0	915.0	302.9617441544973	14.384635227697894	-5.939675692054898	-2.3197458222002174
-999.0	890.0	303.81917334088024	13.732103283022685	-6.473484875611248	-2.674283955476125
-999.0	865.0	304.6813464540076	12.876892781551987	-6.963223927550778	-2.8410054533799403
-999.0	840.0	305.57355785800536	11.902504623672117	-7.425725747037747	-2.7898031391294915
-999.0	815.0	306.53305370674883	10.859173786492999	-7.814513931303776	-2.544527478608038
-999.0	790.0	307.6171859241642	9.73880841261075	-8.091146353586145	-2.157511191557546
-999.0	765.0	308.85878778015876	8.575965148431285	-8.216441286934675	-1.6946447473823867
-999.0	740.0	310.21182493958537	7.511700967947644	-8.09425276149932	-1.2457698334330127
-999.0	715.0	311.63137991938027	6.606534536973933	-7.751378824681364	-0.8501652727984148
-999.0	690.0	313.0497152281976	5.821302413572502	-7.302736621212043	-0.5097899860414863
-999.0	665.0	314.43504680008937	5.174379512851622	-6.760450158222206	-0.24139457113212137
-999.0	640.0	315.87323523483434	4.572798101070489	-6.332475850151637	-0.03163543150380596
-999.0	615.0	317.38514991733234	4.019961215279723	-6.09421379781431	0.1082076061700907
-999.0	590.0	319.08237437900675	3.5176698210430786	-6.037008273150809	0.20224340461239254
-999.0	565.0	320.98801087948465	3.057945343447327	-6.185396531849716	0.24806354914640685
-999.0	540.0	322.96965501656456	2.6183935046931928	-6.418916594099092	0.268797326695016
-999.0	515.0	324.97299151868236	2.186398523273299	-6.69157966897808	0.255129619139329
-999.0	490.0	326.99758512821165	1.7962848766718458	-6.8501609566586605	0.1641196624180229
-999.0	465.0	329.01441737021474	1.4489252799087171	-6.8365325241544666	-0.010467122199693368
-999.0	440.0	331.03867571307944	1.1574164021898259	-6.703926745675644	-0.1754997739867339
-999.0	415.0	333.0459874339065	0.9225572989678724	-6.4376850064245605	-0.2618412481459886
-999.0	390.0	335.0548482113802	0.7401516136747859	-5.991114318807703	-0.1476204540356902
-999.0	365.0	337.01427195749625	0.6043159597219906	-5.3347230904539975	0.19635861030677731
-999.0	340.0	338.83834222472433	0.4930313428702934	-4.5094879163820005	0.6247956242274484
-999.0	315.0	340.48644483214264	0.4033706028842273	-3.597438560223878	1.0570749313812091
-999.0	290.0	342.07790392122075	0.307291270360167	-2.823279767354706	1.4269512448471384
-999.0	265.0	343.69065447618584	0.21614243805316496	-2.254773121189195	1.7329881119277344
-999.0	240.0	345.30694162325057	0.13912316494517846	-1.730811257766173	2.0499338994756915
-999.0	215.0	346.8279618264804	0.08115208063872498	-1.0457322218995801	2.329428454516101
-999.0	190.0	348.42271040951624	0.04414388147056279	-0.06790628702737124	2.3495529485337414
-999.0	165.0	350.6798933629463	0.02151402739957433	1.0701481478840482	1.926171329188623
-999.0	140.0	355.1922140624851	0.009755251795501895	1.6519690077337805	1.2916999964882758
-999.0	115.0	367.0789646220536	0.005666684116420823	2.0285870799403884	0.8486112275701148
-999.0	90.0	394.0807895176246	0.004989659116189494	4.013494898967549	0.4531158723028991
-999.0	65.0	442.5634586759571	0.0031045263785478066	1.6235403722428328	0.2107612923517747
-999.0	40.0	532.0189610246674	0.013334687511770065	-8.206016424859353	-0.06755107227013062
-999.0	15.0	720.4618729279305	0.06557443352807092	-16.47651346561346	-0.03341351612760789
245.58333333333334	40	1005.7575576217088	day	levels	pres0
-999.0	990.0	299.7552251542057	16.352255891870595	-2.5162494227083005	-0.7906186153284279
-999.0	965.0	300.9303192657755	15.41909973709671	-4.085323806369207	-1.3060866838528027
-999.0	940.0	302.04236445228025	14.930528146249252	-5.131520758624467	-1.7985041780673356
-999.0	915.0	303.0012177629869	14.43054085307648	-5.840112265613394	-2.260882189635348
-999.0	890.0	303.86570937408635	13.780941768928782	-6.372719078152319	-2.6056296464952933
-999.0	865.0	304.7362797265467	12.914423183158588	-6.867928425471034	-2.768542970496236
-999.0	840.0	305.633735115743	11.927124111740687	-7.333991322252533	-2.7180667000788707
-999.0	815.0	306.5961220558677	10.876228235386051	-7.722587660506972	-2.4784818219918314
-999.0	790.0	307.68415247347934	9.750193467846636	-8.00030795512382	-2.1009836392822603
-999.0	765.0	308.92959779352356	8.582500934600832	-8.130499985483018	-1.6494811066875217
-999.0	740.0	310.28470611539814	7.515458769268456	-8.01852935773361	-1.211018830054926
-999.0	715.0	311.70354035835544	6.610146696920744	-7.689568411420946	-0.8242412951809662
-999.0	690.0	313.1196206970672	5.823539073820461	-7.256243785222413	-0.49267932820928867
-999.0	665.0	314.5011810072885	5.173655679380451	-6.730020350328227	-0.2334809895708386
-999.0	640.0	315.9362475206691	4.57063029927236	-6.313393171048842	-0.034247180964379474
-999.0	615.0	317.44667837335885	4.0182017915778685	-6.079603706383057	0.09382213893589225
-999.0	590.0	319.14574546001893	3.5173694303742122	-6.022219824018317	0.17885327166707043
-999.0	565.0	321.05689042759207	3.0596958260845195	-6.165439493678253	0.2199111843343883
-999.0	540.0	323.0419814823438	2.6216171025126016	-6.390959451595969	0.23876764542528717
-999.0	515.0	325.0448492689878	2.1905220862891874	-6.653668019782645	0.2263511271449012
-999.0	490.0	327.0666833778163	1.8006731856752263	-6.80481334299681	0.1393694485779353
-999.0	465.0	329.0788153686296	1.453088189164791	-6.78800682668337	-0.028221649876607448
-999.0	440.0	331.0979952144556	1.1616787852512398	-6.655761597997176	-0.1843928577447258
-999.0	415.0	333.10033102195274	0.9271738087689372	-6.393890991255137	-0.26092876750905997
-999.0	390.0	335.10426375131453	0.7447038688179465	-5.9561548976711	-0.1389988513115776
-999.0	365.0	337.05914429837594	0.6084499962765824	-5.312849362415327	0.208659697220559
-999.0	340.0	338.880155568396	0.49599358929251974	-4.501796888739443	0.6353125017550247
-999.0	315.0	340.5265873491171	0.40465908787316707	-3.6019500391902834	1.0609658559680784
-999.0	290.0	342.1156345721373	0.3076029989730431	-2.8329741185600033	1.4243444688963105
-999.0	265.0	343.72339757305406	0.215995726624021	-2.2613702896568526	1.7259204004097901
-999.0	240.0	345.33019371524017	0.13887106161564602	-1.73039832180021	2.038709278080484
-999.0	215.0	346.83766787221265	0.08098932359091675	-1.0412201809662287	2.3148286170843706
-999.0	190.0	348.42129642198654	0.044075067810438365	-0.07139577937344319	2.337778878984632
-999.0	165.0	350.6764693857745	0.02149463881721238	1.0488516918073552	1.920995693063117
-999.0	140.0	355.1992666839904	0.009745705174282185	1.6255965150065206	1.284990058108058
-999.0	115.0	367.0919505813113	0.005652199055206171	2.0197259310494853	0.8360702354219569
-999.0	90.0	394.05790187613263	0.004963209412785064	4.022698832951728	0.44434637790202147
-999.0	65.0	442.4941097681599	0.0031147506195810287	1.65270426331291	0.21042546424670724
-999.0	40.0	531.9857467648907	0.013312977678314982	-8.179089975301894	-0.07788826351018284
-999.0	15.0	720.4907067500503	0.06564853995762493	-16.44425803202173	-0.054352923434351844
245.59722222222223	40	1005.7068336392626	day	levels	pres0
-999.0	990.0	299.8943065697083	16.315565156347944	-2.5204703740913597	-0.7938548096378043
-999.0	965.0	301.0054627381907	15.425123980015886	-4.032107879672133	-1.2860718462271206
-999.0	940.0	302.0840425047509	14.96140737592439	-5.044533191271736	-1.7560176346910816
-999.0	915.0	303.0406913714764	14.47644647845517	-5.7405488391716855	-2.202018557070377
-999.0	890.0	303.91224540729263	13.829780254834983	-6.271953280693176	-2.5369753375143307
-999.0	865.0	304.7912129990859	12.95195358476522	-6.772632923391088	-2.6960804876123783
-999.0	840.0	305.6939123734809	11.951743599809259	-7.242256897467111	-2.6463302610280808
-999.0	815.0	306.65919040498665	10.893282684279082	-7.63066138970995	-2.412436165375448
-999.0	790.0	307.7511190227947	9.7615785230825	-7.909469556661258	-2.0444560870068083
-999.0	765.0	309.00040780688835	8.58903672077038	-8.04455868403113	-1.6043174659925115
-999.0	740.0	310.35758729121113	7.519216570589277	-7.942805953967686	-1.1762678266767228
-999.0	715.0	311.7757007973307	6.613758856867569	-7.627757998160348	-0.7983173175634329
-999.0	690.0	313.189526165937	5.8257757340684355	-7.2097509492326495	-0.4755686703770371
-999.0	665.0	314.5673152144877	5.172931845909284	-6.699590542434164	-0.2255674080095334
-999.0	640.0	315.99925980650414	4.568462497474234	-6.2943104919460025	-0.03685893042496168
-999.0	615.0	317.50820682938553	4.016442367876016	-6.064993614951766	0.07943667170165525
-999.0	590.0	319.20911654103116	3.5170690397053597	-6.007431374885782	0.15546313872168807
-999.0	565.0	321.1257699756997	3.0614463087217314	-6.14548245550673	0.1917588195222994
-999.0	540.0	323.1143079481232	2.624840700332031	-6.363002309092757	0.2087379641554824
-999.0	515.0	325.1167070192933	2.194645649305098	-6.615756370587096	0.1975726351503965
-999.0	490.0	327.1357816274212	1.8050614946786292	-6.75946572933482	0.11461923473777787
-999.0	465.0	329.1432133670448	1.4572510984208864	-6.7394811292121215	-0.045976177553574964
-999.0	440.0	331.1573147158317	1.1659411683126755	-6.607596450318549	-0.19328594150275052
-999.0	415.0	333.15467460999906	0.9317903185700216	-6.350096976085558	-0.26001628687214207
-999.0	390.0	335.1536792912489	0.749256123961124	-5.921195476534356	-0.13037724858745706
-999.0	365.0	337.1040166392556	0.6125840328311865	-5.290975634376565	0.22096078413436077
-999.0	340.0	338.9219689120679	0.4989558357147538	-4.494105861096833	0.645829379282625
-999.0	315.0	340.5667298660916	0.40594757286210925	-3.606461518156674	1.0648567805549678
-999.0	290.0	342.1533652230539	0.3079147275859195	-2.8426684697653064	1.4217376929454912
-999.0	265.0	343.75614066992233	0.2158490151948768	-2.267967458124516	1.7188526888918387
-999.0	240.0	345.3534458072297	0.13861895828611318	-1.7299853858342504	2.0274846566852514
-999.0	215.0	346.8473739179446	0.08082656654310806	-1.0367081400328915	2.3002287796526035
-999.0	190.0	348.41988243445684	0.044006254150313694	-0.07488527171957479	2.3260048094354997
-999.0	165.0	350.6730454086026	0.021475250234850387	1.0275552357305489	1.9158200569376094
-999.0	140.0	355.2063193054957	0.009736158553062488	1.5992240222791758	1.278280119727834
-999.0	115.0	367.104936540569	0.005637713993991503	2.0108647821586048	0.8235292432737712
-999.0	90.0	394.0350142346406	0.004936759709380555	4.031902766935992	0.43557688350110546
-999.0	65.0	442.4247608603625	0.0031249748606142855	1.6818681543831049	0.21008963614161816
-999.0	40.0	531.9525325051139	0.013291267844859823	-8.152163525744342	-0.0882254547502826
-999.0	15.0	720.51954057217	0.06572264638717898	-16.412002598429886	-0.07529233074115871
245.61111111111111	40	1005.6561096568167	day	levels	pres0
-999.0	990.0	300.03338798521054	16.278874420825385	-2.524691325474365	-0.7970910039471554
-999.0	965.0	301.0806062106056	15.431148222935047	-3.9788919529751343	-1.2660570086014495
-999.0	940.0	302.1257205572216	14.99228660559946	-4.957545623919165	-1.7135310913148853
-999.0	915.0	303.0801649799658	14.522352103833759	-5.640985412730185	-2.1431549245055037
-999.0	890.0	303.95878144049897	13.878618740741087	-6.171187483234249	-2.468321028533495
-999.0	865.0	304.846146271625	12.989483986371823	-6.677337421311351	-2.6236180047286703
-999.0	840.0	305.7540896312187	11.976363087877829	-7.150522472681903	-2.5745938219774565
-999.0	815.0	306.7222587541058	10.910337133172131	-7.53873511891315	-2.3463905087592383
-999.0	790.0	307.81808557210985	9.77296357831838	-7.818631158198936	-1.9879285347315196
-999.0	765.0	309.07121782025314	8.595572506939927	-7.958617382579475	-1.5591538252976427
-999.0	740.0	310.430468467024	7.522974371910088	-7.867082550201975	-1.141516823298633
-999.0	715.0	311.84786123630585	6.617371016814376	-7.565947584899929	-0.7723933399459817
-999.0	690.0	313.2594316348066	5.828012394316395	-7.1632581132430175	-0.4584580125448377
-999.0	665.0	314.6334494216869	5.1722080124381105	-6.669160734540182	-0.21765382644824965
-999.0	640.0	316.0622720923389	4.566294695676107	-6.275227812843204	-0.0394706798855343
-999.0	615.0	317.5697352854122	4.014682944174162	-6.050383523520504	0.06505120446745834
-999.0	590.0	319.2724876220433	3.516768649036494	-5.992642925753281	0.1320730057763682
-999.0	565.0	321.194649523807	3.063196791358925	-6.12552541733526	0.16360645471028368
-999.0	540.0	323.1866344139023	2.628064298151441	-6.335045166589625	0.1787082828857559
-999.0	515.0	325.18856476959866	2.1987692123209874	-6.577844721391656	0.168794143155969
-999.0	490.0	327.2048798770259	1.8094498036820097	-6.714118115672962	0.08986902089768886
-999.0	465.0	329.2076113654596	1.4614140076769608	-6.6909554317410205	-0.06373070523049196
-999.0	440.0	331.2166342172079	1.1702035513740896	-6.559431302640075	-0.2021790252607463
-999.0	415.0	333.2090181980454	0.9364068283710861	-6.3063029609161285	-0.25910380623521734
-999.0	390.0	335.2030948311831	0.7538083791042847	-5.88623605539775	-0.12175564586334968
-999.0	365.0	337.14888898013515	0.6167180693857777	-5.2691019063378945	0.23326187104813548
-999.0	340.0	338.9637822557395	0.5019180821369796	-4.486414833454275	0.6563462568101937
-999.0	315.0	340.60687238306605	0.40723605785104877	-3.6109729971230826	1.0687477051418302
-999.0	290.0	342.1910958739705	0.3082264561987955	-2.8523628209706042	1.4191309169946562
-999.0	265.0	343.7888837667905	0.21570230376573266	-2.2745646265921704	1.7117849773738862
-999.0	240.0	345.3766978992195	0.13836685495658077	-1.729572449868285	2.016260035290035
-999.0	215.0	346.85707996367654	0.08066380949529992	-1.032196099099541	2.2856289422208667
-999.0	190.0	348.41846844692714	0.043937440490189265	-0.07837476406565316	2.3142307398863884
-999.0	165.0	350.6696214314309	0.02145586165248843	1.0062587796538462	1.9106444208121038
-999.0	140.0	355.21337192700094	0.009726611931842773	1.5728515295519103	1.2715701813476135
-999.0	115.0	367.11792249982693	0.00562322893277685	2.002003633267703	0.8109882511256088
-999.0	90.0	394.0121265931486	0.0049103100059761234	4.041106700920172	0.42680738910022537
-999.0	65.0	442.35541195256525	0.003135199101647507	1.7110320454531838	0.20975380803654958
-999.0	40.0	531.9193182453371	0.01326955801140474	-8.12523707618688	-0.09856264599033186
-999.0	15.0	720.5483743942896	0.065796752816733	-16.37974716483815	-0.09623173804789911
245.625	40	1005.6053856743706	day	levels	pres0
-999.0	990.0	300.17246940071317	16.24218368530273	-2.528912276857429	-0.8003271982565314
-999.0	965.0	301.1557496830207	15.437172465854223	-3.9256760262780728	-1.2460421709757714
-999.0	940.0	302.16739860969227	15.023165835274591	-4.87055805656645	-1.6710445479386382
-999.0	915.0	303.11963858845536	14.568257729212439	-5.541421986288494	-2.0842912919405423
-999.0	890.0	304.00531747370513	13.92745722664727	-6.070421685775121	-2.3996667195525427
-999.0	865.0	304.90107954416413	13.027014387978449	-6.582041919231414	-2.5511555218448234
-999.0	840.0	305.8142668889566	12.000982575946383	-7.05878804789649	-2.502857382926676
-999.0	815.0	306.7853271032248	10.927391582065159	-7.446808848116134	-2.2803448521428638
-999.0	790.0	307.8850521214252	9.784348633554247	-7.727792759736379	-1.931400982456075
-999.0	765.0	309.14202783361804	8.60210829310947	-7.872676081127592	-1.5139901846026378
-999.0	740.0	310.50334964283707	7.526732173230912	-7.791359146436053	-1.106765819920434
-999.0	715.0	311.92002167528113	6.620983176761202	-7.5041371716393375	-0.7464693623284501
-999.0	690.0	313.3293371036764	5.830249054564371	-7.116765277253256	-0.4413473547125857
-999.0	665.0	314.69958362888605	5.171484178966946	-6.638730926646127	-0.2097402448869413
-999.0	640.0	316.1252843781737	4.564126893877985	-6.256145133740372	-0.042082429346111026
-999.0	615.0	317.63126374143883	4.012923520472314	-6.035773432089223	0.05066573723322818
-999.0	590.0	319.33585870305575	3.5164682583676443	-5.9778544766207515	0.1086828728309936
-999.0	565.0	321.26352907191455	3.0649472739961405	-6.10556837916374	0.13545408989820212
-999.0	540.0	323.2589608796817	2.6312878959708748	-6.307088024086422	0.1486786016159587
-999.0	515.0	325.26042251990407	2.202892775336901	-6.539933072196112	0.140015651161472
-999.0	490.0	327.2739781266308	1.8138381126854155	-6.668770502010982	0.06511880705753961
-999.0	465.0	329.2720093638746	1.4655769169330597	-6.6424297342697765	-0.08148523290745086
-999.0	440.0	331.27595371858416	1.1744659344355264	-6.511266154961452	-0.21107210901876292
-999.0	415.0	333.2633617860916	0.9410233381721708	-6.2625089457465535	-0.2581913255982929
-999.0	390.0	335.25251037111747	0.7583606342474618	-5.851276634261011	-0.11313404313922443
-999.0	365.0	337.19376132101473	0.6208521059403816	-5.247228178299137	0.24556295796194005
-999.0	340.0	339.00559559941144	0.5048803285592132	-4.47872380581167	0.6668631343377959
-999.0	315.0	340.6470149000406	0.40852454283999085	-3.6154844760894775	1.072638629728721
-999.0	290.0	342.22882652488727	0.30853818481167156	-2.8620571721759105	1.4165241410438383
-999.0	265.0	343.82162686365876	0.2155555923365884	-2.28116179505984	1.7047172658559349
-999.0	240.0	345.3999499912091	0.13811475162704787	-1.7291595139023337	2.0050354138948023
-999.0	215.0	346.8667860094087	0.08050105244749121	-1.0276840581662126	2.2710291047890983
-999.0	190.0	348.41705445939743	0.043868626830064573	-0.08186425641179068	2.3024566703372518
-999.0	165.0	350.6661974542591	0.021436473070126447	0.9849623235770397	1.905468784686592
-999.0	140.0	355.22042454850634	0.00971706531062308	1.5464790368245707	1.26486024296739
-999.0	115.0	367.13090845908465	0.005608743871562183	1.9931424843768282	0.7984472589774263
-999.0	90.0	393.98923895165643	0.00488386030257162	4.050310634904437	0.41803789469930885
-999.0	65.0	442.2860630447676	0.003145423342680766	1.7401959365233775	0.2094179799314588
-999.0	40.0	531.8861039855605	0.013247848177949585	-8.098310626629328	-0.10889983723043568
-999.0	15.0	720.577208216409	0.06587085924628706	-16.34749173124631	-0.11717114535470805
245.63888888888889	40	1005.1805011137029	day	levels	pres0
-999.0	990.0	300.3115996525082	16.18133201422508	-2.533599728695432	-0.8037949299416911
-999.0	965.0	301.23091256679703	15.43571256708216	-3.872943550716192	-1.2260627673685907
-999.0	940.0	302.209050968998	15.051854345533611	-4.7839620087617165	-1.6285723881151941
-999.0	915.0	303.159115674949	14.613699689323557	-5.441997444188081	-2.025587313498026
-999.0	890.0	304.0518538964273	13.976687039858062	-5.969501469606152	-2.331303998086999
-999.0	865.0	304.95604874871555	13.064446199087456	-6.486460749749703	-2.47905247433847
-999.0	840.0	305.87448345008806	12.024251393329935	-6.966642895598388	-2.4314715990747175
-999.0	815.0	306.84845416962276	10.94164161328914	-7.354410363568111	-2.2145888751119056
-999.0	790.0	307.95205161670384	9.792235654077398	-7.6365058466239235	-1.8750865585572434
-999.0	765.0	309.2128714020866	8.605134257563831	-7.7863313938363605	-1.4689281157642748
-999.0	740.0	310.5762308186501	7.527446088967503	-7.7152638347059685	-1.0719668125664263
-999.0	715.0	311.99218190692665	6.622458407172459	-7.441960384816222	-0.7203466362221796
-999.0	690.0	313.39924278199516	5.830774812786675	-7.0699071288108275	-0.423921451662402
-999.0	665.0	314.7657221753017	5.169141009633928	-6.607939695548464	-0.20143005668103986
-999.0	640.0	316.18831442594444	4.560379476458939	-6.236736993638805	-0.04430470193655812
-999.0	615.0	317.6927989073979	4.009682700589854	-6.020909949033337	0.036563349827352605
-999.0	590.0	319.3992372311275	3.5147015180116887	-5.962862439545573	0.0854947458733992
-999.0	565.0	321.33241604889895	3.065356109981193	-6.0854343576931464	0.1074381995440008
-999.0	540.0	323.33131317947067	2.633453149302518	-6.278942842542359	0.11877486079836505
-999.0	515.0	325.332287670678	2.206393222014121	-6.50178927735042	0.1114105989144451
-999.0	490.0	327.3430886175014	1.817861835437804	-6.623171188213155	0.04055901828369094
-999.0	465.0	329.33645319708046	1.4695103906187128	-6.593660759842997	-0.09906428272803038
-999.0	440.0	331.33530013432664	1.178624516697956	-6.462881887768457	-0.2198124796060214
-999.0	415.0	333.3177248707903	0.9457068891253098	-6.218529949263593	-0.2571606773015025
-999.0	390.0	335.30191327627415	0.7631039085487602	-5.816167834295295	-0.1044253202609337
-999.0	365.0	337.2386215394123	0.6252088170084745	-5.225244422385682	0.25792422081218414
-999.0	340.0	339.0474007386574	0.5080146721483781	-4.470951688654102	0.677436916077131
-999.0	315.0	340.6871576135485	0.40985102593944855	-3.619931388876315	1.076601902609357
-999.0	290.0	342.2665397357034	0.3088424550944272	-2.871701945447263	1.4139962305809304
-999.0	265.0	343.85441077523063	0.21539592254263	-2.2877205957049265	1.697738155308696
-999.0	240.0	345.42326701043226	0.13784593302342607	-1.7286994279718764	1.993914267462151
-999.0	215.0	346.8765255187211	0.08033044520121645	-1.0231184498349581	2.256553590119468
-999.0	190.0	348.41561594791494	0.04379948329203463	-0.08532189538153503	2.2908292396890784
-999.0	165.0	350.6626855312536	0.021415200604723725	0.9636561032614095	1.900438612901868
-999.0	140.0	355.2274339743464	0.009706034087920918	1.5201026074139559	1.2582894057311393
-999.0	115.0	367.14390000982644	0.005592303816229098	1.984283958504244	0.7859294116267006
-999.0	90.0	393.966332662863	0.004856968932371142	4.059514854241341	0.4092697650998845
-999.0	65.0	442.21674149118866	0.0031559219933115085	1.7693600139127015	0.2090820963839303
-999.0	40.0	531.8528587738504	0.013227302960499539	-8.071382238817026	-0.11923691102041475
-999.0	15.0	720.6060720573113	0.0659559632846971	-16.31523633444746	-0.1381107075140161
245.65277777777777	40	1004.7556165530361	day	levels	pres0
-999.0	990.0	300.4507299043029	16.120480343147587	-2.5382871805333753	-0.8072626616268251
-999.0	965.0	301.3060754505731	15.434252668310096	-3.820211075154371	-1.2060833637614186
-999.0	940.0	302.25070332830353	15.080542855792563	-4.697365960957126	-1.5861002282918009
-999.0	915.0	303.1985927614426	14.659141649434575	-5.342572902087853	-1.966883335055596
-999.0	890.0	304.09839031914925	14.025916853068765	-5.868581253437389	-2.2629412766215693
-999.0	865.0	305.0110179532668	13.101878010196437	-6.390879580268194	-2.4069494268322553
-999.0	840.0	305.93470001121955	12.047520210713506	-6.87449774330049	-2.360085815222915
-999.0	815.0	306.9115812360205	10.955891644513159	-7.262011879020309	-2.148832898081111
-999.0	790.0	308.0190511119822	9.800122674600573	-7.545218933511702	-1.8187721346585695
-999.0	765.0	309.283714970555	8.608160222018208	-7.699986706545363	-1.4238660469260476
-999.0	740.0	310.64911199446294	7.528160004704085	-7.639168522976096	-1.037167805212529
-999.0	715.0	312.06434213857193	6.623933637583697	-7.379783597993288	-0.6942239101159914
-999.0	690.0	313.4691484603137	5.831300571008964	-7.023048980368526	-0.4064955486122719
-999.0	665.0	314.8318607217171	5.166797840300903	-6.577148464450874	-0.19311986847516435
-999.0	640.0	316.2513444737148	4.556632059039894	-6.217328853537275	-0.04652697452700238
-999.0	615.0	317.75433407335686	4.0064418807073885	-6.0060464659774775	0.02246096242150926
-999.0	590.0	319.46261575919914	3.51293477765572	-5.947870402470418	0.062306618915858994
-999.0	565.0	321.40130302588324	3.0657649459662255	-6.065300336222596	0.07942230918986454
-999.0	540.0	323.40366547925964	2.635618402634137	-6.2507976609983675	0.08887111998084164
-999.0	515.0	325.4041528214517	2.209893668691315	-6.463645482504824	0.08280554666748742
-999.0	490.0	327.41219910837196	1.821885558190167	-6.577571874415454	0.015999229509902048
-999.0	465.0	329.4008970302863	1.4734438643043397	-6.544891785416358	-0.11664333254856837
-999.0	440.0	331.394646550069	1.1827830989603623	-6.414497620575612	-0.22855285019325944
-999.0	415.0	333.3720879554889	0.9503904400784269	-6.174550952780783	-0.2561300290047125
-999.0	390.0	335.3513161814308	0.7678471828500405	-5.781059034329706	-0.095716597382661
-999.0	365.0	337.2834817578098	0.6295655280765539	-5.203260666472318	0.27028548366239774
-999.0	340.0	339.08920587790317	0.5111490157375351	-4.46317957149658	0.6880106978164319
-999.0	315.0	340.7273003270562	0.41117750903890377	-3.624378301663163	1.080565175489964
-999.0	290.0	342.3042529465198	0.30914672537718263	-2.8813467187186057	1.4114683201180063
-999.0	265.0	343.8871946868023	0.2152362527486718	-2.294279396349999	1.6907590447614556
-999.0	240.0	345.4465840296552	0.13757711441980475	-1.7282393420414057	1.9827931210295182
-999.0	215.0	346.88626502803345	0.08015983795494218	-1.0185528415036822	2.242078075449869
-999.0	190.0	348.4141774364325	0.04373033975400495	-0.0887795343512201	2.2792018090409276
-999.0	165.0	350.65917360824807	0.021393928139321058	0.9423498829458825	1.8954084411171515
-999.0	140.0	355.2344434001865	0.009695002865218733	1.493726178003413	1.2517185684948915
-999.0	115.0	367.15689156056817	0.005575863760896034	1.9754254326316334	0.7734115642759947
-999.0	90.0	393.9434263740696	0.004830077562170737	4.068719073578159	0.40050163550049767
-999.0	65.0	442.14741993760964	0.003166420643942218	1.798524091301911	0.20874621283642397
-999.0	40.0	531.8196135621403	0.013206757743049557	-8.044453851004821	-0.12957398481033935
-999.0	15.0	720.6349358982129	0.06604106732310701	-16.282980937648716	-0.15905026967325575
245.66666666666666	40	1004.330731992368	day	levels	pres0
-999.0	990.0	300.5898601560979	16.05962867206993	-2.542974632371374	-0.8107303933119872
-999.0	965.0	301.38123833434935	15.432792769538038	-3.7674785995924767	-1.186103960154239
-999.0	940.0	302.2923556876093	15.109231366051581	-4.610769913152373	-1.5436280684683548
-999.0	915.0	303.23806984793634	14.704583609545695	-5.24314835998742	-1.9081793566130743
-999.0	890.0	304.1449267418714	14.075146666279563	-5.7676610372684065	-2.1945785551560166
-999.0	865.0	305.0659871578182	13.139309821305455	-6.29529841078647	-2.334846379325895
-999.0	840.0	305.9949165723511	12.070789028097069	-6.782352591002377	-2.2887000313709494
-999.0	815.0	306.97470830241855	10.970141675737153	-7.169613394472275	-2.083076921050147
-999.0	790.0	308.08605060726074	9.808009695123733	-7.453932020399241	-1.7624577107597357
-999.0	765.0	309.35455853902357	8.611186186472573	-7.613642019254124	-1.3788039780876826
-999.0	740.0	310.72199317027605	7.528873920440677	-7.563073211246005	-1.0023687978585214
-999.0	715.0	312.1365023702172	6.625408867994951	-7.3176068111701715	-0.6681011840097216
-999.0	690.0	313.53905413863237	5.831826329231267	-6.976190831926095	-0.3890696455620904
-999.0	665.0	314.8979992681324	5.1644546709678805	-6.546357233353213	-0.18480968026926695
-999.0	640.0	316.3143745214855	4.552884641620846	-6.197920713435708	-0.048749247117455694
-999.0	615.0	317.81586923931593	4.003201060824924	-5.991182982921593	0.008358575015625085
-999.0	590.0	319.5259942872709	3.511168037299758	-5.9328783653952355	0.03911849195825461
-999.0	565.0	321.47019000286764	3.0661737819512727	-6.045166314752002	0.05140641883565296
-999.0	540.0	323.47601777904856	2.6377836559657752	-6.2226524794543066	0.05896737916323833
-999.0	515.0	325.4760179722254	2.2133941153685304	-6.425501687659133	0.0542004944204523
-999.0	490.0	327.48130959924254	1.8259092809425512	-6.531972560617624	-0.008560559263953542
-999.0	465.0	329.46534086349226	1.4773773379899906	-6.496122810989578	-0.13422238236915351
-999.0	440.0	331.45399296581144	1.1869416812227895	-6.366113353382615	-0.23729322078052206
-999.0	415.0	333.4264510401875	0.9550739910315652	-6.13057195629782	-0.2550993807079245
-999.0	390.0	335.4007190865875	0.7725904571513394	-5.7459502343639866	-0.08700787450436967
-999.0	365.0	337.32834197620735	0.6339222391446476	-5.1812769105588625	0.28264674651264565
-999.0	340.0	339.13101101714915	0.5142833593267007	-4.455407454339008	0.6985844795557726
-999.0	315.0	340.767443040564	0.41250399213836236	-3.628825214449996	1.0845284483706052
-999.0	290.0	342.34196615733606	0.30945099565993844	-2.8909914919899546	1.4089404096551044
-999.0	265.0	343.91997859837403	0.21507658295471344	-2.3008381969950826	1.6837799342142254
-999.0	240.0	345.4699010488782	0.13730829581618284	-1.7277792561109444	1.9716719745968774
-999.0	215.0	346.89600453734585	0.07998923070866736	-1.0139872331724182	2.2276025607802477
-999.0	190.0	348.41273892495025	0.043661196215975	-0.09223717332095202	2.2675743783927595
-999.0	165.0	350.6556616852427	0.02137265567391834	0.9210436626302622	1.8903782693324296
-999.0	140.0	355.2414528260266	0.009683971642516566	1.4673497485927982	1.245147731258642
-999.0	115.0	367.16988311130984	0.005559423705562944	1.9665669067590426	0.7608937169252694
-999.0	90.0	393.920520085276	0.0048031861919702505	4.077923292915058	0.3917335059010767
-999.0	65.0	442.07809838403045	0.003176919294572961	1.8276881686912316	0.2084103292888985
-999.0	40.0	531.7863683504302	0.013186212525599506	-8.017525463192522	-0.13991105860031738
-999.0	15.0	720.6637997391149	0.06612617136151701	-16.250725540849867	-0.17998983183256537
245.68055555555554	40	1003.905847431701	day	levels	pres0
-999.0	990.0	300.72899040789264	15.998777000992433	-2.547662084209317	-0.8141981249971209
-999.0	965.0	301.4564012181255	15.431332870765969	-3.714746124030655	-1.1661245565470668
-999.0	940.0	302.33400804691485	15.137919876310539	-4.524173865347782	-1.5011559086449608
-999.0	915.0	303.2775469344302	14.750025569656719	-5.143723817887191	-1.849475378170645
-999.0	890.0	304.1914631645935	14.124376479490273	-5.666740821099643	-2.1262158336905883
-999.0	865.0	305.1209563623694	13.176741632414437	-6.19971724130496	-2.2627433318196806
-999.0	840.0	306.0551331334825	12.094057845480641	-6.690207438704477	-2.217314247519146
-999.0	815.0	307.0378353688164	10.984391706961175	-7.077214909924473	-2.017320944019352
-999.0	790.0	308.1530501025393	9.815896715646913	-7.362645107287021	-1.706143286861061
-999.0	765.0	309.42540210749206	8.614212150926944	-7.527297331963127	-1.3337419092494556
-999.0	740.0	310.79487434608893	7.529587836177259	-7.486977899516133	-0.9675697905046242
-999.0	715.0	312.2086626018625	6.626884098406189	-7.255430024347236	-0.6419784579035329
-999.0	690.0	313.608959816951	5.832352087453557	-6.929332683483792	-0.37164374251196036
-999.0	665.0	314.9641378145478	5.162111501634855	-6.515566002255624	-0.17649949206339155
-999.0	640.0	316.37740456925604	4.549137224201802	-6.17851257333418	-0.050971519707899926
-999.0	615.0	317.87740440527483	3.9999602409424573	-5.976319499865732	-0.005743812390218123
-999.0	590.0	319.5893728153427	3.5094012969437887	-5.917886328320086	0.015930365000714257
-999.0	565.0	321.53907697985187	3.0665826179363043	-6.025032293281452	0.02339052848151678
-999.0	540.0	323.5483700788373	2.639948909297393	-6.194507297910312	0.02906363834571496
-999.0	515.0	325.5478831229992	2.2168945620457245	-6.387357892813538	0.025595442173494548
-999.0	490.0	327.55042009011305	1.8299330036949146	-6.486373246819926	-0.03312034803774232
-999.0	465.0	329.529784696698	1.481310811675618	-6.44735383656294	-0.1518014321896916
-999.0	440.0	331.5133393815538	1.191100263485196	-6.31772908618977	-0.24603359136776015
-999.0	415.0	333.4808141248859	0.9597575419846825	-6.0865929598150075	-0.25406873241113465
-999.0	390.0	335.450121991744	0.7773337314526199	-5.710841434398396	-0.07829915162609712
-999.0	365.0	337.37320219460486	0.638278950212727	-5.159293154645499	0.2950080093628594
-999.0	340.0	339.17281615639513	0.5174177029158575	-4.447635337181488	0.7091582612950732
-999.0	315.0	340.8075857540717	0.4138304752378174	-3.633272127236845	1.0884917212512126
-999.0	290.0	342.3796793681524	0.30975526594269387	-2.900636265261297	1.4064124991921798
-999.0	265.0	343.9527625099457	0.21491691316075526	-2.307396997640155	1.676800823666986
-999.0	240.0	345.49321806810127	0.13703947721256154	-1.7273191701804738	1.9605508281642443
-999.0	215.0	346.9057440466583	0.07981862346239312	-1.0094216248411425	2.213127046110648
-999.0	190.0	348.41130041346776	0.043592052677945296	-0.09569481229063721	2.2559469477446092
-999.0	165.0	350.65214976223734	0.021351383208515675	0.8997374423147347	1.8853480975477133
-999.0	140.0	355.2484622518666	0.00967294041981438	1.440973319182256	1.2385768940223938
-999.0	115.0	367.1828746620516	0.005542983650229881	1.9577083808864326	0.7483758695745639
-999.0	90.0	393.8976137964828	0.004776294821769844	4.087127512251875	0.38296537630169014
-999.0	65.0	442.0087768304514	0.003187417945203671	1.8568522460804417	0.20807444574139214
-999.0	40.0	531.7531231387201	0.013165667308149524	-7.9905970753803155	-0.15024813239024193
-999.0	15.0	720.6926635800168	0.0662112753999269	-16.21847014405112	-0.20092939399180498
