z[m]	p[mb]	tp[K]	q[g/kg]	u[m/s]	v[m/s]
244.0	40	1003.4658752441406	day	levels	pres0
-999.0	990.0	300.22566980620053	16.4932674407959	-2.3674710385501383	-0.14480780716985464
-999.0	965.0	301.47420054186006	15.818410778045653	-3.9342571496963497	-0.5965689435601235
-999.0	940.0	302.34580910931396	15.416846561431887	-4.845063030719758	-1.0344675593078136
-999.0	915.0	303.25907403690593	14.822377204895021	-5.544903016090394	-1.4635161012411115
-999.0	890.0	304.19606207990006	13.973777675628666	-6.119911074638367	-1.8163498133420948
-999.0	865.0	305.18199407144164	12.9286096572876	-6.582806038856506	-2.0224649012088776
-999.0	840.0	306.21180887535303	11.794778060913087	-6.976352047920228	-2.0649080306291583
-999.0	815.0	307.3046496800078	10.654058647155765	-7.300006020069123	-1.9677470982074736
-999.0	790.0	308.5100739200488	9.527228260040284	-7.52276337146759	-1.8166737735271452
-999.0	765.0	309.8336607493092	8.431722974777223	-7.601980599761009	-1.6975350260734556
-999.0	740.0	311.2352539567479	7.462631893157959	-7.478518204391004	-1.6557695984840395
-999.0	715.0	312.6711667165551	6.657669258117676	-7.1761057674884805	-1.6795730113983156
-999.0	690.0	314.0601544728333	5.971341121196747	-6.791429144144058	-1.696779301762581
-999.0	665.0	315.35843598557	5.430751490592956	-6.3342369318008425	-1.683331006765366
-999.0	640.0	316.69833086119394	4.887651038169861	-5.963147819042206	-1.5699122250080109
-999.0	615.0	318.11451990710776	4.344186967611314	-5.734540724754334	-1.324099205434322
-999.0	590.0	319.7670510680105	3.8456524610519414	-5.63767157047987	-1.0213990025222301
-999.0	565.0	321.6974813017799	3.382320374250412	-5.68276306912303	-0.6745902150869371
-999.0	540.0	323.73052466962656	2.9543252617120745	-5.745870956778527	-0.3411967648891734
-999.0	515.0	325.79121507512866	2.5472351223230363	-5.792237167060376	-0.060758379101753315
-999.0	490.0	327.81578980564007	2.1760736256837845	-5.798340214788914	0.07712892889976497
-999.0	465.0	329.7571707894842	1.842884534597397	-5.7555996946990495	0.044914983212947845
-999.0	440.0	331.69845391548756	1.5409171730279922	-5.693118438124656	-0.03519975319504742
-999.0	415.0	333.635436382519	1.2723868101835254	-5.572112253308296	-0.08947300016880025
-999.0	390.0	335.57235663668627	1.0396241769194605	-5.230888396501541	0.018290007114410423
-999.0	365.0	337.459709972662	0.8404183477163314	-4.565920907258988	0.3540449500083923
-999.0	340.0	339.2375386286888	0.6787597075104712	-3.5450338125228886	0.8863129854202272
-999.0	315.0	340.8745272379482	0.5495530858635904	-2.232273107767105	1.5862481623888016
-999.0	290.0	342.4706587236943	0.41357154101133337	-0.9408253133296968	2.3614099234342576
-999.0	265.0	344.07909635110605	0.2864361882209778	0.13975559026002887	3.1790803670883183
-999.0	240.0	345.63002494574954	0.17941117435693743	0.8509447813034059	4.064840960502625
-999.0	215.0	347.02795391899315	0.0971368692815304	0.939360709488392	4.928279113769532
-999.0	190.0	348.6404714829628	0.04851506538689137	0.4359130024909971	5.354690051078796
-999.0	165.0	351.19900721586305	0.022811379656195643	0.24925100803375244	4.683865201473237
-999.0	140.0	355.75766918909494	0.00984701360575855	0.8365801185369492	2.9004019081592562
-999.0	115.0	366.67025208345996	0.005560931540094316	1.7081732690334321	1.0393216967582706
-999.0	90.0	391.96655134671977	0.004918727558106184	3.436411988735199	0.08244539648294452
-999.0	65.0	440.2735034598464	0.0034083832986652857	1.6674137890338898	0.187078308314085
-999.0	40.0	531.3785571595346	0.012975315656512975	-7.6915952384471895	0.404786477982998
-999.0	15.0	722.145589590501	0.06984423734247686	-14.975593584775924	0.5959303908050061
244.01388888888889	40	1003.6441758897572	day	levels	pres0
-999.0	990.0	300.16342501382485	16.47981694539387	-2.39329091178045	-0.13883043941521345
-999.0	965.0	301.4504150017449	15.799204678005632	-3.9823708004421605	-0.5939358424394927
-999.0	940.0	302.345741463429	15.392672453986258	-4.900848478741123	-1.0452400303548999
-999.0	915.0	303.26527288376354	14.801091713375511	-5.602041790220488	-1.4908477670616538
-999.0	890.0	304.19499426137077	13.96134412553576	-6.177154843012512	-1.8608939528465434
-999.0	865.0	305.17087658906655	12.925462383694132	-6.641452699237427	-2.0827117264271156
-999.0	840.0	306.19287778693854	11.797071054246706	-7.035427056418559	-2.1372830438945614
-999.0	815.0	307.27658977089254	10.66173554526436	-7.354614806175264	-2.0482301652432238
-999.0	790.0	308.46955763937774	9.546915986802858	-7.5670405467351545	-1.8982144296170111
-999.0	765.0	309.78040330898153	8.464784786436322	-7.635064650906477	-1.771316110425607
-999.0	740.0	311.1747797740068	7.4995236502753775	-7.501845434639208	-1.7139971674317198
-999.0	715.0	312.6101577432225	6.688028274642143	-7.190959087345352	-1.7177358999849002
-999.0	690.0	314.0017457400769	5.994618454244446	-6.796523347165864	-1.7143572409120367
-999.0	665.0	315.30578727943555	5.44603425794181	-6.327796695960899	-1.680628406008117
-999.0	640.0	316.6505431222315	4.898570124308295	-5.9458297438091705	-1.5498869587977875
-999.0	615.0	318.06978539437193	4.354625123739263	-5.70803111063109	-1.2913413926959014
-999.0	590.0	319.72459954362733	3.8546675291326453	-5.605765851669834	-0.9814077132277881
-999.0	565.0	321.65682968941036	3.388746597369523	-5.650733718276018	-0.6341781689060894
-999.0	540.0	323.6926823833634	2.957877354820577	-5.718594345781535	-0.304795485822884
-999.0	515.0	325.7576645852517	2.5475451866785717	-5.773545579777826	-0.03240328199332981
-999.0	490.0	327.7868409213317	2.1742172946532556	-5.782385711040767	0.09685392247305874
-999.0	465.0	329.7324731754539	1.8400297300683084	-5.733398407863253	0.05552957289748034
-999.0	440.0	331.67614609784556	1.538097904125844	-5.660206085774638	-0.0376951190332695
-999.0	415.0	333.6135368707825	1.2705792683694064	-5.527262274424233	-0.10988032221795838
-999.0	390.0	335.551620267014	1.0381490945816017	-5.181391455067521	-0.020699069897354233
-999.0	365.0	337.44198609992503	0.8387393641802988	-4.521036461326803	0.2995691213342653
-999.0	340.0	339.2236717388321	0.6780533870061236	-3.5064510684046453	0.8265606383482366
-999.0	315.0	340.86480520707136	0.5505170164836785	-2.1992824987818835	1.5335710287093844
-999.0	290.0	342.4651356317344	0.4150098550650818	-0.9151731760758562	2.322638397581023
-999.0	265.0	344.07768351538726	0.2876602795388971	0.1532756052083375	3.1563898551795084
-999.0	240.0	345.63132771033236	0.18019322463207824	0.8454238568743038	4.053220850891537
-999.0	215.0	347.02443743737274	0.09746502960721672	0.9197457982434264	4.92003242704604
-999.0	190.0	348.6188816849948	0.04861178042160148	0.42918208373921796	5.3479922665490065
-999.0	165.0	351.1550175609887	0.022791742305788773	0.278722450468354	4.675036199887585
-999.0	140.0	355.71390406792267	0.009827627453746093	0.8853743288252799	2.895071799887542
-999.0	115.0	366.6624808993481	0.005554349285860864	1.7484795716074093	1.0563723148571202
-999.0	90.0	392.00793666139765	0.004912128907421395	3.47152173519136	0.1094666536224973
-999.0	65.0	440.3540532001824	0.00341682609739817	1.6889824761284773	0.2086922234079625
-999.0	40.0	531.418970697244	0.01300182198691702	-7.65191101456677	0.4032898581690309
-999.0	15.0	722.1563231813402	0.06986347217526706	-14.939945633709373	0.5921184574564369
244.02777777777777	40	1003.8224765353733	day	levels	pres0
-999.0	990.0	300.10118022144945	16.466366449991867	-2.4191107850107803	-0.13285307166063373
-999.0	965.0	301.42662946162966	15.779998577965637	-4.030484451187965	-0.5913027413189428
-999.0	940.0	302.3456738175439	15.368498346540676	-4.956633926762454	-1.0560125014020296
-999.0	915.0	303.27147173062116	14.779806221856019	-5.65918056435053	-1.518179432882192
-999.0	890.0	304.1939264428413	13.94891057544285	-6.234398611386594	-1.9054380923509415
-999.0	865.0	305.1597591066914	12.922315110100643	-6.700099359618268	-2.142958551645254
-999.0	840.0	306.17394669852405	11.799364047580294	-7.0945020649167985	-2.2096580571598174
-999.0	815.0	307.24852986177746	10.669412443372936	-7.409223592281319	-2.1287132322787894
-999.0	790.0	308.4290413587066	9.566603713565396	-7.611317722002648	-1.9797550857066746
-999.0	765.0	309.7271458686539	8.49784659809535	-7.668148702051892	-1.84509719477756
-999.0	740.0	311.1143055912658	7.5364154073927	-7.525172664887365	-1.7722247363792238
-999.0	715.0	312.5491487698898	6.718387291166504	-7.205812407202183	-1.755898788571337
-999.0	690.0	313.9433370073205	6.017895787292047	-6.801617550187634	-1.7319351800613818
-999.0	665.0	315.2531385733012	5.46131702529059	-6.321356460120942	-1.6779258052508026
-999.0	640.0	316.6027553832692	4.909489210446672	-5.928511668576138	-1.529861692587542
-999.0	615.0	318.0250508816363	4.365063279867169	-5.681521496507866	-1.2585835799574987
-999.0	590.0	319.6821480192442	3.863682597213318	-5.573860132859825	-0.94141642393339
-999.0	565.0	321.61617807704084	3.3951728204886096	-5.618704367429031	-0.5937661227252906
-999.0	540.0	323.65484009710025	2.961429447929064	-5.691317734784564	-0.2683942067566363
-999.0	515.0	325.72411409537483	2.547855251034101	-5.754853992495281	-0.004048184884930375
-999.0	490.0	327.7578920370233	2.172360963622731	-5.7664312072926185	0.11657891604634513
-999.0	465.0	329.70777556142355	1.8371749255392305	-5.711197121027454	0.06614416258201897
-999.0	440.0	331.65383828020356	1.5352786352237084	-5.627293733424625	-0.040190484871471144
-999.0	415.0	333.5916373590459	1.268771726555296	-5.482412295540194	-0.1302876442670808
-999.0	390.0	335.5308838973416	1.0366740122437488	-5.131894513633538	-0.05968814690907043
-999.0	365.0	337.4242622271882	0.8370603806442695	-4.476152015394654	0.24509329266019605
-999.0	340.0	339.2098048489755	0.6773470665017768	-3.467868324286425	0.7668082912763102
-999.0	315.0	340.8550831761945	0.551480947103765	-2.166291889796669	1.480893895030033
-999.0	290.0	342.4596125397746	0.4164481691188277	-0.8895210388220138	2.283866871727844
-999.0	265.0	344.0762706796683	0.2888843708568145	0.16679562015665114	3.133699343270727
-999.0	240.0	345.63263047491523	0.18097527490721782	0.8399029324452063	4.041600741280449
-999.0	215.0	347.02092095575244	0.09779318993290252	0.9001308869984421	4.911785740322539
-999.0	190.0	348.5972918870268	0.048708495456311375	0.4224511649873439	5.341294482019219
-999.0	165.0	351.11102790611454	0.02277210495538182	0.3081938929027741	4.66620719830196
-999.0	140.0	355.67013894675046	0.009808241301733588	0.93416853911344	2.8897416916158516
-999.0	115.0	366.65470971523627	0.005547767031627397	1.788785874181304	1.073422932955946
-999.0	90.0	392.0493219760754	0.004905530256736611	3.5066314816474775	0.13648791076200215
-999.0	65.0	440.4346029405181	0.0034252688961310487	1.7105511632230461	0.23030613850180515
-999.0	40.0	531.4593842349534	0.013028328317320996	-7.6122267906864645	0.40179323835505465
-999.0	15.0	722.1670567721794	0.06988270700805715	-14.904297682642953	0.5883065241078554
244.04166666666666	40	1004.0007771809898	day	levels	pres0
-999.0	990.0	300.0389354290738	16.45291595458984	-2.444930658241116	-0.12687570390600122
-999.0	965.0	301.4028439215145	15.760792477925605	-4.078598101933811	-0.5886696401983236
-999.0	940.0	302.3456061716589	15.34432423909504	-5.012419374783857	-1.0667849724491292
-999.0	915.0	303.27767057747883	14.7585207303365	-5.716319338480659	-1.5455110987027498
-999.0	890.0	304.192858624312	13.936477025349937	-6.2916423797607735	-1.9499822318554096
-999.0	865.0	305.1486416243164	12.919167836507174	-6.75874601999922	-2.2032053768635125
-999.0	840.0	306.1550156101095	11.801657040913915	-7.153577073415155	-2.282033070425242
-999.0	815.0	307.2204699526623	10.67708934148154	-7.463832378387484	-2.209196299314562
-999.0	790.0	308.3885250780355	9.58629144032798	-7.655594897270229	-2.0612957417965654
-999.0	765.0	309.6738884283262	8.53090840975446	-7.701232753197371	-1.9188782791297367
-999.0	740.0	311.05383140852473	7.5733071645101235	-7.5484998951355795	-1.830452305326924
-999.0	715.0	312.48813979655716	6.748746307690975	-7.220665727059062	-1.7940616771579303
-999.0	690.0	313.88492827456406	6.041173120339748	-6.806711753209446	-1.7495131192108342
-999.0	665.0	315.20048986716677	5.476599792639443	-6.314916224280999	-1.6752232044935385
-999.0	640.0	316.55496764430677	4.920408296585107	-5.9111935933431	-1.5098364263772939
-999.0	615.0	317.9803163689005	4.37550143599512	-5.655011882384613	-1.2258257672190482
-999.0	590.0	319.63969649486114	3.8726976652940253	-5.541954414049775	-0.9014251346389167
-999.0	565.0	321.5755264646714	3.4015990436077206	-5.586675016582001	-0.5533540765444128
-999.0	540.0	323.6169978108371	2.9649815410375644	-5.664041123787549	-0.23199292769031962
-999.0	515.0	325.6905636054978	2.5481653153896335	-5.736162405212706	0.024306912223516566
-999.0	490.0	327.72894315271486	2.1705046325921984	-5.750476703544445	0.13630390961965888
-999.0	465.0	329.6830779473931	1.8343201210101399	-5.688995834191629	0.07675875226656817
-999.0	440.0	331.63153046256156	1.5324593663215582	-5.594381381074579	-0.04268585070968117
-999.0	415.0	333.5697378473094	1.2669641847411754	-5.437562316656106	-0.15069496631623355
-999.0	390.0	335.5101475276691	1.0351989299058886	-5.0823975721995005	-0.09867722392083897
-999.0	365.0	337.4065383544513	0.8353813971082348	-4.431267569462463	0.19061746398605534
-999.0	340.0	339.1959379591188	0.6766407459974277	-3.429285580168182	0.7070559442043
-999.0	315.0	340.84536114531767	0.5524448777238529	-2.133301280811452	1.4282167613505965
-999.0	290.0	342.45408944781474	0.41788648317257593	-0.8638689015681821	2.2450953458745926
-999.0	265.0	344.0748578439494	0.29010846217473374	0.18031563510494802	3.111008831361902
-999.0	240.0	345.63393323949805	0.1817573251823586	0.8343820080160879	4.029980631669344
-999.0	215.0	347.0174044741321	0.09812135025858884	0.8805159757534574	4.903539053599023
-999.0	190.0	348.5757020890588	0.04880521049102146	0.4157202462355516	5.334596697489399
-999.0	165.0	351.0670382512401	0.022752467604974895	0.33766533533737636	4.657378196716282
-999.0	140.0	355.6263738255781	0.009788855149721111	0.9829627494017867	2.8844115833441193
-999.0	115.0	366.64693853112436	0.005541184777393942	1.829092176755306	1.0904735510547985
-999.0	90.0	392.0907072907534	0.004898931606051823	3.54174122810366	0.1635091679015701
-999.0	65.0	440.515152680854	0.0034337116948639397	1.732119850317647	0.2519200535956941
-999.0	40.0	531.499797772663	0.013054834647725048	-7.5725425668060415	0.40029661854108767
-999.0	15.0	722.1777903630186	0.06990194184084741	-14.8686497315764	0.5844945907592829
244.05555555555554	40	1004.1790778266061	day	levels	pres0
-999.0	990.0	299.9766906366984	16.43946545918783	-2.470750531471446	-0.12089833615142154
-999.0	965.0	301.3790583813994	15.741586377885614	-4.126711752679616	-0.5860365390777741
-999.0	940.0	302.345538525774	15.32015013164945	-5.068204822805189	-1.0775574434962594
-999.0	915.0	303.28386942433644	14.737235238817012	-5.773458112610703	-1.5728427645232879
-999.0	890.0	304.19179080578266	13.92404347525703	-6.348886148134856	-1.9945263713598074
-999.0	865.0	305.1375241419413	12.916020562913683	-6.8173926803800615	-2.263452202081651
-999.0	840.0	306.13608452169484	11.803950034247507	-7.2126520819133955	-2.3544080836904984
-999.0	815.0	307.1924100435471	10.684766239590116	-7.518441164493538	-2.2896793663501285
-999.0	790.0	308.3480087973644	9.605979167090517	-7.699872072537721	-2.1428363978862293
-999.0	765.0	309.6206309879986	8.563970221413491	-7.734316804342786	-1.9926593634816896
-999.0	740.0	310.99335722578365	7.610198921627445	-7.571827125383738	-1.8886798742744273
-999.0	715.0	312.4271308232245	6.779105324215338	-7.235519046915893	-1.8322245657443674
-999.0	690.0	313.8265195418077	6.064450453387348	-6.811805956231217	-1.76709105836018
-999.0	665.0	315.1478411610323	5.491882559988222	-6.308475988441042	-1.672520603736224
-999.0	640.0	316.50717990534446	4.931327382723484	-5.893875518110067	-1.4898111601670485
-999.0	615.0	317.9355818561648	4.385939592123026	-5.628502268261388	-1.1930679544806455
-999.0	590.0	319.597244970478	3.8817127333746972	-5.5100486952397665	-0.8614338453445184
-999.0	565.0	321.5348748523019	3.408025266726808	-5.554645665735016	-0.5129420303636141
-999.0	540.0	323.5791555245741	2.9685336341460515	-5.636764512790577	-0.19559164862407194
-999.0	515.0	325.65701311562094	2.5484753797451636	-5.717470817930162	0.05266200933191584
-999.0	490.0	327.69999426840644	2.168648301561673	-5.734522199796295	0.15602890319294527
-999.0	465.0	329.6583803333628	1.8314653164810621	-5.666794547355831	0.08737334195110671
-999.0	440.0	331.6092226449196	1.5296400974194233	-5.561469028724567	-0.045181216547882874
-999.0	415.0	333.54783833557275	1.2651566429270653	-5.392712337772068	-0.17110228836535615
-999.0	390.0	335.4894111579967	1.033723847568036	-5.032900630765517	-0.13766630093255516
-999.0	365.0	337.3888144817144	0.8337024135722059	-4.386383123530313	0.13614163531198592
-999.0	340.0	339.1820710692623	0.6759344254930811	-3.3907028360499614	0.6473035971323738
-999.0	315.0	340.8356391144408	0.5534088083439392	-2.1003106718262377	1.375539627671245
-999.0	290.0	342.4485663558549	0.4193247972263219	-0.8382167643143394	2.2063238200214133
-999.0	265.0	344.0734450082306	0.29133255349265114	0.1938356500532618	3.0883183194531214
-999.0	240.0	345.63523600408104	0.18253937545749815	0.8288610835869904	4.018360522058257
-999.0	215.0	347.0138879925118	0.09844951058427463	0.8609010645084735	4.8952923668755215
-999.0	190.0	348.55411229109086	0.04890192552573137	0.40898932748367767	5.327898912959612
-999.0	165.0	351.0230485963659	0.02273283025456794	0.3671367777717961	4.648549195130655
-999.0	140.0	355.5826087044059	0.009769468997708607	1.0317569596899472	2.8790814750724287
-999.0	115.0	366.6391673470126	0.0055346025231604755	1.8693984793292007	1.1075241691536244
-999.0	90.0	392.1320926054313	0.004892332955367039	3.5768509745597767	0.19053042504107495
-999.0	65.0	440.59570242118974	0.003442154493596819	1.7536885374122158	0.2735339686895369
-999.0	40.0	531.5402113103723	0.013081340978129024	-7.532858342925737	0.3987999987271116
-999.0	15.0	722.1885239538578	0.06992117667363751	-14.833001780509978	0.5806826574107016
244.06944444444446	40	1004.3573784722222	day	levels	pres0
-999.0	990.0	299.9144458443227	16.426014963785804	-2.496570404701755	-0.11492096839678245
-999.0	965.0	301.35527284128415	15.722380277845591	-4.174825403425426	-0.5834034379571524
-999.0	940.0	302.3454708798889	15.295976024203824	-5.123990270826556	-1.0883299145433585
-999.0	915.0	303.2900682711941	14.715949747297493	-5.830596886740799	-1.6001744303438463
-999.0	890.0	304.1907229872532	13.911609925164118	-6.406129916509004	-2.0390705108642755
-999.0	865.0	305.1264066595662	12.912873289320206	-6.876039340760991	-2.3236990272999103
-999.0	840.0	306.11715343328035	11.806243027581107	-7.271727090411739	-2.426783096955922
-999.0	815.0	307.16435013443197	10.692443137698705	-7.573049950599694	-2.3701624333858944
-999.0	790.0	308.30749251669334	9.62566689385309	-7.744149247805298	-2.2243770539761063
-999.0	765.0	309.56737354767085	8.597032033072598	-7.767400855488263	-2.066440447833847
-999.0	740.0	310.9328830430426	7.64709067874487	-7.595154355631945	-1.946907443222111
-999.0	715.0	312.3661218498918	6.809464340739803	-7.250372366772766	-1.870387454330954
-999.0	690.0	313.7681108090513	6.08772778643504	-6.81690015925302	-1.784668997509638
-999.0	665.0	315.0951924548979	5.507165327337065	-6.302035752601095	-1.6698180029789786
-999.0	640.0	316.459392166382	4.942246468861905	-5.876557442877024	-1.4697858939568298
-999.0	615.0	317.890847343429	4.396377748250968	-5.601992654138133	-1.1603101417422321
-999.0	590.0	319.5547934460947	3.8907278014553968	-5.478142976429718	-0.8214425560500873
-999.0	565.0	321.4942232399324	3.4144514898459164	-5.522616314887992	-0.4725299841827803
-999.0	540.0	323.5413132383109	2.9720857272545533	-5.6094879017935835	-0.15919036955779597
-999.0	515.0	325.62346262574385	2.5487854441007	-5.698779230647624	0.08101710644033151
-999.0	490.0	327.6710453840979	2.1667919705311465	-5.718567696048163	0.1757538967662375
-999.0	465.0	329.6336827193325	1.8286105119519753	-5.6445932605200415	0.09798793163564323
-999.0	440.0	331.5869148272775	1.526820828517276	-5.528556676374538	-0.04767658238610001
-999.0	415.0	333.52593882383616	1.2633491011129472	-5.347862358887975	-0.19150961041451292
-999.0	390.0	335.4686747883242	1.0322487652301782	-4.983403689331452	-0.17665537794432165
-999.0	365.0	337.3710906089775	0.8320234300361738	-4.341498677598075	0.08166580663785847
-999.0	340.0	339.1682041794056	0.6752281049887344	-3.3521200919316545	0.5875512500603906
-999.0	315.0	340.82591708356404	0.554372738964029	-2.0673200628409445	1.3228624939918485
-999.0	290.0	342.443043263895	0.4207631112800717	-0.8125646270604274	2.1675522941682117
-999.0	265.0	344.0720321725116	0.29255664481057153	0.20735566500163174	3.0656278075443497
-999.0	240.0	345.6365387686638	0.1833214257326397	0.8233401591579323	4.006740412447207
-999.0	215.0	347.01037151089145	0.09877767090996138	0.8412861532635337	4.887045680152066
-999.0	190.0	348.53252249312277	0.048998640560441696	0.40225840873191376	5.321201128429854
-999.0	165.0	350.97905894149164	0.022713192904161142	0.39660822020641406	4.639720193545036
-999.0	140.0	355.5388435832336	0.009750082845696164	1.0805511699782886	2.8737513668007413
-999.0	115.0	366.6313961629007	0.005528020268927019	1.9097047819031758	1.124574787252492
-999.0	90.0	392.17347792010924	0.004885734304682245	3.6119607210159383	0.21755168218063267
-999.0	65.0	440.6762521615257	0.0034505972923297027	1.775257224506806	0.2951478837834094
-999.0	40.0	531.5806248480819	0.013107847308533078	-7.4931741190453085	0.39730337891313583
-999.0	15.0	722.1992575446969	0.06994041150642764	-14.797353829443427	0.5768707240621245
244.08333333333334	40	1004.5356791178386	day	levels	pres0
-999.0	990.0	299.85220105194725	16.412564468383806	-2.5223902779320873	-0.10894360064220882
-999.0	965.0	301.331487301169	15.703174177805607	-4.2229390541712375	-0.5807703368366123
-999.0	940.0	302.3454032340039	15.271801916758237	-5.179775718847896	-1.0991023855904993
-999.0	915.0	303.29626711805173	14.694664255778003	-5.887735660870854	-1.6275060961643968
-999.0	890.0	304.1896551687239	13.899176375071207	-6.4633736848831	-2.083614650368687
-999.0	865.0	305.115289177191	12.909726015726712	-6.934686001141847	-2.383945852518061
-999.0	840.0	306.09822234486586	11.808536020914698	-7.330802098909993	-2.4991581102211886
-999.0	815.0	307.13629022531677	10.700120035807279	-7.627658736705761	-2.45064550042147
-999.0	790.0	308.2669762360222	9.645354620615624	-7.788426423072802	-2.3059177100657777
-999.0	765.0	309.5141161073432	8.630093844731627	-7.800484906633683	-2.1402215321858065
-999.0	740.0	310.8724088603016	7.683982435862192	-7.618481585880109	-2.0051350121696183
-999.0	715.0	312.30511287655924	6.839823357264167	-7.2652256866296	-1.9085503429173913
-999.0	690.0	313.7097020762949	6.111005119482644	-6.821994362274793	-1.8022469366589782
-999.0	665.0	315.0425437487635	5.5224480946858465	-6.295595516761134	-1.667115402221653
-999.0	640.0	316.4116044274197	4.953165555000284	-5.859239367643984	-1.4497606277465693
-999.0	615.0	317.8461128306933	4.406815904378875	-5.575483040014897	-1.1275523290038127
-999.0	590.0	319.5123419217117	3.8997428695360683	-5.4462372576196945	-0.7814512667556739
-999.0	565.0	321.45357162756295	3.420877712965001	-5.49058696404099	-0.43211793800196985
-999.0	540.0	323.50347095204785	2.9756378203630383	-5.582211290796591	-0.12278909049154003
-999.0	515.0	325.58991213586694	2.5490955084562277	-5.68008764336506	0.109372203548737
-999.0	490.0	327.64209649978955	2.1649356395006194	-5.702613192299998	0.19547889033952992
-999.0	465.0	329.6089851053021	1.8257557074228958	-5.622391973684227	0.10860252132018997
-999.0	440.0	331.5646070096356	1.5240015596151384	-5.495644324024514	-0.050171948224291496
-999.0	415.0	333.50403931209956	1.261541559298835	-5.3030123800039295	-0.21191693246362392
-999.0	390.0	335.4479384186519	1.0307736828923233	-4.933906747897468	-0.21564445495602655
-999.0	365.0	337.3533667362407	0.8303444465001422	-4.29661423166593	0.02718997796379849
-999.0	340.0	339.15433728954895	0.674521784484386	-3.3135373478134422	0.5277989029884731
-999.0	315.0	340.8161950526872	0.5553366695841145	-2.034329453855741	1.2701853603125077
-999.0	290.0	342.43752017193515	0.4222014253338171	-0.7869124898065974	2.1287807683150435
-999.0	265.0	344.0706193367928	0.2937807361284887	0.22087567994993193	3.042937295635578
-999.0	240.0	345.6378415332466	0.18410347600777918	0.8178192347288207	3.9951203028361224
-999.0	215.0	347.0068550292711	0.09910583123564715	0.8216712420185381	4.878798993428559
-999.0	190.0	348.51093269515485	0.04909535559515162	0.39552748998004017	5.314503343900055
-999.0	165.0	350.9350692866174	0.022693555553754192	0.42607966264084907	4.6308911919594
-999.0	140.0	355.4950784620614	0.009730696693683661	1.1293453802664692	2.8684212585290494
-999.0	115.0	366.6236249787888	0.005521438014693558	1.9500110844770826	1.1416254053513282
-999.0	90.0	392.21486323478706	0.004879135653997465	3.6470704674720564	0.24457293932015453
-999.0	65.0	440.7568019018614	0.00345904009106258	1.7968259116013743	0.3167617988772631
-999.0	40.0	531.6210383857914	0.013134353638937064	-7.453489895165	0.3958067590991667
-999.0	15.0	722.2099911355364	0.06995964633921778	-14.761705878376997	0.573058790713546
244.09722222222223	40	1004.713979763455	day	levels	pres0
-999.0	990.0	299.7899562595716	16.39911397298177	-2.548210151162421	-0.10296623288757026
-999.0	965.0	301.30770176105375	15.683968077765565	-4.271052704917077	-0.5781372357159835
-999.0	940.0	302.3453355881189	15.2476278093126	-5.23556116686929	-1.1098748566375876
-999.0	915.0	303.30246596490946	14.673378764258484	-5.944874435000973	-1.654837761984942
-999.0	890.0	304.18858735019455	13.886742824978297	-6.520617453257266	-2.1281587898731416
-999.0	865.0	305.10417169481605	12.906578742133247	-6.993332661522785	-2.4441926777363068
-999.0	840.0	306.0792912564513	11.810829014248322	-7.389877107408338	-2.571533123486603
-999.0	815.0	307.10823031620157	10.707796933915883	-7.682267522811913	-2.5311285674572335
-999.0	790.0	308.2264599553511	9.66504234737821	-7.832703598340371	-2.387458366155661
-999.0	765.0	309.46085866701554	8.663155656390733	-7.833568957779157	-2.2140026165379774
-999.0	740.0	310.8119346775605	7.7208741929796165	-7.641808816128318	-2.063362581117315
-999.0	715.0	312.24410390322646	6.8701823737886345	-7.280079006486478	-1.9467132315039843
-999.0	690.0	313.6512933435385	6.134282452530342	-6.827088565296603	-1.8198248758084354
-999.0	665.0	314.9898950426291	5.5377308620346986	-6.289155280921197	-1.6644128014643995
-999.0	640.0	316.36381668845723	4.964084641138717	-5.841921292410954	-1.4297353615363364
-999.0	615.0	317.80137831795753	4.417254060506825	-5.548973425891656	-1.094794516265379
-999.0	590.0	319.4698903973284	3.9087579376167754	-5.414331538809659	-0.7414599774612158
-999.0	565.0	321.41292001519344	3.4273039360841135	-5.4585576131939755	-0.39170589182110394
-999.0	540.0	323.46562866578466	2.9791899134715414	-5.554934679799597	-0.08638781142523155
-999.0	515.0	325.55636164599	2.5494055728117617	-5.661396056082505	0.1377273006571778
-999.0	490.0	327.61314761548107	2.163079308470089	-5.686658688551842	0.2152038839128375
-999.0	465.0	329.5842874912718	1.8229009028938061	-5.600190686848419	0.11921711100473098
-999.0	440.0	331.54229919199355	1.5211822907129908	-5.462731971674481	-0.05266731406251168
-999.0	415.0	333.4821398003631	1.2597340174847163	-5.258162401119848	-0.23232425451278826
-999.0	390.0	335.4272020489795	1.029298600554465	-4.884409806463433	-0.2546335319678063
-999.0	365.0	337.3356428635038	0.82866546296411	-4.251729785733733	-0.027285850710351695
-999.0	340.0	339.1404703996923	0.6738154639800386	-3.2749546036951904	0.4680465559164539
-999.0	315.0	340.8064730218103	0.5563006002042032	-2.001338844870513	1.2175082266330604
-999.0	290.0	342.4319970799753	0.42363973938756583	-0.7612603525527533	2.0900092424617807
-999.0	265.0	344.06920650107395	0.2950048274464082	0.23439569489824238	3.020246783726744
-999.0	240.0	345.6391442978295	0.1848855262829201	0.8122983102997166	3.983500193225014
-999.0	215.0	347.0033385476508	0.09943399156133348	0.802056330773565	4.87055230670505
-999.0	190.0	348.48934289718676	0.04919207062986169	0.38879657122824796	5.307805559370247
-999.0	165.0	350.8910796317431	0.022673918203347264	0.4555511050754363	4.622062190373731
-999.0	140.0	355.45131334088904	0.009711310541671183	1.1781395905547956	2.863091150257318
-999.0	115.0	366.6158537946771	0.005514855760460099	1.9903173870510722	1.1586760234501705
-999.0	90.0	392.256248549465	0.004872537003312674	3.6821802139282376	0.2715941964597056
-999.0	65.0	440.8373516421974	0.0034674828897954717	1.8183945986959755	0.338375713971141
-999.0	40.0	531.661451923501	0.013160859969341106	-7.413805671284581	0.3943101392851928
-999.0	15.0	722.2207247263756	0.069978881172008	-14.726057927310453	0.5692468573649706
244.11111111111111	40	1004.8922804090713	day	levels	pres0
-999.0	990.0	299.7277114671963	16.38566347757976	-2.5740300243927505	-0.09698886513299054
-999.0	965.0	301.28391622093864	15.664761977725574	-4.319166355662882	-0.575504134595434
-999.0	940.0	302.3452679422338	15.223453701867015	-5.291346614890622	-1.1206473276847178
-999.0	915.0	303.308664811767	14.652093272738997	-6.002013209131014	-1.6821694278054808
-999.0	890.0	304.1875195316651	13.874309274885386	-6.577861221631348	-2.17270292937754
-999.0	865.0	305.0930542124409	12.903431468539758	-7.051979321903625	-2.5044395029544457
-999.0	840.0	306.0603601680367	11.813122007581912	-7.448952115906576	-2.6439081367518584
-999.0	815.0	307.0801704070865	10.71547383202446	-7.736876308917966	-2.6116116344927995
-999.0	790.0	308.18594367468	9.684730074140749	-7.8769807736078645	-2.4689990222453244
-999.0	765.0	309.40760122668786	8.696217468049763	-7.866653008924571	-2.2877837008899293
-999.0	740.0	310.75146049481947	7.757765950096939	-7.6651360463764755	-2.1215901500648178
-999.0	715.0	312.18309492989385	6.9005413903129975	-7.294932326343309	-1.9848761200904217
-999.0	690.0	313.59288461078216	6.157559785577943	-6.832182768318376	-1.8374028149577808
-999.0	665.0	314.93724633649464	5.553013629383478	-6.282715045081239	-1.661710200707085
-999.0	640.0	316.3160289494949	4.975003727277094	-5.824603217177922	-1.409710095326091
-999.0	615.0	317.75664380522187	4.42769221663473	-5.522463811768432	-1.0620367035269767
-999.0	590.0	319.4274388729454	3.917773005697448	-5.38242581999965	-0.7014686881668174
-999.0	565.0	321.372268402824	3.4337301592032006	-5.426528262346989	-0.35129384564030486
-999.0	540.0	323.4277863795216	2.9827420065800276	-5.527658068802625	-0.04998653235898384
-999.0	515.0	325.52281115611305	2.5497156371672927	-5.64270446879996	0.1660823977655771
-999.0	490.0	327.58419873117265	2.1612229774395644	-5.670704184803693	0.2349288774861239
-999.0	465.0	329.5595898772414	1.8200460983647284	-5.57798940001262	0.1298317006892697
-999.0	440.0	331.51999137435155	1.5183630218108548	-5.429819619324469	-0.05516267990071344
-999.0	415.0	333.46024028862644	1.2579264756706066	-5.21331242223581	-0.2527315765619108
-999.0	390.0	335.406465679307	1.0278235182166127	-4.834912865029449	-0.29362260897952264
-999.0	365.0	337.3179189907669	0.8269864794280808	-4.206845339801584	-0.08176167938442092
-999.0	340.0	339.1266035098357	0.673109143475692	-3.2363718595769706	0.40829420884452794
-999.0	315.0	340.7967509909335	0.5572645308242897	-1.968348235885299	1.1648310929537096
-999.0	290.0	342.42647398801546	0.4250780534413116	-0.7356082152989106	2.0512377166086018
-999.0	265.0	344.0677936653551	0.2962289187643256	0.24791570984655598	2.9975562718179636
-999.0	240.0	345.64044706241236	0.18566757655805968	0.8067773858706192	3.971880083613926
-999.0	215.0	346.9998220660304	0.0997621518870193	0.7824414195285808	4.862305619981548
-999.0	190.0	348.46775309921884	0.04928878566457159	0.38206565247637403	5.301107774840459
-999.0	165.0	350.8470899768688	0.02265428085294031	0.48502254750985674	4.613233188788104
-999.0	140.0	355.4075482197168	0.009691924389658678	1.2269338008429564	2.8577610419856274
-999.0	115.0	366.6080826105653	0.005508273506226634	2.030623689624967	1.1757266415489964
-999.0	90.0	392.2976338641428	0.004865938352627889	3.7172899603843543	0.29861545359921043
-999.0	65.0	440.917901382533	0.003475925688528352	1.8399632857905444	0.35998962906498366
-999.0	40.0	531.7018654612103	0.013187366299745085	-7.374121447404275	0.39281351947121657
-999.0	15.0	722.2314583172147	0.0699981160047981	-14.69040997624403	0.5654349240163893
244.125	40	1005.0705810546875	day	levels	pres0
-999.0	990.0	299.6654666748206	16.37221298217774	-2.5998498976230624	-0.09101149737834933
-999.0	965.0	301.26013068082347	15.645555877685547	-4.367280006408691	-0.5728710334748031
-999.0	940.0	302.3452002963488	15.199279594421391	-5.347132062911989	-1.131419798731804
-999.0	915.0	303.31486365862463	14.630807781219485	-6.059151983261108	-1.7095010936260224
-999.0	890.0	304.18645171313574	13.861875724792482	-6.635104990005495	-2.217247068881989
-999.0	865.0	305.08193673006576	12.90028419494629	-7.110625982284547	-2.564686328172684
-999.0	840.0	306.0414290796222	11.815415000915529	-7.508027124404908	-2.716283150017262
-999.0	815.0	307.0521104979713	10.723150730133057	-7.791485095024108	-2.692094701528549
-999.0	790.0	308.1454273940089	9.704417800903322	-7.921257948875428	-2.55053967833519
-999.0	765.0	309.3543437863602	8.729279279708864	-7.899737060070038	-2.3615647852420807
-999.0	740.0	310.69098631207845	7.794657707214356	-7.68846327662468	-2.1798177190124988
-999.0	715.0	312.12208595656114	6.9309004068374644	-7.30978564620018	-2.023039008677006
-999.0	690.0	313.53447587802566	6.180837118625641	-6.83727697134018	-1.854980754107237
-999.0	665.0	314.88459763036025	5.568296396732331	-6.276274809241295	-1.6590075999498373
-999.0	640.0	316.2682412105325	4.985922813415529	-5.807285141944885	-1.3896848291158674
-999.0	615.0	317.7119092924861	4.43813037276268	-5.495954197645188	-1.0292788907885553
-999.0	590.0	319.3849873485622	3.9267880737781526	-5.3505201011896135	-0.6614773988723754
-999.0	565.0	321.33161679045446	3.440156382322312	-5.394498911499977	-0.3108817994594575
-999.0	540.0	323.38994409325846	2.9862940996885303	-5.500381457805634	-0.01358525329269462
-999.0	515.0	325.48926066623596	2.550025701522827	-5.624012881517411	0.19443749487400053
-999.0	490.0	327.5552498468643	2.159366646409035	-5.654749681055546	0.25465387105941784
-999.0	465.0	329.534892263211	1.81719129383564	-5.555788113176823	0.14044629037380227
-999.0	440.0	331.4976835567096	1.5155437529087068	-5.396907266974449	-0.05765804573893546
-999.0	415.0	333.43834077688996	1.2561189338564873	-5.168462443351745	-0.2731388986110687
-999.0	390.0	335.38572930963466	1.0263484358787538	-4.785415923595428	-0.3326116859912872
-999.0	365.0	337.30019511803	0.825307495892048	-4.1619608938694	-0.136237508058548
-999.0	340.0	339.1127366199791	0.672402822971344	-3.1977891154587272	0.34854186177253726
-999.0	315.0	340.78702896005666	0.5582284614443779	-1.9353576269000772	1.112153959274292
-999.0	290.0	342.4209508960556	0.42651636749506	-0.7099560780450702	2.0124661907553674
-999.0	265.0	344.06638082963616	0.29745301008224484	0.26143572479486477	2.9748657599091533
-999.0	240.0	345.64174982699524	0.1864496268332005	0.8012564614415169	3.9602599740028386
-999.0	215.0	346.99630558441004	0.10009031221270565	0.7628265082836152	4.854058933258057
-999.0	190.0	348.4461633012508	0.049385500699281694	0.37533473372459447	5.294409990310669
-999.0	165.0	350.8031003219945	0.022634643502533438	0.5144939899444579	4.604404187202453
-999.0	140.0	355.36378309854456	0.009672538237646224	1.2757280111312865	2.8524309337139138
-999.0	115.0	366.6003114264534	0.005501691251993181	2.0709299921989444	1.1927772596478463
-999.0	90.0	392.3390191788207	0.0048593397019431	3.7523997068405155	0.32563671073876327
-999.0	65.0	440.99845112286897	0.0034843684872612364	1.8615319728851314	0.381603544158861
-999.0	40.0	531.7422789989199	0.013213872630149127	-7.334437223523856	0.3913168996572495
-999.0	15.0	722.2421919080539	0.07001735083758831	-14.65476202517748	0.5616229906678201
244.13888888888889	40	1004.9355339898003	day	levels	pres0
-999.0	990.0	299.60309844092296	16.35546791288587	-2.6256120721498992	-0.08512422906024966
-999.0	965.0	301.2362221640261	15.62511970731946	-4.415167114469734	-0.5704235278069579
-999.0	940.0	302.3450411904662	15.17403282589381	-5.402404512299439	-1.1424561561809408
-999.0	915.0	303.32102911664214	14.608329762352827	-6.1156059794955935	-1.7369762079997157
-999.0	890.0	304.18546347267807	13.848456562889952	-6.691589662763828	-2.2616333921750544
-999.0	865.0	305.0709224491421	12.896044519212525	-7.168631209267539	-2.624518444471927
-999.0	840.0	306.0226259400892	11.816010591718896	-7.566691780090365	-2.7880543576347083
-999.0	815.0	307.02412140908444	10.728188832600921	-7.8459323035346475	-2.7720258514087157
-999.0	790.0	308.10497023471777	9.72054998609756	-7.96550841066575	-2.631738936901175
-999.0	765.0	309.3011463791634	8.757945881949556	-7.932878159152157	-2.4351726955838493
-999.0	740.0	310.63060968979937	7.827111869388195	-7.711868976884436	-2.237900107436784
-999.0	715.0	312.0611251252265	6.957502879036839	-7.324688047170656	-2.060993563632234
-999.0	690.0	313.4761282205802	6.200866060786817	-6.842421738968968	-1.8722902244992228
-999.0	665.0	314.83196264038264	5.580975291464094	-6.269922866423931	-1.655963100410203
-999.0	640.0	316.220478894678	4.994619376129597	-5.7900967478752134	-1.3692091252034058
-999.0	615.0	317.6672129614297	4.446531181865285	-5.469618561532757	-0.9959224124749482
-999.0	590.0	319.34254804611777	3.9339192145400697	-5.318800795078269	-0.6208645661671826
-999.0	565.0	321.29101627101704	3.4449075977007633	-5.362638537751298	-0.26995973587034516
-999.0	540.0	323.3521681217747	2.9884283224741672	-5.473269747901291	0.0232167182283404
-999.0	515.0	325.4558187924632	2.5492626190185557	-5.605497356752556	0.22309115731882337
-999.0	490.0	327.52639616726776	2.1568067497677252	-5.638950911247073	0.2746160719129763
-999.0	465.0	329.5102499322686	1.8139625916878337	-5.533695871962449	0.15126976966857197
-999.0	440.0	331.4754164678873	1.5125531067450793	-5.3640503095256	-0.05993028868818878
-999.0	415.0	333.4164983746019	1.2542725404103556	-5.123624844186832	-0.2932579861747069
-999.0	390.0	335.36511053584405	1.024902200367713	-4.735923268397642	-0.37124830318823887
-999.0	365.0	337.28254631674673	0.8236528174744698	-4.117105547752638	-0.1903132961856222
-999.0	340.0	339.09888519033734	0.6716785916023782	-3.159240258402292	0.28916236393978967
-999.0	315.0	340.7773224946175	0.5591449303759475	-1.9023982756253783	1.0597552312744714
-999.0	290.0	342.41536405382135	0.42791563454601583	-0.6843454915616318	1.9739025745954535
-999.0	265.0	344.0648059464673	0.29866428722937977	0.2748980288704172	2.952322541342827
-999.0	240.0	345.6427857172837	0.187233405725824	0.7956632884012296	3.9487373789151508
-999.0	215.0	346.9925818331721	0.10041536324554041	0.7431675647178554	4.845920279290946
-999.0	190.0	348.4242879354785	0.04947737596101239	0.36867497480582256	5.287886208958097
-999.0	165.0	350.7590181821468	0.022612349585526555	0.5441657990217995	4.595780388514193
-999.0	140.0	355.3201541552169	0.009650173245204842	1.3246233476533542	2.847259021798761
-999.0	115.0	366.59262359039843	0.005493995368791129	2.1112421111100566	1.2098543624083282
-999.0	90.0	392.38045003414425	0.00485153197466085	3.7875095453527385	0.3526593414859813
-999.0	65.0	441.0790734238681	0.003494290593597623	1.8831012210912226	0.4032173738297623
-999.0	40.0	531.7826938125106	0.013242557137790682	-7.2947497811581865	0.38982027636634486
-999.0	15.0	722.2528894763542	0.07004178174667894	-14.619112845675756	0.5578109009398424
244.15277777777777	40	1004.8004869249133	day	levels	pres0
-999.0	990.0	299.5407302070255	16.338722843594027	-2.651374246676755	-0.07923696074221111
-999.0	965.0	301.21231364722877	15.604683536953402	-4.463054222530773	-0.567976022139193
-999.0	940.0	302.34488208458356	15.148786057366275	-5.457676961686856	-1.1534925136301213
-999.0	915.0	303.32719457465953	14.5858517434862	-6.172059975730027	-1.7644513223734057
-999.0	890.0	304.1844752322202	13.835037400987419	-6.7480743355221	-2.3060197154680706
-999.0	865.0	305.0599081682183	12.891804843478731	-7.22663643625045	-2.68435056077107
-999.0	840.0	306.0038228005562	11.816606182522245	-7.625356435775734	-2.859825565252009
-999.0	815.0	306.99613232019743	10.733226935068764	-7.900379512045094	-2.8519570012886972
-999.0	790.0	308.06451307542665	9.736682171291768	-8.009758872456002	-2.7129381954669585
-999.0	765.0	309.24794897196665	8.786612484190186	-7.9660192582342235	-2.50878060592542
-999.0	740.0	310.5702330675203	7.859566031561944	-7.7352746771441465	-2.2959824958608923
-999.0	715.0	312.00016429389194	6.984105351236119	-7.33959044814109	-2.0989481185873147
-999.0	690.0	313.41778056313495	6.220895002947905	-6.847566506597725	-1.8895996948910976
-999.0	665.0	314.7793276504051	5.593654186195793	-6.263570923606553	-1.6529186008705026
-999.0	640.0	316.17271657882355	5.003315938843618	-5.772908353805545	-1.3487334212909219
-999.0	615.0	317.6225166303734	4.454931990967855	-5.4432829254203465	-0.9625659341613589
-999.0	590.0	319.30010874367343	3.9410503553019605	-5.287081488966955	-0.5802517334620323
-999.0	565.0	321.25041575157957	3.449658813079197	-5.330778164002644	-0.22903767228128113
-999.0	540.0	323.31439215029104	2.9905625452597935	-5.446158037996967	0.06001868974933456
-999.0	515.0	325.42237691869036	2.5484995365142837	-5.586981831987709	0.2517448197636225
-999.0	490.0	327.49754248767147	2.1542468531264216	-5.623152141438598	0.2945782727665277
-999.0	465.0	329.4856076013262	1.8107338895400389	-5.511603630748071	0.16209324896334834
-999.0	440.0	331.45314937906494	1.509562460581464	-5.331193352076758	-0.06220253163742129
-999.0	415.0	333.39465597231384	1.2524261469642335	-5.078787245021946	-0.3133770737383089
-999.0	390.0	335.3444917620536	1.0234559648566786	-4.686430613199891	-0.40988492038514157
-999.0	365.0	337.2648975154634	0.8219981390568956	-4.07225020163591	-0.2443890843126384
-999.0	340.0	339.08503376069575	0.6709543602334133	-3.1206914013458795	0.22978286610710708
-999.0	315.0	340.7676160291783	0.5600613993075156	-1.8694389243506868	1.007356503274717
-999.0	290.0	342.409777211587	0.4293149015969695	-0.6587349050781911	1.935338958435595
-999.0	265.0	344.06323106329836	0.2998755643765127	0.28836033294597485	2.929779322776531
-999.0	240.0	345.6438216075723	0.18801718461844627	0.7900701153609468	3.9372147838274634
-999.0	215.0	346.9888580819343	0.10074041427837464	0.7235086211520769	4.837781625323827
-999.0	190.0	348.4024125697062	0.049569251222742874	0.3620152158869555	5.281362427605528
-999.0	165.0	350.7149360422992	0.022590055668519602	0.5738376080989596	4.587156589825957
-999.0	140.0	355.27652521188935	0.009627808252763421	1.3735186841752514	2.842087109883631
-999.0	115.0	366.5849357543436	0.005486299485589068	2.1515542300210866	1.2269314651687864
-999.0	90.0	392.42188088946756	0.0048437242473786096	3.822619383864918	0.3796819722331515
-999.0	65.0	441.1596957248671	0.003504212699934009	1.9046704692972949	0.42483120350062886
-999.0	40.0	531.8231086261013	0.013271241645432167	-7.255062338792633	0.38832365307543104
-999.0	15.0	722.2635870446547	0.07006621265576943	-14.583463666174163	0.5539988112118528
244.16666666666666	40	1004.6654398600261	day	levels	pres0
-999.0	990.0	299.47836197312785	16.32197777430216	-2.6771364212036164	-0.07334969242412007
-999.0	965.0	301.1884051304315	15.584247366587308	-4.5109413305918515	-0.5655285164713597
-999.0	940.0	302.3447229787011	15.123539288838689	-5.512949411074343	-1.1645288710792718
-999.0	915.0	303.33336003267715	14.56337372461954	-6.228513971964547	-1.791926436747115
-999.0	890.0	304.1834869917625	13.821618239084884	-6.804559008280468	-2.350406038761156
-999.0	865.0	305.0488938872945	12.887565167744967	-7.284641663233471	-2.7441826770703326
-999.0	840.0	305.9850196610232	11.817201773325616	-7.684021091461219	-2.9315967728694767
-999.0	815.0	306.96814323131053	10.738265037536634	-7.954826720555655	-2.931888151168887
-999.0	790.0	308.02405591613547	9.752814356486018	-8.054009334246343	-2.794137454032971
-999.0	765.0	309.1947515647699	8.815279086430893	-7.999160357316354	-2.5823885162672138
-999.0	740.0	310.5098564452412	7.892020193735789	-7.758680377403914	-2.3540648842851972
-999.0	715.0	311.9392034625573	7.0107078234354985	-7.354492849111574	-2.1369026735425507
-999.0	690.0	313.3594329056895	6.240923945109081	-6.85271127422652	-1.9069091652830799
-999.0	665.0	314.7266926604275	5.6063330809275564	-6.257218980789192	-1.6498741013308527
-999.0	640.0	316.12495426296914	5.012012501557688	-5.755719959735871	-1.3282577173784356
-999.0	615.0	317.57782029931707	4.463332800070461	-5.416947289307908	-0.9292094558477219
-999.0	590.0	319.257669441229	3.9481814960638797	-5.255362182855597	-0.5396389007568071
-999.0	565.0	321.20981523214203	3.4544100284576484	-5.298917790253946	-0.18811560869213834
-999.0	540.0	323.27661617880733	2.992696768045428	-5.419046328092602	0.09682066127039746
-999.0	515.0	325.38893504491745	2.547736454010009	-5.568466307222828	0.2803984822084692
-999.0	490.0	327.46868880807494	2.1516869564851087	-5.607353371630099	0.31454047362010656
-999.0	465.0	329.4609652703838	1.8075051873922299	-5.489511389533668	0.17291672825813512
-999.0	440.0	331.4308822902427	1.5065718144178337	-5.2983363946278805	-0.06447477458666231
-999.0	415.0	333.37281357002576	1.2505797535181007	-5.033949645857009	-0.3334961613019415
-999.0	390.0	335.32387298826296	1.0220097293456367	-4.636937958002088	-0.4485215375820965
-999.0	365.0	337.2472487141801	0.8203434606393158	-4.02739485551914	-0.2984648724397261
-999.0	340.0	339.07118233105416	0.6702301288644464	-3.0821425442894435	0.17040336827434055
-999.0	315.0	340.7579095637392	0.5609778682390848	-1.8364795730759933	0.9549577752748771
-999.0	290.0	342.4041903693527	0.4307141686479255	-0.6331243185947618	1.896775342275664
-999.0	265.0	344.06165618012943	0.3010868415236475	0.30182263702151546	2.90723610421019
-999.0	240.0	345.6448574978608	0.18880096351106979	0.784476942320643	3.925692188739758
-999.0	215.0	346.98513433069644	0.10106546531120943	0.7038496775862984	4.829642971356693
-999.0	190.0	348.3805372039339	0.04966112648447354	0.35535545696817056	5.274838646252928
-999.0	165.0	350.6708539024515	0.022567761751512674	0.6035094171763018	4.578532791137667
-999.0	140.0	355.2328962685618	0.009605443260322017	1.4224140206973346	2.83691519796846
-999.0	115.0	366.5772479182886	0.0054786036023870156	2.1918663489322228	1.244008567929271
-999.0	90.0	392.46331174479116	0.004835916520096361	3.8577292223771638	0.40670460298038474
-999.0	65.0	441.2403180258662	0.003514134806270402	1.9262397175033992	0.4464450331715417
-999.0	40.0	531.863523439692	0.013299926153073731	-7.215374896426959	0.38682702978452643
-999.0	15.0	722.2742846129553	0.07009064356486011	-14.547814486672438	0.5501867214838719
244.18055555555554	40	1004.5303927951388	day	levels	pres0
-999.0	990.0	299.4159937392304	16.305232705010315	-2.7028985957304723	-0.06746242410608168
-999.0	965.0	301.1644966136341	15.563811196221254	-4.558828438652889	-0.5630810108035953
-999.0	940.0	302.34456387281836	15.098292520311153	-5.568221860461761	-1.175565228528452
-999.0	915.0	303.33952549069454	14.540895705752913	-6.2849679681989805	-1.8194015511208048
-999.0	890.0	304.1824987513047	13.808199077182351	-6.86104368103874	-2.394792362054172
-999.0	865.0	305.0378796063708	12.883325492011176	-7.342646890216386	-2.8040147933694763
-999.0	840.0	305.96621652149025	11.81779736412896	-7.742685747146584	-3.0033679804867774
-999.0	815.0	306.9401541424236	10.74330314000448	-8.009273929066104	-3.0118193010488685
-999.0	790.0	307.9835987568444	9.768946541680226	-8.098259796036595	-2.8753367125987537
-999.0	765.0	309.14155415757307	8.84394568867152	-8.032301456398422	-2.6559964266087848
-999.0	740.0	310.44947982296225	7.924474355909538	-7.782086077663623	-2.412147272709305
-999.0	715.0	311.8782426312228	7.03731029563478	-7.3693952500820075	-2.1748572284976317
-999.0	690.0	313.30108524824414	6.260952887270169	-6.8578560418552765	-1.924218635674954
-999.0	665.0	314.67405767045	5.619011975659255	-6.250867037971814	-1.6468296017911523
-999.0	640.0	316.0771919471147	5.02070906427171	-5.738531565666203	-1.3077820134659512
-999.0	615.0	317.5331239682608	4.471733609173029	-5.390611653195497	-0.8958529775341324
-999.0	590.0	319.2152301387847	3.95531263682577	-5.223642876744282	-0.4990260680516574
-999.0	565.0	321.16921471270473	3.4591612438360824	-5.267057416505293	-0.14719354510307436
-999.0	540.0	323.2388402073237	2.994830990831055	-5.391934618188278	0.13362263279139147
-999.0	515.0	325.35549317114476	2.5469733715057363	-5.549950782457982	0.30905214465326825
-999.0	490.0	327.43983512847853	2.149127059843805	-5.591554601821624	0.33450267447365784
-999.0	465.0	329.4363229394414	1.804276485244435	-5.4674191483192915	0.18374020755291146
-999.0	440.0	331.4086152014205	1.5035811682542188	-5.265479437179038	-0.06674701753589471
-999.0	415.0	333.3509711677377	1.2487333600719785	-4.989112046692123	-0.35361524886554335
-999.0	390.0	335.3032542144724	1.0205634938346022	-4.587445302804337	-0.48715815477899926
-999.0	365.0	337.2295999128969	0.8186887822217414	-3.9825395094024127	-0.352540660566742
-999.0	340.0	339.05733090141246	0.6695058974954814	-3.043593687233032	0.11102387044165785
-999.0	315.0	340.74820309830005	0.5618943371706528	-1.803520221801302	0.9025590472751228
-999.0	290.0	342.39860352711844	0.43211343569887894	-0.6075137321113208	1.8582117261158053
-999.0	265.0	344.0600812969605	0.3022981186707806	0.31528494109707317	2.8846928856438936
-999.0	240.0	345.6458933881493	0.18958474240369205	0.7788837692803604	3.91416959365207
-999.0	215.0	346.98141057945855	0.10139051634404364	0.6841907340205202	4.821504317389573
-999.0	190.0	348.3586618381616	0.04975300174620402	0.3486956980493039	5.26831486490036
-999.0	165.0	350.6267717626038	0.02254546783450572	0.6331812262534625	4.569908992449431
-999.0	140.0	355.1892673252343	0.009583078267880598	1.4713093572192313	2.831743286053331
-999.0	115.0	366.56956008223364	0.005470907719184955	2.232178467843253	1.2610856706897289
-999.0	90.0	392.50474260011464	0.004828108792814122	3.8928390608893433	0.43372723372755506
-999.0	65.0	441.3209403268651	0.003524056912606788	1.947808965709471	0.4680588628424082
-999.0	40.0	531.9039382532826	0.013328610660715218	-7.175687454061405	0.3853304064936126
-999.0	15.0	722.2849821812557	0.07011507447395063	-14.512165307170843	0.5463746317558822
244.19444444444446	40	1004.3953457302518	day	levels	pres0
-999.0	990.0	299.3536255053328	16.288487635718447	-2.7286607702573065	-0.0615751557879842
-999.0	965.0	301.1405880968368	15.543375025855166	-4.606715546713932	-0.5606335051357597
-999.0	940.0	302.3444047669358	15.073045751783576	-5.623494309849213	-1.1866015859776016
-999.0	915.0	303.345690948712	14.518417686886256	-6.341421964433467	-1.8468766654945146
-999.0	890.0	304.181510510847	13.794779915279811	-6.917528353797077	-2.4391786853472563
-999.0	865.0	305.0268653254471	12.879085816277401	-7.400652117199386	-2.8638469096687396
-999.0	840.0	305.94741338195723	11.818392954932317	-7.801350402832056	-3.0751391881042447
-999.0	815.0	306.91216505353674	10.74834124247233	-8.063721137576657	-3.0917504509290525
-999.0	790.0	307.9431415975532	9.785078726874463	-8.142510257826933	-2.9565359711647505
-999.0	765.0	309.0883567503763	8.872612290912222	-8.065442555480548	-2.729604336950558
-999.0	740.0	310.3891032006831	7.956928518083382	-7.805491777923384	-2.4702296611335925
-999.0	715.0	311.81728179988806	7.063912767834155	-7.384297651052484	-2.2128117834528616
-999.0	690.0	313.2427375907987	6.280981829431338	-6.863000809484063	-1.9415281060669418
-999.0	665.0	314.6214226804724	5.631690870391007	-6.244515095154446	-1.643785102251521
-999.0	640.0	316.02942963126026	5.029405626985768	-5.721343171596524	-1.2873063095534938
-999.0	615.0	317.4884276372044	4.480134418275626	-5.3642760170830535	-0.862496499220533
-999.0	590.0	319.17279083634025	3.962443777587683	-5.191923570632924	-0.45841323534647505
-999.0	565.0	321.12861419326714	3.4639124592145323	-5.235197042756602	-0.1062714815139758
-999.0	540.0	323.2010642358399	2.9969652136166918	-5.364822908283933	0.17042460431241344
-999.0	515.0	325.32205129737173	2.5462102890014666	-5.531435257693138	0.3377058070980832
-999.0	490.0	327.4109814488821	2.1465671632024983	-5.575755832013168	0.3544648753272148
-999.0	465.0	329.41168060849895	1.80104778309663	-5.445326907104923	0.1945636868476851
-999.0	440.0	331.3863481125981	1.5005905220905917	-5.232622479730179	-0.06901926048514298
-999.0	415.0	333.32912876544964	1.2468869666258477	-4.944274447527181	-0.3737343364291801
-999.0	390.0	335.2826354406818	1.0191172583235628	-4.537952647606505	-0.5257947719759523
-999.0	365.0	337.2119511116136	0.8170341038041644	-3.9376841632855952	-0.40661644869381686
-999.0	340.0	339.04347947177087	0.6687816661265166	-3.0050448301765322	0.05164437260891738
-999.0	315.0	340.7384966328609	0.5628108061022239	-1.7705608705265314	0.850160319275323
-999.0	290.0	342.3930166848841	0.4335127027498362	-0.5819031456278105	1.819648109955924
-999.0	265.0	344.05850641379163	0.3035093958179165	0.328747245172687	2.862149667077607
-999.0	240.0	345.64692927843794	0.19036852129631637	0.7732905962401171	3.902646998564422
-999.0	215.0	346.97768682822067	0.10171556737687884	0.664531790454786	4.813365663422499
-999.0	190.0	348.3367864723893	0.04984487700793493	0.34203593913054753	5.261791083547822
-999.0	165.0	350.58268962275616	0.022523173917498907	0.66285303533082	4.5612851937612024
-999.0	140.0	355.1456383819066	0.009560713275439224	1.5202046937413094	2.826571374138205
-999.0	115.0	366.5618722461787	0.0054632118359829	2.272490586754363	1.2781627734502288
-999.0	90.0	392.5461734554382	0.0048203010655318655	3.927948899401566	0.46074986447477784
-999.0	65.0	441.4015626278644	0.0035339790189431786	1.9693782139155642	0.4896726925133046
-999.0	40.0	531.9443530668734	0.013357295168356782	-7.136000011695727	0.38383378320269945
-999.0	15.0	722.2956797495561	0.07013950538304116	-14.47651612766912	0.5425625420278971
244.20833333333334	40	1004.2602986653649	day	levels	pres0
-999.0	990.0	299.2912572714352	16.27174256642661	-2.7544229447841637	-0.055687887469951895
-999.0	965.0	301.1166795800395	15.522938855489114	-4.654602654774976	-0.5581859994680043
-999.0	940.0	302.34424566105315	15.04779898325604	-5.67876675923664	-1.1976379434267934
-999.0	915.0	303.35185640672944	14.495939668019624	-6.397875960667911	-1.8743517798682172
-999.0	890.0	304.1805222703893	13.781360753377275	-6.974013026555362	-2.4835650086402863
-999.0	865.0	305.0158510445234	12.874846140543607	-7.458657344182314	-2.923679025967896
-999.0	840.0	305.92861024242416	11.818988545735666	-7.860015058517435	-3.146910395721556
-999.0	815.0	306.8841759646498	10.753379344940175	-8.11816834608712	-3.171681600809043
-999.0	790.0	307.9026844382621	9.80121091206867	-8.186760719617194	-3.0377352297305418
-999.0	765.0	309.03515934317954	8.901278893152849	-8.09858365456262	-2.8032122472921346
-999.0	740.0	310.3287265784041	7.9893826802571315	-7.828897478183099	-2.5283120495577043
-999.0	715.0	311.75632096855355	7.0905152400334375	-7.3992000520229215	-2.250766338407942
-999.0	690.0	313.1843899333534	6.301010771592428	-6.868145577112822	-1.9588375764588113
-999.0	665.0	314.56878769049484	5.6443697651227085	-6.238163152337065	-1.6407406027118092
-999.0	640.0	315.9816673154059	5.038102189699791	-5.704154777526848	-1.2668306056409944
-999.0	615.0	317.44373130614815	4.488535227378195	-5.337940380970632	-0.8291400209069271
-999.0	590.0	319.1303515338959	3.9695749183495734	-5.160204264521594	-0.41780040264130935
-999.0	565.0	321.0880136738297	3.468663674592964	-5.203336669007931	-0.06534941792489998
-999.0	540.0	323.16328826435625	2.9990994364023162	-5.337711198379591	0.20722657583341605
-999.0	515.0	325.288609423599	2.545447206497191	-5.512919732928271	0.3663594695428888
-999.0	490.0	327.38212776928566	2.144007266561192	-5.559957062204675	0.37442707618077276
-999.0	465.0	329.3870382775566	1.797819080948833	-5.42323466589053	0.20538716614246982
-999.0	440.0	331.36408102377584	1.4975998759269746	-5.199765522281326	-0.071291503434365
-999.0	415.0	333.30728636316167	1.2450405731797236	-4.899436848362288	-0.3938534239927701
-999.0	390.0	335.2620166668913	1.0176710228125263	-4.488459992408754	-0.5644313891728433
-999.0	365.0	337.19430231033033	0.8153794253865879	-3.8928288171688727	-0.4606922368208233
-999.0	340.0	339.0296280421293	0.6680574347575502	-2.9664959731201286	-0.007735125223755912
-999.0	315.0	340.7287901674218	0.563727275033791	-1.737601519251851	0.7977615912755792
-999.0	290.0	342.3874298426498	0.4349119698007894	-0.5562925591443828	1.781084493796077
-999.0	265.0	344.05693153062265	0.3047206729650493	0.34220954924823127	2.8396064485113195
-999.0	240.0	345.6479651687264	0.19115230018893847	0.7676974231998202	3.891124403476737
-999.0	215.0	346.9739630769827	0.10204061840971305	0.6448728468889968	4.805227009455374
-999.0	190.0	348.314911106617	0.049936752269665444	0.3353761802116815	5.255267302195243
-999.0	165.0	350.5386074829086	0.02250088000049196	0.6925248444079952	4.552661395072955
-999.0	140.0	355.1020094385791	0.009538348282997804	1.5691000302632268	2.8213994622230754
-999.0	115.0	366.5541844101237	0.005455515952780843	2.3128027056654057	1.2952398762106967
-999.0	90.0	392.5876043107616	0.004812493338249629	3.963058737913747	0.4877724952219651
-999.0	65.0	441.4821849288633	0.0035439011252795635	1.990947462121636	0.5112865221841824
-999.0	40.0	531.9847678804641	0.013385979675998276	-7.09631256933017	0.38233715991179235
-999.0	15.0	722.3063773178567	0.0701639362921317	-14.440866948167521	0.5387504522999103
244.22222222222223	40	1004.1252516004776	day	levels	pres0
-999.0	990.0	299.22888903753767	16.254997497134735	-2.7801851193110227	-0.04980061915185463
-999.0	965.0	301.0927710632422	15.502502685123016	-4.70248976283605	-0.555738493800162
-999.0	940.0	302.3440865551705	15.022552214728455	-5.734039208624118	-1.2086743008759326
-999.0	915.0	303.358021864747	14.473461649152963	-6.45432995690242	-1.9018268942419136
-999.0	890.0	304.17953402993146	13.767941591474743	-7.030497699313717	-2.527951331933357
-999.0	865.0	305.0048367635996	12.870606464809843	-7.516662571165321	-2.983511142267146
-999.0	840.0	305.9098071028912	11.819584136539037	-7.918679714202907	-3.218681603339014
-999.0	815.0	306.8561868757629	10.758417447408043	-8.172615554597666	-3.251612750689224
-999.0	790.0	307.86222727897103	9.81734309726292	-8.231011181407524	-3.1189344882965457
-999.0	765.0	308.9819619359828	8.929945495393554	-8.131724753644745	-2.8768201576339223
-999.0	740.0	310.26834995612495	8.021836842430977	-7.852303178442861	-2.5863944379820056
-999.0	715.0	311.6953601372189	7.1171177122328135	-7.4141024529934025	-2.288720893363178
-999.0	690.0	313.12604227590793	6.321039713753604	-6.873290344741616	-1.9761470468507984
-999.0	665.0	314.5161527005173	5.65704865985447	-6.231811209519705	-1.6376961031721708
-999.0	640.0	315.9339049995514	5.04679875241386	-5.686966383457181	-1.2463549017285231
-999.0	615.0	317.3990349750917	4.496936036480801	-5.311604744858204	-0.7957835425933065
-999.0	590.0	319.08791223145147	3.9767060591114927	-5.128484958410251	-0.37718756993610003
-999.0	565.0	321.0474131543923	3.473414889971416	-5.171476295259251	-0.024427354335769112
-999.0	540.0	323.12551229287254	3.001233659187953	-5.310599488475244	0.2440285473544705
-999.0	515.0	325.25516754982607	2.5446841239929188	-5.494404208163411	0.395013131987729
-999.0	490.0	327.35327408968925	2.1414473699198813	-5.544158292396194	0.39438927703434506
-999.0	465.0	329.3623959466142	1.794590378801026	-5.401142424676143	0.21621064543724822
-999.0	440.0	331.3418139349535	1.4946092297633469	-5.166908564832461	-0.07356374638361626
-999.0	415.0	333.28544396087364	1.2431941797335928	-4.854599249197357	-0.4139725115564147
-999.0	390.0	335.2413978931007	1.0162247873014862	-4.4389673372109515	-0.60306800636981
-999.0	365.0	337.17665350904707	0.8137247469690103	-3.8479734710520974	-0.5147680249479206
-999.0	340.0	339.01577661248757	0.6673332033885847	-2.9279471160636845	-0.06711462305653183
-999.0	315.0	340.7190837019826	0.5646437439653612	-1.7046421679771466	0.7453628632757288
-999.0	290.0	342.3818430004154	0.4363112368517458	-0.5306819726609404	1.742520877636135
-999.0	265.0	344.0553566474538	0.3059319501121844	0.3556718533237853	2.8170632299449694
-999.0	240.0	345.649001059015	0.19193607908156216	0.7621042501595304	3.8796018083890287
-999.0	215.0	346.9702393257449	0.10236566944254785	0.6252139033232289	4.7970883554882455
-999.0	190.0	348.2930357408447	0.05002862753139608	0.32871642129289613	5.248743520842653
-999.0	165.0	350.4945253430608	0.022478586083485023	0.7221966534853224	4.544037596384676
-999.0	140.0	355.0583804952515	0.0095159832905564	1.6179953667852898	2.816227550307905
-999.0	115.0	366.5464965740688	0.005447820069578786	2.3531148245765303	1.3123169789711713
-999.0	90.0	392.629035166085	0.004804685610967377	3.99816857642599	0.5147951259691814
-999.0	65.0	441.5628072298625	0.003553823231615959	2.01251671032774	0.5329003518550839
-999.0	40.0	532.0251826940549	0.013414664183639834	-7.0566251269645	0.380840536620881
-999.0	15.0	722.3170748861571	0.07018836720122233	-14.405217768665803	0.5349383625719265
244.23611111111111	40	1003.9902045355905	day	levels	pres0
-999.0	990.0	299.16652080364014	16.238252427842895	-2.805947293837878	-0.04391335083381635
-999.0	965.0	301.06886254644485	15.482066514756962	-4.750376870897088	-0.5532909881323975
-999.0	940.0	302.34392744928783	14.997305446200917	-5.7893116580115365	-1.2197106583251134
-999.0	915.0	303.36418732276445	14.450983630286334	-6.510783953136853	-1.9293020086156036
-999.0	890.0	304.1785457894738	13.754522429572207	-7.086982372071989	-2.5723376552263737
-999.0	865.0	304.99382248267585	12.866366789076052	-7.574667798148234	-3.043343258566289
-999.0	840.0	305.8910039633583	11.820179727342385	-7.9773443698882724	-3.2904528109563143
-999.0	815.0	306.828197786876	10.763455549875887	-8.227062763108115	-3.331543900569205
-999.0	790.0	307.8217701196799	9.833475282457126	-8.275261643197775	-3.2001337468623285
-999.0	765.0	308.928764528786	8.958612097634186	-8.16486585272681	-2.950428067975492
-999.0	740.0	310.207973333846	8.054291004604728	-7.875708878702571	-2.6444768264061134
-999.0	715.0	311.6343993058844	7.143720184432095	-7.4290048539638365	-2.3266754483182597
-999.0	690.0	313.06769461846255	6.341068655914691	-6.878435112370372	-1.9934565172426735
-999.0	665.0	314.4635177105398	5.669727554586167	-6.2254592667023285	-1.6346516036324703
-999.0	640.0	315.8861426836971	5.055495315127881	-5.669777989387513	-1.225879197816039
-999.0	615.0	317.3543386440355	4.505336845583369	-5.285269108745793	-0.7624270642797173
-999.0	590.0	319.04547292900713	3.983837199873383	-5.096765652298935	-0.33657473723095
-999.0	565.0	321.0068126349549	3.4781661053498505	-5.139615921510597	0.016494709253295055
-999.0	540.0	323.0877363213889	3.0033678819735794	-5.28348777857092	0.2808305188754645
-999.0	515.0	325.22172567605327	2.543921041488646	-5.475888683398564	0.423666794432528
-999.0	490.0	327.3244204100929	2.138887473278577	-5.528359522587719	0.41435147788789656
-999.0	465.0	329.33775361567166	1.7913616766532312	-5.379050183461766	0.22703412473202464
-999.0	440.0	331.3195468461313	1.491618583599732	-5.134051607383619	-0.07583598933284885
-999.0	415.0	333.2636015585856	1.2413477862874707	-4.8097616500324705	-0.4340915991200167
-999.0	390.0	335.2207791193102	1.0147785517904524	-4.389474682013201	-0.6417046235667128
-999.0	365.0	337.1590047077638	0.8120700685514359	-3.8031181249353696	-0.5688438130749367
-999.0	340.0	339.0019251828459	0.6666089720196197	-2.889398259007272	-0.1264941208892145
-999.0	315.0	340.70937723654345	0.5655602128969293	-1.6716828167024553	0.6929641352759744
-999.0	290.0	342.3762561581812	0.4377105039026994	-0.5050713861774998	1.7039572614762764
-999.0	265.0	344.0537817642848	0.3071432272593173	0.3691341573993429	2.7945200113786735
-999.0	240.0	345.65003694930357	0.19271985797418442	0.7565110771192478	3.8680792133013413
-999.0	215.0	346.96651557450696	0.10269072047538207	0.605554959757451	4.788949701521125
-999.0	190.0	348.2711603750724	0.050120502793126576	0.3220566623740295	5.242219739490084
-999.0	165.0	350.4504432032132	0.02245629216647807	0.7518684625624827	4.53541379769644
-999.0	140.0	355.014751551924	0.009493618298114981	1.6668907033071871	2.8110556383927756
-999.0	115.0	366.53880873801387	0.005440124186376727	2.39342694348756	1.3293940817316294
-999.0	90.0	392.6704660214085	0.004796877883685135	4.03327841493817	0.5418177567163517
-999.0	65.0	441.6434295308615	0.0035637453379523437	2.0340859585338116	0.5545141815259504
-999.0	40.0	532.0655975076455	0.013443348691281318	-7.016937684598946	0.3793439133299671
-999.0	15.0	722.3277724544575	0.07021279811031286	-14.369568589164208	0.5311262728439367
244.25	40	1003.8551574707031	day	levels	pres0
-999.0	990.0	299.10415256974255	16.221507358551026	-2.831709468364716	-0.0380260825157166
-999.0	965.0	301.0449540296475	15.461630344390871	-4.79826397895813	-0.5508434824645522
-999.0	940.0	302.34376834340526	14.97205867767334	-5.844584107398987	-1.23074701577425
-999.0	915.0	303.37035278078196	14.42850561141968	-6.5672379493713375	-1.9567771229892967
-999.0	890.0	304.177557549016	13.74110326766968	-7.143467044830322	-2.6167239785194396
-999.0	865.0	304.9828082017521	12.862127113342286	-7.6326730251312265	-3.1031753748655317
-999.0	840.0	305.87220082382527	11.820775318145753	-8.03600902557373	-3.3622240185737615
-999.0	815.0	306.80020869798904	10.76849365234375	-8.281509971618654	-3.4114750504493716
-999.0	790.0	307.78131296038873	9.849607467651367	-8.319512104988098	-3.2813330054283143
-999.0	765.0	308.8755671215892	8.98727869987488	-8.19800695180893	-3.0240359783172606
-999.0	740.0	310.14759671156685	8.086745166778567	-7.899114578962326	-2.7025592148303987
-999.0	715.0	311.57343847454973	7.170322656631471	-7.443907254934311	-2.3646300032734873
-999.0	690.0	313.00934696101706	6.361097598075867	-6.883579879999161	-2.0107659876346586
-999.0	665.0	314.4108827205622	5.682406449317932	-6.219107323884965	-1.6316071040928368
-999.0	640.0	315.8383803678425	5.06419187784195	-5.65258959531784	-1.2054034939035776
-999.0	615.0	317.30964231297907	4.513737654685975	-5.258933472633362	-0.7290705859661103
-999.0	590.0	319.0030336265627	3.9909683406353014	-5.065046346187591	-0.29596190452575694
-999.0	565.0	320.96621211551735	3.482917320728302	-5.107755547761918	0.05741677284240727
-999.0	540.0	323.0499603499052	3.0055021047592163	-5.256376068666577	0.31763249039649966
-999.0	515.0	325.18828380228035	2.543157958984375	-5.457373158633708	0.45232045687735073
-999.0	490.0	327.29556673049643	2.1363275766372682	-5.512560752779246	0.4343136787414551
-999.0	465.0	329.3131112847293	1.7881329745054244	-5.356957942247392	0.23785760402679446
-999.0	440.0	331.297279757309	1.4886279374361042	-5.101194649934769	-0.07810823228210215
-999.0	415.0	333.2417591562975	1.2395013928413392	-4.764924050867558	-0.4542106866836548
-999.0	390.0	335.20016034551963	1.0133323162794112	-4.339982026815414	-0.6803412407636642
-999.0	365.0	337.1413559064805	0.8104153901338578	-3.7582627788186076	-0.6229196012020112
-999.0	340.0	338.9880737532043	0.665884740650654	-2.8508494019508364	-0.18587361872196195
-999.0	315.0	340.69967077110425	0.5664766818284989	-1.6387234654277565	0.6405654072761535
-999.0	290.0	342.37066931594694	0.43910977095365533	-0.4794607996940613	1.6653936453163622
-999.0	265.0	344.0522068811159	0.3083545044064522	0.38259646147489546	2.7719767928123473
-999.0	240.0	345.6510728395921	0.19350363686680797	0.7509179040789604	3.8565566182136544
-999.0	215.0	346.9627918232691	0.10301577150821688	0.5858960161916911	4.780811047554017
-999.0	190.0	348.24928500930014	0.050212378054857267	0.3153969034552576	5.235695958137512
-999.0	165.0	350.4063610633655	0.02243399824947119	0.7815402716398239	4.526789999008179
-999.0	140.0	354.97112260859643	0.009471253305673602	1.7157860398292544	2.8058837264776235
-999.0	115.0	366.5311209019589	0.005432428303174675	2.4337390623986725	1.3464711844921113
-999.0	90.0	392.71189687673206	0.004789070156402887	4.068388253450394	0.5688403874635697
-999.0	65.0	441.72405183186055	0.003573667444288731	2.0556552067399023	0.5761280111968518
-999.0	40.0	532.1060123212362	0.013472033198922873	-6.977250242233278	0.3778472900390626
-999.0	15.0	722.3384700227581	0.07023722901940346	-14.333919409662485	0.5273141831159591
244.26388888888889	40	1003.8530076768665	day	levels	pres0
-999.0	990.0	299.07235056506505	16.244040669335277	-2.8333493010864923	-0.07230928275324867
-999.0	965.0	300.9842837061715	15.463442103068033	-4.800703096389731	-0.5907227944997164
-999.0	940.0	302.29174589676995	14.965674802992071	-5.875570416450475	-1.2735414374206306
-999.0	915.0	303.3251540296046	14.417423682742637	-6.616817522048935	-1.9991650366121316
-999.0	890.0	304.1386957554923	13.728549999660906	-7.1907869338989165	-2.6506412881944317
-999.0	865.0	304.9479257577676	12.854482396443682	-7.665475898318811	-3.120496553182638
-999.0	840.0	305.8391622129092	11.822011152903245	-8.052731572257132	-3.360387906763319
-999.0	815.0	306.7720197306914	10.773190402984628	-8.285394631491748	-3.3910636014408735
-999.0	790.0	307.7591703714051	9.849820105234784	-8.313850090238759	-3.245390115843883
-999.0	765.0	308.8595540160346	8.982500171661371	-8.184126390351162	-2.976362613174634
-999.0	740.0	310.13536617728516	8.080332665973232	-7.876514222224523	-2.6480126268333524
-999.0	715.0	311.5624322434879	7.165032553672788	-7.412654227680596	-2.3070510725179822
-999.0	690.0	312.99905577111446	6.354790765709346	-6.846769648459189	-1.9517026803559128
-999.0	665.0	314.4010566181827	5.672741291920342	-6.181325036949547	-1.5728287200132354
-999.0	640.0	315.8292168782232	5.05406059357855	-5.617947416835328	-1.1490009937020798
-999.0	615.0	317.3012801355795	4.506541233592565	-5.232080423831912	-0.6779220183689758
-999.0	590.0	318.99444239212727	3.9860425598091576	-5.04692855808468	-0.25349484460629923
-999.0	565.0	320.955761215937	3.4795599848032017	-5.098403295543449	0.08717841994435091
-999.0	540.0	323.0369226216554	3.002312855588065	-5.254513574143251	0.3331405444277853
-999.0	515.0	325.17217992782685	2.5384713523917695	-5.460829970240604	0.45338187381987416
-999.0	490.0	327.27731237025665	2.1313735153939937	-5.518070430888086	0.4256338668366167
-999.0	465.0	329.29426354982024	1.784327662653388	-5.360330591268025	0.225735237035475
-999.0	440.0	331.2795927314442	1.4859296729167257	-5.098490837878666	-0.09103742854463726
-999.0	415.0	333.22687451583056	1.2378736956251954	-4.753167123761451	-0.46568902690585257
-999.0	390.0	335.1878875511554	1.0119247752759157	-4.321773419115287	-0.6865423054330918
-999.0	365.0	337.1304488382982	0.8084655976957708	-3.739928525686274	-0.6207270328369371
-999.0	340.0	338.9762626104437	0.6637364410691761	-2.842337179846248	-0.178088172607935
-999.0	315.0	340.6844312642464	0.5643770883480689	-1.6502783606449987	0.6493325413929428
-999.0	290.0	342.35061888871667	0.4373313777976554	-0.515110645194882	1.6736054480076292
-999.0	265.0	344.02653375811695	0.30704403701755684	0.3229291458924142	2.778000910578911
-999.0	240.0	345.6207205404339	0.19266836461093667	0.6723224275641392	3.8531840152210934
-999.0	215.0	346.9337459323356	0.10264948565098969	0.501092770612841	4.759676488240553
-999.0	190.0	348.2315877075958	0.05005140519804426	0.24272348019805778	5.197850068410198
-999.0	165.0	350.4034602693381	0.022342166335632373	0.731158321433524	4.484457670317699
-999.0	140.0	354.9761302663708	0.009448571554902498	1.6776270283592203	2.774624909952666
-999.0	115.0	366.54524037731704	0.005434110157916101	2.4005091940362573	1.3356905867655713
-999.0	90.0	392.753790897288	0.004796543906235854	4.048255068725987	0.5827507423107491
-999.0	65.0	441.7505212954338	0.0035546687172932708	2.048853047854374	0.5986017074849843
-999.0	40.0	532.0830188151456	0.013452168491979407	-6.993379465738938	0.38211966529487706
-999.0	15.0	722.2236403006043	0.06994210042887236	-14.36189217434991	0.5142493280271564
244.27777777777777	40	1003.8508578830296	day	levels	pres0
-999.0	990.0	299.04054856038755	16.266573980119485	-2.8349891338083535	-0.10659248299067314
-999.0	965.0	300.9236133826955	15.4652538617452	-4.803142213821417	-0.6306021065347532
-999.0	940.0	302.2397234501347	14.959290928310821	-5.906556725502007	-1.3163358590668903
-999.0	915.0	303.27995527842745	14.406341754065625	-6.6663970947265465	-2.0415529502348586
-999.0	890.0	304.0998339619685	13.71599673165216	-7.238106822967511	-2.6845585978693296
-999.0	865.0	304.9130433137833	12.846837679545088	-7.698278771506404	-3.1378177314996645
-999.0	840.0	305.8061236019931	11.823246987660724	-8.069454118940559	-3.3585517949528163
-999.0	815.0	306.7438307633939	10.777887153625485	-8.28927929136488	-3.370652152432341
-999.0	790.0	307.73702778242165	9.850032742818195	-8.30818807548947	-3.2094472262594542
-999.0	765.0	308.84354091048004	8.977721643447877	-8.170245828893455	-2.9286892480320557
-999.0	740.0	310.1231356430034	8.073920165167916	-7.85391386548679	-2.593466038836392
-999.0	715.0	311.5514260124261	7.159742450714113	-7.3814012004269625	-2.2494721417625954
-999.0	690.0	312.9887645812118	6.3484839333428305	-6.809959416919299	-1.8926393730773092
-999.0	665.0	314.3912305158033	5.66307613452276	-6.1435427500142135	-1.514050335933788
-999.0	640.0	315.8200533886038	5.043929309315157	-5.583305238352896	-1.0925984935007382
-999.0	615.0	317.2929179581799	4.499344812499157	-5.205227375030529	-0.6267734507719869
-999.0	590.0	318.98585115769185	3.9811167789830115	-5.028810769981816	-0.21102778468696473
-999.0	565.0	320.94531031635677	3.476202648878099	-5.089051043325005	0.11694006704620882
-999.0	540.0	323.0238848934056	2.9991236064169158	-5.252651079619926	0.3486485984590282
-999.0	515.0	325.15607605337334	2.533784745799173	-5.464286781847476	0.4544432907623981
-999.0	490.0	327.259058010017	2.1264194541507324	-5.523580108996893	0.41695405493180426
-999.0	465.0	329.27541581491107	1.780522350801364	-5.363703240288627	0.21361287004418272
-999.0	440.0	331.26190570557947	1.4832314083973586	-5.095787025822535	-0.10396662480714941
-999.0	415.0	333.2119898753634	1.2362459984090606	-4.7414101966553295	-0.47716736712803326
-999.0	390.0	335.17561475679116	1.010517234272428	-4.303564811415147	-0.6927433701025135
-999.0	365.0	337.1195417701158	0.8065158052576926	-3.721594272553926	-0.6185344644718763
-999.0	340.0	338.964451467683	0.6615881414877057	-2.833824957741633	-0.17030272649395012
-999.0	315.0	340.66919175738855	0.5622774948676437	-1.6618332558621907	0.6580996755096563
-999.0	290.0	342.3305684614864	0.4355529846416587	-0.5507604906956216	1.6818172506987976
-999.0	265.0	344.00086063511804	0.305733569628663	0.26326183031004946	2.784025028345376
-999.0	240.0	345.5903682412759	0.1918330923550662	0.5937269510494628	3.8498114122284792
-999.0	215.0	346.9047000414021	0.10228319979376278	0.41628952503414185	4.738541928927115
-999.0	190.0	348.2138904058916	0.049890432341231306	0.1700500569410014	5.160004178682985
-999.0	165.0	350.4005594753108	0.022250334421793652	0.6807763712273851	4.442125341627355
-999.0	140.0	354.98113792414523	0.00942588980413146	1.6394680168893778	2.7433660934278348
-999.0	115.0	366.5593598526752	0.005435792012657556	2.3672793256739983	1.3249099890391052
-999.0	90.0	392.7956849178439	0.004804017656068833	4.0281218840016395	0.596661097157948
-999.0	65.0	441.77699075900705	0.003535669990297828	2.042050888968842	0.6210754037731151
-999.0	40.0	532.060025309055	0.013432303785036018	-7.009508689244583	0.3863920405507096
-999.0	15.0	722.1088105784509	0.06964697183834195	-14.389864939037285	0.5011844729383845
244.29166666666666	40	1003.8487080891929	day	levels	pres0
-999.0	990.0	299.0087465557101	16.28910729090374	-2.8366289665301445	-0.14087568322821659
-999.0	965.0	300.86294305921956	15.467065620422364	-4.805581331253032	-0.6704814185699332
-999.0	940.0	302.1877010034992	14.952907053629547	-5.9375430345535225	-1.359130280713287
-999.0	915.0	303.2347565272502	14.395259825388575	-6.71597666740418	-2.0839408638577073
-999.0	890.0	304.0609721684447	13.703443463643378	-7.2854267120361405	-2.7184759075443297
-999.0	865.0	304.8781608697988	12.839192962646477	-7.731081644694015	-3.15513890981677
-999.0	840.0	305.77308499107704	11.824482822418215	-8.08617666562398	-3.3567156831423652
-999.0	815.0	306.7156417960962	10.782583904266362	-8.29316395123799	-3.3502407034238297
-999.0	790.0	307.714885193438	9.850245380401612	-8.30252606074014	-3.173504336675008
-999.0	765.0	308.8275278049255	8.972943115234374	-8.156365267435694	-2.8810158828894163
-999.0	740.0	310.1109051087218	8.067507664362589	-7.831313508748991	-2.5389194508393342
-999.0	715.0	311.5404197813642	7.1544523477554325	-7.350148173173247	-2.1918932110070806
-999.0	690.0	312.9784733913091	6.34217710097631	-6.7731491853793235	-1.8335760657985527
-999.0	665.0	314.38140441342375	5.65341097712517	-6.105760463078794	-1.455271951854173
-999.0	640.0	315.81088989898444	5.0337980250517536	-5.548663059870378	-1.0361959932992253
-999.0	615.0	317.2845557807802	4.4921483914057445	-5.178374326229075	-0.5756248831748362
-999.0	590.0	318.97725992325644	3.97619099815687	-5.010692981878901	-0.1685607247674919
-999.0	565.0	320.9348594167764	3.4728453129529977	-5.079698791106533	0.14670171414816552
-999.0	540.0	323.01084716515584	2.9959343572457637	-5.250788585096593	0.36415665249032464
-999.0	515.0	325.1399721789199	2.5290981392065652	-5.467743593454362	0.45550470770493096
-999.0	490.0	327.24080364977715	2.1214653929074565	-5.529089787105721	0.40827424302697557
-999.0	465.0	329.2565680800019	1.7767170389493263	-5.367075889309248	0.2014905030528743
-999.0	440.0	331.2442186797148	1.4805331438779796	-5.093083213766415	-0.11689582106967175
-999.0	415.0	333.1971052348964	1.2346183011929168	-4.72965326954921	-0.48864570735021634
-999.0	390.0	335.16334196242707	1.0091096932689325	-4.285356203715007	-0.6989444347719262
-999.0	365.0	337.10863470193345	0.8045660128196055	-3.703260019421581	-0.6163418961067898
-999.0	340.0	338.9526403249223	0.6594398419062272	-2.825312735637038	-0.16251728037991753
-999.0	315.0	340.65395225053084	0.5601779013872128	-1.6733881510794344	0.666866809626441
-999.0	290.0	342.3105180342562	0.4337745914856581	-0.5864103361964522	1.6900290533900517
-999.0	265.0	343.9751875121191	0.30442310223976726	0.2035945147275507	2.790049146111923
-999.0	240.0	345.5600159421178	0.1909978200991947	0.5151314745346188	3.8464388092359005
-999.0	215.0	346.8756541504686	0.10191691393653553	0.33148627945527026	4.717407369613632
-999.0	190.0	348.19619310418744	0.049729459484418204	0.09737663368379157	5.122158288955648
-999.0	165.0	350.39765868128336	0.022158502507954776	0.6303944210210949	4.399793012936852
-999.0	140.0	354.9861455819196	0.00940320805336035	1.6013090054193593	2.712107276902865
-999.0	115.0	366.5734793280333	0.005437473867398985	2.334049457311586	1.3141293913125633
-999.0	90.0	392.8375789384	0.004811491405901806	4.007988699277226	0.6105714520051378
-999.0	65.0	441.80346022258044	0.0035166712633023585	2.0352487300833073	0.6435491000612634
-999.0	40.0	532.0370318029644	0.013412439078092555	-7.025637912750248	0.3906644158065269
-999.0	15.0	721.9939808562972	0.06935184324781081	-14.417837703724718	0.48811961784957275
244.30555555555554	40	1003.846558295356	day	levels	pres0
-999.0	990.0	298.97694455103266	16.311640601687944	-2.8382687992520053	-0.17515888346564112
-999.0	965.0	300.80227273574354	15.468877379099526	-4.808020448684717	-0.71036073060497
-999.0	940.0	302.1356785568639	14.946523178948299	-5.968529343605054	-1.4019247023595462
-999.0	915.0	303.18955777607306	14.384177896711567	-6.765556240081789	-2.1263287774804343
-999.0	890.0	304.02211037492094	13.69089019563463	-7.332746601104738	-2.752393217219227
-999.0	865.0	304.8432784258144	12.831548245747884	-7.763884517881607	-3.1724600881337963
-999.0	840.0	305.74004638016106	11.825718657175694	-8.102899212307408	-3.3548795713318613
-999.0	815.0	306.6874528287986	10.787280654907219	-8.297048611111123	-3.3298292544152983
-999.0	790.0	307.69274260445445	9.850458017985025	-8.296864045990853	-3.137561447090581
-999.0	765.0	308.811514699371	8.968164587020878	-8.142484705977989	-2.8333425177468374
-999.0	740.0	310.09867457444005	8.06109516355727	-7.808713152011258	-2.484372862842375
-999.0	715.0	311.52941355030237	7.149162244796758	-7.318895145919613	-2.134314280251694
-999.0	690.0	312.9681822014065	6.335870268609795	-6.736338953839435	-1.774512758519949
-999.0	665.0	314.37157831104423	5.643745819727587	-6.06797817614346	-1.3964935677747257
-999.0	640.0	315.80172640936513	5.023666740788361	-5.514020881387947	-0.9797934930978835
-999.0	615.0	317.27619360338053	4.484951970312334	-5.151521277427691	-0.5244763155778476
-999.0	590.0	318.9686686888211	3.9712652173307235	-4.992575193776037	-0.12609366484815737
-999.0	565.0	320.9244085171961	3.469487977027895	-5.070346538888089	0.1764633612500236
-999.0	540.0	322.9978094369061	2.9927451080746144	-5.248926090573268	0.37966470652156764
-999.0	515.0	325.1238683044664	2.5244115326139687	-5.471200405061234	0.45656612464745505
-999.0	490.0	327.2225492895374	2.116511331664195	-5.534599465214528	0.399594431122163
-999.0	465.0	329.2377203450927	1.7729117270973023	-5.37044853832985	0.18936813606158187
-999.0	440.0	331.22653165385003	1.4778348793586125	-5.090379401710285	-0.1298250173321839
-999.0	415.0	333.1822205944293	1.232990603976782	-4.717896342443089	-0.5001240475723969
-999.0	390.0	335.15106916806286	1.0077021522654448	-4.267147596014868	-0.7051454994413477
-999.0	365.0	337.0977276337511	0.8026162203815271	-3.6849257662892327	-0.6141493277417291
-999.0	340.0	338.9408291821617	0.6572915423247567	-2.8168005135324226	-0.1547318342659326
-999.0	315.0	340.63871274367295	0.5580783079067877	-1.684943046296627	0.6756339437431546
-999.0	290.0	342.29046760702596	0.4319961983296614	-0.6220601816971919	1.6982408560812197
-999.0	265.0	343.9495143891201	0.3031126348508734	0.14392719914518576	2.796073263878389
-999.0	240.0	345.52966364295975	0.1901625478433242	0.4365359980199425	3.8430662062432863
-999.0	215.0	346.84660825953506	0.1015506280793086	0.24668303387657142	4.6962728103001945
-999.0	190.0	348.1784958024832	0.04956848662760526	0.02470321042673529	5.084312399228433
-999.0	165.0	350.3947578872561	0.02206667059411605	0.5800124708149568	4.357460684246507
-999.0	140.0	354.9911532396939	0.009380526302589317	1.5631499939495166	2.6808484603780336
-999.0	115.0	366.5875988033914	0.00543915572214044	2.3008195889493273	1.303348793586097
-999.0	90.0	392.87947295895594	0.004818965155734785	3.987855514552879	0.6244818068523369
-999.0	65.0	441.82992968615366	0.0034976725363069163	2.028446571197775	0.6660227963493939
-999.0	40.0	532.0140382968738	0.013392574371149168	-7.041767136255893	0.39493679106235946
-999.0	15.0	721.8791511341437	0.06905671465728039	-14.445810468412093	0.47505476276080105
244.31944444444446	40	1003.8444085015191	day	levels	pres0
-999.0	990.0	298.94514254635516	16.334173912472217	-2.8399086319737714	-0.20944208370316697
-999.0	965.0	300.7416024122674	15.470689137776697	-4.810459566116309	-0.7502400426401267
-999.0	940.0	302.08365611022856	14.940139304267035	-5.999515652656543	-1.4447191240059245
-999.0	915.0	303.1443590248957	14.37309596803453	-6.815135812759396	-2.1687166911032687
-999.0	890.0	303.9832485813972	13.678336927625868	-7.38006649017334	-2.786310526894218
-999.0	865.0	304.80839598182996	12.823903528849288	-7.796687391069198	-3.1897812664508973
-999.0	840.0	305.70700776924497	11.826954491933195	-8.119621758990812	-3.35304345952141
-999.0	815.0	306.659263861501	10.791977405548105	-8.300933270984215	-3.3094178054067847
-999.0	790.0	307.6706000154709	9.850670655568441	-8.29120203124151	-3.1016185575061295
-999.0	765.0	308.79550159381637	8.96338605880737	-8.128604144520212	-2.7856691526041906
-999.0	740.0	310.0864440401582	8.054682662751935	-7.786112795273441	-2.4298262748453086
-999.0	715.0	311.5184073192405	7.143872141838069	-7.287642118665882	-2.076735349496174
-999.0	690.0	312.9578910115037	6.329563436243264	-6.699528722299442	-1.715449451241194
-999.0	665.0	314.36175220866477	5.634080662329986	-6.030195889208026	-1.337715183695125
-999.0	640.0	315.7925629197457	5.013535456524949	-5.47937870290542	-0.9233909928963959
-999.0	615.0	317.267831425981	4.477755549218916	-5.124668228626233	-0.47332774798073096
-999.0	590.0	318.96007745438567	3.966339436504573	-4.974457405673121	-0.08362660492872337
-999.0	565.0	320.91395761761584	3.4661306411027892	-5.0609942866696205	0.2062250083519414
-999.0	540.0	322.98477170865635	2.9895558589034597	-5.247063596049948	0.3951727605528266
-999.0	515.0	325.10776443001276	2.5197249260213614	-5.47465721666814	0.45762754158995134
-999.0	490.0	327.2042949292976	2.11155727042092	-5.5401091433233844	0.3909146192172974
-999.0	465.0	329.2188726101836	1.7691064152452651	-5.373821187350502	0.17724576907023487
-999.0	440.0	331.20884462798523	1.4751366148392338	-5.087675589654196	-0.1427542135947471
-999.0	415.0	333.1673359539623	1.2313629067606375	-4.706139415336987	-0.5116023877946209
-999.0	390.0	335.13879637369865	1.0062946112619484	-4.248938988314738	-0.7113465641107933
-999.0	365.0	337.0868205655688	0.8006664279434393	-3.6665915131568925	-0.6119567593766582
-999.0	340.0	338.929018039401	0.6551432427432784	-2.808288291427828	-0.14694638815189875
-999.0	315.0	340.62347323681524	0.5559787144263575	-1.6964979415138657	0.6844010778599529
-999.0	290.0	342.27041717979574	0.43021780517366137	-0.6577100271980146	1.7064526587724962
-999.0	265.0	343.9238412661212	0.3018021674619776	0.08425988356269604	2.8020973816449626
-999.0	240.0	345.4993113438017	0.18932727558745238	0.3579405215051087	3.8396936032507334
-999.0	215.0	346.8175623686016	0.10118434222208111	0.16187978829770955	4.675138250986732
-999.0	190.0	348.1607985007791	0.049407513770792194	-0.04797021283047154	5.046466509501122
-999.0	165.0	350.39185709322874	0.02197483868027727	0.5296305206086502	4.315128355556044
-999.0	140.0	354.99616089746837	0.009357844551818234	1.5249909824794692	2.6495896438531097
-999.0	115.0	366.60171827874956	0.005440837576881878	2.2675897205868916	1.2925681958595896
-999.0	90.0	392.92136697951184	0.0048264389055677585	3.9677223298284536	0.6383921616995302
-999.0	65.0	441.8563991497269	0.0034786738093114515	2.021644412312243	0.6884964926375272
-999.0	40.0	531.991044790783	0.013372709664205687	-7.057896359761564	0.39920916631817394
-999.0	15.0	721.7643214119901	0.06876158606674916	-14.47378323309953	0.461989907672005
244.33333333333334	40	1003.8422587076824	day	levels	pres0
-999.0	990.0	298.91334054167766	16.35670722325642	-2.841548464695621	-0.24372528394059448
-999.0	965.0	300.68093208879156	15.47250089645386	-4.812898683547985	-0.7901193546751698
-999.0	940.0	302.0316336635933	14.933755429585787	-6.030501961708069	-1.4875135456521926
-999.0	915.0	303.0991602737185	14.36201403935752	-6.864715385437004	-2.2111046047260032
-999.0	890.0	303.9443867878735	13.665783659617123	-7.427386379241932	-2.820227836569121
-999.0	865.0	304.7735135378456	12.816258811950695	-7.829490264256789	-3.207102444767925
-999.0	840.0	305.67396915832893	11.828190326690676	-8.136344305674239	-3.3512073477109072
-999.0	815.0	306.63107489420344	10.796674156188962	-8.30481793085735	-3.289006356398253
-999.0	790.0	307.6484574264873	9.850883293151856	-8.285540016492222	-3.065675667921704
-999.0	765.0	308.77948848826185	8.958607530593877	-8.11472358306251	-2.7379957874616143
-999.0	740.0	310.07421350587657	8.048270161946617	-7.763512438535713	-2.3752796868483497
-999.0	715.0	311.50740108817877	7.138582038879394	-7.2563890914122515	-2.0191564187407858
-999.0	690.0	312.94759982160105	6.323256603876748	-6.662718490759559	-1.656386143962586
-999.0	665.0	314.3519261062853	5.6244155049324025	-5.9924136022726975	-1.2789367996156706
-999.0	640.0	315.78339943012645	5.003404172261555	-5.444736524422991	-0.8669884926950451
-999.0	615.0	317.2594692485813	4.470559128125507	-5.097815179824854	-0.42217918038373303
-999.0	590.0	318.9514862199502	3.9614136556784305	-4.956339617570261	-0.041159545009380905
-999.0	565.0	320.90350671803554	3.4627733051776874	-5.051642034451179	0.23598665545380498
-999.0	540.0	322.9717339804066	2.9863666097323103	-5.245201101526622	0.4106808145840735
-999.0	515.0	325.09166055555943	2.5150383194287644	-5.47811402827501	0.4586889585324794
-999.0	490.0	327.18604056905787	2.106603209177657	-5.5456188214321855	0.3822348073124895
-999.0	465.0	329.2000248752744	1.7653011033932398	-5.377193836371097	0.16512340207894843
-999.0	440.0	331.19115760212037	1.472438350319864	-5.0849717775980565	-0.1556834098572525
-999.0	415.0	333.1524513134952	1.2297352095445009	-4.69438248823086	-0.5230807280167952
-999.0	390.0	335.1265235793344	1.0048870702584594	-4.230730380614597	-0.7175476287802095
-999.0	365.0	337.0759134973864	0.7987166355053595	-3.6482572600245464	-0.6097641910115943
-999.0	340.0	338.91720689664027	0.6529949431618066	-2.799776069323218	-0.13916094203791501
-999.0	315.0	340.60823372995736	0.5538791209459314	-1.7080528367310652	0.6931682119766599
-999.0	290.0	342.25036675256547	0.42843941201766406	-0.6933598726987616	1.7146644614636533
-999.0	265.0	343.89816814312223	0.3004917000730837	0.024592567980326108	2.8081214994114165
-999.0	240.0	345.4689590446436	0.1884920033315819	0.27934504499043034	3.8363210002581085
-999.0	215.0	346.78851647766805	0.10081805636485416	0.07707654271901498	4.654003691673286
-999.0	190.0	348.1431011990748	0.04924654091397918	-0.1206436360875126	5.008620619773893
-999.0	165.0	350.3889562992013	0.021883006766438513	0.47924857040253377	4.272796026865681
-999.0	140.0	355.00116855524266	0.009335162801047198	1.4868319710096372	2.618330827328265
-999.0	115.0	366.61583775410764	0.005442519431623333	2.234359852224625	1.2817875981331173
-999.0	90.0	392.9632610000678	0.004833912655400738	3.9475891451040943	0.6523025165467267
-999.0	65.0	441.88286861330016	0.0034596750823160096	2.0148422534267043	0.7109701889256621
-999.0	40.0	531.9680512846925	0.013352844957262293	-7.074025583267211	0.40348154157400823
-999.0	15.0	721.6494916898367	0.06846645747621874	-14.50175599778691	0.44892505258323584
244.34722222222223	40	1003.8401089138455	day	levels	pres0
-999.0	990.0	298.8815385370002	16.379240534040676	-2.8431882974174236	-0.27800848417813473
-999.0	965.0	300.62026176531543	15.474312655131024	-4.81533780097961	-0.8299986667103431
-999.0	940.0	301.9796112169579	14.927371554904513	-6.0614882707595905	-1.5303079672985807
-999.0	915.0	303.0539615225413	14.35093211068047	-6.914294958114641	-2.2534925183488443
-999.0	890.0	303.9055249943497	13.653230391608338	-7.474706268310564	-2.854145146244116
-999.0	865.0	304.73863109386116	12.808614095052082	-7.862293137444403	-3.2244236230850296
-999.0	840.0	305.6409305474129	11.829426161448163	-8.15306685235766	-3.3493712359004566
-999.0	815.0	306.6028859269058	10.80137090682984	-8.308702590730459	-3.268594907389742
-999.0	790.0	307.62631483750374	9.851095930735273	-8.279878001742892	-3.029732778337255
-999.0	765.0	308.76347538270727	8.95382900238037	-8.100843021604746	-2.690322422318973
-999.0	740.0	310.06198297159483	8.04185766114129	-7.74091208179791	-2.320733098851291
-999.0	715.0	311.49639485711685	7.133291935920714	-7.225136064158534	-1.961577487985272
-999.0	690.0	312.9373086316984	6.316949771510228	-6.62590825921958	-1.597322836683834
-999.0	665.0	314.3421000039058	5.614750347534812	-5.954631315337272	-1.2201584155360632
-999.0	640.0	315.7742359405071	4.993272887998153	-5.41009434594047	-0.8105859924935414
-999.0	615.0	317.2511070711817	4.463362707032096	-5.070962131023396	-0.3710306127865916
-999.0	590.0	318.94289498551484	3.956487874852285	-4.9382218294673415	0.0013075149100840455
-999.0	565.0	320.8930558184552	3.4594159692525848	-5.042289782232704	0.26574830255575616
-999.0	540.0	322.9586962521568	2.9831773605611582	-5.24333860700329	0.4261888686153659
-999.0	515.0	325.0755566811058	2.5103517128361577	-5.481570839881898	0.4597503754750084
-999.0	490.0	327.16778620881814	2.1016491479343817	-5.551128499541019	0.3735549954076562
-999.0	465.0	329.1811771403652	1.7614957915412033	-5.380566485391725	0.1530010350876341
-999.0	440.0	331.1734705762557	1.4697400858004877	-5.082267965541946	-0.16861260611978152
-999.0	415.0	333.1375666730282	1.228107512328359	-4.6826255611247465	-0.5345590682389849
-999.0	390.0	335.1142507849702	1.0034795292549652	-4.212521772914458	-0.7237486934496278
-999.0	365.0	337.06500642920406	0.796766843067274	-3.6299230068921995	-0.6075716226465112
-999.0	340.0	338.90539575387965	0.6508466435803295	-2.791263847218618	-0.1313754959238815
-999.0	315.0	340.5929942230996	0.5517795274655015	-1.7196077319483016	0.7019353460934512
-999.0	290.0	342.23031632533525	0.426661018861664	-0.7290097181995849	1.7228762641549187
-999.0	265.0	343.8724950201233	0.29918123268418795	-0.0350747476021675	2.814145617177974
-999.0	240.0	345.4386067454856	0.1876567310757104	0.20074956847558822	3.83294839726554
-999.0	215.0	346.75947058673455	0.10045177050762694	-0.007726702859861101	4.6328691323598115
-999.0	190.0	348.1254038973706	0.04908556805716615	-0.19331705934473709	4.9707747300465694
-999.0	165.0	350.38605550517394	0.02179117485259967	0.42886662019622146	4.230463698175197
-999.0	140.0	355.00617621301706	0.00931248105027609	1.448672959539608	2.587072010803309
-999.0	115.0	366.62995722946573	0.005444201286364762	2.201129983862221	1.2710070004065814
-999.0	90.0	393.0051550206239	0.004841386405233711	3.927455960379693	0.6662128713939188
-999.0	65.0	441.9093380768735	0.003440676355320539	2.0080400945411756	0.7334438852138062
-999.0	40.0	531.9450577786017	0.013332980250318835	-7.090154806772874	0.4077539168298236
-999.0	15.0	721.534661967683	0.0681713288856876	-14.529728762474337	0.4358601974944215
244.36111111111111	40	1003.8379591200086	day	levels	pres0
-999.0	990.0	298.84973653232277	16.40177384482488	-2.844828130139284	-0.3122916844155595
-999.0	965.0	300.55959144183953	15.476124413808188	-4.817776918411296	-0.8698779787453798
-999.0	940.0	301.92758877032264	14.920987680223263	-6.092474579811122	-1.5731023889448406
-999.0	915.0	303.0087627713641	14.33985018200346	-6.963874530792252	-2.2958804319715718
-999.0	890.0	303.866663200826	13.640677123599595	-7.52202615737916	-2.888062455919014
-999.0	865.0	304.7037486498767	12.80096937815349	-7.8950960106319945	-3.241744801402057
-999.0	840.0	305.60789193649686	11.830661996205643	-8.169789399041086	-3.3475351240899527
-999.0	815.0	306.5746969596082	10.806067657470695	-8.312587250603592	-3.24818345838121
-999.0	790.0	307.60417224852023	9.851308568318684	-8.274215986993601	-2.9937898887528283
-999.0	765.0	308.7474622771527	8.949050474166878	-8.086962460147038	-2.6426490571763948
-999.0	740.0	310.04975243731315	8.035445160335973	-7.718311725060178	-2.266186510854331
-999.0	715.0	311.48538862605506	7.12800183296204	-7.193883036904898	-1.903998557229886
-999.0	690.0	312.92701744179567	6.3106429391437135	-6.5890980276796896	-1.53825952940523
-999.0	665.0	314.3322739015263	5.60508519013723	-5.9168490284019395	-1.1613800314566154
-999.0	640.0	315.7650724508878	4.983141603734759	-5.375452167458038	-0.7541834922921997
-999.0	615.0	317.2427448937821	4.456166285938685	-5.044109082222013	-0.31988204518960295
-999.0	590.0	318.9343037510795	3.951562094026139	-4.920104041364479	0.04377457482941849
-999.0	565.0	320.8826049188749	3.456058633327483	-5.0329375300142605	0.295509949657614
-999.0	540.0	322.94565852390707	2.979988111390008	-5.2414761124799645	0.441696922646609
-999.0	515.0	325.05945280665236	2.505665106243561	-5.485027651488771	0.4608117924175324
-999.0	490.0	327.1495318485783	2.0966950866911205	-5.556638177649828	0.36487518350284365
-999.0	465.0	329.16232940545603	1.7576904796891795	-5.383939134412326	0.14087866809634186
-999.0	440.0	331.15578355039094	1.4670418212811198	-5.079564153485815	-0.18154180238229367
-999.0	415.0	333.12268203256116	1.2264798151122238	-4.670868634018623	-0.5460374084611656
-999.0	390.0	335.101977990606	1.0020719882514781	-4.194313165214319	-0.7299497581190493
-999.0	365.0	337.05409936102177	0.7948170506291958	-3.611588753759852	-0.6053790542814504
-999.0	340.0	338.89358461111897	0.6486983439988592	-2.7827516251140034	-0.12359004980989635
-999.0	315.0	340.57775471624177	0.5496799339850764	-1.731162627165494	0.7107024802101648
-999.0	290.0	342.210265898105	0.4248826257056673	-0.7646595637003245	1.7310880668460866
-999.0	265.0	343.84682189712436	0.2978707652952942	-0.09474206318453238	2.820169734944441
-999.0	240.0	345.4082544463274	0.18682145881983994	0.12215409196091198	3.8295757942729263
-999.0	215.0	346.7304246958011	0.10008548465040001	-0.09252994843856033	4.611734573046374
-999.0	190.0	348.10770659566646	0.0489245952003532	-0.2659904826017936	4.932928840319356
-999.0	165.0	350.38315471114663	0.021699342938760954	0.37848466999008334	4.188131369484853
-999.0	140.0	355.01118387079146	0.009289799299505054	1.4105139480697653	2.555813194278478
-999.0	115.0	366.6440767048239	0.005445883141106216	2.167900115499962	1.260226402680115
-999.0	90.0	393.0470490411798	0.0048488601550666895	3.9073227756553464	0.6801232262411179
-999.0	65.0	441.9358075404468	0.003421677628325097	2.0012379356556433	0.755917581501937
-999.0	40.0	531.9220642725112	0.013313115543375444	-7.106284030278518	0.41202629208565633
-999.0	15.0	721.4198322455296	0.06787620029515719	-14.557701527161713	0.42279534240564987
244.375	40	1003.8358093261719	day	levels	pres0
-999.0	990.0	298.8179345276454	16.42430715560913	-2.8464679628610616	-0.3465748846530915
-999.0	965.0	300.4989211183635	15.477936172485354	-4.820216035842895	-0.9097572907805445
-999.0	940.0	301.8755663236873	14.914603805541994	-6.123460888862611	-1.6158968105912206
-999.0	915.0	302.9635640201869	14.328768253326418	-7.013454103469849	-2.338268345594406
-999.0	890.0	303.82780140730216	13.628123855590824	-7.569346046447754	-2.921979765594006
-999.0	865.0	304.6688662058923	12.793324661254882	-7.927898883819581	-3.259065979719163
-999.0	840.0	305.57485332558076	11.831897830963134	-8.186511945724488	-3.345699012279511
-999.0	815.0	306.5465079923106	10.810764408111574	-8.316471910476684	-3.227772009372711
-999.0	790.0	307.58202965953666	9.851521205902099	-8.268553972244263	-2.957846999168396
-999.0	765.0	308.7314491715981	8.94427194595337	-8.07308189868927	-2.594975692033768
-999.0	740.0	310.03752190303135	8.029032659530639	-7.695711368322374	-2.2116399228572847
-999.0	715.0	311.4743823949932	7.122711730003358	-7.162630009651184	-1.846419626474381
-999.0	690.0	312.916726251893	6.304336106777192	-6.5522877961397175	-1.4791962221264838
-999.0	665.0	314.3224477991468	5.595420032739639	-5.879066741466522	-1.1026016473770142
-999.0	640.0	315.7559089612684	4.973010319471359	-5.340809988975525	-0.697780992090702
-999.0	615.0	317.23438271638247	4.448969864845276	-5.017256033420563	-0.26873347759246813
-999.0	590.0	318.92571251664396	3.9466363131999977	-4.9019862532615655	0.0862416347488762
-999.0	565.0	320.8721540192946	3.4527012974023816	-5.0235852777957914	0.3252715967595578
-999.0	540.0	322.9326207956574	2.9767988622188573	-5.239613617956638	0.4572049766778946
-999.0	515.0	325.04334893219885	2.500978499650955	-5.4884844630956655	0.46187320936005566
-999.0	490.0	327.13127748833864	2.0917410254478455	-5.562147855758667	0.3561953715980053
-999.0	465.0	329.14348167054686	1.7538851678371432	-5.387311783432962	0.12875630110502245
-999.0	440.0	331.1380965245262	1.4643435567617418	-5.07686034142971	-0.19447099864482892
-999.0	415.0	333.1077973920941	1.22485211789608	-4.659111706912518	-0.5575157486833633
-999.0	390.0	335.0897051962418	1.0006644472479822	-4.17610455751419	-0.7361508227884771
-999.0	365.0	337.0431922928394	0.7928672581911088	-3.593254500627518	-0.6031864859163761
-999.0	340.0	338.88177346835835	0.6465500444173813	-2.7742394030094144	-0.11580460369586949
-999.0	315.0	340.5625152093839	0.5475803405046464	-1.742717522382736	0.7194696143269539
-999.0	290.0	342.19021547087476	0.4231042325496674	-0.8003094092011453	1.7392998695373532
-999.0	265.0	343.8211487741255	0.2965602979063988	-0.15440937876701355	2.8261938527110035
-999.0	240.0	345.3779021471695	0.18598618656396868	0.04355861544609052	3.826203191280365
-999.0	215.0	346.70137880486755	0.09971919879317286	-0.1773331940174102	4.59060001373291
-999.0	190.0	348.0900092939622	0.0487636223435402	-0.33866390585899353	4.895082950592041
-999.0	165.0	350.38025391711915	0.02160751102492213	0.3281027197837828	4.145799040794373
-999.0	140.0	355.01619152856586	0.00926711754873395	1.3723549365997314	2.52455437775352
-999.0	115.0	366.65819618018196	0.005447564995847643	2.1346702471375467	1.249445804953575
-999.0	90.0	393.0889430617356	0.004856333904899657	3.887189590930939	0.694033581088297
-999.0	65.0	441.96227700402	0.003402678901329637	1.9944357767701153	0.7783912777900696
-999.0	40.0	531.8990707664206	0.013293250836431979	-7.122413253784179	0.4162986673414708
-999.0	15.0	721.3050025233758	0.0675810717046261	-14.58567429184914	0.40973048731684686
244.38888888888889	40	1004.0596313476564	day	levels	pres0
-999.0	990.0	298.78602064346165	16.44439482159087	-2.8477407854877836	-0.3805308884217138
-999.0	965.0	300.438217909758	15.47671644422743	-4.8223780208163385	-0.9491648809777911
-999.0	940.0	301.82365673523765	14.906460422939713	-6.154360795021031	-1.657926408284291
-999.0	915.0	302.918478651946	14.316748915778255	-7.0631266567442	-2.3796104030477117
-999.0	890.0	303.7889746701976	13.615112601386166	-7.6168163670433815	-2.9549166876409183
-999.0	865.0	304.63397209873	12.785068670908606	-7.960877015855568	-3.2756468819247706
-999.0	840.0	305.54178014351845	11.831848631964798	-8.20344030062356	-3.3432862056626504
-999.0	815.0	306.5183068022325	10.814307530721038	-8.32049413786992	-3.2068669411871356
-999.0	790.0	307.5598881586766	9.851090945137873	-8.262931519084482	-2.921543491548965
-999.0	765.0	308.7154726716111	8.939009083641894	-8.05917880535123	-2.547143348720323
-999.0	740.0	310.02527917369184	8.022026877933074	-7.673043880197707	-2.1571769124931426
-999.0	715.0	311.4633280219333	7.116644912295869	-7.131275002492765	-1.7891758725046631
-999.0	690.0	312.9064113104805	6.297233692804972	-6.515379005587729	-1.4206754931351617
-999.0	665.0	314.3125855013533	5.5852142393588995	-5.841236899958682	-1.0445181492301505
-999.0	640.0	315.74669501063175	4.962506044573254	-5.306147194570933	-0.6421978698835771
-999.0	615.0	317.22602053898277	4.4414959960513665	-4.990398286614125	-0.21850307103654112
-999.0	590.0	318.91705701846604	3.941495794720123	-4.883834666344835	0.1277811206049922
-999.0	565.0	320.8616775732483	3.4492050045066427	-5.014112161596605	0.3541987765115129
-999.0	540.0	322.91951675262806	2.973516078790029	-5.237529435919391	0.471923545996367
-999.0	515.0	325.0272458774896	2.496190696954723	-5.491627490189351	0.4621701295798022
-999.0	490.0	327.11306345498565	2.0866561416122593	-5.567354292670901	0.3467866741948544
-999.0	465.0	329.1246892187257	1.7499722659587809	-5.390498261981556	0.11595206360021018
-999.0	440.0	331.12049395737176	1.461507123046447	-5.074028583988561	-0.2080540623929869
-999.0	415.0	333.09294065242636	1.2230305744541978	-4.64723128343209	-0.5696616143195249
-999.0	390.0	335.07746191178757	0.9990054536196887	-4.157830096450125	-0.7430128218399198
-999.0	365.0	337.0322268859973	0.7906384848886028	-3.57494429482355	-0.601612757394708
-999.0	340.0	338.8699177909486	0.6442082320650387	-2.765792460822411	-0.10855797794128486
-999.0	315.0	340.54722924205305	0.5454428512189103	-1.7543482767211294	0.7278036395709053
-999.0	290.0	342.1701010518917	0.42135876632398905	-0.8360085136360929	1.7471941590309599
-999.0	265.0	343.79549200453886	0.2952875693639114	-0.21408595840140876	2.8320114848411375
-999.0	240.0	345.3476834126056	0.18517286396688865	-0.03503556648895989	3.8226640250948014
-999.0	215.0	346.6725562285347	0.09935994529061841	-0.26213667326509427	4.569286010000434
-999.0	190.0	348.07243679192817	0.04860233370628622	-0.4113259640005509	4.8570467299884825
-999.0	165.0	350.3773165262772	0.02151096396976044	0.2777581830818717	4.103258743835557
-999.0	140.0	355.02106360315855	0.009241903769887126	1.3341865883932305	2.493060586979142
-999.0	115.0	366.6722329365252	0.005447395021716739	2.101428531606924	1.2386251332030995
-999.0	90.0	393.1308596839455	0.004862611394168595	3.867055538627813	0.7079422769240082
-999.0	65.0	441.98869797041533	0.0033818830813591634	1.987635398821701	0.8008649781346293
-999.0	40.0	531.8759917762878	0.013274736392001277	-7.138542441527054	0.42057107057835474
-999.0	15.0	721.1902099494653	0.06729989217387279	-14.613647425837007	0.3966654340426
244.40277777777777	40	1004.2834533691406	day	levels	pres0
-999.0	990.0	298.7541067592781	16.464482487572553	-2.8490136081145923	-0.414486892190229
-999.0	965.0	300.3775147011525	15.47549671596951	-4.824540005789866	-0.9885724711749098
-999.0	940.0	301.77174714678813	14.898317040337462	-6.185260701179497	-1.69995600597724
-999.0	915.0	302.8733932837052	14.304729578230122	-7.112799210018565	-2.420952460500911
-999.0	890.0	303.75014793309316	13.602101347181538	-7.664286687639007	-2.987853609687739
-999.0	865.0	304.5990779915679	12.77681268056234	-7.993855147891562	-3.292227784130301
-999.0	840.0	305.5087069614561	11.831799432966445	-8.220368655522657	-3.3408733990457318
-999.0	815.0	306.49010561215437	10.817850653330481	-8.324516365263195	-3.1859618730015287
-999.0	790.0	307.53774665781657	9.850660684373644	-8.257309065924751	-2.8852399839295395
-999.0	765.0	308.6994961716242	8.933746221330432	-8.045275712013249	-2.499311005406925
-999.0	740.0	310.0130364443524	8.01502109633552	-7.6503763920731105	-2.1027139021290866
-999.0	715.0	311.4522736488734	7.110578094588388	-7.099919995334426	-1.731932118535063
-999.0	690.0	312.8960963690681	6.290131278832757	-6.478470215035825	-1.3621547641439795
-999.0	665.0	314.30272320355994	5.575008445978169	-5.803407058450927	-0.986434651083439
-999.0	640.0	315.73748105999516	4.952001769675155	-5.27148440016642	-0.5866147476766059
-999.0	615.0	317.21765836158323	4.434022127257458	-4.963540539807755	-0.16827266448075823
-999.0	590.0	318.9084015202882	3.936355276240245	-4.865683079428151	0.169320606460987
-999.0	565.0	320.851201127202	3.445708711610901	-5.004639045397446	0.3831259562633841
-999.0	540.0	322.906412709599	2.9702332953612016	-5.235445253882145	0.48664211531479834
-999.0	515.0	325.01114282278024	2.4914028942585014	-5.4947705172830155	0.4624670497995512
-999.0	490.0	327.09484942163255	2.0815712577766865	-5.5725607295831034	0.3373779767917312
-999.0	465.0	329.1058967669045	1.7460593640804314	-5.393684740530118	0.10314782609542666
-999.0	440.0	331.1028913902174	1.4586706893311625	-5.071196826547385	-0.22163712614112094
-999.0	415.0	333.07808391275853	1.2212090310123245	-4.635350859951646	-0.5818074799556684
-999.0	390.0	335.0652186273333	0.9973464599914031	-4.139555635386048	-0.7498748208913556
-999.0	365.0	337.02126147915527	0.788409711586106	-3.5566340890195685	-0.600039028873052
-999.0	340.0	338.85806211353867	0.6418664197127038	-2.7573455186353804	-0.10131135218674123
-999.0	315.0	340.53194327472204	0.5433053619331792	-1.7659790310594714	0.7361376648147819
-999.0	290.0	342.14998663290874	0.419613300098314	-0.8717076180709594	1.755088448524468
-999.0	265.0	343.7698352349523	0.2940148408214256	-0.27376253803568806	2.837829116971175
-999.0	240.0	345.31746467804186	0.18435954136980934	-0.11362974842386542	3.819124858909184
-999.0	215.0	346.6437336522018	0.09900069178806425	-0.3469401525126272	4.547972006267984
-999.0	190.0	348.05486428989417	0.04844104506903232	-0.48398802214196457	4.819010509385024
-999.0	165.0	350.3743791354352	0.021414416914598843	0.22741364638012151	4.060718446876875
-999.0	140.0	355.0259356777513	0.00921668999104037	1.296018240186921	2.46156679620489
-999.0	115.0	366.68626969286834	0.005447225047585865	2.0681868160764587	1.2278044614526982
-999.0	90.0	393.1727763061551	0.0048688888834375445	3.846921486324749	0.7218509727597388
-999.0	65.0	442.0151189368106	0.0033610872613887076	1.980835020873285	0.8233386784791871
-999.0	40.0	531.8529127861555	0.01325622194757065	-7.154671629269912	0.42484347381525667
-999.0	15.0	721.075417375555	0.06701871264312015	-14.641620559824828	0.38360038076838454
244.41666666666666	40	1004.5072753906253	day	levels	pres0
-999.0	990.0	298.7221928750943	16.48457015355429	-2.8502864307413303	-0.44844289595886255
-999.0	965.0	300.3168114925469	15.474276987711585	-4.8267019907633255	-1.0279800613721717
-999.0	940.0	301.7198375583384	14.890173657735177	-6.2161606073379465	-1.7419856036703256
-999.0	915.0	302.82830791546434	14.292710240681952	-7.162471763292953	-2.462294517954231
-999.0	890.0	303.71132119598855	13.589090092976875	-7.7117570082346685	-3.0207905317346597
-999.0	865.0	304.5641838844058	12.768556690216059	-8.026833279927576	-3.3088086863359085
-999.0	840.0	305.4756337793938	11.831750233968098	-8.237297010421752	-3.338460592428864
-999.0	815.0	306.4619044220762	10.821393775939942	-8.328538592656447	-3.16505680481594
-999.0	790.0	307.5156051569566	9.850230423609416	-8.251686612764985	-2.8489364763100946
-999.0	765.0	308.6835196716372	8.92848335901896	-8.031372618675217	-2.4514786620934674
-999.0	740.0	310.000793715013	8.008015314737955	-7.627708903948447	-2.0482508917649325
-999.0	715.0	311.44121927581347	7.104511276880901	-7.068564988176009	-1.6746883645653352
-999.0	690.0	312.8857814276555	6.283028864860537	-6.441561424483833	-1.3036340351526463
-999.0	665.0	314.2928609057665	5.564802652597428	-5.765577216943081	-0.9283511529365622
-999.0	640.0	315.7282671093585	4.941497494777045	-5.236821605761823	-0.5310316254694659
-999.0	615.0	317.20929618418364	4.426548258463544	-4.936682793001313	-0.11804225792481529
-999.0	590.0	318.8997460221102	3.9312147577603698	-4.847531492511415	0.2108600923171179
-999.0	565.0	320.8407246811556	3.4422124187151626	-4.995165929198255	0.41205313601535154
-999.0	540.0	322.8933086665698	2.9669505119323736	-5.233361071844892	0.501360684633281
-999.0	515.0	324.99503976807085	2.4866150915622685	-5.497913544376691	0.46276397001930714
-999.0	490.0	327.07663538827956	2.076486373941099	-5.577767166495325	0.3279692793885898
-999.0	465.0	329.08710431508325	1.7421464622020681	-5.396871219078701	0.09034358859062527
-999.0	440.0	331.08528882306297	1.4558342556158668	-5.068365069106221	-0.2352201898892666
-999.0	415.0	333.06322717309075	1.2193874875704422	-4.6234704364712025	-0.5939533455918158
-999.0	390.0	335.0529753428791	0.9956874663631097	-4.12128117432197	-0.7567368199427837
-999.0	365.0	337.01029607231317	0.7861809382835996	-3.53832388321559	-0.598465300351372
-999.0	340.0	338.84620643612885	0.6395246073603607	-2.74889857644837	-0.09406472643215143
-999.0	315.0	340.5166573073912	0.5411678726474425	-1.7776097853978658	0.7444716900587285
-999.0	290.0	342.12987221392575	0.41786783387263493	-0.9074067225059169	1.7629827380180612
-999.0	265.0	343.7441784653658	0.29274211227893787	-0.333439117670101	2.843646749101292
-999.0	240.0	345.28724594347807	0.18354621877272911	-0.19222393035893826	3.8155856927236016
-999.0	215.0	346.614911075869	0.09864143828550977	-0.43174363176033304	4.526658002535486
-999.0	190.0	348.03729178786017	0.048279756431778245	-0.5566500802835317	4.780974288781443
-999.0	165.0	350.37144174459326	0.021317869859437087	0.17706910967821987	4.018178149918036
-999.0	140.0	355.03080775234406	0.009191476212193538	1.257849891980435	2.430073005430499
-999.0	115.0	366.70030644921155	0.0054470550734549645	2.034945100545839	1.2169837897022204
-999.0	90.0	393.21469292836485	0.00487516637270649	3.8267874340216155	0.7357596685954604
-999.0	65.0	442.0415399032059	0.003340291441418222	1.974034642924865	0.8458123788237628
-999.0	40.0	531.8298337960229	0.013237707503139956	-7.1708008170127915	0.42911587705214305
-999.0	15.0	720.9606248016444	0.06673753311236681	-14.669593693812704	0.3705353274941286
244.43055555555554	40	1004.7310974121094	day	levels	pres0
-999.0	990.0	298.6902789909107	16.50465781953598	-2.8515592533681384	-0.4823988997273779
-999.0	965.0	300.25610828394156	15.473057259453665	-4.828863975736854	-1.0673876515692906
-999.0	940.0	301.66792796988886	14.882030275132925	-6.247060513496413	-1.7840152013632748
-999.0	915.0	302.78322254722355	14.280690903133822	-7.212144316567319	-2.50363657540743
-999.0	890.0	303.67249445888405	13.576078838772247	-7.7592273288302955	-3.05372745378148
-999.0	865.0	304.5292897772436	12.760300699869793	-8.059811411963572	-3.32538958854144
-999.0	840.0	305.4425605973315	11.831701034969747	-8.254225365320847	-3.3360477858119446
-999.0	815.0	306.43370323199815	10.82493689854939	-8.332560820049721	-3.144151736630332
-999.0	790.0	307.4934636560966	9.849800162845186	-8.246064159605254	-2.812632968690669
-999.0	765.0	308.6675431716504	8.923220496707497	-8.017469525337237	-2.4036463187800696
-999.0	740.0	309.98855098567356	8.0010095331404	-7.6050414158238535	-1.9937878814008767
-999.0	715.0	311.4301649027536	7.098444459173421	-7.03720998101767	-1.6174446105957352
-999.0	690.0	312.8754664862431	6.2759264508883215	-6.404652633931929	-1.245113306161464
-999.0	665.0	314.28299860797296	5.554596859216696	-5.727747375435326	-0.8702676547898507
-999.0	640.0	315.7190531587219	4.930993219878944	-5.20215881135731	-0.47544850326249505
-999.0	615.0	317.2009340067839	4.4190743896696345	-4.909825046194943	-0.06781185136903242
-999.0	590.0	318.89109052393235	3.926074239280492	-4.829379905594733	0.25239957817311254
-999.0	565.0	320.8302482351093	3.4387161258194205	-4.985692812999095	0.4409803157672228
-999.0	540.0	322.8802046235406	2.9636677285035473	-5.231276889807645	0.5160792539517125
-999.0	515.0	324.97893671336163	2.4818272888660458	-5.501056571470357	0.46306089023905617
-999.0	490.0	327.05842135492657	2.071401490105526	-5.5829736034075275	0.3185605819854665
-999.0	465.0	329.0683118632621	1.7382335603237182	-5.400057697627264	0.07753935108584173
-999.0	440.0	331.06768625590854	1.4529978219005826	-5.065533311665044	-0.24880325363740058
-999.0	415.0	333.04837043342303	1.2175659441285689	-4.611590012990759	-0.6060992112279592
-999.0	390.0	335.0407320584248	0.9940284727348245	-4.103006713257893	-0.7635988189942196
-999.0	365.0	336.9993306654711	0.7839521649811028	-3.5200136774116078	-0.5968915718297162
-999.0	340.0	338.83435075871904	0.6371827950080254	-2.7404516342613396	-0.08681810067760781
-999.0	315.0	340.5013713400602	0.5390303833617115	-1.7892405397362086	0.7528057153026053
-999.0	290.0	342.10975779494265	0.41612236764695976	-0.9431058269407835	1.770877027511569
-999.0	265.0	343.71852169577926	0.29146938373645204	-0.39311569730438034	2.849464381231329
-999.0	240.0	345.2570272089143	0.18273289617564983	-0.27081811229384367	3.8120465265379844
-999.0	215.0	346.58608849953606	0.09828218478295558	-0.5165471110078661	4.505343998803037
-999.0	190.0	348.01971928582617	0.048118467794524326	-0.6293121384249459	4.742938068177983
-999.0	165.0	350.3685043537513	0.02122132280427549	0.12672457297646977	3.9756378529593555
-999.0	140.0	355.0356798269367	0.009166262433346783	1.2196815437741253	2.3985792146562464
-999.0	115.0	366.7143432055547	0.005446885099324091	2.0017033850153734	1.206163117951819
-999.0	90.0	393.2566095505745	0.004881443861975441	3.806653381718551	0.749668364431191
-999.0	65.0	442.06796086960117	0.0033194956214477674	1.9672342649764496	0.8682860791683208
-999.0	40.0	531.8067548058905	0.013219193058709326	-7.186930004755649	0.43338828028904497
-999.0	15.0	720.845832227734	0.06645635358161418	-14.697566827800525	0.3574702742199133
244.44444444444446	40	1004.9549194335939	day	levels	pres0
-999.0	990.0	298.65836510672705	16.52474548551773	-2.8528320759948507	-0.5163549034959938
-999.0	965.0	300.19540507533594	15.47183753119575	-4.8310259607102894	-1.1067952417665294
-999.0	940.0	301.6160183814391	14.873886892530654	-6.277960419654834	-1.8260447990563422
-999.0	915.0	302.7381371789827	14.268671565585663	-7.261816869841679	-2.544978632860736
-999.0	890.0	303.6336677217795	13.563067584567598	-7.8066976494259315	-3.086664375828391
-999.0	865.0	304.4943956700815	12.752044709523522	-8.092789543999563	-3.341970490747043
-999.0	840.0	305.4094874152691	11.831651835971417	-8.271153720219925	-3.333634979195075
-999.0	815.0	306.40550204192	10.828480021158862	-8.336583047442957	-3.123246668444741
-999.0	790.0	307.4713221552365	9.849369902080964	-8.240441706445468	-2.7763294610712177
-999.0	765.0	308.6515666716634	8.91795763439602	-8.00356643199919	-2.3558139754666043
-999.0	740.0	309.97630825633394	7.994003751542827	-7.582373927699173	-1.9393248710367148
-999.0	715.0	311.4191105296936	7.092377641465925	-7.005854973859232	-1.560200856626002
-999.0	690.0	312.8651515448305	6.268824036916092	-6.367743843379921	-1.186592577170133
-999.0	665.0	314.27313631017955	5.5443910658359465	-5.689917533927468	-0.8121841566429877
-999.0	640.0	315.7098392080852	4.920488944980827	-5.167496016952704	-0.41986538105537985
-999.0	615.0	317.19257182938435	4.411600520875715	-4.882967299388496	-0.017581444813123265
-999.0	590.0	318.8824350257544	3.920933720800609	-4.811228318677996	0.2939390640292052
-999.0	565.0	320.819771789063	3.4352198329236754	-4.976219696799909	0.4699074955191521
-999.0	540.0	322.8671005805114	2.960384945074716	-5.2291927077704035	0.530797823270158
-999.0	515.0	324.96283365865224	2.477039486169813	-5.504199598564052	0.4633578104587757
-999.0	490.0	327.0402073215735	2.0663166062699396	-5.588180040319776	0.30915188458228826
-999.0	465.0	329.04951941144077	1.7343206584453554	-5.4032441761758765	0.06473511358100169
-999.0	440.0	331.05008368875417	1.4501613881852868	-5.062701554223909	-0.2623863173855868
-999.0	415.0	333.0335136937553	1.215744400686686	-4.5997095895103355	-0.6182450768641474
-999.0	390.0	335.02848877397065	0.9923694791065302	-4.084732252193824	-0.7704608180456802
-999.0	365.0	336.9883652586291	0.7817233916785961	-3.5017034716076343	-0.5953178433080516
-999.0	340.0	338.82249508130917	0.6348409826556822	-2.7320046920743293	-0.07957147492301635
-999.0	315.0	340.48608537272935	0.5368928940759755	-1.8008712940745981	0.7611397405465657
-999.0	290.0	342.08964337595967	0.41437690142128136	-0.9788049313757337	1.7787713170051853
-999.0	265.0	343.6928649261926	0.2901966551939642	-0.45279227693878416	2.8552820133614736
-999.0	240.0	345.22680847435043	0.18191957357856925	-0.34941229422890685	3.8085073603524275
-999.0	215.0	346.55726592320315	0.09792293128040083	-0.6013505902555616	4.484029995070561
-999.0	190.0	348.00214678379217	0.04795717915727029	-0.7019741965665095	4.704901847574429
-999.0	165.0	350.36556696290927	0.021124775749113825	0.07638003627455237	3.9330975560005554
-999.0	140.0	355.0405519015295	0.009141048654499977	1.1815131955676106	2.3670854238819006
-999.0	115.0	366.7283799618979	0.0054467151251931965	1.96846166948473	1.1953424462013758
-999.0	90.0	393.2985261727842	0.004887721351244381	3.7865193294154067	0.763577060266916
-999.0	65.0	442.0943818359965	0.003298699801477289	1.960433887028032	0.8907597795128813
-999.0	40.0	531.7836758157578	0.013200678614278613	-7.203059192498533	0.4376606835259289
-999.0	15.0	720.7310396538232	0.06617517405086074	-14.725539961788407	0.3444052209456733
244.45833333333334	40	1005.1787414550781	day	levels	pres0
-999.0	990.0	298.6264512225434	16.54483315149942	-2.854104898621648	-0.5503109072645118
-999.0	965.0	300.1347018667305	15.470617802937829	-4.833187945683808	-1.1462028319636548
-999.0	940.0	301.5641087929896	14.865743509928397	-6.308860325813294	-1.8680743967492996
-999.0	915.0	302.6930518107419	14.256652228037533	-7.31148942311604	-2.5863206903139426
-999.0	890.0	303.594840984675	13.55005633036297	-7.854167970021555	-3.1196012978752163
-999.0	865.0	304.4595015629194	12.743788719177257	-8.125767676035558	-3.3585513929525757
-999.0	840.0	305.37641423320684	11.831602636973066	-8.288082075119021	-3.3312221725781566
-999.0	815.0	306.3773008518419	10.832023143768309	-8.340605274836232	-3.1023416002591344
-999.0	790.0	307.4491806543766	9.848939641316734	-8.23481925328574	-2.7400259534517946
-999.0	765.0	308.63559017167637	8.912694772084558	-7.989663338661213	-2.3079816321532083
-999.0	740.0	309.96406552699455	7.986997969945276	-7.559706439574582	-1.8848618606726597
-999.0	715.0	311.4080561566338	7.086310823758444	-6.974499966700896	-1.5029571026564006
-999.0	690.0	312.854836603418	6.261721622943876	-6.3308350528280215	-1.1280718481789467
-999.0	665.0	314.26327401238615	5.534185272455214	-5.652087692419717	-0.7541006584962691
-999.0	640.0	315.7006252574487	4.909984670082728	-5.132833222548196	-0.36428225884840015
-999.0	615.0	317.18420965198476	4.404126652081806	-4.85610955258213	0.032648961742668625
-999.0	590.0	318.87377952757646	3.915793202320734	-4.793076731761317	0.33547854988520726
-999.0	565.0	320.80929534301674	3.431723540027936	-4.966746580600751	0.49883467527102837
-999.0	540.0	322.8539965374822	2.95710216164589	-5.227108525733158	0.545516392588593
-999.0	515.0	324.9467306039429	2.47225168347359	-5.5073426256577145	0.46365473067852825
-999.0	490.0	327.02199328822053	2.061231722434366	-5.593386477231973	0.2997431871791693
-999.0	465.0	329.0307269596196	1.7304077565670044	-5.406430654724431	0.05193087607622387
-999.0	440.0	331.03248112159974	1.4473249544700004	-5.059869796782726	-0.2759693811337142
-999.0	415.0	333.01865695408753	1.2139228572448109	-4.587829166029886	-0.6303909425002845
-999.0	390.0	335.0162454895164	0.9907104854782428	-4.066457791129746	-0.7773228170971108
-999.0	365.0	336.97739985178697	0.7794946183760972	-3.483393265803654	-0.5937441147863929
-999.0	340.0	338.8106394038993	0.632499170303346	-2.7235577498873034	-0.07232484916847423
-999.0	315.0	340.4707994053984	0.5347554047902435	-1.8125020484129477	0.7694737657904354
-999.0	290.0	342.06952895697674	0.41263143519560574	-1.0145040358106072	1.786665606498682
-999.0	265.0	343.6672081566062	0.2889239266514782	-0.5124688565730684	2.8610996454914996
-999.0	240.0	345.1965897397867	0.18110625098148997	-0.42800647616381426	3.8049681941668005
-999.0	215.0	346.5284433468703	0.09756367777784665	-0.6861540695030907	4.462715991338101
-999.0	190.0	347.9845742817582	0.04779589052001633	-0.774636254707908	4.666865626970955
-999.0	165.0	350.3626295720673	0.021028228693952194	0.02603549957282414	3.8905572590418562
-999.0	140.0	355.0454239761222	0.009115834875653216	1.1433448473613115	2.3355916331076347
-999.0	115.0	366.74241671824103	0.005446545151062323	1.9352199539542565	1.184521774450968
-999.0	90.0	393.3404427949939	0.004893998840513334	3.766385277112329	0.7774857561026443
-999.0	65.0	442.1208028023917	0.003277903981506834	1.9536335090796095	0.9132334798574431
-999.0	40.0	531.7605968256253	0.013182164169847983	-7.219188380241391	0.4419330867628324
-999.0	15.0	720.6162470799129	0.06589399452010808	-14.753513095776231	0.33134016767146024
244.47222222222223	40	1005.4025634765625	day	levels	pres0
-999.0	990.0	298.59453733835977	16.564920817481156	-2.855377721248396	-0.5842669110331427
-999.0	965.0	300.073998658125	15.469398074679907	-4.8353499306572765	-1.1856104221609098
-999.0	940.0	301.51219920453997	14.857600127326114	-6.3397602319717485	-1.910103994442377
-999.0	915.0	302.647966442501	14.244632890489363	-7.361161976390434	-2.6276627477672547
-999.0	890.0	303.55601424757026	13.537045076158307	-7.9016382906172185	-3.1525382199221323
-999.0	865.0	304.42460745575715	12.73553272883097	-8.158745808071572	-3.3751322951581817
-999.0	840.0	305.34334105114453	11.831553437974723	-8.305010430018116	-3.3288093659612885
-999.0	815.0	306.34909966176383	10.83556626637777	-8.344627502229482	-3.0814365320735453
-999.0	790.0	307.42703915351655	9.848509380552507	-8.229196800125967	-2.7037224458323474
-999.0	765.0	308.6196136716895	8.907431909773084	-7.975760245323178	-2.2601492888397483
-999.0	740.0	309.9518227976551	7.979992188347711	-7.537038951449915	-1.8303988503085054
-999.0	715.0	311.3970017835739	7.080244006050957	-6.943144959542474	-1.4457133486866742
-999.0	690.0	312.84452166200555	6.254619208971657	-6.293926262276026	-1.0695511191876175
-999.0	665.0	314.2534117145927	5.523979479074475	-5.6142578509118675	-0.6960171603493996
-999.0	640.0	315.691411306812	4.899480395184619	-5.098170428143594	-0.30869913664126886
-999.0	615.0	317.1758474745851	4.396652783287894	-4.829251805775685	0.08287936829860251
-999.0	590.0	318.86512402939854	3.910652683840856	-4.774925144844578	0.3770180357413308
-999.0	565.0	320.7988188969703	3.4282272471321944	-4.957273464401558	0.5277618550229909
-999.0	540.0	322.840892494453	2.95381937821706	-5.225024343695905	0.5602349619070721
-999.0	515.0	324.9306275492336	2.4674638807773572	-5.5104856527513935	0.46395165089828067
-999.0	490.0	327.00377925486754	2.056146838598779	-5.5985929141442	0.29033448977602366
-999.0	465.0	329.01193450779834	1.726494854688643	-5.40961713327302	0.0391266385714167
-999.0	440.0	331.0148785544454	1.4444885207547067	-5.0570380393415695	-0.2895524448818664
-999.0	415.0	333.00380021441975	1.21210131380293	-4.57594874254945	-0.6425368081364381
-999.0	390.0	335.00400220506214	0.9890514918499513	-4.04818333006567	-0.7841848161485445
-999.0	365.0	336.96643444494487	0.7772658450735925	-3.4650830599996736	-0.5921703862647157
-999.0	340.0	338.7987837264895	0.630157357951004	-2.715110807700288	-0.06507822341388278
-999.0	315.0	340.4555134380675	0.5326179155045075	-1.824132802751335	0.777807791034389
-999.0	290.0	342.04941453799364	0.41088596896992724	-1.0502031402455574	1.7945598959922864
-999.0	265.0	343.6415513870196	0.2876511981089906	-0.572145436207476	2.8669172776216287
-999.0	240.0	345.1663710052229	0.1802929283844097	-0.5066006580988854	3.801429027981228
-999.0	215.0	346.4996207705373	0.09720442427529216	-0.7709575487508008	4.441401987605612
-999.0	190.0	347.96700177972417	0.04763460188276233	-0.8472983128494906	4.628829406367387
-999.0	165.0	350.3596921812253	0.02093168163879047	-0.024309037129099154	3.8480169620830353
-999.0	140.0	355.050296050715	0.00909062109680639	1.1051764991548152	2.3040978423332565
-999.0	115.0	366.7564534745841	0.005446375176931422	1.9019782384236448	1.1737011027004967
-999.0	90.0	393.38235941720365	0.0049002763297822756	3.746251224809209	0.7913944519383682
-999.0	65.0	442.147223768787	0.0032571081615363484	1.946833131131195	0.9357071802020147
-999.0	40.0	531.7375178354928	0.013163649725417286	-7.23531756798427	0.4462054899997172
-999.0	15.0	720.5014545060022	0.06561281498935476	-14.781486229764102	0.318275114397202
244.48611111111111	40	1005.6263854980467	day	levels	pres0
-999.0	990.0	298.5626234541761	16.585008483462847	-2.8566505438752046	-0.6182229148016578
-999.0	965.0	300.0132954495196	15.468178346421984	-4.837511915630804	-1.2250180123580285
-999.0	940.0	301.46028961609034	14.849456744723863	-6.370660138130215	-1.9521335921353253
-999.0	915.0	302.6028810742602	14.232613552941231	-7.410834529664799	-2.669004805220454
-999.0	890.0	303.5171875104659	13.524033821953678	-7.9491086112128455	-3.185475141968953
-999.0	865.0	304.3897133485951	12.727276738484704	-8.191723940107568	-3.3917131973637127
-999.0	840.0	305.3102678690822	11.83150423897637	-8.321938784917212	-3.326396559344368
-999.0	815.0	306.3208984716857	10.839109388987216	-8.348649729622755	-3.0605314638879375
-999.0	790.0	307.40489765265653	9.848079119788276	-8.223574346966238	-2.6674189382129216
-999.0	765.0	308.6036371717025	8.902169047461623	-7.961857151985197	-2.212316945526351
-999.0	740.0	309.93958006831565	7.972986406750156	-7.514371463325321	-1.7759358399444491
-999.0	715.0	311.385947410514	7.0741771883434765	-6.911789952384136	-1.388469594717074
-999.0	690.0	312.83420672059304	6.247516794999442	-6.257017471724121	-1.0110303901964357
-999.0	665.0	314.2435494167992	5.513773685693743	-5.576428009404111	-0.6379336622026879
-999.0	640.0	315.6821973561753	4.888976120286519	-5.06350763373908	-0.2531160144342979
-999.0	615.0	317.1674852971856	4.389178914493985	-4.802394058969314	0.1331097748543855
-999.0	590.0	318.8564685312206	3.9055121653609786	-4.756773557927894	0.4185575215973257
-999.0	565.0	320.7883424509242	3.4247309542364532	-4.947800348202398	0.556689034774862
-999.0	540.0	322.8277884514238	2.9505365947882334	-5.2229401616586575	0.5749535312255035
-999.0	515.0	324.9145244945243	2.462676078081135	-5.513628679845058	0.46424857111802964
-999.0	490.0	326.98556522151455	2.051061954763206	-5.603799351056402	0.28092579237290033
-999.0	465.0	328.99314205597716	1.7225819528102928	-5.412803611821583	0.02632240106663321
-999.0	440.0	330.9972759872909	1.4416520870394227	-5.0542062819003934	-0.30313550863000044
-999.0	415.0	332.9889434747519	1.2102797703610566	-4.564068319069006	-0.6546826737725817
-999.0	390.0	334.99175892060794	0.9873924982216659	-4.029908869001593	-0.7910468151999801
-999.0	365.0	336.9554690381028	0.7750370717710957	-3.4467728541956912	-0.5905966577430597
-999.0	340.0	338.7869280490796	0.6278155455986691	-2.7066638655132578	-0.05783159765933916
-999.0	315.0	340.4402274707366	0.5304804262187766	-1.8357635570896773	0.7861418162782655
-999.0	290.0	342.02930011901066	0.4091405027442521	-1.085902244680424	1.8024541854857947
-999.0	265.0	343.615894617433	0.2863784695665047	-0.6318220158417552	2.8727349097516655
-999.0	240.0	345.13615227065924	0.17947960578733047	-0.5851948400337909	3.7978898617956105
-999.0	215.0	346.47079819420446	0.09684517077273799	-0.8557610279983334	4.420087983873163
-999.0	190.0	347.9494292776901	0.04747331324550841	-0.9199603709909048	4.590793185763929
-999.0	165.0	350.3567547903833	0.020835134583628873	-0.07465357383084914	3.805476665124355
-999.0	140.0	355.0551681253077	0.009065407317959634	1.0670081509485054	2.2726040515590045
-999.0	115.0	366.7704902309273	0.005446205202800548	1.8687365228931792	1.162880430950095
-999.0	90.0	393.42427603941337	0.004906553819051227	3.7261171725061444	0.8053031477740987
-999.0	65.0	442.17364473518234	0.003236312341565892	1.940032753182779	0.9581808805465726
-999.0	40.0	531.7144388453604	0.013145135280986662	-7.251446755727127	0.45047789323661913
-999.0	15.0	720.3866619320919	0.06533163545860211	-14.809459363751921	0.30521006112298643
244.5	40	1005.8502075195313	day	levels	pres0
-999.0	990.0	298.53070956999244	16.60509614944458	-2.857923366501928	-0.6521789185702801
-999.0	965.0	299.95259224091404	15.466958618164062	-4.8396739006042475	-1.264425602555275
-999.0	940.0	301.4083800276407	14.841313362121584	-6.401560044288636	-1.9941631898283958
-999.0	915.0	302.55779570601936	14.220594215393065	-7.460507082939149	-2.7103468626737595
-999.0	890.0	303.47836077336126	13.511022567749025	-7.996578931808473	-3.2184120640158658
-999.0	865.0	304.3548192414329	12.71902074813843	-8.224702072143554	-3.4082940995693205
-999.0	840.0	305.2771946870199	11.83145503997803	-8.338867139816283	-3.323983752727509
-999.0	815.0	306.29269728160756	10.84265251159668	-8.35267195701599	-3.0396263957023617
-999.0	790.0	307.3827561517965	9.847648859024046	-8.217951893806458	-2.631115430593491
-999.0	765.0	308.5876606717155	8.896906185150147	-7.947954058647156	-2.1644846022129065
-999.0	740.0	309.92733733897614	7.965980625152588	-7.491703975200653	-1.7214728295803068
-999.0	715.0	311.374893037454	7.068110370635988	-6.8804349452257165	-1.3312258407473565
-999.0	690.0	312.8238917791805	6.240414381027222	-6.220108681172132	-0.9525096612051132
-999.0	665.0	314.23368711900576	5.503567892313004	-5.538598167896271	-0.5798501640558243
-999.0	640.0	315.6729834055387	4.878471845388413	-5.0288448393344884	-0.19753289222717288
-999.0	615.0	317.1591231197859	4.381705045700073	-4.775536312162877	0.1833401814103126
-999.0	590.0	318.84781303304266	3.900371646881104	-4.738621971011162	0.46009700745344156
-999.0	565.0	320.7778660048777	3.421234661340714	-4.938327232003212	0.5856162145268173
-999.0	540.0	322.81468440839467	2.947253811359406	-5.220855979621411	0.5896721005439759
-999.0	515.0	324.89842143981497	2.457888275384903	-5.516771706938743	0.46454549133777623
-999.0	490.0	326.96735118816156	2.04597707092762	-5.609005787968636	0.2715170949697495
-999.0	465.0	328.974349604156	1.7186690509319307	-5.415990090370179	0.013518163561821016
-999.0	440.0	330.9796734201365	1.4388156533241272	-5.051374524459243	-0.31671857237815854
-999.0	415.0	332.97408673508414	1.2084582269191744	-4.5521878955885775	-0.6668285394087434
-999.0	390.0	334.97951563615374	0.9857335045933722	-4.011634407937527	-0.7979088142514228
-999.0	365.0	336.9445036312607	0.7728082984685898	-3.4284626483917235	-0.5890229292213915
-999.0	340.0	338.7750723716698	0.6254737332463266	-2.698216923326254	-0.050584971904754666
-999.0	315.0	340.4249415034057	0.5283429369330406	-1.8473943114280702	0.794475841522217
-999.0	290.0	342.0091857000277	0.40739503651857384	-1.121601349115372	1.8103484749794005
-999.0	265.0	343.5902378478465	0.2851057410240173	-0.6914985954761506	2.8785525418818
-999.0	240.0	345.10593353609534	0.17866628319025044	-0.6637890219688418	3.7943506956100466
-999.0	215.0	346.4419756178716	0.09648591727018356	-0.9405645072460174	4.398773980140686
-999.0	190.0	347.9318567756562	0.047312024608254434	-0.9926224291324621	4.55275696516037
-999.0	165.0	350.3538173995413	0.02073858752846718	-0.12499811053276055	3.7629363681655383
-999.0	140.0	355.0600401999004	0.009040193539112807	1.0288398027420045	2.241110260784626
-999.0	115.0	366.7845269872705	0.005446035228669643	1.8354948073625568	1.1520597591996193
-999.0	90.0	393.4661926616231	0.004912831308320165	3.705983120203018	0.8192118436098099
-999.0	65.0	442.2000657015776	0.003215516521595419	1.9332323752343654	0.9806545808911324
-999.0	40.0	531.6913598552277	0.013126620836555958	-7.267575943470002	0.454750296473503
-999.0	15.0	720.2718693581813	0.06505045592784883	-14.837432497739792	0.2921450078487396
244.51388888888889	40	1005.8130805121527	day	levels	pres0
-999.0	990.0	298.6848625265506	16.57525445090397	-2.8658996476067706	-0.651615382234277
-999.0	965.0	300.050460441588	15.472933642069508	-4.795215135150474	-1.239520468148941
-999.0	940.0	301.4617712680515	14.867514536115882	-6.3025753789477275	-1.9362757969233737
-999.0	915.0	302.59498322235856	14.259168158637173	-7.326139407687624	-2.624720056437766
-999.0	890.0	303.516992596775	13.546523009406194	-7.855831498569805	-3.1199680965807413
-999.0	865.0	304.4000900424701	12.73181934356686	-8.099101506339077	-3.311141498552391
-999.0	840.0	305.3265369792344	11.824012756347612	-8.227807569503685	-3.2315804100698413
-999.0	815.0	306.3457542148396	10.826588747236416	-8.253037627537948	-2.9532483862505425
-999.0	790.0	307.446092197012	9.820567936367423	-8.133824128574702	-2.5525604569249056
-999.0	765.0	308.664055027112	8.855571481916614	-7.88300881915614	-2.09573878960471
-999.0	740.0	310.01031066417175	7.921097758081198	-7.447075964344798	-1.664344224664849
-999.0	715.0	311.4555905952208	7.032006409433124	-6.8555437290005585	-1.2868022680282212
-999.0	690.0	312.89921271796123	6.212963985072214	-6.21335550877778	-0.9214678552001497
-999.0	665.0	314.3010174470516	5.484240366352905	-5.547137610117557	-0.563427311223413
-999.0	640.0	315.7345034747769	4.863129595253182	-5.045864290330119	-0.19952376931907842
-999.0	615.0	317.21860277373526	4.36548717353077	-4.791908510857139	0.15877727046604653
-999.0	590.0	318.90813145486726	3.8858534978495536	-4.74841211922465	0.4166189296377478
-999.0	565.0	320.8416303832085	3.4109322693612723	-4.93550828417968	0.5302218812620757
-999.0	540.0	322.87914520450346	2.9416192803117913	-5.203320370283367	0.5317605432536421
-999.0	515.0	324.9595038577854	2.4579224454032085	-5.484383532736008	0.4148238454634676
-999.0	490.0	327.02541192728984	2.0483602477444616	-5.568164895185136	0.23328791740866497
-999.0	465.0	329.03078350873244	1.719750294751599	-5.375326199663982	-0.011684498998033237
-999.0	440.0	331.03398508685814	1.4383450756470426	-5.014961906108566	-0.3279940515756624
-999.0	415.0	333.0250279272236	1.2061240726047135	-4.5222696037755865	-0.6637558854288467
-999.0	390.0	335.025189211029	0.9834491812520592	-3.987176618642262	-0.781534004895674
-999.0	365.0	336.98358081017415	0.7722720399498973	-3.4080180130071023	-0.5613174375560284
-999.0	340.0	338.80920344990017	0.6254201143980052	-2.6836712320645644	-0.014181145032210692
-999.0	315.0	340.45670372237083	0.5277663954430164	-1.8409287995762373	0.8344790409009069
-999.0	290.0	342.03911186579774	0.4066041040751668	-1.1214413656128914	1.8432720767127477
-999.0	265.0	343.61704728522756	0.28425877127382443	-0.6930393060048583	2.8911880974968396
-999.0	240.0	345.12799998741644	0.17788238782021684	-0.6605164467460772	3.777849344743607
-999.0	215.0	346.4635408642331	0.09592950956688961	-0.9241474226117462	4.350810543696047
-999.0	190.0	347.9607686084232	0.047066047042608194	-0.9582219115562588	4.47987474732925
-999.0	165.0	350.38750661142825	0.02071873854017918	-0.08437658713933338	3.693912520632133
-999.0	140.0	355.0869888439083	0.0090561384593861	1.0672084053356703	2.2052502728170875
-999.0	115.0	366.79386480033094	0.005439135452939406	1.8705009001824529	1.1525653970531318
-999.0	90.0	393.44397354931175	0.004898602453370879	3.715927320056533	0.8423926956123706
-999.0	65.0	442.14994035116854	0.0032116627915658863	1.9383728156073885	0.9921809367835466
-999.0	40.0	531.6923907672552	0.013127976438651476	-7.269851781262242	0.44839292499752526
-999.0	15.0	720.335648388719	0.06520740729239254	-14.818126772509634	0.2633851745890005
244.52777777777777	40	1005.7759535047744	day	levels	pres0
-999.0	990.0	298.8390154831085	16.545412752363433	-2.8738759287115556	-0.6510518458982283
-999.0	965.0	300.1483286422616	15.478908665974934	-4.7507563696967425	-1.214615333742573
-999.0	940.0	301.51516250846225	14.893715710110126	-6.203590713606985	-1.8783884040183705
-999.0	915.0	302.63217073869765	14.297742101881225	-7.191771732436346	-2.539093250201841
-999.0	890.0	303.5556244201887	13.582023451063355	-7.715084065331415	-3.021524129145713
-999.0	865.0	304.4453608435073	12.744617938995358	-7.973500940534858	-3.2139888975355744
-999.0	840.0	305.3758792714486	11.81657047271729	-8.11674799919133	-3.139177067412308
-999.0	815.0	306.3988111480715	10.810524982876254	-8.153403298060141	-2.866870376798877
-999.0	790.0	307.50942824222733	9.793487013710882	-8.049696363343168	-2.474005483256479
-999.0	765.0	308.7404493825083	8.814236778683151	-7.818063579665318	-2.026992976996663
-999.0	740.0	310.09328398936725	7.87621489100988	-7.402447953489111	-1.6072156197495162
-999.0	715.0	311.5362881529875	6.995902448230335	-6.83065251277554	-1.242378695309179
-999.0	690.0	312.9745336567418	6.1855135891172734	-6.2066023363835345	-0.8904260491952397
-999.0	665.0	314.3683477750971	5.464912840392863	-5.55567705233892	-0.5470044583910055
-999.0	640.0	315.796023544015	4.847787345118	-5.062883741325801	-0.20151464641093475
-999.0	615.0	317.27808242768447	4.349269301361514	-4.808280709551438	0.13421435952188263
-999.0	590.0	318.96844987669164	3.871335348818043	-4.758202267438174	0.37314085182218754
-999.0	565.0	320.9053947615393	3.4006298773818595	-4.932689336356193	0.474827547997469
-999.0	540.0	322.94360600061225	2.9359847492641897	-5.185784760945381	0.4738489859634225
-999.0	515.0	325.02058627575576	2.457956615421507	-5.451995358533344	0.36510219958923307
-999.0	490.0	327.08347266641806	2.0507434245612877	-5.527324002401713	0.19505873984762218
-999.0	465.0	329.0872174133089	1.7208315385712512	-5.334662308957857	-0.036887161557863
-999.0	440.0	331.0882967535797	1.4378744979699452	-4.978549287757953	-0.33926953077315747
-999.0	415.0	333.0759691193629	1.203789918290245	-4.492351311962647	-0.6606832314489605
-999.0	390.0	335.07086278590424	0.9811648579107399	-3.9627188293470352	-0.7651591955399577
-999.0	365.0	337.0226579890875	0.7717357814311983	-3.3875733776225045	-0.5336119458907229
-999.0	340.0	338.8433345281306	0.6253664955496788	-2.669125540802882	0.02222268184025379
-999.0	315.0	340.4884659413359	0.527189853952991	-1.8344632877243932	0.874482240279507
-999.0	290.0	342.0690380315677	0.4058131716317605	-1.121281382110387	1.876195678446022
-999.0	265.0	343.6438567226085	0.2834118015236329	-0.694580016533538	2.903823653111857
-999.0	240.0	345.1500664387376	0.17709849245018464	-0.6572438715232807	3.7613479938772127
-999.0	215.0	346.48510611059464	0.09537310186359642	-0.9077303379774162	4.302847107251511
-999.0	190.0	347.9896804411902	0.046820069476962184	-0.9238213939799246	4.40699252949824
-999.0	165.0	350.42119582331514	0.02069888955189123	-0.04375506374570848	3.624888673098787
-999.0	140.0	355.1139374879162	0.009072083379659385	1.1055770079294858	2.1693902848495528
-999.0	115.0	366.80320261339125	0.0054322356772091695	1.905506993002355	1.15307103490664
-999.0	90.0	393.42175443700046	0.0048843735984216196	3.725871519909959	0.8655735476149383
-999.0	65.0	442.09981500075963	0.0032078090615363613	1.943513255980271	1.0037072926759676
-999.0	40.0	531.6934216792828	0.013129332040747005	-7.27212761905459	0.4420355535215845
-999.0	15.0	720.3994274192567	0.06536435865693616	-14.798821047279585	0.23462534132932172
244.54166666666666	40	1005.738826497396	day	levels	pres0
-999.0	990.0	298.99316843966665	16.515571053822825	-2.881852209816393	-0.6504883095622255
-999.0	965.0	300.24619684293555	15.484883689880382	-4.706297604242948	-1.1897101993362256
-999.0	940.0	301.568553748873	14.919916884104435	-6.104606048266041	-1.820501011113321
-999.0	915.0	302.66935825503685	14.336316045125349	-7.057404057184777	-2.4534664439658105
-999.0	890.0	303.5942562436024	13.617523892720548	-7.574336632092709	-2.923080161710551
-999.0	865.0	304.4906316445444	12.75741653442381	-7.847900374730353	-3.1168362965186125
-999.0	840.0	305.4252215636631	11.809128189086882	-8.005688428878717	-3.046773724754617
-999.0	815.0	306.4518680813035	10.794461218515998	-8.053768968582094	-2.7804923673470423
-999.0	790.0	307.5727642874428	9.766406091054256	-7.9655685981114175	-2.3954505095878793
-999.0	765.0	308.81684373790483	8.772902075449604	-7.753118340174309	-1.9582471643884525
-999.0	740.0	310.17625731456286	7.831332023938478	-7.35781994263327	-1.5500870148340444
-999.0	715.0	311.6169857107543	6.959798487027465	-6.805761296550399	-1.1979551225900318
-999.0	690.0	313.0498545955225	6.158063193162263	-6.199849163989199	-0.8593842431902683
-999.0	665.0	314.4356781031429	5.445585314432764	-5.564216494560221	-0.5305816055585925
-999.0	640.0	315.85754361325314	4.832445094982767	-5.079903192321446	-0.20350552350284562
-999.0	615.0	317.33756208163373	4.333051429192209	-4.824652908245711	0.1096514485776034
-999.0	590.0	319.02876829851624	3.856817199786489	-4.767992415651668	0.32966277400647503
-999.0	565.0	320.9691591398701	3.390327485402413	-4.929870388532665	0.4194332147327068
-999.0	540.0	323.0080667967211	2.9303502182165717	-5.168249151607341	0.415937428673069
-999.0	515.0	325.0816686937261	2.457990785439809	-5.41960718433061	0.3153805537149098
-999.0	490.0	327.1415334055463	2.053126601378126	-5.4864831096182165	0.1568295622865286
-999.0	465.0	329.1436513178854	1.7219127823909162	-5.293998418251666	-0.062089824117721126
-999.0	440.0	331.1426084203013	1.4374039202928572	-4.942136669407281	-0.3505450099706635
-999.0	415.0	333.1269103115023	1.2014557639757801	-4.462433020149661	-0.6576105774690687
-999.0	390.0	335.1165363607796	0.9788805345694227	-3.938261040051771	-0.7487843861842154
-999.0	365.0	337.061735168001	0.7711995229125032	-3.3671287422378806	-0.5059064542253658
-999.0	340.0	338.877465606361	0.6253128767013556	-2.654579849541184	0.05862650871279462
-999.0	315.0	340.5202281603011	0.5266133124629653	-1.8279977758725479	0.9144854396581994
-999.0	290.0	342.0989641973378	0.40502223918835273	-1.1211213986078914	1.9091192801793722
-999.0	265.0	343.67066615998965	0.2825648317734396	-0.696120727062228	2.916459208726895
-999.0	240.0	345.17213289005866	0.1763145970801508	-0.6539712963004961	3.7448466430107645
-999.0	215.0	346.5066713569562	0.09481669416030218	-0.8913132533431212	4.254883670806857
-999.0	190.0	348.01859227395727	0.04657409191131581	-0.8894208764036896	4.334110311667091
-999.0	165.0	350.4548850352021	0.020679040563603233	-0.003133540352243225	3.5558648255653442
-999.0	140.0	355.14088613192405	0.009088028299932688	1.1439456105231893	2.1335302968819883
-999.0	115.0	366.81254042645173	0.00542533590147893	1.940513085822279	1.1535766727601553
-999.0	90.0	393.39953532468917	0.004870144743472335	3.7358157197634747	0.8887543996175169
-999.0	65.0	442.0496896503506	0.0032039553315068264	1.9486536963532781	1.0152336485683857
-999.0	40.0	531.6944525913101	0.013130687642842524	-7.274403456846841	0.4356781820456062
-999.0	15.0	720.4632064497943	0.0655213100214799	-14.779515322049422	0.205865508069579
244.55555555555554	40	1005.7016994900174	day	levels	pres0
-999.0	990.0	299.1473213962245	16.485729355282288	-2.889828490921177	-0.6499247732261768
-999.0	965.0	300.34406504360925	15.490858713785816	-4.661838838789218	-1.1648050649298574
-999.0	940.0	301.6219449892837	14.94611805809868	-6.0056213829252965	-1.7626136182083176
-999.0	915.0	302.706545771376	14.3748899883694	-6.923036381933498	-2.367839637729885
-999.0	890.0	303.63288806701604	13.653024334377706	-7.433589198854319	-2.8246361942755227
-999.0	865.0	304.5359024455816	12.770215129852302	-7.722299808926133	-3.0196836955017954
-999.0	840.0	305.4745638558773	11.80168590545656	-7.894628858566362	-2.954370382097083
-999.0	815.0	306.5049250145354	10.778397454155836	-7.954134639104286	-2.6941143578953755
-999.0	790.0	307.6361003326581	9.739325168397713	-7.881440832879881	-2.316895535919454
-999.0	765.0	308.89323809330114	8.731567372216146	-7.688173100683488	-1.8895013517804051
-999.0	740.0	310.2592306397583	7.78644915686716	-7.313191931777583	-1.492958409918712
-999.0	715.0	311.6976832685209	6.923694525824677	-6.78087008032538	-1.1535315498709897
-999.0	690.0	313.1251755343031	6.130612797207321	-6.193095991594954	-0.8283424371853587
-999.0	665.0	314.5030084311884	5.426257788472721	-5.5727559367815855	-0.5141587527261852
-999.0	640.0	315.9190636824912	4.817102844847585	-5.096922643317127	-0.20549640059470203
-999.0	615.0	317.39704173558295	4.316833557022954	-4.841025106940009	0.08508853763343927
-999.0	590.0	319.08908672034056	3.842299050754979	-4.777782563865189	0.28618469619091486
-999.0	565.0	321.0329235182008	3.380025093423001	-4.927051440709178	0.36403888146809993
-999.0	540.0	323.0725275928298	2.92471568716897	-5.150713542269356	0.3580258713828493
-999.0	515.0	325.1427511116965	2.458024955458108	-5.3872190101279465	0.26565890784067514
-999.0	490.0	327.19959414467456	2.0555097781949527	-5.445642216834795	0.11860038472548584
-999.0	465.0	329.2000852224619	1.7229940262105683	-5.253334527545541	-0.0872924866775509
-999.0	440.0	331.1969200870228	1.4369333426157596	-4.9057240510566675	-0.3618204891681587
-999.0	415.0	333.17785150364176	1.1991216096613118	-4.432514728336722	-0.6545379234891823
-999.0	390.0	335.1622099356548	0.9765962112281035	-3.913803250756544	-0.7324095768284993
-999.0	365.0	337.1008123469144	0.7706632643938041	-3.346684106853283	-0.47820096256006067
-999.0	340.0	338.9115966845913	0.6252592578530294	-2.6400341582795006	0.09503033558525895
-999.0	315.0	340.5519903792663	0.5260367709729399	-1.821532264020703	0.9544886390367998
-999.0	290.0	342.1288903631077	0.4042313067449463	-1.1209614151053866	1.9420428819126467
-999.0	265.0	343.69747559737067	0.281717862023248	-0.6976614375909074	2.929094764341913
-999.0	240.0	345.19419934137983	0.1755307017101186	-0.6506987210776997	3.728345292144371
-999.0	215.0	346.52823660331774	0.09426028645700894	-0.8748961687087914	4.206920234362322
-999.0	190.0	348.0475041067243	0.0463281143456698	-0.8550203588273553	4.261228093836081
-999.0	165.0	350.488574247089	0.020659191575315282	0.03748798304138179	3.4868409780319984
-999.0	140.0	355.16783477593185	0.009103973220205971	1.1823142131170044	2.097670308914453
-999.0	115.0	366.8218782395121	0.005418436125748692	1.9755191786421804	1.1540823106136633
-999.0	90.0	393.3773162123779	0.004855915888523073	3.7457599196169005	0.9119352516200846
-999.0	65.0	441.9995642999416	0.0032001016014773006	1.9537941367261606	1.0267600044608067
-999.0	40.0	531.6954835033376	0.013132043244938054	-7.276679294639188	0.4293208105696653
-999.0	15.0	720.526985480332	0.06567826138602353	-14.760209596819374	0.1771056748099002
244.56944444444446	40	1005.664572482639	day	levels	pres0
-999.0	990.0	299.3014743527828	16.45588765674164	-2.8978047720260243	-0.649361236890162
-999.0	965.0	300.44193324428323	15.496833737691244	-4.617380073335417	-1.1398999305235002
-999.0	940.0	301.67533622969444	14.972319232092975	-5.906636717584346	-1.7047262253032636
-999.0	915.0	302.74373328771526	14.413463931613514	-6.788668706681921	-2.2822128314938523
-999.0	890.0	303.67151989042975	13.688524776034892	-7.292841765615592	-2.726192226840353
-999.0	865.0	304.5811732466188	12.783013725280757	-7.596699243121596	-2.922531094484815
-999.0	840.0	305.52390614809184	11.794243621826157	-7.783569288253707	-2.8619670394393624
-999.0	815.0	306.55798194776753	10.76233368979558	-7.854500309626184	-2.607736348443507
-999.0	790.0	307.69943637787367	9.712244245741083	-7.797313067648073	-2.2383405622508272
-999.0	765.0	308.96963244869767	8.690232668982587	-7.623227861192428	-1.8207555391721821
-999.0	740.0	310.342203964954	7.741566289795745	-7.2685639209216975	-1.4358298050032392
-999.0	715.0	311.77838082628773	6.887590564621798	-6.755978864100204	-1.1091079771518486
-999.0	690.0	313.20049647308383	6.103162401252304	-6.1863428192005925	-0.7973006311803943
-999.0	665.0	314.57033875923423	5.406930262512618	-5.58129537900287	-0.4977358998937729
-999.0	640.0	315.9805837517294	4.801760594712351	-5.113942094312764	-0.2074872776866054
-999.0	615.0	317.4565213895323	4.300615684853648	-4.857397305634282	0.06052562668917541
-999.0	590.0	319.1494051421651	3.8277809017234303	-4.787572712078687	0.24270661837522056
-999.0	565.0	321.0966878965316	3.369722701443562	-4.924232492885645	0.30864454820335147
-999.0	540.0	323.1369883889386	2.9190811561213597	-5.133177932931297	0.3001143140925002
-999.0	515.0	325.20383352966695	2.4580591254764164	-5.354830835925178	0.21593726196634172
-999.0	490.0	327.25765488380284	2.0578929550117975	-5.404801324051252	0.08037120716437238
-999.0	465.0	329.25651912703853	1.7240752700302384	-5.212670636839301	-0.11249514923743047
-999.0	440.0	331.25123175374455	1.4364627649386765	-4.8693114327059535	-0.37309596836567765
-999.0	415.0	333.2287926957812	1.1967874553468518	-4.402596436523706	-0.6514652695092866
-999.0	390.0	335.20788351053017	0.9743118878867915	-3.889345461461263	-0.7160347674727432
-999.0	365.0	337.1398895258278	0.7701270058751131	-3.3262394714686514	-0.45049547089469133
-999.0	340.0	338.9457277628217	0.6252056390047093	-2.6254884670178074	0.13143416245780137
-999.0	315.0	340.5837525982314	0.5254602294829165	-1.8150667521688726	0.9944918384154785
-999.0	290.0	342.1588165288777	0.40344037430153973	-1.1208014316029113	1.9749664836459773
-999.0	265.0	343.7242850347517	0.28087089227305484	-0.6992021481196181	2.9417303199569362
-999.0	240.0	345.21626579270094	0.17474680634008474	-0.6474261458549312	3.711843941277909
-999.0	215.0	346.5498018496793	0.09370387875371493	-0.8584790840745069	4.158956797917647
-999.0	190.0	348.07641593949137	0.04608213678002353	-0.8206198412511317	4.188345876004922
-999.0	165.0	350.52226345897594	0.02063934258702727	0.07810950643482217	3.417817130498568
-999.0	140.0	355.19478341993977	0.009119918140479258	1.220682815710663	2.061810320946902
-999.0	115.0	366.8312160525725	0.005411536350018444	2.0105252714620563	1.1545879484671642
-999.0	90.0	393.3550971000666	0.004841687033573776	3.755704119470396	0.9351161036226444
-999.0	65.0	441.94943894953263	0.003196247871447766	1.9589345770991848	1.0382863603532364
-999.0	40.0	531.696514415365	0.013133398847033585	-7.278955132431431	0.42296343909368805
-999.0	15.0	720.5907645108698	0.06583521275056745	-14.740903871589213	0.1483458415501443
244.58333333333334	40	1005.6274454752606	day	levels	pres0
-999.0	990.0	299.45562730934074	16.4260459582011	-2.9057810531308084	-0.6487977005541167
-999.0	965.0	300.539801444957	15.502808761596672	-4.572921307881677	-1.1149947961171287
-999.0	940.0	301.72872747010524	14.998520406087222	-5.80765205224359	-1.6468388323982481
-999.0	915.0	302.7809208040544	14.452037874857572	-6.654301031430631	-2.1965860252579086
-999.0	890.0	303.7101517138434	13.72402521769207	-7.152094332377195	-2.6277482594053048
-999.0	865.0	304.6264440476559	12.795812320709262	-7.471098677317374	-2.825378493467983
-999.0	840.0	305.57324844030614	11.786801338195845	-7.672509717941351	-2.769563696781819
-999.0	815.0	306.6110388809994	10.74626992543543	-7.754865980148379	-2.5213583389918357
-999.0	790.0	307.76277242308896	9.685163323084549	-7.713185302416545	-2.1597855885823996
-999.0	765.0	309.04602680409397	8.648897965749127	-7.558282621701614	-1.7520097265641343
-999.0	740.0	310.42517729014946	7.696683422724427	-7.223935910066019	-1.3787012000879066
-999.0	715.0	311.85907838405444	6.8514866034190085	-6.7310876478751895	-1.0646844044328083
-999.0	690.0	313.27581741186435	6.075712005297367	-6.179589646806351	-0.7662588251754882
-999.0	665.0	314.63766908727973	5.387602736552578	-5.589834821224235	-0.4813130470613717
-999.0	640.0	316.04210382096744	4.786418344577172	-5.1309615453084465	-0.20947815477847018
-999.0	615.0	317.51600104348154	4.284397812684396	-4.873769504328582	0.03596271574500218
-999.0	590.0	319.20972356398954	3.8132627526919216	-4.797362860292209	0.19922854055965294
-999.0	565.0	321.1604522748624	3.35942030946415	-4.921413545062159	0.25325021493874195
-999.0	540.0	323.20144918504724	2.913446625073759	-5.115642323593315	0.242202756802283
-999.0	515.0	325.26491594763723	2.4580932954947157	-5.322442661722518	0.16621561609211505
-999.0	490.0	327.315715622931	2.060276131828622	-5.363960431267837	0.042142029603340445
-999.0	465.0	329.312953031615	1.7251565138498883	-5.172006746133189	-0.1376978117972506
-999.0	440.0	331.305543420466	1.4359921872615753	-4.832898814355354	-0.384371447563169
-999.0	415.0	333.2797338879205	1.1944533010323797	-4.37267814471078	-0.6483926155294065
-999.0	390.0	335.2535570854055	0.9720275645454686	-3.8648876721660472	-0.6996599581170421
-999.0	365.0	337.17896670474124	0.7695907473564114	-3.3057948360840603	-0.42278997922940637
-999.0	340.0	338.9798588410521	0.6251520201563813	-2.6109427757561265	0.16783798933024596
-999.0	315.0	340.6155148171965	0.52488368799289	-1.8086012403170242	1.034495037794065
-999.0	290.0	342.1887426946478	0.40264944185813273	-1.1206414481003983	2.0078900853792443
-999.0	265.0	343.7510944721327	0.2800239225228631	-0.7007428586482853	2.9543658755719497
-999.0	240.0	345.23833224402193	0.17396291097005254	-0.6441535706321211	3.695342590411512
-999.0	215.0	346.5713670960408	0.09314747105042165	-0.842061999440167	4.110993361473109
-999.0	190.0	348.1053277722585	0.045836159214377434	-0.7862193236747961	4.1154636581739075
-999.0	165.0	350.55595267086284	0.020619493598739293	0.11873102982844097	3.348793282965218
-999.0	140.0	355.2217320639477	0.009135863060752541	1.2590514183044716	2.0259503329793676
-999.0	115.0	366.84055386563284	0.00540463657428821	2.0455313642819597	1.155093586320675
-999.0	90.0	393.33287798775535	0.004827458178624519	3.7656483193238284	0.958296955625212
-999.0	65.0	441.8993135991236	0.003192394141418242	1.9640750174720707	1.0498127162456563
-999.0	40.0	531.6975453273924	0.01313475444912912	-7.281230970223771	0.41660606761774693
-999.0	15.0	720.6545435414074	0.06599216411511111	-14.721598146359158	0.1195860082904683
244.59722222222223	40	1005.590318467882	day	levels	pres0
-999.0	990.0	299.60978026589885	16.396204259660497	-2.9137573342356466	-0.6482341642181104
-999.0	965.0	300.6376696456308	15.50878378550212	-4.528462542427891	-1.090089661710785
-999.0	940.0	301.78211871051593	15.024721580081527	-5.708667386902659	-1.5889514394932116
-999.0	915.0	302.8181083203935	14.490611818101689	-6.519933356179071	-2.1109592190218978
-999.0	890.0	303.7487835372571	13.759525659349245	-7.011346899138496	-2.5293042919701616
-999.0	865.0	304.67171484869306	12.808610916137704	-7.345498111512872	-2.7282258924510367
-999.0	840.0	305.62259073252056	11.77935905456543	-7.561450147628738	-2.6771603541241387
-999.0	815.0	306.6640958142315	10.730206161075165	-7.655231650670328	-2.4349803295400054
-999.0	790.0	307.8261084683044	9.658082400427913	-7.629057537184788	-2.081230614913802
-999.0	765.0	309.12242115949044	8.607563262515582	-7.4933373822105995	-1.683263913955925
-999.0	740.0	310.5081506153451	7.651800555653023	-7.179307899210169	-1.321572595172435
-999.0	715.0	311.9397759418212	6.815382642216138	-6.706196431650044	-1.0202608317136597
-999.0	690.0	313.3511383506451	6.048261609342353	-6.172836474412012	-0.7352170191705132
-999.0	665.0	314.70499941532546	5.368275210592476	-5.5983742634455345	-0.4648901942289524
-999.0	640.0	316.1036238902057	4.771076094441939	-5.1479809963040895	-0.2114690318703725
-999.0	615.0	317.57548069743086	4.268179940515088	-4.890141703022853	0.01139980480073216
-999.0	590.0	319.2700419858141	3.7987446036603645	-4.807153008505703	0.15575046274394788
-999.0	565.0	321.2242166531932	3.3491179174847034	-4.91859459723863	0.1978558816739824
-999.0	540.0	323.2659099811561	2.907812094026139	-5.098106714255271	0.18429119951192705
-999.0	515.0	325.3259983656077	2.458127465513018	-5.2900544875197815	0.11649397021778381
-999.0	490.0	327.37377636205935	2.0626593086454617	-5.323119538484333	0.003912852042236098
-999.0	465.0	329.3693869361915	1.7262377576695556	-5.131342855426986	-0.1629004743571183
-999.0	440.0	331.3598550871876	1.4355216095844907	-4.796486196004669	-0.39564692676067886
-999.0	415.0	333.33067508006	1.1921191467179186	-4.342759852897781	-0.6453199615495087
-999.0	390.0	335.2992306602809	0.9697432412041553	-3.8404298828707732	-0.6832851487612849
-999.0	365.0	337.2180438836547	0.7690544888377191	-3.2853502006994297	-0.3950844875640293
-999.0	340.0	339.0139899192825	0.6250984013080598	-2.5963970844944266	0.20424181620280665
-999.0	315.0	340.64727703616165	0.5243071465028655	-1.8021357284651827	1.0744982371727714
-999.0	290.0	342.2186688604178	0.4018585094147255	-1.1204814645979109	2.0408136871126024
-999.0	265.0	343.77790390951384	0.27917695277267	-0.7022835691769875	2.967001431186992
-999.0	240.0	345.2603986953431	0.1731790156000187	-0.64088099540935	3.6788412395450676
-999.0	215.0	346.5929323424023	0.09259106334712751	-0.8256449148058823	4.063029925028458
-999.0	190.0	348.13423960502547	0.045590181648731146	-0.7518188060985633	4.042581440342764
-999.0	165.0	350.5896418827498	0.020599644610451325	0.15935255322191266	3.2797694354317795
-999.0	140.0	355.24868070795554	0.009151807981025847	1.2974200208981816	1.9900903450118022
-999.0	115.0	366.84989167869327	0.0053977367985579665	2.080537457101882	1.1555992241741875
-999.0	90.0	393.310658875444	0.0048132293236752294	3.775592519177337	0.9814778076277909
-999.0	65.0	441.8491882487146	0.003188540411388706	1.9692154578450742	1.0613390721380758
-999.0	40.0	531.6985762394198	0.013136110051224632	-7.28350680801603	0.4102486961417688
-999.0	15.0	720.7183225719449	0.06614911547965481	-14.702292421129002	0.09082617503072282
244.61111111111111	40	1005.5531914605036	day	levels	pres0
-999.0	990.0	299.7639332224568	16.366362561119963	-2.9217336153404307	-0.6476706278820619
-999.0	965.0	300.7355378463045	15.514758809407548	-4.484003776974161	-1.0651845273044174
-999.0	940.0	301.8355099509267	15.050922754075769	-5.609682721561915	-1.5310640465882077
-999.0	915.0	302.85529583673264	14.529185761345737	-6.385565680927796	-2.0253324127859718
-999.0	890.0	303.7874153606709	13.795026101006407	-6.8705994659001055	-2.4308603245351343
-999.0	865.0	304.71698564973025	12.821409511566195	-7.219897545708653	-2.6310732914342196
-999.0	840.0	305.6719330247349	11.771916770935105	-7.450390577316382	-2.5847570114666043
-999.0	815.0	306.71715274746333	10.714142396715	-7.555597321192522	-2.3486023200883395
-999.0	790.0	307.8894445135198	9.631001477771372	-7.544929771953251	-2.002675641245375
-999.0	765.0	309.1988155148868	8.56622855928212	-7.428392142719777	-1.6145181013478775
-999.0	740.0	310.5911239405405	7.606917688581706	-7.1346798883544835	-1.2644439902571025
-999.0	715.0	312.0204734995878	6.779278681013349	-6.681305215425025	-0.9758372589946176
-999.0	690.0	313.4264592894257	6.020811213387412	-6.166083302017766	-0.7041752131656032
-999.0	665.0	314.77232974337113	5.348947684632433	-5.606913705666897	-0.4484673413965449
-999.0	640.0	316.1651439594437	4.755733844306756	-5.165000447299772	-0.21345990896222883
-999.0	615.0	317.63496035138013	4.251962068345833	-4.906513901717153	-0.013163106143431913
-999.0	590.0	319.3303604076385	3.784226454628856	-4.816943156719225	0.11227238492838773
-999.0	565.0	321.2879810315239	3.33881552550529	-4.915775649415144	0.1424615484093758
-999.0	540.0	323.3303707772649	2.9021775629785376	-5.080571104917287	0.12637964222170733
-999.0	515.0	325.38708078357797	2.458161635531316	-5.257666313317117	0.0667723243435492
-999.0	490.0	327.43183710118757	2.0650424854622877	-5.282278645700909	-0.03431632551880665
-999.0	465.0	329.42582084076804	1.7273190014892081	-5.090678964720861	-0.18810313691694813
-999.0	440.0	331.41416675390906	1.4350510319073935	-4.7600735776540555	-0.406922405958174
-999.0	415.0	333.38161627219927	1.1897849924034505	-4.3128415610848405	-0.6422473075696222
-999.0	390.0	335.34490423515615	0.9674589178628359	-3.815972093575546	-0.6669103394055687
-999.0	365.0	337.2571210625681	0.7685182303190199	-3.2649055653148316	-0.3673789958987237
-999.0	340.0	339.0481209975128	0.6250447824597336	-2.581851393232744	0.2406456430752711
-999.0	315.0	340.67903925512684	0.52373060501284	-1.795670216613338	1.1145014365513715
-999.0	290.0	342.24859502618773	0.4010675769713191	-1.120321481095406	2.073737288845877
-999.0	265.0	343.80471334689486	0.2783299830224783	-0.7038242797056671	2.9796369868020096
-999.0	240.0	345.28246514666415	0.17239512022998651	-0.6376084201865538	3.6623398886786727
-999.0	215.0	346.61449758876387	0.09203465564383428	-0.8092278301715522	4.015066488583921
-999.0	190.0	348.1631514377925	0.04534420408308514	-0.7174182885222289	3.969699222511754
-999.0	165.0	350.6233310946367	0.020579795622163374	0.19997407661553745	3.210745587898433
-999.0	140.0	355.2756293519633	0.00916775290129913	1.3357886234919967	1.9542303570442676
-999.0	115.0	366.8592294917537	0.00539083702282773	2.115543549921784	1.1561048620276955
-999.0	90.0	393.28843976313277	0.00479900046872597	3.785536719030763	1.0046586596303588
-999.0	65.0	441.79906289830564	0.0031846866813591813	1.974355898217957	1.0728654280304966
-999.0	40.0	531.6996071514474	0.013137465653320163	-7.285782645808377	0.40389132466582756
-999.0	15.0	720.7821016024826	0.06630606684419843	-14.682986695898954	0.062066341771044004
244.625	40	1005.5160644531251	day	levels	pres0
-999.0	990.0	299.9180861790149	16.33652086257935	-2.929709896445274	-0.6471070915460587
-999.0	965.0	300.83340604697844	15.52073383331299	-4.439545011520386	-1.0402793928980827
-999.0	940.0	301.8889011913375	15.077123928070069	-5.510698056221009	-1.4731766536831854
-999.0	915.0	302.8924833530718	14.567759704589847	-6.251198005676269	-1.9397056065499783
-999.0	890.0	303.82604718408453	13.830526542663575	-6.729852032661437	-2.33241635710001
-999.0	865.0	304.7622564507674	12.834208106994632	-7.094296979904176	-2.5339206904172897
-999.0	840.0	305.7212753169493	11.764474487304689	-7.339331007003785	-2.492353668808937
-999.0	815.0	306.77020968069536	10.698078632354736	-7.455962991714477	-2.2622243106365207
-999.0	790.0	307.95278055873524	9.603920555114748	-7.460802006721497	-1.92412066757679
-999.0	765.0	309.2752098702832	8.524893856048585	-7.36344690322876	-1.5457722887396814
-999.0	740.0	310.6740972657361	7.562034821510316	-7.090051877498627	-1.2073153853416443
-999.0	715.0	312.1011710573546	6.7431747198104866	-6.656413999199868	-0.9314136862754826
-999.0	690.0	313.50178022820637	5.9933608174324045	-6.159330129623414	-0.6731334071606399
-999.0	665.0	314.8396600714169	5.329620158672332	-5.615453147888184	-0.4320444885641336
-999.0	640.0	316.2266640286819	4.740391594171524	-5.182019898295403	-0.21545078605413448
-999.0	615.0	317.6944400053294	4.23574419617653	-4.922886100411414	-0.03772601708769813
-999.0	590.0	319.390678829463	3.7697083055973057	-4.826733304932715	0.0687943071126938
-999.0	565.0	321.35174540985474	3.328513133525849	-4.912956701591611	0.08706721514463422
-999.0	540.0	323.39483157337366	2.8965430319309236	-5.063035495579243	0.06846808493137352
-999.0	515.0	325.4481632015484	2.458195805549622	-5.22527813911438	0.017050678469240688
-999.0	490.0	327.4898978403158	2.067425662279129	-5.241437752917409	-0.07254550307989117
-999.0	465.0	329.4822547453446	1.728400245308876	-5.050015074014663	-0.21330579947680234
-999.0	440.0	331.46847842063073	1.4345804542303084	-4.72366095930338	-0.41819788515567785
-999.0	415.0	333.43255746433874	1.1874508380889892	-4.282923269271851	-0.6391746535897255
-999.0	390.0	335.3905778100314	0.9651745945215225	-3.7915143042802812	-0.6505355300498196
-999.0	365.0	337.29619824148153	0.7679819718003275	-3.2444609299302103	-0.33967350423336035
-999.0	340.0	339.08225207574327	0.6249911636114122	-2.567305701971054	0.277049469947815
-999.0	315.0	340.710801474092	0.5231540635228158	-1.789204704761505	1.1545046359300613
-999.0	290.0	342.27852119195785	0.40027664452791223	-1.1201614975929262	2.1066608905792235
-999.0	265.0	343.83152278427593	0.2774830132722855	-0.7053649902343748	2.9922725424170498
-999.0	240.0	345.30453159798526	0.17161122485995292	-0.6343358449637893	3.6458385378122333
-999.0	215.0	346.6360628351253	0.09147824794054031	-0.7928107455372808	3.967103052139283
-999.0	190.0	348.19206327055963	0.045098226517438895	-0.683017770946026	3.896817004680634
-999.0	165.0	350.65702030652363	0.020559946633875375	0.24059560000896463	3.141721740365029
-999.0	140.0	355.30257799597126	0.009183697821572424	1.374157226085663	1.918370369076729
-999.0	115.0	366.8685673048141	0.005383937247097492	2.15054964274168	1.156610499881208
-999.0	90.0	393.2662206508214	0.004784771613776685	3.7954809188842766	1.0278395116329193
-999.0	65.0	441.74893754789656	0.0031808329513296485	1.9794963385909796	1.084391783922911
-999.0	40.0	531.7006380634748	0.01313882125541568	-7.288058483600617	0.39753395318984996
-999.0	15.0	720.8458806330203	0.06646301820874215	-14.663680970668795	0.0333065085113049
244.63888888888889	40	1005.0964714898	day	levels	pres0
-999.0	990.0	300.07226225960466	16.28179243935475	-2.9385916358895057	-0.6467480166091073
-999.0	965.0	300.93128692212935	15.519845157199441	-4.395920231607214	-1.0154604503678153
-999.0	940.0	301.9422354849573	15.102326520284041	-5.4124279446071455	-1.4154230386018756
-999.0	915.0	302.9296016571277	14.60641138288712	-6.116947891977006	-1.8544553957879362
-999.0	890.0	303.8646558702615	13.865254020690916	-6.588648814625104	-2.234219370037288
-999.0	865.0	304.8075159420566	12.84435180028276	-6.968211531638996	-2.436948598921263
-999.0	840.0	305.7705937301246	11.752859539455786	-7.227772898144094	-2.400190780063423
-999.0	815.0	306.8232662544338	10.677044688330705	-7.355947770012652	-2.176131556721139
-999.0	790.0	308.0160567571551	9.570969994862836	-7.376445229848134	-1.845815058838927
-999.0	765.0	309.35158189628345	8.47622628211972	-7.298356477419449	-1.4770214332473999
-999.0	740.0	310.7569848559803	7.50960668457876	-7.045291664865207	-1.1498637451065394
-999.0	715.0	312.1819178767008	6.701116167174411	-6.63134365479145	-0.8863903088701706
-999.0	690.0	313.5771633733223	5.9613639699087875	-6.152301303059225	-0.6412848509847886
-999.0	665.0	314.9070902226042	5.307059616512695	-5.623584436707989	-0.4146780908107734
-999.0	640.0	316.2883104430626	4.722373935911366	-5.198589558071533	-0.2163991868496139
-999.0	615.0	317.75398433436834	4.2168695847193165	-4.938851735326959	-0.061189508955553584
-999.0	590.0	319.45110133489504	3.7526934292581147	-4.836183853612987	0.026367238660599007
-999.0	565.0	321.4155872259106	3.3161331335703395	-4.9099016670137425	0.03253576060130772
-999.0	540.0	323.45938577627544	2.889460071590205	-5.045309008823475	0.011341675122535005
-999.0	515.0	325.5093530060067	2.4575061341126783	-5.192675782822871	-0.03185953199866054
-999.0	490.0	327.5480404804409	2.0693617330657186	-5.200300452775395	-0.10994504855740017
-999.0	465.0	329.53870131017027	1.7288995958036923	-5.008883897021073	-0.2376690344678097
-999.0	440.0	331.52283038744764	1.4333992467986278	-4.686710925565801	-0.4286903060144857
-999.0	415.0	333.48349822052813	1.184445821411084	-4.252512917253686	-0.6354272044367197
-999.0	390.0	335.43632349558897	0.9624748357468215	-3.766596613989921	-0.6335781887276974
-999.0	365.0	337.3353647373353	0.7673360241784025	-3.223598254720361	-0.3114723629421389
-999.0	340.0	339.1164743000172	0.6249244059125608	-2.5523901063741903	0.3138799779945315
-999.0	315.0	340.7426412844057	0.5225449154774355	-1.7824228084749725	1.194874623500679
-999.0	290.0	342.30835197379446	0.3994391373462145	-1.1197928375668136	2.139879294567671
-999.0	265.0	343.85810500833634	0.27660399311118605	-0.7068352063497069	3.0051474476854128
-999.0	240.0	345.32623125646063	0.1708053737878794	-0.6310670786433937	3.6295953483217134
-999.0	215.0	346.65712805668625	0.09089743130736853	-0.7764025107854267	3.91946639219916
-999.0	190.0	348.22056391838703	0.04482869147840466	-0.6485887082708229	3.8242992688383937
-999.0	165.0	350.6905055408159	0.020536681818258407	0.28127545482572747	3.073070051272696
-999.0	140.0	355.3296048381737	0.009199186549004585	1.4126047614340242	1.8828843601875893
-999.0	115.0	366.87790385979054	0.005374138491849103	2.1855774993697747	1.157177946799334
-999.0	90.0	393.2439586965695	0.004768990520905276	3.8054258061780293	1.0510235342714453
-999.0	65.0	441.69886180528795	0.0031805404798231156	1.9846371134122873	1.0959177050325546
-999.0	40.0	531.7016974701828	0.013140927441418164	-7.290331923961592	0.3911765822105774
-999.0	15.0	720.909656849297	0.0666309117443032	-14.644374868604821	0.0045465295513229115
244.65277777777777	40	1004.6768785264759	day	levels	pres0
-999.0	990.0	300.22643834019425	16.227064016130264	-2.9474733753336757	-0.6463889416721106
-999.0	965.0	301.02916779728	15.518956481085885	-4.352295451694085	-0.9906415078375145
-999.0	940.0	301.995569778577	15.127529112497957	-5.3141578329934465	-1.3576694235205862
-999.0	915.0	302.9667199611836	14.645063061184336	-5.982697778277986	-1.7692051850259631
-999.0	890.0	303.90326455643856	13.899981498718248	-6.447445596589045	-2.1360223829746627
-999.0	865.0	304.8527754333456	12.85449549357096	-6.84212608337408	-2.3399765074253462
-999.0	840.0	305.8199121432997	11.741244591606993	-7.116214789284648	-2.3080278913180403
-999.0	815.0	306.87632282817225	10.656010744306785	-7.255932548311065	-2.0900388028059096
-999.0	790.0	308.0793329555747	9.538019434611016	-7.292088452974991	-1.7675094501012232
-999.0	765.0	309.4279539222835	8.427558708190938	-7.233266051610338	-1.4082705777552682
-999.0	740.0	310.8398724462243	7.457178547647288	-7.000531452231956	-1.0924121048715616
-999.0	715.0	312.2626646960469	6.659057614538423	-6.606273310383175	-0.8413669314649541
-999.0	690.0	313.65254651843816	5.92936712238525	-6.145272476495147	-0.6094362948089938
-999.0	665.0	314.97452037379156	5.284499074353122	-5.631715725527871	-0.39731169305741976
-999.0	640.0	316.34995685744315	4.704356277651264	-5.2151592178477175	-0.2173475876450469
-999.0	615.0	317.8135286634071	4.197994973262159	-4.95481737024254	-0.08465300082330934
-999.0	590.0	319.51152384032696	3.735678552918972	-4.845634402293297	-0.016059829791364055
-999.0	565.0	321.47942904196645	3.3037531336148644	-4.90684663243592	-0.021995693941885552
-999.0	540.0	323.52393997917704	2.882377111249503	-5.0275825220677675	-0.04578473468619122
-999.0	515.0	325.57054281046476	2.456816462675731	-5.160073426531435	-0.08076974246648938
-999.0	490.0	327.6061831205659	2.0712978038522927	-5.159163152633457	-0.14734459403486902
-999.0	465.0	329.5951478749959	1.729398946298493	-4.967752720027556	-0.2620322694587942
-999.0	440.0	331.57718235426444	1.4322180393669344	-4.649760891828285	-0.43918272687328674
-999.0	415.0	333.5344389767175	1.1814408047331713	-4.222102565235572	-0.6316797552837256
-999.0	390.0	335.4820691811465	0.9597750769721146	-3.741678923699598	-0.6166208474056094
-999.0	365.0	337.3745312331889	0.7666900765564708	-3.2027355795105366	-0.2832712216509764
-999.0	340.0	339.15069652429133	0.6248576482137045	-2.5374745107773333	0.3507104860411676
-999.0	315.0	340.7744810947193	0.5219357674320542	-1.7756409121884285	1.2352446110712072
-999.0	290.0	342.3381827556311	0.39860163016451766	-1.1194241775406768	2.1730976985560466
-999.0	265.0	343.8846872323967	0.275724972950088	-0.7083054224650109	3.0180223529537535
-999.0	240.0	345.34793091493583	0.1699995227158073	-0.6277983123229675	3.6133521588312396
-999.0	215.0	346.67819327824714	0.09031661467419753	-0.7599942760335143	3.87182973225914
-999.0	190.0	348.2490645662145	0.04455915643937069	-0.6141596455954884	3.751781532996264
-999.0	165.0	350.7239907751081	0.020513417002641497	0.32195530964268826	3.0044183621804215
-999.0	140.0	355.35663168037627	0.009214675276436738	1.451052296782535	1.847398351298453
-999.0	115.0	366.8872404147671	0.005364339736600723	2.2206053559978733	1.157745393717455
-999.0	90.0	393.22169674231753	0.004753209428033902	3.815370693471691	1.074207556909978
-999.0	65.0	441.64878606267945	0.0031802480083165914	1.9897778882334543	1.107443626142206
-999.0	40.0	531.7027568768908	0.01314303362742066	-7.292605364322669	0.3848192112313419
-999.0	15.0	720.973433065574	0.06679880527986413	-14.625068766540968	-0.024213449408598688
244.66666666666666	40	1004.2572855631508	day	levels	pres0
-999.0	990.0	300.3806144207841	16.17233559290566	-2.9563551147778995	-0.6460298667351596
-999.0	965.0	301.12704867243093	15.51806780497234	-4.3086706717808925	-0.965822565307234
-999.0	940.0	302.0489040721968	15.15273170471194	-5.215887721379548	-1.29991580843925
-999.0	915.0	303.0038382652396	14.683714739481633	-5.848447664578677	-1.6839549742638842
-999.0	890.0	303.94187324261554	13.934708976745611	-6.306242378552669	-2.037825395911902
-999.0	865.0	304.8980349246347	12.864639186859106	-6.716040635108871	-2.2430044159292866
-999.0	840.0	305.8692305564749	11.729629643758098	-7.004656680424942	-2.215865002572502
-999.0	815.0	306.9293794019107	10.634976800282761	-7.155917326609233	-2.0039460488905116
-999.0	790.0	308.1426091539945	9.5050688743591	-7.2077316761016315	-1.6892038413633461
-999.0	765.0	309.50432594828374	8.378891134262062	-7.168175625801039	-1.339519722262973
-999.0	740.0	310.92276003646845	7.404750410715718	-6.955771239598549	-1.0349604646364425
-999.0	715.0	312.34341151539314	6.616999061902341	-6.581202965974773	-0.7963435540596304
-999.0	690.0	313.7279296635541	5.89737027486163	-6.138243649930976	-0.5775877386331347
-999.0	665.0	315.0419505249789	5.261938532193483	-5.639847014347692	-0.3799452953040575
-999.0	640.0	316.4116032718238	4.6863386193911065	-5.231728877623861	-0.21829598844053158
-999.0	615.0	317.8730729924461	4.1791203618049435	-4.9707830051580935	-0.10811649269117757
-999.0	590.0	319.57194634575893	3.718663676579776	-4.855084950973578	-0.05848689824347705
-999.0	565.0	321.54327085802237	3.291373133659349	-4.903791597858058	-0.0765271484852327
-999.0	540.0	323.5884941820789	2.87529415090878	-5.009856035312003	-0.1029111444950492
-999.0	515.0	325.63173261492307	2.456126791238784	-5.127471070239929	-0.12967995293440496
-999.0	490.0	327.664325760691	2.0732338746388783	-5.118025852491448	-0.18474413951238652
-999.0	465.0	329.6515944398216	1.7298982967933054	-4.9266215430339715	-0.28639550444980494
-999.0	440.0	331.63153432108135	1.4310368319352496	-4.612810858090712	-0.44967514773209694
-999.0	415.0	333.5853797329069	1.1784357880552614	-4.191692213217411	-0.6279323061307245
-999.0	390.0	335.5278148667042	0.9570753181974095	-3.7167612334092395	-0.5996635060834942
-999.0	365.0	337.41369772904267	0.7660441289345433	-3.1818729043006844	-0.2550700803597612
-999.0	340.0	339.18491874856534	0.6247908905148511	-2.5225589151804613	0.38754099408788134
-999.0	315.0	340.8063209050329	0.5213266193866726	-1.7688590159018824	1.2756145986418275
-999.0	290.0	342.36801353746785	0.39776412298281927	-1.119055517514548	2.2063161025444975
-999.0	265.0	343.9112694564572	0.2748459527889882	-0.7097756385803247	3.0308972582221156
-999.0	240.0	345.3696305734112	0.16919367164373353	-0.624529546002552	3.5971089693407112
-999.0	215.0	346.69925849980797	0.0897357980410255	-0.7435860412816369	3.8241930723190034
-999.0	190.0	348.27756521404194	0.04428962140033631	-0.5797305829202538	3.6792637971539963
-999.0	165.0	350.75747600940036	0.02049015218702454	0.3626351644594887	2.9357666730880507
-999.0	140.0	355.3836585225788	0.009230164003868904	1.4894998321309338	1.8119123424092876
-999.0	115.0	366.8965769697436	0.005354540981352329	2.255633212625995	1.1583128406355843
-999.0	90.0	393.19943478806556	0.004737428335162494	3.8253155807654435	1.0973915795485216
-999.0	65.0	441.59871032007067	0.0031799555368100542	1.994918663054746	1.1189695472518542
-999.0	40.0	531.703816283599	0.013145139813423148	-7.294878804683655	0.37846184025206897
-999.0	15.0	721.0372092818508	0.06696669881542523	-14.605762664476991	-0.05297342836858421
244.68055555555554	40	1003.8376925998267	day	levels	pres0
-999.0	990.0	300.53479050137366	16.117607169681172	-2.96523685422207	-0.6456707917981627
-999.0	965.0	301.2249295475816	15.517179128858785	-4.2650458918677625	-0.9410036227769335
-999.0	940.0	302.1022383658166	15.177934296925859	-5.117617609765845	-1.2421621933579603
-999.0	915.0	303.0409565692954	14.72236641777885	-5.714197550879659	-1.5987047635019112
-999.0	890.0	303.9804819287926	13.969436454772943	-6.16503916051661	-1.9396284088492768
-999.0	865.0	304.94329441592373	12.874782880147308	-6.589955186843954	-2.1460323244333703
-999.0	840.0	305.9185489696501	11.718014695909309	-6.893098571565496	-2.1237021138271195
-999.0	815.0	306.9824359756491	10.613942856258838	-7.055902104907644	-1.9178532949752816
-999.0	790.0	308.20588535241416	9.472118314107284	-7.123374899228488	-1.6108982326256422
-999.0	765.0	309.58069797428385	8.330223560333282	-7.103085199991928	-1.2707688667708408
-999.0	740.0	311.0056476267125	7.352322273784245	-6.911011026965301	-0.9775088244014649
-999.0	715.0	312.4241583347391	6.574940509266351	-6.556132621566497	-0.7513201766544142
-999.0	690.0	313.80331280867	5.865373427338093	-6.131214823366898	-0.5457391824573397
-999.0	665.0	315.10938067616615	5.239377990033909	-5.647978303167575	-0.36257889755070394
-999.0	640.0	316.47324968620444	4.668320961131005	-5.248298537400045	-0.21924438923596454
-999.0	615.0	317.93261732148494	4.160245750347785	-4.986748640073676	-0.13157998455893344
-999.0	590.0	319.6323688511909	3.7016488002406325	-4.864535499653888	-0.10091396669544023
-999.0	565.0	321.60711267407817	3.278993133703874	-4.900736563280236	-0.13105860302842587
-999.0	540.0	323.65304838498054	2.8682111905680787	-4.992129548556295	-0.16003755430377534
-999.0	515.0	325.6929224193812	2.455437119801836	-5.094868713948493	-0.17859016340223385
-999.0	490.0	327.72246840081596	2.0751699454254524	-5.076888552349512	-0.22214368498985534
-999.0	465.0	329.70804100464716	1.7303976472881057	-4.885490366040455	-0.31075873944078947
-999.0	440.0	331.6858862878982	1.4298556245035556	-4.575860824353197	-0.46016756859089786
-999.0	415.0	333.63632048909636	1.175430771377349	-4.1612818611992966	-0.6241848569777304
-999.0	390.0	335.57356055226177	0.9543755594227028	-3.691843543118917	-0.5827061647614062
-999.0	365.0	337.4528642248964	0.7653981813126115	-3.1610102290908597	-0.22686893906859887
-999.0	340.0	339.2191409728394	0.624724132815995	-2.507643319583604	0.42437150213451763
-999.0	315.0	340.83816071534653	0.5207174713412913	-1.762077119615338	1.3159845862123554
-999.0	290.0	342.3978443193044	0.3969266158011225	-1.1186868574884112	2.239534506532873
-999.0	265.0	343.93785168051755	0.27396693262789024	-0.7112458546956287	3.0437721634904564
-999.0	240.0	345.3913302318865	0.1683878205716614	-0.6212607796821255	3.5808657798502366
-999.0	215.0	346.72032372136886	0.08915498140785447	-0.7271778065297247	3.7765564123789837
-999.0	190.0	348.3060658618694	0.04402008636130233	-0.5453015202449191	3.606746061311867
-999.0	165.0	350.7909612436926	0.020466887371407637	0.40331501927644925	2.867114983995776
-999.0	140.0	355.41068536478133	0.00924565273130106	1.5279473674794448	1.7764263335201513
-999.0	115.0	366.9059135247201	0.005344742226103949	2.290661069254094	1.1588802875537056
-999.0	90.0	393.17717283381364	0.004721647242291119	3.835260468059105	1.1205756021870545
-999.0	65.0	441.548634577462	0.0031796630653035305	2.0000594378759136	1.1304954683615054
-999.0	40.0	531.7048756903071	0.013147245999425648	-7.297152245044733	0.37210446927283314
-999.0	15.0	721.1009854981276	0.06713459235098616	-14.586456562413137	-0.08173340732850568
244.69444444444446	40	1003.4180996365016	day	levels	pres0
-999.0	990.0	300.6889665819636	16.062878746456523	-2.974118593666305	-0.6453117168612003
-999.0	965.0	301.32281042273246	15.516290452745219	-4.221421111954564	-0.9161846802466435
-999.0	940.0	302.1555726594364	15.20313688913982	-5.01934749815194	-1.1844085782766187
-999.0	915.0	303.07807487335134	14.761018096076134	-5.57994743718034	-1.5134545527398304
-999.0	890.0	304.01909061496957	14.004163932800303	-6.023835942480216	-1.8414314217865098
-999.0	865.0	304.9885539072128	12.884926573435457	-6.463869738578715	-2.0490602329372924
-999.0	840.0	305.9678673828254	11.70639974806042	-6.781540462705745	-2.031539225081553
-999.0	815.0	307.0354925493875	10.592908912234813	-6.95588688320576	-1.8317605410598508
-999.0	790.0	308.26916155083404	9.439167753855363	-7.03901812235507	-1.532592623887739
-999.0	765.0	309.65707000028414	8.28155598640439	-7.037994774182573	-1.2020180112785328
-999.0	740.0	311.0885352169567	7.299894136852657	-6.866250814331849	-0.9200571841663454
-999.0	715.0	312.5049051540854	6.532881956630256	-6.53106227715806	-0.7062967992490969
-999.0	690.0	313.87869595378595	5.833376579814467	-6.124185996802701	-0.513890626281488
-999.0	665.0	315.1768108273536	5.216817447874265	-5.656109591987379	-0.3452124997973423
-999.0	640.0	316.5348961005851	4.650303302870842	-5.264868197176181	-0.22019279003144204
-999.0	615.0	317.9921616505239	4.141371138890571	-5.002714274989228	-0.15504347642678684
-999.0	590.0	319.69279135662293	3.684633923901442	-4.87398604833417	-0.14334103514753546
-999.0	565.0	321.6709544901341	3.2666131337483657	-4.897681528702367	-0.18559005757175942
-999.0	540.0	323.7176025878824	2.8611282302273633	-4.974403061800514	-0.21716396411262948
-999.0	515.0	325.7541122238395	2.4547474483648966	-5.062266357656952	-0.22750037387015992
-999.0	490.0	327.7806110409411	2.0771060162120447	-5.035751252207454	-0.2595432304673933
-999.0	465.0	329.764487569473	1.7308969977829243	-4.844359189046822	-0.33512197443182207
-999.0	440.0	331.74023825471505	1.4286744170718766	-4.5389107906155814	-0.4706599894497212
-999.0	415.0	333.6872612452857	1.1724257546994448	-4.130871509181105	-0.6204374078247258
-999.0	390.0	335.61930623781933	0.951675800648003	-3.6669258528285393	-0.565748823439277
-999.0	365.0	337.4920307207501	0.7647522336906882	-3.140147553881	-0.19866779777737123
-999.0	340.0	339.25336319711346	0.6246573751171449	-2.492727723986736	0.46120201018123264
-999.0	315.0	340.87000052566015	0.5201083232959118	-1.7552952233288073	1.356354573782962
-999.0	290.0	342.42767510114106	0.39608910861942515	-1.1183181974623033	2.272752910521304
-999.0	265.0	343.964433904578	0.27308791246679054	-0.712716070810963	3.056647068758804
-999.0	240.0	345.41302989036194	0.16758196949958762	-0.6179920133617268	3.564622590359696
-999.0	215.0	346.74138894292963	0.08857416477468262	-0.7107695717778562	3.7289197524388276
-999.0	190.0	348.33456650969686	0.043750551322268065	-0.5108724575696956	3.534228325469588
-999.0	165.0	350.82444647798485	0.020443622555790655	0.4439948740932255	2.798463294903417
-999.0	140.0	355.43771220698386	0.00926114145873321	1.5663949028277981	1.740940324630999
-999.0	115.0	366.91525007969665	0.005334943470855548	2.3256889258821674	1.1594477344718201
-999.0	90.0	393.1549108795617	0.0047058661494197	3.8452053553528365	1.14375962482558
-999.0	65.0	441.4985588348533	0.003179370593797003	2.005200212697221	1.1420213894711648
-999.0	40.0	531.7059350970152	0.013149352185428145	-7.2994256854057085	0.36574709829356145
-999.0	15.0	721.1647617144043	0.06730248588654741	-14.567150460349163	-0.11049338628850439
244.70833333333334	40	1002.9985066731773	day	levels	pres0
-999.0	990.0	300.84314266255313	16.00815032323203	-2.9830003331104735	-0.6449526419242068
-999.0	965.0	301.42069129788325	15.515401776631665	-4.177796332041426	-0.8913657377163393
-999.0	940.0	302.20890695305616	15.228339481353744	-4.921077386538227	-1.1266549631953169
-999.0	915.0	303.1151931774072	14.799669774373363	-5.44569732348131	-1.428204341977839
-999.0	890.0	304.05769930114656	14.03889141082765	-5.88263272444415	-1.7432344347238644
-999.0	865.0	305.0338133985019	12.895070266723671	-6.3377842903137935	-1.9520881414413613
-999.0	840.0	306.0171857960005	11.694784800211636	-6.6699823538463	-1.939376336336161
-999.0	815.0	307.088549123126	10.571874968210906	-6.855871661504175	-1.7456677871446167
-999.0	790.0	308.3324377492536	9.40621719360355	-6.9546613454819335	-1.4542870151500333
-999.0	765.0	309.73344202628414	8.232888412475612	-6.972904348373469	-1.1332671557864007
-999.0	740.0	311.1714228072007	7.247465999921185	-6.821490601698607	-0.8626055439313677
-999.0	715.0	312.5856519734315	6.49082340399427	-6.505991932749789	-0.6612734218438825
-999.0	690.0	313.95407909890184	5.801379732290932	-6.117157170238626	-0.4820420701056968
-999.0	665.0	315.2442409785409	5.194256905714695	-5.664240880807262	-0.3278461020439952
-999.0	640.0	316.5965425149657	4.632285644610744	-5.281437856952365	-0.22114119082688322
-999.0	615.0	318.0517059795627	4.122496527433417	-5.01867990990481	-0.17850696829455173
-999.0	590.0	319.7532138620548	3.667619047562301	-4.88343659701448	-0.1857681035995059
-999.0	565.0	321.73479630618993	3.2542331337928925	-4.894626494124546	-0.24012151211495542
-999.0	540.0	323.78215679078403	2.854045269886662	-4.956676575044807	-0.2742903739213529
-999.0	515.0	325.81530202829765	2.454057776927949	-5.0296640013655205	-0.2764105843379806
-999.0	490.0	327.83875368106607	2.0790420869986166	-4.994613952065527	-0.2969427759448512
-999.0	465.0	329.8209341342985	1.7313963482777215	-4.803228012053316	-0.35948520942279677
-999.0	440.0	331.7945902215319	1.4274932096401785	-4.501960756878079	-0.4811524103085181
-999.0	415.0	333.73820200147514	1.1694207380215276	-4.100461157163005	-0.6166899586717376
-999.0	390.0	335.6650519233769	0.9489760418732922	-3.6420081625382283	-0.5487914821172039
-999.0	365.0	337.5311972166038	0.7641062860687539	-3.1192848786711824	-0.17046665648622922
-999.0	340.0	339.2875854213874	0.6245906174182869	-2.4778121283898806	0.4980325182278491
-999.0	315.0	340.9018403359738	0.5194991752505296	-1.7485133270422593	1.3967245613534762
-999.0	290.0	342.45750588297767	0.39525160143772775	-1.117949537436158	2.305971314509671
-999.0	265.0	343.99101612863836	0.2722088923056924	-0.714186286926255	3.0695219740271407
-999.0	240.0	345.4347295488372	0.16677611842751552	-0.6147232470412864	3.548379400869219
-999.0	215.0	346.7624541644905	0.08799334814151152	-0.6943613370259344	3.6812830924988047
-999.0	190.0	348.3630671575243	0.04348101628323398	-0.4764433948943594	3.4617105896274536
-999.0	165.0	350.8579317122771	0.020420357740173724	0.48467472891017926	2.7298116058111384
-999.0	140.0	355.46473904918645	0.009276630186165364	1.604842438176303	1.7054543157418633
-999.0	115.0	366.92458663467323	0.005325144715607169	2.360716782510268	1.1600151813899446
-999.0	90.0	393.13264892530975	0.004690085056548327	3.8551502426465056	1.1669436474641124
-999.0	65.0	441.4484830922449	0.0031790781222904786	2.0103409875183926	1.1535473105808152
-999.0	40.0	531.7069945037233	0.01315145837143065	-7.301699125766781	0.35938972731432595
-999.0	15.0	721.2285379306812	0.06747037942210841	-14.5478443582853	-0.13925336524842316
244.72222222222223	40	1002.5789137098525	day	levels	pres0
-999.0	990.0	300.99731874314307	15.953421900007436	-2.991882072554699	-0.6445935669872525
-999.0	965.0	301.51857217303416	15.514513100518123	-4.134171552128243	-0.8665467951860623
-999.0	940.0	302.26224124667607	15.253542073567722	-4.82280727492434	-1.068901348113993
-999.0	915.0	303.15231148146313	14.838321452670646	-5.311447209782012	-1.3429541312157784
-999.0	890.0	304.0963079873236	14.073618888854996	-5.741429506407782	-1.645037447661124
-999.0	865.0	305.079072889791	12.905213960011805	-6.211698842048591	-1.8551160499453168
-999.0	840.0	306.0665042091758	11.683169852362735	-6.558424244986592	-1.8472134475906323
-999.0	815.0	307.1416056968644	10.550841024186868	-6.755856439802341	-1.659575033229223
-999.0	790.0	308.39571394767336	9.373266633351632	-6.870304568608567	-1.375981406412158
-999.0	765.0	309.8098140522845	8.184220838546734	-6.907813922564161	-1.0645163002941056
-999.0	740.0	311.2543103974449	7.195037862989617	-6.776730389065193	-0.8051539036962486
-999.0	715.0	312.6663987927777	6.4487648513581854	-6.480921588341382	-0.616250044438557
-999.0	690.0	314.02946224401785	5.769382884767307	-6.11012834367445	-0.45019351392983387
-999.0	665.0	315.31167112972827	5.171696363555053	-5.672372169627082	-0.31047970429062666
-999.0	640.0	316.65818892934635	4.614267986350582	-5.298007516728509	-0.22208959162235953
-999.0	615.0	318.1112503086016	4.103621915976198	-5.034645544820363	-0.20197046016241088
-999.0	590.0	319.8136363674869	3.6506041712231037	-4.89288714569476	-0.22819517205161158
-999.0	565.0	321.7986381222459	3.241853133837376	-4.891571459546682	-0.2946529666582997
-999.0	540.0	323.84671099368586	2.846962309545938	-4.93895008828904	-0.33141678373021355
-999.0	515.0	325.87649183275596	2.453368105491003	-4.99706164507401	-0.3253207948059043
-999.0	490.0	327.89689632119115	2.080978157785205	-4.953476651923507	-0.3343423214223797
-999.0	465.0	329.8773806991242	1.7318956987725367	-4.76209683505972	-0.38384844441381744
-999.0	440.0	331.8489421883488	1.4263120022084974	-4.465010723140493	-0.4916448311673322
-999.0	415.0	333.7891427576645	1.1664157213436226	-4.070050805144831	-0.6129425095187304
-999.0	390.0	335.7107976089345	0.9462762830985908	-3.6170904722478583	-0.5318341407950737
-999.0	365.0	337.5703637124576	0.763460338446829	-3.098422203461323	-0.14226551519499367
-999.0	340.0	339.32180764566147	0.6245238597194355	-2.462896532793007	0.5348630262745824
-999.0	315.0	340.9336801462875	0.5188900272051491	-1.741731430755717	1.4370945489241103
-999.0	290.0	342.4873366648144	0.3944140942560299	-1.1175808774100378	2.3391897184981305
-999.0	265.0	344.0175983526988	0.27132987214459275	-0.7156565030415811	3.0823968792955063
-999.0	240.0	345.4564292073125	0.16597026735544174	-0.6114544807208847	3.5321362113786936
-999.0	215.0	346.7835193860514	0.08741253150833957	-0.6779531022740666	3.6336464325586704
-999.0	190.0	348.3915678053518	0.043211481244199705	-0.442014332219126	3.3891928537851905
-999.0	165.0	350.89141694656934	0.020397092924556798	0.5253545837269868	2.661159916718772
-999.0	140.0	355.491765891389	0.009292118913597535	1.643289973524708	1.669968306852697
-999.0	115.0	366.9339231896497	0.005315345960358774	2.395744639138388	1.1605826283080702
-999.0	90.0	393.1103869710577	0.004674303963676916	3.865095129940251	1.1901276701026562
-999.0	65.0	441.39840734963616	0.003178785650783942	2.0154817623396806	1.1650732316904642
-999.0	40.0	531.7080539104313	0.013153564557433132	-7.30397256612777	0.35303235633505303
-999.0	15.0	721.292314146958	0.06763827295766944	-14.528538256221331	-0.16801334420841157
244.73611111111111	40	1002.1593207465281	day	levels	pres0
-999.0	990.0	301.1514948237326	15.898693476782945	-3.000763811998869	-0.6442344920502554
-999.0	965.0	301.61645304818484	15.513624424404565	-4.090546772215113	-0.8417278526557618
-999.0	940.0	302.3155755402957	15.278744665781636	-4.72453716331064	-1.011147733032703
-999.0	915.0	303.18942978551905	14.876973130967864	-5.177197096082993	-1.2577039204538054
-999.0	890.0	304.1349166735006	14.108346366882328	-5.600226288371724	-1.546840460598498
-999.0	865.0	305.12433238108	12.915357653300006	-6.085613393783672	-1.7581439584494007
-999.0	840.0	306.11582262235095	11.671554904513943	-6.446866136127147	-1.7550505588452492
-999.0	815.0	307.1946622706028	10.529807080162948	-6.655841218100753	-1.5734822793139938
-999.0	790.0	308.45899014609313	9.340316073099812	-6.785947791735424	-1.2976757976744544
-999.0	765.0	309.8861860782845	8.135553264617952	-6.84272349675505	-0.995765444801974
-999.0	740.0	311.3371979876889	7.142609726058144	-6.731970176431944	-0.7477022634612707
-999.0	715.0	312.74714561212375	6.406706298722195	-6.455851243933106	-0.5712266670333409
-999.0	690.0	314.10484538913363	5.7373860372437715	-6.103099517110373	-0.418344957754039
-999.0	665.0	315.3791012809155	5.149135821395479	-5.680503458446965	-0.2931133065372728
-999.0	640.0	316.71983534372697	4.5962503280904805	-5.314577176504693	-0.22303799241779265
-999.0	615.0	318.1707946376404	4.084747304519041	-5.050611179735946	-0.22543395203016658
-999.0	590.0	319.8740588729188	3.633589294883961	-4.90233769437507	-0.2706222405035747
-999.0	565.0	321.86247993830165	3.2294731338819016	-4.88851642496886	-0.34918442120149307
-999.0	540.0	323.9112651965875	2.8398793492052357	-4.921223601533333	-0.3885431935389396
-999.0	515.0	325.937681637214	2.4526784340540546	-4.964459288782573	-0.3742310052737332
-999.0	490.0	327.9550389613162	2.0829142285717785	-4.912339351781571	-0.3717418668998485
-999.0	465.0	329.93382726394987	1.7323950492673375	-4.720965658066202	-0.40821167940480185
-999.0	440.0	331.9032941551656	1.425130794776804	-4.428060689402977	-0.5021372520261331
-999.0	415.0	333.8400835138539	1.1634107046657096	-4.039640453126717	-0.6091950603657363
-999.0	390.0	335.756543294492	0.9435765243238842	-3.5921727819575358	-0.5148767994729856
-999.0	365.0	337.60953020831124	0.7628143908248971	-3.077559528251498	-0.11406437390383123
-999.0	340.0	339.3560298699355	0.6244571020205791	-2.4479809371961494	0.5716935343212187
-999.0	315.0	340.96551995660104	0.5182808791597678	-1.7349495344691732	1.4774645364946386
-999.0	290.0	342.51716744665094	0.393576587074333	-1.1172122173839008	2.372408122486505
-999.0	265.0	344.0441805767593	0.2704508519834948	-0.7171267191568844	3.0952717845638476
-999.0	240.0	345.4781288657878	0.16516441628336961	-0.6081857144004582	3.5158930218882185
-999.0	215.0	346.80458460761224	0.08683171487516855	-0.6615448675221538	3.5860097726186506
-999.0	190.0	348.4200684531793	0.042941946205165726	-0.40758526954379204	3.3166751179430616
-999.0	165.0	350.9249021808616	0.02037382810893989	0.5660344385439473	2.5925082276264977
-999.0	140.0	355.5187927335915	0.009307607641029688	1.6817375088732183	1.6344822979635607
-999.0	115.0	366.94325974462623	0.005305547205110393	2.430772495766487	1.1611500752261914
-999.0	90.0	393.08812501680586	0.004658522870805541	3.875040017233913	1.213311692741189
-999.0	65.0	441.34833160702755	0.003178493179277418	2.0206225371608477	1.1765991528001152
-999.0	40.0	531.7091133171392	0.013155670743435629	-7.30624600648885	0.3466749853558173
-999.0	15.0	721.3560903632348	0.06780616649323039	-14.509232154157477	-0.19677332316833301
244.75	40	1001.7397277832032	day	levels	pres0
-999.0	990.0	301.3056709043224	15.84396505355835	-3.0096455514431	-0.6438754171133042
-999.0	965.0	301.7143339233357	15.512735748291016	-4.046921992301941	-0.816908910125494
-999.0	940.0	302.36890983391555	15.303947257995608	-4.626267051696778	-0.9533941179513931
-999.0	915.0	303.22654808957486	14.915624809265136	-5.042946982383727	-1.1724537096917627
-999.0	890.0	304.17352535967757	14.14307384490967	-5.459023070335388	-1.448643473535776
-999.0	865.0	305.1695918723691	12.925501346588135	-5.959527945518493	-1.661171866953373
-999.0	840.0	306.16514103552606	11.65993995666504	-6.335308027267455	-1.6628876700997357
-999.0	815.0	307.24771884434125	10.508773136138917	-6.555825996398926	-1.4873895253986118
-999.0	790.0	308.5222663445128	9.307365512847902	-6.7015910148620605	-1.2193701889365913
-999.0	765.0	309.9625581042847	8.086885690689087	-6.77763307094574	-0.9270145893096925
-999.0	740.0	311.420085577933	7.090181589126587	-6.687209963798522	-0.6902506232261658
-999.0	715.0	312.82789243146993	6.364647746086121	-6.43078089952469	-0.5262032896280289
-999.0	690.0	314.18022853424964	5.705389189720155	-6.096070690546186	-0.386496401578188
-999.0	665.0	315.44653143210286	5.12657527923584	-5.68863474726677	-0.2757469087839128
-999.0	640.0	316.78148175810765	4.578232669830322	-5.331146836280823	-0.22398639321327207
-999.0	615.0	318.2303389666794	4.065872693061829	-5.06657681465149	-0.24889744389802218
-999.0	590.0	319.93448137835077	3.616574418544769	-4.911788243055344	-0.3130493089556694
-999.0	565.0	321.92632175435756	3.2170931339263915	-4.885461390390992	-0.4037158757448197
-999.0	540.0	323.9758193994893	2.8327963888645176	-4.903497114777566	-0.4456696033477784
-999.0	515.0	325.9988714416723	2.451988762617111	-4.931856932491065	-0.4231412157416344
-999.0	490.0	328.0131816014412	2.084850299358368	-4.871202051639557	-0.4091414123773575
-999.0	465.0	329.9902738287756	1.732894399762154	-4.6798344810726125	-0.43257491439580925
-999.0	440.0	331.95764612198246	1.4239495873451233	-4.391110655665398	-0.5126296728849411
-999.0	415.0	333.8910242700433	1.1604056879878044	-4.009230101108551	-0.6054476112127303
-999.0	390.0	335.80228898004964	0.940876765549183	-3.5672550916671755	-0.49791945815086364
-999.0	365.0	337.648696704165	0.7621684432029725	-3.0566968530416494	-0.08586323261260989
-999.0	340.0	339.3902520942096	0.6243903443217278	-2.433065341599286	0.6085240423679353
-999.0	315.0	340.99735976691466	0.5176717311143876	-1.7281676381826405	1.517834524065256
-999.0	290.0	342.54699822848767	0.39273907989263535	-1.116843557357788	2.405626526474953
-999.0	265.0	344.0707628008197	0.26957183182239536	-0.718596935272217	3.10814668983221
-999.0	240.0	345.4998285242632	0.16435856521129608	-0.6049169480800631	3.4996498323977
-999.0	215.0	346.82564982917313	0.08625089824199678	-0.6451366327702999	3.538373112678528
-999.0	190.0	348.44856910100674	0.0426724111661315	-0.37315620686858897	3.2441573821008207
-999.0	165.0	350.9583874151538	0.020350563293322927	0.60671429336071	2.5238565385341643
-999.0	140.0	355.545819575794	0.009323096368461847	1.72018504422158	1.598996289074421
-999.0	115.0	366.9525962996027	0.005295748449862004	2.4658003523945813	1.161717522144318
-999.0	90.0	393.06586306255383	0.0046427417779341335	3.8849849045276645	1.236495715379715
-999.0	65.0	441.2982558644188	0.003178200707770884	2.025763311982155	1.1881250739097595
-999.0	40.0	531.7101727238473	0.013157776929438115	-7.308519446849823	0.34031761437654495
-999.0	15.0	721.4198665795117	0.06797406002879143	-14.489926052093507	-0.22553330212831496
244.76388888888889	40	1001.6095757378473	day	levels	pres0
-999.0	990.0	301.28421996435236	15.873957835303441	-2.9801726354492875	-0.6224624239736033
-999.0	965.0	301.7288807973856	15.519232686360684	-4.0510075463189	-0.8056209519505388
-999.0	940.0	302.38815853952383	15.29760539796617	-4.642836381329436	-0.9494817260238767
-999.0	915.0	303.2446010180938	14.898271613650838	-5.069751653406369	-1.1723510281079261
-999.0	890.0	304.18557600378364	14.123078229692235	-5.492433055241926	-1.4481437246418567
-999.0	865.0	305.17564824247273	12.912377039591464	-5.992846833335052	-1.6577382241479106
-999.0	840.0	306.1722306153357	11.650045077006013	-6.375720357894924	-1.660836265153346
-999.0	815.0	307.26138355345773	10.490822993384452	-6.613994110955174	-1.4893176449669712
-999.0	790.0	308.54060594166225	9.286580864588396	-6.778090455797039	-1.2237267138229542
-999.0	765.0	309.9789914417555	8.075200970967588	-6.865545050303207	-0.933690497568926
-999.0	740.0	311.43023408326434	7.08853161864808	-6.778283180130922	-0.7004071628054184
-999.0	715.0	312.83079140077984	6.368042876985317	-6.518972582287323	-0.5411086017887049
-999.0	690.0	314.17744923059126	5.712540584140338	-6.177136737853346	-0.40651492683426665
-999.0	665.0	315.4403763067078	5.135985604921964	-5.757434861527597	-0.30085005905068
-999.0	640.0	316.77315106787273	4.588251745700825	-5.3851519233651	-0.251556050115187
-999.0	615.0	318.22109588339055	4.074641839663179	-5.104111111826395	-0.2750336736440878
-999.0	590.0	319.9243273127786	3.623539756404021	-4.93801553514271	-0.33396988023694985
-999.0	565.0	321.9152693153353	3.221714564164473	-4.907744782169681	-0.4151201192703594
-999.0	540.0	323.9660670833299	2.8350274357530747	-4.925340495341375	-0.44576724949810126
-999.0	515.0	325.9932172561776	2.45152903861469	-4.955793575859752	-0.410857687538685
-999.0	490.0	328.0117784752271	2.082519038187126	-4.896250965197898	-0.38587716685398915
-999.0	465.0	329.99258305821945	1.7292633536789097	-4.703438163900551	-0.4011468124886052
-999.0	440.0	331.9628028192823	1.4199504276116655	-4.409329562717016	-0.47694198654753805
-999.0	415.0	333.89789484186656	1.1571263871259148	-4.017963182263894	-0.5705194648768729
-999.0	390.0	335.8104905162324	0.9385049531857171	-3.565874815649435	-0.4687691138849879
-999.0	365.0	337.657884364717	0.760753539204598	-3.0471813975108697	-0.0672971864541013
-999.0	340.0	339.3994760738274	0.6230223642455213	-2.42166897588303	0.6144032826440395
-999.0	315.0	341.00510286464527	0.5158288677533475	-1.7218244612216733	1.5103461378150465
-999.0	290.0	342.5512557326125	0.39120739516284786	-1.1175707976023248	2.3853404694133027
-999.0	265.0	344.07097415628584	0.268758667343193	-0.724821987582576	3.0769746669050164
-999.0	240.0	345.50225027466456	0.16408387323220608	-0.611858905686277	3.4622557838757104
-999.0	215.0	346.8416119570159	0.08620976155830785	-0.6485141389899898	3.5032517123552713
-999.0	190.0	348.4833031926235	0.042699140993257514	-0.3713370437423562	3.2212173004944438
-999.0	165.0	351.0062432823513	0.020429952753086983	0.6215585423840381	2.5249964071644158
-999.0	140.0	355.58027048918575	0.009357173730515795	1.7580040589803065	1.6311884330378428
-999.0	115.0	366.929654825574	0.005301880319085382	2.5094464156363125	1.202008198863945
-999.0	90.0	392.9753538968299	0.004648554876136285	3.9016218841076036	1.2498691154851191
-999.0	65.0	441.2120045589074	0.003196884764151457	2.0175417300727503	1.1666320545805993
-999.0	40.0	531.6794584351882	0.013140499633219506	-7.34116901920903	0.3450968656275206
-999.0	15.0	721.4580454049031	0.06807576951881264	-14.523532070053959	-0.19721291979979888
244.77777777777777	40	1001.4794236924915	day	levels	pres0
-999.0	990.0	301.2627690243824	15.903950617048464	-2.950699719455523	-0.6010494308339336
-999.0	965.0	301.7434276714355	15.525729624430339	-4.055093100335867	-0.7943329937756145
-999.0	940.0	302.4074072451321	15.291263537936743	-4.659405710962081	-0.9455693340963844
-999.0	915.0	303.2626539466127	14.880918418036572	-5.096556324428973	-1.1722483465241098
-999.0	890.0	304.1976266478898	14.103082614474834	-5.525843040148405	-1.4476439757479596
-999.0	865.0	305.1817046125763	12.899252732594814	-6.026165721151551	-1.6543045813424764
-999.0	840.0	306.1793201951452	11.64015019734701	-6.416132688522322	-1.6587848602069784
-999.0	815.0	307.2750482625742	10.472872850630026	-6.672162225511314	-1.491245764535336
-999.0	790.0	308.55894553881166	9.265796216328948	-6.854589896731874	-1.2280832387093037
-999.0	765.0	309.99542477922637	8.063516251246142	-6.9534570296605045	-0.9403664058281294
-999.0	740.0	311.44038258859564	7.086881648169625	-6.869356396463144	-0.7105637023846261
-999.0	715.0	312.8336903700898	6.371438007884554	-6.607164265049791	-0.5560139139493229
-999.0	690.0	314.1746699269329	5.719691978560551	-6.258202785160358	-0.42653345209027904
-999.0	665.0	315.43422118131264	5.14539593060811	-5.826234975788299	-0.3259532093173795
-999.0	640.0	316.764820377638	4.598270821571346	-5.43915701044928	-0.2791257070170363
-999.0	615.0	318.2118528001017	4.083410986264543	-5.141645409001229	-0.3011699033900968
-999.0	590.0	319.91417324720635	3.6305050942632855	-4.964242827230017	-0.3548904515181879
-999.0	565.0	321.9042168763132	3.2263359944025667	-4.930028173948317	-0.426524362795877
-999.0	540.0	323.95631476717057	2.8372584826416425	-4.947183875905133	-0.44586489564842546
-999.0	515.0	325.98756307068294	2.451069314612283	-4.979730219228389	-0.3985741593357628
-999.0	490.0	328.01037534901303	2.080187777015899	-4.921299878756194	-0.36261292133067186
-999.0	465.0	329.9948922876634	1.725632307595679	-4.72704184672846	-0.36971871058147276
-999.0	440.0	331.96795951658197	1.4159512678782165	-4.427548469768623	-0.44125430021022377
-999.0	415.0	333.9047654136898	1.153847086264029	-4.026696263419255	-0.5355913185411151
-999.0	390.0	335.81869205241514	0.936133140822253	-3.56449453963174	-0.4396187696192099
-999.0	365.0	337.66707202526896	0.7593386352062234	-3.0376659419801575	-0.04873114029566991
-999.0	340.0	339.40870005344505	0.6216543841693142	-2.4102726101668437	0.6202825229201053
-999.0	315.0	341.01284596237593	0.5139860043923069	-1.7154812842607563	1.5028577515648534
-999.0	290.0	342.5555132367374	0.38967571043305993	-1.1182980378468863	2.365054412351727
-999.0	265.0	344.0711855117521	0.2679455028639903	-0.7310470398929387	3.045802643977952
-999.0	240.0	345.504672025066	0.16380918125311553	-0.6188008632924816	3.424861735353888
-999.0	215.0	346.85757408485875	0.08616862487461838	-0.651891645209657	3.468130312032188
-999.0	190.0	348.5180372842402	0.04272587082038325	-0.36951788061609003	3.1982772188882143
-999.0	165.0	351.05409914954873	0.02050934221285083	0.6364027914073663	2.5261362757947703
-999.0	140.0	355.6147214025775	0.009391251092569688	1.7958230737389622	1.663380577001295
-999.0	115.0	366.9067133515453	0.005308012188308767	2.553092478877949	1.242298875583531
-999.0	90.0	392.8848447311061	0.004654367974338429	3.918258863687507	1.2632425155904534
-999.0	65.0	441.125753253396	0.003215568820531993	2.0093201481633733	1.1451390352514133
-999.0	40.0	531.648744146529	0.013123222337000908	-7.373818591568192	0.3498761168784488
-999.0	15.0	721.4962242302944	0.06817747900883353	-14.557138088014376	-0.168892537471339
244.79166666666666	40	1001.3492716471357	day	levels	pres0
-999.0	990.0	301.24131808441246	15.933943398793556	-2.9212268034616917	-0.5796364376942219
-999.0	965.0	301.75797454548547	15.532226562500009	-4.0591786543528166	-0.783045035600655
-999.0	940.0	302.4266559507404	15.284921677907302	-4.675975040594738	-0.9416569421688683
-999.0	915.0	303.2807068751316	14.863565222422272	-5.12336099545162	-1.172145664940277
-999.0	890.0	304.20967729199583	14.083086999257395	-5.559253025054946	-1.4471442268540464
-999.0	865.0	305.18776098267995	12.886128425598141	-6.059484608968109	-1.6508709385370202
-999.0	840.0	306.18640977495465	11.630255317687983	-6.45654501914979	-1.656733455260595
-999.0	815.0	307.28871297169064	10.454922707875555	-6.7303303400675665	-1.4931738841037019
-999.0	790.0	308.57728513596106	9.245011568069437	-6.931089337666864	-1.2324397635956719
-999.0	765.0	310.0118581166972	8.05183153152463	-7.0413690090179895	-0.9470423140873678
-999.0	740.0	311.45053109392694	7.085231677691114	-6.9604296127955605	-0.7207202419638841
-999.0	715.0	312.8365893393997	6.374833138783747	-6.695355947812443	-0.5709192261100057
-999.0	690.0	314.1718906232746	5.7268433729807295	-6.3392688324675355	-0.4465519773463666
-999.0	665.0	315.42806605591744	5.154806256294231	-5.895035090049138	-0.3510563595841577
-999.0	640.0	316.7564896874031	4.608289897441849	-5.493162097533569	-0.306695363918963
-999.0	615.0	318.20260971681284	4.092180132865894	-5.179179706176144	-0.32730613313617274
-999.0	590.0	319.90401918163417	3.63747043212254	-4.990470119317394	-0.3758110227994768
-999.0	565.0	321.893164437291	3.2309574246406494	-4.952311565727021	-0.4379286063214224
-999.0	540.0	323.9465624510111	2.8394895295302023	-4.96902725646896	-0.44596254179875194
-999.0	515.0	325.9819088851882	2.450609590609863	-5.003666862597097	-0.3862906311328157
-999.0	490.0	328.00897222279883	2.0778565158446574	-4.9463487923145575	-0.33934867580730443
-999.0	465.0	329.9972015171072	1.722001261512433	-4.750645529556421	-0.33829060867426763
-999.0	440.0	331.9731162138818	1.4119521081447555	-4.445767376820263	-0.4055666138728191
-999.0	415.0	333.911635985513	1.1505677854021363	-4.035429344574618	-0.5006631722052577
-999.0	390.0	335.826893588598	0.9337613284587842	-3.563114263614017	-0.4104684253533357
-999.0	365.0	337.6762596858209	0.7579237312078467	-3.0281504864493893	-0.03016509413716341
-999.0	340.0	339.41792403306283	0.6202864040931063	-2.3988762444505936	0.6261617631962105
-999.0	315.0	341.0205890601065	0.5121431410312652	-1.709138107299791	1.49536936531465
-999.0	290.0	342.55977074086223	0.3881440257032714	-1.119025278091421	2.3447683552900864
-999.0	265.0	344.0713968672182	0.26713233838478756	-0.7372720922032924	3.014630621050769
-999.0	240.0	345.5070937754674	0.16353448927402528	-0.6257428208986862	3.38746768683191
-999.0	215.0	346.8735362127016	0.08612748819092936	-0.6552691514293312	3.433008911708942
-999.0	190.0	348.55277137585705	0.04275260064750926	-0.3676987174898363	3.175337137281847
-999.0	165.0	351.10195501674633	0.02058873167261491	0.6512470404307185	2.527276144425035
-999.0	140.0	355.6491723159692	0.009425328454623648	1.8336420884977107	1.6955727209647395
-999.0	115.0	366.88377187751655	0.005314144057532153	2.5967385421196902	1.2825895523031776
-999.0	90.0	392.7943355653822	0.004660181072540586	3.934895843267445	1.2766159156958532
-999.0	65.0	441.03950194788445	0.003234252876912568	2.0010985662539693	1.123646015922235
-999.0	40.0	531.6180298578697	0.013105945040782283	-7.406468163927404	0.3546553681294172
-999.0	15.0	721.534403055686	0.06827918849885473	-14.590744105974835	-0.14057215514281296
244.80555555555554	40	1001.2191196017797	day	levels	pres0
-999.0	990.0	301.21986714444245	15.963936180538578	-2.8917538874679267	-0.5582234445545522
-999.0	965.0	301.77252141953545	15.538723500569658	-4.063264208369783	-0.7717570774257305
-999.0	940.0	302.44590465634866	15.278579817877882	-4.692544370227384	-0.9377445502413756
-999.0	915.0	303.29875980365057	14.846212026808008	-5.150165666474224	-1.1720429833564605
-999.0	890.0	304.22172793610196	14.063091384039996	-5.5926630099614245	-1.4466444779601493
-999.0	865.0	305.1938173527836	12.873004118601491	-6.092803496784609	-1.647437295731586
-999.0	840.0	306.1934993547642	11.62036043802898	-6.4969573497771895	-1.6546820503142277
-999.0	815.0	307.3023776808072	10.436972565121128	-6.788498454623708	-1.4951020036720657
-999.0	790.0	308.59562473311047	9.224226919809988	-7.007588778601698	-1.2367962884820212
-999.0	765.0	310.028291454168	8.040146811803185	-7.129280988375288	-0.9537182223465708
-999.0	740.0	311.46067959925824	7.083581707212656	-7.0515028291277835	-0.730876781543092
-999.0	715.0	312.83948830870975	6.378228269682983	-6.78354763057491	-0.5858245382706236
-999.0	690.0	314.16911131961615	5.733994767400944	-6.420334879774547	-0.4665705026023791
-999.0	665.0	315.42191093052236	5.164216581980378	-5.963835204309842	-0.3761595098508571
-999.0	640.0	316.74815899716816	4.61830897331237	-5.5471671846177495	-0.33426502082081255
-999.0	615.0	318.19336663352396	4.100949279467259	-5.216714003350977	-0.35344236288218167
-999.0	590.0	319.893865116062	3.6444357699818046	-5.016697411404703	-0.3967315940807148
-999.0	565.0	321.8821119982688	3.2355788548787414	-4.974594957505657	-0.4493328498469403
-999.0	540.0	323.93681013485167	2.841720576418771	-4.990870637032717	-0.4460601879490763
-999.0	515.0	325.9762546996935	2.4501498666074557	-5.027603505965735	-0.37400710292989353
-999.0	490.0	328.0075690965848	2.0755252546734306	-4.971397705872854	-0.3160844302839871
-999.0	465.0	329.99951074655115	1.7183702154292022	-4.77424921238433	-0.3068625067671352
-999.0	440.0	331.9782729111816	1.4079529484113071	-4.463986283871871	-0.36987892753550494
-999.0	415.0	333.9185065573363	1.1472884845402507	-4.044162425729979	-0.46573502586950005
-999.0	390.0	335.83509512478076	0.9313895160953201	-3.5617339875963223	-0.38131808108755766
-999.0	365.0	337.6854473463729	0.7565088272094721	-3.0186350309186776	-0.011599047978731916
-999.0	340.0	339.4271480126806	0.6189184240168992	-2.3874798787344074	0.6320410034722763
-999.0	315.0	341.02833215783704	0.5103002776702248	-1.7027949303388743	1.4878809790644574
-999.0	290.0	342.5640282449871	0.3866123409734836	-1.1197525183359824	2.3244822982285114
-999.0	265.0	344.07160822268446	0.26631917390558485	-0.7434971445136551	2.983458598123703
-999.0	240.0	345.50951552586884	0.16325979729493473	-0.6326847785048905	3.3500736383100875
-999.0	215.0	346.8894983405444	0.08608635150723987	-0.6586466576489984	3.397887511385859
-999.0	190.0	348.5875054674738	0.04277933047463497	-0.36587955436357067	3.1523970556756176
-999.0	165.0	351.14981088394387	0.02066812113237876	0.6660912894540465	2.5284160130553897
-999.0	140.0	355.6836232293609	0.009459405816677539	1.871461103256366	1.727764864928192
-999.0	115.0	366.8608304034879	0.00532027592675554	2.640384605361326	1.3228802290227635
-999.0	90.0	392.70382639965834	0.00466599417074273	3.951532822847348	1.2899893158011875
-999.0	65.0	440.95325064237306	0.003252936933293105	1.992876984344592	1.1021529965930488
-999.0	40.0	531.5873155692105	0.013088667744563683	-7.439117736286567	0.3594346193803455
-999.0	15.0	721.5725818810772	0.06838089798887562	-14.624350123935253	-0.11225177281435315
244.81944444444446	40	1001.0889675564234	day	levels	pres0
-999.0	990.0	301.1984162044723	15.993928962283688	-2.8622809714741058	-0.5368104514148389
-999.0	965.0	301.7870682935854	15.54522043863933	-4.067349762386748	-0.7604691192507623
-999.0	940.0	302.46515336195694	15.272237957848441	-4.70911369986005	-0.9338321583138461
-999.0	915.0	303.3168127321695	14.828858831193703	-5.1769703374968765	-1.1719403017726098
-999.0	890.0	304.233778580208	14.043095768822553	-5.626072994867983	-1.446144729066213
-999.0	865.0	305.1998737228872	12.859879811604811	-6.126122384601197	-1.6440036529261057
-999.0	840.0	306.2005889345738	11.610465558369949	-6.537369680404695	-1.6526306453678212
-999.0	815.0	307.31604238992355	10.419022422366666	-6.846666569180002	-1.4970301232404093
-999.0	790.0	308.6139643302598	9.203442271550488	-7.084088219536731	-1.2411528133683694
-999.0	765.0	310.04472479163877	8.028462092081705	-7.217192967732806	-0.9603941306057903
-999.0	740.0	311.4708281045895	7.081931736734182	-7.142576045460231	-0.7410333211223326
-999.0	715.0	312.8423872780196	6.3816234005822166	-6.871739313337597	-0.600729850431292
-999.0	690.0	314.1663320159578	5.741146161821164	-6.501400927081758	-0.4865890278584554
-999.0	665.0	315.4157558051272	5.173626907666534	-6.032635318570712	-0.4012626601176288
-999.0	640.0	316.73982830693325	4.628328049182901	-5.60117227170206	-0.36183467772273625
-999.0	615.0	318.18412355023514	4.109718426068631	-5.2542483005259	-0.379578592628256
-999.0	590.0	319.88371105048975	3.6514011078410724	-5.042924703492072	-0.417652165362002
-999.0	565.0	321.87105955924653	3.240200285116834	-4.996878349284338	-0.46073709337248314
-999.0	540.0	323.92705781869233	2.8439516233073343	-5.0127140175965135	-0.4461578340993969
-999.0	515.0	325.97060051419885	2.4496901426050375	-5.051540149334406	-0.36172357472693584
-999.0	490.0	328.0061659703706	2.0731939935021906	-4.996446619431178	-0.2928201847606068
-999.0	465.0	330.00181997599503	1.71473916934596	-4.797852895212253	-0.2754344048599191
-999.0	440.0	331.98342960848123	1.4039537886778506	-4.482205190923471	-0.33419124119809196
-999.0	415.0	333.92537712915953	1.1440091836783621	-4.052895506885301	-0.4308068795336373
-999.0	390.0	335.8432966609635	0.9290177037318551	-3.560353711578559	-0.3521677368216831
-999.0	365.0	337.69463500692484	0.7550939232110983	-3.0091195753878752	0.0069669981797664815
-999.0	340.0	339.43637199229835	0.6175504439406928	-2.376083513018134	0.6379202437483593
-999.0	315.0	341.03607525556765	0.5084574143091835	-1.6964517533778998	1.4803925928142145
-999.0	290.0	342.568285749112	0.3850806562436949	-1.1204797585805215	2.3041962411668213
-999.0	265.0	344.0718195781506	0.26550600942638153	-0.749722196824026	2.952286575196471
-999.0	240.0	345.51193727627026	0.1629851053158441	-0.6396267361111223	3.312679589788067
-999.0	215.0	346.9054604683872	0.08604521482355065	-0.6620241638687077	3.362766111062586
-999.0	190.0	348.62223955909064	0.042806060301760825	-0.3640603912373561	3.129456974069246
-999.0	165.0	351.19766675114124	0.020747510592142766	0.6809355384773578	2.5295558816856683
-999.0	140.0	355.7180741427526	0.009493483178731473	1.9092801180150898	1.7599570088916363
-999.0	115.0	366.8378889294592	0.005326407795978913	2.6840306686030786	1.3631709057423849
-999.0	90.0	392.6133172339344	0.00467180726894488	3.968169802427311	1.3033627159065764
-999.0	65.0	440.8669993368616	0.003271620989673675	1.9846554024351934	1.0806599772638772
-999.0	40.0	531.5566012805513	0.013071390448345082	-7.4717673086458	0.3642138706313466
-999.0	15.0	721.6107607064686	0.06848260747889688	-14.657956141895738	-0.08393139048580356
244.83333333333334	40	1000.9588155110681	day	levels	pres0
-999.0	990.0	301.1769652645024	16.023921744028712	-2.832808055480335	-0.5153974582751599
-999.0	965.0	301.8016151676353	15.55171737670898	-4.071435316403708	-0.7491811610758292
-999.0	940.0	302.4844020675652	15.265896097819018	-4.725683029492689	-0.929919766386346
-999.0	915.0	303.3348656606885	14.811505635579438	-5.203775008519476	-1.1718376201887875
-999.0	890.0	304.2458292243141	14.023100153605155	-5.659482979774459	-1.4456449801723121
-999.0	865.0	305.20593009299085	12.846755504608163	-6.159441272417689	-1.6405700101206675
-999.0	840.0	306.20767851438325	11.60057067871095	-6.577782011032086	-1.6505792404214494
-999.0	815.0	307.32970709904004	10.401072279612238	-6.904834683736136	-1.4989582428087695
-999.0	790.0	308.63230392740917	9.182657623291037	-7.160587660471557	-1.2455093382547158
-999.0	765.0	310.0611581291097	8.016777372360256	-7.3051049470901	-0.9670700388649923
-999.0	740.0	311.48097660992073	7.080281766255726	-7.23364926179245	-0.7511898607015415
-999.0	715.0	312.8452862473295	6.385018531481452	-6.959930996100063	-0.615635162591913
-999.0	690.0	314.1635527122994	5.748297556241377	-6.582466974388771	-0.5066075531144714
-999.0	665.0	315.409600679732	5.183037233352683	-6.101435432831417	-0.4263658103843316
-999.0	640.0	316.73149761669833	4.638347125053422	-5.655177358786244	-0.389404334624587
-999.0	615.0	318.1748804669462	4.118487572669997	-5.291782597700737	-0.4057148223742628
-999.0	590.0	319.8735569849175	3.6583664457003384	-5.069151995579385	-0.438572736643235
-999.0	565.0	321.86000712022434	3.244821715354927	-5.019161741062981	-0.47214133689799376
-999.0	540.0	323.9173055025329	2.8461826701959034	-5.0345573981602785	-0.44625548024971484
-999.0	515.0	325.96494632870423	2.449230418602631	-5.075476792703053	-0.3494400465240103
-999.0	490.0	328.0047628441566	2.070862732330963	-5.021495532989484	-0.2695559392372901
-999.0	465.0	330.0041292054389	1.711108123262726	-4.821456578040172	-0.24400630295279097
-999.0	440.0	331.988586305781	1.3999546289443983	-4.500424097975087	-0.2985035548607859
-999.0	415.0	333.9322477009827	1.1407298828164736	-4.061628588040668	-0.39587873319789113
-999.0	390.0	335.8514981971463	0.9266458913683888	-3.558973435560866	-0.323017392555918
-999.0	365.0	337.7038226674768	0.7536790192127231	-2.999604119857162	0.02553304433818601
-999.0	340.0	339.4455959719161	0.6161824638644856	-2.364687147301944	0.6437994840244166
-999.0	315.0	341.0438183532983	0.5066145509481429	-1.690108576416978	1.4729042065640172
-999.0	290.0	342.57254325323686	0.38354897151390677	-1.1212069988250792	2.2839101841052427
-999.0	265.0	344.0720309336168	0.26469284494717876	-0.7559472491343864	2.9211145522694
-999.0	240.0	345.51435902667174	0.16271041333675332	-0.6465686937173278	3.2752855412662383
-999.0	215.0	346.92142259623	0.086004078139861	-0.6654016700883788	3.3276447107394995
-999.0	190.0	348.6569736507074	0.04283279012888648	-0.3622412281110994	3.1065168924630218
-999.0	165.0	351.2455226183388	0.0208269000519066	0.6957797875006717	2.530695750316033
-999.0	140.0	355.7525250561443	0.009527560540785362	1.947099132773729	1.7921491528550935
-999.0	115.0	366.8149474554305	0.0053325396652022985	2.727676731844703	1.4034615824619665
-999.0	90.0	392.5228080682106	0.0046776203671470215	3.9848067820072086	1.316736116011903
-999.0	65.0	440.7807480313502	0.0032903050460542076	1.9764338205258154	1.0591669579346852
-999.0	40.0	531.5258869918922	0.013054113152126479	-7.504416881004967	0.36899312188227495
-999.0	15.0	721.64893953186	0.06858431696891774	-14.691562159856169	-0.05561100815734134
244.84722222222223	40	1000.8286634657118	day	levels	pres0
-999.0	990.0	301.1555143245324	16.053914525773806	-2.803335139486509	-0.4939844651354576
-999.0	965.0	301.8161620416853	15.55821431477865	-4.0755208704206645	-0.7378932029008782
-999.0	940.0	302.50365077317343	15.25955423778958	-4.742252359125351	-0.9260073744588374
-999.0	915.0	303.3529185892073	14.794152439965139	-5.230579679542127	-1.1717349386049605
-999.0	890.0	304.25787986842016	14.003104538387717	-5.692892964681003	-1.445145231278403
-999.0	865.0	305.2119864630945	12.833631197611489	-6.192760160234253	-1.637136367315215
-999.0	840.0	306.2147680941928	11.590675799051919	-6.618194341659564	-1.6485278354750705
-999.0	815.0	307.3433718081565	10.383122136857766	-6.963002798292398	-1.500886362377139
-999.0	790.0	308.65064352455863	9.161872975031528	-7.237087101406555	-1.249865863141087
-999.0	765.0	310.0775914665805	8.00509265263875	-7.393016926447588	-0.9737459471242316
-999.0	740.0	311.4911251152521	7.078631795777215	-7.32472247812487	-0.7613464002807981
-999.0	715.0	312.8481852166395	6.3884136623806445	-7.048122678862715	-0.6305404747525929
-999.0	690.0	314.160773408641	5.755448950661556	-6.663533021695947	-0.5266260783705555
-999.0	665.0	315.40344555433694	5.192447559038802	-6.170235547092255	-0.4514689606511065
-999.0	640.0	316.7231669264634	4.648366200923924	-5.709182445870529	-0.41697399152651204
-999.0	615.0	318.1656373836574	4.1272567192713465	-5.3293168948756495	-0.4318510521203408
-999.0	590.0	319.86340291934533	3.665331783559591	-5.0953792876667565	-0.459493307924529
-999.0	565.0	321.84895468120214	3.24944314559301	-5.041445132841677	-0.4835455804235463
-999.0	540.0	323.9075531863735	2.848413717084462	-5.0564007787240985	-0.4463531264000479
-999.0	515.0	325.9592921432095	2.4487706946002112	-5.099413436071751	-0.3371565183210666
-999.0	490.0	328.0033597179424	2.068531471159722	-5.046544446547837	-0.24629169371392193
-999.0	465.0	330.00643843488274	1.7074770771794834	-4.845060260868125	-0.2125782010455815
-999.0	440.0	331.99374300308085	1.3959554692109406	-4.5186430050267195	-0.2628158685233732
-999.0	415.0	333.939118272806	1.137450581954584	-4.070361669196026	-0.36095058686202214
-999.0	390.0	335.85969973332914	0.9242740790049224	-3.557593159543141	-0.2938670482900312
-999.0	365.0	337.71301032802876	0.7522641152143473	-2.9900886643263958	0.044099090496704435
-999.0	340.0	339.45481995153386	0.6148144837882777	-2.353290781585698	0.6496787243005301
-999.0	315.0	341.0515614510289	0.5047716875871014	-1.6837653994560176	1.4654158203138183
-999.0	290.0	342.5768007573618	0.38201728678411845	-1.1219342390696176	2.2636241270436055
-999.0	265.0	344.072242289083	0.2638796804679761	-0.7621723014447426	2.889942529342223
-999.0	240.0	345.5167807770732	0.1624357213576633	-0.653510651323531	3.2378914927442666
-999.0	215.0	346.9373847240729	0.08596294145617218	-0.6687791763080492	3.2925233104162563
-999.0	190.0	348.6917077423242	0.04285951995601256	-0.3604220649848371	3.08357681085665
-999.0	165.0	351.2933784855363	0.02090628951167069	0.7106240365240379	2.5318356189462885
-999.0	140.0	355.7869759695361	0.009561637902839325	1.9849181475324937	1.8243412968185329
-999.0	115.0	366.7920059814018	0.005338671534425685	2.7713227950864567	1.4437522591816179
-999.0	90.0	392.4322989024866	0.00468343346534918	4.001443761587152	1.3301095161173107
-999.0	65.0	440.69449672583863	0.0033089891024347864	1.968212238616412	1.037673938605513
-999.0	40.0	531.4951727032329	0.01303683585590786	-7.537066453364175	0.3737723731332434
-999.0	15.0	721.6871183572515	0.06868602645893897	-14.725168177816617	-0.027290625828817666
244.86111111111111	40	1000.698511420356	day	levels	pres0
-999.0	990.0	301.13406338456235	16.083907307518825	-2.7738622234927446	-0.4725714719957876
-999.0	965.0	301.83070891573516	15.564711252848305	-4.079606424437632	-0.7266052447259539
-999.0	940.0	302.5228994787817	15.253212377760153	-4.758821688757998	-0.9220949825313451
-999.0	915.0	303.3709715177262	14.77679924435087	-5.257384350564731	-1.1716322570211444
-999.0	890.0	304.2699305125263	13.983108923170319	-5.726302949587482	-1.4446454823845065
-999.0	865.0	305.2180428331981	12.820506890614839	-6.226079048050752	-1.633702724509781
-999.0	840.0	306.22185767400225	11.580780919392913	-6.658606672286961	-1.6464764305287034
-999.0	815.0	307.357036517273	10.365171994103344	-7.021170912848539	-1.5028144819455034
-999.0	790.0	308.66898312170804	9.141088326772076	-7.31358654234139	-1.2542223880274361
-999.0	765.0	310.09402480405134	7.993407932917304	-7.480928905804886	-0.9804218553834352
-999.0	740.0	311.5012736205834	7.076981825298757	-7.415795694457092	-0.771502939860006
-999.0	715.0	312.8510841859494	6.391808793279882	-7.136314361625184	-0.6454457869132109
-999.0	690.0	314.1579941049827	5.762600345081772	-6.744599069002959	-0.546644603626568
-999.0	665.0	315.3972904289418	5.201857884724949	-6.2390356613529585	-0.4765721109178058
-999.0	640.0	316.7148362362286	4.658385276794445	-5.763187532954709	-0.44454364842836147
-999.0	615.0	318.1563943003686	4.136025865872711	-5.366851192050483	-0.4579872818663498
-999.0	590.0	319.85324885377315	3.6722971214188553	-5.121606579754065	-0.480413879205767
-999.0	565.0	321.83790224218	3.2540645758311024	-5.063728524620314	-0.49494982394906406
-999.0	540.0	323.89780087021404	2.8506447639730306	-5.0782441592878556	-0.4464507725503723
-999.0	515.0	325.9536379577149	2.4483109705978046	-5.123350079440389	-0.32487299011814436
-999.0	490.0	328.00195659172834	2.0662002099884953	-5.071593360106133	-0.2230274481906046
-999.0	465.0	330.0087476643267	1.703846031096252	-4.868663943696033	-0.18115009913844898
-999.0	440.0	331.99889970038055	1.3919563094774923	-4.536861912078326	-0.2271281821860588
-999.0	415.0	333.94598884462914	1.1341712810926983	-4.079094750351387	-0.32602244052626433
-999.0	390.0	335.8679012695119	0.9219022666414582	-3.556212883525446	-0.264716704024253
-999.0	365.0	337.7221979885807	0.7508492112159727	-2.9805732087956835	0.0626651366551359
-999.0	340.0	339.4640439311516	0.6134465037120709	-2.3418944158695116	0.655557964576596
-999.0	315.0	341.0593045487595	0.5029288242260609	-1.677422222495101	1.4579274340636252
-999.0	290.0	342.5810582614866	0.3804856020543306	-1.1226614793141791	2.2433380699820304
-999.0	265.0	344.0724536445492	0.26306651598877345	-0.7683973537551048	2.858770506415158
-999.0	240.0	345.5192025274746	0.16216102937857274	-0.6604526089297359	3.200497444222444
-999.0	215.0	346.9533468519157	0.08592180477248268	-0.6721566825277163	3.257401910093173
-999.0	190.0	348.72644183394095	0.04288624978313828	-0.3586029018585709	3.0606367292504206
-999.0	165.0	351.34123435273375	0.02098567897143454	0.7254682855473662	2.532975487576643
-999.0	140.0	355.8214268829278	0.009595715264893218	2.0227371622911483	1.8565334407819853
-999.0	115.0	366.7690645073731	0.005344803403649069	2.814968858328093	1.4840429359012035
-999.0	90.0	392.3417897367629	0.004689246563551325	4.018080741167055	1.3434829162226447
-999.0	65.0	440.60824542032725	0.003327673158815321	1.9599906567070353	1.0161809192763267
-999.0	40.0	531.4644584145738	0.013019558559689259	-7.569716025723336	0.37855162438417156
-999.0	15.0	721.7252971826426	0.06878773594895984	-14.758774195777038	0.001029756499642251
244.875	40	1000.568359375	day	levels	pres0
-999.0	990.0	301.1126124445924	16.113900089263915	-2.744389307498932	-0.45115847885608673
-999.0	965.0	301.845255789785	15.57120819091797	-4.08369197845459	-0.7153172865509986
-999.0	940.0	302.54214818439	15.246870517730713	-4.775391018390656	-0.9181825906038286
-999.0	915.0	303.3890244462453	14.759446048736574	-5.2841890215873715	-1.1715295754373076
-999.0	890.0	304.28198115663236	13.963113307952884	-5.7597129344940186	-1.4441457334905865
-999.0	865.0	305.2240992033017	12.807382583618164	-6.259397935867309	-1.6302690817043184
-999.0	840.0	306.22894725381184	11.570886039733887	-6.699019002914429	-1.6444250255823134
-999.0	815.0	307.37070122638943	10.347221851348877	-7.079339027404785	-1.5047426015138625
-999.0	790.0	308.68732271885733	9.120303678512572	-7.390085983276368	-1.2585789129137996
-999.0	765.0	310.11045814152214	7.981723213195801	-7.568840885162355	-0.9870977636426685
-999.0	740.0	311.5114221259147	7.075331854820251	-7.506868910789491	-0.7816594794392586
-999.0	715.0	312.8539831552593	6.395203924179078	-7.224506044387818	-0.6603510990738869
-999.0	690.0	314.15521480132435	5.769751739501953	-6.8256651163101205	-0.5666631288826467
-999.0	665.0	315.39113530354666	5.211268210411071	-6.3078357756137855	-0.5016752611845733
-999.0	640.0	316.70650554599376	4.668404352664948	-5.817192620038987	-0.4721133053302765
-999.0	615.0	318.14715121707974	4.144795012474059	-5.404385489225388	-0.4841235116124153
-999.0	590.0	319.84309478820086	3.6792624592781067	-5.1478338718414305	-0.5013344504870475
-999.0	565.0	321.82684980315776	3.2586860060691833	-5.086011916399002	-0.5063540674746037
-999.0	540.0	323.8880485540547	2.8528758108615877	-5.100087539851666	-0.44654841870069506
-999.0	515.0	325.94798377222014	2.4478512465953832	-5.147286722809077	-0.31258946191519504
-999.0	490.0	328.00055346551414	2.0638689488172535	-5.096642273664474	-0.19976320266723632
-999.0	465.0	330.01105689377056	1.7002149850130082	-4.892267626523972	-0.14972199723124505
-999.0	440.0	332.00405639768024	1.387957149744034	-4.555080819129945	-0.1914404958486557
-999.0	415.0	333.95285941645244	1.1308919802308084	-4.087827831506729	-0.2910942941904069
-999.0	390.0	335.87610280569464	0.9195304542779924	-3.5548326075077057	-0.2355663597583771
-999.0	365.0	337.7313856491327	0.7494343072175981	-2.971057753264904	0.08123118281364439
-999.0	340.0	339.4732679107694	0.6120785236358643	-2.3304980501532557	0.6614372048527003
-999.0	315.0	341.06704764649	0.5010859608650208	-1.671079045534134	1.4504390478134157
-999.0	290.0	342.58531576561154	0.3789539173245429	-1.1233887195587158	2.2230520129203795
-999.0	265.0	344.0726650000154	0.2622533515095711	-0.7746224060654638	2.827598483487964
-999.0	240.0	345.52162427787596	0.16188633739948274	-0.6673945665359499	3.163103395700455
-999.0	215.0	346.9693089797586	0.08588066808879376	-0.6755341887474059	3.222280509769917
-999.0	190.0	348.7611759255578	0.0429129796102643	-0.35678373873233793	3.0376966476440432
-999.0	165.0	351.3890902199313	0.021065068431198597	0.740312534570694	2.534115356206894
-999.0	140.0	355.85587779631953	0.009629792626947166	2.0605561770498753	1.8887255847454074
-999.0	115.0	366.7461230333443	0.005350935272872449	2.858614921569824	1.524333612620831
-999.0	90.0	392.2512805710388	0.0046950596617534755	4.034717720746994	1.356856316328049
-999.0	65.0	440.5219941148157	0.003346357215195895	1.9517690747976304	0.9946878999471663
-999.0	40.0	531.4337441259145	0.01300228126347065	-7.602365598082542	0.3833308756351472
-999.0	15.0	721.7634760080342	0.06888944543898105	-14.79238021373749	0.0293501388281584
244.88888888888889	40	1000.8511793348526	day	levels	pres0
-999.0	990.0	301.09119517049197	16.142096604241296	-2.714596226811393	-0.4293031699127524
-999.0	965.0	301.8598704894146	15.577231481340204	-4.088263473908103	-0.7040971548192924
-999.0	940.0	302.5615204472781	15.240021959940584	-4.792815356784402	-0.9143147130807151
-999.0	915.0	303.4072596221834	14.741355578104644	-5.311925906605205	-1.1715143124262408
-999.0	890.0	304.2942379324834	13.942276361253514	-5.794036385748145	-1.4433440188566748
-999.0	865.0	305.2303418308192	12.793699815538186	-6.293353843688988	-1.6260584309697035
-999.0	840.0	306.23617511820635	11.560252687666145	-6.739737221929788	-1.6418836103545202
-999.0	815.0	307.38447126711446	10.328017960654348	-7.137745131386692	-1.5066429681248121
-999.0	790.0	308.70569713596063	9.097743468814404	-7.466838873757313	-1.2632292674647505
-999.0	765.0	310.12692735244923	7.968091363377016	-7.656371553738978	-0.9941390306844209
-999.0	740.0	311.52153330697837	7.071660025914486	-7.597025471263532	-0.7921909126142868
-999.0	715.0	312.8568440588033	6.396635222434977	-7.311802603138883	-0.6756450594713543
-999.0	690.0	314.1523363445376	5.775047749943184	-6.905939965777986	-0.5870994355943746
-999.0	665.0	315.38489330915803	5.21913131607902	-6.37605901095607	-0.5272346862488599
-999.0	640.0	316.69816214420484	4.6771638949712	-5.870882442924748	-0.5001724269655272
-999.0	615.0	318.1379591725664	4.152643966674795	-5.441906599203775	-0.510778618686751
-999.0	590.0	319.8329651665062	3.685612494415699	-5.174177766508549	-0.5229062445461913
-999.0	565.0	321.8158756001877	3.2628723793559544	-5.1083618203799155	-0.5186612927251473
-999.0	540.0	323.8783233299089	2.8547494073708783	-5.121883467336517	-0.44764669715530225
-999.0	515.0	325.94230294503956	2.4470741841528074	-5.171021436982704	-0.30123192138140886
-999.0	490.0	327.99924637549424	2.061243197321885	-5.1214023553663	-0.17730939222704553
-999.0	465.0	330.01344925885047	1.6963098731305812	-4.9155261765751685	-0.11892345332434083
-999.0	440.0	332.00916979381384	1.383644193079733	-4.572984862162008	-0.15629910694224491
-999.0	415.0	333.959717345726	1.1273381185200464	-4.0963588466660745	-0.2567265199289943
-999.0	390.0	335.88424620957363	0.9169776671462587	-3.5533768966793806	-0.20692610674429843
-999.0	365.0	337.74036618483075	0.747931181225512	-2.961601802375552	0.09940988206204732
-999.0	340.0	339.4822655251496	0.6106589279241038	-2.319201099210285	0.6670056452353988
-999.0	315.0	341.074667164079	0.49919147806035213	-1.6648131496376244	1.4426702645089842
-999.0	290.0	342.5895882413917	0.3773823549350109	-1.124139139056195	2.2024858964813774
-999.0	265.0	344.073054756344	0.26141771160894	-0.780788213014601	2.796083216865802
-999.0	240.0	345.5244477416373	0.16159563221865264	-0.6742537511719643	3.125278729862564
-999.0	215.0	346.98570274394956	0.08582459477086894	-0.6789354414575746	3.1866715669631183
-999.0	190.0	348.79585551950197	0.0429366401914095	-0.3551335162586807	3.0142232283949166
-999.0	165.0	351.43648252747687	0.021145006082952122	0.754982026418047	2.5346524609459244
-999.0	140.0	355.8900174035903	0.009663781083913336	2.098267177409623	1.9203501413265653
-999.0	115.0	366.7230576380538	0.005356349578748143	2.902229525976749	1.5645276685555927
-999.0	90.0	392.16074914099937	0.0046976955478183115	4.051351528863127	1.3702258295483398
-999.0	65.0	440.4356939419188	0.0033602120535862244	1.94354686339695	0.9731947786278364
-999.0	40.0	531.4029447785073	0.012986076788769826	-7.63501494609649	0.3881100778778593
-999.0	15.0	721.8014325068194	0.06899668160412063	-14.82598530716367	0.05767057902285039
244.90277777777777	40	1001.1339992947048	day	levels	pres0
-999.0	990.0	301.06977789639166	16.170293119218602	-2.6848031461239015	-0.4074478609694484
-999.0	965.0	301.87448518904404	15.583254771762421	-4.092834969361626	-0.6928770230876157
-999.0	940.0	302.5808927101661	15.233173402150475	-4.810239695178136	-0.9104468355576252
-999.0	915.0	303.4254947981216	14.723265107472741	-5.339662791623	-1.1714990494151942
-999.0	890.0	304.3064947083345	13.921439414554184	-5.8283598370022105	-1.442542304222786
-999.0	865.0	305.2365844583368	12.780017047458234	-6.327309751510606	-1.6218477802351163
-999.0	840.0	306.2434029826009	11.549619335598422	-6.7804554409450795	-1.6393421951267497
-999.0	815.0	307.3982413078393	10.30881406995986	-7.196151235368493	-1.5085433347357662
-999.0	790.0	308.7240715530639	9.07518325911629	-7.543591764238112	-1.2678796220156876
-999.0	765.0	310.1433965633763	7.954459513558288	-7.743902222315433	-1.001180297726142
-999.0	740.0	311.531644488042	7.06798819700877	-7.687182031737395	-0.8027223457892688
-999.0	715.0	312.85970496234734	6.398066520690918	-7.399099161889782	-0.6909390198687636
-999.0	690.0	314.1494578877509	5.780343760384452	-6.9862148152457	-0.6075357423060364
-999.0	665.0	315.37865131476934	5.226994421746992	-6.44428224629823	-0.552794111313078
-999.0	640.0	316.6898187424161	4.685923437277473	-5.924572265810414	-0.5282315486007122
-999.0	615.0	318.1287671280531	4.160492920875547	-5.4794277091820875	-0.5374337257610295
-999.0	590.0	319.82283554481154	3.691962529553305	-5.20052166117561	-0.5444780386052924
-999.0	565.0	321.80490139721775	3.2670587526427357	-5.130711724360774	-0.5309685179756687
-999.0	540.0	323.868598105763	2.8566230038801828	-5.143679394821316	-0.44874497560991045
-999.0	515.0	325.936622117859	2.446297121710248	-5.194756151156282	-0.2898743808476496
-999.0	490.0	327.9979392854744	2.058617445826532	-5.14616243706808	-0.15485558178690514
-999.0	465.0	330.01584162393044	1.6924047612481665	-4.938784726626333	-0.08812490941750774
-999.0	440.0	332.0142831899474	1.379331236415441	-4.590888905194064	-0.12115771803592237
-999.0	415.0	333.9665752749995	1.1237842568092895	-4.104889861825438	-0.22235874566768152
-999.0	390.0	335.8923896134525	0.9144248800145268	-3.5519211858511004	-0.17828585373031727
-999.0	365.0	337.74934672052876	0.7464280552334263	-2.952145851486267	0.11758858131037309
-999.0	340.0	339.4912631395298	0.6092393322123428	-2.3079041482673834	0.6725740856180591
-999.0	315.0	341.08228668166794	0.49729699525568305	-1.6585472537411647	1.434901481204569
-999.0	290.0	342.59386071717194	0.37581079254547833	-1.1248895585536989	2.181919780042449
-999.0	265.0	344.0734445126726	0.26058207170830877	-0.7869540199637415	2.7645679502437694
-999.0	240.0	345.5272712053987	0.16130492703782207	-0.6811129358079688	3.0874540640248402
-999.0	215.0	347.00209650814054	0.08576852145294354	-0.6823366941677199	3.1510626241564936
-999.0	190.0	348.8305351134462	0.04296030077255436	-0.3534832937849903	2.9907498091459375
-999.0	165.0	351.4838748350224	0.02122494373470543	0.7696515182653995	2.5351895656850596
-999.0	140.0	355.92415701086105	0.009697769540879453	2.1359781777693003	1.9519746979077544
-999.0	115.0	366.6999922427631	0.005361763884623844	2.9458441303835783	1.6047217244903127
-999.0	90.0	392.0702177109599	0.004700331433883142	4.0679853369792225	1.3835953427685603
-999.0	65.0	440.34939376902196	0.003374066891976526	1.9353246519962966	0.95170165730848
-999.0	40.0	531.3721454310999	0.01296987231406901	-7.6676642941103905	0.3928892801205241
-999.0	15.0	721.8393890056044	0.06910391776925984	-14.859590400589823	0.08599101921748636
244.91666666666666	40	1001.4168192545574	day	levels	pres0
-999.0	990.0	301.0483606222913	16.198489634195983	-2.6550100654363438	-0.38559255202610343
-999.0	965.0	301.8890998886736	15.589278062184658	-4.097406464815132	-0.6816568913559049
-999.0	940.0	302.6002649730542	15.226324844360349	-4.82766403357188	-0.9065789580345125
-999.0	915.0	303.4437299740598	14.705174636840809	-5.367399676640837	-1.171483786404132
-999.0	890.0	304.31875148418555	13.900602467854808	-5.862683288256341	-1.4417405895888806
-999.0	865.0	305.2428270858543	12.76633427937825	-6.361265659332286	-1.617637129500507
-999.0	840.0	306.2506308469956	11.538985983530672	-6.821173659960442	-1.6368007798989619
-999.0	815.0	307.41201134856436	10.289610179265324	-7.254557339350404	-1.5104437013467216
-999.0	790.0	308.7424459701671	9.05262304941811	-7.62034465471907	-1.272529976566644
-999.0	765.0	310.1598657743034	7.940827663739495	-7.831432890892074	-1.0082215647678991
-999.0	740.0	311.5417556691056	7.064316368102999	-7.777338592211456	-0.8132537789643026
-999.0	715.0	312.8625658658913	6.399497818946811	-7.486395720640863	-0.706232980266238
-999.0	690.0	314.14657943096415	5.78563977082568	-7.066489664713581	-0.6279720490177738
-999.0	665.0	315.37240932038077	5.234857527414939	-6.512505481640529	-0.5783535363773757
-999.0	640.0	316.6814753406271	4.694682979583725	-5.978262088696186	-0.5562906702359751
-999.0	615.0	318.1195750835398	4.168341875076282	-5.516948819160484	-0.5640888328353761
-999.0	590.0	319.8127059231167	3.6983125646908985	-5.22686555584274	-0.5660498326644452
-999.0	565.0	321.79392719424766	3.271245125929508	-5.1530616283417	-0.5432757432262187
-999.0	540.0	323.85887288161706	2.858496600389476	-5.165475322306183	-0.44984325406452186
-999.0	515.0	325.9309412906784	2.4455200592676736	-5.2184908653299305	-0.2785168403138665
-999.0	490.0	327.9966321954545	2.0559916943311634	-5.1709225187699275	-0.13240177134671552
-999.0	465.0	330.01823398901035	1.6884996493657376	-4.962043276677552	-0.05732636551060266
-999.0	440.0	332.01939658608086	1.3750182797511374	-4.60879294822615	-0.08601632912951032
-999.0	415.0	333.9734332042731	1.1202303950985242	-4.113420876984803	-0.18799097140626955
-999.0	390.0	335.90053301733155	0.9118720928827905	-3.550465475022791	-0.14964560071624075
-999.0	365.0	337.75832725622683	0.7449249292413385	-2.9426899005969256	0.13576728055877332
-999.0	340.0	339.5002607539101	0.6078197365005807	-2.2966071973244198	0.6781425260007583
-999.0	315.0	341.0899061992569	0.49540251245101297	-1.652281357844657	1.427132697900144
-999.0	290.0	342.5981331929522	0.374239230155945	-1.1256399780511759	2.1613536636034563
-999.0	265.0	344.0738342690012	0.2597464318076772	-0.7931198269128734	2.7330526836216182
-999.0	240.0	345.53009466915995	0.16101422185699177	-0.6879721204439739	3.0496293981869598
-999.0	215.0	347.0184902723316	0.0857124481350186	-0.685737946877873	3.115453681349706
-999.0	190.0	348.86521470739046	0.04298396135369952	-0.3518330713113129	2.9672763898968224
-999.0	165.0	351.53126714256814	0.021304881386458974	0.7843210101127761	2.535726670424104
-999.0	140.0	355.9582966181318	0.009731757997845638	2.1736891781290693	1.9835992544889351
-999.0	115.0	366.6769268474725	0.005367178190499546	2.9894587347905124	1.6449157804250942
-999.0	90.0	391.9796862809204	0.004702967319947982	4.084619145095353	1.3969648559888477
-999.0	65.0	440.263093596125	0.0033879217303668567	1.9271024405956154	0.9302085359891321
-999.0	40.0	531.3413460836924	0.012953667839368176	-7.700313642124344	0.39766848236322905
-999.0	15.0	721.8773455043896	0.06921115393439937	-14.893195494016013	0.11431145941218827
244.93055555555554	40	1001.6996392144096	day	levels	pres0
-999.0	990.0	301.02694334819097	16.22668614917329	-2.6252169847488522	-0.3637372430827993
-999.0	965.0	301.90371458830305	15.595301352606878	-4.101977960268655	-0.6704367596242283
-999.0	940.0	302.61963723594215	15.219476286570238	-4.845088371965613	-0.9027110805114222
-999.0	915.0	303.4619651499979	14.687084166208914	-5.395136561658634	-1.171468523393086
-999.0	890.0	304.33100826003664	13.879765521155475	-5.897006739510409	-1.4409388749549916
-999.0	865.0	305.24906971337185	12.752651511298298	-6.395221567153905	-1.6134264787659194
-999.0	840.0	306.2578587113901	11.528352631462951	-6.861891878975731	-1.634259364671191
-999.0	815.0	307.4257813892894	10.270406288570836	-7.312963443332205	-1.5123440679576754
-999.0	790.0	308.76082038727037	9.030062839719998	-7.69709754519987	-1.2771803311175813
-999.0	765.0	310.1763349852305	7.927195813920769	-7.918963559468527	-1.0152628318096204
-999.0	740.0	311.55186685016923	7.060644539197284	-7.8674951526853185	-0.8237852121392848
-999.0	715.0	312.8654267694353	6.400929117202753	-7.5736922793917625	-0.7215269406636473
-999.0	690.0	314.1437009741775	5.7909357812669455	-7.146764514181296	-0.6484083557294351
-999.0	665.0	315.36616732599214	5.242720633082912	-6.58072871698269	-0.6039129614415939
-999.0	640.0	316.67313193883837	4.703442521889997	-6.031951911581851	-0.58434979187116
-999.0	615.0	318.1103830390265	4.176190829277033	-5.554469929138797	-0.590743939909655
-999.0	590.0	319.80257630142205	3.704662599828505	-5.2532094505098	-0.5876216267235463
-999.0	565.0	321.7829529912776	3.27543149921629	-5.175411532322558	-0.5555829684767402
-999.0	540.0	323.84914765747124	2.8603701968987787	-5.187271249790983	-0.45094153251913016
-999.0	515.0	325.9252604634978	2.4447429968251138	-5.242225579503509	-0.267159299780107
-999.0	490.0	327.9953251054346	2.0533659428358106	-5.195682600471709	-0.10994796090657515
-999.0	465.0	330.02062635409027	1.6845945374833236	-4.985301826728717	-0.026527821603769472
-999.0	440.0	332.0245099822144	1.3707053230868458	-4.626696991258206	-0.05087494022318784
-999.0	415.0	333.9802911335467	1.1166765333877668	-4.121951892144166	-0.15362319714495667
-999.0	390.0	335.9086764212105	0.9093193057510586	-3.549009764194511	-0.12100534770225965
-999.0	365.0	337.7673077919248	0.7434218032492527	-2.9332339497076405	0.15394597980709915
-999.0	340.0	339.5092583682903	0.6064001407888199	-2.285310246381519	0.6837109663834184
-999.0	315.0	341.09752571684584	0.493508029646344	-1.6460154619481973	1.419363914595729
-999.0	290.0	342.60240566873244	0.3726676677664126	-1.1263903975486793	2.1407875471645283
-999.0	265.0	344.07422402532984	0.25891079190704597	-0.7992856338620133	2.7015374169995865
-999.0	240.0	345.5329181329214	0.16072351667616114	-0.694831305079979	3.011804732349236
-999.0	215.0	347.03488403652256	0.08565637481709322	-0.6891391995880188	3.079844738543081
-999.0	190.0	348.89989430133465	0.0430076219348444	-0.3501828488376225	2.943802970647843
-999.0	165.0	351.5786594501137	0.02138481903821228	0.7989905019601288	2.5362637751632393
-999.0	140.0	355.99243622540234	0.009765746454811755	2.2114001784887454	2.0152238110701237
-999.0	115.0	366.65386145218173	0.005372592496375247	3.0330733391973417	1.6851098363598147
-999.0	90.0	391.88915485088097	0.004705603206012813	4.101252953211447	1.410334369209069
-999.0	65.0	440.17679342322816	0.0034017765687571586	1.9188802291949623	0.9087154146697759
-999.0	40.0	531.3105467362851	0.01293746336466736	-7.732962990138245	0.4024476846058936
-999.0	15.0	721.9153020031747	0.0693183900995386	-14.926800587442164	0.14263189960682415
244.94444444444446	40	1001.9824591742623	day	levels	pres0
-999.0	990.0	301.00552607409054	16.254882664150685	-2.5954239040613056	-0.3418819341394525
-999.0	965.0	301.9183292879326	15.601324643029116	-4.106549455722176	-0.6592166278925087
-999.0	940.0	302.63900949883026	15.212627728780108	-4.862512710359369	-0.8988432029882956
-999.0	915.0	303.48020032593615	14.668993695576978	-5.422873446676482	-1.1714532603820051
-999.0	890.0	304.3432650358876	13.858928574456097	-5.931330190764556	-1.4401371603210635
-999.0	865.0	305.2553123408893	12.738968743218306	-6.429177474975613	-1.6092158280312865
-999.0	840.0	306.2650865757847	11.517719279395203	-6.902610097991128	-1.6317179494433804
-999.0	815.0	307.4395514300143	10.251202397876305	-7.371369547314158	-1.5142444345686084
-999.0	790.0	308.77919480437356	9.007502630021827	-7.7738504356808695	-1.2818306856685173
-999.0	765.0	310.1928041961575	7.913563964102002	-8.006494228045206	-1.0223040988513576
-999.0	740.0	311.56197803123285	7.056972710291549	-7.957651713159408	-0.8343166453142999
-999.0	715.0	312.8682876729793	6.402360415458685	-7.660988838142877	-0.7368209010611062
-999.0	690.0	314.14082251739075	5.7962317917082125	-7.22703936364921	-0.6688446624411601
-999.0	665.0	315.3599253316035	5.25058373875089	-6.648951952325019	-0.6294723865058844
-999.0	640.0	316.6647885370495	4.712202064196276	-6.085641734467647	-0.6124089135064187
-999.0	615.0	318.10119099451316	4.18403978347779	-5.5919910391172	-0.6173990469839987
-999.0	590.0	319.79244667972745	3.711012634966112	-5.279553345176922	-0.6091934207826968
-999.0	565.0	321.7719787883077	3.279617872503071	-5.197761436303463	-0.5678901937272871
-999.0	540.0	323.83942243332535	2.862243793408076	-5.209067177275821	-0.4520398109737356
-999.0	515.0	325.9195796363172	2.443965934382543	-5.265960293677121	-0.2558017592463131
-999.0	490.0	327.9940180154148	2.0507401913404437	-5.220442682173517	-0.08749415046637254
-999.0	465.0	330.02301871917024	1.6806894256008973	-5.008560376779898	0.004270722303146526
-999.0	440.0	332.02962337834794	1.3663923664225461	-4.644601034290253	-0.015733551316767347
-999.0	415.0	333.98714906282027	1.1131226716770066	-4.13048290730349	-0.1192554228835391
-999.0	390.0	335.91681982508936	0.906766518619326	-3.547554053366162	-0.09236509468818233
-999.0	365.0	337.77628832762286	0.7419186772571675	-2.9237779988182653	0.17212467905549156
-999.0	340.0	339.5182559826705	0.6049805450770593	-2.2740132954385306	0.6892794067660957
-999.0	315.0	341.10514523443476	0.4916135468416742	-1.6397495660516805	1.4115951312912645
-999.0	290.0	342.60667814451267	0.371096105376879	-1.1271408170461616	2.1202214307254863
-999.0	265.0	344.07461378165846	0.25807515200641384	-0.8054514408111622	2.670022150377386
-999.0	240.0	345.5357415966827	0.16043281149533048	-0.701690489716011	2.9739800665113134
-999.0	215.0	347.0512778007136	0.08560030149916809	-0.6925404522982064	3.044235795736266
-999.0	190.0	348.9345738952789	0.04303128251598941	-0.3485326263639842	2.9203295513987224
-999.0	165.0	351.62605175765924	0.021464756689965742	0.8136599938074647	2.536800879902297
-999.0	140.0	356.0265758326732	0.009799734911777913	2.249111178848491	2.0468483676513043
-999.0	115.0	366.6307960568911	0.005378006802250937	3.076687943604287	1.7253038922945703
-999.0	90.0	391.79862342084135	0.004708239092077646	4.117886761327604	1.4237038824293435
-999.0	65.0	440.0904932503311	0.0034156314071474856	1.9106580177942882	0.8872222933504346
-999.0	40.0	531.2797473888777	0.012921258889966546	-7.765612338152218	0.4072268868486315
-999.0	15.0	721.9532585019598	0.06942562626467821	-14.960405680868385	0.17095233980154972
244.95833333333334	40	1002.2652791341147	day	levels	pres0
-999.0	990.0	300.9841087999902	16.283079179128	-2.5656308233738088	-0.3200266251961398
-999.0	965.0	301.93294398756206	15.607347933451333	-4.111120951175691	-0.6479964961608236
-999.0	940.0	302.65838176171826	15.205779170989995	-4.879937048753097	-0.8949753254651982
-999.0	915.0	303.4984355018744	14.65090322494508	-5.450610331694271	-1.171437997370953
-999.0	890.0	304.3555218117388	13.838091627756764	-5.965653642018618	-1.43933544568717
-999.0	865.0	305.26155496840687	12.725285975138357	-6.463133382797226	-1.6050051772966951
-999.0	840.0	306.2723144401792	11.507085927327486	-6.94332831700641	-1.6291765342156044
-999.0	815.0	307.4533214707393	10.23199850718182	-7.429775651295952	-1.5161448011795584
-999.0	790.0	308.79756922147686	8.984942420323712	-7.850603326161662	-1.2864810402194515
-999.0	765.0	310.20927340708465	7.899932114283272	-8.094024896621654	-1.0293453658930782
-999.0	740.0	311.57208921229653	7.053300881385833	-8.04780827363327	-0.8448480784892836
-999.0	715.0	312.8711485765234	6.403791713714626	-7.748285396893774	-0.7521148614585182
-999.0	690.0	314.137944060604	5.801527802149479	-7.307314213116927	-0.6892809691528253
-999.0	665.0	315.35368333721476	5.258446844418864	-6.717175187667182	-0.6550318115701059
-999.0	640.0	316.6564451352606	4.7209616065025495	-6.139331557353316	-0.6404680351416054
-999.0	615.0	318.0919989499998	4.191888737678542	-5.629512149095519	-0.6440541540582759
-999.0	590.0	319.7823170580328	3.7173626701037197	-5.305897239843988	-0.6307652148417933
-999.0	565.0	321.76100458533756	3.2838042457898537	-5.220111340284329	-0.5801974189778019
-999.0	540.0	323.82969720917947	2.8641173899173804	-5.230863104760626	-0.45313808942833766
-999.0	515.0	325.9138988091366	2.4431888719399826	-5.289695007850707	-0.2444442187125508
-999.0	490.0	327.99271092539476	2.04811443984509	-5.245202763875307	-0.06504034002623306
-999.0	465.0	330.0254110842502	1.6767843137184808	-5.031818926831072	0.035069266209975275
-999.0	440.0	332.03473677448153	1.362079409758251	-4.662505077322315	0.019407837589546867
-999.0	415.0	333.9940069920937	1.109568809966246	-4.139013922462858	-0.0848876486222381
-999.0	390.0	335.9249632289683	0.9042137314875918	-3.5460983425378845	-0.0637248416742146
-999.0	365.0	337.7852688633208	0.7404155512650811	-2.914322047928979	0.19030337830380523
-999.0	340.0	339.52725359705073	0.6035609493652981	-2.262716344495626	0.6948478471487474
-999.0	315.0	341.11276475202374	0.48971906403700477	-1.6334836701552164	1.4038263479868451
-999.0	290.0	342.61095062029295	0.3695245429873462	-1.1278912365436613	2.099655314286555
-999.0	265.0	344.0750035379871	0.2572395121057824	-0.8116172477603005	2.638506883755347
-999.0	240.0	345.5385650604441	0.16014210631449963	-0.7085496743520167	2.9361554006735835
-999.0	215.0	347.0676715649047	0.0855442281812425	-0.6959417050083555	3.0086268529296376
-999.0	190.0	348.9692534892231	0.043054943097134216	-0.3468824038903022	2.8968561321497495
-999.0	165.0	351.6734440652048	0.021544694341719038	0.8283294856548032	2.5373379846414412
-999.0	140.0	356.06071543994386	0.009833723368744027	2.2868221792081513	2.078472924232498
-999.0	115.0	366.60773066160056	0.00538342110812664	3.1203025480111037	1.7654979482292867
-999.0	90.0	391.708091990802	0.004710874978142476	4.134520569443693	1.4370733956495576
-999.0	65.0	440.0041930774344	0.003429486245537785	1.9024358063936342	0.8657291720310725
-999.0	40.0	531.2489480414704	0.012905054415265729	-7.798261686166126	0.41200608909129627
-999.0	15.0	721.9912150007449	0.06953286242981743	-14.994010774294544	0.1992727799961878
244.97222222222223	40	1002.5480990939672	day	levels	pres0
-999.0	990.0	300.9626915258899	16.311275694105372	-2.5358377426862564	-0.2981713162528035
-999.0	965.0	301.94755868719164	15.613371223873568	-4.115692446629203	-0.6367763644291213
-999.0	940.0	302.6777540246064	15.198930613199868	-4.897361387146847	-0.8911074479420926
-999.0	915.0	303.5166706778125	14.632812754313148	-5.478347216712113	-1.171422734359897
-999.0	890.0	304.3677785875899	13.817254681057392	-5.9999770932727525	-1.4385337310532698
-999.0	865.0	305.2677975959244	12.711603207058372	-6.497089290618911	-1.60079452656209
-999.0	840.0	306.27954230457385	11.496452575259736	-6.984046536021781	-1.6266351189878216
-999.0	815.0	307.4670915114643	10.212794616487283	-7.48818175527787	-1.5180451677905176
-999.0	790.0	308.8159436385801	8.962382210625533	-7.927356216642626	-1.291131394770411
-999.0	765.0	310.2257426180118	7.886300264464481	-8.1815555651983	-1.036386632934836
-999.0	740.0	311.58220039336015	7.04962905248006	-8.137964834107333	-0.8553795116643161
-999.0	715.0	312.8740094800674	6.405223011970521	-7.835581955644858	-0.76740882185599
-999.0	690.0	314.13506560381734	5.806823812590707	-7.387589062584804	-0.709717275864559
-999.0	665.0	315.34744134282613	5.266309950086809	-6.785398423009479	-0.6805912366344005
-999.0	640.0	316.6481017334717	4.7297211488088005	-6.193021380239086	-0.6685271567768665
-999.0	615.0	318.0828069054865	4.199737691879276	-5.66703325907391	-0.6707092611326242
-999.0	590.0	319.772187436338	3.723712705241313	-5.332241134511112	-0.6523370089009506
-999.0	565.0	321.7500303823675	3.287990619076625	-5.2424612442652485	-0.5925046442283586
-999.0	540.0	323.81997198503365	2.865990986426672	-5.252659032245488	-0.45423636788295507
-999.0	515.0	325.908217981956	2.4424118094974085	-5.313429722024345	-0.23308667817877055
-999.0	490.0	327.99140383537485	2.0454886883497228	-5.269962845577146	-0.042586529586042594
-999.0	465.0	330.02780344933007	1.6728792018360543	-5.055077476882283	0.0658678101168848
-999.0	440.0	332.039850170615	1.3577664530939506	-4.680409120354395	0.054549226495967246
-999.0	415.0	334.0008649213674	1.1060149482554844	-4.147544937622219	-0.050519874360814315
-999.0	390.0	335.93310663284717	0.9016609443558576	-3.5446426317095727	-0.035084588660124705
-999.0	365.0	337.79424939901895	0.7389124252729941	-2.9048660970396387	0.2084820775522177
-999.0	340.0	339.536251211431	0.6021413536535364	-2.2514193935526654	0.7004162875314551
-999.0	315.0	341.12038426961266	0.4878245812323351	-1.6272177742587133	1.3960575646824243
-999.0	290.0	342.6152230960731	0.36795298059781323	-1.1286416560411423	2.0790891978475656
-999.0	265.0	344.0753932943158	0.2564038722051511	-0.8177830547094344	2.606991617133202
-999.0	240.0	345.54138852420544	0.15985140113366958	-0.715408858988021	2.8983307348357097
-999.0	215.0	347.08406532909567	0.08548815486331776	-0.6993429577185051	2.973017910122853
-999.0	190.0	349.0039330831672	0.04307860367827944	-0.3452321814166164	2.8733827129006277
-999.0	165.0	351.7208363727505	0.021624631993472594	0.8429989775021942	2.537875089380477
-999.0	140.0	356.0948550472147	0.009867711825710212	2.324533179567937	2.110097480813674
-999.0	115.0	366.5846652663098	0.005388835414002342	3.1639171524180503	1.8056920041640723
-999.0	90.0	391.6175605607624	0.004713510864207315	4.1511543775598305	1.4504429088698516
-999.0	65.0	439.9178929045375	0.0034433410839281183	1.8942135949929542	0.84423605071173
-999.0	40.0	531.2181486940631	0.012888849940564892	-7.8309110341800725	0.4167852913340011
-999.0	15.0	722.0291714995302	0.06964009859495698	-15.02761586772073	0.22759322019088746
244.98611111111111	40	1002.8309190538195	day	levels	pres0
-999.0	990.0	300.9412742517895	16.339472209082682	-2.506044661998765	-0.2763160073094995
-999.0	965.0	301.9621733868211	15.619394514295788	-4.120263942082725	-0.6255562326974448
-999.0	940.0	302.6971262874944	15.192082055409761	-4.914785725540581	-0.8872395704190026
-999.0	915.0	303.5349058537506	14.61472228368125	-5.50608410172991	-1.1714074713488505
-999.0	890.0	304.380035363441	13.796417734358062	-6.03430054452682	-1.4377320164193805
-999.0	865.0	305.274040223442	12.697920438978421	-6.53104519844053	-1.596583875827503
-999.0	840.0	306.28677016896836	11.485819223192015	-7.024764755037069	-1.62409370376005
-999.0	815.0	307.48086155218925	10.193590725792797	-7.546587859259671	-1.519945534401471
-999.0	790.0	308.83431805568335	8.93982200092742	-8.004109107123426	-1.2957817493213477
-999.0	765.0	310.2422118289388	7.8726684146457515	-8.269086233774754	-1.0434278999765572
-999.0	740.0	311.59231157442383	7.045957223574345	-8.228121394581198	-0.8659109448392983
-999.0	715.0	312.8768703836114	6.406654310226462	-7.922878514395756	-0.7827027822533991
-999.0	690.0	314.1321871470306	5.812119823031974	-7.467863912052521	-0.7301535825762206
-999.0	665.0	315.3411993484375	5.274173055754783	-6.853621658351639	-0.7061506616986186
-999.0	640.0	316.63975833168286	4.738480691115074	-6.246711203124751	-0.6965862784120516
-999.0	615.0	318.0736148609732	4.207586646080027	-5.7045543690522225	-0.697364368206903
-999.0	590.0	319.76205781464336	3.730062740378919	-5.3585850291781725	-0.6739088029600518
-999.0	565.0	321.73905617939755	3.2921769923634066	-5.264811148246108	-0.6048118694788798
-999.0	540.0	323.81024676088776	2.8678645829359755	-5.274454959730286	-0.4553346463375633
-999.0	515.0	325.9025371547754	2.4416347470548496	-5.3371644361979245	-0.2217291376450113
-999.0	490.0	327.990096745355	2.0428629368543696	-5.294722927278927	-0.020132719145902297
-999.0	465.0	330.03019581441004	1.66897408995364	-5.0783360269334485	0.09666635402371788
-999.0	440.0	332.04496356674855	1.3534534964296587	-4.69831316338645	0.08969061540228974
-999.0	415.0	334.00772285064096	1.1024610865447269	-4.156075952781581	-0.016152100099501382
-999.0	390.0	335.9412500367261	0.8991081572241254	-3.543186920881292	-0.006444335646143412
-999.0	365.0	337.80322993471697	0.7374092992809081	-2.895410146150354	0.22666077680054356
-999.0	340.0	339.54524882581126	0.6007217579417753	-2.240122442609765	0.7059847279141152
-999.0	315.0	341.12800378720164	0.48593009842766605	-1.6209518783622536	1.3882887813780094
-999.0	290.0	342.61949557185335	0.36638141820828074	-1.1293920755386457	2.058523081408638
-999.0	265.0	344.0757830506443	0.2555682323045198	-0.8239488616585748	2.5754763505111695
-999.0	240.0	345.5442119879669	0.159560695952839	-0.722268043624026	2.8605060689979864
-999.0	215.0	347.1004590932867	0.08543208154539238	-0.7027442104286508	2.937408967316229
-999.0	190.0	349.0386126771115	0.04310226425942431	-0.3435819589429262	2.849909293651649
-999.0	165.0	351.768228680296	0.021704569645225904	0.857668469349547	2.5384121941196125
-999.0	140.0	356.1289946544854	0.009901700282676331	2.3622441799276133	2.141722037394863
-999.0	115.0	366.5615998710192	0.005394249719878042	3.2075317568248796	1.8458860600987925
-999.0	90.0	391.527029130723	0.004716146750272147	4.167788185675924	1.4638124220900735
-999.0	65.0	439.8315927316406	0.00345719592231842	1.8859913835923008	0.822742929392374
-999.0	40.0	531.1873493466557	0.012872645465864078	-7.863560382193974	0.4215644935766658
-999.0	15.0	722.0671279983151	0.06974733476009617	-15.061220961146876	0.25591366038552343
245.0	40	1003.1137390136719	day	levels	pres0
-999.0	990.0	300.91985697768916	16.36766872406006	-2.476251581311226	-0.2544606983661652
-999.0	965.0	301.9767880864506	15.625417804718017	-4.124835437536239	-0.6143361009657384
-999.0	940.0	302.7164985503824	15.185233497619631	-4.932210063934326	-0.8833716928958893
-999.0	915.0	303.55314102968885	14.596631813049317	-5.533820986747743	-1.171392208337784
-999.0	890.0	304.39229213929207	13.775580787658692	-6.068623995780945	-1.436930301785469
-999.0	865.0	305.28028285095945	12.684237670898442	-6.565001106262208	-1.5923732250928881
-999.0	840.0	306.2939980333629	11.475185871124268	-7.065482974052429	-1.6215522885322569
-999.0	815.0	307.4946315929143	10.174386835098266	-7.6049939632415775	-1.5218459010124206
-999.0	790.0	308.85269247278654	8.91726179122925	-8.08086199760437	-1.3004321038722992
-999.0	765.0	310.25868103986596	7.859036564826966	-8.35661690235138	-1.0504691670183093
-999.0	740.0	311.60242275548745	7.042285394668579	-8.318277955055239	-0.8764423780143262
-999.0	715.0	312.87973128715544	6.408085608482361	-8.010175073146822	-0.7979967426508665
-999.0	690.0	314.1293086902439	5.817415833473206	-7.548138761520387	-0.7505898892879488
-999.0	665.0	315.33495735404887	5.28203616142273	-6.921844893693923	-0.7317100867629052
-999.0	640.0	316.63141492989405	4.747240233421326	-6.300401026010514	-0.7246454000473023
-999.0	615.0	318.0644228164599	4.215435600280762	-5.742075479030609	-0.7240194752812386
-999.0	590.0	319.7519281929487	3.73641277551651	-5.38492892384529	-0.6954805970191957
-999.0	565.0	321.7280819764275	3.296363365650177	-5.28716105222702	-0.6171190947294236
-999.0	540.0	323.80052153674194	2.8697381794452665	-5.2962508872151375	-0.4564329247921707
-999.0	515.0	325.8968563275948	2.4408576846122743	-5.3608991503715515	-0.21037159711122513
-999.0	490.0	327.9887896553351	2.0402371853590013	-5.319483008980752	0.0023210912942886325
-999.0	465.0	330.0325881794899	1.6650689780712131	-5.1015945769846445	0.1274648979306221
-999.0	440.0	332.0500769628821	1.349140539765358	-4.716217206418515	0.12483200430870059
-999.0	415.0	334.0145807799144	1.0989072248339653	-4.1646069679409266	0.018215674161910972
-999.0	390.0	335.94939344060504	0.8965553700923922	-3.5417312100529674	0.022195917367935247
-999.0	365.0	337.8122104704149	0.7359061732888221	-2.885954195261002	0.24483947604894649
-999.0	340.0	339.55424644019143	0.5993021622300148	-2.228825491666794	0.7115531682968141
-999.0	315.0	341.1356233047906	0.4840356156229974	-1.6146859824657438	1.3805199980735778
-999.0	290.0	342.6237680476336	0.36480985581874853	-1.1301424950361252	2.037956964969635
-999.0	265.0	344.076172806973	0.25473259240388874	-0.8301146686077121	2.543961083889008
-999.0	240.0	345.5470354517281	0.15926999077200893	-0.72912722826004	2.8226814031600957
-999.0	215.0	347.1168528574777	0.08537600822746753	-0.7061454631388189	2.9018000245094298
-999.0	190.0	349.07329227105566	0.0431259248405695	-0.341931736469269	2.8264358744025233
-999.0	165.0	351.8156209878416	0.02178450729697943	0.8723379611968994	2.5389492988586424
-999.0	140.0	356.16313426175617	0.009935688739642502	2.3999551802873613	2.173346593976021
-999.0	115.0	366.5385344757285	0.005399664025753737	3.251146361231804	1.8860801160335545
-999.0	90.0	391.4364977006835	0.004718782636336983	4.184421993792057	1.4771819353103641
-999.0	65.0	439.7452925587437	0.0034710507607087497	1.8777691721916199	0.801249808073044
-999.0	40.0	531.1565499992483	0.012856440991163254	-7.896209730207921	0.4263436958193778
-999.0	15.0	722.1050844971004	0.06985457092523574	-15.09482605457306	0.2842341005802155
245.01388888888889	40	1003.2810729980471	day	levels	pres0
-999.0	990.0	300.87039297364316	16.352999443478037	-2.4910384717914575	-0.2833509418699565
-999.0	965.0	301.9684705465644	15.608988539377831	-4.155110135061335	-0.650732669482636
-999.0	940.0	302.717811087631	15.163204532199419	-4.968957465224789	-0.9276686728000747
-999.0	915.0	303.54933400630875	14.570476637946228	-5.5698592080010325	-1.2232301516665507
-999.0	890.0	304.37992037838586	13.755539162953708	-6.100291776657107	-1.4936469869481401
-999.0	865.0	305.2599348469926	12.681552802191886	-6.593435857031085	-1.6508096880383263
-999.0	840.0	306.2651870815913	11.49354171752937	-7.091868538326695	-1.6784420470397134
-999.0	815.0	307.45445063996226	10.21311671998774	-7.6267149713304425	-1.5759190479914997
-999.0	790.0	308.80238235468045	8.967105356852286	-8.09642721547022	-1.351966013842242
-999.0	765.0	310.20266390579553	7.910379171371513	-8.366043469640958	-1.096542792394852
-999.0	740.0	311.54549696500436	7.091094268692904	-8.323171626196977	-0.9113030211794013
-999.0	715.0	312.8251662508818	6.453476187917958	-8.012283514605627	-0.8167482001086965
-999.0	690.0	314.0785347483699	5.8594455295139225	-7.547564531034882	-0.7526671769719085
-999.0	665.0	315.2893751357326	5.320679150687352	-6.918578888724221	-0.7174119773838818
-999.0	640.0	316.5900904383285	4.781785398059443	-6.29503365821305	-0.6969933784670669
-999.0	615.0	318.02565087945555	4.244732790523122	-5.735575167669151	-0.6873802050120501
-999.0	590.0	319.7135339579774	3.7607374111811427	-5.378425850139687	-0.6536222540670065
-999.0	565.0	321.68748265448056	3.3159133103158807	-5.282277011540173	-0.574334081345141
-999.0	540.0	323.7565584772097	2.884881458679839	-5.295128114355913	-0.4150493565532928
-999.0	515.0	325.8492181240797	2.452392119169237	-5.3661778277820815	-0.17270799775918033
-999.0	490.0	327.940891707408	2.0496068272325716	-5.333050102657722	0.03440494404899842
-999.0	465.0	329.98871028800625	1.673362673653495	-5.124184901184481	0.15250166455906697
-999.0	440.0	332.0095475000261	1.3557287087043108	-4.74344205872877	0.14375922439829722
-999.0	415.0	333.9753247912745	1.1032611595259767	-4.18985330147872	0.03265116975853166
-999.0	390.0	335.9115719424523	0.8987992160850106	-3.559679204887772	0.03245212336385281
-999.0	365.0	337.7770890144218	0.7363188203838146	-2.8930262892196135	0.2511133703921011
-999.0	340.0	339.52303457360216	0.5993348393175353	-2.2274586025211134	0.7152380537655993
-999.0	315.0	341.10987382573285	0.4847344224651674	-1.609081309371492	1.3824777437581173
-999.0	290.0	342.6051732516701	0.3659164875745793	-1.1212584108114048	2.03560599552261
-999.0	265.0	344.0662187821861	0.25593331174718165	-0.8188290794690406	2.5361830443894013
-999.0	240.0	345.5437613349082	0.1600834690862243	-0.7186923533678146	2.8164021891852142
-999.0	215.0	347.11059531407517	0.08578760404553741	-0.6948373847537739	2.903710693286521
-999.0	190.0	349.0509877361118	0.04325503576546922	-0.31696820788914293	2.832363940972007
-999.0	165.0	351.77090677277704	0.02174050697746371	0.9231096360418745	2.537720558554357
-999.0	140.0	356.1070732921334	0.009913889856802065	2.451702819930227	2.1718186764253824
-999.0	115.0	366.5072245422672	0.00540194761835867	3.2662446445889253	1.9032617039151232
-999.0	90.0	391.4754740838791	0.004733234002358403	4.1833842896753035	1.49687192373811
-999.0	65.0	439.83629954935657	0.003460468230251633	1.881435656878696	0.8065579639541154
-999.0	40.0	531.2151924772714	0.012892047729757116	-7.848532068067083	0.418096518019871
-999.0	15.0	722.1074085137011	0.06984382126894259	-15.040963294770929	0.28075371781310604
245.02777777777777	40	1003.448406982422	day	levels	pres0
-999.0	990.0	300.82092896959733	16.33833016289606	-2.5058253622717253	-0.31224118537371803
-999.0	965.0	301.9601530066783	15.592559274037685	-4.185384832586459	-0.6871292379995042
-999.0	940.0	302.71912362487956	15.141175566779252	-5.00570486651525	-0.9719656527042225
-999.0	915.0	303.54552698292866	14.544321462843161	-5.605897429254305	-1.2750680949952682
-999.0	890.0	304.3675486174798	13.735497538248705	-6.131959557533251	-1.5503636721107488
-999.0	865.0	305.23958684302573	12.678867933485243	-6.621870607799943	-1.709246150983682
-999.0	840.0	306.2363761298197	11.511897563934317	-7.118254102600933	-1.7353318055470544
-999.0	815.0	307.41426968701035	10.25184660487703	-7.6484359794192756	-1.6299921949704244
-999.0	790.0	308.7520722365743	9.016948922475159	-8.11199243333604	-1.4034999238119927
-999.0	765.0	310.1466467717251	7.9617217779159315	-8.375470036930505	-1.1426164177711802
-999.0	740.0	311.48857117452155	7.139903142717128	-8.328065297338695	-0.9461636643442626
-999.0	715.0	312.7706012146082	6.498866767353463	-8.014391956064435	-0.8354996575663329
-999.0	690.0	314.0277608064961	5.901475225554555	-7.546990300549401	-0.754744464655708
-999.0	665.0	315.24379291741656	5.359322139951901	-6.915312883754571	-0.703113868004744
-999.0	640.0	316.54876594676296	4.816330562697503	-6.289666290415657	-0.6693413568867623
-999.0	615.0	317.9868789424513	4.274029980765437	-5.729074856307772	-0.6507409347428315
-999.0	590.0	319.67513972300617	3.785062046845744	-5.371922776434157	-0.6117639111148122
-999.0	565.0	321.64688333253383	3.335463254981563	-5.27739297085338	-0.5315490679608608
-999.0	540.0	323.71259541767745	2.900024737914397	-5.29400534149673	-0.373665788314425
-999.0	515.0	325.80157992056473	2.463926553726191	-5.371456505192644	-0.13504439840715643
-999.0	490.0	327.89299375948093	2.05897646910614	-5.346617196334725	0.06648879680367363
-999.0	465.0	329.9448323965226	1.6816563692357762	-5.146775225384357	0.1775384311874611
-999.0	440.0	331.9690180371701	1.3623168776432635	-4.770666911039077	0.16268644448782976
-999.0	415.0	333.93606880263445	1.1076150942179868	-4.21509963501658	0.0470866653550783
-999.0	390.0	335.87375044429956	0.9010430620776267	-3.5776271997226594	0.04270832935968774
-999.0	365.0	337.7419675584286	0.7367314674788046	-2.900098383178318	0.2573872647351686
-999.0	340.0	339.49182270701306	0.5993675164050524	-2.226091713375523	0.7189229392343109
-999.0	315.0	341.0841243466752	0.4854332293073332	-1.603476636277312	1.384435489442616
-999.0	290.0	342.5865784557067	0.36702311933040566	-1.1123743265867296	2.03325502607558
-999.0	265.0	344.05626475739933	0.2571340310904709	-0.8075434903303835	2.5284050048898146
-999.0	240.0	345.54048721808823	0.16089694740043706	-0.7082574784755739	2.8101229752103536
-999.0	215.0	347.1043377706727	0.0861991998636058	-0.683529306368697	2.905621362063618
-999.0	190.0	349.02868320116795	0.04338414669036858	-0.29200467930900087	2.8382920075414844
-999.0	165.0	351.7261925577125	0.02169650665794811	0.9738813108867952	2.5364918182500484
-999.0	140.0	356.0510123225108	0.009892090973961692	2.5034504595729876	2.1702907588746774
-999.0	115.0	366.4759146088057	0.005404231210963593	3.2813429279459756	1.9204432917965666
-999.0	90.0	391.5144504670745	0.004747685368379778	4.182346585558516	1.5165619121657343
-999.0	65.0	439.92730653996927	0.0034498856997945285	1.8851021415657443	0.811866119835104
-999.0	40.0	531.2738349552945	0.012927654468350928	-7.800854405926353	0.4098493402202927
-999.0	15.0	722.1097325303017	0.06983307161264952	-14.98710053496893	0.27727333504590196
245.04166666666666	40	1003.615740966797	day	levels	pres0
-999.0	990.0	300.77146496555133	16.323660882314037	-2.5206122527519774	-0.3411314288775122
-999.0	965.0	301.95183546679203	15.576130008697499	-4.2156595301115845	-0.723525806516406
-999.0	940.0	302.72043616212824	15.119146601359036	-5.04245226780574	-1.0162626326084157
-999.0	915.0	303.5417199595485	14.51816628774006	-5.641935650507618	-1.326906038324047
-999.0	890.0	304.3551768565736	13.715455913543707	-6.163627338409431	-1.6070803572734345
-999.0	865.0	305.21923883905885	12.676183064778675	-6.650305358568835	-1.7676826139291366
-999.0	840.0	306.20756517804807	11.530253410339402	-7.144639666875214	-1.7922215640545247
-999.0	815.0	307.3740887340584	10.290576489766496	-7.670156987508153	-1.684065341949511
-999.0	790.0	308.7017621184681	9.066792488098194	-8.1275576512019	-1.455033833781938
-999.0	765.0	310.09062963765473	8.013064384460487	-8.38489660422009	-1.1886900431477196
-999.0	740.0	311.43164538403846	7.188712016741465	-8.332958968480446	-0.9810243075093287
-999.0	715.0	312.71603617833443	6.544257346789073	-8.016500397523254	-0.8542511150241476
-999.0	690.0	313.97698686462206	5.9435049215952835	-7.546416070063912	-0.7568217523396464
-999.0	665.0	315.1982106991003	5.3979651292165345	-6.9120468787848885	-0.6888157586256932
-999.0	640.0	316.5074414551973	4.850875727335631	-6.284298922618216	-0.6416893353064946
-999.0	615.0	317.94810700544696	4.303327171007807	-5.722574544946336	-0.6141016644736068
-999.0	590.0	319.636745488035	3.80938668251039	-5.365419702728576	-0.5699055681625844
-999.0	565.0	321.6062840105869	3.35501319964728	-5.272508930166556	-0.48876405457653777
-999.0	540.0	323.66863235814515	2.915168017148981	-5.292882568637531	-0.3322822200755095
-999.0	515.0	325.7539417170496	2.4754609882831637	-5.3767351826032055	-0.09738079905508208
-999.0	490.0	327.8450958115539	2.0683461109797197	-5.360184290011728	0.09857264955840217
-999.0	465.0	329.9009545050389	1.6899500648180654	-5.169365549584229	0.20257519781591266
-999.0	440.0	331.92848857431414	1.3689050465822221	-4.797891763349367	0.18161366457742462
-999.0	415.0	333.89681281399436	1.1119690289100013	-4.240345968554402	0.061522160951692745
-999.0	390.0	335.8359289461468	0.9032869080702469	-3.595575194557484	0.052964535355595255
-999.0	365.0	337.70684610243546	0.737144114573797	-2.907170477136941	0.2636611590783081
-999.0	340.0	339.4606108404238	0.5994001934925721	-2.2247248242298485	0.7226078247030783
-999.0	315.0	341.0583748676175	0.48613203614950284	-1.5978719631830636	1.3863932351271364
-999.0	290.0	342.5679836597432	0.3681297510862361	-1.10349024236201	2.030904056628535
-999.0	265.0	344.04631073261254	0.25833475043376386	-0.796257901191709	2.5206269653901874
-999.0	240.0	345.53721310126826	0.16171042571465244	-0.6978226035833426	2.803843761235455
-999.0	215.0	347.09808022727015	0.0866107956816757	-0.6722212279836458	2.907532030840702
-999.0	190.0	349.0063786662241	0.04351325761526835	-0.26704115072886747	2.8442200741109693
-999.0	165.0	351.6814783426479	0.02165250633843238	1.0246529857317759	2.535263077945759
-999.0	140.0	355.9949513528881	0.00987029209112125	2.5551980992158545	2.1687628413240225
-999.0	115.0	366.4446046753442	0.005406514803568527	3.2964412113030965	1.937624879678119
-999.0	90.0	391.55342685027017	0.004762136734401205	4.181308881441769	1.5362519005934723
-999.0	65.0	440.0183135305822	0.0034393031693374077	1.8887686262528318	0.8171742757161758
-999.0	40.0	531.3324774333176	0.012963261206944802	-7.753176743785498	0.40160216242077573
-999.0	15.0	722.1120565469023	0.06982232195635638	-14.933237775166786	0.27379295227877726
245.05555555555554	40	1003.7830749511719	day	levels	pres0
-999.0	990.0	300.7220009615055	16.308991601732053	-2.535399143232245	-0.37002167238127365
-999.0	965.0	301.9435179269059	15.559700743357352	-4.245934227636707	-0.7599223750332744
-999.0	940.0	302.7217486993768	15.097117635938867	-5.079199669096202	-1.0605596125125634
-999.0	915.0	303.5379129361684	14.492011112636998	-5.67797387176089	-1.3787439816527638
-999.0	890.0	304.3428050956676	13.695414288838698	-6.195295119285575	-1.663797042436043
-999.0	865.0	305.198890835092	12.67349819607203	-6.678740109337694	-1.826119076874492
-999.0	840.0	306.1787542262764	11.548609256744351	-7.171025231149454	-1.8491113225618656
-999.0	815.0	307.33390778110646	10.329306374655786	-7.691877995596988	-1.7381384889284353
-999.0	790.0	308.65145200036204	9.116636053721066	-8.14312286906772	-1.5065677437516887
-999.0	765.0	310.0346125035844	8.064406991004907	-8.394323171509637	-1.234763668524048
-999.0	740.0	311.37471959355554	7.237520890765689	-8.337852639622163	-1.0158849506741898
-999.0	715.0	312.66147114206086	6.589647926224575	-8.018608838982063	-0.873002572481784
-999.0	690.0	313.9262129227483	5.985534617635915	-7.54584183957843	-0.7588990400234461
-999.0	665.0	315.1526284807842	5.436608118481085	-6.908780873815237	-0.6745176492465556
-999.0	640.0	316.4661169636318	4.88542089197369	-6.278931554820825	-0.6140373137261902
-999.0	615.0	317.90933506844266	4.332624361250124	-5.716074233584956	-0.5774623942043882
-999.0	590.0	319.5983512530637	3.8337113181749913	-5.358916629023044	-0.52804722521039
-999.0	565.0	321.5656846886401	3.3745631443129613	-5.267624889479765	-0.4459790411922576
-999.0	540.0	323.62466929861296	2.9303112963835387	-5.291759795778348	-0.29089865183664165
-999.0	515.0	325.7063035135346	2.4869954228401188	-5.382013860013768	-0.05971719970305809
-999.0	490.0	327.7971978636268	2.0777157528532877	-5.373751383688731	0.13065650231307727
-999.0	465.0	329.8570766135552	1.698243760400347	-5.191955873784106	0.22761196444430676
-999.0	440.0	331.88795911145803	1.3754932155211752	-4.825116615659674	0.20054088466695702
-999.0	415.0	333.8575568253544	1.1163229636020113	-4.26559230209226	0.0759576565482395
-999.0	390.0	335.7981074479941	0.905530754062863	-3.6135231893923714	0.06322074135143002
-999.0	365.0	337.6717246464423	0.7375567616687869	-2.914242571095645	0.2699350534213756
-999.0	340.0	339.4293989738346	0.5994328705800893	-2.223357935084258	0.72629271017179
-999.0	315.0	341.03262538855984	0.4868308429916687	-1.5922672900888835	1.3883509808116352
-999.0	290.0	342.5493888637799	0.3692363828420626	-1.0946061581373345	2.0285530871815043
-999.0	265.0	344.03635670782575	0.2595354697770531	-0.7849723120530521	2.5128489258905997
-999.0	240.0	345.5339389844484	0.16252390402886518	-0.6873877286911024	2.7975645472605937
-999.0	215.0	347.09182268386775	0.08702239149974411	-0.6609131495985688	2.9094426996177987
-999.0	190.0	348.98407413128024	0.04364236854016772	-0.24207762214872564	2.8501481406804468
-999.0	165.0	351.6367641275833	0.02160850601891678	1.0754246605766968	2.53403433764145
-999.0	140.0	355.93889038326546	0.009848493208280877	2.6069457388586157	2.1672349237733175
-999.0	115.0	366.41329474188285	0.005408798396173449	3.3115394946601464	1.9548064675595633
-999.0	90.0	391.5924032334657	0.00477658810042258	4.1802711773249825	1.555941889021097
-999.0	65.0	440.1093205211949	0.0034287206388803034	1.892435110939881	0.8224824315971645
-999.0	40.0	531.391119911341	0.012998867945538615	-7.705499081644769	0.3933549846211975
-999.0	15.0	722.114380563503	0.0698115723000633	-14.879375015364786	0.2703125695115731
245.06944444444446	40	1003.9504089355472	day	levels	pres0
-999.0	990.0	300.6725369574595	16.294322321150027	-2.550186033712488	-0.3989119158850991
-999.0	965.0	301.93520038701973	15.54327147801716	-4.27620892516182	-0.7963189435502142
-999.0	940.0	302.72306123662537	15.075088670518657	-5.115947070386679	-1.1048565924167884
-999.0	915.0	303.5341059127883	14.465855937533902	-5.714012093014195	-1.4305819249815672
-999.0	890.0	304.33043333476144	13.675372664133716	-6.226962900161753	-1.720513727598747
-999.0	865.0	305.17854283112524	12.670813327365472	-6.707174860106583	-1.884555539819959
-999.0	840.0	306.1499432745048	11.566965103149448	-7.197410795423727	-1.9060010810693444
-999.0	815.0	307.2937268281545	10.368036259545264	-7.71359900368585	-1.792211635907533
-999.0	790.0	308.60114188225583	9.166479619344122	-8.158688086933562	-1.5581016537216472
-999.0	765.0	309.97859536951387	8.115749597549478	-8.403749738799203	-1.2808372939006034
-999.0	740.0	311.31779380307256	7.286329764790036	-8.342746310763886	-1.050745593839274
-999.0	715.0	312.6069061057871	6.63503850566019	-8.020717280440852	-0.891754029939619
-999.0	690.0	313.87543898087426	6.027564313676646	-7.545267609092912	-0.7609763277074099
-999.0	665.0	315.1070462624679	5.475251107745723	-6.905514868845525	-0.6602195398675382
-999.0	640.0	316.42479247206614	4.9199660566118215	-6.273564187023355	-0.5863852921459642
-999.0	615.0	317.87056313143836	4.361921551492492	-5.709573922223494	-0.5408231239352126
-999.0	590.0	319.5599570180924	3.8580359538396283	-5.352413555317434	-0.4861888822582151
-999.0	565.0	321.52508536669325	3.394113088978664	-5.262740848792902	-0.4031940278079865
-999.0	540.0	323.5807062390806	2.945454575618109	-5.290637022919106	-0.24951508359777128
-999.0	515.0	325.6586653100195	2.4985298573970796	-5.3872925374242815	-0.022053600351015265
-999.0	490.0	327.7492999156997	2.0870853947268593	-5.387318477365689	0.16274035506778975
-999.0	465.0	329.81319872207143	1.7065374559826334	-5.214546197983942	0.2526487310727564
-999.0	440.0	331.84742964860203	1.3820813844601332	-4.852341467969936	0.21946810475655645
-999.0	415.0	333.8183008367144	1.1206768982940272	-4.290838635630065	0.0903931521448566
-999.0	390.0	335.7602859498413	0.9077746000554845	-3.631471184227186	0.07347694734733845
-999.0	365.0	337.6366031904492	0.7379694087637806	-2.9213146650542616	0.2762089477645184
-999.0	340.0	339.3981871072454	0.5994655476676105	-2.2219910459385774	0.7299775956405689
-999.0	315.0	341.00687590950207	0.4875296498338395	-1.586662616994628	1.3903087264961806
-999.0	290.0	342.5307940678164	0.37034301459789415	-1.0857220739126077	2.026202117734496
-999.0	265.0	344.0264026830389	0.2607361891203468	-0.7736867229143701	2.5050708863910165
-999.0	240.0	345.5306648676284	0.16333738234308115	-0.6769528537988649	2.7912853332857375
-999.0	215.0	347.0855651404652	0.08743398731781417	-0.6496050712135135	2.9113533683949155
-999.0	190.0	348.9617695963364	0.04377147946506749	-0.21711409356859013	2.856076207249955
-999.0	165.0	351.5920499125187	0.02156450569940109	1.1261963354216862	2.5328055973371844
-999.0	140.0	355.88282941364275	0.009826694325440453	2.6586933785015	2.1657070062226964
-999.0	115.0	366.3819848084214	0.005411081988778383	3.3266377780172753	1.9719880554411546
-999.0	90.0	391.63137961666126	0.004791039466443996	4.179233473208218	1.5756318774488585
-999.0	65.0	440.20032751180776	0.003418138108423183	1.8961015956269303	0.8277905874782294
-999.0	40.0	531.4497623893641	0.013034474684132482	-7.657821419503932	0.38510780682167367
-999.0	15.0	722.1167045801036	0.06980082264377008	-14.825512255562645	0.26683218674444753
245.08333333333334	40	1004.1177429199221	day	levels	pres0
-999.0	990.0	300.62307295341367	16.27965304056805	-2.5649729241927726	-0.4278021593888649
-999.0	965.0	301.9268828471336	15.526842212677021	-4.306483622686969	-0.8327155120670875
-999.0	940.0	302.724373773874	15.053059705098491	-5.152694471677164	-1.1491535723209407
-999.0	915.0	303.5302988894082	14.439700762430837	-5.7500503142674875	-1.4824198683102885
-999.0	890.0	304.31806157385535	13.6553310394287	-6.258630681037909	-1.7772304127613603
-999.0	865.0	305.1581948271584	12.668128458658819	-6.735609610875451	-1.94299200276532
-999.0	840.0	306.12113232273316	11.585320949554388	-7.223796359697977	-1.9628908395766929
-999.0	815.0	307.2535458752026	10.406766144434545	-7.735320011774697	-1.8462847828864626
-999.0	790.0	308.5508317641497	9.216323184966981	-8.174253304799393	-1.609635563691401
-999.0	765.0	309.92257823544355	8.167092204093892	-8.413176306088758	-1.326910919276933
-999.0	740.0	311.2608680125896	7.335138638814256	-8.347639981905612	-1.0856062370041364
-999.0	715.0	312.55234106951355	6.680429085095691	-8.022825721899665	-0.9105054873972561
-999.0	690.0	313.8246650390004	6.069594009717275	-7.544693378607436	-0.7630536153912095
-999.0	665.0	315.06146404415176	5.51389409701027	-6.902248863875878	-0.6459214304883998
-999.0	640.0	316.38346798050065	4.954511221249877	-6.268196819225965	-0.5587332705656574
-999.0	615.0	317.83179119443406	4.3912187417348045	-5.703073610862115	-0.5041838536659898
-999.0	590.0	319.52156278312117	3.8823605895042266	-5.345910481611904	-0.4443305393060144
-999.0	565.0	321.48448604474635	3.413663033644345	-5.257856808106113	-0.3604090144236975
-999.0	540.0	323.53674317954835	2.960597854852666	-5.289514250059925	-0.2081315153588943
-999.0	515.0	325.6110271065044	2.5100642919540346	-5.39257121483485	0.015609999001014882
-999.0	490.0	327.70140196777265	2.096455036600428	-5.400885571042699	0.19482420782246734
-999.0	465.0	329.7693208305878	1.7148311515649162	-5.237136522183823	0.27768549770114925
-999.0	440.0	331.8069001857461	1.3886695533990874	-4.8795663202802455	0.23839532484608603
-999.0	415.0	333.77904484807436	1.1250308329860377	-4.316084969167923	0.1048286477414005
-999.0	390.0	335.72246445168855	0.9100184460481013	-3.6494191790620665	0.08373315334316908
-999.0	365.0	337.60148173445594	0.7383820558587708	-2.928386759012957	0.2824828421075777
-999.0	340.0	339.3669752406562	0.5994982247551275	-2.2206241567929768	0.7336624811092698
-999.0	315.0	340.9811264304445	0.48822845667600484	-1.58105794390044	1.3922664721806681
-999.0	290.0	342.51219927185286	0.3714496463537202	-1.0768379896879263	2.023851148287456
-999.0	265.0	344.016448658252	0.261936908463636	-0.7624011337757107	2.497292846891422
-999.0	240.0	345.5273907508085	0.16415086065729392	-0.6665179789066281	2.7850061193108777
-999.0	215.0	347.07930759706267	0.08784558313588273	-0.638296992828449	2.9132640371720226
-999.0	190.0	348.9394650613926	0.043900590389966986	-0.19215056498846927	2.8620042738194456
-999.0	165.0	351.5473356974541	0.02152050537988553	1.17696801026658	2.5315768570328814
-999.0	140.0	355.8267684440201	0.00980489544260008	2.710441018144241	2.164179088671991
-999.0	115.0	366.35067487496	0.005413365581383304	3.341736061374324	1.9891696433226032
-999.0	90.0	391.67035599985684	0.004805490832465373	4.178195769091442	1.5953218658764934
-999.0	65.0	440.29133450242057	0.0034075555779660774	1.8997680803139858	0.833098743359227
-999.0	40.0	531.5084048673871	0.013070081422726294	-7.610143757363197	0.37686062902209383
-999.0	15.0	722.1190285967043	0.06979007298747696	-14.77164949576064	0.26335180397723895
245.09722222222223	40	1004.2850769042971	day	levels	pres0
-999.0	990.0	300.57360894936767	16.264983759986027	-2.579759814673008	-0.4566924028926547
-999.0	965.0	301.9185653072474	15.510412947336828	-4.336758320212068	-0.8691120805839843
-999.0	940.0	302.72568631112256	15.031030739678272	-5.189441872967631	-1.1934505522251293
-999.0	915.0	303.526491866028	14.41354558732774	-5.786088535520781	-1.534257811639063
-999.0	890.0	304.3056898129493	13.635289414723708	-6.290298461914077	-1.8339470979240418
-999.0	865.0	305.1378468231915	12.66544358995226	-6.764044361644333	-2.0014284657107684
-999.0	840.0	306.09232137096143	11.603676795959483	-7.250181923972248	-2.019780598084156
-999.0	815.0	307.21336492225066	10.44549602932402	-7.757041019863562	-1.9003579298655442
-999.0	790.0	308.5005216460436	9.26616675059003	-8.189818522665243	-1.6611694736613423
-999.0	765.0	309.86656110137307	8.21843481063845	-8.422602873378334	-1.3729845446534705
-999.0	740.0	311.20394222210655	7.3839475128385965	-8.352533653047352	-1.1204668801692017
-999.0	715.0	312.49777603323986	6.725819664531302	-8.02493416335848	-0.92925694485507
-999.0	690.0	313.7738910971264	6.111623705758007	-7.544119148121943	-0.7651309030751478
-999.0	665.0	315.01588182583555	5.552537086274905	-6.898982858906191	-0.6316233211093498
-999.0	640.0	316.34214348893505	4.9890563858880075	-6.26282945142852	-0.5310812489853919
-999.0	615.0	317.79301925742976	4.420515931977179	-5.696573299500678	-0.46754458339676946
-999.0	590.0	319.48316854814993	3.906685225168875	-5.339407407906321	-0.40247219635379283
-999.0	565.0	321.44388672279945	3.433212978310064	-5.252972767419287	-0.31762400103938343
-999.0	540.0	323.4927801200161	2.975741134087251	-5.288391477200724	-0.1667479471199881
-999.0	515.0	325.56338890298935	2.521598726511007	-5.397849892245405	0.05327359835308304
-999.0	490.0	327.65350401984546	2.105824678474007	-5.414452664719696	0.2269080605771934
-999.0	465.0	329.72544293910414	1.7231248471472043	-5.259726846383689	0.30272226432960203
-999.0	440.0	331.76637072289003	1.3952577223380442	-4.906791172590532	0.2573225449356837
-999.0	415.0	333.73978885943427	1.1293847676780517	-4.341331302705745	0.1192641433380177
-999.0	390.0	335.68464295353584	0.9122622920407206	-3.667367173896897	0.09398935933908084
-999.0	365.0	337.56636027846287	0.7387947029537633	-2.9354588529715895	0.2887567364507255
-999.0	340.0	339.33576337406697	0.5995309018426475	-2.219257267647312	0.7373473665780479
-999.0	315.0	340.9553769513867	0.48892726351817484	-1.5754532708061995	1.3942242178652
-999.0	290.0	342.4936044758894	0.3725562781095511	-1.0679539054632126	2.021500178840421
-999.0	265.0	344.00649463346525	0.26313762780692906	-0.7511155446370391	2.489514807391802
-999.0	240.0	345.5241166339885	0.1649643389715093	-0.6560831040143937	2.7787269053359784
-999.0	215.0	347.0730500536602	0.0882571789539525	-0.6269889144433854	2.915174705949097
-999.0	190.0	348.9171605264487	0.04402970131486662	-0.16718703640831512	2.8679323403889176
-999.0	165.0	351.50262148238954	0.021476505060369758	1.227739685111588	2.530348116728586
-999.0	140.0	355.77070747439745	0.009783096559759636	2.762188657787128	2.162651171121337
-999.0	115.0	366.31936494149863	0.0054156491739882386	3.356834344731446	2.0063512312041505
-999.0	90.0	391.70933238305247	0.004819942198486798	4.177158064974684	1.6150118543042211
-999.0	65.0	440.3823414930335	0.0033969730475089583	1.903434565001067	0.8384068992402898
-999.0	40.0	531.5670473454103	0.013105688161320172	-7.562466095222349	0.3686134512225783
-999.0	15.0	722.1213526133051	0.06977932333118385	-14.717786735958502	0.25987142121011864
245.11111111111111	40	1004.452410888672	day	levels	pres0
-999.0	990.0	300.5241449453219	16.250314479404047	-2.5945467051532747	-0.48558264639641635
-999.0	965.0	301.9102477673612	15.493983681996683	-4.3670330177371905	-0.9055086491008525
-999.0	940.0	302.7269988483712	15.009001774258103	-5.226189274258092	-1.237747532129277
-999.0	915.0	303.52268484264795	14.387390412224674	-5.822126756774052	-1.58609575496778
-999.0	890.0	304.2933180520431	13.615247790018703	-6.3219662427902215	-1.8906637830866497
-999.0	865.0	305.11749881922464	12.662758721245615	-6.792479112413193	-2.059864928656124
-999.0	840.0	306.0635104191898	11.622032642364433	-7.276567488246488	-2.0766703565914972
-999.0	815.0	307.17318396929875	10.484225914213312	-7.778762027952397	-1.954431076844469
-999.0	790.0	308.4502115279375	9.316010316212902	-8.205383740531062	-1.7127033836310934
-999.0	765.0	309.81054396730275	8.26977741718287	-8.43202944066788	-1.4190581700297988
-999.0	740.0	311.1470164316236	7.432756386862823	-8.357427324189072	-1.1553275233340625
-999.0	715.0	312.44321099696634	6.7712102439668085	-8.027042604817284	-0.9480084023127066
-999.0	690.0	313.7231171552526	6.153653401798639	-7.54354491763646	-0.7672081907589474
-999.0	665.0	314.97029960751934	5.591180075539455	-6.89571685393654	-0.6173252117302122
-999.0	640.0	316.30081899736956	5.023601550526068	-6.257462083631127	-0.5034292274050874
-999.0	615.0	317.75424732042546	4.449813122219494	-5.690072988139298	-0.43090531312755087
-999.0	590.0	319.44477431317875	3.9310098608334747	-5.33290433420079	-0.36061385340159857
-999.0	565.0	321.4032874008526	3.452762922975746	-5.248088726732495	-0.2748389876551033
-999.0	540.0	323.4488170604839	2.9908844133218095	-5.287268704341541	-0.12536437888112018
-999.0	515.0	325.5157506994744	2.5331331610679624	-5.403128569655967	0.09093719770510691
-999.0	490.0	327.60560607191854	2.1151943203475754	-5.428019758396698	0.2589919133318685
-999.0	465.0	329.68156504762044	1.731418542729486	-5.282317170583564	0.32775903095799613
-999.0	440.0	331.72584126003403	1.401845891276997	-4.934016024900838	0.2762497650252161
-999.0	415.0	333.7005328707943	1.1337387023700614	-4.366577636243606	0.1336996389345644
-999.0	390.0	335.6468214553831	0.9145061380333367	-3.685315168731784	0.10424556533491587
-999.0	365.0	337.5312388224697	0.7392073500487529	-2.9425309469302943	0.295030630793793
-999.0	340.0	339.3045515074778	0.5995635789301647	-2.217890378501722	0.7410322520467597
-999.0	315.0	340.929627472329	0.4896260703603409	-1.5698485977120198	1.3961819635496986
-999.0	290.0	342.475009679926	0.37366290986537753	-1.0590698212385374	2.0191492093933907
-999.0	265.0	343.99654060867846	0.2643383471502183	-0.7398299554983823	2.4817367678922153
-999.0	240.0	345.52084251716855	0.16577781728572208	-0.6456482291221532	2.772447691361118
-999.0	215.0	347.0667925102577	0.0886687747720209	-0.6156808360583081	2.9170853747261942
-999.0	190.0	348.8948559915049	0.044158812239765984	-0.14222350782817283	2.873860406958395
-999.0	165.0	351.45790726732497	0.021432504740854154	1.2785113599565086	2.5291193764242776
-999.0	140.0	355.7146465047748	0.00976129767691926	2.8139362974298887	2.1611232535706315
-999.0	115.0	366.28805500803713	0.005417932766593161	3.3719326280884965	2.0235328190855943
-999.0	90.0	391.74830876624793	0.004834393564508175	4.1761203608578965	1.6347018427318458
-999.0	65.0	440.47334848364613	0.003386390517051853	1.9071010496881156	0.8437150551212784
-999.0	40.0	531.6256898234334	0.013141294899913987	-7.514788433081618	0.36036627342300015
-999.0	15.0	722.1236766299057	0.06976857367489077	-14.6639239761565	0.25639103844291455
245.125	40	1004.6197448730469	day	levels	pres0
-999.0	990.0	300.4746809412759	16.235645198822027	-2.609333595633507	-0.5144728899002076
-999.0	965.0	301.90193022747496	15.477554416656497	-4.397307715262286	-0.9419052176177501
-999.0	940.0	302.72831138561975	14.986972808837892	-5.262936675548554	-1.2820445120334627
-999.0	915.0	303.51887781926786	14.361235237121583	-5.858164978027344	-1.6379336982965471
-999.0	890.0	304.280946291137	13.595206165313721	-6.353634023666382	-1.9473804682493208
-999.0	865.0	305.0971508152578	12.660073852539064	-6.820913863182068	-2.1183013916015625
-999.0	840.0	306.0346994674182	11.640388488769531	-7.302953052520752	-2.133560115098953
-999.0	815.0	307.1330030163467	10.522955799102785	-7.8004830360412605	-2.0085042238235475
-999.0	790.0	308.3999014098313	9.365853881835937	-8.220948958396912	-1.7642372936010362
-999.0	765.0	309.7545268332323	8.321120023727419	-8.44145600795746	-1.4651317954063416
-999.0	740.0	311.0900906411406	7.481565260887146	-8.362320995330812	-1.1901881664991378
-999.0	715.0	312.38864596069266	6.816600823402405	-8.029151046276095	-0.9667598597705365
-999.0	690.0	313.6723432133786	6.195683097839355	-7.542970687150955	-0.7692854784429074
-999.0	665.0	314.9247173892032	5.629823064804078	-6.8924508489668375	-0.6030271023511886
-999.0	640.0	316.259494505804	5.058146715164185	-6.252094715833664	-0.475777205824852
-999.0	615.0	317.71547538342116	4.479110312461853	-5.68357267677784	-0.3942660428583623
-999.0	590.0	319.40638007820746	3.9553344964981085	-5.326401260495186	-0.3187555104494095
-999.0	565.0	321.36268807890576	3.47231286764145	-5.243204686045647	-0.2320539742708206
-999.0	540.0	323.4048540009516	3.0060276925563816	-5.286145931482316	-0.08398081064224247
-999.0	515.0	325.4681124959592	2.544667595624924	-5.4084072470664974	0.1286007970571518
-999.0	490.0	327.5577081239913	2.124563962221146	-5.44158685207367	0.29107576608657837
-999.0	465.0	329.63768715613674	1.7397122383117676	-5.304907494783403	0.35279579758644103
-999.0	440.0	331.68531179717803	1.40843406021595	-4.961240877211094	0.2951769851148129
-999.0	415.0	333.6612768821542	1.1380926370620725	-4.3918239697814	0.148135134531185
-999.0	390.0	335.6089999572303	0.9167499840259554	-3.70326316356659	0.11450177133083346
-999.0	365.0	337.49611736647654	0.7396199971437455	-2.949603040888906	0.30130452513694767
-999.0	340.0	339.2733396408886	0.599596256017685	-2.216523489356041	0.7447171375155448
-999.0	315.0	340.9038779932713	0.49032487720251094	-1.5642439246177673	1.3981397092342378
-999.0	290.0	342.4564148839625	0.37476954162120824	-1.0501857370138166	2.0167982399463655
-999.0	265.0	343.98658658389155	0.2655390664935112	-0.7285443663597108	2.4739587283926086
-999.0	240.0	345.5175684003486	0.1665912955999375	-0.6352133542299274	2.7661684773862367
-999.0	215.0	347.0605349668552	0.08908037059009077	-0.6043727576732632	2.918996043503285
-999.0	190.0	348.872551456561	0.044287923164665705	-0.11725997924804676	2.8797884735278787
-999.0	165.0	351.4131930522604	0.021388504421338442	1.329283034801483	2.5278906361199915
-999.0	140.0	355.65858553515216	0.009739498794078828	2.8656839370727543	2.1595953360199927
-999.0	115.0	366.25674507457575	0.005420216359198094	3.387030911445618	2.0407144069671634
-999.0	90.0	391.7872851494435	0.004848844930529595	4.175082656741143	1.654391831159592
-999.0	65.0	440.56435547425906	0.0033758079865947367	1.910767534375191	0.84902321100235
-999.0	40.0	531.6843323014566	0.013176901638507842	-7.4671107709407805	0.3521190956234932
-999.0	15.0	722.1260006465064	0.0697578240185976	-14.610061216354373	0.25291065567580523
245.13888888888889	40	1004.4970275878906	day	levels	pres0
-999.0	990.0	300.42520605533264	16.21948276095918	-2.6240148067474154	-0.5434769606424792
-999.0	965.0	301.89347772153656	15.460484419928639	-4.4276915209781595	-0.9782653471662014
-999.0	940.0	302.7295207283804	14.963964483473019	-5.299580847885866	-1.3261843529012578
-999.0	915.0	303.5149118510965	14.334046618143706	-5.893675059080126	-1.6895028712021138
-999.0	890.0	304.2685622604842	13.574626170264366	-6.384305678473581	-2.0036532832516776
-999.0	865.0	305.07677913150593	12.656321260664242	-6.84822099208832	-2.1761559920178826
-999.0	840.0	306.0059120382821	11.655878119998576	-7.328349150551697	-2.1897610882918492
-999.0	815.0	307.0929518405643	10.556524255540712	-7.821326573689789	-2.061836211880113
-999.0	790.0	308.3496979278337	9.409311776691082	-8.235802623960721	-1.815009741154065
-999.0	765.0	309.6986312296463	8.366152005725485	-8.450591890017206	-1.5104239700363034
-999.0	740.0	311.03328532304624	7.524607687526316	-8.367229323916975	-1.2243100903101396
-999.0	715.0	312.33417907438394	6.8573167800903665	-8.031316378381518	-0.9849124193192416
-999.0	690.0	313.6217046174099	6.233958400620385	-7.542425396707311	-0.7709360139238273
-999.0	665.0	314.87918546346214	5.66553744739959	-6.889087727500306	-0.5885456483397784
-999.0	640.0	316.2182331868097	5.090353780322625	-6.246540061632756	-0.4480927073293637
-999.0	615.0	317.6767279917821	4.506478153334739	-5.676829199492892	-0.35764953593415094
-999.0	590.0	319.3680102871137	3.9779554499520295	-5.319644218683206	-0.27688473131922575
-999.0	565.0	321.3221011310284	3.4902757671144347	-5.23808105521729	-0.18911356594828155
-999.0	540.0	323.3608634450474	3.019732848803206	-5.284847173425863	-0.04237915641732051
-999.0	515.0	325.4204738825721	2.554971680376266	-5.413629971610156	0.166487966312305
-999.0	490.0	327.5098496714688	2.132849227719836	-5.455238335000125	0.3233412583669134
-999.0	465.0	329.5938527315085	1.7470897406339632	-5.327750770830422	0.37789208043575667
-999.0	440.0	331.644795624779	1.4143384837441957	-4.9887451632155	0.3141244442305917
-999.0	415.0	333.6220200216142	1.1420176469617418	-4.417229297757112	0.16262284082674458
-999.0	390.0	335.5712368132605	0.9187901063097852	-3.721271851989917	0.1248057057460548
-999.0	365.0	337.4609968149587	0.7399909064173709	-2.9566682070493258	0.30758070747061916
-999.0	340.0	339.24218707691506	0.5996135196752033	-2.2151124561825974	0.7483731120825186
-999.0	315.0	340.8781282783736	0.4909763415654519	-1.5585875219768621	1.4000747940606755
-999.0	290.0	342.43777179233666	0.3758340216345275	-1.0412907330526056	2.0144645187589907
-999.0	265.0	343.9764856261723	0.266719152198899	-0.7173048377864842	2.4662684287668872
-999.0	240.0	345.51411050476446	0.16739472986923434	-0.6248543851905488	2.760031082895059
-999.0	215.0	347.054242966194	0.08948120267854859	-0.5931002371841176	2.921059532297978
-999.0	190.0	348.85030087431306	0.04440608432309509	-0.09223320351707609	2.8858449617193807
-999.0	165.0	351.36847826980335	0.0213441202934417	1.3801828344663196	2.526784355193385
-999.0	140.0	355.60250494164785	0.009716956017331921	2.9174930651983066	2.1582069688373453
-999.0	115.0	366.2253313491944	0.005420925421640281	3.402132809162171	2.0579245633549728
-999.0	90.0	391.8263934318422	0.0048619945352483315	4.174045060078318	1.6740832669867949
-999.0	65.0	440.65533692055675	0.0033640294749703644	1.9144337760077708	0.8543316192097509
-999.0	40.0	531.7430870570272	0.013214792466412007	-7.419431208901892	0.3438721858379272
-999.0	15.0	722.1281771958392	0.06975625115964144	-14.556197094917243	0.24943011463883205
245.15277777777777	40	1004.3743103027346	day	levels	pres0
-999.0	990.0	300.3757311693895	16.20332032309639	-2.638696017861359	-0.5724810313847207
-999.0	965.0	301.8850252155981	15.443414423200826	-4.458075326694058	-1.0146254767146232
-999.0	940.0	302.7307300711411	14.940956158108188	-5.336225020223178	-1.3703241937690145
-999.0	915.0	303.5109458829252	14.30685799916586	-5.929185140132889	-1.7410720441076302
-999.0	890.0	304.2561782298314	13.554046175214987	-6.4149773332807625	-2.0599260982539715
-999.0	865.0	305.056407447754	12.652568668789336	-6.875528120994557	-2.2340105924341187
-999.0	840.0	305.9771246091461	11.671367751227478	-7.353745248582618	-2.245962061484631
-999.0	815.0	307.05290066478193	10.590092711978473	-7.842170111338289	-2.115168199936525
-999.0	790.0	308.2994944458364	9.45276967154607	-8.250656289524496	-1.8657821887069026
-999.0	765.0	309.64273562606047	8.411183987723438	-8.45972777207692	-1.555716144666051
-999.0	740.0	310.976480004952	7.567650114165393	-8.372137652503117	-1.2584320141209282
-999.0	715.0	312.27971218807545	6.898032736778243	-8.03348171048694	-1.0030649788677537
-999.0	690.0	313.5710660214412	6.272233703401338	-7.541880106263688	-0.7725865494045858
-999.0	665.0	314.8336535377212	5.7012518299950345	-6.885724606033828	-0.5740641943282532
-999.0	640.0	316.1769718678154	5.122560845481011	-6.24098540743192	-0.4204082088338049
-999.0	615.0	317.6379806001432	4.533845994207583	-5.670085722208023	-0.3210330290099081
-999.0	590.0	319.3296404960201	4.000576403405922	-5.312887176871299	-0.2350139521890351
-999.0	565.0	321.28151418315105	3.5082386665873986	-5.23295742438899	-0.14617315762574395
-999.0	540.0	323.31687288914327	3.033438005050018	-5.283548415369453	-0.0007775021924076031
-999.0	515.0	325.3728352691849	2.565275765127601	-5.418852696153848	0.2043751355674381
-999.0	490.0	327.4619912189463	2.1411344932185234	-5.468889817926611	0.3556067506472142
-999.0	465.0	329.5500183068802	1.754467242956158	-5.350594046877479	0.40298836328502197
-999.0	440.0	331.60427945237996	1.4202429072724416	-5.016249449219958	0.33307190334630643
-999.0	415.0	333.58276316107424	1.1459426568614088	-4.442634625732891	0.1771105471222303
-999.0	390.0	335.53347366929063	0.9208302285936131	-3.739280540413325	0.1351096401611939
-999.0	365.0	337.42587626344095	0.7403618156909938	-2.9637333732098385	0.3138568898042041
-999.0	340.0	339.21103451294175	0.5996307833327186	-2.2137014230092444	0.752029086649419
-999.0	315.0	340.852378563476	0.49162780592838884	-1.552931119336029	1.4020098788870732
-999.0	290.0	342.41912870071076	0.3768985016478428	-1.0323957290914385	2.0121307975716105
-999.0	265.0	343.9663846684529	0.2678992379042832	-0.7060653092132726	2.4585781291411846
-999.0	240.0	345.51065260918017	0.16819816413852862	-0.614495416151156	2.7538936884039025
-999.0	215.0	347.0479509655327	0.08988203476700496	-0.581827716694939	2.9231230210926786
-999.0	190.0	348.82805029206514	0.04452424548152414	-0.06720642778608898	2.8919014499108755
-999.0	165.0	351.3237634873463	0.02129973616554507	1.4310826341311023	2.525678074266757
-999.0	140.0	355.54642434814366	0.009694413240585072	2.9693021933237547	2.1568186016546314
-999.0	115.0	366.19391762381315	0.005421634484082461	3.417234706878654	2.0751347197426577
-999.0	90.0	391.86550171424085	0.0048751441399670255	4.17300746341546	1.6937747028138772
-999.0	65.0	440.74631836685444	0.003352250963346003	1.9181000176403231	0.859640027417069
-999.0	40.0	531.8018418125979	0.013252683294316118	-7.3717516468631095	0.33562527605228987
-999.0	15.0	722.1303537451721	0.06975467830068537	-14.502332973480248	0.2459495736017641
245.16666666666666	40	1004.251593017578	day	levels	pres0
-999.0	990.0	300.3262562834463	16.18715788523355	-2.653377228975288	-0.6014851021269955
-999.0	965.0	301.8765727096596	15.42634442647297	-4.488459132409961	-1.0509856062630782
-999.0	940.0	302.7319394139019	14.917947832743314	-5.372869192560519	-1.4144640346368174
-999.0	915.0	303.50697991475386	14.279669380187974	-5.964695221185693	-1.7926412170132087
-999.0	890.0	304.24379419917847	13.533466180165615	-6.445648988087979	-2.1161989132563424
-999.0	865.0	305.03603576400207	12.648816076914496	-6.902835249900825	-2.2918651928504543
-999.0	840.0	305.94833718000996	11.686857382456505	-7.379141346613578	-2.302163034677541
-999.0	815.0	307.0128494889994	10.623661168416392	-7.863013648986829	-2.1685001879930974
-999.0	790.0	308.2492909638388	9.496227566401208	-8.265509955088314	-1.916554636259933
-999.0	765.0	309.5868400224745	8.45621596972151	-8.468863654136678	-1.6010083192960085
-999.0	740.0	310.91967468685766	7.610692540804573	-8.37704598108929	-1.2925539379319204
-999.0	715.0	312.2252453017668	6.938748693466214	-8.035647042592378	-1.021217538416443
-999.0	690.0	313.5204274254725	6.310509006182377	-7.541334815820061	-0.7742370848854833
-999.0	665.0	314.78812161198016	5.736966212590555	-6.882361484567318	-0.5595827403168152
-999.0	640.0	316.13571054882095	5.154767910639462	-6.235430753231034	-0.39272371033828396
-999.0	615.0	317.5992332085042	4.561213835080479	-5.663342244923098	-0.2844165220856607
-999.0	590.0	319.2912707049263	4.023197356859855	-5.306130135059343	-0.19314317305881207
-999.0	565.0	321.24092723527355	3.5262015660603954	-5.2278337935606585	-0.103232749303164
-999.0	540.0	323.272882333239	3.0471431612968534	-5.28224965731303	0.04082415203255235
-999.0	515.0	325.32519665579775	2.5755798498789533	-5.424075420697536	0.24226230482262104
-999.0	490.0	327.41413276642373	2.1494197587172224	-5.482541300853098	0.38787224292756817
-999.0	465.0	329.50618388225183	1.7618447452783597	-5.3734373229245325	0.4280846461343444
-999.0	440.0	331.5637632799809	1.4261473308006922	-5.043753735224398	0.35201936246208343
-999.0	415.0	333.5435063005342	1.1498676667610805	-4.468039953708632	0.19159825341778378
-999.0	390.0	335.4957105253207	0.9228703508774443	-3.757289228836672	0.14541357457640505
-999.0	365.0	337.39075571192313	0.7407327249646192	-2.97079853937027	0.32013307213786063
-999.0	340.0	339.1798819489682	0.5996480469902364	-2.2122903898358066	0.7556850612163752
-999.0	315.0	340.82662884857837	0.49227927029132945	-1.5472747166951277	1.4039449637134924
-999.0	290.0	342.4004856090848	0.3779629816611618	-1.0235007251302275	2.0097970763842157
-999.0	265.0	343.9562837107336	0.2690793236096711	-0.6948257806400434	2.4508878295154415
-999.0	240.0	345.50719471359594	0.16900159840782558	-0.6041364471117725	2.7477562939127074
-999.0	215.0	347.0416589648715	0.09028286685546283	-0.5705551962057875	2.925186509887364
-999.0	190.0	348.80579970981705	0.04464240663995357	-0.04217965205511076	2.897957938102379
-999.0	165.0	351.27904870488914	0.021255352037648313	1.481982433795944	2.5245717933401464
-999.0	140.0	355.49034375463947	0.009671870463838156	3.0211113214493093	2.155430234471968
-999.0	115.0	366.16250389843174	0.005422343546524647	3.4323366045952057	2.0923448761304506
-999.0	90.0	391.9046099966397	0.004888293744685768	4.171969866752642	1.7134661386410721
-999.0	65.0	440.8372998131522	0.003340472451721625	1.921766259272915	0.8649484356244704
-999.0	40.0	531.8605965681686	0.013290574122220294	-7.324072084824204	0.3273783662667138
-999.0	15.0	722.1325302945046	0.06975310544172923	-14.448468852043108	0.2424690325647756
245.18055555555554	40	1004.1288757324219	day	levels	pres0
-999.0	990.0	300.27678139750316	16.170995447370753	-2.6680584400892315	-0.630489172869237
-999.0	965.0	301.8681202037212	15.409274429745157	-4.51884293812586	-1.0873457358115002
-999.0	940.0	302.7331487566626	14.894939507378483	-5.40951336489783	-1.4586038755045743
-999.0	915.0	303.50301394658254	14.252480761210132	-6.000205302238456	-1.8442103899187254
-999.0	890.0	304.23141016852566	13.512886185116237	-6.476320642895161	-2.1724717282586363
-999.0	865.0	305.01566408025025	12.64506348503959	-6.930142378807062	-2.349719793266691
-999.0	840.0	305.919549750874	11.702347013685408	-7.404537444644498	-2.3583640078703225
-999.0	815.0	306.9727983132171	10.657229624854153	-7.883857186635331	-2.2218321760495092
-999.0	790.0	308.1990874818414	9.5396854612562	-8.280363620652091	-1.9673270838127708
-999.0	765.0	309.5309444188886	8.501247951719462	-8.477999536196391	-1.6463004939257564
-999.0	740.0	310.86286936876337	7.65373496744365	-8.381954309675434	-1.326675861742709
-999.0	715.0	312.1707784154583	6.97946465015409	-8.0378123746978	-1.0393700979649552
-999.0	690.0	313.4697888295039	6.348784308963332	-7.54078952537644	-0.775887620366242
-999.0	665.0	314.7425896862392	5.772680595186002	-6.878998363100839	-0.5451012863052902
-999.0	640.0	316.0944492298268	5.186974975797848	-6.229876099030198	-0.36503921184272525
-999.0	615.0	317.56048581686525	4.588581675953324	-5.656598767638228	-0.24780001516141803
-999.0	590.0	319.25290091383255	4.045818310313748	-5.2993730932474366	-0.15127239392862174
-999.0	565.0	321.2003402873963	3.5441644655333597	-5.222710162732358	-0.060292340980626524
-999.0	540.0	323.2288917773349	3.060848317543666	-5.280950899256621	0.08242580625746532
-999.0	515.0	325.27755804241065	2.5858839346302886	-5.429298145241226	0.28014947407775415
-999.0	490.0	327.3662743139013	2.15770502421591	-5.496192783779584	0.4201377352078689
-999.0	465.0	329.4623494576236	1.7692222476005546	-5.396280598971593	0.45318092898360957
-999.0	440.0	331.52324710758194	1.4320517543289377	-5.071258021228855	0.37096682157779826
-999.0	415.0	333.5042494399942	1.1537926766607478	-4.493445281684412	0.20608595971326965
-999.0	390.0	335.4579473813509	0.9249104731612718	-3.775297917260081	0.15571750899154413
-999.0	365.0	337.35563516040526	0.741103634238242	-2.9778637055307824	0.3264092544714453
-999.0	340.0	339.14872938499474	0.5996653106477515	-2.210879356662453	0.7593410357832754
-999.0	315.0	340.8008791336807	0.4929307346542664	-1.541618314054295	1.4058800485398901
-999.0	290.0	342.38184251745895	0.3790274616744771	-1.014605721169061	2.0074633551968364
-999.0	265.0	343.9461827530142	0.27025940931505515	-0.6835862520668319	2.4431975298897393
-999.0	240.0	345.50373681801176	0.16980503267711983	-0.5937774780723798	2.7416188994215513
-999.0	215.0	347.03536696421014	0.09068369894391921	-0.5592826757166084	2.9272499986820644
-999.0	190.0	348.7835491275691	0.044760567798382625	-0.017152876324123767	2.9040144262938745
-999.0	165.0	351.23433392243214	0.021210967909751684	1.5328822334607262	2.5234655124135172
-999.0	140.0	355.4342631611352	0.009649327687091307	3.072920449574757	2.154041867289254
-999.0	115.0	366.1310901730505	0.005423052608966826	3.447438502311688	2.1095550325181356
-999.0	90.0	391.94371827903836	0.004901443349404461	4.170932270089784	1.7331575744681542
-999.0	65.0	440.9282812594498	0.0033286939400972632	1.9254325009054682	0.8702568438317886
-999.0	40.0	531.9193513237392	0.013328464950124413	-7.27639252278542	0.31913145648107644
-999.0	15.0	722.1347068438375	0.06975153258277315	-14.394604730606112	0.2389884915277078
245.19444444444446	40	1004.0061584472656	day	levels	pres0
-999.0	990.0	300.22730651155996	16.154833009507907	-2.6827396512031503	-0.6594932436115427
-999.0	965.0	301.85966769778275	15.392204433017296	-4.549226743841748	-1.1237058653599938
-999.0	940.0	302.73435809942333	14.871931182013611	-5.44615753723516	-1.502743716372409
-999.0	915.0	303.4990479784112	14.225292142232252	-6.0357153832912545	-1.8957795628243284
-999.0	890.0	304.21902613787285	13.492306190066872	-6.506992297702374	-2.228744543261025
-999.0	865.0	304.99529239649826	12.64131089316476	-6.957449507713326	-2.4075743936830385
-999.0	840.0	305.8907623217379	11.717836644914447	-7.4299335426754505	-2.414564981063241
-999.0	815.0	306.93274713743466	10.690798081292085	-7.9047007242838605	-2.275164164106093
-999.0	790.0	308.14888399984386	9.583143356111355	-8.295217286215891	-2.018099531365814
-999.0	765.0	309.47504881530267	8.546279933717551	-8.487135418256125	-1.6915926685557303
-999.0	740.0	310.8060640506691	7.69677739408284	-8.386862638261581	-1.3607977855537199
-999.0	715.0	312.1163115291496	7.020180606842066	-8.039977706803208	-1.0575226575136656
-999.0	690.0	313.41915023353516	6.387059611744373	-7.540244234932779	-0.7775381558471656
-999.0	665.0	314.6970577604981	5.808394977781528	-6.875635241634298	-0.5306198322938863
-999.0	640.0	316.05318791083243	5.2191820409563014	-6.224321444829284	-0.3373547133472466
-999.0	615.0	317.52173842522626	4.615949516826219	-5.649855290353277	-0.21118350823721987
-999.0	590.0	319.21453112273883	4.068439263767673	-5.292616051435449	-0.10940161479845195
-999.0	565.0	321.1597533395188	3.562127365006344	-5.217586531903988	-0.017351932658098812
-999.0	540.0	323.1849012214306	3.0745534737904876	-5.279652141200152	0.12402746048237989
-999.0	515.0	325.2299194290234	2.5961880193816294	-5.434520869784866	0.3180366433329056
-999.0	490.0	327.31841586137864	2.1659902897146015	-5.509844266706028	0.45240322748820666
-999.0	465.0	329.4185150329953	1.7765997499227535	-5.41912387501861	0.47827721183293004
-999.0	440.0	331.4827309351828	1.4379561778571885	-5.098762307233269	0.38991428069357986
-999.0	415.0	333.4649925794542	1.1577176865604208	-4.518850609660135	0.22057366600882572
-999.0	390.0	335.420184237381	0.9269505954451048	-3.7933066056834166	0.1660214434067561
-999.0	365.0	337.32051460888744	0.7414745435118687	-2.9849288716912072	0.33268543680510504
-999.0	340.0	339.1175768210212	0.5996825743052705	-2.2094683234890096	0.7629970103502428
-999.0	315.0	340.775129418783	0.4935821990172081	-1.5359619114133871	1.4078151333663333
-999.0	290.0	342.363199425833	0.38009194168779714	-1.0057107172078428	2.0051296340094784
-999.0	265.0	343.93608179529485	0.2714394950204436	-0.6723467234935949	2.4355072302640393
-999.0	240.0	345.50027892242747	0.17060846694641726	-0.5834185090329898	2.7354815049303984
-999.0	215.0	347.02907496354896	0.09108453103237721	-0.5480101552274529	2.929313487476784
-999.0	190.0	348.76129854532104	0.044878728956812046	0.00787389940685701	2.910070914485401
-999.0	165.0	351.1896191399751	0.021166583781854965	1.5837820331255774	2.522359231486931
-999.0	140.0	355.37818256763103	0.009626784910344407	3.1247295777003288	2.152653500106624
-999.0	115.0	366.0996764476692	0.0054237616714090135	3.462540400028248	2.1267651889059676
-999.0	90.0	391.9828265614371	0.0049145929541231925	4.169894673426948	1.752849010295373
-999.0	65.0	441.01926270574756	0.003316915428472886	1.9290987425380215	0.8755652520391831
-999.0	40.0	531.97810607931	0.01336635577802858	-7.228712960746533	0.3108845466954936
-999.0	15.0	722.13688339317	0.06974995972381694	-14.340740609168973	0.23550795049071838
245.20833333333334	40	1003.8834411621095	day	levels	pres0
-999.0	990.0	300.1778316256168	16.13867057164512	-2.6974208623171116	-0.6884973143537887
-999.0	965.0	301.85121519184435	15.375134436289489	-4.5796105495576755	-1.1600659949084204
-999.0	940.0	302.7355674421841	14.848922856648782	-5.482801709572495	-1.5468835572401716
-999.0	915.0	303.49508201023986	14.198103523254407	-6.071225464344036	-1.9473487357298493
-999.0	890.0	304.20664210722	13.471726195017492	-6.537663952509568	-2.2850173582633233
-999.0	865.0	304.9749207127464	12.637558301289843	-6.984756636619572	-2.4654289940992817
-999.0	840.0	305.86197489260195	11.73332627614334	-7.45532964070638	-2.47076595425603
-999.0	815.0	306.8926959616523	10.72436653772984	-7.925544261932371	-2.3284961521625096
-999.0	790.0	308.09868051784645	9.626601250966337	-8.310070951779679	-2.0688719789186556
-999.0	765.0	309.41915321171683	8.591311915715497	-8.496271300315849	-1.7368848431854798
-999.0	740.0	310.7492587325748	7.739819820721914	-8.39177096684773	-1.3949197093645087
-999.0	715.0	312.06184464284104	7.06089656352994	-8.042143038908637	-1.0756752170621777
-999.0	690.0	313.36851163756654	6.4253349145253225	-7.539698944489164	-0.779188691327924
-999.0	665.0	314.65152583475714	5.8441093603769705	-6.872272120167825	-0.5161383782823601
-999.0	640.0	316.0119265918382	5.2513891061146865	-6.218766790628451	-0.30967021485168555
-999.0	615.0	317.4829910335873	4.643317357699059	-5.643111813068409	-0.17456700131297262
-999.0	590.0	319.1761613316451	4.091060217221564	-5.285859009623543	-0.06753083566825488
-999.0	565.0	321.11916639164144	3.580090264479307	-5.212462901075689	0.025588475664448163
-999.0	540.0	323.14091066552646	3.0882586300372985	-5.278353383143746	0.16562911470730232
-999.0	515.0	325.1822808156363	2.6064921041329647	-5.439743594328563	0.35592381258804523
-999.0	490.0	327.2705574088561	2.17427555521329	-5.52349574963252	0.48466871976851006
-999.0	465.0	329.374680608367	1.7839772522449495	-5.441967151065675	0.5033734946821942
-999.0	440.0	331.4422147627838	1.4438606013854365	-5.12626659323773	0.40886173980929186
-999.0	415.0	333.42573571891415	1.1616426964600892	-4.5442559376359135	0.23506137230430896
-999.0	390.0	335.3824210934112	0.9289907177289333	-3.811315294106819	0.17632537782189095
-999.0	365.0	337.2853940573697	0.741845452785492	-2.9919940378517103	0.3389616191386818
-999.0	340.0	339.08642425704784	0.5996998379627855	-2.2080572903156463	0.7666529849171325
-999.0	315.0	340.7493797038854	0.4942336633801446	-1.5303055087725455	1.40975021819272
-999.0	290.0	342.3445563342071	0.38115642170111197	-0.99681571324667	2.0027959128220885
-999.0	265.0	343.9259808375756	0.2726195807258277	-0.6611071949203808	2.4278169306383304
-999.0	240.0	345.49682102684324	0.17141190121571157	-0.5730595399936004	2.7293441104392424
-999.0	215.0	347.0227829628876	0.09148536312083376	-0.5367376347382864	2.931376976271493
-999.0	190.0	348.7390479630731	0.04499689011524124	0.032900675137822466	2.9161274026769086
-999.0	165.0	351.1449043575181	0.02112219965395837	1.6346818327903332	2.5212529505603083
-999.0	140.0	355.32210197412684	0.00960424213359756	3.1765387058257577	2.1512651329239096
-999.0	115.0	366.0682627222879	0.005424470733851191	3.4776422977447288	2.143975345293657
-999.0	90.0	392.02193484383577	0.0049277425588418865	4.168857076764101	1.772540446122465
-999.0	65.0	441.1102441520452	0.0033051369168485235	1.9327649841705812	0.8808736602465103
-999.0	40.0	532.0368608348806	0.013404246605932691	-7.181033398707744	0.3026376369098546
-999.0	15.0	722.1390599425029	0.0697483868648608	-14.286876487731975	0.23202740945364597
245.22222222222223	40	1003.7607238769532	day	levels	pres0
-999.0	990.0	300.1283567396736	16.122508133782276	-2.712102073431023	-0.7175013850960589
-999.0	965.0	301.8427626859058	15.358064439561629	-4.6099943552735505	-1.1964261244568704
-999.0	940.0	302.73677678494477	14.825914531283903	-5.519445881909811	-1.5910233981079693
-999.0	915.0	303.49111604206854	14.170914904276524	-6.106735545396821	-1.9989179086354232
-999.0	890.0	304.1942580765671	13.451146199968122	-6.568335607316773	-2.3412901732656906
-999.0	865.0	304.9545490289944	12.633805709415014	-7.012063765525831	-2.523283594515611
-999.0	840.0	305.8331874634658	11.748815907372379	-7.4807257387373305	-2.5269669274489326
-999.0	815.0	306.8526447858698	10.757934994167769	-7.946387799580901	-2.3818281402190777
-999.0	790.0	308.04847703584886	9.670059145821485	-8.324924617343486	-2.1196444264716834
-999.0	765.0	309.3632576081309	8.636343897713576	-8.505407182375594	-1.782177017815436
-999.0	740.0	310.6924534144804	7.782862247361095	-8.396679295433895	-1.4290416331755007
-999.0	715.0	312.00737775653243	7.101612520217914	-8.044308371014068	-1.0938277766108668
-999.0	690.0	313.31787304159775	6.463610217306366	-7.539153654045531	-0.780839226808822
-999.0	665.0	314.60599390901615	5.879823742972495	-6.8689089987013086	-0.5016569242709232
-999.0	640.0	315.9706652728438	5.283596171273138	-6.213212136427561	-0.28198571635616704
-999.0	615.0	317.4442436419483	4.670685198571959	-5.636368335783482	-0.1379504943887294
-999.0	590.0	319.1377915405514	4.113681170675499	-5.279101967811585	-0.0256600565380386
-999.0	565.0	321.07857944376406	3.5980531639523052	-5.207339270247355	0.06852888398701856
-999.0	540.0	323.09692010962215	3.1019637862841356	-5.2770546250873185	0.20723076893225292
-999.0	515.0	325.13464220224904	2.616796188884316	-5.444966318872246	0.3938109818432216
-999.0	490.0	327.22269895633355	2.1825608207119878	-5.537147232559001	0.5169342120488614
-999.0	465.0	329.33084618373874	1.7913547545671502	-5.464810427112722	0.5284697775315177
-999.0	440.0	331.4016985903848	1.4497650249136853	-5.153770879242166	0.4278091989250716
-999.0	415.0	333.38647885837423	1.1655677063597598	-4.569661265611656	0.249549078599865
-999.0	390.0	335.34465794944134	0.9310308400127637	-3.8293239825301715	0.18662931223710638
-999.0	365.0	337.2502735058518	0.7422163620591169	-2.9990592040121515	0.34523780147234656
-999.0	340.0	339.0552716930743	0.5997171016203036	-2.2066462571422187	0.7703089594840992
-999.0	315.0	340.72362998898774	0.4948851277430857	-1.524649106131652	1.4116853030191503
-999.0	290.0	342.3259132425811	0.38222090171443146	-0.9879207092854653	2.0004621916347034
-999.0	265.0	343.9158798798562	0.27379966643121567	-0.6498676663471539	2.420126631012594
-999.0	240.0	345.49336313125906	0.17221533548500847	-0.5627005709542133	2.7232067159480478
-999.0	215.0	347.0164909622264	0.09188619520929149	-0.5254651142491221	2.93344046506617
-999.0	190.0	348.7167973808251	0.045115051273670534	0.05792745086882234	2.922183890868399
-999.0	165.0	351.10018957506105	0.021077815526061573	1.685581632455202	2.520146669633692
-999.0	140.0	355.2660213806226	0.009581699356850645	3.2283478339513314	2.1498767657412468
-999.0	115.0	366.0368489969065	0.00542517979629338	3.492744195461283	2.1611855016814454
-999.0	90.0	392.0610431262344	0.004940892163560628	4.167819480101272	1.7922318819496503
-999.0	65.0	441.201225598343	0.0032933584052241465	1.9364312258031662	0.8861820684539026
-999.0	40.0	532.0956155904512	0.013442137433836874	-7.133353836668844	0.2943907271242801
-999.0	15.0	722.1412364918356	0.06974681400590471	-14.23301236629484	0.2285468684166619
245.23611111111111	40	1003.6380065917972	day	levels	pres0
-999.0	990.0	300.0788818537305	16.106345695919483	-2.726783284544967	-0.7465054558383006
-999.0	965.0	301.8343101799674	15.340994442833814	-4.640378160989451	-1.2327862540052927
-999.0	940.0	302.7379861277056	14.802906205919072	-5.5560900542471225	-1.6351632389757258
-999.0	915.0	303.4871500738972	14.143726285298678	-6.142245626449583	-2.05048708154094
-999.0	890.0	304.1818740459143	13.430566204918744	-6.599007262123954	-2.3975629882679845
-999.0	865.0	304.9341773452426	12.630053117540102	-7.039370894432066	-2.5811381949318477
-999.0	840.0	305.80440003432983	11.764305538601281	-7.50612183676825	-2.5831679006417145
-999.0	815.0	306.81259361008745	10.791503450605532	-7.967231337229402	-2.4351601282754896
-999.0	790.0	307.99827355385145	9.713517040676475	-8.339778282907261	-2.17041687402452
-999.0	765.0	309.307362004545	8.681375879711528	-8.51454306443531	-1.8274691924451836
-999.0	740.0	310.6356480963862	7.825904674000173	-8.401587624020037	-1.4631635569862889
-999.0	715.0	311.95291087022395	7.142328476905789	-8.046473703119492	-1.1119803361593787
-999.0	690.0	313.2672344456292	6.501885520087318	-7.5386083636019094	-0.7824897622895807
-999.0	665.0	314.56046198327516	5.915538125567941	-6.86554587723483	-0.487175470259398
-999.0	640.0	315.92940395384954	5.315803236431526	-6.207657482226727	-0.25430121786060833
-999.0	615.0	317.40549625030934	4.698053039444803	-5.629624858498613	-0.10133398746448688
-999.0	590.0	319.0994217494577	4.136302124129391	-5.272344925999678	0.01621072259215195
-999.0	565.0	321.03799249588667	3.61601606342527	-5.202215639419054	0.11146929230955638
-999.0	540.0	323.052929553718	3.115668942530947	-5.275755867030908	0.24883242315716592
-999.0	515.0	325.087003588862	2.6271002736356515	-5.4501890434159375	0.4316981510983547
-999.0	490.0	327.1748405038111	2.1908460862106756	-5.550798715485486	0.5491997043291621
-999.0	465.0	329.28701175911044	1.7987322568893453	-5.487653703159781	0.5535660603807828
-999.0	440.0	331.3611824179857	1.455669448441931	-5.181275165246623	0.44675665804078646
-999.0	415.0	333.3472219978342	1.1694927162594269	-4.595066593587435	0.26403678489535076
-999.0	390.0	335.30689480547153	0.9330709622965916	-3.84733267095358	0.19693324665224538
-999.0	365.0	337.21515295433403	0.7425872713327398	-3.0061243701726643	0.35151398380593113
-999.0	340.0	339.0241191291009	0.5997343652778189	-2.2052352239688653	0.7739649340509995
-999.0	315.0	340.69788027409004	0.49553659210602263	-1.5189927034908195	1.4136203878455478
-999.0	290.0	342.3072701509552	0.3832853817277467	-0.9790257053242986	1.998128470447324
-999.0	265.0	343.90577892213685	0.2749797521365998	-0.6386281377739419	2.4124363313868917
-999.0	240.0	345.48990523567477	0.17301876975430275	-0.5523416019148206	2.7170693214568913
-999.0	215.0	347.0101989615651	0.09228702729774786	-0.5141925937599436	2.93550395386087
-999.0	190.0	348.69454679857705	0.04523321243209959	0.08295422659980889	2.9282403790598943
-999.0	165.0	351.0554747926039	0.021033431398164947	1.7364814321199844	2.5190403887070625
-999.0	140.0	355.2099407871184	0.009559156580103796	3.280156962076779	2.148488398558533
-999.0	115.0	366.00543527152524	0.005425888858735558	3.5078460931777644	2.1783956580691304
-999.0	90.0	392.100151408633	0.004954041768279323	4.166781883438414	1.8119233177767324
-999.0	65.0	441.29220704464063	0.0032815798935997855	1.940097467435718	0.8914904766612208
-999.0	40.0	532.154370346022	0.013480028261740986	-7.085674274630061	0.28614381733864275
-999.0	15.0	722.1434130411683	0.06974524114694865	-14.179148244857846	0.22506632737959406
245.25	40	1003.5152893066406	day	levels	pres0
-999.0	990.0	300.0294069677872	16.09018325805664	-2.741464495658875	-0.7755095265805722
-999.0	965.0	301.825857674029	15.32392444610596	-4.670761966705323	-1.2691463835537433
-999.0	940.0	302.73919547046626	14.779897880554199	-5.592734226584435	-1.6793030798435211
-999.0	915.0	303.4831841057258	14.116537666320802	-6.1777557075023655	-2.1020562544465067
-999.0	890.0	304.1694900152615	13.409986209869384	-6.6296789169311525	-2.4538358032703402
-999.0	865.0	304.9138056614906	12.626300525665286	-7.066678023338318	-2.638992795348167
-999.0	840.0	305.7756126051937	11.779795169830322	-7.5315179347991945	-2.63936887383461
-999.0	815.0	306.772542434305	10.825071907043457	-7.98807487487793	-2.4884921163320546
-999.0	790.0	307.948070071854	9.756974935531618	-8.35463194847107	-2.221189321577549
-999.0	765.0	309.2514664009591	8.726407861709594	-8.523678946495057	-1.8727613670751455
-999.0	740.0	310.57884277829186	7.868947100639343	-8.406495952606202	-1.497285480797291
-999.0	715.0	311.8984439839153	7.183044433593752	-8.048639035224914	-1.1301328957080843
-999.0	690.0	313.21659584966045	6.540160822868347	-7.5380630731582645	-0.7841402977705003
-999.0	665.0	314.5149300575342	5.951252508163453	-6.8621827557683	-0.4726940162479878
-999.0	640.0	315.88814263485517	5.348010301589967	-6.202102828025818	-0.22661671936511996
-999.0	615.0	317.36674885867035	4.725420880317689	-5.622881381213665	-0.06471748054027562
-999.0	590.0	319.061051958364	4.158923077583313	-5.265587884187699	0.05808150172233584
-999.0	565.0	320.9974055480092	3.633978962898255	-5.197092008590699	0.15440970063209553
-999.0	540.0	323.0089389978138	3.1293740987777716	-5.274457108974458	0.29043407738208776
-999.0	515.0	325.0393649754748	2.6374043583869935	-5.455411767959595	0.4695853203535081
-999.0	490.0	327.1269820512885	2.1991313517093656	-5.564450198411941	0.5814651966094972
-999.0	465.0	329.24317733448214	1.8061097592115403	-5.510496979206801	0.5786623432300986
-999.0	440.0	331.3206662455866	1.461573871970177	-5.20877945125103	0.46570411715656523
-999.0	415.0	333.3079651372942	1.173417726159096	-4.620471921563149	0.2785244911909104
-999.0	390.0	335.2691316615016	0.9351110845804215	-3.8653413593769073	0.20723718106746683
-999.0	365.0	337.1800324028162	0.7429581806063652	-3.0131895363330847	0.35779016613960263
-999.0	340.0	338.9929665651275	0.599751628935337	-2.2038241907954212	0.7776209086179732
-999.0	315.0	340.67213055919245	0.4961880564689637	-1.5133363008499143	1.4155554726719857
-999.0	290.0	342.28862705932926	0.384349861741066	-0.9701307013630869	1.9957947492599488
-999.0	265.0	343.8956779644175	0.2761598378419876	-0.627388609200716	2.4047460317611695
-999.0	240.0	345.4864473400906	0.17382220402359963	-0.5419826328754427	2.7109319269657135
-999.0	215.0	347.0039069609039	0.09268785938620568	-0.5029200732707979	2.9375674426555634
-999.0	190.0	348.6722962163291	0.04535137359052896	0.10798100233078012	2.9342968672513967
-999.0	165.0	351.01076001014695	0.020989047270268204	1.7873812317848206	2.517934107780457
-999.0	140.0	355.1538601936141	0.009536613803356886	3.3319660902023314	2.147100031375885
-999.0	115.0	365.97402154614383	0.005426597921177745	3.522947990894318	2.1956058144569397
-999.0	90.0	392.1392596910319	0.004967191372998059	4.165744286775589	1.8316147536039353
-999.0	65.0	441.38318849093827	0.003269801381975413	1.9437637090682989	0.8967988848686218
-999.0	40.0	532.2131251015926	0.013517919089645149	-7.037994712591171	0.2778969075530767
-999.0	15.0	722.145589590501	0.06974366828799249	-14.125284123420716	0.22158578634262083
245.26388888888889	40	1003.4951083713106	day	levels	pres0
-999.0	990.0	299.96991427524017	16.11944674385921	-2.7495908760362457	-0.776141890800646
-999.0	965.0	301.74418642728773	15.326474285125736	-4.6733533634080135	-1.2782745664111275
-999.0	940.0	302.67541161327154	14.771583832634809	-5.600394797325159	-1.7013418384724077
-999.0	915.0	303.43388200521196	14.112174256642652	-6.183978421820548	-2.131415594216534
-999.0	890.0	304.1330867284174	13.410857889387337	-6.631209270159401	-2.482667548623347
-999.0	865.0	304.8867870267269	12.632069555918378	-7.062414683235998	-2.65935069223245
-999.0	840.0	305.7515774612568	11.792673248714888	-7.520576956537002	-2.6473536461591713
-999.0	815.0	306.7455548944328	10.84926471710208	-7.970221556557509	-2.483804199265107
-999.0	790.0	307.9166933036518	9.789903608957966	-8.329880272017542	-2.2026838193337044
-999.0	765.0	309.21940358428236	8.757405890358852	-8.494405616654245	-1.8391396966245264
-999.0	740.0	310.54863007703676	7.891672886742505	-8.377274966239884	-1.4492399610578732
-999.0	715.0	311.8715643284677	7.19573803477818	-8.023401249779557	-1.0695366420679233
-999.0	690.0	313.19280249193065	6.545971947246129	-7.520283725526566	-0.7145202500952139
-999.0	665.0	314.4936562982297	5.953420088026259	-6.856039899256473	-0.39911231464804553
-999.0	640.0	315.86884302913836	5.349933486514624	-6.2088351011276135	-0.15475431481991864
-999.0	615.0	317.3486203531304	4.73101899888781	-5.642642537752788	-0.001263031032303491
-999.0	590.0	319.04380522575065	4.166298513942304	-5.29344956477484	0.11147744920522448
-999.0	565.0	320.9808334756742	3.641274574067867	-5.226155008210088	0.19680715401970061
-999.0	540.0	322.9939005041458	3.135451787047927	-5.300803763336618	0.3207900259230012
-999.0	515.0	325.026833546166	2.6405244383547135	-5.4757133217321625	0.4870550327830834
-999.0	490.0	327.1160297677375	2.200195450252965	-5.5787053532070665	0.5874637426601352
-999.0	465.0	329.2326393651029	1.8063470992777146	-5.520347563425705	0.5762016944586931
-999.0	440.0	331.31166046046206	1.4607493609190032	-5.218260724511416	0.4602000840835721
-999.0	415.0	333.30200875259743	1.1710851298438207	-4.633704235156386	0.2768119934532
-999.0	390.0	335.26529271065664	0.9326636536253841	-3.8812713954183926	0.21479427119093047
-999.0	365.0	337.1761942616908	0.7416118529107845	-3.029847121569865	0.37830638024540286
-999.0	340.0	338.98675132794807	0.5989051135049929	-2.223324348529204	0.8085062528649903
-999.0	315.0	340.66143498094004	0.4954385014043915	-1.5390044665999147	1.4504264560010713
-999.0	290.0	342.2727230562003	0.383643451664183	-1.003014291988509	2.0261640040410933
-999.0	265.0	343.8756725377064	0.2754847644103902	-0.6656696382496442	2.4237174812290427
-999.0	240.0	345.46613456130524	0.17333371779984927	-0.5792086733712484	2.7199361448486616
-999.0	215.0	346.9868579827316	0.09242664335502526	-0.5324117210176667	2.939932437075501
-999.0	190.0	348.6569390446854	0.04527843979497745	0.08422499497727698	2.925344804922724
-999.0	165.0	350.9920190367045	0.020974889604581666	1.752287093798279	2.493976728121417
-999.0	140.0	355.136556984721	0.00952299534239702	3.260906583732975	2.1186402719881476
-999.0	115.0	365.97692897798504	0.005424706172198059	3.4258287217881405	2.1745021917753373
-999.0	90.0	392.17467648243326	0.004969790319187771	4.098993734187525	1.8137805703613241
-999.0	65.0	441.413855366755	0.0032577836497997242	1.9224231276247152	0.8963002736369703
-999.0	40.0	532.1994399996046	0.013504629478686364	-7.037889504101541	0.2788263617290302
-999.0	15.0	722.0661711496299	0.06953692523141687	-14.135902070999157	0.2341474218914736
245.27777777777777	40	1003.4749274359808	day	levels	pres0
-999.0	990.0	299.91042158269306	16.148710229661717	-2.7577172564135624	-0.776774255020754
-999.0	965.0	301.6625151805466	15.329024124145509	-4.6759447601106405	-1.2874027492685447
-999.0	940.0	302.6116277560768	14.763269784715447	-5.6080553680658305	-1.7233805971013125
-999.0	915.0	303.38457990469817	14.10781084696452	-6.190201136138701	-2.1607749339865654
-999.0	890.0	304.0966834415734	13.4117295689053	-6.632739623387655	-2.5114992939763505
-999.0	865.0	304.85976839196314	12.637838586171465	-7.058151343133717	-2.6797085891167254
-999.0	840.0	305.72754231731983	11.805551327599414	-7.509635978274881	-2.6553384184837316
-999.0	815.0	306.71856735456055	10.873457527160634	-7.952368238237177	-2.4791162821981665
-999.0	790.0	307.88531653544976	9.822832282384221	-8.305128595564113	-2.1841783170898834
-999.0	765.0	309.1873407676056	8.78840391900803	-8.46513228681354	-1.8055180261739572
-999.0	740.0	310.5184173757817	7.914398672845618	-8.348053979873672	-1.4011944413185324
-999.0	715.0	311.8446846730201	7.208431635962587	-7.998163464334289	-1.0089403884278663
-999.0	690.0	313.1690091342011	6.551783071623906	-7.502504377894939	-0.6449002024200523
-999.0	665.0	314.47238253892533	5.955587667889064	-6.849897042744693	-0.32553061304824027
-999.0	640.0	315.84954342342155	5.351856671439276	-6.215567374229429	-0.08289191027485396
-999.0	615.0	317.33049184759045	4.736617117457917	-5.662403694291901	0.06219141847554835
-999.0	590.0	319.0265584931373	4.173673950301272	-5.321311245361952	0.16487339668801593
-999.0	565.0	320.96426140333926	3.6485701852374577	-5.255218007829441	0.23920460740723598
-999.0	540.0	322.97886201047777	3.141529475318058	-5.327150417698744	0.35114597446387713
-999.0	515.0	325.01430211685727	2.6436445183224135	-5.496014875504695	0.5045247452126578
-999.0	490.0	327.10507748418655	2.201259548796547	-5.592960508002169	0.5934622887108084
-999.0	465.0	329.22210139572366	1.806584439343876	-5.530198147644596	0.5737410456873534
-999.0	440.0	331.30265467533746	1.4599248498678208	-5.2277419977717905	0.45469605101066146
-999.0	415.0	333.2960523679007	1.1687525335285407	-4.646936548749602	0.2750994957155691
-999.0	390.0	335.26145375981156	0.930216222670344	-3.8972014314598455	0.2223513613144545
-999.0	365.0	337.1723561205653	0.7402655252152023	-3.046504706806601	0.39882259435123113
-999.0	340.0	338.98053609076885	0.5980585980746482	-2.24282450626293	0.839391597112007
-999.0	315.0	340.6507394026877	0.4946889463398192	-1.56467263234985	1.4852974393301381
-999.0	290.0	342.2568190530712	0.38293704158729974	-1.0358978826138547	2.0565332588222147
-999.0	265.0	343.8556671109954	0.274809690978792	-0.7039506672984829	2.4426889306969013
-999.0	240.0	345.44582178251983	0.17284523157609832	-0.6164347138669554	2.728940362731609
-999.0	215.0	346.96980900455924	0.09216542732384472	-0.5619033687644361	2.942297431495449
-999.0	190.0	348.64158187304156	0.045205505999426084	0.06046898762386266	2.9163927425940805
-999.0	165.0	350.9732780632622	0.020960731938895263	1.7171929558118295	2.470019348462427
-999.0	140.0	355.1192537758277	0.009509376881437175	3.1898470772637473	2.090180512600483
-999.0	115.0	365.9798364098261	0.005422814423218371	3.3287094526821024	2.1533985690938167
-999.0	90.0	392.21009327383473	0.004972389265377489	4.032243181599533	1.7959463871187689
-999.0	65.0	441.44452224257174	0.00324576591762404	1.9010825461811556	0.895801662405331
-999.0	40.0	532.1857548976164	0.013491339867727634	-7.037784295611913	0.2797558159049981
-999.0	15.0	721.9867527087589	0.06933018217484167	-14.146520018577572	0.24670905744035093
245.29166666666666	40	1003.4547465006513	day	levels	pres0
-999.0	990.0	299.8509288901459	16.177973715464287	-2.7658436367909265	-0.7774066192408315
-999.0	965.0	301.5808439338054	15.33157396316528	-4.678536156813321	-1.2965309321259357
-999.0	940.0	302.54784389888204	14.754955736796047	-5.61571593880655	-1.745419355730208
-999.0	915.0	303.3352778041843	14.103447437286365	-6.196423850456883	-2.1901342737566014
-999.0	890.0	304.0602801547293	13.412601248423249	-6.6342699766159035	-2.540331039329366
-999.0	865.0	304.83274975719934	12.643607616424562	-7.0538880030314	-2.7000664860010097
-999.0	840.0	305.70350717338283	11.818429406483979	-7.498695000012695	-2.6633231908082884
-999.0	815.0	306.6915798146884	10.89765033721926	-7.934514919916765	-2.474428365131208
-999.0	790.0	307.85393976724754	9.855760955810576	-8.280376919110589	-2.1656728148460234
-999.0	765.0	309.1552779509288	8.819401947657292	-8.435858956972728	-1.7718963557233214
-999.0	740.0	310.4882046745268	7.9371244589487855	-8.318832993507357	-1.3531489215790984
-999.0	715.0	311.81780501757254	7.221125237147019	-7.972925678888932	-0.9483441347876899
-999.0	690.0	313.14521577647133	6.55759419600169	-7.484725030263245	-0.5752801547447519
-999.0	665.0	314.4511087796209	5.957755247751874	-6.843754186232873	-0.25194891144828524
-999.0	640.0	315.8302438177046	5.353779856363936	-6.222299647331235	-0.011029505729640648
-999.0	615.0	317.31236334205045	4.742215236028041	-5.682164850831037	0.1256458679835321
-999.0	590.0	319.00931176052393	4.181049386660265	-5.349172925949106	0.21826934417091615
-999.0	565.0	320.94768933100414	3.6558657964070718	-5.284281007448843	0.28160206079485284
-999.0	540.0	322.96382351680984	3.147607163588213	-5.353497072060914	0.3815019230048011
-999.0	515.0	325.0017706875485	2.6467645982901313	-5.516316429277271	0.5219944576422427
-999.0	490.0	327.09412520063563	2.202323647340143	-5.6072156627973	0.5994608347614548
-999.0	465.0	329.21156342634436	1.806821779410047	-5.540048731863503	0.5712803969159546
-999.0	440.0	331.29364889021286	1.4591003388166441	-5.237223271032178	0.44919201793767494
-999.0	415.0	333.2900959832039	1.166419937213262	-4.660168862342843	0.2733869979778671
-999.0	390.0	335.25761480896654	0.9277687917153035	-3.913131467501337	0.22990845143793176
-999.0	365.0	337.16851797943986	0.73891919751962	-3.0631622920433905	0.4193388084570508
-999.0	340.0	338.9743208535895	0.5972120826443035	-2.262324663996723	0.8702769413590457
-999.0	315.0	340.6400438244354	0.4939393912752468	-1.5903407980998594	1.520168422659242
-999.0	290.0	342.24091504994215	0.3822306315104166	-1.0687814732392844	2.0869025136033694
-999.0	265.0	343.8356616842843	0.2741346175471942	-0.7422316963474184	2.461660380164777
-999.0	240.0	345.4255090037345	0.17235674535234774	-0.6536607543627666	2.7379445806145566
-999.0	215.0	346.9527600263869	0.09190421129266414	-0.5913950165113032	2.944662425915383
-999.0	190.0	348.6262247013978	0.045132572203874496	0.03671298027037384	2.9074406802653985
-999.0	165.0	350.9545370898199	0.020946574273208726	1.6820988178253122	2.446061968803371
-999.0	140.0	355.1019505669344	0.009495758420477302	3.118787570794404	2.061720753212732
-999.0	115.0	365.9827438416671	0.005420922674238686	3.231590183575912	2.1322949464122116
-999.0	90.0	392.24551006523626	0.004974988211567209	3.965492629011448	1.778112203876165
-999.0	65.0	441.4751891183886	0.0032337481854483475	1.8797419647375664	0.8953030511736924
-999.0	40.0	532.1720697956284	0.013478050256768855	-7.03767908712228	0.28068527008096616
-999.0	15.0	721.9073342678879	0.06912343911826602	-14.15713796615601	0.25927069298921945
245.30555555555554	40	1003.4345655653212	day	levels	pres0
-999.0	990.0	299.79143619759884	16.207237201266796	-2.7739700171682427	-0.7780389834609395
-999.0	965.0	301.49917268706423	15.33412380218505	-4.681127553515948	-1.3056591149833523
-999.0	940.0	302.4840600416874	14.746641688876686	-5.623376509547219	-1.7674581143591128
-999.0	915.0	303.28597570367043	14.099084027608239	-6.202646564775034	-2.219493613526632
-999.0	890.0	304.02387686788546	13.413472927941212	-6.635800329844155	-2.569162784682369
-999.0	865.0	304.80573112243565	12.649376646677647	-7.049624662929119	-2.7204243828852857
-999.0	840.0	305.67947202944595	11.831307485368503	-7.4877540217505745	-2.6713079631328474
-999.0	815.0	306.6645922748163	10.921843147277812	-7.916661601596433	-2.4697404480642673
-999.0	790.0	307.8225629990456	9.888689629236831	-8.255625242657162	-2.147167312602203
-999.0	765.0	309.1232151342521	8.850399976306466	-8.406585627132024	-1.7382746852727522
-999.0	740.0	310.4579919732717	7.959850245051896	-8.289612007141145	-1.3051034018397574
-999.0	715.0	311.79092536212494	7.233818838331427	-7.947687893443664	-0.8877478811476329
-999.0	690.0	313.12142241874164	6.5634053203794664	-7.4669456826316205	-0.5056601070695904
-999.0	665.0	314.4298350203165	5.959922827614679	-6.837611329721094	-0.17836720984848004
-999.0	640.0	315.8109442119878	5.355703041288588	-6.22903192043305	0.06083289881542395
-999.0	615.0	317.29423483651044	4.747813354598147	-5.701926007370149	0.18910031749138406
-999.0	590.0	318.9920650279106	4.1884248230192345	-5.377034606536217	0.27166529165370734
-999.0	565.0	320.9311172586692	3.663161407576661	-5.3133440070681965	0.32399951418238826
-999.0	540.0	322.9487850231419	3.153684851858345	-5.379843726423039	0.411857871545677
-999.0	515.0	324.98923925823976	2.649884678257831	-5.536617983049807	0.5394641700718171
-999.0	490.0	327.0831729170846	2.203387745883725	-5.6214708175924	0.6054593808121277
-999.0	465.0	329.20102545696517	1.807059119476208	-5.549899316082393	0.568819748144615
-999.0	440.0	331.2846431050883	1.4582758277654615	-5.246704544292552	0.4436879848647643
-999.0	415.0	333.2841395985071	1.1640873408979815	-4.673401175936059	0.2716745002402362
-999.0	390.0	335.2537758581216	0.9253213607602636	-3.92906150354279	0.2374655415614557
-999.0	365.0	337.16467983831444	0.7375728698240381	-3.079819877280126	0.4398550225628792
-999.0	340.0	338.96810561641036	0.5963655672139588	-2.281824821730449	0.9011622856060622
-999.0	315.0	340.62934824618304	0.4931898362106746	-1.6160089638497945	1.5550394059883086
-999.0	290.0	342.22501104681317	0.3815242214335335	-1.1016650638646306	2.117271768384491
-999.0	265.0	343.81565625757327	0.27345954411559603	-0.7805127253962572	2.4806318296326353
-999.0	240.0	345.4051962249491	0.17186825912859682	-0.6908867948584733	2.7469487984975034
-999.0	215.0	346.9357110482145	0.09164299526148363	-0.6208866642580736	2.9470274203353313
-999.0	190.0	348.6108675297541	0.045059638408323124	0.012956972916959186	2.8984886179367555
-999.0	165.0	350.93579611637756	0.020932416607522323	1.647004679838862	2.4221045891443804
-999.0	140.0	355.08464735804125	0.009482139959517457	3.0477280643251756	2.033260993825068
-999.0	115.0	365.9856512735082	0.005419030925258999	3.1344709144698726	2.111191323730691
-999.0	90.0	392.28092685663773	0.004977587157756927	3.8987420764234555	1.7602780206336095
-999.0	65.0	441.5058559942052	0.0032217304532726632	1.8584013832940072	0.8948044399420528
-999.0	40.0	532.1583846936403	0.013464760645810125	-7.037573878632651	0.28161472425693407
-999.0	15.0	721.827915827017	0.06891669606169083	-14.167755913734432	0.27183232853809675
245.31944444444446	40	1003.4143846299914	day	levels	pres0
-999.0	990.0	299.7319435050516	16.236500687069388	-2.782096397545617	-0.7786713476810091
-999.0	965.0	301.417501440323	15.336673641204843	-4.683718950218642	-1.3147872978407424
-999.0	940.0	302.4202761844926	14.738327640957301	-5.631037080287947	-1.789496872988014
-999.0	915.0	303.23667360315665	14.094720617930095	-6.2088692790932205	-2.2488529532966792
-999.0	890.0	303.9874735810413	13.414344607459176	-6.63733068307241	-2.5979945300354004
-999.0	865.0	304.77871248767184	12.655145676930752	-7.0453613228268015	-2.7407822797695913
-999.0	840.0	305.6554368855089	11.84418556425308	-7.476813043488379	-2.6792927354574316
-999.0	815.0	306.637604734944	10.946035957336449	-7.898808283276005	-2.4650525309973363
-999.0	790.0	307.79118623084344	9.921618302663195	-8.230873566203618	-2.128661810358365
-999.0	765.0	309.0911523175753	8.881398004955741	-8.377312297291194	-1.704653014822127
-999.0	740.0	310.42777927201666	7.982576031155075	-8.260391020774811	-1.2570578821003195
-999.0	715.0	311.7640457066774	7.246512439515865	-7.9224501079982925	-0.8271516275074384
-999.0	690.0	313.09762906101196	6.569216444757254	-7.44916633499991	-0.4360400593942616
-999.0	665.0	314.40856126101204	5.962090407477485	-6.831468473209261	-0.10478550824849148
-999.0	640.0	315.791644606271	5.357626226213244	-6.2357641935348465	0.13269530336066998
-999.0	615.0	317.2761063309705	4.7534114731682715	-5.721687163909281	0.2525547669993922
-999.0	590.0	318.9748182952973	4.1958002593782275	-5.404896287123375	0.32506123913662177
-999.0	565.0	320.9145451863341	3.6704570187462764	-5.342407006687602	0.3663969675700074
-999.0	540.0	322.93374652947386	3.1597625401285026	-5.406190380785214	0.44221382008659393
-999.0	515.0	324.9767078289309	2.6530047582255523	-5.556919536822382	0.556933882501387
-999.0	490.0	327.0722206335337	2.204451844427326	-5.635725972387533	0.611457926862757
-999.0	465.0	329.1904874875858	1.8072964595423853	-5.559749900301303	0.5663590993732033
-999.0	440.0	331.2756373199637	1.4574513167142904	-5.256185817552943	0.4381839517917704
-999.0	415.0	333.27818321381045	1.1617547445827086	-4.686633489529297	0.26996200250253116
-999.0	390.0	335.24993690727655	0.9228739298052273	-3.94499153958427	0.24502263168492805
-999.0	365.0	337.160841697189	0.7362265421284576	-3.0964774625168943	0.4603712366686882
-999.0	340.0	338.961890379231	0.5955190517836151	-2.301324979464219	0.9320476298530939
-999.0	315.0	340.61865266793075	0.4924402811461027	-1.6416771295997978	1.5899103893174202
-999.0	290.0	342.209107043684	0.3808178113566507	-1.1345486544900716	2.147641023165669
-999.0	265.0	343.79565083086226	0.2727844706839989	-0.8187937544452135	2.4996032791005423
-999.0	240.0	345.38488344616366	0.17137977290484666	-0.7281128353543109	2.755953016380484
-999.0	215.0	346.9186620700422	0.09138177923030333	-0.650378312004973	2.949392414755306
-999.0	190.0	348.5955103581103	0.04498670461277168	-0.010799034436581811	2.889536555608129
-999.0	165.0	350.9170551429352	0.02091825894183581	1.61191054185227	2.3981472094853804
-999.0	140.0	355.067344149148	0.00946852149855759	2.976668557855764	2.0048012344373567
-999.0	115.0	365.98855870534936	0.005417139176279304	3.0373516453636538	2.090087701049106
-999.0	90.0	392.3163436480392	0.004980186103946624	3.8319915238353723	1.7424438373909878
-999.0	65.0	441.5365228700218	0.0032097127210969707	1.8370608018504182	0.8943058287103864
-999.0	40.0	532.1446995916522	0.013451471034851316	-7.037468670143022	0.28254417843288054
-999.0	15.0	721.7484973861456	0.06870995300511501	-14.178373861312874	0.28439396408697293
245.33333333333334	40	1003.3942036946615	day	levels	pres0
-999.0	990.0	299.67245081250456	16.2657641728719	-2.7902227779229283	-0.7793037119011126
-999.0	965.0	301.3358301935819	15.339223480224618	-4.686310346921264	-1.3239154806981557
-999.0	940.0	302.356492327298	14.730013593037935	-5.6386976510286155	-1.8115356316169176
-999.0	915.0	303.18737150264275	14.090357208251966	-6.2150919934113755	-2.278212293066713
-999.0	890.0	303.95107029419734	13.415216286977138	-6.638861036300666	-2.6268262753884093
-999.0	865.0	304.75169385290815	12.66091470718384	-7.041097982724525	-2.761140176653873
-999.0	840.0	305.63140174157195	11.857063643137606	-7.465872065226263	-2.687277507781994
-999.0	815.0	306.6106171950718	10.970228767395001	-7.880954964955679	-2.460364613930397
-999.0	790.0	307.75980946264144	9.954546976089453	-8.206121889750197	-2.1101563081145445
-999.0	765.0	309.05908950089855	8.91239603360492	-8.348038967450494	-1.6710313443715568
-999.0	740.0	310.39756657076174	8.00530181725819	-8.231170034408603	-1.2090123623609765
-999.0	715.0	311.73716605122985	7.259206040700273	-7.8972123225530275	-0.7665553738673769
-999.0	690.0	313.07383570328227	6.57502756913503	-7.431386987368289	-0.3664200117190936
-999.0	665.0	314.38728750170765	5.964257987340291	-6.825325616697485	-0.031203806648677612
-999.0	640.0	315.77234500055414	5.359549411137897	-6.242496466636665	0.20455770790574518
-999.0	615.0	317.25797782543054	4.759009591738378	-5.741448320448399	0.3160092165072556
-999.0	590.0	318.95757156268394	4.203175695737196	-5.432757967710491	0.3784571866194242
-999.0	565.0	320.8979731139991	3.677752629915866	-5.37147000630696	0.4087944209575519
-999.0	540.0	322.91870803580593	3.165840228398632	-5.432537035147344	0.4725697686274756
-999.0	515.0	324.9641763996222	2.6561248381932496	-5.577221090594922	0.574403594930964
-999.0	490.0	327.06126834998264	2.205515942970905	-5.649981127182641	0.6174564729134304
-999.0	465.0	329.17994951820657	1.8075337996085443	-5.569600484520197	0.5638984506018625
-999.0	440.0	331.2666315348391	1.456626805663107	-5.2656670908133165	0.432679918718859
-999.0	415.0	333.27222682911366	1.1594221482674278	-4.699865803122513	0.26824950476490195
-999.0	390.0	335.24609795643164	0.9204264988501873	-3.960921575625722	0.252579721808457
-999.0	365.0	337.1570035560635	0.734880214432876	-3.1131350477536297	0.4808874507745246
-999.0	340.0	338.95567514205175	0.5946725363532707	-2.3208251371979465	0.9629329741001202
-999.0	315.0	340.60795708967845	0.49169072608153075	-1.6673452953497347	1.6247813726464975
-999.0	290.0	342.1932030405551	0.3801114012797677	-1.167432245115421	2.1780102779467985
-999.0	265.0	343.77564540415125	0.2721093972524009	-0.8570747834940597	2.5185747285684066
-999.0	240.0	345.3645706673783	0.17089128668109602	-0.7653388758500284	2.7649572342634365
-999.0	215.0	346.90161309186993	0.09112056319912298	-0.6798699597517536	2.951757409175262
-999.0	190.0	348.5801531864664	0.04491377081722033	-0.034555041789998686	2.8805844932794926
-999.0	165.0	350.8983141694929	0.020904101276149407	1.5768164038658297	2.374189829826396
-999.0	140.0	355.05004094025486	0.009454903037597748	2.9056090513865485	1.9763414750496975
-999.0	115.0	365.99146613719046	0.005415247427299615	2.9402323762576206	2.0689840783675884
-999.0	90.0	392.3517604394407	0.004982785050136343	3.765240971247377	1.7246096541484357
-999.0	65.0	441.5671897458386	0.00319769498892129	1.8157202204068554	0.8938072174787501
-999.0	40.0	532.1310144896643	0.013438181423892585	-7.037363461653393	0.2834736326088563
-999.0	15.0	721.6690789452748	0.06850320994853985	-14.188991808891286	0.2969555996358599
245.34722222222223	40	1003.3740227593318	day	levels	pres0
-999.0	990.0	299.6129581199574	16.29502765867447	-2.7983491583002973	-0.7799360761211949
-999.0	965.0	301.2541589468407	15.341773319244385	-4.6889017436239495	-1.3330436635555496
-999.0	940.0	302.2927084701032	14.721699545118542	-5.646358221769337	-1.8335743902458137
-999.0	915.0	303.1380694021289	14.08599379857381	-6.221314707729555	-2.307571632836747
-999.0	890.0	303.9146670073533	13.416087966495091	-6.6403913895289115	-2.655658020741419
-999.0	865.0	304.7246752181444	12.666683737436935	-7.036834642622205	-2.781498073538152
-999.0	840.0	305.60736659763495	11.869941722022169	-7.4549310869640735	-2.6952622801065473
-999.0	815.0	306.5836296551996	10.994421577453625	-7.8631016466352595	-2.4556766968634376
-999.0	790.0	307.7284326944393	9.987475649515805	-8.181370213296667	-2.091650805870684
-999.0	765.0	309.0270266842218	8.943394062254178	-8.31876563760968	-1.6374096739209216
-999.0	740.0	310.3673538695066	8.028027603361352	-8.201949048042284	-1.1609668426215447
-999.0	715.0	311.7102863957822	7.271899641884705	-7.871974537107668	-0.7059591202272051
-999.0	690.0	313.0500423455526	6.580838693512814	-7.4136076397365915	-0.2967999640437996
-999.0	665.0	314.36601374240325	5.966425567203101	-6.819182760185663	0.04237789495126881
-999.0	640.0	315.7530453948372	5.361472596062557	-6.249228739738468	0.2764201124509479
-999.0	615.0	317.23984931989054	4.764607710308502	-5.761209476987531	0.37946366601522763
-999.0	590.0	318.9403248300706	4.210551132096189	-5.460619648297641	0.43185313410231335
-999.0	565.0	320.88140104166405	3.685048241085481	-5.4005330059263565	0.45119187434515984
-999.0	540.0	322.9036695421379	3.17191791666879	-5.45888368950951	0.5029257171683938
-999.0	515.0	324.9516449703135	2.6592449181609705	-5.597522644367493	0.5918733073605462
-999.0	490.0	327.05031606643166	2.206580041514504	-5.664236281977766	0.6234550189640766
-999.0	465.0	329.1694115488273	1.8077711396747171	-5.5794510687391	0.5614378018304649
-999.0	440.0	331.2576257497145	1.4558022946119311	-5.275148364073704	0.42717588564587317
-999.0	415.0	333.26627044441693	1.1570895519521496	-4.713098116715753	0.2665370070271982
-999.0	390.0	335.2422590055866	0.9179790678951467	-3.9768516116672146	0.2601368119319291
-999.0	365.0	337.15316541493803	0.7335338867372934	-3.12979263299042	0.5014036648803362
-999.0	340.0	338.94945990487247	0.5938260209229256	-2.3403252949317386	0.9938183183471492
-999.0	315.0	340.5972615114261	0.4909411710169581	-1.6930134610997427	1.659652355975591
-999.0	290.0	342.177299037426	0.3794049912028843	-1.2003158357408472	2.208379532727945
-999.0	265.0	343.7556399774401	0.2714343238208029	-0.8953558125429876	2.5375461780362762
-999.0	240.0	345.34425788859284	0.17040280045734513	-0.802564916345828	2.773961452146379
-999.0	215.0	346.8845641136976	0.09085934716794224	-0.70936160749861	2.9541224035951887
-999.0	190.0	348.5647960148228	0.04484083702166873	-0.05831104914348573	2.871632430950803
-999.0	165.0	350.8795731960505	0.02088994361046287	1.5417222658793022	2.350232450167334
-999.0	140.0	355.0327377313616	0.009441284576637876	2.8345495449171922	1.9478817156619415
-999.0	115.0	365.99437356903155	0.0054133556783199305	2.843113107151425	2.0478804556859806
-999.0	90.0	392.38717723084227	0.004985383996326062	3.6984904186592953	1.7067754709058283
-999.0	65.0	441.59785662165535	0.0031856772567455944	1.794379638963269	0.8933086062471084
-999.0	40.0	532.1173293876763	0.01342489181293381	-7.0372582531637615	0.28440308678481657
-999.0	15.0	721.5896605044037	0.06829646689196418	-14.19960975646973	0.30951723518471863
245.36111111111111	40	1003.3538418240018	day	levels	pres0
-999.0	990.0	299.55346542741034	16.324291144476973	-2.8064755386776135	-0.7805684403413029
-999.0	965.0	301.1724877000995	15.344323158264162	-4.6914931403265765	-1.3421718464129666
-999.0	940.0	302.22892461290854	14.713385497199177	-5.654018792510007	-1.8556131488747183
-999.0	915.0	303.088767301615	14.081630388895682	-6.227537422047708	-2.336930972606778
-999.0	890.0	303.8782637205093	13.416959646013055	-6.641921742757164	-2.6844897660944222
-999.0	865.0	304.69765658338065	12.67245276769002	-7.032571302519925	-2.8018559704224275
-999.0	840.0	305.5833314536981	11.882819800906697	-7.443990108701953	-2.703247052431107
-999.0	815.0	306.5566421153275	11.018614387512175	-7.845248328314928	-2.450988779796497
-999.0	790.0	307.69705592623717	10.020404322942056	-8.156618536843238	-2.073145303626864
-999.0	765.0	308.99496386754504	8.974392090903356	-8.289492307768974	-1.6037880034703522
-999.0	740.0	310.3371411682516	8.050753389464465	-8.17272806167607	-1.1129213228822035
-999.0	715.0	311.68340674033465	7.284593243069112	-7.8467367516624	-0.645362866587148
-999.0	690.0	313.02624898782284	6.586649817890592	-7.395828292104966	-0.22717991636863807
-999.0	665.0	314.34473998309875	5.9685931470659055	-6.813039903673882	0.1159595965510739
-999.0	640.0	315.7337457891204	5.363395780987208	-6.255961012840282	0.34828251699601276
-999.0	615.0	317.22172081435065	4.770205828878607	-5.7809706335266435	0.4429181155230797
-999.0	590.0	318.9230780974573	4.217926568455158	-5.488481328884752	0.4852490815851046
-999.0	565.0	320.86482896932904	3.6923438522550702	-5.429596005545711	0.4935893277326949
-999.0	540.0	322.88863104846996	3.1779956049389213	-5.485230343871635	0.5332816657092699
-999.0	515.0	324.9391135410047	2.6623649981286697	-5.617824198140027	0.6093430197901207
-999.0	490.0	327.03936378288074	2.2076441400580857	-5.678491436772867	0.6294535650147495
-999.0	465.0	329.15887357944797	1.8080084797408786	-5.589301652957991	0.5589771530591252
-999.0	440.0	331.24861996459	1.4549777835607485	-5.284629637334078	0.4216718525729626
-999.0	415.0	333.26031405972014	1.1547569556368693	-4.72633043030897	0.2648245092895674
-999.0	390.0	335.23842005474154	0.9155316369401069	-3.9927816477086675	0.2676939020554531
-999.0	365.0	337.1493272738127	0.7321875590417114	-3.1464502182271556	0.5219198789861648
-999.0	340.0	338.9432446676932	0.592979505492581	-2.3598254526654645	1.0247036625941657
-999.0	315.0	340.58656593317386	0.49019161595238586	-1.718681626849678	1.6945233393046577
-999.0	290.0	342.1613950342969	0.3786985811260011	-1.2331994263661932	2.238748787509066
-999.0	265.0	343.7356345507291	0.27075925038920473	-0.9336368415918268	2.556517627504135
-999.0	240.0	345.32394510980754	0.16991431423359424	-0.8397909568415352	2.7829656700293253
-999.0	215.0	346.86751513552525	0.09059813113676174	-0.7388532552453799	2.9564873980151365
-999.0	190.0	348.54943884317896	0.04476790322611735	-0.08206705649689994	2.86268036862216
-999.0	165.0	350.8608322226082	0.020875785944776463	1.506628127892852	2.326275070508344
-999.0	140.0	355.0154345224684	0.00942766611567803	2.763490038447963	1.9194219562742774
-999.0	115.0	365.99728100087265	0.005411463929340242	2.7459938380453868	2.02677683300446
-999.0	90.0	392.4225940222438	0.004987982942515781	3.6317398660713027	1.6889412876632732
-999.0	65.0	441.628523497472	0.003173659524569909	1.7730390575197097	0.892809995015469
-999.0	40.0	532.1036442856881	0.013411602201975079	-7.037153044674134	0.2853325409607844
-999.0	15.0	721.5102420635326	0.06808972383538901	-14.21022770404815	0.32207887073359603
245.375	40	1003.333660888672	day	levels	pres0
-999.0	990.0	299.49397273486323	16.35355463027954	-2.8146019190549856	-0.7812008045613765
-999.0	965.0	301.0908164533583	15.346872997283935	-4.694084537029267	-1.3513000292703512
-999.0	940.0	302.1651407557137	14.705071449279787	-5.661679363250732	-1.877651907503605
-999.0	915.0	303.03946520110117	14.07726697921753	-6.233760136365891	-2.366290312376805
-999.0	890.0	303.8418604336652	13.417831325531008	-6.643452095985413	-2.71332151144743
-999.0	865.0	304.67063794861684	12.678221797943115	-7.028307962417603	-2.822213867306709
-999.0	840.0	305.5592963097611	11.89569787979126	-7.43304913043976	-2.711231824755669
-999.0	815.0	306.52965457545525	11.042807197570802	-7.8273950099945075	-2.4463008627295495
-999.0	790.0	307.6656791580351	10.05333299636841	-8.13186686038971	-2.054639801383019
-999.0	765.0	308.9629010508683	9.005390119552613	-8.260218977928162	-1.5701663330197335
-999.0	740.0	310.30692846699645	8.073479175567629	-8.143507075309754	-1.064875803142786
-999.0	715.0	311.6565270848871	7.29728684425354	-7.8214989662170415	-0.5847666129469872
-999.0	690.0	313.0024556300932	6.592460942268373	-7.378048944473267	-0.15755986869335176
-999.0	665.0	314.3234662237944	5.970760726928711	-6.806897047162057	0.18954129815101628
-999.0	640.0	315.71444618340354	5.365318965911865	-6.2626932859420785	0.420144921541214
-999.0	615.0	317.2035923088106	4.77580394744873	-5.8007317900657664	0.5063725650310517
-999.0	590.0	318.9058313648439	4.225302004814148	-5.516343009471894	0.5386450290679933
-999.0	565.0	320.84825689699403	3.6996394634246825	-5.458659005165099	0.5359867811203002
-999.0	540.0	322.8735925548019	3.184073293209076	-5.511576998233795	0.563637614250183
-999.0	515.0	324.92658211169595	2.66548507809639	-5.638125751912594	0.626812732219696
-999.0	490.0	327.0284114993297	2.2087082386016847	-5.692746591567994	0.6354521110653878
-999.0	465.0	329.1483356100688	1.8082458198070528	-5.599152237176896	0.5565165042877197
-999.0	440.0	331.2396141794654	1.454153272509575	-5.294110910594463	0.4161678194999695
-999.0	415.0	333.2543576750234	1.1524243593215944	-4.739562743902207	0.263112011551857
-999.0	390.0	335.2345811038966	0.9130842059850693	-4.008711683750152	0.2752509921789169
-999.0	365.0	337.1454891326872	0.7308412313461303	-3.163107803463936	0.5424360930919647
-999.0	340.0	338.937029430514	0.5921329900622369	-2.379325610399247	1.0555890068411828
-999.0	315.0	340.57587035492145	0.48944206088781356	-1.744349792599678	1.7293943226337434
-999.0	290.0	342.14549103116786	0.37799217104911803	-1.2660830169916155	2.2691180422902106
-999.0	265.0	343.715629124018	0.2700841769576073	-0.9719178706407544	2.575489076972008
-999.0	240.0	345.3036323310222	0.16942582800984382	-0.8770169973373413	2.7919698879122734
-999.0	215.0	346.85046615735286	0.09033691510558128	-0.7683449029922484	2.9588523924350745
-999.0	190.0	348.5340816715352	0.044694969430565834	-0.10582306385040274	2.8537283062934873
-999.0	165.0	350.84209124916583	0.020861628279089932	1.4715339899063111	2.3023176908493044
-999.0	140.0	354.99813131357513	0.00941404765471816	2.6924305319786077	1.8909621968865395
-999.0	115.0	366.0001884327138	0.005409572180360555	2.648874568939209	2.0056732103228567
-999.0	90.0	392.4580108136452	0.004990581888705492	3.564989313483238	1.671107104420662
-999.0	65.0	441.65919037328865	0.0031616417923942207	1.751698476076126	0.8923113837838174
-999.0	40.0	532.0899591837	0.013398312591016294	-7.037047836184502	0.28626199513673783
-999.0	15.0	721.4308236226615	0.06788298077881337	-14.22084565162659	0.3346405062824488
245.38888888888889	40	1003.5739969889325	day	levels	pres0
-999.0	990.0	299.4343344969402	16.376824813418942	-2.8221878398210065	-0.7816236986054154
-999.0	965.0	301.00898763203827	15.343645403120249	-4.696122467517882	-1.360227828803973
-999.0	940.0	302.1012550845594	14.693608358171241	-5.668877324793099	-1.8994298751983263
-999.0	915.0	302.9900834542915	14.070154836442722	-6.239470114972871	-2.395321605789159
-999.0	890.0	303.80542349265875	13.416388617621523	-6.644336526923707	-2.7418198699338543
-999.0	865.0	304.6435613513941	12.682114760080976	-7.023367423481393	-2.842440629170999
-999.0	840.0	305.535250473717	11.906817393832753	-7.42145257261061	-2.719377205106947
-999.0	815.0	306.5026781798829	11.064565891689753	-7.808926916122397	-2.4418974763817234
-999.0	790.0	307.63431399648425	10.083172427283428	-8.106565772162499	-2.036434502071796
-999.0	765.0	308.9308627599218	9.034067005581354	-8.230456315146506	-1.5368938641415526
-999.0	740.0	310.2767767410303	8.094818729824507	-8.113878851466666	-1.0172568354341438
-999.0	715.0	311.62972206819614	7.309137490060602	-7.795956638124215	-0.5246665689679925
-999.0	690.0	312.9787734897508	6.597609835200841	-7.36008104748193	-0.08845073117145462
-999.0	665.0	314.3023540103376	5.972405025694106	-6.800708156824091	0.2626704881589143
-999.0	640.0	315.6952232322092	5.366715727912056	-6.2693789679143075	0.4915545721849328
-999.0	615.0	317.1855405562385	4.780767032835225	-5.820281174116666	0.569297730922745
-999.0	590.0	318.88859764268153	4.232085319360107	-5.543889908658143	0.5914434538947584
-999.0	565.0	320.83169839621905	3.70652480257883	-5.487370527452904	0.5777321404881209
-999.0	540.0	322.858554061134	3.1898973908689383	-5.537579039732628	0.5933051221900647
-999.0	515.0	324.91403797635235	2.6684287541442546	-5.65817721784116	0.6435941159725173
-999.0	490.0	327.01747127227065	2.209620874457898	-5.70683032232855	0.6408328443765472
-999.0	465.0	329.1377845584321	1.8083615839481417	-5.608886240257163	0.5535753369331053
-999.0	440.0	331.230609680514	1.4531532088915553	-5.303512586622193	0.410253751609022
-999.0	415.0	333.248386903977	1.1498798946539592	-4.75272663897939	0.26099977675407604
-999.0	390.0	335.2307712192035	0.9104636536704185	-4.0246016939481235	0.2824241318325719
-999.0	365.0	337.1416659154049	0.7294309331311127	-3.1797641886605352	0.5625965138276232
-999.0	340.0	338.93081419333464	0.5912854769163665	-2.3988487031724954	1.0861595902177956
-999.0	315.0	340.56514411747366	0.48869991070694385	-1.77005053957306	1.7639987067215985
-999.0	290.0	342.1295706075136	0.377280188103517	-1.2989865630037556	2.2992641144328694
-999.0	265.0	343.6956232017491	0.2694058011803365	-1.0102046271165563	2.5942827567458178
-999.0	240.0	345.2833190424482	0.16894060456090532	-0.914255215062075	2.8008174065086555
-999.0	215.0	346.8334182313106	0.0900773201551703	-0.79785247511338	2.9610644591351263
-999.0	190.0	348.5185631867806	0.04462081220828818	-0.12956693967187216	2.8446311526828185
-999.0	165.0	350.8232384994061	0.020845862560801977	1.4365172174241403	2.2782204139563547
-999.0	140.0	354.9808081834688	0.009400395748929837	2.6213970290289454	1.8623250227421195
-999.0	115.0	366.003093662908	0.00540649195512136	2.551747677061239	1.9845371503175584
-999.0	90.0	392.4934714590017	0.004991891002282497	3.498238694750575	1.653271614346214
-999.0	65.0	441.68983392603513	0.003149527057798375	1.7303582674927098	0.8918126322328979
-999.0	40.0	532.0762745070056	0.013386343750688744	-7.036943744288549	0.2871915911634674
-999.0	15.0	721.3514423300334	0.06768613933689047	-14.231462807125524	0.3472021621134376
245.40277777777777	40	1003.8143330891927	day	levels	pres0
-999.0	990.0	299.3746962590173	16.400094996558288	-2.8297737605869737	-0.7820465926494894
-999.0	965.0	300.92715881071837	15.340417808956571	-4.698160398006436	-1.3691556283376278
-999.0	940.0	302.03736941340514	14.682145267062724	-5.676075286335411	-1.9212078428930657
-999.0	915.0	302.94070170748194	14.063042693667947	-6.245180093579819	-2.424352899201516
-999.0	890.0	303.7689865516523	13.414945909712051	-6.645220957862006	-2.7703182284202743
-999.0	865.0	304.61648475417144	12.686007722218829	-7.018426884545222	-2.8626673910352847
-999.0	840.0	305.51120463767296	11.917936907874209	-7.409856014781532	-2.727522585458223
-999.0	815.0	306.4757017843106	11.086324585808638	-7.7904588222503754	-2.4374940900339044
-999.0	790.0	307.6029488349335	10.113011858198364	-8.081264683935391	-2.0182292027605984
-999.0	765.0	308.8988244689755	9.062743891610028	-8.200693652364958	-1.503621395263421
-999.0	740.0	310.24662501506407	8.116158284081342	-8.08425062762368	-0.9696378677255783
-999.0	715.0	311.60291705150536	7.320988135867642	-7.770414310031481	-0.4645665249891007
-999.0	690.0	312.95509134940835	6.602758728133306	-7.342113150490664	-0.019341593649681604
-999.0	665.0	314.2812417968807	5.974049324459497	-6.794519266486172	0.33579967816667655
-999.0	640.0	315.67600028101475	5.368112489912243	-6.276064649886552	0.5629642228285174
-999.0	615.0	317.1674888036663	4.7857301182217045	-5.839830558167555	0.63222289681432
-999.0	590.0	318.8713639205192	4.238868633906043	-5.5714368078443615	0.6442418787214277
-999.0	565.0	320.8151398954441	3.713410141732955	-5.516082049740673	0.6194774998558736
-999.0	540.0	322.84351556746594	3.1957214885287786	-5.5635810812314235	0.622972630129911
-999.0	515.0	324.90149384100874	2.671372430192098	-5.678228683769694	0.6603754997253388
-999.0	490.0	327.00653104521155	2.210533510314093	-5.720914053089083	0.6462135776877429
-999.0	465.0	329.1272335067954	1.8084773480892178	-5.618620243337416	0.5506341695785583
-999.0	440.0	331.22160518156267	1.4521531452735266	-5.312914262649911	0.40433968371815815
-999.0	415.0	333.2424161329306	1.147335429986319	-4.765890534056553	0.25888754195637576
-999.0	390.0	335.2269613345104	0.9078431013557656	-4.040491704146063	0.28959727148628805
-999.0	365.0	337.1378426981227	0.7280206349160941	-3.1964205738570897	0.5827569345633112
-999.0	340.0	338.92459895615536	0.5904379637704956	-2.41837179594569	1.116730173594409
-999.0	315.0	340.55441788002594	0.48795776052607426	-1.795751286546377	1.798603090809436
-999.0	290.0	342.11365018385936	0.3765682051579158	-1.33189010901582	2.329410186575504
-999.0	265.0	343.67561727948004	0.26872742540306516	-1.0484913835922682	2.613076436519613
-999.0	240.0	345.2630057538743	0.16845538111196626	-0.95149343278671	2.809664925105035
-999.0	215.0	346.8163703052682	0.08981772520475921	-0.8273600472344117	2.963276525835191
-999.0	190.0	348.50304470202605	0.04454665498601069	-0.15331081549325365	2.8355339990721786
-999.0	165.0	350.8043857496462	0.020830096842514155	1.4015004449420614	2.2541231370634547
-999.0	140.0	354.9634850533625	0.009386743843141533	2.550363526079411	1.833687848597773
-999.0	115.0	366.00599889310234	0.005403411729882161	2.4546207851834074	1.9634010903123418
-999.0	90.0	392.5289321043582	0.004993200115859512	3.431488076017984	1.6354361242718225
-999.0	65.0	441.7204774787815	0.003137412323202527	1.7090180589093171	0.8913138806819907
-999.0	40.0	532.0625898303114	0.013374374910361246	-7.0368396523926	0.28812118719021146
-999.0	15.0	721.2720610374054	0.06748929789496802	-14.242079962624441	0.359763817944451
245.41666666666666	40	1004.0546691894534	day	levels	pres0
-999.0	990.0	299.3150580210944	16.423365179697687	-2.837359681352988	-0.7824694866935322
-999.0	965.0	300.84532998939835	15.337190214792882	-4.700198328495043	-1.3780834278712562
-999.0	940.0	301.9734837422507	14.670682175954168	-5.683273247877775	-1.9429858105877957
-999.0	915.0	302.89131996067226	14.055930550893134	-6.250890072186797	-2.45338419261388
-999.0	890.0	303.73254961064583	13.413503201802564	-6.6461053888003	-2.798816586906707
-999.0	865.0	304.5894081569487	12.689900684356687	-7.013486345609016	-2.8828941528995773
-999.0	840.0	305.48715880162894	11.9290564219157	-7.398259456952393	-2.7356679658094953
-999.0	815.0	306.44872538873824	11.108083279927591	-7.771990728378271	-2.4330907036860667
-999.0	790.0	307.5715836733826	10.14285128911339	-8.055963595708185	-2.0000239034493608
-999.0	765.0	308.866786178029	9.091420777638772	-8.170930989583304	-1.4703489263852236
-999.0	740.0	310.2164732890977	8.137497838338229	-8.054622403780591	-0.9220189000169191
-999.0	715.0	311.5761120348144	7.33283878167471	-7.744871981938656	-0.4044664810100904
-999.0	690.0	312.9314092090659	6.6079076210657774	-7.3241452534993305	0.049767543872229536
-999.0	665.0	314.26012958342386	5.975693623224896	-6.788330376148213	0.4089288681745872
-999.0	640.0	315.65677732982033	5.369509251912438	-6.282750331858791	0.6343738734722477
-999.0	615.0	317.149437051094	4.7906932036082	-5.859379942218468	0.6951480627060248
-999.0	590.0	318.85413019835676	4.245651948452003	-5.598983707030624	0.6970403035482042
-999.0	565.0	320.79858139466916	3.7202954808871027	-5.544793572028489	0.6612228592237053
-999.0	540.0	322.82847707379796	3.2015455861886424	-5.589583122730267	0.6526401380698033
-999.0	515.0	324.8889497056652	2.674316106239961	-5.698280149698268	0.6771568834781697
-999.0	490.0	326.99559081815255	2.211446146170303	-5.734997783849645	0.6515943109989104
-999.0	465.0	329.1166824551587	1.8085931122303036	-5.628354246417686	0.5476930022239506
-999.0	440.0	331.2126006826113	1.4511530816555032	-5.322315938677643	0.39842561582721703
-999.0	415.0	333.23644536188425	1.1447909653186799	-4.7790544291337405	0.25677530715860325
-999.0	390.0	335.22315144981735	0.9052225490411117	-4.056381714344038	0.29677041113995606
-999.0	365.0	337.1340194808404	0.7266103367010749	-3.2130769590536974	0.6029173552989897
-999.0	340.0	338.9183837189761	0.5895904506246247	-2.4378948887189487	1.1473007569710436
-999.0	315.0	340.5436916425781	0.4872156103452045	-1.8214520335197686	1.8332074748973088
-999.0	290.0	342.097729760205	0.3758562222123146	-1.3647936550279678	2.3595562587181726
-999.0	265.0	343.65561135721106	0.2680490496257941	-1.0867781400680767	2.631870116293425
-999.0	240.0	345.2426924653005	0.1679701576630275	-0.9887316505114481	2.818512443701416
-999.0	215.0	346.7993223792259	0.08955813025434807	-0.8568676193555417	2.965488592535239
-999.0	190.0	348.48752621727147	0.04447249776373298	-0.17705469131470952	2.8264368454614996
-999.0	165.0	350.7855329998863	0.0208143311242262	1.3664836724599148	2.2300258601704885
-999.0	140.0	354.9461619232561	0.009373091937353204	2.4793300231297617	1.8050506744533399
-999.0	115.0	366.0089041232967	0.0054003315046429684	2.3574938933054246	1.9422650303070408
-999.0	90.0	392.56439274971467	0.004994509229436522	3.3647374572853006	1.6176006341973814
-999.0	65.0	441.75112103152793	0.003125297588606676	1.6876778503258942	0.890815129131084
-999.0	40.0	532.0489051536172	0.013362406070033703	-7.036735560496647	0.28905078321695565
-999.0	15.0	721.1926797447775	0.06729245645304513	-14.25269711812338	0.3723254737754556
245.43055555555554	40	1004.2950052897135	day	levels	pres0
-999.0	990.0	299.2554197831715	16.44663536283703	-2.844945602118955	-0.7828923807376059
-999.0	965.0	300.76350116807834	15.333962620629205	-4.702236258983596	-1.3870112274049116
-999.0	940.0	301.90959807109647	14.659219084845654	-5.690471209420084	-1.964763778282535
-999.0	915.0	302.8419382138626	14.048818408118358	-6.256600050793746	-2.482415486026238
-999.0	890.0	303.6961126696394	13.412060493893094	-6.646989819738599	-2.827314945393128
-999.0	865.0	304.562331559726	12.693793646494543	-7.0085458066728465	-2.903120914763863
-999.0	840.0	305.46311296558486	11.940175935957154	-7.386662899123316	-2.7438133461607723
-999.0	815.0	306.421748993166	11.129841974046476	-7.753522634506251	-2.4286873173382473
-999.0	790.0	307.5402185118319	10.172690720028323	-8.030662507481075	-1.9818186041381631
-999.0	765.0	308.83474788708253	9.120097663667444	-8.141168326801756	-1.437076457507092
-999.0	740.0	310.1863215631315	8.158837392595062	-8.024994179937606	-0.8743999323083533
-999.0	715.0	311.54930701812356	7.34468942748175	-7.719329653845921	-0.34436643703119885
-999.0	690.0	312.90772706872366	6.613056513998242	-7.306177356508064	0.11887668139400243
-999.0	665.0	314.239017369967	5.977337921990289	-6.7821414858102935	0.4820580581823492
-999.0	640.0	315.6375543786259	5.3709060139126255	-6.289436013831037	0.7057835241158318
-999.0	615.0	317.1313852985219	4.79565628899468	-5.878929326269357	0.7580732285976
-999.0	590.0	318.83689647619434	4.252435262997939	-5.626530606216843	0.749838728374874
-999.0	565.0	320.7820228938942	3.7271808200412266	-5.573505094316257	0.7029682185914583
-999.0	540.0	322.81343858012997	3.2073696838484813	-5.615585164229063	0.682307646009649
-999.0	515.0	324.8764055703216	2.677259782287804	-5.718331615626802	0.6939382672309915
-999.0	490.0	326.9846505910935	2.212358782026498	-5.749081514610179	0.6569750443101061
-999.0	465.0	329.10613140352194	1.8087088763713794	-5.6380882494979385	0.5447518348694035
-999.0	440.0	331.20359618366	1.4501530180374747	-5.331717614705361	0.3925115479363533
-999.0	415.0	333.2304745908379	1.1422465006510392	-4.792218324210905	0.254663072360903
-999.0	390.0	335.2193415651243	0.9026019967264586	-4.072271724541977	0.3039435507936724
-999.0	365.0	337.1301962635581	0.7252000384860562	-3.229733344250253	0.6230777760346777
-999.0	340.0	338.91216848179687	0.5887429374787541	-2.457417981492143	1.1778713403476573
-999.0	315.0	340.5329654051303	0.48647346016433485	-1.8471527804930856	1.8678118589851456
-999.0	290.0	342.08180933655075	0.3751442392667133	-1.397697201040032	2.3897023308608083
-999.0	265.0	343.6356054349421	0.2673706738485227	-1.1250648965437886	2.65066379606722
-999.0	240.0	345.22237917672646	0.16748493421408844	-1.0259698682360825	2.827359962297796
-999.0	215.0	346.7822744531836	0.08929853530393699	-0.8863751914765738	2.9677006592353044
-999.0	190.0	348.47200773251683	0.04439834054145547	-0.20079856713609145	2.8173396918508598
-999.0	165.0	350.7666802501264	0.02079856540593838	1.3314668999778356	2.205928583277588
-999.0	140.0	354.9288387931499	0.009359440031564904	2.408296520180227	1.7764135003089938
-999.0	115.0	366.01180935349095	0.005397251279403771	2.2603670014275923	1.9211289703018242
-999.0	90.0	392.59985339507114	0.004995818343013535	3.2979868385527094	1.5997651441229894
-999.0	65.0	441.78176458427424	0.003113182854010828	1.6663376417425018	0.8903163775801766
-999.0	40.0	532.0352204769227	0.013350437229706205	-7.0366314686006985	0.2899803792436997
-999.0	15.0	721.1132984521495	0.06709561501112267	-14.263314273622296	0.384887129606469
245.44444444444446	40	1004.5353413899742	day	levels	pres0
-999.0	990.0	299.1957815452485	16.46990554597645	-2.852531522884979	-0.783315274781641
-999.0	965.0	300.6816723467584	15.330735026465524	-4.704274189472215	-1.395939026938539
-999.0	940.0	301.8457123999421	14.647755993737112	-5.697669170962453	-1.9865417459772705
-999.0	915.0	302.79255646705275	14.04170626534356	-6.262310029400728	-2.511446779438612
-999.0	890.0	303.65967572863286	13.410617785983618	-6.647874250676898	-2.855813303879576
-999.0	865.0	304.5352549625033	12.697686608632411	-7.003605267736639	-2.9233476766281776
-999.0	840.0	305.4390671295408	11.951295449998657	-7.375066341294166	-2.751958726512073
-999.0	815.0	306.3947725975936	11.151600668165438	-7.735054540634131	-2.424283930990438
-999.0	790.0	307.50885335028096	10.20253015094336	-8.005361419253852	-1.9636133048269477
-999.0	765.0	308.802709596136	9.148774549696203	-8.111405664020083	-1.4038039886289058
-999.0	740.0	310.1561698371652	8.18017694685196	-7.995365956094499	-0.8267809645996915
-999.0	715.0	311.52250200143266	7.356540073288821	-7.69378732575308	-0.2842663930521715
-999.0	690.0	312.88404492838123	6.618205406930715	-7.288209459516717	0.18798581891594177
-999.0	665.0	314.21790515651	5.978982220755684	-6.775952595472322	0.5551872481902935
-999.0	640.0	315.61833142743154	5.372302775912815	-6.296121695803267	0.7771931747595955
-999.0	615.0	317.1133335459497	4.800619374381175	-5.8984787103202665	0.8209983944893295
-999.0	590.0	318.8196627540319	4.2592185775439	-5.654077505403107	0.8026371532016644
-999.0	565.0	320.76546439311926	3.7340661591953763	-5.602216616604078	0.7447135779592928
-999.0	540.0	322.79840008646204	3.213193781508346	-5.641587205727908	0.7119751539495337
-999.0	515.0	324.863861434978	2.6802034583356695	-5.738383081555377	0.7107196509838065
-999.0	490.0	326.9737103640344	2.2132714178827126	-5.7631652453707405	0.6623557776212562
-999.0	465.0	329.09558035188525	1.8088246405124708	-5.6478222525782105	0.5418106675147826
-999.0	440.0	331.19459168470866	1.4491529544194577	-5.3411192907330935	0.38659748004540484
-999.0	415.0	333.2245038197915	1.139702035983406	-4.805382219288089	0.25255083756312713
-999.0	390.0	335.21553168043124	0.8999814444118093	-4.088161734739943	0.31111669044733575
-999.0	365.0	337.1263730462759	0.7237897402710393	-3.2463897294468382	0.6432381967703455
-999.0	340.0	338.9059532446176	0.587895424332884	-2.4769410742653797	1.2084419237242845
-999.0	315.0	340.5222391676825	0.48573130998346564	-1.8728535274664706	1.9024162430730267
-999.0	290.0	342.06588891289647	0.37443225632111254	-1.4306007470521906	2.4198484030034995
-999.0	265.0	343.61559951267304	0.2666922980712524	-1.1633516530196188	2.6694574758410634
-999.0	240.0	345.2020658881526	0.16699971076515008	-1.0632080859608477	2.8362074808942097
-999.0	215.0	346.7652265271413	0.08903894035352608	-0.9158827635977361	2.9699127259353943
-999.0	190.0	348.45648924776225	0.0443241833191779	-0.22454244295759795	2.808242538240236
-999.0	165.0	350.74782750036655	0.020782799687650448	1.296450127495614	2.1818313063846775
-999.0	140.0	354.9115156630436	0.009345788125776579	2.3372630172305096	1.7477763261646002
-999.0	115.0	366.0147145836853	0.005394171054164565	2.16324010954958	1.8999929102965425
-999.0	90.0	392.63531404042766	0.004997127456590523	3.231236219820027	1.581929654048531
-999.0	65.0	441.81240813702067	0.003101068119414978	1.6449974331590795	0.8898176260292424
-999.0	40.0	532.0215358002283	0.013338468389378634	-7.036527376704747	0.29090997527042234
-999.0	15.0	721.0339171595215	0.0668987735691996	-14.273931429121237	0.39744878543748113
245.45833333333334	40	1004.7756774902344	day	levels	pres0
-999.0	990.0	299.13614330732554	16.493175729115794	-2.8601174436509416	-0.7837381688257103
-999.0	965.0	300.5998435254384	15.327507432301848	-4.706312119960765	-1.4048668264721906
-999.0	940.0	301.78182672878785	14.636292902628595	-5.704867132504765	-2.0083197136720097
-999.0	915.0	302.7431747202432	14.034594122568778	-6.268020008007678	-2.5404780728509726
-999.0	890.0	303.62323878762646	13.409175078074144	-6.648758681615199	-2.8843116623660023
-999.0	865.0	304.5081783652805	12.701579570770264	-6.998664728800474	-2.943574438492468
-999.0	840.0	305.4150212934968	11.962414964040113	-7.363469783465094	-2.760104106863352
-999.0	815.0	306.36779620202134	11.173359362284327	-7.716586446762117	-2.419880544642621
-999.0	790.0	307.47748818873026	10.232369581858295	-7.980060331026747	-1.9454080055157508
-999.0	765.0	308.7706713051896	9.177451435724876	-8.081643001238538	-1.3705315197507737
-999.0	740.0	310.1260181111989	8.201516501108795	-7.965737732251517	-0.7791619968911234
-999.0	715.0	311.49569698474176	7.368390719095862	-7.668244997660348	-0.22416634907327532
-999.0	690.0	312.86036278803886	6.62335429986318	-7.270241562525454	0.2570949564377213
-999.0	665.0	314.19679294305325	5.980626519521078	-6.769763705134407	0.6283164381980642
-999.0	640.0	315.5991084762371	5.373699537913003	-6.302807377775517	0.84860282540319
-999.0	615.0	317.0952817933775	4.805582459767655	-5.918028094371159	0.8839235603809161
-999.0	590.0	318.8024290318696	4.266001892089837	-5.68162440458933	0.8554355780283448
-999.0	565.0	320.74890589234434	3.7409514983495002	-5.630928138891851	0.7864589373270543
-999.0	540.0	322.78336159279405	3.219017879168184	-5.66758924722671	0.7416426618893858
-999.0	515.0	324.8513172996344	2.6831471343835114	-5.758434547483917	0.7275010347366313
-999.0	490.0	326.9627701369754	2.2141840537389053	-5.777248976131277	0.6677365109324521
-999.0	465.0	329.08502930024855	1.8089404046535453	-5.657556255658466	0.538869500160234
-999.0	440.0	331.1855871857573	1.4481528908014278	-5.350520966760812	0.38068341215454027
-999.0	415.0	333.21853304874514	1.1371575713157653	-4.818546114365252	0.25043860276542884
-999.0	390.0	335.21172179573813	0.8973608920971557	-4.104051744937881	0.3182898301010569
-999.0	365.0	337.1225498289936	0.7223794420560206	-3.263046114643393	0.6633986175060416
-999.0	340.0	338.8997380074383	0.5870479111870136	-2.4964641670385745	1.2390125071009077
-999.0	315.0	340.5115129302348	0.4849891598025963	-1.8985542744397899	1.9370206271608739
-999.0	290.0	342.04996848924225	0.3737202733755116	-1.4635042930642583	2.4499944751461435
-999.0	265.0	343.5955935904041	0.26601392229398113	-1.201638409495338	2.6882511556148647
-999.0	240.0	345.1817525995787	0.16651448731621132	-1.100446303685493	2.8450549994905954
-999.0	215.0	346.7481786010991	0.08877934540311519	-0.9453903357187792	2.9721247926354653
-999.0	190.0	348.44097076300767	0.044250026096900416	-0.24828631877898188	2.7991453846296026
-999.0	165.0	350.7289747506067	0.02076703396936263	1.2614333550135446	2.1577340294917833
-999.0	140.0	354.89419253293727	0.00933213621998828	2.266229514280988	1.7191391520202586
-999.0	115.0	366.0176198138796	0.005391090828925366	2.0661132176717545	1.8788568502913296
-999.0	90.0	392.6707746857841	0.004998436570167537	3.1644856010874336	1.564094163974142
-999.0	65.0	441.843051689767	0.003088953384819134	1.623657224575684	0.8893188744783381
-999.0	40.0	532.0078511235341	0.013326499549051131	-7.036423284808795	0.29183957129717425
-999.0	15.0	720.9545358668937	0.06670193212727718	-14.284548584620145	0.41001044126850417
245.47222222222223	40	1005.016013590495	day	levels	pres0
-999.0	990.0	299.0765050694026	16.516445912255193	-2.8677033644169603	-0.7841610628697576
-999.0	965.0	300.5180147041184	15.324279838138155	-4.708350050449375	-1.4137946260058225
-999.0	940.0	301.7179410576334	14.624829811520044	-5.7120650940471265	-2.0300976813667404
-999.0	915.0	302.69379297343346	14.027481979793972	-6.273729986614654	-2.569509366263334
-999.0	890.0	303.5868018466199	13.40773237016466	-6.649643112553493	-2.912810020852429
-999.0	865.0	304.48110176805784	12.705472532908125	-6.993724189864263	-2.963801200356756
-999.0	840.0	305.39097545745267	11.973534478081604	-7.351873225635948	-2.768249487214621
-999.0	815.0	306.34081980644896	11.195118056403278	-7.698118352890007	-2.415477158294782
-999.0	790.0	307.4461230271794	10.262209012773317	-7.954759242799534	-1.9272027062045127
-999.0	765.0	308.73863301424313	9.206128321753623	-8.051880338456881	-1.3372590508725763
-999.0	740.0	310.09586638523257	8.22285605536568	-7.9361095084084265	-0.7315430291824667
-999.0	715.0	311.46889196805085	7.380241364902926	-7.6427026695675195	-0.16406630509426956
-999.0	690.0	312.83668064769637	6.628503192795651	-7.252273665534118	0.3262040939596257
-999.0	665.0	314.1756807295965	5.982270818286475	-6.763574814796445	0.701445628205966
-999.0	640.0	315.57988552504264	5.375096299913196	-6.309493059747753	0.9200124760469102
-999.0	615.0	317.0772300408053	4.8105455451541514	-5.937577478422068	0.9468487262726095
-999.0	590.0	318.78519530970715	4.272785206635798	-5.709171303775588	0.9082340028551106
-999.0	565.0	320.73234739156936	3.7478368375036486	-5.6596396611796616	0.8282042966948769
-999.0	540.0	322.76832309912606	3.2248419768280483	-5.693591288725546	0.7713101698292718
-999.0	515.0	324.83877316429096	2.6860908104313768	-5.778486013412484	0.7442824184894592
-999.0	490.0	326.95182990991634	2.2150966895951183	-5.7913327068918345	0.6731172442436194
-999.0	465.0	329.0744782486119	1.8090561687946325	-5.667290258738734	0.5359283328056277
-999.0	440.0	331.176582686806	1.447152827183406	-5.3599226427885425	0.3747693442636
-999.0	415.0	333.2125622776987	1.1346131066481266	-4.83171000944244	0.24832636796765456
-999.0	390.0	335.20791191104513	0.894740339782502	-4.1199417551358595	0.32546296975472
-999.0	365.0	337.11872661171134	0.7209691438410013	-3.279702499840001	0.683559038241712
-999.0	340.0	338.89352277025904	0.5862003980411423	-2.515987259811834	1.2695830904775325
-999.0	315.0	340.500786692787	0.4842470096217262	-1.9242550214131793	1.9716250112487363
-999.0	290.0	342.0340480655879	0.3730082904299101	-1.4964078390764024	2.4801405472888036
-999.0	265.0	343.5755876681351	0.2653355465167099	-1.2399251659711394	2.7070448353886705
-999.0	240.0	345.16143931100476	0.16602926386727226	-1.1376845214102205	2.8539025180869704
-999.0	215.0	346.7311306750567	0.08851975045270387	-0.9748979078398983	2.9743368593355077
-999.0	190.0	348.42545227825315	0.0441758688746227	-0.2720301946004351	2.790048231018917
-999.0	165.0	350.71012200084675	0.020751268251074675	1.2264165825313882	2.1336367525988114
-999.0	140.0	354.8768694028309	0.00931848431419995	2.1951960113313254	1.6905019778758206
-999.0	115.0	366.02052504407396	0.005388010603686172	1.9689863257937659	1.8577207902860247
-999.0	90.0	392.70623533114065	0.004999745683744548	3.097734982354752	1.546258673899698
-999.0	65.0	441.87369524251335	0.0030768386502232794	1.6023170159922637	0.8888201229274284
-999.0	40.0	531.9941664468396	0.01331453070872359	-7.036319192912843	0.29276916732391056
-999.0	15.0	720.8751545742655	0.06650509068535426	-14.29516574011909	0.4225720970994991
245.48611111111111	40	1005.2563496907552	day	levels	pres0
-999.0	990.0	299.0168668314797	16.539716095394542	-2.8752892851829284	-0.7845839569138315
-999.0	965.0	300.4361858827985	15.321052243974478	-4.710387980937928	-1.422722425539477
-999.0	940.0	301.6540553864792	14.613366720411527	-5.719263055589439	-2.0518756490614796
-999.0	915.0	302.64441122662396	14.02036983701919	-6.279439965221602	-2.5985406596756917
-999.0	890.0	303.55036490561343	13.40628966225519	-6.65052754349179	-2.9413083793388504
-999.0	865.0	304.45402517083517	12.70936549504598	-6.988783650928093	-2.9840279622210404
-999.0	840.0	305.36692962140864	11.98465399212306	-7.340276667806871	-2.7763948675658976
-999.0	815.0	306.3138434108767	11.216876750522163	-7.679650259017985	-2.411073771946963
-999.0	790.0	307.41475786562853	10.292048443688252	-7.929458154572426	-1.9089974068933149
-999.0	765.0	308.70659472329675	9.234805207782294	-8.022117675675332	-1.3039865819944454
-999.0	740.0	310.0657146592664	8.244195609622514	-7.90648128456544	-0.6839240614739011
-999.0	715.0	311.44208695136	7.392092010709969	-7.617160341474785	-0.10396626111537788
-999.0	690.0	312.81299850735405	6.633652085728115	-7.234305768542852	0.39531323148139863
-999.0	665.0	314.1545685161396	5.9839151170518665	-6.757385924458526	0.7745748182137283
-999.0	640.0	315.5606625738483	5.376493061913384	-6.316178741719998	0.9914221266904942
-999.0	615.0	317.0591782882332	4.815508630540631	-5.957126862472958	1.0097738921641843
-999.0	590.0	318.76796158754473	4.2795685211817345	-5.736718202961808	0.96103242768178
-999.0	565.0	320.71578889079433	3.754722176657774	-5.6883511834674305	0.8699496560626298
-999.0	540.0	322.7532846054581	3.230666074487889	-5.719593330224343	0.800977677769118
-999.0	515.0	324.82622902894724	2.68903448647922	-5.79853747934102	0.7610638022422809
-999.0	490.0	326.9408896828573	2.2160093254513127	-5.805416437652367	0.6784979775548152
-999.0	465.0	329.0639271969751	1.8091719329357083	-5.677024261818987	0.5329871654510804
-999.0	440.0	331.16757818785464	1.4461527635653773	-5.369324318816261	0.36885527637273624
-999.0	415.0	333.20659150665233	1.1320686419804862	-4.844873904519603	0.24621413316995433
-999.0	390.0	335.204102026352	0.8921197874678489	-4.135831765333799	0.33263610940843613
-999.0	365.0	337.1149033944292	0.7195588456259828	-3.2963588850365553	0.7037194589774
-999.0	340.0	338.88730753307976	0.5853528848952716	-2.5355103525850273	1.300153673854146
-999.0	315.0	340.49006045533923	0.4835048594408565	-1.9499557683864963	2.006229395336574
-999.0	290.0	342.01812764193363	0.3722963074843088	-1.5293113850884672	2.5102866194314384
-999.0	265.0	343.5555817458661	0.26465717073943845	-1.278211922446852	2.725838515162466
-999.0	240.0	345.1411260224309	0.16554404041833323	-1.1749227391348547	2.86275003668335
-999.0	215.0	346.71408274901444	0.08826015550229281	-1.0044054799609303	2.976548926035572
-999.0	190.0	348.4099337934985	0.044101711652345194	-0.295774070421817	2.780951077408277
-999.0	165.0	350.69126925108696	0.020735502532786852	1.191399810049309	2.1095394757059114
-999.0	140.0	354.8595462727246	0.009304832408411646	2.1241625083817905	1.6618648037314745
-999.0	115.0	366.02343027426815	0.005384930378446974	1.8718594339159342	1.836584730280808
-999.0	90.0	392.7416959764972	0.0050010547973215625	3.030984363622161	1.5284231838253064
-999.0	65.0	441.90433879525983	0.003064723915627431	1.5809768074088713	0.8883213713765211
-999.0	40.0	531.9804817701455	0.013302561868396096	-7.036215101016895	0.2936987633506547
-999.0	15.0	720.7957732816377	0.06630824924343179	-14.305782895618009	0.4351337529305125
245.5	40	1005.4966857910157	day	levels	pres0
-999.0	990.0	298.95722859355675	16.562986278533938	-2.8828752059489497	-0.7850068509578706
-999.0	965.0	300.3543570614784	15.317824649810792	-4.7124259114265445	-1.431650225073099
-999.0	940.0	301.59016971532486	14.60190362930298	-5.726461017131806	-2.0736536167562005
-999.0	915.0	302.5950294798142	14.013257694244388	-6.285149943828583	-2.6275719530880446
-999.0	890.0	303.513927964607	13.404846954345706	-6.651411974430084	-2.9698067378252744
-999.0	865.0	304.4269485736123	12.713258457183839	-6.983843111991883	-3.004254724085331
-999.0	840.0	305.3428837853645	11.995773506164552	-7.3286801099777215	-2.7845402479171755
-999.0	815.0	306.2868670153044	11.238635444641114	-7.661182165145874	-2.4066703855991367
-999.0	790.0	307.3833927040778	10.321887874603272	-7.904157066345215	-1.8907921075820926
-999.0	765.0	308.67455643235024	9.263482093811035	-7.992355012893676	-1.2707141131162643
-999.0	740.0	310.03556293330007	8.265535163879395	-7.876853060722351	-0.6363050937652589
-999.0	715.0	311.41528193466917	7.403942656517028	-7.591618013381958	-0.04386621713638318
-999.0	690.0	312.7893163670116	6.6388009786605835	-7.216337871551515	0.464422369003296
-999.0	665.0	314.1334563026827	5.985559415817261	-6.75119703412056	0.8477040082216263
-999.0	640.0	315.54143962265385	5.3778898239135735	-6.322864423692228	1.062831777334213
-999.0	615.0	317.041126535661	4.820471715927125	-5.976676246523858	1.072699058055878
-999.0	590.0	318.7507278653824	4.286351835727692	-5.764265102148057	1.0138308525085449
-999.0	565.0	320.6992303900194	3.7616075158119204	-5.717062705755234	0.9116950154304504
-999.0	540.0	322.7382461117901	3.2364901721477497	-5.745595371723176	0.8306451857089996
-999.0	515.0	324.81368489360375	2.691978162527084	-5.8185889452695845	0.7778451859951021
-999.0	490.0	326.92994945579824	2.2169219613075257	-5.819500168412924	0.6838787108659745
-999.0	465.0	329.0533761453384	1.809287697076798	-5.686758264899254	0.530045998096466
-999.0	440.0	331.15857368890323	1.4451526999473574	-5.3787259948439905	0.3629412084817887
-999.0	415.0	333.2006207356059	1.1295241773128513	-4.8580377995967865	0.24410189837217322
-999.0	390.0	335.2002921416589	0.8894992351531984	-4.15172177553177	0.3398092490620912
-999.0	365.0	337.11108017714685	0.718148547410965	-3.3130152702331546	0.7238798797130583
-999.0	340.0	338.8810922959005	0.5845053717494011	-2.5550334453582764	1.330724257230759
-999.0	315.0	340.4793342178915	0.4827627092599869	-1.9756565153598786	2.040833779424429
-999.0	290.0	342.00220721827935	0.37158432453870777	-1.5622149311006075	2.5404326915740967
-999.0	265.0	343.5355758235972	0.26397879496216775	-1.3164986789226532	2.7446321949362753
-999.0	240.0	345.12081273385695	0.16505881696939467	-1.2121609568595886	2.871597555279732
-999.0	215.0	346.6970348229721	0.0880005605518818	-1.0339130520820623	2.9787609927356247
-999.0	190.0	348.39441530874393	0.04402755443006754	-0.31951794624328644	2.7718539237976074
-999.0	165.0	350.6724165013271	0.0207197368144989	1.1563830375671387	2.0854421988129617
-999.0	140.0	354.84222314261825	0.009291180502623321	2.0531290054321287	1.6332276295870545
-999.0	115.0	366.0263355044625	0.0053818501532077795	1.7747325420379638	1.8154486702755093
-999.0	90.0	392.77715662185363	0.005002363910898567	2.9642337448894978	1.5105876937508582
-999.0	65.0	441.93498234800614	0.0030526091810315847	1.559636598825455	0.8878226198256016
-999.0	40.0	531.9667970934511	0.01329059302806854	-7.036111009120941	0.2946283593773842
-999.0	15.0	720.7163919890096	0.06611140780150891	-14.316400051116945	0.4476954087615013
245.51388888888889	40	1005.4436055501303	day	levels	pres0
-999.0	990.0	299.083156969161	16.524273363749163	-2.8657570828994277	-0.799061415711855
-999.0	965.0	300.4239169890724	15.324631224738233	-4.644948032167221	-1.430639742480414
-999.0	940.0	301.62674336040317	14.642048496670219	-5.631293129920942	-2.051718770133147
-999.0	915.0	302.62496813983256	14.07714325586958	-6.183846513430249	-2.5886555174986636
-999.0	890.0	303.546666453386	13.473350217607308	-6.558306635750635	-2.9195671238833
-999.0	865.0	304.468976304384	12.764514361487489	-6.90845598379769	-2.953208272821362
-999.0	840.0	305.39327675530257	12.028927305009606	-7.267147768868327	-2.738527317179553
-999.0	815.0	306.3425389045784	11.26165896521671	-7.604694255193056	-2.367175404230723
-999.0	790.0	307.44506500837355	10.337948491838214	-7.849623065524604	-1.8567072073618165
-999.0	765.0	308.74295173911077	9.272799189885438	-7.941037334336143	-1.2411475209725762
-999.0	740.0	310.1093567059347	8.27120460934108	-7.828169727325406	-0.6100281489391658
-999.0	715.0	311.4909667535365	7.410257426897674	-7.544324559635554	-0.02080197814434112
-999.0	690.0	312.86582337325154	6.643194553587164	-7.171567335393667	0.4803679837121173
-999.0	665.0	314.2100381785368	5.984924271371628	-6.710519851578586	0.8512103077438222
-999.0	640.0	315.6194438810034	5.373221158981324	-6.285601207945066	1.0525279561678489
-999.0	615.0	317.12271805729597	4.812946229510839	-5.941256156398173	1.048444292942665
-999.0	590.0	318.837607714179	4.27807438373566	-5.72767143266066	0.9806871950626164
-999.0	565.0	320.7926849509827	3.7543269316355454	-5.675512677431067	0.8766462827722081
-999.0	540.0	322.8353155832469	3.2317836370733146	-5.697379879156694	0.7968848102622468
-999.0	515.0	324.9095396301542	2.6918344424830662	-5.762736831770932	0.7480797449747674
-999.0	490.0	327.020501193411	2.2193999919626597	-5.757800239324489	0.6598357430762706
-999.0	465.0	329.13447938938896	1.8128618233733873	-5.622307613823064	0.5131761431694063
-999.0	440.0	331.22888663707806	1.4497606310579674	-5.314913271946958	0.35328322955304525
-999.0	415.0	333.26013270452484	1.1349812762604958	-4.7994669298330255	0.24025870913433925
-999.0	390.0	335.2502985700831	0.8951632178492123	-4.104952714095462	0.33699540537265565
-999.0	365.0	337.15420307427735	0.7234044505490267	-3.284965908361774	0.7156090921825817
-999.0	340.0	338.9215599855354	0.5882149116860534	-2.548456861244292	1.3114788035551554
-999.0	315.0	340.52097270707065	0.48410721553696645	-1.990872300333443	2.0096825818220485
-999.0	290.0	342.04485639337	0.3713918553458318	-1.5971714470121605	2.5097327831718257
-999.0	265.0	343.5755554568683	0.26296469983127313	-1.365597167279986	2.7308348754213445
-999.0	240.0	345.1509649410179	0.16407368328008307	-1.2608119593726248	2.878954484831078
-999.0	215.0	346.7107388167203	0.08744868354664853	-1.0606714990403914	2.997041177087314
-999.0	190.0	348.3941294684513	0.0438390943946108	-0.3183607286877218	2.7938916997776695
-999.0	165.0	350.66960904336185	0.02067351858648988	1.1618963691923072	2.1154276890886843
-999.0	140.0	354.84598438658253	0.009264002140197495	2.038708562321112	1.6666677471664013
-999.0	115.0	366.0324784135157	0.00536560722523265	1.7551201490892407	1.8354080195228144
-999.0	90.0	392.76225639729483	0.004985436310784669	2.9741785572635124	1.5160412404272257
-999.0	65.0	441.8698387913456	0.0030523321255006694	1.594068402051973	0.8879182732767474
-999.0	40.0	531.9252386649916	0.013264531228277409	-7.000190127723709	0.27459138466250116
-999.0	15.0	720.6915313716117	0.06606335424714618	-14.292000256644313	0.4128932967781649
245.52777777777777	40	1005.3905253092448	day	levels	pres0
-999.0	990.0	299.20908534476507	16.485560448964453	-2.84863895984988	-0.8131159804657859
-999.0	965.0	300.49347691666617	15.331437799665661	-4.577470152907928	-1.4296292598876665
-999.0	940.0	301.6633170054815	14.682193364037394	-5.53612524271015	-2.0297839235100517
-999.0	915.0	302.6549067998507	14.14102881749469	-6.082543083032013	-2.5497390819092676
-999.0	890.0	303.579404942165	13.541853480868848	-6.465201297071283	-2.869327509941339
-999.0	865.0	304.5110040351555	12.815770265791135	-6.8330688556035675	-2.902161821557431
-999.0	840.0	305.44366972524057	12.062081103854702	-7.205615427758985	-2.692514386441988
-999.0	815.0	306.39821079385223	11.284682485792366	-7.548206345240299	-2.327680422862386
-999.0	790.0	307.5067373126692	10.354009109073214	-7.795089064704072	-1.8226223071416365
-999.0	765.0	308.81134704587123	9.282116285959876	-7.889719655778696	-1.211580928828995
-999.0	740.0	310.18315047856913	8.276874054802787	-7.779486393928551	-0.5837512041131785
-999.0	715.0	311.5666515724037	7.416572197278339	-7.497031105889235	0.002262260847610109
-999.0	690.0	312.9423303794913	6.647588128513759	-7.126796799235893	0.49631359842087674
-999.0	665.0	314.2866200543908	5.984289126926	-6.66984266903667	0.8547166072659994
-999.0	640.0	315.6974481393528	5.368552494049074	-6.248337992197952	1.0422241350015045
-999.0	615.0	317.204309578931	4.805420743094554	-5.9058360662725375	1.0241895278294988
-999.0	590.0	318.92448756297546	4.269796931743625	-5.691077763173328	0.947543537616745
-999.0	565.0	320.8861395119458	3.747046347459159	-5.633962649106995	0.8415975501140118
-999.0	540.0	322.93238505470356	3.2270771019988596	-5.649164386590341	0.7631244348155277
-999.0	515.0	325.0053943667046	2.691690722439023	-5.7068847182724465	0.7183143039544547
-999.0	490.0	327.11105293102366	2.2218780226177612	-5.696100310236244	0.6357927752865776
-999.0	465.0	329.2155826334392	1.8164359496699412	-5.557856962747075	0.49630628824234535
-999.0	440.0	331.2991995852528	1.454368562168542	-5.251100549050122	0.34362525062428695
-999.0	415.0	333.3196446734437	1.14043837520811	-4.7408960600694305	0.23641551989647847
-999.0	390.0	335.3003049985071	0.9008272005452019	-4.05818365265928	0.33418156168319735
-999.0	365.0	337.19732597140785	0.7286603536870716	-3.256916546490471	0.707338304652106
-999.0	340.0	338.9620276751702	0.5919244516226959	-2.5418802771303444	1.292233349879586
-999.0	315.0	340.56261119624963	0.4854517218139425	-2.0060880853070127	1.9785313842197356
-999.0	290.0	342.0875055684606	0.37119938615295583	-1.6321279629237024	2.479032874769645
-999.0	265.0	343.6155350901394	0.26195060470038006	-1.4146956556373007	2.7170375559065105
-999.0	240.0	345.18111714817877	0.16308854959077332	-1.3094629618856475	2.8863114143825173
-999.0	215.0	346.72444281046853	0.08689680654141659	-1.0874299459987138	3.0153213614390846
-999.0	190.0	348.3938436281586	0.043650634359154505	-0.3172035111321384	2.8159294757578004
-999.0	165.0	350.6668015853965	0.020627300358480878	1.1674097008175255	2.1454131793644597
-999.0	140.0	354.8497456305467	0.009236823777771661	2.0242881192101385	1.70010786474578
-999.0	115.0	366.0386213225691	0.005349364297257537	1.7355077561405037	1.8553673687701357
-999.0	90.0	392.747356172736	0.004968508710670813	2.9841233696374596	1.5214947871035962
-999.0	65.0	441.8046952346852	0.003052055069969759	1.628500205278382	0.8880139267279018
-999.0	40.0	531.8836802365322	0.013238469428486308	-6.96426924632657	0.2545544099476681
-999.0	15.0	720.6666707542137	0.06601530069278348	-14.267600462171778	0.3780911847949177
245.54166666666666	40	1005.3374450683594	day	levels	pres0
-999.0	990.0	299.3350137203694	16.446847534179664	-2.8315208368003493	-0.8271705452197832
-999.0	965.0	300.5630368442601	15.3382443745931	-4.509992273648574	-1.4286187772949885
-999.0	940.0	301.69989065055984	14.722338231404642	-5.440957355499244	-2.0078490768869965
-999.0	915.0	302.68484545986905	14.204914379119902	-5.981239652633637	-2.510822646319877
-999.0	890.0	303.61214343094406	13.610356744130481	-6.372095958391795	-2.819087895999348
-999.0	865.0	304.55303176592713	12.867026170094821	-6.75768172740934	-2.851115370293443
-999.0	840.0	305.4940626951786	12.09523490269979	-7.144083086649559	-2.646501455704349
-999.0	815.0	306.45388268312644	11.307706006367995	-7.491718435287455	-2.2881854414939613
-999.0	790.0	307.5684096169649	10.37006972630818	-7.740555063883436	-1.7885374069213549
-999.0	765.0	308.87974235263175	9.291433382034295	-7.838401977221142	-1.1820143366853046
-999.0	740.0	310.25694425120383	8.282543500264481	-7.73080306053159	-0.5574742592870847
-999.0	715.0	311.64233639127104	7.422886967658986	-7.4497376521428205	0.025326499839653488
-999.0	690.0	313.01883738573116	6.651981703440339	-7.082026263078037	0.5122592131296995
-999.0	665.0	314.363201930245	5.9836539824803605	-6.6291654864946885	0.8582229067881948
-999.0	640.0	315.77545239770234	5.363883829116816	-6.2110747764507845	1.0319203138351343
-999.0	615.0	317.285901100566	4.797895256678257	-5.870415976146851	0.9999347627162739
-999.0	590.0	319.0113674117721	4.2615194797515805	-5.654484093685937	0.9143998801708005
-999.0	565.0	320.97959407290915	3.7397657632827697	-5.592412620782836	0.8065488174557534
-999.0	540.0	323.0294545261604	3.2223705669244085	-5.600948894023871	0.7293640593687628
-999.0	515.0	325.10124910325516	2.6915470023949934	-5.651032604773803	0.6885488629341152
-999.0	490.0	327.2016046686365	2.2243560532728854	-5.634400381147818	0.6117498074968757
-999.0	465.0	329.2966858774897	1.8200100759665228	-5.493406311670891	0.4794364333152911
-999.0	440.0	331.36951253342755	1.458976493279147	-5.187287826153092	0.3339672716955493
-999.0	415.0	333.3791566423626	1.1458954741557514	-4.6823251903056695	0.2325723306586465
-999.0	390.0	335.3503114269312	0.9064911832412148	-4.0114145912229695	0.33136771799376186
-999.0	365.0	337.2404488685383	0.7339162568251335	-3.228867184619084	0.699067517121629
-999.0	340.0	339.0024953648051	0.5956339915593487	-2.535303693016351	1.2729878962039791
-999.0	315.0	340.60424968542884	0.48679622809092243	-2.021303870280569	1.9473801866173475
-999.0	290.0	342.1301547435512	0.37100691696007976	-1.6670844788352537	2.4483329663673707
-999.0	265.0	343.65551472341065	0.2609365095694849	-1.4637941439946411	2.7032402363915917
-999.0	240.0	345.2112693553397	0.16210341590146124	-1.3581139643986928	2.8936683439338906
-999.0	215.0	346.73814680421685	0.08634492953618311	-1.1141883929570386	3.033601545790802
-999.0	190.0	348.39355778786586	0.04346217432369774	-0.31604629357654734	2.8379672517378878
-999.0	165.0	350.66399412743135	0.02058108213047187	1.1729230324427273	2.1753986696402117
-999.0	140.0	354.85350687451097	0.009209645415345831	2.0098676760991343	1.7335479823251556
-999.0	115.0	366.0447642316223	0.005333121369282397	1.7158953631917673	1.8753267180174573
-999.0	90.0	392.7324559481773	0.004951581110556901	2.9940681820114676	1.5269483337799667
-999.0	65.0	441.7395516780246	0.0030517780144388405	1.6629320085049037	0.8881095801790482
-999.0	40.0	531.8421218080728	0.013212407628695154	-6.928348364929326	0.2345174352327832
-999.0	15.0	720.6418101368158	0.06596724713842066	-14.243200667699147	0.3432890728115783
245.55555555555554	40	1005.284364827474	day	levels	pres0
-999.0	990.0	299.4609420959734	16.408134619394957	-2.8144027137507996	-0.8412251099737141
-999.0	965.0	300.63259677185397	15.34505094952052	-4.44251439438928	-1.427608294702241
-999.0	940.0	301.73646429563814	14.762483098771812	-5.345789468288452	-1.9859142302639008
-999.0	915.0	302.7147841198874	14.268799940745016	-5.8799362222354	-2.471906210730481
-999.0	890.0	303.644881919723	13.678860007392023	-6.2789906197124425	-2.7688482820573874
-999.0	865.0	304.5950594966987	12.918282074398466	-6.682294599215217	-2.800068919029512
-999.0	840.0	305.5444556651166	12.128388701544882	-7.082550745540216	-2.600488524966784
-999.0	815.0	306.5095545724003	11.330729526943653	-7.435230525334697	-2.2486904601256237
-999.0	790.0	307.63008192126046	10.38613034354318	-7.686021063062903	-1.7544525067011747
-999.0	765.0	308.94813765939216	9.30075047810874	-7.787084298663697	-1.1524477445417238
-999.0	740.0	310.33073802383836	8.288212945726189	-7.682119727134734	-0.5311973144610973
-999.0	715.0	311.71802121013815	7.4292017380396524	-7.402444198396502	0.04839073883160473
-999.0	690.0	313.095344391971	6.656375278366933	-7.037255726920263	0.5282048278384588
-999.0	665.0	314.439783806099	5.983018838034732	-6.588488303952771	0.8617292063103719
-999.0	640.0	315.8534566560518	5.359215164184565	-6.173811560703671	1.02161649266879
-999.0	615.0	317.36749262220087	4.790369770261971	-5.834995886021216	0.9756799976031084
-999.0	590.0	319.0982472605684	4.253242027759544	-5.617890424198605	0.881256222724929
-999.0	565.0	321.07304863387225	3.732485179106383	-5.550862592458765	0.7715000847975573
-999.0	540.0	323.1265239976171	3.2176640318499534	-5.552733401457518	0.6956036839220436
-999.0	515.0	325.1971038398055	2.6914032823509495	-5.5951804912753165	0.6587834219138029
-999.0	490.0	327.2921564062492	2.2268340839279874	-5.572700452059573	0.5877068397071827
-999.0	465.0	329.37778912154016	1.8235842022630773	-5.428955660594902	0.4625665783882301
-999.0	440.0	331.43982548160227	1.4635844243897216	-5.123475103256255	0.324309292766791
-999.0	415.0	333.43866861128146	1.1513525731033656	-4.623754320542074	0.22872914142078565
-999.0	390.0	335.4003178553553	0.9121551659372047	-3.964645529786788	0.3285538743043036
-999.0	365.0	337.28357176566874	0.7391721599631784	-3.2008178227477817	0.690796729591153
-999.0	340.0	339.04296305443995	0.5993435314959911	-2.5287271089024026	1.2537424425284092
-999.0	315.0	340.6458881746079	0.48814073436789834	-2.0365196552541383	1.9162289890150344
-999.0	290.0	342.17280391864176	0.37081444776720374	-1.7020409947467952	2.4176330579651903
-999.0	265.0	343.69549435668176	0.25992241443859176	-1.5128926323519558	2.689442916876758
-999.0	240.0	345.24142156250053	0.16111828221215152	-1.406764966911716	2.9010252734853292
-999.0	215.0	346.751850797965	0.08579305253095115	-1.140946839915362	3.0518817301425725
-999.0	190.0	348.3932719475732	0.04327371428824145	-0.3148890760209637	2.8600050277180196
-999.0	165.0	350.6611866694661	0.02053486390246287	1.178436364067946	2.2053841599159867
-999.0	140.0	354.8572681184753	0.009182467052919996	1.9954472329881598	1.766988099904534
-999.0	115.0	366.05090714067563	0.005316878441307285	1.6962829702430302	1.895286067264779
-999.0	90.0	392.7175557236185	0.004934653510443046	3.0040129943854152	1.5324018804563382
-999.0	65.0	441.67440812136414	0.003051500958907931	1.6973638117313126	0.8882052336302029
-999.0	40.0	531.8005633796133	0.013186345828904053	-6.892427483532188	0.2144804605179501
-999.0	15.0	720.6169495194182	0.06591919358405796	-14.218800873226616	0.3084869608283311
245.56944444444446	40	1005.2312845865886	day	levels	pres0
-999.0	990.0	299.5868704715777	16.36942170461018	-2.797284590701262	-0.8552796747276779
-999.0	965.0	300.70215669944787	15.351857524447988	-4.375036515129916	-1.426597812109521
-999.0	940.0	301.77303794071645	14.802627966139076	-5.250621581077546	-1.963979383640814
-999.0	915.0	302.7447227799056	14.332685502370223	-5.778632791837019	-2.4329897751410727
-999.0	890.0	303.6776204085019	13.747363270653633	-6.1858852810329505	-2.7186086681153947
-999.0	865.0	304.6370872274704	12.969537978702123	-6.606907471020989	-2.7490224677655317
-999.0	840.0	305.59484863505463	12.161542500389933	-7.0210184044307935	-2.554475594229154
-999.0	815.0	306.5652264616744	11.35375304751924	-7.3787426153818565	-2.2091954787572043
-999.0	790.0	307.6917542255563	10.402190960778112	-7.631487062242272	-1.7203676064808933
-999.0	765.0	309.0165329661528	9.310067574183133	-7.735766620106141	-1.1228811523980309
-999.0	740.0	310.404531796473	8.293882391187877	-7.633436393737764	-0.5049203696350006
-999.0	715.0	311.79370602900565	7.43551650842031	-7.355150744650069	0.07145497782364972
-999.0	690.0	313.17185139821095	6.66076885329353	-6.992485190762387	0.5441504425472835
-999.0	665.0	314.5163656819532	5.982383693589109	-6.547811121410769	0.8652355058325727
-999.0	640.0	315.9314609144014	5.354546499252325	-6.1365483449564815	1.0113126715024288
-999.0	615.0	317.4490841438359	4.782844283845696	-5.799575795895499	0.9514252324898939
-999.0	590.0	319.18512710936517	4.244964575767526	-5.581296754711174	0.8481125652789927
-999.0	565.0	321.1665031948356	3.7252045949300245	-5.509312564134559	0.736451352139298
-999.0	540.0	323.22359346907393	3.2129574967755348	-5.504517908890993	0.661843308475265
-999.0	515.0	325.292958576356	2.691259562306949	-5.539328377776617	0.6290179808934329
-999.0	490.0	327.38270814386203	2.2293121145831365	-5.511000522971088	0.5636638719174396
-999.0	465.0	329.4588923655907	1.8271583285596775	-5.364505009518663	0.44569672346113504
-999.0	440.0	331.51013842977704	1.468192355500339	-5.059662380359175	0.3146513138380236
-999.0	415.0	333.4981805802004	1.1568096720510153	-4.565183450778269	0.2248859521829444
-999.0	390.0	335.4503242837794	0.9178191486332224	-3.9178764683504483	0.3257400306148738
-999.0	365.0	337.32669466279935	0.7444280631012444	-3.1727684608763913	0.6825259420606875
-999.0	340.0	339.08343074407486	0.6030530714326474	-2.5221505247884313	1.2344969888528163
-999.0	315.0	340.68752666378697	0.48948524064488097	-2.051735440227734	1.8850777914126602
-999.0	290.0	342.2154530937324	0.37062197857433	-1.7369975106583928	2.3869331495629242
-999.0	265.0	343.73547398995294	0.2589083193076985	-1.5619911207093389	2.6756455973618385
-999.0	240.0	345.27157376966153	0.16013314852284052	-1.4554159694248012	2.9083822030367
-999.0	215.0	346.7655547917133	0.08524117552571807	-1.1677052868737317	3.0701619144942973
-999.0	190.0	348.39298610728065	0.04308525425278469	-0.31373185846542573	2.882042803698112
-999.0	165.0	350.6583792115008	0.02048864567445383	1.183949695693102	2.2353696501917213
-999.0	140.0	354.8610293624395	0.009155288690494168	1.9810267898771352	1.8004282174838815
-999.0	115.0	366.0570500497289	0.005300635513332152	1.6766705772942967	1.9152454165120885
-999.0	90.0	392.7026554990597	0.004917725910329149	3.0139578067594233	1.5378554271327163
-999.0	65.0	441.6092645647036	0.0030512239033770277	1.7317956149578357	0.8883008870813625
-999.0	40.0	531.7590049511539	0.013160284029112916	-6.856506602134945	0.19444348580306048
-999.0	15.0	720.5920889020205	0.06587114002969538	-14.194401078753977	0.27368484884497823
245.58333333333334	40	1005.1782043457032	day	levels	pres0
-999.0	990.0	299.7127988471818	16.33070878982546	-2.7801664676517035	-0.869334239481618
-999.0	965.0	300.77171662704166	15.35866409937541	-4.3075586358706035	-1.4255873295167811
-999.0	940.0	301.80961158579476	14.842772833506254	-5.155453693866734	-1.9420445370177248
-999.0	915.0	302.7746614399239	14.396571063995337	-5.6773293614387645	-2.3940733395516824
-999.0	890.0	303.71035889728097	13.815866533915178	-6.092779942353581	-2.6683690541734366
-999.0	865.0	304.679114958242	13.020793883005776	-6.531520342826851	-2.6979760165016
-999.0	840.0	305.6452416049925	12.194696299235037	-6.959486063321434	-2.5084626634915885
-999.0	815.0	306.62089835094827	11.37677656809491	-7.322254705429084	-2.169700497388869
-999.0	790.0	307.75342652985194	10.418251578013123	-7.576953061421726	-1.6862827062607166
-999.0	765.0	309.08492827291315	9.319384670257586	-7.684448941548683	-1.0933145602544543
-999.0	740.0	310.4783255691075	8.299551836649592	-7.5847530603409	-0.4786434248090168
-999.0	715.0	311.86939084787275	7.44183127880098	-7.307857290903747	0.0945192168155999
-999.0	690.0	313.24835840445064	6.665162428220127	-6.947714654604613	0.5600960572560438
-999.0	665.0	314.5929475578072	5.9817485491434805	-6.50713393886886	0.8687418053547518
-999.0	640.0	316.0094651727508	5.349877834320074	-6.099285129209378	1.0010088503360852
-999.0	615.0	317.5306756654709	4.775318797429408	-5.764155705769881	0.9271704673767246
-999.0	590.0	319.2720069581616	4.236687123775486	-5.5447030852238655	0.8149689078331146
-999.0	565.0	321.2599577557987	3.717924010753635	-5.467762535810512	0.7014026194810955
-999.0	540.0	323.3206629405306	3.2082509617010766	-5.456302416324668	0.6280829330285429
-999.0	515.0	325.38881331290645	2.6911158422629033	-5.483476264278155	0.5992525398731253
-999.0	490.0	327.47325988147463	2.231790145238237	-5.449300593882865	0.539620904127759
-999.0	465.0	329.53999560964104	1.8307324548562303	-5.300054358442688	0.4288268685340908
-999.0	440.0	331.58045137795165	1.4728002866109136	-4.995849657462348	0.3049933349092826
-999.0	415.0	333.5576925491192	1.1622667709986296	-4.506612581014684	0.2210427629450987
-999.0	390.0	335.5003307122035	0.9234831313292129	-3.871107406914277	0.3229261869254306
-999.0	365.0	337.3698175599298	0.7496839662392901	-3.1447190990050946	0.6742551545302298
-999.0	340.0	339.12389843370977	0.6067626113692907	-2.515573940674486	1.2152515351772646
-999.0	315.0	340.72916515296606	0.49082974692185793	-2.066951225201305	1.85392659381036
-999.0	290.0	342.25810226882294	0.3704295093814545	-1.771954026569937	2.3562332411607536
-999.0	265.0	343.7754536232241	0.25789422417680535	-1.61108960906666	2.6618482778470165
-999.0	240.0	345.30172597682235	0.15914801483353072	-1.5040669719378297	2.9157391325881528
-999.0	215.0	346.77925878546154	0.08468929852048605	-1.194463733832051	3.0884420988460763
-999.0	190.0	348.3927002669879	0.04289679421732838	-0.3125746409098271	2.904080579678241
-999.0	165.0	350.65557175353547	0.020442427446444863	1.1894630273183397	2.2653551404674923
-999.0	140.0	354.86479060640374	0.009128110328068352	1.9666063467661723	1.8338683350632612
-999.0	115.0	366.06319295878205	0.005284392585357038	1.657058184345552	1.935204765759418
-999.0	90.0	392.68775527450083	0.004900798310215288	3.0239026191333616	1.543308973809095
-999.0	65.0	441.54412100804313	0.00305094684784612	1.7662274181842401	0.8883965405325234
-999.0	40.0	531.7174465226946	0.01313422222932182	-6.820585720737803	0.1744065110882272
-999.0	15.0	720.5672282846226	0.06582308647533269	-14.17000128428144	0.23888273686172906
245.59722222222223	40	1005.1251241048178	day	levels	pres0
-999.0	990.0	299.838727222786	16.291995875040676	-2.763048344602182	-0.8833888042356062
-999.0	965.0	300.84127655463567	15.365470674302847	-4.240080756611268	-1.4245768469240956
-999.0	940.0	301.84618523087306	14.882917700873495	-5.060285806655847	-1.9201096903946633
-999.0	915.0	302.8046000999422	14.46045662562055	-5.576025931040408	-2.355156903962286
-999.0	890.0	303.74309738606	13.884369797176811	-5.9996746036741095	-2.6181294402314426
-999.0	865.0	304.72114268901356	13.072049787309453	-6.456133214632641	-2.646929565237613
-999.0	840.0	305.6956345749306	12.227850098080115	-6.897953722212025	-2.4624497327539503
-999.0	815.0	306.6765702402224	11.39980008867052	-7.265766795476253	-2.130205516020442
-999.0	790.0	307.8150988341476	10.43431219524808	-7.522419060601106	-1.6521978060404314
-999.0	765.0	309.1533235796737	9.328701766331992	-7.633131262991141	-1.0637479681107593
-999.0	740.0	310.55211934174207	8.305221282111276	-7.536069726943948	-0.45236647998291957
-999.0	715.0	311.9450756667401	7.4481460491816245	-7.260563837157336	0.11758345580764418
-999.0	690.0	313.3248654106907	6.669556003146704	-6.902944118446754	0.5760416719648657
-999.0	665.0	314.66952943366135	5.981113404697843	-6.466456756326871	0.8722481048769447
-999.0	640.0	316.0874694311004	5.345209169387816	-6.0620219134622015	0.9907050291697143
-999.0	615.0	317.6122671871059	4.767793311013114	-5.728735615644178	0.9029157022635035
-999.0	590.0	319.3588868069582	4.228409671783446	-5.50810941573645	0.7818252503871764
-999.0	565.0	321.35341231676205	3.710643426577248	-5.426212507486328	0.6663538868228434
-999.0	540.0	323.41773241198746	3.2035444266266286	-5.4080869237581695	0.5943225575817808
-999.0	515.0	325.484668049457	2.6909721222188754	-5.427624150779488	0.569487098852781
-999.0	490.0	327.56381161908746	2.2342681758933627	-5.387600664794417	0.5155779363380447
-999.0	465.0	329.6210988536916	1.8343065811528132	-5.235603707366488	0.41195701360702003
-999.0	440.0	331.65076432612653	1.477408217721518	-4.932036934565308	0.2953353559805275
-999.0	415.0	333.6172045180381	1.167723869946271	-4.448041711250913	0.21719957370725174
-999.0	390.0	335.55033714062756	0.9291471140252251	-3.8243383454779565	0.32011234323597987
-999.0	365.0	337.41294045706036	0.7549398693773511	-3.116669737133701	0.6659843669997345
-999.0	340.0	339.1643661233446	0.6104721513059428	-2.5089973565604904	1.1960060815016402
-999.0	315.0	340.7708036421451	0.49217425319883684	-2.08216701017486	1.822775396207959
-999.0	290.0	342.30075144391355	0.37023704018857795	-1.8069105424814855	2.3255333327584693
-999.0	265.0	343.8154332564952	0.2568801290459103	-1.660188097423993	2.6480509583320853
-999.0	240.0	345.3318781839833	0.15816288114421873	-1.5527179744508697	2.9230960621395115
-999.0	215.0	346.79296277920974	0.08413742151525266	-1.2212221807903791	3.106722283197785
-999.0	190.0	348.3924144266952	0.042708334181871616	-0.31141742335425104	2.9261183556583297
-999.0	165.0	350.65276429557025	0.020396209218435817	1.1949763589435223	2.2953406307432487
-999.0	140.0	354.86855185036796	0.009100931965642503	1.9521859036551572	1.8673084526426358
-999.0	115.0	366.06933586783543	0.005268149657381898	1.6374457913968234	1.9551641150067316
-999.0	90.0	392.672855049942	0.0048838707101013824	3.033847431507379	1.548762520485458
-999.0	65.0	441.47897745138255	0.003050669792315199	1.8006592214107664	0.8884921939836634
-999.0	40.0	531.6758880942349	0.013108160429530663	-6.784664839340565	0.15436953637334255
-999.0	15.0	720.5423676672247	0.06577503292096985	-14.145601489808813	0.20408062487839157
245.61111111111111	40	1005.0720438639325	day	levels	pres0
-999.0	990.0	299.9646555983901	16.253282960255966	-2.7459302215526344	-0.8974433689895372
-999.0	965.0	300.91083648222946	15.372277249230274	-4.1726028773519745	-1.4235663643313476
-999.0	940.0	301.8827588759514	14.92306256824067	-4.965117919445056	-1.8981748437715675
-999.0	915.0	302.8345387599604	14.524342187245658	-5.474722500642169	-2.31624046837289
-999.0	890.0	303.77583587483906	13.952873060438352	-5.906569264994756	-2.5678898262894827
-999.0	865.0	304.7631704197852	13.123305691613098	-6.380746086438517	-2.595883113973683
-999.0	840.0	305.7460275448686	12.261003896925207	-6.8364213811026815	-2.4164368020163853
-999.0	815.0	306.7322421294963	11.422823609246182	-7.209278885523498	-2.090710534652105
-999.0	790.0	307.8767711384432	10.450372812483076	-7.467885059780572	-1.6181129058202512
-999.0	765.0	309.2217188864342	9.338018862406432	-7.581813584433696	-1.0341813759671783
-999.0	740.0	310.62591311437666	8.310890727572984	-7.4873863935470935	-0.42608953515693215
-999.0	715.0	312.02076048560735	7.4544608195622875	-7.213270383411017	0.1406476947995955
-999.0	690.0	313.40137241693037	6.673949578073298	-6.858173582288981	0.591987286673625
-999.0	665.0	314.74611130951536	5.980478260252213	-6.425779573784955	0.8757544043991221
-999.0	640.0	316.1654736894498	5.340540504455566	-6.024758697715088	0.98040120800337
-999.0	615.0	317.6938587087407	4.760267824596828	-5.693315525518542	0.8786609371503376
-999.0	590.0	319.4457666557547	4.2201322197914095	-5.4715157462491195	0.7486815929413047
-999.0	565.0	321.4468668777252	3.703362842400862	-5.384662479162256	0.6313051541646473
-999.0	540.0	323.5148018834442	3.1988378915521745	-5.359871431191817	0.5605621821350614
-999.0	515.0	325.5805227860074	2.690828402174832	-5.371772037281001	0.5397216578324686
-999.0	490.0	327.65436335670023	2.2367462065484647	-5.325900735706173	0.4915349685483518
-999.0	465.0	329.7022020977419	1.8378807074493673	-5.1711530562905	0.39508715867995897
-999.0	440.0	331.7210772743012	1.4820161488320929	-4.86822421166847	0.28567737705176927
-999.0	415.0	333.67671648695693	1.173180968893885	-4.389470841487318	0.21335638446939093
-999.0	390.0	335.6003435690517	0.934811096721215	-3.7775692840417743	0.31729849954652173
-999.0	365.0	337.4560633541908	0.760195772515396	-3.0886203752623986	0.6577135794692583
-999.0	340.0	339.2048338129795	0.614181691242585	-2.502420772446542	1.1767606278260705
-999.0	315.0	340.81244213132425	0.4935187594758128	-2.0973827951484303	1.7916241986056458
-999.0	290.0	342.3434006190041	0.37004457099570187	-1.8418670583930274	2.294833424356289
-999.0	265.0	343.8554128897664	0.25586603391501705	-1.7092865857813084	2.6342536388172517
-999.0	240.0	345.3620303911441	0.15717774745490898	-1.6013689769638928	2.9304529916909496
-999.0	215.0	346.8066667729579	0.08358554451002072	-1.247980627748702	3.125002467549556
-999.0	190.0	348.39212858640263	0.04251987414641532	-0.3102602057986674	2.9481561316384606
-999.0	165.0	350.649956837605	0.02034999099042682	1.2004896905687406	2.325326121019024
-999.0	140.0	354.8723130943322	0.009073753603216671	1.9377654605441836	1.9007485702220144
-999.0	115.0	366.07547877688864	0.005251906729406786	1.6178333984480862	1.9751234642540534
-999.0	90.0	392.6579548253833	0.004866943109987526	3.043792243881326	1.5542160671618286
-999.0	65.0	441.41383389472213	0.0030503927367842897	1.835091024637175	0.8885878474348179
-999.0	40.0	531.6343296657757	0.013082098629739563	-6.748743957943425	0.13433256165850946
-999.0	15.0	720.5175070498268	0.06572697936660715	-14.121201695336282	0.16927851289514442
245.625	40	1005.018963623047	day	levels	pres0
-999.0	990.0	300.09058397399434	16.214570045471195	-2.728812098503113	-0.9114979337435217
-999.0	965.0	300.98039640982336	15.379083824157716	-4.105124998092651	-1.4225558817386628
-999.0	940.0	301.9193325210298	14.963207435607911	-4.869950032234192	-1.8762399971485137
-999.0	915.0	302.86447741997875	14.588227748870851	-5.373419070243836	-2.277324032783508
-999.0	890.0	303.808574363618	14.021376323699952	-5.813463926315308	-2.5176502123475077
-999.0	865.0	304.8051981505568	13.174561595916748	-6.305358958244324	-2.5448366627097134
-999.0	840.0	305.79642051480664	12.294157695770267	-6.774889039993286	-2.3704238712787626
-999.0	815.0	306.7879140187703	11.445847129821779	-7.152790975570678	-2.0512155532836913
-999.0	790.0	307.93844344273896	10.466433429718018	-7.413351058959961	-1.5840280055999758
-999.0	765.0	309.29011419319465	9.347335958480837	-7.530495905876161	-1.0046147838234902
-999.0	740.0	310.6997068870113	8.316560173034668	-7.438703060150147	-0.39981259033083916
-999.0	715.0	312.0964453044746	7.460775589942933	-7.165976929664613	0.16371193379163745
-999.0	690.0	313.47787942317024	6.6783431529998785	-6.813403046131134	0.6079329013824464
-999.0	665.0	314.82269318536936	5.97984311580658	-6.385102391242982	0.879260703921318
-999.0	640.0	316.24347794779936	5.335871839523315	-5.987495481967927	0.9700973868370057
-999.0	615.0	317.7754502303758	4.752742338180543	-5.657895435392858	0.8544061720371243
-999.0	590.0	319.5326465045513	4.211854767799377	-5.434922076761722	0.7155379354953764
-999.0	565.0	321.54032143868847	3.696082258224488	-5.34311245083809	0.5962564215064049
-999.0	540.0	323.611871354901	3.194131356477737	-5.311655938625336	0.5268018066883087
-999.0	515.0	325.67637752255786	2.6906846821308137	-5.3159199237823485	0.5099562168121339
-999.0	490.0	327.74491509431294	2.2392242372035986	-5.264200806617737	0.4674920007586479
-999.0	465.0	329.78330534179236	1.841454833745957	-5.1067024052143095	0.3782173037528992
-999.0	440.0	331.7913902224759	1.4866240799427033	-4.804411488771438	0.2760193981230259
-999.0	415.0	333.7362284558759	1.17863806784153	-4.330899971723557	0.20951319523155687
-999.0	390.0	335.65034999747576	0.9404750794172289	-3.7308002226054673	0.3144846558570862
-999.0	365.0	337.49918625132125	0.7654516756534576	-3.0605710133910184	0.6494427919387817
-999.0	340.0	339.2453015026143	0.6178912311792374	-2.4958441883325575	1.157515174150467
-999.0	315.0	340.85408062050334	0.4948632657527924	-2.112598580121994	1.7604730010032656
-999.0	290.0	342.38604979409473	0.36985210180282596	-1.876823574304581	2.2641335159540175
-999.0	265.0	343.8953925230376	0.2548519387841225	-1.758385074138641	2.620456319302321
-999.0	240.0	345.39218259830506	0.15619261376559737	-1.6500199794769288	2.937809921242297
-999.0	215.0	346.8203707667062	0.08303366750478747	-1.2747390747070315	3.143282651901245
-999.0	190.0	348.39184274610994	0.04233141411095858	-0.3091029882431031	2.9701939076185226
-999.0	165.0	350.6471493796397	0.020303772762417797	1.2060030221939089	2.3553116112947463
-999.0	140.0	354.87607433829646	0.009046575240790845	1.9233450174331665	1.9341886878013612
-999.0	115.0	366.0816216859419	0.005235663801431657	1.5982210054993629	1.995082813501358
-999.0	90.0	392.6430546008245	0.0048500155098736295	3.0537370562553408	1.559669613838196
-999.0	65.0	441.34869033806154	0.003050115681253374	1.8695228278636935	0.8886835008859634
-999.0	40.0	531.5927712373161	0.013056036829948423	-6.712823076546194	0.11429558694362642
-999.0	15.0	720.4926464324291	0.06567892581224442	-14.096801900863648	0.13447640091180801
245.63888888888889	40	1004.5775336371527	day	levels	pres0
-999.0	990.0	300.2165895430573	16.15412042405867	-2.711957531505177	-0.9258337640514214
-999.0	965.0	301.04996798423406	15.377976205613889	-4.0378864420784835	-1.421584101186888
-999.0	940.0	301.9559072015043	15.002318032582627	-4.775012916988779	-1.8543024534980677
-999.0	915.0	302.89445155563976	14.653446080949603	-5.272181608941792	-2.2384266028801716
-999.0	890.0	303.84135947743465	14.091546132829475	-5.720218941900437	-2.46744766599602
-999.0	865.0	304.84726157772076	13.226163281334763	-6.229882521099494	-2.4939084773262223
-999.0	840.0	305.84688369624797	12.325700399610705	-6.713248589303744	-2.324570107294432
-999.0	815.0	306.8436678725725	11.464787398444248	-7.096138087908408	-2.0118485758701654
-999.0	790.0	308.0001512924042	10.478280787997742	-7.358614831500555	-1.5500028600708904
-999.0	765.0	309.3585325614628	9.354008483886695	-7.478845243983767	-0.9750144838458501
-999.0	740.0	310.77350102919314	8.320217635896455	-7.389618386162617	-0.3733417017591864
-999.0	715.0	312.17211706155956	7.46556243366664	-7.118339265717367	0.187132316331108
-999.0	690.0	313.55434985962523	6.681202085812877	-6.768296816613911	0.6244312910570312
-999.0	665.0	314.89923696078785	5.97729167938232	-6.344056817723623	0.8835586041212168
-999.0	640.0	316.3214825913475	5.328896469540066	-5.949876489241901	0.9606807629267304
-999.0	615.0	317.8570421416198	4.742530825403001	-5.6221893906593134	0.8309804479280937
-999.0	590.0	319.619540152311	4.200552846325771	-5.398095844851573	0.6831561012400323
-999.0	565.0	321.63378997037535	3.6855057252778014	-5.301359507772618	0.5618645946184652
-999.0	540.0	323.70898045348207	3.1863860037591825	-5.263199616803008	0.4936311582724171
-999.0	515.0	325.77224537501525	2.6884804904461035	-5.259721598360202	0.48075933692355527
-999.0	490.0	327.8354273365212	2.2403835448954	-5.202144055896254	0.443956128425068
-999.0	465.0	329.8643811553031	1.8441861583127095	-5.04197649210683	0.36175685798128837
-999.0	440.0	331.86170188447744	1.4907476319207262	-4.740419435169881	0.26671494030291043
-999.0	415.0	333.7957264743951	1.1839267068439203	-4.272254810896116	0.2059940775546062
-999.0	390.0	335.70034178188445	0.9461700194411921	-3.6839947486088818	0.3119657371814152
-999.0	365.0	337.5422944507274	0.7708602198296196	-3.032472484641573	0.6414374201662001
-999.0	340.0	339.28573873331817	0.6217253140277373	-2.4892060617605694	1.138471992024102
-999.0	315.0	340.89576509847564	0.49620623671346376	-2.127735796570774	1.7294441247565588
-999.0	290.0	342.4287158726673	0.36960511919524913	-1.911695667770175	2.2334971855083703
-999.0	265.0	343.93537166075083	0.2537595645421073	-1.807398071553973	2.6066867479019225
-999.0	240.0	345.42238501963595	0.1551296025928515	-1.6985744290881668	2.94519529822795
-999.0	215.0	346.83409264666506	0.082448913281162	-1.3014049801561562	3.1616160233815056
-999.0	190.0	348.3915212098417	0.042142196041014275	-0.30787965456645805	2.9923198037676952
-999.0	165.0	350.6441748245906	0.020256707372350816	1.211512584156432	2.385438373684852
-999.0	140.0	354.87987304603456	0.009017766525761955	1.9088961243629243	1.9677852104107338
-999.0	115.0	366.0877850388582	0.005218435694567026	1.5786054871148636	2.015067986481708
-999.0	90.0	392.62813143727385	0.004831623906890535	3.0636826296647715	1.5651243625829583
-999.0	65.0	441.28359564878645	0.003048629272315233	1.903955220845058	0.888778823614115
-999.0	40.0	531.551102657778	0.013031392730772487	-6.676899583803245	0.09425870014559438
-999.0	15.0	720.4678201490134	0.06564474552869796	-14.072400236129718	0.09967413962711488
245.65277777777777	40	1004.1361036512591	day	levels	pres0
-999.0	990.0	300.34259511212	16.093670802646237	-2.695102964507215	-0.9401695943592666
-999.0	965.0	301.11953955864453	15.376868587070042	-3.9706478860643437	-1.4206123206350516
-999.0	940.0	301.99248188197873	15.041428629557279	-4.680075801743438	-1.8323649098475814
-999.0	915.0	302.92442569130066	14.718664413028272	-5.170944147639844	-2.19952917297682
-999.0	890.0	303.87414459125114	14.161715941958933	-5.62697395748566	-2.417245119644549
-999.0	865.0	304.8893250048847	13.27776496675278	-6.154406083954736	-2.4429802919427703
-999.0	840.0	305.8973468776891	12.357243103451195	-6.651608138614257	-2.2787163433101596
-999.0	815.0	306.8994217263745	11.483727667066784	-7.0394852002462	-1.9724815984567154
-999.0	790.0	308.0618591420694	10.490128146277536	-7.303878604041229	-1.5159777145419002
-999.0	765.0	309.4269509297308	9.360681009292604	-7.42719458209146	-0.9454141838683162
-999.0	740.0	310.8472951713748	8.323875098758274	-7.34053371217518	-0.3468708131876388
-999.0	715.0	312.2477888186443	7.470349277390374	-7.07070160177021	0.2105526988704884
-999.0	690.0	313.63082029608	6.684061018625894	-6.723190587096764	0.640929680731553
-999.0	665.0	314.9757807362061	5.974740242958069	-6.303011244204327	0.8878565043210955
-999.0	640.0	316.3994872348955	5.321921099556819	-5.912257496515925	0.9512641390164728
-999.0	615.0	317.9386340528637	4.732319312625465	-5.586483345925822	0.8075547238191071
-999.0	590.0	319.7064338000706	4.189250924852163	-5.36126961294149	0.6507742669847423
-999.0	565.0	321.72725850206206	3.674929192331105	-5.259606564707242	0.5274727677305697
-999.0	540.0	323.80608955206304	3.1786406510406087	-5.214743294980812	0.4604605098565568
-999.0	515.0	325.86811322747263	2.686276298761367	-5.203523272938224	0.45156245703499726
-999.0	490.0	327.92593957872936	2.2415428525871683	-5.140087305174963	0.42042025609149747
-999.0	465.0	329.94545696881363	1.8469174828794244	-4.977250578999551	0.3452964122096748
-999.0	440.0	331.9320135464789	1.4948711838987114	-4.676427381568516	0.25741048248277876
-999.0	415.0	333.8552244929143	1.189215345846279	-4.213609650068842	0.2024749598776276
-999.0	390.0	335.75033356629297	0.9518649594651298	-3.6371892746124224	0.3094468185057204
-999.0	365.0	337.58540265013346	0.7762687640057642	-3.004373955892206	0.6334320483936182
-999.0	340.0	339.326175964022	0.625559396876227	-2.4825679351886163	1.1194288098977703
-999.0	315.0	340.9374495764479	0.49754920767413124	-2.1428730130195595	1.69841524850992
-999.0	290.0	342.47138195123966	0.3693581365876723	-1.9465677612357566	2.202860855062813
-999.0	265.0	343.975350798464	0.2526671903000939	-1.8564110689692872	2.5929171765016217
-999.0	240.0	345.4525874409668	0.15406659142010773	-1.7471288786993924	2.952580675213694
-999.0	215.0	346.84781452662395	0.08186415905753794	-1.3280708856052743	3.179949394861845
-999.0	190.0	348.3911996735735	0.041952977971070414	-0.3066563208897948	3.014445699916935
-999.0	165.0	350.6412002695416	0.020209641982283862	1.2170221461190045	2.4155651360750103
-999.0	140.0	354.8836717537728	0.008988957810733058	1.8944472312927256	2.0013817330201373
-999.0	115.0	366.09394839177446	0.005201207587702416	1.55898996873035	2.035053159462075
-999.0	90.0	392.6132082737232	0.004813232303907485	3.0736282030741338	1.5705791113277243
-999.0	65.0	441.21850095951146	0.003047142863377101	1.9383876138263132	0.8888741463422751
-999.0	40.0	531.5094340782396	0.013006748631596579	-6.6409760910603906	0.07422181334761235
-999.0	15.0	720.4429938655978	0.06561056524515153	-14.047998571395889	0.06487187834251096
245.66666666666666	40	1003.6946736653645	day	levels	pres0
-999.0	990.0	300.468600681183	16.033221181233692	-2.6782483975092686	-0.9545054246671792
-999.0	965.0	301.18911113305523	15.375760968526205	-3.903409330050144	-1.419640540083284
-999.0	940.0	302.0290565624534	15.080539226532	-4.5851386864979835	-1.8104273661971335
-999.0	915.0	302.9543998269617	14.783882745107046	-5.069706686337759	-2.160631743073474
-999.0	890.0	303.9069297050678	14.231885751088491	-5.533728973070752	-2.3670425732930456
-999.0	865.0	304.93138843204883	13.329366652170828	-6.078929646809874	-2.3920521065592606
-999.0	840.0	305.9478100591304	12.388785807291663	-6.589967687924684	-2.232862579325813
-999.0	815.0	306.9551755801768	11.502667935689278	-6.982832312583901	-1.9331146210431782
-999.0	790.0	308.1235669917347	10.501975504557281	-7.249142376581801	-1.4819525690128086
-999.0	765.0	309.49536929799893	9.367353534698479	-7.375543920199048	-0.9158138838906738
-999.0	740.0	310.9210893135567	8.327532561620071	-7.291449038187636	-0.320399924615985
-999.0	715.0	312.3234605757293	7.475136121114084	-7.023063937822956	0.23397308140996076
-999.0	690.0	313.70729073253494	6.686919951438893	-6.6780843575795314	0.657428070406139
-999.0	665.0	315.0523245116245	5.972188806533804	-6.261965670684962	0.8921544045209934
-999.0	640.0	316.4774918784437	5.314945729573562	-5.8746385037898925	0.9418475151061922
-999.0	615.0	318.0202259641077	4.722107799847913	-5.5507773011922765	0.7841289997100648
-999.0	590.0	319.79332744783034	4.177949003378542	-5.3244433810313465	0.6183924327293826
-999.0	565.0	321.82072703374905	3.6643526593844005	-5.21785362164178	0.49308094084261395
-999.0	540.0	323.90319865064413	3.1708952983220353	-5.166286973158493	0.42728986144065295
-999.0	515.0	325.96398107992997	2.6840721070766422	-5.147324947516087	0.4223655771464143
-999.0	490.0	328.0164518209376	2.2427021602789576	-5.078030554453487	0.39688438375791973
-999.0	465.0	330.02653278232435	1.8496488074461674	-4.912524665892075	0.3288359664380696
-999.0	440.0	332.00232520848044	1.498994735876727	-4.61243532796696	0.24810602466266896
-999.0	415.0	333.9147225114337	1.194503984848666	-4.154964489241401	0.19895584220067916
-999.0	390.0	335.80032535070166	0.9575598994890916	-3.5903838006158346	0.3069278998300492
-999.0	365.0	337.6285108495397	0.781677308181926	-2.9762754271427547	0.6254266766210358
-999.0	340.0	339.36661319472586	0.6293934797247274	-2.4759298086166197	1.100385627771402
-999.0	315.0	340.9791340544201	0.49889217863480284	-2.1580102294683305	1.667386372263206
-999.0	290.0	342.5140480298122	0.36911115398009536	-1.981439854701349	2.172224524617162
-999.0	265.0	344.0153299361773	0.25157481605807824	-1.9054240663846254	2.579147605101235
-999.0	240.0	345.48278986229775	0.1530035802473614	-1.7956833283106395	2.959966052199374
-999.0	215.0	346.8615364065828	0.08127940483391226	-1.3547367910543944	3.198282766342134
-999.0	190.0	348.3908781373053	0.04176375990112608	-0.3054329872131234	3.036571596066133
-999.0	165.0	350.63822571449253	0.0201625765922169	1.2225317080815625	2.4456918984651446
-999.0	140.0	354.8874704615108	0.00896014909570416	1.8799983382224958	2.0349782556295386
-999.0	115.0	366.10011174469076	0.005183979480837774	1.5393744503458384	2.055038332442441
-999.0	90.0	392.5982851101725	0.004794840700924378	3.0835737764835582	1.57603386007249
-999.0	65.0	441.1534062702363	0.0030456564544389577	1.9728200068076815	0.8889694690704275
-999.0	40.0	531.4677654987014	0.012982104532420618	-6.605052598317433	0.054184926549578544
-999.0	15.0	720.4181675821824	0.06557638496160499	-14.023596906661957	0.03006961705781476
245.68055555555554	40	1003.2532436794708	day	levels	pres0
-999.0	990.0	300.59460625024565	15.972771559821256	-2.6613938305113054	-0.9688412549750245
-999.0	965.0	301.25868270746565	15.374653349982355	-3.836170774036004	-1.4186687595314478
-999.0	940.0	302.06563124292785	15.119649823506652	-4.4902015712526415	-1.7884898225466472
-999.0	915.0	302.9843739626226	14.849101077185713	-4.968469225035811	-2.1217343131701227
-999.0	890.0	303.93971481888434	14.30205556021795	-5.440483988655976	-2.3168400269415743
-999.0	865.0	304.9734518592128	13.380968337588845	-6.003453209665115	-2.3411239211758095
-999.0	840.0	305.99827324057156	12.420328511132151	-6.528327237235197	-2.18700881534154
-999.0	815.0	307.0109294339788	11.52160820431182	-6.926179424921692	-1.8937476436297283
-999.0	790.0	308.18527484139986	10.513822862837074	-7.194406149122475	-1.4479274234838184
-999.0	765.0	309.56378766626693	9.374026060104386	-7.323893258306744	-0.8862135839131399
-999.0	740.0	310.99488345573843	8.331190024481888	-7.242364364200199	-0.2939290360444374
-999.0	715.0	312.3991323328141	7.479922964837816	-6.975426273875798	0.25739346394934093
-999.0	690.0	313.7837611689897	6.689778884251909	-6.632978128062384	0.673926460080661
-999.0	665.0	315.1288682870427	5.969637370109555	-6.2209200971656635	0.896452304720872
-999.0	640.0	316.5554965219917	5.307970359590315	-5.837019511063917	0.932430891195935
-999.0	615.0	318.1018178753516	4.711896287070375	-5.515071256458785	0.7607032756010784
-999.0	590.0	319.8802210955899	4.166647081904933	-5.287617149121262	0.5860105984740925
-999.0	565.0	321.91419556543576	3.653776126437705	-5.176100678576403	0.4586891139547187
-999.0	540.0	324.00030774922516	3.1631499456034624	-5.117830651336296	0.3941192130247925
-999.0	515.0	326.05984893238735	2.681867915391906	-5.091126622094108	0.3931686972578564
-999.0	490.0	328.1069640631458	2.243861467970726	-5.015973803732196	0.3733485114243492
-999.0	465.0	330.10760859583496	1.8523801320128823	-4.847798752784796	0.3123755206664559
-999.0	440.0	332.07263687048186	1.503118287854712	-4.548443274365597	0.23880156684253714
-999.0	415.0	333.9742205299528	1.1997926238510248	-4.096319328414127	0.19543672452370042
-999.0	390.0	335.85031713511023	0.9632548395130295	-3.543578326619376	0.3044089811543546
-999.0	365.0	337.67161904894584	0.7870858523580705	-2.948176898393387	0.617421304848454
-999.0	340.0	339.40705042542965	0.6332275625732171	-2.4692916820446666	1.08134244564507
-999.0	315.0	341.0208185323924	0.5002351495954703	-2.1731474459171163	1.6363574960165668
-999.0	290.0	342.55671410838465	0.3688641713725186	-2.0163119481669316	2.1415881941716055
-999.0	265.0	344.0553090738904	0.2504824418160648	-1.954437063799939	2.5653780337009344
-999.0	240.0	345.5129922836286	0.15194056907461762	-1.8442377779218646	2.967351429185119
-999.0	215.0	346.8752582865417	0.0806946506102882	-1.381402696503513	3.2166161378224745
-999.0	190.0	348.3905566010372	0.04157454183118221	-0.3042096535364598	3.0586974922153733
-999.0	165.0	350.6352511594433	0.02011551120214993	1.2280412700441348	2.475818660855303
-999.0	140.0	354.8912691692489	0.008931340380675263	1.865549445152297	2.068574778238942
-999.0	115.0	366.10627509760707	0.005166751373973163	1.5197589319613247	2.0750235054228074
-999.0	90.0	392.58336194662195	0.004776449097941327	3.0935193498929214	1.5814886088172557
-999.0	65.0	441.0883115809613	0.0030441700455008255	2.0072523997889364	0.8890647917985872
-999.0	40.0	531.426096919163	0.012957460433244711	-6.569129105574578	0.03414803975159652
-999.0	15.0	720.3933412987666	0.06554220467805855	-13.999195241928128	-0.004732644226789151
